sample_idx,cluster
0,1
1,19
2,13
3,13
4,14
5,13
6,1
7,19
8,13
9,13
10,14
11,13
12,1
13,19
14,13
15,13
16,14
17,13
18,1
19,19
20,13
21,13
22,14
23,13
24,1
25,19
26,13
27,13
28,14
29,13
30,1
31,19
32,13
33,13
34,14
35,13
36,1
37,19
38,13
39,13
40,14
41,13
42,1
43,19
44,13
45,13
46,14
47,13
48,1
49,19
50,13
51,13
52,14
53,13
54,1
55,19
56,13
57,13
58,14
59,13
60,1
61,19
62,13
63,13
64,14
65,13
66,1
67,19
68,13
69,13
70,14
71,13
72,1
73,19
74,2
75,2
76,8
77,2
78,1
79,19
80,2
81,2
82,8
83,2
84,1
85,19
86,2
87,2
88,8
89,2
90,1
91,19
92,2
93,2
94,8
95,2
96,1
97,19
98,2
99,2
100,8
101,2
102,1
103,19
104,2
105,2
106,8
107,2
108,1
109,19
110,2
111,2
112,8
113,2
114,1
115,19
116,2
117,2
118,8
119,2
120,1
121,19
122,2
123,2
124,8
125,2
126,1
127,19
128,2
129,2
130,8
131,2
132,1
133,19
134,2
135,2
136,8
137,2
138,1
139,19
140,2
141,2
142,8
143,2
144,1
145,19
146,2
147,2
148,14
149,2
150,1
151,19
152,2
153,2
154,14
155,2
156,1
157,19
158,2
159,2
160,14
161,2
162,1
163,19
164,2
165,2
166,14
167,2
168,1
169,19
170,2
171,2
172,14
173,2
174,1
175,19
176,2
177,2
178,14
179,2
180,1
181,19
182,2
183,2
184,14
185,2
186,1
187,19
188,2
189,2
190,14
191,2
192,1
193,19
194,2
195,2
196,14
197,2
198,1
199,19
200,2
201,2
202,14
203,2
204,1
205,19
206,2
207,2
208,14
209,2
210,1
211,19
212,2
213,2
214,14
215,2
216,1
217,19
218,13
219,13
220,14
221,13
222,1
223,19
224,13
225,13
226,14
227,13
228,1
229,19
230,13
231,13
232,14
233,13
234,1
235,19
236,13
237,13
238,14
239,13
240,1
241,19
242,13
243,13
244,14
245,13
246,1
247,19
248,13
249,13
250,14
251,13
252,1
253,19
254,13
255,13
256,14
257,13
258,1
259,19
260,13
261,13
262,14
263,13
264,1
265,19
266,13
267,13
268,14
269,13
270,1
271,19
272,13
273,13
274,14
275,13
276,1
277,19
278,13
279,13
280,14
281,13
282,1
283,19
284,13
285,13
286,14
287,13
288,1
289,19
290,2
291,2
292,14
293,2
294,1
295,19
296,2
297,2
298,14
299,2
300,1
301,19
302,2
303,2
304,14
305,2
306,1
307,19
308,2
309,2
310,14
311,2
312,1
313,19
314,2
315,2
316,14
317,2
318,1
319,19
320,2
321,2
322,14
323,2
324,1
325,19
326,2
327,2
328,14
329,2
330,1
331,19
332,2
333,2
334,14
335,2
336,1
337,19
338,2
339,2
340,14
341,2
342,1
343,19
344,2
345,2
346,14
347,2
348,1
349,19
350,2
351,2
352,14
353,2
354,1
355,19
356,2
357,2
358,14
359,2
360,1
361,19
362,2
363,2
364,2
365,2
366,1
367,19
368,2
369,2
370,2
371,2
372,1
373,19
374,2
375,2
376,2
377,2
378,1
379,19
380,2
381,2
382,2
383,2
384,1
385,19
386,2
387,2
388,2
389,2
390,1
391,19
392,2
393,2
394,2
395,2
396,1
397,19
398,2
399,2
400,2
401,2
402,1
403,19
404,2
405,2
406,2
407,2
408,1
409,19
410,2
411,2
412,2
413,2
414,1
415,19
416,2
417,2
418,2
419,2
420,1
421,19
422,2
423,2
424,2
425,2
426,1
427,19
428,2
429,2
430,2
431,2
432,1
433,19
434,2
435,2
436,2
437,2
438,1
439,19
440,2
441,2
442,2
443,2
444,1
445,19
446,2
447,2
448,2
449,2
450,1
451,19
452,2
453,2
454,2
455,2
456,1
457,19
458,2
459,2
460,2
461,2
462,1
463,19
464,2
465,2
466,2
467,2
468,1
469,19
470,2
471,2
472,2
473,2
474,1
475,19
476,2
477,2
478,2
479,2
480,1
481,19
482,2
483,2
484,2
485,2
486,1
487,19
488,2
489,2
490,2
491,2
492,1
493,19
494,2
495,2
496,2
497,2
498,1
499,19
500,2
501,2
502,2
503,2
504,1
505,19
506,13
507,13
508,14
509,13
510,1
511,19
512,13
513,13
514,14
515,13
516,1
517,19
518,13
519,13
520,14
521,13
522,1
523,19
524,13
525,13
526,14
527,13
528,1
529,19
530,13
531,13
532,14
533,13
534,1
535,19
536,13
537,13
538,14
539,13
540,1
541,19
542,13
543,13
544,14
545,13
546,1
547,19
548,13
549,13
550,14
551,13
552,1
553,19
554,13
555,13
556,14
557,13
558,1
559,19
560,13
561,13
562,14
563,13
564,1
565,19
566,13
567,13
568,14
569,13
570,1
571,19
572,13
573,13
574,14
575,13
576,1
577,19
578,13
579,13
580,14
581,13
582,1
583,19
584,13
585,13
586,14
587,13
588,1
589,19
590,13
591,13
592,14
593,13
594,1
595,19
596,13
597,13
598,14
599,13
600,1
601,19
602,13
603,13
604,14
605,13
606,1
607,19
608,13
609,13
610,14
611,13
612,1
613,19
614,13
615,13
616,14
617,13
618,1
619,19
620,13
621,13
622,14
623,13
624,1
625,19
626,13
627,13
628,14
629,13
630,1
631,19
632,13
633,13
634,14
635,13
636,1
637,19
638,13
639,13
640,14
641,13
642,1
643,19
644,13
645,13
646,14
647,13
648,1
649,19
650,2
651,2
652,2
653,2
654,1
655,19
656,2
657,2
658,2
659,2
660,1
661,19
662,2
663,2
664,2
665,2
666,1
667,19
668,2
669,2
670,2
671,2
672,1
673,19
674,2
675,2
676,2
677,2
678,1
679,19
680,2
681,2
682,2
683,2
684,1
685,19
686,2
687,2
688,2
689,2
690,1
691,19
692,2
693,2
694,2
695,2
696,1
697,19
698,2
699,2
700,2
701,2
702,1
703,19
704,2
705,2
706,2
707,2
708,1
709,19
710,2
711,2
712,2
713,2
714,1
715,19
716,2
717,2
718,2
719,2
720,1
721,19
722,2
723,13
724,14
725,13
726,1
727,19
728,2
729,13
730,14
731,13
732,1
733,19
734,2
735,13
736,14
737,13
738,1
739,19
740,2
741,13
742,14
743,13
744,1
745,19
746,2
747,13
748,14
749,13
750,1
751,19
752,2
753,13
754,14
755,13
756,1
757,19
758,2
759,13
760,14
761,13
762,1
763,19
764,2
765,13
766,14
767,13
768,1
769,19
770,2
771,13
772,14
773,13
774,1
775,19
776,2
777,13
778,14
779,13
780,1
781,19
782,2
783,13
784,14
785,13
786,1
787,19
788,2
789,13
790,14
791,13
792,1
793,19
794,2
795,2
796,14
797,2
798,1
799,19
800,2
801,2
802,14
803,2
804,1
805,19
806,2
807,2
808,14
809,2
810,1
811,19
812,2
813,2
814,14
815,2
816,1
817,19
818,2
819,2
820,14
821,2
822,1
823,19
824,2
825,2
826,14
827,2
828,1
829,19
830,2
831,2
832,14
833,2
834,1
835,19
836,2
837,2
838,14
839,2
840,1
841,19
842,2
843,2
844,14
845,2
846,1
847,19
848,2
849,2
850,14
851,2
852,1
853,19
854,2
855,2
856,14
857,2
858,1
859,19
860,2
861,2
862,14
863,2
864,1
865,19
866,13
867,13
868,14
869,13
870,1
871,19
872,13
873,13
874,14
875,13
876,1
877,19
878,13
879,13
880,14
881,13
882,1
883,19
884,13
885,13
886,14
887,13
888,1
889,19
890,13
891,13
892,14
893,13
894,1
895,19
896,13
897,13
898,14
899,13
900,1
901,19
902,13
903,13
904,14
905,13
906,1
907,19
908,13
909,13
910,14
911,13
912,1
913,19
914,13
915,13
916,14
917,13
918,1
919,19
920,13
921,13
922,14
923,13
924,1
925,19
926,13
927,13
928,14
929,13
930,1
931,19
932,13
933,13
934,14
935,13
936,1
937,19
938,2
939,2
940,14
941,2
942,1
943,19
944,2
945,2
946,14
947,2
948,1
949,19
950,2
951,2
952,14
953,2
954,1
955,19
956,2
957,2
958,14
959,2
960,1
961,19
962,2
963,2
964,14
965,2
966,1
967,19
968,2
969,2
970,14
971,2
972,1
973,19
974,2
975,2
976,14
977,2
978,1
979,19
980,2
981,2
982,14
983,2
984,1
985,19
986,2
987,2
988,14
989,2
990,1
991,19
992,2
993,2
994,14
995,2
996,1
997,19
998,2
999,2
1000,14
1001,2
1002,1
1003,19
1004,2
1005,2
1006,14
1007,2
1008,12
1009,10
1010,15
1011,15
1012,0
1013,15
1014,12
1015,10
1016,15
1017,15
1018,0
1019,15
1020,12
1021,10
1022,15
1023,15
1024,0
1025,15
1026,12
1027,10
1028,15
1029,15
1030,0
1031,15
1032,12
1033,10
1034,15
1035,15
1036,0
1037,15
1038,12
1039,10
1040,15
1041,15
1042,0
1043,15
1044,12
1045,10
1046,15
1047,15
1048,0
1049,15
1050,12
1051,10
1052,15
1053,15
1054,0
1055,15
1056,12
1057,10
1058,15
1059,15
1060,0
1061,15
1062,12
1063,10
1064,15
1065,15
1066,0
1067,15
1068,12
1069,10
1070,15
1071,15
1072,0
1073,15
1074,12
1075,10
1076,15
1077,15
1078,0
1079,15
1080,1
1081,19
1082,15
1083,2
1084,8
1085,2
1086,1
1087,19
1088,15
1089,2
1090,8
1091,2
1092,1
1093,19
1094,15
1095,2
1096,8
1097,2
1098,1
1099,19
1100,15
1101,2
1102,8
1103,2
1104,1
1105,19
1106,15
1107,2
1108,8
1109,2
1110,1
1111,19
1112,15
1113,2
1114,8
1115,2
1116,1
1117,19
1118,15
1119,2
1120,8
1121,2
1122,1
1123,19
1124,15
1125,2
1126,8
1127,2
1128,1
1129,19
1130,15
1131,2
1132,8
1133,2
1134,1
1135,19
1136,15
1137,2
1138,8
1139,2
1140,1
1141,19
1142,15
1143,2
1144,8
1145,2
1146,1
1147,19
1148,15
1149,2
1150,8
1151,2
1152,1
1153,19
1154,2
1155,2
1156,2
1157,2
1158,1
1159,19
1160,2
1161,2
1162,2
1163,2
1164,1
1165,19
1166,2
1167,2
1168,2
1169,2
1170,1
1171,19
1172,2
1173,2
1174,2
1175,2
1176,1
1177,19
1178,2
1179,2
1180,2
1181,2
1182,1
1183,19
1184,2
1185,2
1186,2
1187,2
1188,1
1189,19
1190,2
1191,2
1192,2
1193,2
1194,1
1195,19
1196,2
1197,2
1198,2
1199,2
1200,1
1201,19
1202,2
1203,2
1204,2
1205,2
1206,1
1207,19
1208,2
1209,2
1210,2
1211,2
1212,1
1213,19
1214,2
1215,2
1216,2
1217,2
1218,1
1219,19
1220,2
1221,2
1222,2
1223,2
1224,1
1225,19
1226,2
1227,2
1228,2
1229,2
1230,1
1231,19
1232,2
1233,2
1234,2
1235,2
1236,1
1237,19
1238,2
1239,2
1240,2
1241,2
1242,1
1243,19
1244,2
1245,2
1246,2
1247,2
1248,1
1249,19
1250,2
1251,2
1252,2
1253,2
1254,1
1255,19
1256,2
1257,2
1258,2
1259,2
1260,1
1261,19
1262,2
1263,2
1264,2
1265,2
1266,1
1267,19
1268,2
1269,2
1270,2
1271,2
1272,1
1273,19
1274,2
1275,2
1276,2
1277,2
1278,1
1279,19
1280,2
1281,2
1282,2
1283,2
1284,1
1285,19
1286,2
1287,2
1288,2
1289,2
1290,1
1291,19
1292,2
1293,2
1294,2
1295,2
1296,1
1297,19
1298,2
1299,2
1300,14
1301,13
1302,1
1303,19
1304,2
1305,2
1306,14
1307,13
1308,1
1309,19
1310,2
1311,2
1312,14
1313,13
1314,1
1315,19
1316,2
1317,2
1318,14
1319,13
1320,1
1321,19
1322,2
1323,2
1324,14
1325,13
1326,1
1327,19
1328,2
1329,2
1330,14
1331,13
1332,1
1333,19
1334,2
1335,2
1336,14
1337,13
1338,1
1339,19
1340,2
1341,2
1342,14
1343,13
1344,1
1345,19
1346,2
1347,2
1348,14
1349,13
1350,1
1351,19
1352,2
1353,2
1354,14
1355,13
1356,1
1357,19
1358,2
1359,2
1360,14
1361,13
1362,1
1363,19
1364,2
1365,2
1366,14
1367,13
1368,1
1369,19
1370,2
1371,2
1372,2
1373,2
1374,1
1375,19
1376,2
1377,2
1378,2
1379,2
1380,1
1381,19
1382,2
1383,2
1384,2
1385,2
1386,1
1387,19
1388,2
1389,2
1390,2
1391,2
1392,1
1393,19
1394,2
1395,2
1396,2
1397,2
1398,1
1399,19
1400,2
1401,2
1402,2
1403,2
1404,1
1405,19
1406,2
1407,2
1408,2
1409,2
1410,1
1411,19
1412,2
1413,2
1414,2
1415,2
1416,1
1417,19
1418,2
1419,2
1420,2
1421,2
1422,1
1423,19
1424,2
1425,2
1426,2
1427,2
1428,1
1429,19
1430,2
1431,2
1432,2
1433,2
1434,1
1435,19
1436,2
1437,2
1438,2
1439,2
1440,1
1441,19
1442,13
1443,13
1444,14
1445,13
1446,1
1447,19
1448,13
1449,13
1450,14
1451,13
1452,1
1453,19
1454,13
1455,13
1456,14
1457,13
1458,1
1459,19
1460,13
1461,13
1462,14
1463,13
1464,1
1465,19
1466,13
1467,13
1468,14
1469,13
1470,1
1471,19
1472,13
1473,13
1474,14
1475,13
1476,1
1477,19
1478,13
1479,13
1480,14
1481,13
1482,1
1483,19
1484,13
1485,13
1486,14
1487,13
1488,1
1489,19
1490,13
1491,13
1492,14
1493,13
1494,1
1495,19
1496,13
1497,13
1498,14
1499,13
1500,1
1501,19
1502,13
1503,13
1504,14
1505,13
1506,1
1507,19
1508,13
1509,13
1510,14
1511,13
1512,1
1513,19
1514,13
1515,13
1516,14
1517,13
1518,1
1519,19
1520,13
1521,13
1522,14
1523,13
1524,1
1525,19
1526,13
1527,13
1528,14
1529,13
1530,1
1531,19
1532,13
1533,13
1534,14
1535,13
1536,1
1537,19
1538,13
1539,13
1540,14
1541,13
1542,1
1543,19
1544,13
1545,13
1546,14
1547,13
1548,1
1549,19
1550,13
1551,13
1552,14
1553,13
1554,1
1555,19
1556,13
1557,13
1558,14
1559,13
1560,1
1561,19
1562,13
1563,13
1564,14
1565,13
1566,1
1567,19
1568,13
1569,13
1570,14
1571,13
1572,1
1573,19
1574,13
1575,13
1576,14
1577,13
1578,1
1579,19
1580,13
1581,13
1582,14
1583,13
1584,1
1585,19
1586,13
1587,13
1588,14
1589,13
1590,1
1591,19
1592,13
1593,13
1594,14
1595,13
1596,1
1597,19
1598,13
1599,13
1600,14
1601,13
1602,1
1603,19
1604,13
1605,13
1606,14
1607,13
1608,1
1609,19
1610,13
1611,13
1612,14
1613,13
1614,1
1615,19
1616,13
1617,13
1618,14
1619,13
1620,1
1621,19
1622,13
1623,13
1624,14
1625,13
1626,1
1627,19
1628,13
1629,13
1630,14
1631,13
1632,1
1633,19
1634,13
1635,13
1636,14
1637,13
1638,1
1639,19
1640,13
1641,13
1642,14
1643,13
1644,1
1645,19
1646,13
1647,13
1648,14
1649,13
1650,1
1651,19
1652,13
1653,13
1654,14
1655,13
1656,1
1657,19
1658,2
1659,2
1660,14
1661,2
1662,1
1663,19
1664,2
1665,2
1666,14
1667,2
1668,1
1669,19
1670,2
1671,2
1672,14
1673,2
1674,1
1675,19
1676,2
1677,2
1678,14
1679,2
1680,1
1681,19
1682,2
1683,2
1684,14
1685,2
1686,1
1687,19
1688,2
1689,2
1690,14
1691,2
1692,1
1693,19
1694,2
1695,2
1696,14
1697,2
1698,1
1699,19
1700,2
1701,2
1702,14
1703,2
1704,1
1705,19
1706,2
1707,2
1708,14
1709,2
1710,1
1711,19
1712,2
1713,2
1714,14
1715,2
1716,1
1717,19
1718,2
1719,2
1720,14
1721,2
1722,1
1723,19
1724,2
1725,2
1726,14
1727,2
1728,12
1729,10
1730,11
1731,11
1732,11
1733,11
1734,12
1735,10
1736,11
1737,11
1738,11
1739,11
1740,12
1741,10
1742,11
1743,11
1744,11
1745,11
1746,12
1747,10
1748,11
1749,11
1750,11
1751,11
1752,12
1753,10
1754,11
1755,11
1756,11
1757,11
1758,12
1759,10
1760,11
1761,11
1762,11
1763,11
1764,12
1765,10
1766,11
1767,11
1768,11
1769,11
1770,12
1771,10
1772,11
1773,11
1774,11
1775,11
1776,12
1777,10
1778,11
1779,11
1780,11
1781,11
1782,12
1783,10
1784,11
1785,11
1786,11
1787,11
1788,12
1789,10
1790,11
1791,11
1792,11
1793,11
1794,12
1795,10
1796,11
1797,11
1798,11
1799,11
1800,1
1801,19
1802,2
1803,2
1804,2
1805,2
1806,1
1807,19
1808,2
1809,2
1810,2
1811,2
1812,1
1813,19
1814,2
1815,2
1816,2
1817,2
1818,1
1819,19
1820,2
1821,2
1822,2
1823,2
1824,1
1825,19
1826,2
1827,2
1828,2
1829,2
1830,1
1831,19
1832,2
1833,2
1834,2
1835,2
1836,1
1837,19
1838,2
1839,2
1840,2
1841,2
1842,1
1843,19
1844,2
1845,2
1846,2
1847,2
1848,1
1849,19
1850,2
1851,2
1852,2
1853,2
1854,1
1855,19
1856,2
1857,2
1858,2
1859,2
1860,1
1861,19
1862,2
1863,2
1864,2
1865,2
1866,1
1867,19
1868,2
1869,2
1870,2
1871,2
1872,12
1873,10
1874,15
1875,15
1876,0
1877,15
1878,12
1879,10
1880,15
1881,15
1882,0
1883,15
1884,12
1885,10
1886,15
1887,15
1888,0
1889,15
1890,12
1891,10
1892,15
1893,15
1894,0
1895,15
1896,12
1897,10
1898,15
1899,15
1900,0
1901,15
1902,12
1903,10
1904,15
1905,15
1906,0
1907,15
1908,12
1909,10
1910,15
1911,15
1912,0
1913,15
1914,12
1915,10
1916,15
1917,15
1918,0
1919,15
1920,12
1921,10
1922,15
1923,15
1924,0
1925,15
1926,12
1927,10
1928,15
1929,15
1930,0
1931,15
1932,12
1933,10
1934,15
1935,15
1936,0
1937,15
1938,12
1939,10
1940,15
1941,15
1942,0
1943,15
1944,12
1945,10
1946,15
1947,15
1948,0
1949,15
1950,12
1951,10
1952,15
1953,15
1954,0
1955,15
1956,12
1957,10
1958,15
1959,15
1960,0
1961,15
1962,12
1963,10
1964,15
1965,15
1966,0
1967,15
1968,12
1969,10
1970,15
1971,15
1972,0
1973,15
1974,12
1975,10
1976,15
1977,15
1978,0
1979,15
1980,12
1981,10
1982,15
1983,15
1984,0
1985,15
1986,12
1987,10
1988,15
1989,15
1990,0
1991,15
1992,12
1993,10
1994,15
1995,15
1996,0
1997,15
1998,12
1999,10
2000,15
2001,15
2002,0
2003,15
2004,12
2005,10
2006,15
2007,15
2008,0
2009,15
2010,12
2011,10
2012,15
2013,15
2014,0
2015,15
2016,12
2017,10
2018,11
2019,11
2020,0
2021,15
2022,12
2023,10
2024,11
2025,11
2026,0
2027,15
2028,12
2029,10
2030,11
2031,11
2032,0
2033,15
2034,12
2035,10
2036,11
2037,11
2038,0
2039,15
2040,12
2041,10
2042,11
2043,11
2044,0
2045,15
2046,12
2047,10
2048,11
2049,11
2050,0
2051,15
2052,12
2053,10
2054,11
2055,11
2056,0
2057,15
2058,12
2059,10
2060,11
2061,11
2062,0
2063,15
2064,12
2065,10
2066,11
2067,11
2068,0
2069,15
2070,12
2071,10
2072,11
2073,11
2074,0
2075,15
2076,12
2077,10
2078,11
2079,11
2080,0
2081,15
2082,12
2083,10
2084,11
2085,11
2086,0
2087,15
2088,1
2089,19
2090,2
2091,2
2092,2
2093,2
2094,1
2095,19
2096,2
2097,2
2098,2
2099,2
2100,1
2101,19
2102,2
2103,2
2104,2
2105,2
2106,1
2107,19
2108,2
2109,2
2110,2
2111,2
2112,1
2113,19
2114,2
2115,2
2116,2
2117,2
2118,1
2119,19
2120,2
2121,2
2122,2
2123,2
2124,1
2125,19
2126,2
2127,2
2128,2
2129,2
2130,1
2131,19
2132,2
2133,2
2134,2
2135,2
2136,1
2137,19
2138,2
2139,2
2140,2
2141,2
2142,1
2143,19
2144,2
2145,2
2146,2
2147,2
2148,1
2149,19
2150,2
2151,2
2152,2
2153,2
2154,1
2155,19
2156,2
2157,2
2158,2
2159,2
2160,1
2161,19
2162,13
2163,13
2164,14
2165,13
2166,1
2167,19
2168,13
2169,13
2170,14
2171,13
2172,1
2173,19
2174,13
2175,13
2176,14
2177,13
2178,1
2179,19
2180,13
2181,13
2182,14
2183,13
2184,1
2185,19
2186,13
2187,13
2188,14
2189,13
2190,1
2191,19
2192,13
2193,13
2194,14
2195,13
2196,1
2197,19
2198,13
2199,13
2200,14
2201,13
2202,1
2203,19
2204,13
2205,13
2206,14
2207,13
2208,1
2209,19
2210,13
2211,13
2212,14
2213,13
2214,1
2215,19
2216,13
2217,13
2218,14
2219,13
2220,1
2221,19
2222,13
2223,13
2224,14
2225,13
2226,1
2227,19
2228,13
2229,13
2230,14
2231,13
2232,1
2233,19
2234,13
2235,13
2236,14
2237,13
2238,1
2239,19
2240,13
2241,13
2242,14
2243,13
2244,1
2245,19
2246,13
2247,13
2248,14
2249,13
2250,1
2251,19
2252,13
2253,13
2254,14
2255,13
2256,1
2257,19
2258,13
2259,13
2260,14
2261,13
2262,1
2263,19
2264,13
2265,13
2266,14
2267,13
2268,1
2269,19
2270,13
2271,13
2272,14
2273,13
2274,1
2275,19
2276,13
2277,13
2278,14
2279,13
2280,1
2281,19
2282,13
2283,13
2284,14
2285,13
2286,1
2287,19
2288,13
2289,13
2290,14
2291,13
2292,1
2293,19
2294,13
2295,13
2296,14
2297,13
2298,1
2299,19
2300,13
2301,13
2302,14
2303,13
2304,1
2305,19
2306,13
2307,13
2308,14
2309,13
2310,1
2311,19
2312,13
2313,13
2314,14
2315,13
2316,1
2317,19
2318,13
2319,13
2320,14
2321,13
2322,1
2323,19
2324,13
2325,13
2326,14
2327,13
2328,1
2329,19
2330,13
2331,13
2332,14
2333,13
2334,1
2335,19
2336,13
2337,13
2338,14
2339,13
2340,1
2341,19
2342,13
2343,13
2344,14
2345,13
2346,1
2347,19
2348,13
2349,13
2350,14
2351,13
2352,1
2353,19
2354,13
2355,13
2356,14
2357,13
2358,1
2359,19
2360,13
2361,13
2362,14
2363,13
2364,1
2365,19
2366,13
2367,13
2368,14
2369,13
2370,1
2371,19
2372,13
2373,13
2374,14
2375,13
2376,1
2377,19
2378,13
2379,13
2380,14
2381,13
2382,1
2383,19
2384,13
2385,13
2386,14
2387,13
2388,1
2389,19
2390,13
2391,13
2392,14
2393,13
2394,1
2395,19
2396,13
2397,13
2398,14
2399,13
2400,1
2401,19
2402,13
2403,13
2404,14
2405,13
2406,1
2407,19
2408,13
2409,13
2410,14
2411,13
2412,1
2413,19
2414,13
2415,13
2416,14
2417,13
2418,1
2419,19
2420,13
2421,13
2422,14
2423,13
2424,1
2425,19
2426,13
2427,13
2428,14
2429,13
2430,1
2431,19
2432,13
2433,13
2434,14
2435,13
2436,1
2437,19
2438,13
2439,13
2440,14
2441,13
2442,1
2443,19
2444,13
2445,13
2446,14
2447,13
2448,1
2449,19
2450,13
2451,13
2452,14
2453,13
2454,1
2455,19
2456,13
2457,13
2458,14
2459,13
2460,1
2461,19
2462,13
2463,13
2464,14
2465,13
2466,1
2467,19
2468,13
2469,13
2470,14
2471,13
2472,1
2473,19
2474,13
2475,13
2476,14
2477,13
2478,1
2479,19
2480,13
2481,13
2482,14
2483,13
2484,1
2485,19
2486,13
2487,13
2488,14
2489,13
2490,1
2491,19
2492,13
2493,13
2494,14
2495,13
2496,1
2497,19
2498,13
2499,13
2500,14
2501,13
2502,1
2503,19
2504,13
2505,13
2506,14
2507,13
2508,1
2509,19
2510,13
2511,13
2512,14
2513,13
2514,1
2515,19
2516,13
2517,13
2518,14
2519,13
2520,12
2521,10
2522,11
2523,11
2524,11
2525,11
2526,12
2527,10
2528,11
2529,11
2530,11
2531,11
2532,12
2533,10
2534,11
2535,11
2536,11
2537,11
2538,12
2539,10
2540,11
2541,11
2542,11
2543,11
2544,12
2545,10
2546,11
2547,11
2548,11
2549,11
2550,12
2551,10
2552,11
2553,11
2554,11
2555,11
2556,12
2557,10
2558,11
2559,11
2560,11
2561,11
2562,12
2563,10
2564,11
2565,11
2566,11
2567,11
2568,12
2569,10
2570,11
2571,11
2572,11
2573,11
2574,12
2575,10
2576,11
2577,11
2578,11
2579,11
2580,12
2581,10
2582,11
2583,11
2584,11
2585,11
2586,12
2587,10
2588,11
2589,11
2590,11
2591,11
2592,1
2593,19
2594,2
2595,2
2596,2
2597,2
2598,1
2599,19
2600,2
2601,2
2602,2
2603,2
2604,1
2605,19
2606,2
2607,2
2608,2
2609,2
2610,1
2611,19
2612,2
2613,2
2614,2
2615,2
2616,1
2617,19
2618,2
2619,2
2620,2
2621,2
2622,1
2623,19
2624,2
2625,2
2626,2
2627,2
2628,1
2629,19
2630,2
2631,2
2632,2
2633,2
2634,1
2635,19
2636,2
2637,2
2638,2
2639,2
2640,1
2641,19
2642,2
2643,2
2644,2
2645,2
2646,1
2647,19
2648,2
2649,2
2650,2
2651,2
2652,1
2653,19
2654,2
2655,2
2656,2
2657,2
2658,1
2659,19
2660,2
2661,2
2662,2
2663,2
2664,1
2665,19
2666,13
2667,13
2668,14
2669,13
2670,1
2671,19
2672,13
2673,13
2674,14
2675,13
2676,1
2677,19
2678,13
2679,13
2680,14
2681,13
2682,1
2683,19
2684,13
2685,13
2686,14
2687,13
2688,1
2689,19
2690,13
2691,13
2692,14
2693,13
2694,1
2695,19
2696,13
2697,13
2698,14
2699,13
2700,1
2701,19
2702,13
2703,13
2704,14
2705,13
2706,1
2707,19
2708,13
2709,13
2710,14
2711,13
2712,1
2713,19
2714,13
2715,13
2716,14
2717,13
2718,1
2719,19
2720,13
2721,13
2722,14
2723,13
2724,1
2725,19
2726,13
2727,13
2728,14
2729,13
2730,1
2731,19
2732,13
2733,13
2734,14
2735,13
2736,12
2737,10
2738,15
2739,15
2740,0
2741,15
2742,12
2743,10
2744,15
2745,15
2746,0
2747,15
2748,12
2749,10
2750,15
2751,15
2752,0
2753,15
2754,12
2755,10
2756,15
2757,15
2758,0
2759,15
2760,12
2761,10
2762,15
2763,15
2764,0
2765,15
2766,12
2767,10
2768,15
2769,15
2770,0
2771,15
2772,12
2773,10
2774,15
2775,15
2776,0
2777,15
2778,12
2779,10
2780,15
2781,15
2782,0
2783,15
2784,12
2785,10
2786,15
2787,15
2788,0
2789,15
2790,12
2791,10
2792,15
2793,15
2794,0
2795,15
2796,12
2797,10
2798,15
2799,15
2800,0
2801,15
2802,12
2803,10
2804,15
2805,15
2806,0
2807,15
2808,1
2809,19
2810,2
2811,2
2812,14
2813,13
2814,1
2815,19
2816,2
2817,2
2818,14
2819,13
2820,1
2821,19
2822,2
2823,2
2824,14
2825,13
2826,1
2827,19
2828,2
2829,2
2830,14
2831,13
2832,1
2833,19
2834,2
2835,2
2836,14
2837,13
2838,1
2839,19
2840,2
2841,2
2842,14
2843,13
2844,1
2845,19
2846,2
2847,2
2848,14
2849,13
2850,1
2851,19
2852,2
2853,2
2854,14
2855,13
2856,1
2857,19
2858,2
2859,2
2860,14
2861,13
2862,1
2863,19
2864,2
2865,2
2866,14
2867,13
2868,1
2869,19
2870,2
2871,2
2872,14
2873,13
2874,1
2875,19
2876,2
2877,2
2878,14
2879,13
2880,1
2881,19
2882,13
2883,13
2884,14
2885,13
2886,1
2887,19
2888,13
2889,13
2890,14
2891,13
2892,1
2893,19
2894,13
2895,13
2896,14
2897,13
2898,1
2899,19
2900,13
2901,13
2902,14
2903,13
2904,1
2905,19
2906,13
2907,13
2908,14
2909,13
2910,1
2911,19
2912,13
2913,13
2914,14
2915,13
2916,1
2917,19
2918,13
2919,13
2920,14
2921,13
2922,1
2923,19
2924,13
2925,13
2926,14
2927,13
2928,1
2929,19
2930,13
2931,13
2932,14
2933,13
2934,1
2935,19
2936,13
2937,13
2938,14
2939,13
2940,1
2941,19
2942,13
2943,13
2944,14
2945,13
2946,1
2947,19
2948,13
2949,13
2950,14
2951,13
2952,12
2953,10
2954,11
2955,15
2956,0
2957,15
2958,12
2959,10
2960,11
2961,15
2962,0
2963,15
2964,12
2965,10
2966,11
2967,15
2968,0
2969,15
2970,12
2971,10
2972,11
2973,15
2974,0
2975,15
2976,12
2977,10
2978,11
2979,15
2980,0
2981,15
2982,12
2983,10
2984,11
2985,15
2986,0
2987,15
2988,12
2989,10
2990,11
2991,15
2992,0
2993,15
2994,12
2995,10
2996,11
2997,15
2998,0
2999,15
3000,12
3001,10
3002,11
3003,15
3004,0
3005,15
3006,12
3007,10
3008,11
3009,15
3010,0
3011,15
3012,12
3013,10
3014,11
3015,15
3016,0
3017,15
3018,12
3019,10
3020,11
3021,15
3022,0
3023,15
3024,1
3025,19
3026,13
3027,13
3028,14
3029,13
3030,1
3031,19
3032,13
3033,13
3034,14
3035,13
3036,1
3037,19
3038,13
3039,13
3040,14
3041,13
3042,1
3043,19
3044,13
3045,13
3046,14
3047,13
3048,1
3049,19
3050,13
3051,13
3052,14
3053,13
3054,1
3055,19
3056,13
3057,13
3058,14
3059,13
3060,1
3061,19
3062,13
3063,13
3064,14
3065,13
3066,1
3067,19
3068,13
3069,13
3070,14
3071,13
3072,1
3073,19
3074,13
3075,13
3076,14
3077,13
3078,1
3079,19
3080,13
3081,13
3082,14
3083,13
3084,1
3085,19
3086,13
3087,13
3088,14
3089,13
3090,1
3091,19
3092,13
3093,13
3094,14
3095,13
3096,1
3097,19
3098,2
3099,2
3100,14
3101,13
3102,1
3103,19
3104,2
3105,2
3106,14
3107,13
3108,1
3109,19
3110,2
3111,2
3112,14
3113,13
3114,1
3115,19
3116,2
3117,2
3118,14
3119,13
3120,1
3121,19
3122,2
3123,2
3124,14
3125,13
3126,1
3127,19
3128,2
3129,2
3130,14
3131,13
3132,1
3133,19
3134,2
3135,2
3136,14
3137,13
3138,1
3139,19
3140,2
3141,2
3142,14
3143,13
3144,1
3145,19
3146,2
3147,2
3148,14
3149,13
3150,1
3151,19
3152,2
3153,2
3154,14
3155,13
3156,1
3157,19
3158,2
3159,2
3160,14
3161,13
3162,1
3163,19
3164,2
3165,2
3166,14
3167,13
3168,12
3169,10
3170,15
3171,15
3172,0
3173,15
3174,12
3175,10
3176,15
3177,15
3178,0
3179,15
3180,12
3181,10
3182,15
3183,15
3184,0
3185,15
3186,12
3187,10
3188,15
3189,15
3190,0
3191,15
3192,12
3193,10
3194,15
3195,15
3196,0
3197,15
3198,12
3199,10
3200,15
3201,15
3202,0
3203,15
3204,12
3205,10
3206,15
3207,15
3208,0
3209,15
3210,12
3211,10
3212,15
3213,15
3214,0
3215,15
3216,12
3217,10
3218,15
3219,15
3220,0
3221,15
3222,12
3223,10
3224,15
3225,15
3226,0
3227,15
3228,12
3229,10
3230,15
3231,15
3232,0
3233,15
3234,12
3235,10
3236,15
3237,15
3238,0
3239,15
3240,1
3241,19
3242,2
3243,2
3244,2
3245,2
3246,1
3247,19
3248,2
3249,2
3250,2
3251,2
3252,1
3253,19
3254,2
3255,2
3256,2
3257,2
3258,1
3259,19
3260,2
3261,2
3262,2
3263,2
3264,1
3265,19
3266,2
3267,2
3268,2
3269,2
3270,1
3271,19
3272,2
3273,2
3274,2
3275,2
3276,1
3277,19
3278,2
3279,2
3280,2
3281,2
3282,1
3283,19
3284,2
3285,2
3286,2
3287,2
3288,1
3289,19
3290,2
3291,2
3292,2
3293,2
3294,1
3295,19
3296,2
3297,2
3298,2
3299,2
3300,1
3301,19
3302,2
3303,2
3304,2
3305,2
3306,1
3307,19
3308,2
3309,2
3310,2
3311,2
3312,12
3313,10
3314,15
3315,15
3316,0
3317,15
3318,12
3319,10
3320,15
3321,15
3322,0
3323,15
3324,12
3325,10
3326,15
3327,15
3328,0
3329,15
3330,12
3331,10
3332,15
3333,15
3334,0
3335,15
3336,12
3337,10
3338,15
3339,15
3340,0
3341,15
3342,12
3343,10
3344,15
3345,15
3346,0
3347,15
3348,12
3349,10
3350,15
3351,15
3352,0
3353,15
3354,12
3355,10
3356,15
3357,15
3358,0
3359,15
3360,12
3361,10
3362,15
3363,15
3364,0
3365,15
3366,12
3367,10
3368,15
3369,15
3370,0
3371,15
3372,12
3373,10
3374,15
3375,15
3376,0
3377,15
3378,12
3379,10
3380,15
3381,15
3382,0
3383,15
3384,12
3385,10
3386,11
3387,11
3388,11
3389,15
3390,12
3391,10
3392,11
3393,11
3394,11
3395,15
3396,12
3397,10
3398,11
3399,11
3400,11
3401,15
3402,12
3403,10
3404,11
3405,11
3406,11
3407,15
3408,12
3409,10
3410,11
3411,11
3412,11
3413,15
3414,12
3415,10
3416,11
3417,11
3418,11
3419,15
3420,12
3421,10
3422,11
3423,11
3424,11
3425,15
3426,12
3427,10
3428,11
3429,11
3430,11
3431,15
3432,12
3433,10
3434,11
3435,11
3436,11
3437,15
3438,12
3439,10
3440,11
3441,11
3442,11
3443,15
3444,12
3445,10
3446,11
3447,11
3448,11
3449,15
3450,12
3451,10
3452,11
3453,11
3454,11
3455,15
3456,12
3457,10
3458,15
3459,15
3460,0
3461,15
3462,12
3463,10
3464,15
3465,15
3466,0
3467,15
3468,12
3469,10
3470,15
3471,15
3472,0
3473,15
3474,12
3475,10
3476,15
3477,15
3478,0
3479,15
3480,12
3481,10
3482,15
3483,15
3484,0
3485,15
3486,12
3487,10
3488,15
3489,15
3490,0
3491,15
3492,12
3493,10
3494,15
3495,15
3496,0
3497,15
3498,12
3499,10
3500,15
3501,15
3502,0
3503,15
3504,12
3505,10
3506,15
3507,15
3508,0
3509,15
3510,12
3511,10
3512,15
3513,15
3514,0
3515,15
3516,12
3517,10
3518,15
3519,15
3520,0
3521,15
3522,12
3523,10
3524,15
3525,15
3526,0
3527,15
3528,12
3529,10
3530,15
3531,15
3532,0
3533,15
3534,12
3535,10
3536,15
3537,15
3538,0
3539,15
3540,12
3541,10
3542,15
3543,15
3544,0
3545,15
3546,12
3547,10
3548,15
3549,15
3550,0
3551,15
3552,12
3553,10
3554,15
3555,15
3556,0
3557,15
3558,12
3559,10
3560,15
3561,15
3562,0
3563,15
3564,12
3565,10
3566,15
3567,15
3568,0
3569,15
3570,12
3571,10
3572,15
3573,15
3574,0
3575,15
3576,12
3577,10
3578,15
3579,15
3580,0
3581,15
3582,12
3583,10
3584,15
3585,15
3586,0
3587,15
3588,12
3589,10
3590,15
3591,15
3592,0
3593,15
3594,12
3595,10
3596,15
3597,15
3598,0
3599,15
3600,1
3601,19
3602,13
3603,13
3604,14
3605,13
3606,1
3607,19
3608,13
3609,13
3610,14
3611,13
3612,1
3613,19
3614,13
3615,13
3616,14
3617,13
3618,1
3619,19
3620,13
3621,13
3622,14
3623,13
3624,1
3625,19
3626,13
3627,13
3628,14
3629,13
3630,1
3631,19
3632,13
3633,13
3634,14
3635,13
3636,1
3637,19
3638,13
3639,13
3640,14
3641,13
3642,1
3643,19
3644,13
3645,13
3646,14
3647,13
3648,1
3649,19
3650,13
3651,13
3652,14
3653,13
3654,1
3655,19
3656,13
3657,13
3658,14
3659,13
3660,1
3661,19
3662,13
3663,13
3664,14
3665,13
3666,1
3667,19
3668,13
3669,13
3670,14
3671,13
3672,12
3673,10
3674,15
3675,15
3676,0
3677,15
3678,12
3679,10
3680,15
3681,15
3682,0
3683,15
3684,12
3685,10
3686,15
3687,15
3688,0
3689,15
3690,12
3691,10
3692,15
3693,15
3694,0
3695,15
3696,12
3697,10
3698,15
3699,15
3700,0
3701,15
3702,12
3703,10
3704,15
3705,15
3706,0
3707,15
3708,12
3709,10
3710,15
3711,15
3712,0
3713,15
3714,12
3715,10
3716,15
3717,15
3718,0
3719,15
3720,12
3721,10
3722,15
3723,15
3724,0
3725,15
3726,12
3727,10
3728,15
3729,15
3730,0
3731,15
3732,12
3733,10
3734,15
3735,15
3736,0
3737,15
3738,12
3739,10
3740,15
3741,15
3742,0
3743,15
3744,1
3745,19
3746,2
3747,2
3748,2
3749,2
3750,1
3751,19
3752,2
3753,2
3754,2
3755,2
3756,1
3757,19
3758,2
3759,2
3760,2
3761,2
3762,1
3763,19
3764,2
3765,2
3766,2
3767,2
3768,1
3769,19
3770,2
3771,2
3772,2
3773,2
3774,1
3775,19
3776,2
3777,2
3778,2
3779,2
3780,1
3781,19
3782,2
3783,2
3784,2
3785,2
3786,1
3787,19
3788,2
3789,2
3790,2
3791,2
3792,1
3793,19
3794,2
3795,2
3796,2
3797,2
3798,1
3799,19
3800,2
3801,2
3802,2
3803,2
3804,1
3805,19
3806,2
3807,2
3808,2
3809,2
3810,1
3811,19
3812,2
3813,2
3814,2
3815,2
3816,1
3817,19
3818,2
3819,2
3820,2
3821,2
3822,1
3823,19
3824,2
3825,2
3826,2
3827,2
3828,1
3829,19
3830,2
3831,2
3832,2
3833,2
3834,1
3835,19
3836,2
3837,2
3838,2
3839,2
3840,1
3841,19
3842,2
3843,2
3844,2
3845,2
3846,1
3847,19
3848,2
3849,2
3850,2
3851,2
3852,1
3853,19
3854,2
3855,2
3856,2
3857,2
3858,1
3859,19
3860,2
3861,2
3862,2
3863,2
3864,1
3865,19
3866,2
3867,2
3868,2
3869,2
3870,1
3871,19
3872,2
3873,2
3874,2
3875,2
3876,1
3877,19
3878,2
3879,2
3880,2
3881,2
3882,1
3883,19
3884,2
3885,2
3886,2
3887,2
3888,1
3889,19
3890,13
3891,13
3892,14
3893,13
3894,1
3895,19
3896,13
3897,13
3898,14
3899,13
3900,1
3901,19
3902,13
3903,13
3904,14
3905,13
3906,1
3907,19
3908,13
3909,13
3910,14
3911,13
3912,1
3913,19
3914,13
3915,13
3916,14
3917,13
3918,1
3919,19
3920,13
3921,13
3922,14
3923,13
3924,1
3925,19
3926,13
3927,13
3928,14
3929,13
3930,1
3931,19
3932,13
3933,13
3934,14
3935,13
3936,1
3937,19
3938,13
3939,13
3940,14
3941,13
3942,1
3943,19
3944,13
3945,13
3946,14
3947,13
3948,1
3949,19
3950,13
3951,13
3952,14
3953,13
3954,1
3955,19
3956,13
3957,13
3958,14
3959,13
3960,12
3961,10
3962,11
3963,11
3964,11
3965,11
3966,12
3967,10
3968,11
3969,11
3970,11
3971,11
3972,12
3973,10
3974,11
3975,11
3976,11
3977,11
3978,12
3979,10
3980,11
3981,11
3982,11
3983,11
3984,12
3985,10
3986,11
3987,11
3988,11
3989,11
3990,12
3991,10
3992,11
3993,11
3994,11
3995,11
3996,12
3997,10
3998,11
3999,11
4000,11
4001,11
4002,12
4003,10
4004,11
4005,11
4006,11
4007,11
4008,12
4009,10
4010,11
4011,11
4012,11
4013,11
4014,12
4015,10
4016,11
4017,11
4018,11
4019,11
4020,12
4021,10
4022,11
4023,11
4024,11
4025,11
4026,12
4027,10
4028,11
4029,11
4030,11
4031,11
4032,12
4033,10
4034,11
4035,11
4036,11
4037,11
4038,12
4039,10
4040,11
4041,11
4042,11
4043,11
4044,12
4045,10
4046,11
4047,11
4048,11
4049,11
4050,12
4051,10
4052,11
4053,11
4054,11
4055,11
4056,12
4057,10
4058,11
4059,11
4060,11
4061,11
4062,12
4063,10
4064,11
4065,11
4066,11
4067,11
4068,12
4069,10
4070,11
4071,11
4072,11
4073,11
4074,12
4075,10
4076,11
4077,11
4078,11
4079,11
4080,12
4081,10
4082,11
4083,11
4084,11
4085,11
4086,12
4087,10
4088,11
4089,11
4090,11
4091,11
4092,12
4093,10
4094,11
4095,11
4096,11
4097,11
4098,12
4099,10
4100,11
4101,11
4102,11
4103,11
4104,12
4105,10
4106,15
4107,15
4108,0
4109,15
4110,12
4111,10
4112,15
4113,15
4114,0
4115,15
4116,12
4117,10
4118,15
4119,15
4120,0
4121,15
4122,12
4123,10
4124,15
4125,15
4126,0
4127,15
4128,12
4129,10
4130,15
4131,15
4132,0
4133,15
4134,12
4135,10
4136,15
4137,15
4138,0
4139,15
4140,12
4141,10
4142,15
4143,15
4144,0
4145,15
4146,12
4147,10
4148,15
4149,15
4150,0
4151,15
4152,12
4153,10
4154,15
4155,15
4156,0
4157,15
4158,12
4159,10
4160,15
4161,15
4162,0
4163,15
4164,12
4165,10
4166,15
4167,15
4168,0
4169,15
4170,12
4171,10
4172,15
4173,15
4174,0
4175,15
4176,1
4177,19
4178,13
4179,13
4180,14
4181,13
4182,1
4183,19
4184,13
4185,13
4186,14
4187,13
4188,1
4189,19
4190,13
4191,13
4192,14
4193,13
4194,1
4195,19
4196,13
4197,13
4198,14
4199,13
4200,1
4201,19
4202,13
4203,13
4204,14
4205,13
4206,1
4207,19
4208,13
4209,13
4210,14
4211,13
4212,1
4213,19
4214,13
4215,13
4216,14
4217,13
4218,1
4219,19
4220,13
4221,13
4222,14
4223,13
4224,1
4225,19
4226,13
4227,13
4228,14
4229,13
4230,1
4231,19
4232,13
4233,13
4234,14
4235,13
4236,1
4237,19
4238,13
4239,13
4240,14
4241,13
4242,1
4243,19
4244,13
4245,13
4246,14
4247,13
4248,1
4249,19
4250,2
4251,2
4252,2
4253,2
4254,1
4255,19
4256,2
4257,2
4258,2
4259,2
4260,1
4261,19
4262,2
4263,2
4264,2
4265,2
4266,1
4267,19
4268,2
4269,2
4270,2
4271,2
4272,1
4273,19
4274,2
4275,2
4276,2
4277,2
4278,1
4279,19
4280,2
4281,2
4282,2
4283,2
4284,1
4285,19
4286,2
4287,2
4288,2
4289,2
4290,1
4291,19
4292,2
4293,2
4294,2
4295,2
4296,1
4297,19
4298,2
4299,2
4300,2
4301,2
4302,1
4303,19
4304,2
4305,2
4306,2
4307,2
4308,1
4309,19
4310,2
4311,2
4312,2
4313,2
4314,1
4315,19
4316,2
4317,2
4318,2
4319,2
4320,12
4321,10
4322,15
4323,15
4324,0
4325,15
4326,12
4327,10
4328,15
4329,15
4330,0
4331,15
4332,12
4333,10
4334,15
4335,15
4336,0
4337,15
4338,12
4339,10
4340,15
4341,15
4342,0
4343,15
4344,12
4345,10
4346,15
4347,15
4348,0
4349,15
4350,12
4351,10
4352,15
4353,15
4354,0
4355,15
4356,12
4357,10
4358,15
4359,15
4360,0
4361,15
4362,12
4363,10
4364,15
4365,15
4366,0
4367,15
4368,12
4369,10
4370,15
4371,15
4372,0
4373,15
4374,12
4375,10
4376,15
4377,15
4378,0
4379,15
4380,12
4381,10
4382,15
4383,15
4384,0
4385,15
4386,12
4387,10
4388,15
4389,15
4390,0
4391,15
4392,1
4393,19
4394,2
4395,2
4396,2
4397,2
4398,1
4399,19
4400,2
4401,2
4402,2
4403,2
4404,1
4405,19
4406,2
4407,2
4408,2
4409,2
4410,1
4411,19
4412,2
4413,2
4414,2
4415,2
4416,1
4417,19
4418,2
4419,2
4420,2
4421,2
4422,1
4423,19
4424,2
4425,2
4426,2
4427,2
4428,1
4429,19
4430,2
4431,2
4432,2
4433,2
4434,1
4435,19
4436,2
4437,2
4438,2
4439,2
4440,1
4441,19
4442,2
4443,2
4444,2
4445,2
4446,1
4447,19
4448,2
4449,2
4450,2
4451,2
4452,1
4453,19
4454,2
4455,2
4456,2
4457,2
4458,1
4459,19
4460,2
4461,2
4462,2
4463,2
4464,12
4465,10
4466,11
4467,11
4468,11
4469,11
4470,12
4471,10
4472,11
4473,11
4474,11
4475,11
4476,12
4477,10
4478,11
4479,11
4480,11
4481,11
4482,12
4483,10
4484,11
4485,11
4486,11
4487,11
4488,12
4489,10
4490,11
4491,11
4492,11
4493,11
4494,12
4495,10
4496,11
4497,11
4498,11
4499,11
4500,12
4501,10
4502,11
4503,11
4504,11
4505,11
4506,12
4507,10
4508,11
4509,11
4510,11
4511,11
4512,12
4513,10
4514,11
4515,11
4516,11
4517,11
4518,12
4519,10
4520,11
4521,11
4522,11
4523,11
4524,12
4525,10
4526,11
4527,11
4528,11
4529,11
4530,12
4531,10
4532,11
4533,11
4534,11
4535,11
4536,12
4537,10
4538,15
4539,15
4540,0
4541,15
4542,12
4543,10
4544,15
4545,15
4546,0
4547,15
4548,12
4549,10
4550,15
4551,15
4552,0
4553,15
4554,12
4555,10
4556,15
4557,15
4558,0
4559,15
4560,12
4561,10
4562,15
4563,15
4564,0
4565,15
4566,12
4567,10
4568,15
4569,15
4570,0
4571,15
4572,12
4573,10
4574,15
4575,15
4576,0
4577,15
4578,12
4579,10
4580,15
4581,15
4582,0
4583,15
4584,12
4585,10
4586,15
4587,15
4588,0
4589,15
4590,12
4591,10
4592,15
4593,15
4594,0
4595,15
4596,12
4597,10
4598,15
4599,15
4600,0
4601,15
4602,12
4603,10
4604,15
4605,15
4606,0
4607,15
4608,1
4609,19
4610,13
4611,13
4612,14
4613,13
4614,1
4615,19
4616,13
4617,13
4618,14
4619,13
4620,1
4621,19
4622,13
4623,13
4624,14
4625,13
4626,1
4627,19
4628,13
4629,13
4630,14
4631,13
4632,1
4633,19
4634,13
4635,13
4636,14
4637,13
4638,1
4639,19
4640,13
4641,13
4642,14
4643,13
4644,1
4645,19
4646,13
4647,13
4648,14
4649,13
4650,1
4651,19
4652,13
4653,13
4654,14
4655,13
4656,1
4657,19
4658,13
4659,13
4660,14
4661,13
4662,1
4663,19
4664,13
4665,13
4666,14
4667,13
4668,1
4669,19
4670,13
4671,13
4672,14
4673,13
4674,1
4675,19
4676,13
4677,13
4678,14
4679,13
4680,12
4681,10
4682,11
4683,11
4684,11
4685,11
4686,12
4687,10
4688,11
4689,11
4690,11
4691,11
4692,12
4693,10
4694,11
4695,11
4696,11
4697,11
4698,12
4699,10
4700,11
4701,11
4702,11
4703,11
4704,12
4705,10
4706,11
4707,11
4708,11
4709,11
4710,12
4711,10
4712,11
4713,11
4714,11
4715,11
4716,12
4717,10
4718,11
4719,11
4720,11
4721,11
4722,12
4723,10
4724,11
4725,11
4726,11
4727,11
4728,12
4729,10
4730,11
4731,11
4732,11
4733,11
4734,12
4735,10
4736,11
4737,11
4738,11
4739,11
4740,12
4741,10
4742,11
4743,11
4744,11
4745,11
4746,12
4747,10
4748,11
4749,11
4750,11
4751,11
4752,1
4753,19
4754,13
4755,13
4756,14
4757,13
4758,1
4759,19
4760,13
4761,13
4762,14
4763,13
4764,1
4765,19
4766,13
4767,13
4768,14
4769,13
4770,1
4771,19
4772,13
4773,13
4774,14
4775,13
4776,1
4777,19
4778,13
4779,13
4780,14
4781,13
4782,1
4783,19
4784,13
4785,13
4786,14
4787,13
4788,1
4789,19
4790,13
4791,13
4792,14
4793,13
4794,1
4795,19
4796,13
4797,13
4798,14
4799,13
4800,1
4801,19
4802,13
4803,13
4804,14
4805,13
4806,1
4807,19
4808,13
4809,13
4810,14
4811,13
4812,1
4813,19
4814,13
4815,13
4816,14
4817,13
4818,1
4819,19
4820,13
4821,13
4822,14
4823,13
4824,1
4825,19
4826,2
4827,2
4828,2
4829,2
4830,1
4831,19
4832,2
4833,2
4834,2
4835,2
4836,1
4837,19
4838,2
4839,2
4840,2
4841,2
4842,1
4843,19
4844,2
4845,2
4846,2
4847,2
4848,1
4849,19
4850,2
4851,2
4852,2
4853,2
4854,1
4855,19
4856,2
4857,2
4858,2
4859,2
4860,1
4861,19
4862,2
4863,2
4864,2
4865,2
4866,1
4867,19
4868,2
4869,2
4870,2
4871,2
4872,1
4873,19
4874,2
4875,2
4876,2
4877,2
4878,1
4879,19
4880,2
4881,2
4882,2
4883,2
4884,1
4885,19
4886,2
4887,2
4888,2
4889,2
4890,1
4891,19
4892,2
4893,2
4894,2
4895,2
4896,12
4897,10
4898,15
4899,15
4900,0
4901,15
4902,12
4903,10
4904,15
4905,15
4906,0
4907,15
4908,12
4909,10
4910,15
4911,15
4912,0
4913,15
4914,12
4915,10
4916,15
4917,15
4918,0
4919,15
4920,12
4921,10
4922,15
4923,15
4924,0
4925,15
4926,12
4927,10
4928,15
4929,15
4930,0
4931,15
4932,12
4933,10
4934,15
4935,15
4936,0
4937,15
4938,12
4939,10
4940,15
4941,15
4942,0
4943,15
4944,12
4945,10
4946,15
4947,15
4948,0
4949,15
4950,12
4951,10
4952,15
4953,15
4954,0
4955,15
4956,12
4957,10
4958,15
4959,15
4960,0
4961,15
4962,12
4963,10
4964,15
4965,15
4966,0
4967,15
4968,12
4969,10
4970,15
4971,15
4972,0
4973,15
4974,12
4975,10
4976,15
4977,15
4978,0
4979,15
4980,12
4981,10
4982,15
4983,15
4984,0
4985,15
4986,12
4987,10
4988,15
4989,15
4990,0
4991,15
4992,12
4993,10
4994,15
4995,15
4996,0
4997,15
4998,12
4999,10
5000,15
5001,15
5002,0
5003,15
5004,12
5005,10
5006,15
5007,15
5008,0
5009,15
5010,12
5011,10
5012,15
5013,15
5014,0
5015,15
5016,12
5017,10
5018,15
5019,15
5020,0
5021,15
5022,12
5023,10
5024,15
5025,15
5026,0
5027,15
5028,12
5029,10
5030,15
5031,15
5032,0
5033,15
5034,12
5035,10
5036,15
5037,15
5038,0
5039,15
5040,12
5041,10
5042,15
5043,15
5044,0
5045,15
5046,12
5047,10
5048,15
5049,15
5050,0
5051,15
5052,12
5053,10
5054,15
5055,15
5056,0
5057,15
5058,12
5059,10
5060,15
5061,15
5062,0
5063,15
5064,12
5065,10
5066,15
5067,15
5068,0
5069,15
5070,12
5071,10
5072,15
5073,15
5074,0
5075,15
5076,12
5077,10
5078,15
5079,15
5080,0
5081,15
5082,12
5083,10
5084,15
5085,15
5086,0
5087,15
5088,12
5089,10
5090,15
5091,15
5092,0
5093,15
5094,12
5095,10
5096,15
5097,15
5098,0
5099,15
5100,12
5101,10
5102,15
5103,15
5104,0
5105,15
5106,12
5107,10
5108,15
5109,15
5110,0
5111,15
5112,1
5113,19
5114,2
5115,2
5116,2
5117,2
5118,1
5119,19
5120,2
5121,2
5122,2
5123,2
5124,1
5125,19
5126,2
5127,2
5128,2
5129,2
5130,1
5131,19
5132,2
5133,2
5134,2
5135,2
5136,1
5137,19
5138,2
5139,2
5140,2
5141,2
5142,1
5143,19
5144,2
5145,2
5146,2
5147,2
5148,1
5149,19
5150,2
5151,2
5152,2
5153,2
5154,1
5155,19
5156,2
5157,2
5158,2
5159,2
5160,1
5161,19
5162,2
5163,2
5164,2
5165,2
5166,1
5167,19
5168,2
5169,2
5170,2
5171,2
5172,1
5173,19
5174,2
5175,2
5176,2
5177,2
5178,1
5179,19
5180,2
5181,2
5182,2
5183,2
5184,1
5185,19
5186,2
5187,2
5188,2
5189,2
5190,1
5191,19
5192,2
5193,2
5194,2
5195,2
5196,1
5197,19
5198,2
5199,2
5200,2
5201,2
5202,1
5203,19
5204,2
5205,2
5206,2
5207,2
5208,1
5209,19
5210,2
5211,2
5212,2
5213,2
5214,1
5215,19
5216,2
5217,2
5218,2
5219,2
5220,1
5221,19
5222,2
5223,2
5224,2
5225,2
5226,1
5227,19
5228,2
5229,2
5230,2
5231,2
5232,1
5233,19
5234,2
5235,2
5236,2
5237,2
5238,1
5239,19
5240,2
5241,2
5242,2
5243,2
5244,1
5245,19
5246,2
5247,2
5248,2
5249,2
5250,1
5251,19
5252,2
5253,2
5254,2
5255,2
5256,12
5257,10
5258,11
5259,11
5260,0
5261,15
5262,12
5263,10
5264,11
5265,11
5266,0
5267,15
5268,12
5269,10
5270,11
5271,11
5272,0
5273,15
5274,12
5275,10
5276,11
5277,11
5278,0
5279,15
5280,12
5281,10
5282,11
5283,11
5284,0
5285,15
5286,12
5287,10
5288,11
5289,11
5290,0
5291,15
5292,12
5293,10
5294,11
5295,11
5296,0
5297,15
5298,12
5299,10
5300,11
5301,11
5302,0
5303,15
5304,12
5305,10
5306,11
5307,11
5308,0
5309,15
5310,12
5311,10
5312,11
5313,11
5314,0
5315,15
5316,12
5317,10
5318,11
5319,11
5320,0
5321,15
5322,12
5323,10
5324,11
5325,11
5326,0
5327,15
5328,1
5329,19
5330,2
5331,2
5332,2
5333,2
5334,1
5335,19
5336,2
5337,2
5338,2
5339,2
5340,1
5341,19
5342,2
5343,2
5344,2
5345,2
5346,1
5347,19
5348,2
5349,2
5350,2
5351,2
5352,1
5353,19
5354,2
5355,2
5356,2
5357,2
5358,1
5359,19
5360,2
5361,2
5362,2
5363,2
5364,1
5365,19
5366,2
5367,2
5368,2
5369,2
5370,1
5371,19
5372,2
5373,2
5374,2
5375,2
5376,1
5377,19
5378,2
5379,2
5380,2
5381,2
5382,1
5383,19
5384,2
5385,2
5386,2
5387,2
5388,1
5389,19
5390,2
5391,2
5392,2
5393,2
5394,1
5395,19
5396,2
5397,2
5398,2
5399,2
5400,12
5401,10
5402,15
5403,15
5404,0
5405,15
5406,12
5407,10
5408,15
5409,15
5410,0
5411,15
5412,12
5413,10
5414,15
5415,15
5416,0
5417,15
5418,12
5419,10
5420,15
5421,15
5422,0
5423,15
5424,12
5425,10
5426,15
5427,15
5428,0
5429,15
5430,12
5431,10
5432,15
5433,15
5434,0
5435,15
5436,12
5437,10
5438,15
5439,15
5440,0
5441,15
5442,12
5443,10
5444,15
5445,15
5446,0
5447,15
5448,12
5449,10
5450,15
5451,15
5452,0
5453,15
5454,12
5455,10
5456,15
5457,15
5458,0
5459,15
5460,12
5461,10
5462,15
5463,15
5464,0
5465,15
5466,12
5467,10
5468,15
5469,15
5470,0
5471,15
5472,12
5473,10
5474,15
5475,15
5476,0
5477,15
5478,12
5479,10
5480,15
5481,15
5482,0
5483,15
5484,12
5485,10
5486,15
5487,15
5488,0
5489,15
5490,12
5491,10
5492,15
5493,15
5494,0
5495,15
5496,12
5497,10
5498,15
5499,15
5500,0
5501,15
5502,12
5503,10
5504,15
5505,15
5506,0
5507,15
5508,12
5509,10
5510,15
5511,15
5512,0
5513,15
5514,12
5515,10
5516,15
5517,15
5518,0
5519,15
5520,12
5521,10
5522,15
5523,15
5524,0
5525,15
5526,12
5527,10
5528,15
5529,15
5530,0
5531,15
5532,12
5533,10
5534,15
5535,15
5536,0
5537,15
5538,12
5539,10
5540,15
5541,15
5542,0
5543,15
5544,1
5545,19
5546,2
5547,2
5548,2
5549,2
5550,1
5551,19
5552,2
5553,2
5554,2
5555,2
5556,1
5557,19
5558,2
5559,2
5560,2
5561,2
5562,1
5563,19
5564,2
5565,2
5566,2
5567,2
5568,1
5569,19
5570,2
5571,2
5572,2
5573,2
5574,1
5575,19
5576,2
5577,2
5578,2
5579,2
5580,1
5581,19
5582,2
5583,2
5584,2
5585,2
5586,1
5587,19
5588,2
5589,2
5590,2
5591,2
5592,1
5593,19
5594,2
5595,2
5596,2
5597,2
5598,1
5599,19
5600,2
5601,2
5602,2
5603,2
5604,1
5605,19
5606,2
5607,2
5608,2
5609,2
5610,1
5611,19
5612,2
5613,2
5614,2
5615,2
5616,1
5617,19
5618,2
5619,2
5620,14
5621,13
5622,1
5623,19
5624,2
5625,2
5626,14
5627,13
5628,1
5629,19
5630,2
5631,2
5632,14
5633,13
5634,1
5635,19
5636,2
5637,2
5638,14
5639,13
5640,1
5641,19
5642,2
5643,2
5644,14
5645,13
5646,1
5647,19
5648,2
5649,2
5650,14
5651,13
5652,1
5653,19
5654,2
5655,2
5656,14
5657,13
5658,1
5659,19
5660,2
5661,2
5662,14
5663,13
5664,1
5665,19
5666,2
5667,2
5668,14
5669,13
5670,1
5671,19
5672,2
5673,2
5674,14
5675,13
5676,1
5677,19
5678,2
5679,2
5680,14
5681,13
5682,1
5683,19
5684,2
5685,2
5686,14
5687,13
5688,12
5689,10
5690,15
5691,15
5692,0
5693,15
5694,12
5695,10
5696,15
5697,15
5698,0
5699,15
5700,12
5701,10
5702,15
5703,15
5704,0
5705,15
5706,12
5707,10
5708,15
5709,15
5710,0
5711,15
5712,12
5713,10
5714,15
5715,15
5716,0
5717,15
5718,12
5719,10
5720,15
5721,15
5722,0
5723,15
5724,12
5725,10
5726,15
5727,15
5728,0
5729,15
5730,12
5731,10
5732,15
5733,15
5734,0
5735,15
5736,12
5737,10
5738,15
5739,15
5740,0
5741,15
5742,12
5743,10
5744,15
5745,15
5746,0
5747,15
5748,12
5749,10
5750,15
5751,15
5752,0
5753,15
5754,12
5755,10
5756,15
5757,15
5758,0
5759,15
5760,1
5761,19
5762,2
5763,2
5764,2
5765,2
5766,1
5767,19
5768,2
5769,2
5770,2
5771,2
5772,1
5773,19
5774,2
5775,2
5776,2
5777,2
5778,1
5779,19
5780,2
5781,2
5782,2
5783,2
5784,1
5785,19
5786,2
5787,2
5788,2
5789,2
5790,1
5791,19
5792,2
5793,2
5794,2
5795,2
5796,1
5797,19
5798,2
5799,2
5800,2
5801,2
5802,1
5803,19
5804,2
5805,2
5806,2
5807,2
5808,1
5809,19
5810,2
5811,2
5812,2
5813,2
5814,1
5815,19
5816,2
5817,2
5818,2
5819,2
5820,1
5821,19
5822,2
5823,2
5824,2
5825,2
5826,1
5827,19
5828,2
5829,2
5830,2
5831,2
5832,1
5833,19
5834,13
5835,13
5836,14
5837,13
5838,1
5839,19
5840,13
5841,13
5842,14
5843,13
5844,1
5845,19
5846,13
5847,13
5848,14
5849,13
5850,1
5851,19
5852,13
5853,13
5854,14
5855,13
5856,1
5857,19
5858,13
5859,13
5860,14
5861,13
5862,1
5863,19
5864,13
5865,13
5866,14
5867,13
5868,1
5869,19
5870,13
5871,13
5872,14
5873,13
5874,1
5875,19
5876,13
5877,13
5878,14
5879,13
5880,1
5881,19
5882,13
5883,13
5884,14
5885,13
5886,1
5887,19
5888,13
5889,13
5890,14
5891,13
5892,1
5893,19
5894,13
5895,13
5896,14
5897,13
5898,1
5899,19
5900,13
5901,13
5902,14
5903,13
5904,12
5905,10
5906,15
5907,15
5908,0
5909,15
5910,12
5911,10
5912,15
5913,15
5914,0
5915,15
5916,12
5917,10
5918,15
5919,15
5920,0
5921,15
5922,12
5923,10
5924,15
5925,15
5926,0
5927,15
5928,12
5929,10
5930,15
5931,15
5932,0
5933,15
5934,12
5935,10
5936,15
5937,15
5938,0
5939,15
5940,12
5941,10
5942,15
5943,15
5944,0
5945,15
5946,12
5947,10
5948,15
5949,15
5950,0
5951,15
5952,12
5953,10
5954,15
5955,15
5956,0
5957,15
5958,12
5959,10
5960,15
5961,15
5962,0
5963,15
5964,12
5965,10
5966,15
5967,15
5968,0
5969,15
5970,12
5971,10
5972,15
5973,15
5974,0
5975,15
5976,1
5977,19
5978,13
5979,13
5980,14
5981,13
5982,1
5983,19
5984,13
5985,13
5986,14
5987,13
5988,1
5989,19
5990,13
5991,13
5992,14
5993,13
5994,1
5995,19
5996,13
5997,13
5998,14
5999,13
6000,1
6001,19
6002,13
6003,13
6004,14
6005,13
6006,1
6007,19
6008,13
6009,13
6010,14
6011,13
6012,1
6013,19
6014,13
6015,13
6016,14
6017,13
6018,1
6019,19
6020,13
6021,13
6022,14
6023,13
6024,1
6025,19
6026,13
6027,13
6028,14
6029,13
6030,1
6031,19
6032,13
6033,13
6034,14
6035,13
6036,1
6037,19
6038,13
6039,13
6040,14
6041,13
6042,1
6043,19
6044,13
6045,13
6046,14
6047,13
6048,1
6049,19
6050,13
6051,13
6052,14
6053,13
6054,1
6055,19
6056,13
6057,13
6058,14
6059,13
6060,1
6061,19
6062,13
6063,13
6064,14
6065,13
6066,1
6067,19
6068,13
6069,13
6070,14
6071,13
6072,1
6073,19
6074,13
6075,13
6076,14
6077,13
6078,1
6079,19
6080,13
6081,13
6082,14
6083,13
6084,1
6085,19
6086,13
6087,13
6088,14
6089,13
6090,1
6091,19
6092,13
6093,13
6094,14
6095,13
6096,1
6097,19
6098,13
6099,13
6100,14
6101,13
6102,1
6103,19
6104,13
6105,13
6106,14
6107,13
6108,1
6109,19
6110,13
6111,13
6112,14
6113,13
6114,1
6115,19
6116,13
6117,13
6118,14
6119,13
6120,1
6121,19
6122,2
6123,2
6124,2
6125,2
6126,1
6127,19
6128,2
6129,2
6130,2
6131,2
6132,1
6133,19
6134,2
6135,2
6136,2
6137,2
6138,1
6139,19
6140,2
6141,2
6142,2
6143,2
6144,1
6145,19
6146,2
6147,2
6148,2
6149,2
6150,1
6151,19
6152,2
6153,2
6154,2
6155,2
6156,1
6157,19
6158,2
6159,2
6160,2
6161,2
6162,1
6163,19
6164,2
6165,2
6166,2
6167,2
6168,1
6169,19
6170,2
6171,2
6172,2
6173,2
6174,1
6175,19
6176,2
6177,2
6178,2
6179,2
6180,1
6181,19
6182,2
6183,2
6184,2
6185,2
6186,1
6187,19
6188,2
6189,2
6190,2
6191,2
6192,1
6193,19
6194,2
6195,2
6196,2
6197,2
6198,1
6199,19
6200,2
6201,2
6202,2
6203,2
6204,1
6205,19
6206,2
6207,2
6208,2
6209,2
6210,1
6211,19
6212,2
6213,2
6214,2
6215,2
6216,1
6217,19
6218,2
6219,2
6220,2
6221,2
6222,1
6223,19
6224,2
6225,2
6226,2
6227,2
6228,1
6229,19
6230,2
6231,2
6232,2
6233,2
6234,1
6235,19
6236,2
6237,2
6238,2
6239,2
6240,1
6241,19
6242,2
6243,2
6244,2
6245,2
6246,1
6247,19
6248,2
6249,2
6250,2
6251,2
6252,1
6253,19
6254,2
6255,2
6256,2
6257,2
6258,1
6259,19
6260,2
6261,2
6262,2
6263,2
6264,12
6265,10
6266,15
6267,15
6268,0
6269,15
6270,12
6271,10
6272,15
6273,15
6274,0
6275,15
6276,12
6277,10
6278,15
6279,15
6280,0
6281,15
6282,12
6283,10
6284,15
6285,15
6286,0
6287,15
6288,12
6289,10
6290,15
6291,15
6292,0
6293,15
6294,12
6295,10
6296,15
6297,15
6298,0
6299,15
6300,12
6301,10
6302,15
6303,15
6304,0
6305,15
6306,12
6307,10
6308,15
6309,15
6310,0
6311,15
6312,12
6313,10
6314,15
6315,15
6316,0
6317,15
6318,12
6319,10
6320,15
6321,15
6322,0
6323,15
6324,12
6325,10
6326,15
6327,15
6328,0
6329,15
6330,12
6331,10
6332,15
6333,15
6334,0
6335,15
6336,1
6337,19
6338,13
6339,13
6340,14
6341,13
6342,1
6343,19
6344,13
6345,13
6346,14
6347,13
6348,1
6349,19
6350,13
6351,13
6352,14
6353,13
6354,1
6355,19
6356,13
6357,13
6358,14
6359,13
6360,1
6361,19
6362,13
6363,13
6364,14
6365,13
6366,1
6367,19
6368,13
6369,13
6370,14
6371,13
6372,1
6373,19
6374,13
6375,13
6376,14
6377,13
6378,1
6379,19
6380,13
6381,13
6382,14
6383,13
6384,1
6385,19
6386,13
6387,13
6388,14
6389,13
6390,1
6391,19
6392,13
6393,13
6394,14
6395,13
6396,1
6397,19
6398,13
6399,13
6400,14
6401,13
6402,1
6403,19
6404,13
6405,13
6406,14
6407,13
6408,1
6409,19
6410,13
6411,13
6412,14
6413,13
6414,1
6415,19
6416,13
6417,13
6418,14
6419,13
6420,1
6421,19
6422,13
6423,13
6424,14
6425,13
6426,1
6427,19
6428,13
6429,13
6430,14
6431,13
6432,1
6433,19
6434,13
6435,13
6436,14
6437,13
6438,1
6439,19
6440,13
6441,13
6442,14
6443,13
6444,1
6445,19
6446,13
6447,13
6448,14
6449,13
6450,1
6451,19
6452,13
6453,13
6454,14
6455,13
6456,1
6457,19
6458,13
6459,13
6460,14
6461,13
6462,1
6463,19
6464,13
6465,13
6466,14
6467,13
6468,1
6469,19
6470,13
6471,13
6472,14
6473,13
6474,1
6475,19
6476,13
6477,13
6478,14
6479,13
6480,12
6481,10
6482,15
6483,15
6484,0
6485,15
6486,12
6487,10
6488,15
6489,15
6490,0
6491,15
6492,12
6493,10
6494,15
6495,15
6496,0
6497,15
6498,12
6499,10
6500,15
6501,15
6502,0
6503,15
6504,12
6505,10
6506,15
6507,15
6508,0
6509,15
6510,12
6511,10
6512,15
6513,15
6514,0
6515,15
6516,12
6517,10
6518,15
6519,15
6520,0
6521,15
6522,12
6523,10
6524,15
6525,15
6526,0
6527,15
6528,12
6529,10
6530,15
6531,15
6532,0
6533,15
6534,12
6535,10
6536,15
6537,15
6538,0
6539,15
6540,12
6541,10
6542,15
6543,15
6544,0
6545,15
6546,12
6547,10
6548,15
6549,15
6550,0
6551,15
6552,12
6553,10
6554,15
6555,15
6556,0
6557,15
6558,12
6559,10
6560,15
6561,15
6562,0
6563,15
6564,12
6565,10
6566,15
6567,15
6568,0
6569,15
6570,12
6571,10
6572,15
6573,15
6574,0
6575,15
6576,12
6577,10
6578,15
6579,15
6580,0
6581,15
6582,12
6583,10
6584,15
6585,15
6586,0
6587,15
6588,12
6589,10
6590,15
6591,15
6592,0
6593,15
6594,12
6595,10
6596,15
6597,15
6598,0
6599,15
6600,12
6601,10
6602,15
6603,15
6604,0
6605,15
6606,12
6607,10
6608,15
6609,15
6610,0
6611,15
6612,12
6613,10
6614,15
6615,15
6616,0
6617,15
6618,12
6619,10
6620,15
6621,15
6622,0
6623,15
6624,12
6625,10
6626,15
6627,15
6628,0
6629,15
6630,12
6631,10
6632,15
6633,15
6634,0
6635,15
6636,12
6637,10
6638,15
6639,15
6640,0
6641,15
6642,12
6643,10
6644,15
6645,15
6646,0
6647,15
6648,12
6649,10
6650,15
6651,15
6652,0
6653,15
6654,12
6655,10
6656,15
6657,15
6658,0
6659,15
6660,12
6661,10
6662,15
6663,15
6664,0
6665,15
6666,12
6667,10
6668,15
6669,15
6670,0
6671,15
6672,12
6673,10
6674,15
6675,15
6676,0
6677,15
6678,12
6679,10
6680,15
6681,15
6682,0
6683,15
6684,12
6685,10
6686,15
6687,15
6688,0
6689,15
6690,12
6691,10
6692,15
6693,15
6694,0
6695,15
6696,12
6697,10
6698,11
6699,11
6700,0
6701,15
6702,12
6703,10
6704,11
6705,11
6706,0
6707,15
6708,12
6709,10
6710,11
6711,11
6712,0
6713,15
6714,12
6715,10
6716,11
6717,11
6718,0
6719,15
6720,12
6721,10
6722,11
6723,11
6724,0
6725,15
6726,12
6727,10
6728,11
6729,11
6730,0
6731,15
6732,12
6733,10
6734,11
6735,11
6736,0
6737,15
6738,12
6739,10
6740,11
6741,11
6742,0
6743,15
6744,12
6745,10
6746,11
6747,11
6748,0
6749,15
6750,12
6751,10
6752,11
6753,11
6754,0
6755,15
6756,12
6757,10
6758,11
6759,11
6760,0
6761,15
6762,12
6763,10
6764,11
6765,11
6766,0
6767,15
6768,12
6769,10
6770,15
6771,15
6772,0
6773,15
6774,12
6775,10
6776,15
6777,15
6778,0
6779,15
6780,12
6781,10
6782,15
6783,15
6784,0
6785,15
6786,12
6787,10
6788,15
6789,15
6790,0
6791,15
6792,12
6793,10
6794,15
6795,15
6796,0
6797,15
6798,12
6799,10
6800,15
6801,15
6802,0
6803,15
6804,12
6805,10
6806,15
6807,15
6808,0
6809,15
6810,12
6811,10
6812,15
6813,15
6814,0
6815,15
6816,12
6817,10
6818,15
6819,15
6820,0
6821,15
6822,12
6823,10
6824,15
6825,15
6826,0
6827,15
6828,12
6829,10
6830,15
6831,15
6832,0
6833,15
6834,12
6835,10
6836,15
6837,15
6838,0
6839,15
6840,1
6841,19
6842,13
6843,13
6844,14
6845,13
6846,1
6847,19
6848,13
6849,13
6850,14
6851,13
6852,1
6853,19
6854,13
6855,13
6856,14
6857,13
6858,1
6859,19
6860,13
6861,13
6862,14
6863,13
6864,1
6865,19
6866,13
6867,13
6868,14
6869,13
6870,1
6871,19
6872,13
6873,13
6874,14
6875,13
6876,1
6877,19
6878,13
6879,13
6880,14
6881,13
6882,1
6883,19
6884,13
6885,13
6886,14
6887,13
6888,1
6889,19
6890,13
6891,13
6892,14
6893,13
6894,1
6895,19
6896,13
6897,13
6898,14
6899,13
6900,1
6901,19
6902,13
6903,13
6904,14
6905,13
6906,1
6907,19
6908,13
6909,13
6910,14
6911,13
6912,1
6913,19
6914,13
6915,13
6916,14
6917,13
6918,1
6919,19
6920,13
6921,13
6922,14
6923,13
6924,1
6925,19
6926,13
6927,13
6928,14
6929,13
6930,1
6931,19
6932,13
6933,13
6934,14
6935,13
6936,1
6937,19
6938,13
6939,13
6940,14
6941,13
6942,1
6943,19
6944,13
6945,13
6946,14
6947,13
6948,1
6949,19
6950,13
6951,13
6952,14
6953,13
6954,1
6955,19
6956,13
6957,13
6958,14
6959,13
6960,1
6961,19
6962,13
6963,13
6964,14
6965,13
6966,1
6967,19
6968,13
6969,13
6970,14
6971,13
6972,1
6973,19
6974,13
6975,13
6976,14
6977,13
6978,1
6979,19
6980,13
6981,13
6982,14
6983,13
6984,1
6985,19
6986,2
6987,13
6988,14
6989,13
6990,1
6991,19
6992,2
6993,13
6994,14
6995,13
6996,1
6997,19
6998,2
6999,13
7000,14
7001,13
7002,1
7003,19
7004,2
7005,13
7006,14
7007,13
7008,1
7009,19
7010,2
7011,13
7012,14
7013,13
7014,1
7015,19
7016,2
7017,13
7018,14
7019,13
7020,1
7021,19
7022,2
7023,13
7024,14
7025,13
7026,1
7027,19
7028,2
7029,13
7030,14
7031,13
7032,1
7033,19
7034,2
7035,13
7036,14
7037,13
7038,1
7039,19
7040,2
7041,13
7042,14
7043,13
7044,1
7045,19
7046,2
7047,13
7048,14
7049,13
7050,1
7051,19
7052,2
7053,13
7054,14
7055,13
7056,1
7057,19
7058,13
7059,13
7060,14
7061,13
7062,1
7063,19
7064,13
7065,13
7066,14
7067,13
7068,1
7069,19
7070,13
7071,13
7072,14
7073,13
7074,1
7075,19
7076,13
7077,13
7078,14
7079,13
7080,1
7081,19
7082,13
7083,13
7084,14
7085,13
7086,1
7087,19
7088,13
7089,13
7090,14
7091,13
7092,1
7093,19
7094,13
7095,13
7096,14
7097,13
7098,1
7099,19
7100,13
7101,13
7102,14
7103,13
7104,1
7105,19
7106,13
7107,13
7108,14
7109,13
7110,1
7111,19
7112,13
7113,13
7114,14
7115,13
7116,1
7117,19
7118,13
7119,13
7120,14
7121,13
7122,1
7123,19
7124,13
7125,13
7126,14
7127,13
7128,12
7129,10
7130,15
7131,15
7132,0
7133,15
7134,12
7135,10
7136,15
7137,15
7138,0
7139,15
7140,12
7141,10
7142,15
7143,15
7144,0
7145,15
7146,12
7147,10
7148,15
7149,15
7150,0
7151,15
7152,12
7153,10
7154,15
7155,15
7156,0
7157,15
7158,12
7159,10
7160,15
7161,15
7162,0
7163,15
7164,12
7165,10
7166,15
7167,15
7168,0
7169,15
7170,12
7171,10
7172,15
7173,15
7174,0
7175,15
7176,12
7177,10
7178,15
7179,15
7180,0
7181,15
7182,12
7183,10
7184,15
7185,15
7186,0
7187,15
7188,12
7189,10
7190,15
7191,15
7192,0
7193,15
7194,12
7195,10
7196,15
7197,15
7198,0
7199,15
7200,17
7201,4
7202,14
7203,6
7204,6
7205,6
7206,17
7207,4
7208,14
7209,6
7210,6
7211,6
7212,17
7213,4
7214,14
7215,6
7216,6
7217,6
7218,17
7219,4
7220,14
7221,6
7222,6
7223,6
7224,17
7225,4
7226,14
7227,6
7228,6
7229,6
7230,17
7231,4
7232,14
7233,6
7234,6
7235,6
7236,17
7237,4
7238,14
7239,6
7240,6
7241,6
7242,17
7243,4
7244,14
7245,6
7246,6
7247,6
7248,17
7249,4
7250,14
7251,6
7252,6
7253,6
7254,17
7255,4
7256,14
7257,6
7258,6
7259,6
7260,17
7261,4
7262,14
7263,6
7264,6
7265,6
7266,17
7267,4
7268,14
7269,6
7270,6
7271,6
7272,12
7273,3
7274,8
7275,8
7276,8
7277,8
7278,12
7279,3
7280,8
7281,8
7282,8
7283,8
7284,12
7285,3
7286,8
7287,8
7288,8
7289,8
7290,12
7291,3
7292,8
7293,8
7294,8
7295,8
7296,12
7297,3
7298,8
7299,8
7300,8
7301,8
7302,12
7303,3
7304,8
7305,8
7306,8
7307,8
7308,12
7309,3
7310,8
7311,8
7312,8
7313,8
7314,12
7315,3
7316,8
7317,8
7318,8
7319,8
7320,12
7321,3
7322,8
7323,8
7324,8
7325,8
7326,12
7327,3
7328,8
7329,8
7330,8
7331,8
7332,12
7333,3
7334,8
7335,8
7336,8
7337,8
7338,12
7339,3
7340,8
7341,8
7342,8
7343,8
7344,17
7345,18
7346,14
7347,9
7348,9
7349,9
7350,17
7351,18
7352,14
7353,9
7354,9
7355,9
7356,17
7357,18
7358,14
7359,9
7360,9
7361,9
7362,17
7363,18
7364,14
7365,9
7366,9
7367,9
7368,17
7369,18
7370,14
7371,9
7372,9
7373,9
7374,17
7375,18
7376,14
7377,9
7378,9
7379,9
7380,17
7381,18
7382,14
7383,9
7384,9
7385,9
7386,17
7387,18
7388,14
7389,9
7390,9
7391,9
7392,17
7393,18
7394,14
7395,9
7396,9
7397,9
7398,17
7399,18
7400,14
7401,9
7402,9
7403,9
7404,17
7405,18
7406,14
7407,9
7408,9
7409,9
7410,17
7411,18
7412,14
7413,9
7414,9
7415,9
7416,17
7417,4
7418,14
7419,6
7420,6
7421,6
7422,17
7423,4
7424,14
7425,6
7426,6
7427,6
7428,17
7429,4
7430,14
7431,6
7432,6
7433,6
7434,17
7435,4
7436,14
7437,6
7438,6
7439,6
7440,17
7441,4
7442,14
7443,6
7444,6
7445,6
7446,17
7447,4
7448,14
7449,6
7450,6
7451,6
7452,17
7453,4
7454,14
7455,6
7456,6
7457,6
7458,17
7459,4
7460,14
7461,6
7462,6
7463,6
7464,17
7465,4
7466,14
7467,6
7468,6
7469,6
7470,17
7471,4
7472,14
7473,6
7474,6
7475,6
7476,17
7477,4
7478,14
7479,6
7480,6
7481,6
7482,17
7483,4
7484,14
7485,6
7486,6
7487,6
7488,17
7489,18
7490,14
7491,9
7492,9
7493,9
7494,17
7495,18
7496,14
7497,9
7498,9
7499,9
7500,17
7501,18
7502,14
7503,9
7504,9
7505,9
7506,17
7507,18
7508,14
7509,9
7510,9
7511,9
7512,17
7513,18
7514,14
7515,9
7516,9
7517,9
7518,17
7519,18
7520,14
7521,9
7522,9
7523,9
7524,17
7525,18
7526,14
7527,9
7528,9
7529,9
7530,17
7531,18
7532,14
7533,9
7534,9
7535,9
7536,17
7537,18
7538,14
7539,9
7540,9
7541,9
7542,17
7543,18
7544,14
7545,9
7546,9
7547,9
7548,17
7549,18
7550,14
7551,9
7552,9
7553,9
7554,17
7555,18
7556,14
7557,9
7558,9
7559,9
7560,17
7561,18
7562,2
7563,9
7564,9
7565,9
7566,17
7567,18
7568,2
7569,9
7570,9
7571,9
7572,17
7573,18
7574,2
7575,9
7576,9
7577,9
7578,17
7579,18
7580,2
7581,9
7582,9
7583,9
7584,17
7585,18
7586,2
7587,9
7588,9
7589,9
7590,17
7591,18
7592,2
7593,9
7594,9
7595,9
7596,17
7597,18
7598,2
7599,9
7600,9
7601,9
7602,17
7603,18
7604,2
7605,9
7606,9
7607,9
7608,17
7609,18
7610,2
7611,9
7612,9
7613,9
7614,17
7615,18
7616,2
7617,9
7618,9
7619,9
7620,17
7621,18
7622,2
7623,9
7624,9
7625,9
7626,17
7627,18
7628,2
7629,9
7630,9
7631,9
7632,17
7633,18
7634,2
7635,9
7636,9
7637,9
7638,17
7639,18
7640,2
7641,9
7642,9
7643,9
7644,17
7645,18
7646,2
7647,9
7648,9
7649,9
7650,17
7651,18
7652,2
7653,9
7654,9
7655,9
7656,17
7657,18
7658,2
7659,9
7660,9
7661,9
7662,17
7663,18
7664,2
7665,9
7666,9
7667,9
7668,17
7669,18
7670,2
7671,9
7672,9
7673,9
7674,17
7675,18
7676,2
7677,9
7678,9
7679,9
7680,17
7681,18
7682,2
7683,9
7684,9
7685,9
7686,17
7687,18
7688,2
7689,9
7690,9
7691,9
7692,17
7693,18
7694,2
7695,9
7696,9
7697,9
7698,17
7699,18
7700,2
7701,9
7702,9
7703,9
7704,17
7705,4
7706,14
7707,9
7708,6
7709,6
7710,17
7711,4
7712,14
7713,9
7714,6
7715,6
7716,17
7717,4
7718,14
7719,9
7720,6
7721,6
7722,17
7723,4
7724,14
7725,9
7726,6
7727,6
7728,17
7729,4
7730,14
7731,9
7732,6
7733,6
7734,17
7735,4
7736,14
7737,9
7738,6
7739,6
7740,17
7741,4
7742,14
7743,9
7744,6
7745,6
7746,17
7747,4
7748,14
7749,9
7750,6
7751,6
7752,17
7753,4
7754,14
7755,9
7756,6
7757,6
7758,17
7759,4
7760,14
7761,9
7762,6
7763,6
7764,17
7765,4
7766,14
7767,9
7768,6
7769,6
7770,17
7771,4
7772,14
7773,9
7774,6
7775,6
7776,17
7777,4
7778,14
7779,9
7780,6
7781,6
7782,17
7783,4
7784,14
7785,9
7786,6
7787,6
7788,17
7789,4
7790,14
7791,9
7792,6
7793,6
7794,17
7795,4
7796,14
7797,9
7798,6
7799,6
7800,17
7801,4
7802,14
7803,9
7804,6
7805,6
7806,17
7807,4
7808,14
7809,9
7810,6
7811,6
7812,17
7813,4
7814,14
7815,9
7816,6
7817,6
7818,17
7819,4
7820,14
7821,9
7822,6
7823,6
7824,17
7825,4
7826,14
7827,9
7828,6
7829,6
7830,17
7831,4
7832,14
7833,9
7834,6
7835,6
7836,17
7837,4
7838,14
7839,9
7840,6
7841,6
7842,17
7843,4
7844,14
7845,9
7846,6
7847,6
7848,17
7849,18
7850,2
7851,9
7852,9
7853,9
7854,17
7855,18
7856,2
7857,9
7858,9
7859,9
7860,17
7861,18
7862,2
7863,9
7864,9
7865,9
7866,17
7867,18
7868,2
7869,9
7870,9
7871,9
7872,17
7873,18
7874,2
7875,9
7876,9
7877,9
7878,17
7879,18
7880,2
7881,9
7882,9
7883,9
7884,17
7885,18
7886,2
7887,9
7888,9
7889,9
7890,17
7891,18
7892,2
7893,9
7894,9
7895,9
7896,17
7897,18
7898,2
7899,9
7900,9
7901,9
7902,17
7903,18
7904,2
7905,9
7906,9
7907,9
7908,17
7909,18
7910,2
7911,9
7912,9
7913,9
7914,17
7915,18
7916,2
7917,9
7918,9
7919,9
7920,17
7921,4
7922,14
7923,9
7924,6
7925,6
7926,17
7927,4
7928,14
7929,9
7930,6
7931,6
7932,17
7933,4
7934,14
7935,9
7936,6
7937,6
7938,17
7939,4
7940,14
7941,9
7942,6
7943,6
7944,17
7945,4
7946,14
7947,9
7948,6
7949,6
7950,17
7951,4
7952,14
7953,9
7954,6
7955,6
7956,17
7957,4
7958,14
7959,9
7960,6
7961,6
7962,17
7963,4
7964,14
7965,9
7966,6
7967,6
7968,17
7969,4
7970,14
7971,9
7972,6
7973,6
7974,17
7975,4
7976,14
7977,9
7978,6
7979,6
7980,17
7981,4
7982,14
7983,9
7984,6
7985,6
7986,17
7987,4
7988,14
7989,9
7990,6
7991,6
7992,17
7993,4
7994,14
7995,9
7996,6
7997,6
7998,17
7999,4
8000,14
8001,9
8002,6
8003,6
8004,17
8005,4
8006,14
8007,9
8008,6
8009,6
8010,17
8011,4
8012,14
8013,9
8014,6
8015,6
8016,17
8017,4
8018,14
8019,9
8020,6
8021,6
8022,17
8023,4
8024,14
8025,9
8026,6
8027,6
8028,17
8029,4
8030,14
8031,9
8032,6
8033,6
8034,17
8035,4
8036,14
8037,9
8038,6
8039,6
8040,17
8041,4
8042,14
8043,9
8044,6
8045,6
8046,17
8047,4
8048,14
8049,9
8050,6
8051,6
8052,17
8053,4
8054,14
8055,9
8056,6
8057,6
8058,17
8059,4
8060,14
8061,9
8062,6
8063,6
8064,17
8065,4
8066,14
8067,9
8068,6
8069,6
8070,17
8071,4
8072,14
8073,9
8074,6
8075,6
8076,17
8077,4
8078,14
8079,9
8080,6
8081,6
8082,17
8083,4
8084,14
8085,9
8086,6
8087,6
8088,17
8089,4
8090,14
8091,9
8092,6
8093,6
8094,17
8095,4
8096,14
8097,9
8098,6
8099,6
8100,17
8101,4
8102,14
8103,9
8104,6
8105,6
8106,17
8107,4
8108,14
8109,9
8110,6
8111,6
8112,17
8113,4
8114,14
8115,9
8116,6
8117,6
8118,17
8119,4
8120,14
8121,9
8122,6
8123,6
8124,17
8125,4
8126,14
8127,9
8128,6
8129,6
8130,17
8131,4
8132,14
8133,9
8134,6
8135,6
8136,17
8137,18
8138,14
8139,9
8140,9
8141,9
8142,17
8143,18
8144,14
8145,9
8146,9
8147,9
8148,17
8149,18
8150,14
8151,9
8152,9
8153,9
8154,17
8155,18
8156,14
8157,9
8158,9
8159,9
8160,17
8161,18
8162,14
8163,9
8164,9
8165,9
8166,17
8167,18
8168,14
8169,9
8170,9
8171,9
8172,17
8173,18
8174,14
8175,9
8176,9
8177,9
8178,17
8179,18
8180,14
8181,9
8182,9
8183,9
8184,17
8185,18
8186,14
8187,9
8188,9
8189,9
8190,17
8191,18
8192,14
8193,9
8194,9
8195,9
8196,17
8197,18
8198,14
8199,9
8200,9
8201,9
8202,17
8203,18
8204,14
8205,9
8206,9
8207,9
8208,12
8209,3
8210,0
8211,7
8212,7
8213,7
8214,12
8215,3
8216,0
8217,7
8218,7
8219,7
8220,12
8221,3
8222,0
8223,7
8224,7
8225,7
8226,12
8227,3
8228,0
8229,7
8230,7
8231,7
8232,12
8233,3
8234,0
8235,7
8236,7
8237,7
8238,12
8239,3
8240,0
8241,7
8242,7
8243,7
8244,12
8245,3
8246,0
8247,7
8248,7
8249,7
8250,12
8251,3
8252,0
8253,7
8254,7
8255,7
8256,12
8257,3
8258,0
8259,7
8260,7
8261,7
8262,12
8263,3
8264,0
8265,7
8266,7
8267,7
8268,12
8269,3
8270,0
8271,7
8272,7
8273,7
8274,12
8275,3
8276,0
8277,7
8278,7
8279,7
8280,12
8281,3
8282,8
8283,8
8284,8
8285,8
8286,12
8287,3
8288,8
8289,8
8290,8
8291,8
8292,12
8293,3
8294,8
8295,8
8296,8
8297,8
8298,12
8299,3
8300,8
8301,8
8302,8
8303,8
8304,12
8305,3
8306,8
8307,8
8308,8
8309,8
8310,12
8311,3
8312,8
8313,8
8314,8
8315,8
8316,12
8317,3
8318,8
8319,8
8320,8
8321,8
8322,12
8323,3
8324,8
8325,8
8326,8
8327,8
8328,12
8329,3
8330,8
8331,8
8332,8
8333,8
8334,12
8335,3
8336,8
8337,8
8338,8
8339,8
8340,12
8341,3
8342,8
8343,8
8344,8
8345,8
8346,12
8347,3
8348,8
8349,8
8350,8
8351,8
8352,12
8353,3
8354,2
8355,8
8356,8
8357,8
8358,12
8359,3
8360,2
8361,8
8362,8
8363,8
8364,12
8365,3
8366,2
8367,8
8368,8
8369,8
8370,12
8371,3
8372,2
8373,8
8374,8
8375,8
8376,12
8377,3
8378,2
8379,8
8380,8
8381,8
8382,12
8383,3
8384,2
8385,8
8386,8
8387,8
8388,12
8389,3
8390,2
8391,8
8392,8
8393,8
8394,12
8395,3
8396,2
8397,8
8398,8
8399,8
8400,12
8401,3
8402,2
8403,8
8404,8
8405,8
8406,12
8407,3
8408,2
8409,8
8410,8
8411,8
8412,12
8413,3
8414,2
8415,8
8416,8
8417,8
8418,12
8419,3
8420,2
8421,8
8422,8
8423,8
8424,17
8425,18
8426,2
8427,9
8428,9
8429,9
8430,17
8431,18
8432,2
8433,9
8434,9
8435,9
8436,17
8437,18
8438,2
8439,9
8440,9
8441,9
8442,17
8443,18
8444,2
8445,9
8446,9
8447,9
8448,17
8449,18
8450,2
8451,9
8452,9
8453,9
8454,17
8455,18
8456,2
8457,9
8458,9
8459,9
8460,17
8461,18
8462,2
8463,9
8464,9
8465,9
8466,17
8467,18
8468,2
8469,9
8470,9
8471,9
8472,17
8473,18
8474,2
8475,9
8476,9
8477,9
8478,17
8479,18
8480,2
8481,9
8482,9
8483,9
8484,17
8485,18
8486,2
8487,9
8488,9
8489,9
8490,17
8491,18
8492,2
8493,9
8494,9
8495,9
8496,17
8497,4
8498,14
8499,9
8500,9
8501,9
8502,17
8503,4
8504,14
8505,9
8506,9
8507,9
8508,17
8509,4
8510,14
8511,9
8512,9
8513,9
8514,17
8515,4
8516,14
8517,9
8518,9
8519,9
8520,17
8521,4
8522,14
8523,9
8524,9
8525,9
8526,17
8527,4
8528,14
8529,9
8530,9
8531,9
8532,17
8533,4
8534,14
8535,9
8536,9
8537,9
8538,17
8539,4
8540,14
8541,9
8542,9
8543,9
8544,17
8545,4
8546,14
8547,9
8548,9
8549,9
8550,17
8551,4
8552,14
8553,9
8554,9
8555,9
8556,17
8557,4
8558,14
8559,9
8560,9
8561,9
8562,17
8563,4
8564,14
8565,9
8566,9
8567,9
8568,17
8569,18
8570,14
8571,9
8572,9
8573,9
8574,17
8575,18
8576,14
8577,9
8578,9
8579,9
8580,17
8581,18
8582,14
8583,9
8584,9
8585,9
8586,17
8587,18
8588,14
8589,9
8590,9
8591,9
8592,17
8593,18
8594,14
8595,9
8596,9
8597,9
8598,17
8599,18
8600,14
8601,9
8602,9
8603,9
8604,17
8605,18
8606,14
8607,9
8608,9
8609,9
8610,17
8611,18
8612,14
8613,9
8614,9
8615,9
8616,17
8617,18
8618,14
8619,9
8620,9
8621,9
8622,17
8623,18
8624,14
8625,9
8626,9
8627,9
8628,17
8629,18
8630,14
8631,9
8632,9
8633,9
8634,17
8635,18
8636,14
8637,9
8638,9
8639,9
8640,17
8641,4
8642,14
8643,9
8644,9
8645,6
8646,17
8647,4
8648,14
8649,9
8650,9
8651,6
8652,17
8653,4
8654,14
8655,9
8656,9
8657,6
8658,17
8659,4
8660,14
8661,9
8662,9
8663,6
8664,17
8665,4
8666,14
8667,9
8668,9
8669,6
8670,17
8671,4
8672,14
8673,9
8674,9
8675,6
8676,17
8677,4
8678,14
8679,9
8680,9
8681,6
8682,17
8683,4
8684,14
8685,9
8686,9
8687,6
8688,17
8689,4
8690,14
8691,9
8692,9
8693,6
8694,17
8695,4
8696,14
8697,9
8698,9
8699,6
8700,17
8701,4
8702,14
8703,9
8704,9
8705,6
8706,17
8707,4
8708,14
8709,9
8710,9
8711,6
8712,17
8713,5
8714,14
8715,6
8716,6
8717,6
8718,17
8719,5
8720,14
8721,6
8722,6
8723,6
8724,17
8725,5
8726,14
8727,6
8728,6
8729,6
8730,17
8731,5
8732,14
8733,6
8734,6
8735,6
8736,17
8737,5
8738,14
8739,6
8740,6
8741,6
8742,17
8743,5
8744,14
8745,6
8746,6
8747,6
8748,17
8749,5
8750,14
8751,6
8752,6
8753,6
8754,17
8755,5
8756,14
8757,6
8758,6
8759,6
8760,17
8761,5
8762,14
8763,6
8764,6
8765,6
8766,17
8767,5
8768,14
8769,6
8770,6
8771,6
8772,17
8773,5
8774,14
8775,6
8776,6
8777,6
8778,17
8779,5
8780,14
8781,6
8782,6
8783,6
8784,17
8785,5
8786,14
8787,6
8788,6
8789,6
8790,17
8791,5
8792,14
8793,6
8794,6
8795,6
8796,17
8797,5
8798,14
8799,6
8800,6
8801,6
8802,17
8803,5
8804,14
8805,6
8806,6
8807,6
8808,17
8809,5
8810,14
8811,6
8812,6
8813,6
8814,17
8815,5
8816,14
8817,6
8818,6
8819,6
8820,17
8821,5
8822,14
8823,6
8824,6
8825,6
8826,17
8827,5
8828,14
8829,6
8830,6
8831,6
8832,17
8833,5
8834,14
8835,6
8836,6
8837,6
8838,17
8839,5
8840,14
8841,6
8842,6
8843,6
8844,17
8845,5
8846,14
8847,6
8848,6
8849,6
8850,17
8851,5
8852,14
8853,6
8854,6
8855,6
8856,17
8857,4
8858,14
8859,9
8860,9
8861,9
8862,17
8863,4
8864,14
8865,9
8866,9
8867,9
8868,17
8869,4
8870,14
8871,9
8872,9
8873,9
8874,17
8875,4
8876,14
8877,9
8878,9
8879,9
8880,17
8881,4
8882,14
8883,9
8884,9
8885,9
8886,17
8887,4
8888,14
8889,9
8890,9
8891,9
8892,17
8893,4
8894,14
8895,9
8896,9
8897,9
8898,17
8899,4
8900,14
8901,9
8902,9
8903,9
8904,17
8905,4
8906,14
8907,9
8908,9
8909,9
8910,17
8911,4
8912,14
8913,9
8914,9
8915,9
8916,17
8917,4
8918,14
8919,9
8920,9
8921,9
8922,17
8923,4
8924,14
8925,9
8926,9
8927,9
8928,12
8929,10
8930,11
8931,16
8932,16
8933,16
8934,12
8935,10
8936,11
8937,16
8938,16
8939,16
8940,12
8941,10
8942,11
8943,16
8944,16
8945,16
8946,12
8947,10
8948,11
8949,16
8950,16
8951,16
8952,12
8953,10
8954,11
8955,16
8956,16
8957,16
8958,12
8959,10
8960,11
8961,16
8962,16
8963,16
8964,12
8965,10
8966,11
8967,16
8968,16
8969,16
8970,12
8971,10
8972,11
8973,16
8974,16
8975,16
8976,12
8977,10
8978,11
8979,16
8980,16
8981,16
8982,12
8983,10
8984,11
8985,16
8986,16
8987,16
8988,12
8989,10
8990,11
8991,16
8992,16
8993,16
8994,12
8995,10
8996,11
8997,16
8998,16
8999,16
9000,17
9001,18
9002,2
9003,9
9004,9
9005,9
9006,17
9007,18
9008,2
9009,9
9010,9
9011,9
9012,17
9013,18
9014,2
9015,9
9016,9
9017,9
9018,17
9019,18
9020,2
9021,9
9022,9
9023,9
9024,17
9025,18
9026,2
9027,9
9028,9
9029,9
9030,17
9031,18
9032,2
9033,9
9034,9
9035,9
9036,17
9037,18
9038,2
9039,9
9040,9
9041,9
9042,17
9043,18
9044,2
9045,9
9046,9
9047,9
9048,17
9049,18
9050,2
9051,9
9052,9
9053,9
9054,17
9055,18
9056,2
9057,9
9058,9
9059,9
9060,17
9061,18
9062,2
9063,9
9064,9
9065,9
9066,17
9067,18
9068,2
9069,9
9070,9
9071,9
9072,12
9073,3
9074,0
9075,7
9076,7
9077,7
9078,12
9079,3
9080,0
9081,7
9082,7
9083,7
9084,12
9085,3
9086,0
9087,7
9088,7
9089,7
9090,12
9091,3
9092,0
9093,7
9094,7
9095,7
9096,12
9097,3
9098,0
9099,7
9100,7
9101,7
9102,12
9103,3
9104,0
9105,7
9106,7
9107,7
9108,12
9109,3
9110,0
9111,7
9112,7
9113,7
9114,12
9115,3
9116,0
9117,7
9118,7
9119,7
9120,12
9121,3
9122,0
9123,7
9124,7
9125,7
9126,12
9127,3
9128,0
9129,7
9130,7
9131,7
9132,12
9133,3
9134,0
9135,7
9136,7
9137,7
9138,12
9139,3
9140,0
9141,7
9142,7
9143,7
9144,12
9145,3
9146,0
9147,7
9148,7
9149,7
9150,12
9151,3
9152,0
9153,7
9154,7
9155,7
9156,12
9157,3
9158,0
9159,7
9160,7
9161,7
9162,12
9163,3
9164,0
9165,7
9166,7
9167,7
9168,12
9169,3
9170,0
9171,7
9172,7
9173,7
9174,12
9175,3
9176,0
9177,7
9178,7
9179,7
9180,12
9181,3
9182,0
9183,7
9184,7
9185,7
9186,12
9187,3
9188,0
9189,7
9190,7
9191,7
9192,12
9193,3
9194,0
9195,7
9196,7
9197,7
9198,12
9199,3
9200,0
9201,7
9202,7
9203,7
9204,12
9205,3
9206,0
9207,7
9208,7
9209,7
9210,12
9211,3
9212,0
9213,7
9214,7
9215,7
9216,12
9217,3
9218,0
9219,16
9220,16
9221,16
9222,12
9223,3
9224,0
9225,16
9226,16
9227,16
9228,12
9229,3
9230,0
9231,16
9232,16
9233,16
9234,12
9235,3
9236,0
9237,16
9238,16
9239,16
9240,12
9241,3
9242,0
9243,16
9244,16
9245,16
9246,12
9247,3
9248,0
9249,16
9250,16
9251,16
9252,12
9253,3
9254,0
9255,16
9256,16
9257,16
9258,12
9259,3
9260,0
9261,16
9262,16
9263,16
9264,12
9265,3
9266,0
9267,16
9268,16
9269,16
9270,12
9271,3
9272,0
9273,16
9274,16
9275,16
9276,12
9277,3
9278,0
9279,16
9280,16
9281,16
9282,12
9283,3
9284,0
9285,16
9286,16
9287,16
9288,17
9289,18
9290,2
9291,9
9292,9
9293,9
9294,17
9295,18
9296,2
9297,9
9298,9
9299,9
9300,17
9301,18
9302,2
9303,9
9304,9
9305,9
9306,17
9307,18
9308,2
9309,9
9310,9
9311,9
9312,17
9313,18
9314,2
9315,9
9316,9
9317,9
9318,17
9319,18
9320,2
9321,9
9322,9
9323,9
9324,17
9325,18
9326,2
9327,9
9328,9
9329,9
9330,17
9331,18
9332,2
9333,9
9334,9
9335,9
9336,17
9337,18
9338,2
9339,9
9340,9
9341,9
9342,17
9343,18
9344,2
9345,9
9346,9
9347,9
9348,17
9349,18
9350,2
9351,9
9352,9
9353,9
9354,17
9355,18
9356,2
9357,9
9358,9
9359,9
9360,17
9361,4
9362,14
9363,9
9364,6
9365,6
9366,17
9367,4
9368,14
9369,9
9370,6
9371,6
9372,17
9373,4
9374,14
9375,9
9376,6
9377,6
9378,17
9379,4
9380,14
9381,9
9382,6
9383,6
9384,17
9385,4
9386,14
9387,9
9388,6
9389,6
9390,17
9391,4
9392,14
9393,9
9394,6
9395,6
9396,17
9397,4
9398,14
9399,9
9400,6
9401,6
9402,17
9403,4
9404,14
9405,9
9406,6
9407,6
9408,17
9409,4
9410,14
9411,9
9412,6
9413,6
9414,17
9415,4
9416,14
9417,9
9418,6
9419,6
9420,17
9421,4
9422,14
9423,9
9424,6
9425,6
9426,17
9427,4
9428,14
9429,9
9430,6
9431,6
9432,17
9433,5
9434,14
9435,6
9436,6
9437,6
9438,17
9439,5
9440,14
9441,6
9442,6
9443,6
9444,17
9445,5
9446,14
9447,6
9448,6
9449,6
9450,17
9451,5
9452,14
9453,6
9454,6
9455,6
9456,17
9457,5
9458,14
9459,6
9460,6
9461,6
9462,17
9463,5
9464,14
9465,6
9466,6
9467,6
9468,17
9469,5
9470,14
9471,6
9472,6
9473,6
9474,17
9475,5
9476,14
9477,6
9478,6
9479,6
9480,17
9481,5
9482,14
9483,6
9484,6
9485,6
9486,17
9487,5
9488,14
9489,6
9490,6
9491,6
9492,17
9493,5
9494,14
9495,6
9496,6
9497,6
9498,17
9499,5
9500,14
9501,6
9502,6
9503,6
9504,17
9505,4
9506,14
9507,6
9508,6
9509,6
9510,17
9511,4
9512,14
9513,6
9514,6
9515,6
9516,17
9517,4
9518,14
9519,6
9520,6
9521,6
9522,17
9523,4
9524,14
9525,6
9526,6
9527,6
9528,17
9529,4
9530,14
9531,6
9532,6
9533,6
9534,17
9535,4
9536,14
9537,6
9538,6
9539,6
9540,17
9541,4
9542,14
9543,6
9544,6
9545,6
9546,17
9547,4
9548,14
9549,6
9550,6
9551,6
9552,17
9553,4
9554,14
9555,6
9556,6
9557,6
9558,17
9559,4
9560,14
9561,6
9562,6
9563,6
9564,17
9565,4
9566,14
9567,6
9568,6
9569,6
9570,17
9571,4
9572,14
9573,6
9574,6
9575,6
9576,17
9577,5
9578,14
9579,6
9580,6
9581,6
9582,17
9583,5
9584,14
9585,6
9586,6
9587,6
9588,17
9589,5
9590,14
9591,6
9592,6
9593,6
9594,17
9595,5
9596,14
9597,6
9598,6
9599,6
9600,17
9601,5
9602,14
9603,6
9604,6
9605,6
9606,17
9607,5
9608,14
9609,6
9610,6
9611,6
9612,17
9613,5
9614,14
9615,6
9616,6
9617,6
9618,17
9619,5
9620,14
9621,6
9622,6
9623,6
9624,17
9625,5
9626,14
9627,6
9628,6
9629,6
9630,17
9631,5
9632,14
9633,6
9634,6
9635,6
9636,17
9637,5
9638,14
9639,6
9640,6
9641,6
9642,17
9643,5
9644,14
9645,6
9646,6
9647,6
9648,17
9649,5
9650,14
9651,6
9652,6
9653,6
9654,17
9655,5
9656,14
9657,6
9658,6
9659,6
9660,17
9661,5
9662,14
9663,6
9664,6
9665,6
9666,17
9667,5
9668,14
9669,6
9670,6
9671,6
9672,17
9673,5
9674,14
9675,6
9676,6
9677,6
9678,17
9679,5
9680,14
9681,6
9682,6
9683,6
9684,17
9685,5
9686,14
9687,6
9688,6
9689,6
9690,17
9691,5
9692,14
9693,6
9694,6
9695,6
9696,17
9697,5
9698,14
9699,6
9700,6
9701,6
9702,17
9703,5
9704,14
9705,6
9706,6
9707,6
9708,17
9709,5
9710,14
9711,6
9712,6
9713,6
9714,17
9715,5
9716,14
9717,6
9718,6
9719,6
9720,12
9721,3
9722,11
9723,16
9724,16
9725,16
9726,12
9727,3
9728,11
9729,16
9730,16
9731,16
9732,12
9733,3
9734,11
9735,16
9736,16
9737,16
9738,12
9739,3
9740,11
9741,16
9742,16
9743,16
9744,12
9745,3
9746,11
9747,16
9748,16
9749,16
9750,12
9751,3
9752,11
9753,16
9754,16
9755,16
9756,12
9757,3
9758,11
9759,16
9760,16
9761,16
9762,12
9763,3
9764,11
9765,16
9766,16
9767,16
9768,12
9769,3
9770,11
9771,16
9772,16
9773,16
9774,12
9775,3
9776,11
9777,16
9778,16
9779,16
9780,12
9781,3
9782,11
9783,16
9784,16
9785,16
9786,12
9787,3
9788,11
9789,16
9790,16
9791,16
9792,17
9793,18
9794,2
9795,9
9796,9
9797,9
9798,17
9799,18
9800,2
9801,9
9802,9
9803,9
9804,17
9805,18
9806,2
9807,9
9808,9
9809,9
9810,17
9811,18
9812,2
9813,9
9814,9
9815,9
9816,17
9817,18
9818,2
9819,9
9820,9
9821,9
9822,17
9823,18
9824,2
9825,9
9826,9
9827,9
9828,17
9829,18
9830,2
9831,9
9832,9
9833,9
9834,17
9835,18
9836,2
9837,9
9838,9
9839,9
9840,17
9841,18
9842,2
9843,9
9844,9
9845,9
9846,17
9847,18
9848,2
9849,9
9850,9
9851,9
9852,17
9853,18
9854,2
9855,9
9856,9
9857,9
9858,17
9859,18
9860,2
9861,9
9862,9
9863,9
9864,17
9865,4
9866,14
9867,6
9868,6
9869,6
9870,17
9871,4
9872,14
9873,6
9874,6
9875,6
9876,17
9877,4
9878,14
9879,6
9880,6
9881,6
9882,17
9883,4
9884,14
9885,6
9886,6
9887,6
9888,17
9889,4
9890,14
9891,6
9892,6
9893,6
9894,17
9895,4
9896,14
9897,6
9898,6
9899,6
9900,17
9901,4
9902,14
9903,6
9904,6
9905,6
9906,17
9907,4
9908,14
9909,6
9910,6
9911,6
9912,17
9913,4
9914,14
9915,6
9916,6
9917,6
9918,17
9919,4
9920,14
9921,6
9922,6
9923,6
9924,17
9925,4
9926,14
9927,6
9928,6
9929,6
9930,17
9931,4
9932,14
9933,6
9934,6
9935,6
9936,12
9937,3
9938,0
9939,7
9940,7
9941,7
9942,12
9943,3
9944,0
9945,7
9946,7
9947,7
9948,12
9949,3
9950,0
9951,7
9952,7
9953,7
9954,12
9955,3
9956,0
9957,7
9958,7
9959,7
9960,12
9961,3
9962,0
9963,7
9964,7
9965,7
9966,12
9967,3
9968,0
9969,7
9970,7
9971,7
9972,12
9973,3
9974,0
9975,7
9976,7
9977,7
9978,12
9979,3
9980,0
9981,7
9982,7
9983,7
9984,12
9985,3
9986,0
9987,7
9988,7
9989,7
9990,12
9991,3
9992,0
9993,7
9994,7
9995,7
9996,12
9997,3
9998,0
9999,7
10000,7
10001,7
10002,12
10003,3
10004,0
10005,7
10006,7
10007,7
10008,17
10009,4
10010,14
10011,9
10012,9
10013,9
10014,17
10015,4
10016,14
10017,9
10018,9
10019,9
10020,17
10021,4
10022,14
10023,9
10024,9
10025,9
10026,17
10027,4
10028,14
10029,9
10030,9
10031,9
10032,17
10033,4
10034,14
10035,9
10036,9
10037,9
10038,17
10039,4
10040,14
10041,9
10042,9
10043,9
10044,17
10045,4
10046,14
10047,9
10048,9
10049,9
10050,17
10051,4
10052,14
10053,9
10054,9
10055,9
10056,17
10057,4
10058,14
10059,9
10060,9
10061,9
10062,17
10063,4
10064,14
10065,9
10066,9
10067,9
10068,17
10069,4
10070,14
10071,9
10072,9
10073,9
10074,17
10075,4
10076,14
10077,9
10078,9
10079,9
10080,17
10081,4
10082,14
10083,6
10084,6
10085,6
10086,17
10087,4
10088,14
10089,6
10090,6
10091,6
10092,17
10093,4
10094,14
10095,6
10096,6
10097,6
10098,17
10099,4
10100,14
10101,6
10102,6
10103,6
10104,17
10105,4
10106,14
10107,6
10108,6
10109,6
10110,17
10111,4
10112,14
10113,6
10114,6
10115,6
10116,17
10117,4
10118,14
10119,6
10120,6
10121,6
10122,17
10123,4
10124,14
10125,6
10126,6
10127,6
10128,17
10129,4
10130,14
10131,6
10132,6
10133,6
10134,17
10135,4
10136,14
10137,6
10138,6
10139,6
10140,17
10141,4
10142,14
10143,6
10144,6
10145,6
10146,17
10147,4
10148,14
10149,6
10150,6
10151,6
10152,12
10153,3
10154,0
10155,7
10156,7
10157,7
10158,12
10159,3
10160,0
10161,7
10162,7
10163,7
10164,12
10165,3
10166,0
10167,7
10168,7
10169,7
10170,12
10171,3
10172,0
10173,7
10174,7
10175,7
10176,12
10177,3
10178,0
10179,7
10180,7
10181,7
10182,12
10183,3
10184,0
10185,7
10186,7
10187,7
10188,12
10189,3
10190,0
10191,7
10192,7
10193,7
10194,12
10195,3
10196,0
10197,7
10198,7
10199,7
10200,12
10201,3
10202,0
10203,7
10204,7
10205,7
10206,12
10207,3
10208,0
10209,7
10210,7
10211,7
10212,12
10213,3
10214,0
10215,7
10216,7
10217,7
10218,12
10219,3
10220,0
10221,7
10222,7
10223,7
10224,17
10225,4
10226,14
10227,6
10228,6
10229,6
10230,17
10231,4
10232,14
10233,6
10234,6
10235,6
10236,17
10237,4
10238,14
10239,6
10240,6
10241,6
10242,17
10243,4
10244,14
10245,6
10246,6
10247,6
10248,17
10249,4
10250,14
10251,6
10252,6
10253,6
10254,17
10255,4
10256,14
10257,6
10258,6
10259,6
10260,17
10261,4
10262,14
10263,6
10264,6
10265,6
10266,17
10267,4
10268,14
10269,6
10270,6
10271,6
10272,17
10273,4
10274,14
10275,6
10276,6
10277,6
10278,17
10279,4
10280,14
10281,6
10282,6
10283,6
10284,17
10285,4
10286,14
10287,6
10288,6
10289,6
10290,17
10291,4
10292,14
10293,6
10294,6
10295,6
10296,17
10297,4
10298,14
10299,9
10300,9
10301,9
10302,17
10303,4
10304,14
10305,9
10306,9
10307,9
10308,17
10309,4
10310,14
10311,9
10312,9
10313,9
10314,17
10315,4
10316,14
10317,9
10318,9
10319,9
10320,17
10321,4
10322,14
10323,9
10324,9
10325,9
10326,17
10327,4
10328,14
10329,9
10330,9
10331,9
10332,17
10333,4
10334,14
10335,9
10336,9
10337,9
10338,17
10339,4
10340,14
10341,9
10342,9
10343,9
10344,17
10345,4
10346,14
10347,9
10348,9
10349,9
10350,17
10351,4
10352,14
10353,9
10354,9
10355,9
10356,17
10357,4
10358,14
10359,9
10360,9
10361,9
10362,17
10363,4
10364,14
10365,9
10366,9
10367,9
10368,12
10369,3
10370,0
10371,8
10372,8
10373,8
10374,12
10375,3
10376,0
10377,8
10378,8
10379,8
10380,12
10381,3
10382,0
10383,8
10384,8
10385,8
10386,12
10387,3
10388,0
10389,8
10390,8
10391,8
10392,12
10393,3
10394,0
10395,8
10396,8
10397,8
10398,12
10399,3
10400,0
10401,8
10402,8
10403,8
10404,12
10405,3
10406,0
10407,8
10408,8
10409,8
10410,12
10411,3
10412,0
10413,8
10414,8
10415,8
10416,12
10417,3
10418,0
10419,8
10420,8
10421,8
10422,12
10423,3
10424,0
10425,8
10426,8
10427,8
10428,12
10429,3
10430,0
10431,8
10432,8
10433,8
10434,12
10435,3
10436,0
10437,8
10438,8
10439,8
10440,17
10441,18
10442,2
10443,9
10444,9
10445,9
10446,17
10447,18
10448,2
10449,9
10450,9
10451,9
10452,17
10453,18
10454,2
10455,9
10456,9
10457,9
10458,17
10459,18
10460,2
10461,9
10462,9
10463,9
10464,17
10465,18
10466,2
10467,9
10468,9
10469,9
10470,17
10471,18
10472,2
10473,9
10474,9
10475,9
10476,17
10477,18
10478,2
10479,9
10480,9
10481,9
10482,17
10483,18
10484,2
10485,9
10486,9
10487,9
10488,17
10489,18
10490,2
10491,9
10492,9
10493,9
10494,17
10495,18
10496,2
10497,9
10498,9
10499,9
10500,17
10501,18
10502,2
10503,9
10504,9
10505,9
10506,17
10507,18
10508,2
10509,9
10510,9
10511,9
10512,12
10513,3
10514,0
10515,7
10516,7
10517,7
10518,12
10519,3
10520,0
10521,7
10522,7
10523,7
10524,12
10525,3
10526,0
10527,7
10528,7
10529,7
10530,12
10531,3
10532,0
10533,7
10534,7
10535,7
10536,12
10537,3
10538,0
10539,7
10540,7
10541,7
10542,12
10543,3
10544,0
10545,7
10546,7
10547,7
10548,12
10549,3
10550,0
10551,7
10552,7
10553,7
10554,12
10555,3
10556,0
10557,7
10558,7
10559,7
10560,12
10561,3
10562,0
10563,7
10564,7
10565,7
10566,12
10567,3
10568,0
10569,7
10570,7
10571,7
10572,12
10573,3
10574,0
10575,7
10576,7
10577,7
10578,12
10579,3
10580,0
10581,7
10582,7
10583,7
10584,12
10585,3
10586,0
10587,16
10588,16
10589,16
10590,12
10591,3
10592,0
10593,16
10594,16
10595,16
10596,12
10597,3
10598,0
10599,16
10600,16
10601,16
10602,12
10603,3
10604,0
10605,16
10606,16
10607,16
10608,12
10609,3
10610,0
10611,16
10612,16
10613,16
10614,12
10615,3
10616,0
10617,16
10618,16
10619,16
10620,12
10621,3
10622,0
10623,16
10624,16
10625,16
10626,12
10627,3
10628,0
10629,16
10630,16
10631,16
10632,12
10633,3
10634,0
10635,16
10636,16
10637,16
10638,12
10639,3
10640,0
10641,16
10642,16
10643,16
10644,12
10645,3
10646,0
10647,16
10648,16
10649,16
10650,12
10651,3
10652,0
10653,16
10654,16
10655,16
10656,12
10657,3
10658,0
10659,7
10660,7
10661,7
10662,12
10663,3
10664,0
10665,7
10666,7
10667,7
10668,12
10669,3
10670,0
10671,7
10672,7
10673,7
10674,12
10675,3
10676,0
10677,7
10678,7
10679,7
10680,12
10681,3
10682,0
10683,7
10684,7
10685,7
10686,12
10687,3
10688,0
10689,7
10690,7
10691,7
10692,12
10693,3
10694,0
10695,7
10696,7
10697,7
10698,12
10699,3
10700,0
10701,7
10702,7
10703,7
10704,12
10705,3
10706,0
10707,7
10708,7
10709,7
10710,12
10711,3
10712,0
10713,7
10714,7
10715,7
10716,12
10717,3
10718,0
10719,7
10720,7
10721,7
10722,12
10723,3
10724,0
10725,7
10726,7
10727,7
10728,12
10729,3
10730,0
10731,7
10732,7
10733,7
10734,12
10735,3
10736,0
10737,7
10738,7
10739,7
10740,12
10741,3
10742,0
10743,7
10744,7
10745,7
10746,12
10747,3
10748,0
10749,7
10750,7
10751,7
10752,12
10753,3
10754,0
10755,7
10756,7
10757,7
10758,12
10759,3
10760,0
10761,7
10762,7
10763,7
10764,12
10765,3
10766,0
10767,7
10768,7
10769,7
10770,12
10771,3
10772,0
10773,7
10774,7
10775,7
10776,12
10777,3
10778,0
10779,7
10780,7
10781,7
10782,12
10783,3
10784,0
10785,7
10786,7
10787,7
10788,12
10789,3
10790,0
10791,7
10792,7
10793,7
10794,12
10795,3
10796,0
10797,7
10798,7
10799,7
10800,17
10801,4
10802,14
10803,6
10804,6
10805,6
10806,17
10807,4
10808,14
10809,6
10810,6
10811,6
10812,17
10813,4
10814,14
10815,6
10816,6
10817,6
10818,17
10819,4
10820,14
10821,6
10822,6
10823,6
10824,17
10825,4
10826,14
10827,6
10828,6
10829,6
10830,17
10831,4
10832,14
10833,6
10834,6
10835,6
10836,17
10837,4
10838,14
10839,6
10840,6
10841,6
10842,17
10843,4
10844,14
10845,6
10846,6
10847,6
10848,17
10849,4
10850,14
10851,6
10852,6
10853,6
10854,17
10855,4
10856,14
10857,6
10858,6
10859,6
10860,17
10861,4
10862,14
10863,6
10864,6
10865,6
10866,17
10867,4
10868,14
10869,6
10870,6
10871,6
10872,12
10873,3
10874,0
10875,7
10876,7
10877,7
10878,12
10879,3
10880,0
10881,7
10882,7
10883,7
10884,12
10885,3
10886,0
10887,7
10888,7
10889,7
10890,12
10891,3
10892,0
10893,7
10894,7
10895,7
10896,12
10897,3
10898,0
10899,7
10900,7
10901,7
10902,12
10903,3
10904,0
10905,7
10906,7
10907,7
10908,12
10909,3
10910,0
10911,7
10912,7
10913,7
10914,12
10915,3
10916,0
10917,7
10918,7
10919,7
10920,12
10921,3
10922,0
10923,7
10924,7
10925,7
10926,12
10927,3
10928,0
10929,7
10930,7
10931,7
10932,12
10933,3
10934,0
10935,7
10936,7
10937,7
10938,12
10939,3
10940,0
10941,7
10942,7
10943,7
10944,17
10945,18
10946,2
10947,9
10948,9
10949,9
10950,17
10951,18
10952,2
10953,9
10954,9
10955,9
10956,17
10957,18
10958,2
10959,9
10960,9
10961,9
10962,17
10963,18
10964,2
10965,9
10966,9
10967,9
10968,17
10969,18
10970,2
10971,9
10972,9
10973,9
10974,17
10975,18
10976,2
10977,9
10978,9
10979,9
10980,17
10981,18
10982,2
10983,9
10984,9
10985,9
10986,17
10987,18
10988,2
10989,9
10990,9
10991,9
10992,17
10993,18
10994,2
10995,9
10996,9
10997,9
10998,17
10999,18
11000,2
11001,9
11002,9
11003,9
11004,17
11005,18
11006,2
11007,9
11008,9
11009,9
11010,17
11011,18
11012,2
11013,9
11014,9
11015,9
11016,17
11017,18
11018,2
11019,9
11020,9
11021,9
11022,17
11023,18
11024,2
11025,9
11026,9
11027,9
11028,17
11029,18
11030,2
11031,9
11032,9
11033,9
11034,17
11035,18
11036,2
11037,9
11038,9
11039,9
11040,17
11041,18
11042,2
11043,9
11044,9
11045,9
11046,17
11047,18
11048,2
11049,9
11050,9
11051,9
11052,17
11053,18
11054,2
11055,9
11056,9
11057,9
11058,17
11059,18
11060,2
11061,9
11062,9
11063,9
11064,17
11065,18
11066,2
11067,9
11068,9
11069,9
11070,17
11071,18
11072,2
11073,9
11074,9
11075,9
11076,17
11077,18
11078,2
11079,9
11080,9
11081,9
11082,17
11083,18
11084,2
11085,9
11086,9
11087,9
11088,17
11089,4
11090,14
11091,9
11092,9
11093,9
11094,17
11095,4
11096,14
11097,9
11098,9
11099,9
11100,17
11101,4
11102,14
11103,9
11104,9
11105,9
11106,17
11107,4
11108,14
11109,9
11110,9
11111,9
11112,17
11113,4
11114,14
11115,9
11116,9
11117,9
11118,17
11119,4
11120,14
11121,9
11122,9
11123,9
11124,17
11125,4
11126,14
11127,9
11128,9
11129,9
11130,17
11131,4
11132,14
11133,9
11134,9
11135,9
11136,17
11137,4
11138,14
11139,9
11140,9
11141,9
11142,17
11143,4
11144,14
11145,9
11146,9
11147,9
11148,17
11149,4
11150,14
11151,9
11152,9
11153,9
11154,17
11155,4
11156,14
11157,9
11158,9
11159,9
11160,12
11161,3
11162,11
11163,16
11164,16
11165,16
11166,12
11167,3
11168,11
11169,16
11170,16
11171,16
11172,12
11173,3
11174,11
11175,16
11176,16
11177,16
11178,12
11179,3
11180,11
11181,16
11182,16
11183,16
11184,12
11185,3
11186,11
11187,16
11188,16
11189,16
11190,12
11191,3
11192,11
11193,16
11194,16
11195,16
11196,12
11197,3
11198,11
11199,16
11200,16
11201,16
11202,12
11203,3
11204,11
11205,16
11206,16
11207,16
11208,12
11209,3
11210,11
11211,16
11212,16
11213,16
11214,12
11215,3
11216,11
11217,16
11218,16
11219,16
11220,12
11221,3
11222,11
11223,16
11224,16
11225,16
11226,12
11227,3
11228,11
11229,16
11230,16
11231,16
11232,12
11233,3
11234,0
11235,16
11236,7
11237,7
11238,12
11239,3
11240,0
11241,16
11242,7
11243,7
11244,12
11245,3
11246,0
11247,16
11248,7
11249,7
11250,12
11251,3
11252,0
11253,16
11254,7
11255,7
11256,12
11257,3
11258,0
11259,16
11260,7
11261,7
11262,12
11263,3
11264,0
11265,16
11266,7
11267,7
11268,12
11269,3
11270,0
11271,16
11272,7
11273,7
11274,12
11275,3
11276,0
11277,16
11278,7
11279,7
11280,12
11281,3
11282,0
11283,16
11284,7
11285,7
11286,12
11287,3
11288,0
11289,16
11290,7
11291,7
11292,12
11293,3
11294,0
11295,16
11296,7
11297,7
11298,12
11299,3
11300,0
11301,16
11302,7
11303,7
11304,12
11305,3
11306,0
11307,7
11308,7
11309,7
11310,12
11311,3
11312,0
11313,7
11314,7
11315,7
11316,12
11317,3
11318,0
11319,7
11320,7
11321,7
11322,12
11323,3
11324,0
11325,7
11326,7
11327,7
11328,12
11329,3
11330,0
11331,7
11332,7
11333,7
11334,12
11335,3
11336,0
11337,7
11338,7
11339,7
11340,12
11341,3
11342,0
11343,7
11344,7
11345,7
11346,12
11347,3
11348,0
11349,7
11350,7
11351,7
11352,12
11353,3
11354,0
11355,7
11356,7
11357,7
11358,12
11359,3
11360,0
11361,7
11362,7
11363,7
11364,12
11365,3
11366,0
11367,7
11368,7
11369,7
11370,12
11371,3
11372,0
11373,7
11374,7
11375,7
11376,17
11377,4
11378,14
11379,6
11380,6
11381,6
11382,17
11383,4
11384,14
11385,6
11386,6
11387,6
11388,17
11389,4
11390,14
11391,6
11392,6
11393,6
11394,17
11395,4
11396,14
11397,6
11398,6
11399,6
11400,17
11401,4
11402,14
11403,6
11404,6
11405,6
11406,17
11407,4
11408,14
11409,6
11410,6
11411,6
11412,17
11413,4
11414,14
11415,6
11416,6
11417,6
11418,17
11419,4
11420,14
11421,6
11422,6
11423,6
11424,17
11425,4
11426,14
11427,6
11428,6
11429,6
11430,17
11431,4
11432,14
11433,6
11434,6
11435,6
11436,17
11437,4
11438,14
11439,6
11440,6
11441,6
11442,17
11443,4
11444,14
11445,6
11446,6
11447,6
11448,17
11449,18
11450,2
11451,8
11452,8
11453,8
11454,17
11455,18
11456,2
11457,8
11458,8
11459,8
11460,17
11461,18
11462,2
11463,8
11464,8
11465,8
11466,17
11467,18
11468,2
11469,8
11470,8
11471,8
11472,17
11473,18
11474,2
11475,8
11476,8
11477,8
11478,17
11479,18
11480,2
11481,8
11482,8
11483,8
11484,17
11485,18
11486,2
11487,8
11488,8
11489,8
11490,17
11491,18
11492,2
11493,8
11494,8
11495,8
11496,17
11497,18
11498,2
11499,8
11500,8
11501,8
11502,17
11503,18
11504,2
11505,8
11506,8
11507,8
11508,17
11509,18
11510,2
11511,8
11512,8
11513,8
11514,17
11515,18
11516,2
11517,8
11518,8
11519,8
11520,12
11521,3
11522,0
11523,7
11524,7
11525,7
11526,12
11527,3
11528,0
11529,7
11530,7
11531,7
11532,12
11533,3
11534,0
11535,7
11536,7
11537,7
11538,12
11539,3
11540,0
11541,7
11542,7
11543,7
11544,12
11545,3
11546,0
11547,7
11548,7
11549,7
11550,12
11551,3
11552,0
11553,7
11554,7
11555,7
11556,12
11557,3
11558,0
11559,7
11560,7
11561,7
11562,12
11563,3
11564,0
11565,7
11566,7
11567,7
11568,12
11569,3
11570,0
11571,7
11572,7
11573,7
11574,12
11575,3
11576,0
11577,7
11578,7
11579,7
11580,12
11581,3
11582,0
11583,7
11584,7
11585,7
11586,12
11587,3
11588,0
11589,7
11590,7
11591,7
11592,17
11593,18
11594,2
11595,9
11596,9
11597,9
11598,17
11599,18
11600,2
11601,9
11602,9
11603,9
11604,17
11605,18
11606,2
11607,9
11608,9
11609,9
11610,17
11611,18
11612,2
11613,9
11614,9
11615,9
11616,17
11617,18
11618,2
11619,9
11620,9
11621,9
11622,17
11623,18
11624,2
11625,9
11626,9
11627,9
11628,17
11629,18
11630,2
11631,9
11632,9
11633,9
11634,17
11635,18
11636,2
11637,9
11638,9
11639,9
11640,17
11641,18
11642,2
11643,9
11644,9
11645,9
11646,17
11647,18
11648,2
11649,9
11650,9
11651,9
11652,17
11653,18
11654,2
11655,9
11656,9
11657,9
11658,17
11659,18
11660,2
11661,9
11662,9
11663,9
11664,12
11665,10
11666,11
11667,16
11668,16
11669,16
11670,12
11671,10
11672,11
11673,16
11674,16
11675,16
11676,12
11677,10
11678,11
11679,16
11680,16
11681,16
11682,12
11683,10
11684,11
11685,16
11686,16
11687,16
11688,12
11689,10
11690,11
11691,16
11692,16
11693,16
11694,12
11695,10
11696,11
11697,16
11698,16
11699,16
11700,12
11701,10
11702,11
11703,16
11704,16
11705,16
11706,12
11707,10
11708,11
11709,16
11710,16
11711,16
11712,12
11713,10
11714,11
11715,16
11716,16
11717,16
11718,12
11719,10
11720,11
11721,16
11722,16
11723,16
11724,12
11725,10
11726,11
11727,16
11728,16
11729,16
11730,12
11731,10
11732,11
11733,16
11734,16
11735,16
11736,12
11737,3
11738,0
11739,7
11740,7
11741,7
11742,12
11743,3
11744,0
11745,7
11746,7
11747,7
11748,12
11749,3
11750,0
11751,7
11752,7
11753,7
11754,12
11755,3
11756,0
11757,7
11758,7
11759,7
11760,12
11761,3
11762,0
11763,7
11764,7
11765,7
11766,12
11767,3
11768,0
11769,7
11770,7
11771,7
11772,12
11773,3
11774,0
11775,7
11776,7
11777,7
11778,12
11779,3
11780,0
11781,7
11782,7
11783,7
11784,12
11785,3
11786,0
11787,7
11788,7
11789,7
11790,12
11791,3
11792,0
11793,7
11794,7
11795,7
11796,12
11797,3
11798,0
11799,7
11800,7
11801,7
11802,12
11803,3
11804,0
11805,7
11806,7
11807,7
11808,17
11809,5
11810,14
11811,6
11812,6
11813,6
11814,17
11815,5
11816,14
11817,6
11818,6
11819,6
11820,17
11821,5
11822,14
11823,6
11824,6
11825,6
11826,17
11827,5
11828,14
11829,6
11830,6
11831,6
11832,17
11833,5
11834,14
11835,6
11836,6
11837,6
11838,17
11839,5
11840,14
11841,6
11842,6
11843,6
11844,17
11845,5
11846,14
11847,6
11848,6
11849,6
11850,17
11851,5
11852,14
11853,6
11854,6
11855,6
11856,17
11857,5
11858,14
11859,6
11860,6
11861,6
11862,17
11863,5
11864,14
11865,6
11866,6
11867,6
11868,17
11869,5
11870,14
11871,6
11872,6
11873,6
11874,17
11875,5
11876,14
11877,6
11878,6
11879,6
11880,12
11881,3
11882,11
11883,16
11884,16
11885,16
11886,12
11887,3
11888,11
11889,16
11890,16
11891,16
11892,12
11893,3
11894,11
11895,16
11896,16
11897,16
11898,12
11899,3
11900,11
11901,16
11902,16
11903,16
11904,12
11905,3
11906,11
11907,16
11908,16
11909,16
11910,12
11911,3
11912,11
11913,16
11914,16
11915,16
11916,12
11917,3
11918,11
11919,16
11920,16
11921,16
11922,12
11923,3
11924,11
11925,16
11926,16
11927,16
11928,12
11929,3
11930,11
11931,16
11932,16
11933,16
11934,12
11935,3
11936,11
11937,16
11938,16
11939,16
11940,12
11941,3
11942,11
11943,16
11944,16
11945,16
11946,12
11947,3
11948,11
11949,16
11950,16
11951,16
11952,17
11953,4
11954,14
11955,6
11956,6
11957,6
11958,17
11959,4
11960,14
11961,6
11962,6
11963,6
11964,17
11965,4
11966,14
11967,6
11968,6
11969,6
11970,17
11971,4
11972,14
11973,6
11974,6
11975,6
11976,17
11977,4
11978,14
11979,6
11980,6
11981,6
11982,17
11983,4
11984,14
11985,6
11986,6
11987,6
11988,17
11989,4
11990,14
11991,6
11992,6
11993,6
11994,17
11995,4
11996,14
11997,6
11998,6
11999,6
12000,17
12001,4
12002,14
12003,6
12004,6
12005,6
12006,17
12007,4
12008,14
12009,6
12010,6
12011,6
12012,17
12013,4
12014,14
12015,6
12016,6
12017,6
12018,17
12019,4
12020,14
12021,6
12022,6
12023,6
12024,17
12025,18
12026,2
12027,9
12028,9
12029,9
12030,17
12031,18
12032,2
12033,9
12034,9
12035,9
12036,17
12037,18
12038,2
12039,9
12040,9
12041,9
12042,17
12043,18
12044,2
12045,9
12046,9
12047,9
12048,17
12049,18
12050,2
12051,9
12052,9
12053,9
12054,17
12055,18
12056,2
12057,9
12058,9
12059,9
12060,17
12061,18
12062,2
12063,9
12064,9
12065,9
12066,17
12067,18
12068,2
12069,9
12070,9
12071,9
12072,17
12073,18
12074,2
12075,9
12076,9
12077,9
12078,17
12079,18
12080,2
12081,9
12082,9
12083,9
12084,17
12085,18
12086,2
12087,9
12088,9
12089,9
12090,17
12091,18
12092,2
12093,9
12094,9
12095,9
12096,12
12097,3
12098,0
12099,7
12100,7
12101,7
12102,12
12103,3
12104,0
12105,7
12106,7
12107,7
12108,12
12109,3
12110,0
12111,7
12112,7
12113,7
12114,12
12115,3
12116,0
12117,7
12118,7
12119,7
12120,12
12121,3
12122,0
12123,7
12124,7
12125,7
12126,12
12127,3
12128,0
12129,7
12130,7
12131,7
12132,12
12133,3
12134,0
12135,7
12136,7
12137,7
12138,12
12139,3
12140,0
12141,7
12142,7
12143,7
12144,12
12145,3
12146,0
12147,7
12148,7
12149,7
12150,12
12151,3
12152,0
12153,7
12154,7
12155,7
12156,12
12157,3
12158,0
12159,7
12160,7
12161,7
12162,12
12163,3
12164,0
12165,7
12166,7
12167,7
12168,12
12169,3
12170,0
12171,7
12172,7
12173,7
12174,12
12175,3
12176,0
12177,7
12178,7
12179,7
12180,12
12181,3
12182,0
12183,7
12184,7
12185,7
12186,12
12187,3
12188,0
12189,7
12190,7
12191,7
12192,12
12193,3
12194,0
12195,7
12196,7
12197,7
12198,12
12199,3
12200,0
12201,7
12202,7
12203,7
12204,12
12205,3
12206,0
12207,7
12208,7
12209,7
12210,12
12211,3
12212,0
12213,7
12214,7
12215,7
12216,12
12217,3
12218,0
12219,7
12220,7
12221,7
12222,12
12223,3
12224,0
12225,7
12226,7
12227,7
12228,12
12229,3
12230,0
12231,7
12232,7
12233,7
12234,12
12235,3
12236,0
12237,7
12238,7
12239,7
12240,12
12241,3
12242,0
12243,7
12244,7
12245,7
12246,12
12247,3
12248,0
12249,7
12250,7
12251,7
12252,12
12253,3
12254,0
12255,7
12256,7
12257,7
12258,12
12259,3
12260,0
12261,7
12262,7
12263,7
12264,12
12265,3
12266,0
12267,7
12268,7
12269,7
12270,12
12271,3
12272,0
12273,7
12274,7
12275,7
12276,12
12277,3
12278,0
12279,7
12280,7
12281,7
12282,12
12283,3
12284,0
12285,7
12286,7
12287,7
12288,12
12289,3
12290,0
12291,7
12292,7
12293,7
12294,12
12295,3
12296,0
12297,7
12298,7
12299,7
12300,12
12301,3
12302,0
12303,7
12304,7
12305,7
12306,12
12307,3
12308,0
12309,7
12310,7
12311,7
12312,17
12313,18
12314,14
12315,9
12316,9
12317,9
12318,17
12319,18
12320,14
12321,9
12322,9
12323,9
12324,17
12325,18
12326,14
12327,9
12328,9
12329,9
12330,17
12331,18
12332,14
12333,9
12334,9
12335,9
12336,17
12337,18
12338,14
12339,9
12340,9
12341,9
12342,17
12343,18
12344,14
12345,9
12346,9
12347,9
12348,17
12349,18
12350,14
12351,9
12352,9
12353,9
12354,17
12355,18
12356,14
12357,9
12358,9
12359,9
12360,17
12361,18
12362,14
12363,9
12364,9
12365,9
12366,17
12367,18
12368,14
12369,9
12370,9
12371,9
12372,17
12373,18
12374,14
12375,9
12376,9
12377,9
12378,17
12379,18
12380,14
12381,9
12382,9
12383,9
12384,17
12385,18
12386,2
12387,9
12388,9
12389,9
12390,17
12391,18
12392,2
12393,9
12394,9
12395,9
12396,17
12397,18
12398,2
12399,9
12400,9
12401,9
12402,17
12403,18
12404,2
12405,9
12406,9
12407,9
12408,17
12409,18
12410,2
12411,9
12412,9
12413,9
12414,17
12415,18
12416,2
12417,9
12418,9
12419,9
12420,17
12421,18
12422,2
12423,9
12424,9
12425,9
12426,17
12427,18
12428,2
12429,9
12430,9
12431,9
12432,17
12433,18
12434,2
12435,9
12436,9
12437,9
12438,17
12439,18
12440,2
12441,9
12442,9
12443,9
12444,17
12445,18
12446,2
12447,9
12448,9
12449,9
12450,17
12451,18
12452,2
12453,9
12454,9
12455,9
12456,12
12457,3
12458,0
12459,7
12460,7
12461,7
12462,12
12463,3
12464,0
12465,7
12466,7
12467,7
12468,12
12469,3
12470,0
12471,7
12472,7
12473,7
12474,12
12475,3
12476,0
12477,7
12478,7
12479,7
12480,12
12481,3
12482,0
12483,7
12484,7
12485,7
12486,12
12487,3
12488,0
12489,7
12490,7
12491,7
12492,12
12493,3
12494,0
12495,7
12496,7
12497,7
12498,12
12499,3
12500,0
12501,7
12502,7
12503,7
12504,12
12505,3
12506,0
12507,7
12508,7
12509,7
12510,12
12511,3
12512,0
12513,7
12514,7
12515,7
12516,12
12517,3
12518,0
12519,7
12520,7
12521,7
12522,12
12523,3
12524,0
12525,7
12526,7
12527,7
12528,17
12529,18
12530,2
12531,9
12532,9
12533,9
12534,17
12535,18
12536,2
12537,9
12538,9
12539,9
12540,17
12541,18
12542,2
12543,9
12544,9
12545,9
12546,17
12547,18
12548,2
12549,9
12550,9
12551,9
12552,17
12553,18
12554,2
12555,9
12556,9
12557,9
12558,17
12559,18
12560,2
12561,9
12562,9
12563,9
12564,17
12565,18
12566,2
12567,9
12568,9
12569,9
12570,17
12571,18
12572,2
12573,9
12574,9
12575,9
12576,17
12577,18
12578,2
12579,9
12580,9
12581,9
12582,17
12583,18
12584,2
12585,9
12586,9
12587,9
12588,17
12589,18
12590,2
12591,9
12592,9
12593,9
12594,17
12595,18
12596,2
12597,9
12598,9
12599,9
12600,12
12601,3
12602,0
12603,7
12604,7
12605,7
12606,12
12607,3
12608,0
12609,7
12610,7
12611,7
12612,12
12613,3
12614,0
12615,7
12616,7
12617,7
12618,12
12619,3
12620,0
12621,7
12622,7
12623,7
12624,12
12625,3
12626,0
12627,7
12628,7
12629,7
12630,12
12631,3
12632,0
12633,7
12634,7
12635,7
12636,12
12637,3
12638,0
12639,7
12640,7
12641,7
12642,12
12643,3
12644,0
12645,7
12646,7
12647,7
12648,12
12649,3
12650,0
12651,7
12652,7
12653,7
12654,12
12655,3
12656,0
12657,7
12658,7
12659,7
12660,12
12661,3
12662,0
12663,7
12664,7
12665,7
12666,12
12667,3
12668,0
12669,7
12670,7
12671,7
12672,12
12673,3
12674,0
12675,7
12676,7
12677,7
12678,12
12679,3
12680,0
12681,7
12682,7
12683,7
12684,12
12685,3
12686,0
12687,7
12688,7
12689,7
12690,12
12691,3
12692,0
12693,7
12694,7
12695,7
12696,12
12697,3
12698,0
12699,7
12700,7
12701,7
12702,12
12703,3
12704,0
12705,7
12706,7
12707,7
12708,12
12709,3
12710,0
12711,7
12712,7
12713,7
12714,12
12715,3
12716,0
12717,7
12718,7
12719,7
12720,12
12721,3
12722,0
12723,7
12724,7
12725,7
12726,12
12727,3
12728,0
12729,7
12730,7
12731,7
12732,12
12733,3
12734,0
12735,7
12736,7
12737,7
12738,12
12739,3
12740,0
12741,7
12742,7
12743,7
12744,17
12745,18
12746,14
12747,9
12748,9
12749,9
12750,17
12751,18
12752,14
12753,9
12754,9
12755,9
12756,17
12757,18
12758,14
12759,9
12760,9
12761,9
12762,17
12763,18
12764,14
12765,9
12766,9
12767,9
12768,17
12769,18
12770,14
12771,9
12772,9
12773,9
12774,17
12775,18
12776,14
12777,9
12778,9
12779,9
12780,17
12781,18
12782,14
12783,9
12784,9
12785,9
12786,17
12787,18
12788,14
12789,9
12790,9
12791,9
12792,17
12793,18
12794,14
12795,9
12796,9
12797,9
12798,17
12799,18
12800,14
12801,9
12802,9
12803,9
12804,17
12805,18
12806,14
12807,9
12808,9
12809,9
12810,17
12811,18
12812,14
12813,9
12814,9
12815,9
12816,17
12817,4
12818,14
12819,9
12820,9
12821,9
12822,17
12823,4
12824,14
12825,9
12826,9
12827,9
12828,17
12829,4
12830,14
12831,9
12832,9
12833,9
12834,17
12835,4
12836,14
12837,9
12838,9
12839,9
12840,17
12841,4
12842,14
12843,9
12844,9
12845,9
12846,17
12847,4
12848,14
12849,9
12850,9
12851,9
12852,17
12853,4
12854,14
12855,9
12856,9
12857,9
12858,17
12859,4
12860,14
12861,9
12862,9
12863,9
12864,17
12865,4
12866,14
12867,9
12868,9
12869,9
12870,17
12871,4
12872,14
12873,9
12874,9
12875,9
12876,17
12877,4
12878,14
12879,9
12880,9
12881,9
12882,17
12883,4
12884,14
12885,9
12886,9
12887,9
12888,12
12889,3
12890,0
12891,7
12892,7
12893,7
12894,12
12895,3
12896,0
12897,7
12898,7
12899,7
12900,12
12901,3
12902,0
12903,7
12904,7
12905,7
12906,12
12907,3
12908,0
12909,7
12910,7
12911,7
12912,12
12913,3
12914,0
12915,7
12916,7
12917,7
12918,12
12919,3
12920,0
12921,7
12922,7
12923,7
12924,12
12925,3
12926,0
12927,7
12928,7
12929,7
12930,12
12931,3
12932,0
12933,7
12934,7
12935,7
12936,12
12937,3
12938,0
12939,7
12940,7
12941,7
12942,12
12943,3
12944,0
12945,7
12946,7
12947,7
12948,12
12949,3
12950,0
12951,7
12952,7
12953,7
12954,12
12955,3
12956,0
12957,7
12958,7
12959,7
12960,17
12961,18
12962,2
12963,9
12964,9
12965,9
12966,17
12967,18
12968,2
12969,9
12970,9
12971,9
12972,17
12973,18
12974,2
12975,9
12976,9
12977,9
12978,17
12979,18
12980,2
12981,9
12982,9
12983,9
12984,17
12985,18
12986,2
12987,9
12988,9
12989,9
12990,17
12991,18
12992,2
12993,9
12994,9
12995,9
12996,17
12997,18
12998,2
12999,9
13000,9
13001,9
13002,17
13003,18
13004,2
13005,9
13006,9
13007,9
13008,17
13009,18
13010,2
13011,9
13012,9
13013,9
13014,17
13015,18
13016,2
13017,9
13018,9
13019,9
13020,17
13021,18
13022,2
13023,9
13024,9
13025,9
13026,17
13027,18
13028,2
13029,9
13030,9
13031,9
13032,17
13033,5
13034,14
13035,6
13036,6
13037,6
13038,17
13039,5
13040,14
13041,6
13042,6
13043,6
13044,17
13045,5
13046,14
13047,6
13048,6
13049,6
13050,17
13051,5
13052,14
13053,6
13054,6
13055,6
13056,17
13057,5
13058,14
13059,6
13060,6
13061,6
13062,17
13063,5
13064,14
13065,6
13066,6
13067,6
13068,17
13069,5
13070,14
13071,6
13072,6
13073,6
13074,17
13075,5
13076,14
13077,6
13078,6
13079,6
13080,17
13081,5
13082,14
13083,6
13084,6
13085,6
13086,17
13087,5
13088,14
13089,6
13090,6
13091,6
13092,17
13093,5
13094,14
13095,6
13096,6
13097,6
13098,17
13099,5
13100,14
13101,6
13102,6
13103,6
13104,12
13105,3
13106,0
13107,8
13108,8
13109,8
13110,12
13111,3
13112,0
13113,8
13114,8
13115,8
13116,12
13117,3
13118,0
13119,8
13120,8
13121,8
13122,12
13123,3
13124,0
13125,8
13126,8
13127,8
13128,12
13129,3
13130,0
13131,8
13132,8
13133,8
13134,12
13135,3
13136,0
13137,8
13138,8
13139,8
13140,12
13141,3
13142,0
13143,8
13144,8
13145,8
13146,12
13147,3
13148,0
13149,8
13150,8
13151,8
13152,12
13153,3
13154,0
13155,8
13156,8
13157,8
13158,12
13159,3
13160,0
13161,8
13162,8
13163,8
13164,12
13165,3
13166,0
13167,8
13168,8
13169,8
13170,12
13171,3
13172,0
13173,8
13174,8
13175,8
13176,17
13177,4
13178,14
13179,6
13180,6
13181,6
13182,17
13183,4
13184,14
13185,6
13186,6
13187,6
13188,17
13189,4
13190,14
13191,6
13192,6
13193,6
13194,17
13195,4
13196,14
13197,6
13198,6
13199,6
13200,17
13201,4
13202,14
13203,6
13204,6
13205,6
13206,17
13207,4
13208,14
13209,6
13210,6
13211,6
13212,17
13213,4
13214,14
13215,6
13216,6
13217,6
13218,17
13219,4
13220,14
13221,6
13222,6
13223,6
13224,17
13225,4
13226,14
13227,6
13228,6
13229,6
13230,17
13231,4
13232,14
13233,6
13234,6
13235,6
13236,17
13237,4
13238,14
13239,6
13240,6
13241,6
13242,17
13243,4
13244,14
13245,6
13246,6
13247,6
13248,17
13249,5
13250,14
13251,6
13252,6
13253,6
13254,17
13255,5
13256,14
13257,6
13258,6
13259,6
13260,17
13261,5
13262,14
13263,6
13264,6
13265,6
13266,17
13267,5
13268,14
13269,6
13270,6
13271,6
13272,17
13273,5
13274,14
13275,6
13276,6
13277,6
13278,17
13279,5
13280,14
13281,6
13282,6
13283,6
13284,17
13285,5
13286,14
13287,6
13288,6
13289,6
13290,17
13291,5
13292,14
13293,6
13294,6
13295,6
13296,17
13297,5
13298,14
13299,6
13300,6
13301,6
13302,17
13303,5
13304,14
13305,6
13306,6
13307,6
13308,17
13309,5
13310,14
13311,6
13312,6
13313,6
13314,17
13315,5
13316,14
13317,6
13318,6
13319,6
13320,17
13321,18
13322,2
13323,9
13324,9
13325,9
13326,17
13327,18
13328,2
13329,9
13330,9
13331,9
13332,17
13333,18
13334,2
13335,9
13336,9
13337,9
13338,17
13339,18
13340,2
13341,9
13342,9
13343,9
13344,17
13345,18
13346,2
13347,9
13348,9
13349,9
13350,17
13351,18
13352,2
13353,9
13354,9
13355,9
13356,17
13357,18
13358,2
13359,9
13360,9
13361,9
13362,17
13363,18
13364,2
13365,9
13366,9
13367,9
13368,17
13369,18
13370,2
13371,9
13372,9
13373,9
13374,17
13375,18
13376,2
13377,9
13378,9
13379,9
13380,17
13381,18
13382,2
13383,9
13384,9
13385,9
13386,17
13387,18
13388,2
13389,9
13390,9
13391,9
13392,17
13393,18
13394,2
13395,9
13396,9
13397,9
13398,17
13399,18
13400,2
13401,9
13402,9
13403,9
13404,17
13405,18
13406,2
13407,9
13408,9
13409,9
13410,17
13411,18
13412,2
13413,9
13414,9
13415,9
13416,17
13417,18
13418,2
13419,9
13420,9
13421,9
13422,17
13423,18
13424,2
13425,9
13426,9
13427,9
13428,17
13429,18
13430,2
13431,9
13432,9
13433,9
13434,17
13435,18
13436,2
13437,9
13438,9
13439,9
13440,17
13441,18
13442,2
13443,9
13444,9
13445,9
13446,17
13447,18
13448,2
13449,9
13450,9
13451,9
13452,17
13453,18
13454,2
13455,9
13456,9
13457,9
13458,17
13459,18
13460,2
13461,9
13462,9
13463,9
13464,12
13465,3
13466,0
13467,7
13468,7
13469,7
13470,12
13471,3
13472,0
13473,7
13474,7
13475,7
13476,12
13477,3
13478,0
13479,7
13480,7
13481,7
13482,12
13483,3
13484,0
13485,7
13486,7
13487,7
13488,12
13489,3
13490,0
13491,7
13492,7
13493,7
13494,12
13495,3
13496,0
13497,7
13498,7
13499,7
13500,12
13501,3
13502,0
13503,7
13504,7
13505,7
13506,12
13507,3
13508,0
13509,7
13510,7
13511,7
13512,12
13513,3
13514,0
13515,7
13516,7
13517,7
13518,12
13519,3
13520,0
13521,7
13522,7
13523,7
13524,12
13525,3
13526,0
13527,7
13528,7
13529,7
13530,12
13531,3
13532,0
13533,7
13534,7
13535,7
13536,17
13537,4
13538,14
13539,6
13540,6
13541,6
13542,17
13543,4
13544,14
13545,6
13546,6
13547,6
13548,17
13549,4
13550,14
13551,6
13552,6
13553,6
13554,17
13555,4
13556,14
13557,6
13558,6
13559,6
13560,17
13561,4
13562,14
13563,6
13564,6
13565,6
13566,17
13567,4
13568,14
13569,6
13570,6
13571,6
13572,17
13573,4
13574,14
13575,6
13576,6
13577,6
13578,17
13579,4
13580,14
13581,6
13582,6
13583,6
13584,17
13585,4
13586,14
13587,6
13588,6
13589,6
13590,17
13591,4
13592,14
13593,6
13594,6
13595,6
13596,17
13597,4
13598,14
13599,6
13600,6
13601,6
13602,17
13603,4
13604,14
13605,6
13606,6
13607,6
13608,17
13609,5
13610,14
13611,6
13612,6
13613,6
13614,17
13615,5
13616,14
13617,6
13618,6
13619,6
13620,17
13621,5
13622,14
13623,6
13624,6
13625,6
13626,17
13627,5
13628,14
13629,6
13630,6
13631,6
13632,17
13633,5
13634,14
13635,6
13636,6
13637,6
13638,17
13639,5
13640,14
13641,6
13642,6
13643,6
13644,17
13645,5
13646,14
13647,6
13648,6
13649,6
13650,17
13651,5
13652,14
13653,6
13654,6
13655,6
13656,17
13657,5
13658,14
13659,6
13660,6
13661,6
13662,17
13663,5
13664,14
13665,6
13666,6
13667,6
13668,17
13669,5
13670,14
13671,6
13672,6
13673,6
13674,17
13675,5
13676,14
13677,6
13678,6
13679,6
13680,12
13681,3
13682,0
13683,7
13684,7
13685,7
13686,12
13687,3
13688,0
13689,7
13690,7
13691,7
13692,12
13693,3
13694,0
13695,7
13696,7
13697,7
13698,12
13699,3
13700,0
13701,7
13702,7
13703,7
13704,12
13705,3
13706,0
13707,7
13708,7
13709,7
13710,12
13711,3
13712,0
13713,7
13714,7
13715,7
13716,12
13717,3
13718,0
13719,7
13720,7
13721,7
13722,12
13723,3
13724,0
13725,7
13726,7
13727,7
13728,12
13729,3
13730,0
13731,7
13732,7
13733,7
13734,12
13735,3
13736,0
13737,7
13738,7
13739,7
13740,12
13741,3
13742,0
13743,7
13744,7
13745,7
13746,12
13747,3
13748,0
13749,7
13750,7
13751,7
13752,12
13753,3
13754,0
13755,7
13756,8
13757,8
13758,12
13759,3
13760,0
13761,7
13762,8
13763,8
13764,12
13765,3
13766,0
13767,7
13768,8
13769,8
13770,12
13771,3
13772,0
13773,7
13774,8
13775,8
13776,12
13777,3
13778,0
13779,7
13780,8
13781,8
13782,12
13783,3
13784,0
13785,7
13786,8
13787,8
13788,12
13789,3
13790,0
13791,7
13792,8
13793,8
13794,12
13795,3
13796,0
13797,7
13798,8
13799,8
13800,12
13801,3
13802,0
13803,7
13804,8
13805,8
13806,12
13807,3
13808,0
13809,7
13810,8
13811,8
13812,12
13813,3
13814,0
13815,7
13816,8
13817,8
13818,12
13819,3
13820,0
13821,7
13822,8
13823,8
13824,12
13825,3
13826,0
13827,7
13828,7
13829,7
13830,12
13831,3
13832,0
13833,7
13834,7
13835,7
13836,12
13837,3
13838,0
13839,7
13840,7
13841,7
13842,12
13843,3
13844,0
13845,7
13846,7
13847,7
13848,12
13849,3
13850,0
13851,7
13852,7
13853,7
13854,12
13855,3
13856,0
13857,7
13858,7
13859,7
13860,12
13861,3
13862,0
13863,7
13864,7
13865,7
13866,12
13867,3
13868,0
13869,7
13870,7
13871,7
13872,12
13873,3
13874,0
13875,7
13876,7
13877,7
13878,12
13879,3
13880,0
13881,7
13882,7
13883,7
13884,12
13885,3
13886,0
13887,7
13888,7
13889,7
13890,12
13891,3
13892,0
13893,7
13894,7
13895,7
13896,12
13897,3
13898,0
13899,16
13900,16
13901,16
13902,12
13903,3
13904,0
13905,16
13906,16
13907,16
13908,12
13909,3
13910,0
13911,16
13912,16
13913,16
13914,12
13915,3
13916,0
13917,16
13918,16
13919,16
13920,12
13921,3
13922,0
13923,16
13924,16
13925,16
13926,12
13927,3
13928,0
13929,16
13930,16
13931,16
13932,12
13933,3
13934,0
13935,16
13936,16
13937,16
13938,12
13939,3
13940,0
13941,16
13942,16
13943,16
13944,12
13945,3
13946,0
13947,16
13948,16
13949,16
13950,12
13951,3
13952,0
13953,16
13954,16
13955,16
13956,12
13957,3
13958,0
13959,16
13960,16
13961,16
13962,12
13963,3
13964,0
13965,16
13966,16
13967,16
13968,12
13969,3
13970,0
13971,7
13972,7
13973,7
13974,12
13975,3
13976,0
13977,7
13978,7
13979,7
13980,12
13981,3
13982,0
13983,7
13984,7
13985,7
13986,12
13987,3
13988,0
13989,7
13990,7
13991,7
13992,12
13993,3
13994,0
13995,7
13996,7
13997,7
13998,12
13999,3
14000,0
14001,7
14002,7
14003,7
14004,12
14005,3
14006,0
14007,7
14008,7
14009,7
14010,12
14011,3
14012,0
14013,7
14014,7
14015,7
14016,12
14017,3
14018,0
14019,7
14020,7
14021,7
14022,12
14023,3
14024,0
14025,7
14026,7
14027,7
14028,12
14029,3
14030,0
14031,7
14032,7
14033,7
14034,12
14035,3
14036,0
14037,7
14038,7
14039,7
14040,17
14041,4
14042,14
14043,6
14044,6
14045,6
14046,17
14047,4
14048,14
14049,6
14050,6
14051,6
14052,17
14053,4
14054,14
14055,6
14056,6
14057,6
14058,17
14059,4
14060,14
14061,6
14062,6
14063,6
14064,17
14065,4
14066,14
14067,6
14068,6
14069,6
14070,17
14071,4
14072,14
14073,6
14074,6
14075,6
14076,17
14077,4
14078,14
14079,6
14080,6
14081,6
14082,17
14083,4
14084,14
14085,6
14086,6
14087,6
14088,17
14089,4
14090,14
14091,6
14092,6
14093,6
14094,17
14095,4
14096,14
14097,6
14098,6
14099,6
14100,17
14101,4
14102,14
14103,6
14104,6
14105,6
14106,17
14107,4
14108,14
14109,6
14110,6
14111,6
14112,17
14113,4
14114,14
14115,6
14116,6
14117,6
14118,17
14119,4
14120,14
14121,6
14122,6
14123,6
14124,17
14125,4
14126,14
14127,6
14128,6
14129,6
14130,17
14131,4
14132,14
14133,6
14134,6
14135,6
14136,17
14137,4
14138,14
14139,6
14140,6
14141,6
14142,17
14143,4
14144,14
14145,6
14146,6
14147,6
14148,17
14149,4
14150,14
14151,6
14152,6
14153,6
14154,17
14155,4
14156,14
14157,6
14158,6
14159,6
14160,17
14161,4
14162,14
14163,6
14164,6
14165,6
14166,17
14167,4
14168,14
14169,6
14170,6
14171,6
14172,17
14173,4
14174,14
14175,6
14176,6
14177,6
14178,17
14179,4
14180,14
14181,6
14182,6
14183,6
14184,17
14185,4
14186,14
14187,6
14188,6
14189,6
14190,17
14191,4
14192,14
14193,6
14194,6
14195,6
14196,17
14197,4
14198,14
14199,6
14200,6
14201,6
14202,17
14203,4
14204,14
14205,6
14206,6
14207,6
14208,17
14209,4
14210,14
14211,6
14212,6
14213,6
14214,17
14215,4
14216,14
14217,6
14218,6
14219,6
14220,17
14221,4
14222,14
14223,6
14224,6
14225,6
14226,17
14227,4
14228,14
14229,6
14230,6
14231,6
14232,17
14233,4
14234,14
14235,6
14236,6
14237,6
14238,17
14239,4
14240,14
14241,6
14242,6
14243,6
14244,17
14245,4
14246,14
14247,6
14248,6
14249,6
14250,17
14251,4
14252,14
14253,6
14254,6
14255,6
14256,17
14257,4
14258,14
14259,6
14260,6
14261,6
14262,17
14263,4
14264,14
14265,6
14266,6
14267,6
14268,17
14269,4
14270,14
14271,6
14272,6
14273,6
14274,17
14275,4
14276,14
14277,6
14278,6
14279,6
14280,17
14281,4
14282,14
14283,6
14284,6
14285,6
14286,17
14287,4
14288,14
14289,6
14290,6
14291,6
14292,17
14293,4
14294,14
14295,6
14296,6
14297,6
14298,17
14299,4
14300,14
14301,6
14302,6
14303,6
14304,17
14305,4
14306,14
14307,6
14308,6
14309,6
14310,17
14311,4
14312,14
14313,6
14314,6
14315,6
14316,17
14317,4
14318,14
14319,6
14320,6
14321,6
14322,17
14323,4
14324,14
14325,6
14326,6
14327,6
14328,12
14329,3
14330,0
14331,7
14332,7
14333,7
14334,12
14335,3
14336,0
14337,7
14338,7
14339,7
14340,12
14341,3
14342,0
14343,7
14344,7
14345,7
14346,12
14347,3
14348,0
14349,7
14350,7
14351,7
14352,12
14353,3
14354,0
14355,7
14356,7
14357,7
14358,12
14359,3
14360,0
14361,7
14362,7
14363,7
14364,12
14365,3
14366,0
14367,7
14368,7
14369,7
14370,12
14371,3
14372,0
14373,7
14374,7
14375,7
14376,12
14377,3
14378,0
14379,7
14380,7
14381,7
14382,12
14383,3
14384,0
14385,7
14386,7
14387,7
14388,12
14389,3
14390,0
14391,7
14392,7
14393,7
14394,12
14395,3
14396,0
14397,7
14398,7
14399,7
