{
  "shot": 13475,
  "chord_IDs": [
    "M1",
    "M2",
    "M3",
    "M4",
    "M5",
    "M6",
    "M7"
  ],
  "nchords": 7,
  "chords": [
    {
      "id": "M1",
      "origin": [
        90.561978642,
        46.400188386,
        0.0
      ],
      "diruvec": [
        -0.9353871963736435,
        0.3536252152494993,
        0.0
      ],
      "beam_intersect_pos": {
        "rfx": [
          101.20879577885209,
          42.37513542789062,
          0.0
        ],
        "hnbi": [
          15.149572607854154,
          74.91001663647667,
          0.0
        ]
      },
      "los_beam_ang": {
        "rfx": 114.51725384691427,
        "hnbi": 65.48065908962126
      },
      "tang_rad": 75.42714131628728,
      "cross_section_corr": false,
      "amu": 2.014,
      "beam_amu": 2.014,
      "beam_name": "hnbi",
      "spec_name": "TriWaSp_P2p4",
      "los_length": 800,
      "res": {},
      "cs_corr": null
    },
    {
      "id": "M2",
      "origin": [
        90.513828466,
        46.351190411,
        0.0
      ],
      "diruvec": [
        -0.952725683120438,
        0.30383181650823654,
        0.0
      ],
      "beam_intersect_pos": {
        "rfx": [
          101.63487784292515,
          42.80459909564672,
          0.0
        ],
        "hnbi": [
          11.739742888394744,
          71.47287437403585,
          0.0
        ]
      },
      "los_beam_ang": {
        "rfx": 117.53856735789505,
        "hnbi": 62.45934557864047
      },
      "tang_rad": 71.66095046970517,
      "cross_section_corr": false,
      "amu": 2.014,
      "beam_amu": 2.014,
      "beam_name": "hnbi",
      "spec_name": "TriWaSp_P2p4",
      "los_length": 800,
      "res": {},
      "cs_corr": null
    },
    {
      "id": "M3",
      "origin": [
        90.465558249,
        46.302070282,
        0.0
      ],
      "diruvec": [
        -0.9676233845849739,
        0.252398465930995,
        0.0
      ],
      "beam_intersect_pos": {
        "rfx": [
          102.09518176966277,
          43.26855622815219,
          0.0
        ],
        "hnbi": [
          8.086310536936722,
          67.79017823630738,
          0.0
        ]
      },
      "los_beam_ang": {
        "rfx": 120.60697779816756,
        "hnbi": 59.39093513836797
      },
      "tang_rad": 67.63633408119884,
      "cross_section_corr": false,
      "amu": 2.014,
      "beam_amu": 2.014,
      "beam_name": "hnbi",
      "spec_name": "TriWaSp_P2p4",
      "los_length": 800,
      "res": {},
      "cs_corr": null
    },
    {
      "id": "M4",
      "origin": [
        90.416968752,
        46.25262525,
        0.0
      ],
      "diruvec": [
        -0.9799325195448725,
        0.19932951898411325,
        0.0
      ],
      "beam_intersect_pos": {
        "rfx": [
          102.59758611410433,
          43.77494790866077,
          0.0
        ],
        "hnbi": [
          4.131821778945422,
          63.80401424727566,
          0.0
        ]
      },
      "los_beam_ang": {
        "rfx": 123.72871047737156,
        "hnbi": 56.269202459163964
      },
      "tang_rad": 63.34722248613503,
      "cross_section_corr": false,
      "amu": 2.014,
      "beam_amu": 2.014,
      "beam_name": "hnbi",
      "spec_name": "TriWaSp_P2p4",
      "los_length": 800,
      "res": {},
      "cs_corr": null
    },
    {
      "id": "M5",
      "origin": [
        90.367148879,
        46.201928179,
        0.0
      ],
      "diruvec": [
        -0.9895200520639692,
        0.14439552127167857,
        0.0
      ],
      "beam_intersect_pos": {
        "rfx": [
          103.154200749149,
          44.33598012017401,
          0.0
        ],
        "hnbi": [
          -0.21696200316226566,
          59.420396953310174,
          0.0
        ]
      },
      "los_beam_ang": {
        "rfx": 126.92418761320396,
        "hnbi": 53.07372532333156
      },
      "tang_rad": 58.76634594535844,
      "cross_section_corr": false,
      "amu": 2.014,
      "beam_amu": 2.014,
      "beam_name": "hnbi",
      "spec_name": "TriWaSp_P2p4",
      "los_length": 800,
      "res": {},
      "cs_corr": null
    },
    {
      "id": "M6",
      "origin": [
        90.315128911,
        46.148992275,
        0.0
      ],
      "diruvec": [
        -0.9961816868430935,
        0.08730433436232655,
        0.0
      ],
      "beam_intersect_pos": {
        "rfx": [
          103.78200702288201,
          44.968768983381075,
          0.0
        ],
        "hnbi": [
          -5.088290457926419,
          54.51004943344776,
          0.0
        ]
      },
      "los_beam_ang": {
        "rfx": 130.217918103309,
        "hnbi": 49.77999483322652
      },
      "tang_rad": 53.85768318304093,
      "cross_section_corr": false,
      "amu": 2.014,
      "beam_amu": 2.014,
      "beam_name": "hnbi",
      "spec_name": "TriWaSp_P2p4",
      "los_length": 800,
      "res": {},
      "cs_corr": null
    },
    {
      "id": "M7",
      "origin": [
        90.260598562,
        46.093501789,
        0.0
      ],
      "diruvec": [
        -0.9996105096557623,
        0.027907507695014946,
        0.0
      ],
      "beam_intersect_pos": {
        "rfx": [
          104.50337926477306,
          45.69586640179511,
          0.0
        ],
        "hnbi": [
          -10.643270308713966,
          48.91057450858953,
          0.0
        ]
      },
      "los_beam_ang": {
        "rfx": 133.62727431627044,
        "hnbi": 46.37063862026509
      },
      "tang_rad": 48.594497164046736,
      "cross_section_corr": false,
      "amu": 2.014,
      "beam_amu": 2.014,
      "beam_name": "hnbi",
      "spec_name": "TriWaSp_P2p4",
      "los_length": 800,
      "res": {},
      "cs_corr": null
    }
  ],
  "amu": 2.014,
  "beam_amu": 2.014,
  "spec_name": "TriWaSp_P2p4",
  "beam_name": "hnbi",
  "cross_section_corr": false,
  "_geo_dict": {
    "M1": {
      "origin": [
        90.561978642,
        46.400188386,
        0.0
      ],
      "diruvec": [
        -0.9353871963736435,
        0.3536252152494993,
        0.0
      ]
    },
    "M2": {
      "origin": [
        90.513828466,
        46.351190411,
        0.0
      ],
      "diruvec": [
        -0.952725683120438,
        0.30383181650823654,
        0.0
      ]
    },
    "M3": {
      "origin": [
        90.465558249,
        46.302070282,
        0.0
      ],
      "diruvec": [
        -0.9676233845849739,
        0.252398465930995,
        0.0
      ]
    },
    "M4": {
      "origin": [
        90.416968752,
        46.25262525,
        0.0
      ],
      "diruvec": [
        -0.9799325195448725,
        0.19932951898411325,
        0.0
      ]
    },
    "M5": {
      "origin": [
        90.367148879,
        46.201928179,
        0.0
      ],
      "diruvec": [
        -0.9895200520639692,
        0.14439552127167857,
        0.0
      ]
    },
    "M6": {
      "origin": [
        90.315128911,
        46.148992275,
        0.0
      ],
      "diruvec": [
        -0.9961816868430935,
        0.08730433436232655,
        0.0
      ]
    },
    "M7": {
      "origin": [
        90.260598562,
        46.093501789,
        0.0
      ],
      "diruvec": [
        -0.9996105096557623,
        0.027907507695014946,
        0.0
      ]
    }
  }
}