7.818303488891918746e+19,7.819522627384796774e+19,7.819476887701081293e+19,7.818156594138447872e+19,7.815555589431780966e+19,7.811665077488058368e+19,7.806478021432862310e+19,7.799989143610379469e+19,7.792192286755494298e+19,7.783083052821695693e+19,7.772655284543868109e+19,7.760906343094104883e+19,7.747833589644499354e+19,7.733432626148540416e+19,7.717703452606228070e+19,7.700644309798957875e+19,7.682254318117427610e+19,7.662533477561637274e+19,7.641482667740889088e+19,7.619103647873787494e+19,7.595397297569634714e+19,7.570368894484244070e+19,7.544019318226917786e+19,7.516353846453469184e+19,7.487376877210409370e+19,7.457094567762853888e+19,7.425513075375918285e+19,7.392639436924020326e+19,7.358479809672275558e+19,7.323044309127659520e+19,7.286340411969241088e+19,7.248378673508646912e+19,7.209168769448201421e+19,7.168722134708833485e+19,7.127050204211471974e+19,7.084164852681696870e+19,7.040079714063692595e+19,6.994807982496992461e+19,6.948364171535083110e+19,6.900762354926800077e+19,6.852019245248885555e+19,6.802149795859477299e+19,6.751170719335317504e+19,6.699100487471752806e+19,6.645955812845525402e+19,6.591755607056633037e+19,6.536518781705073459e+19,6.480264688195495526e+19,6.423013997346501427e+19,6.364786940172042240e+19,6.305605067100022374e+19,6.245489488753695130e+19,6.184462635170267136e+19,6.122547376191596134e+19,6.059766141854888755e+19,5.996143121415956070e+19,5.931701624521306931e+19,5.866466280231403520e+19,5.800462157411359130e+19,5.733713885121635942e+19,5.666247411836649472e+19,5.598087806421513011e+19,5.529261896959944294e+19,5.459796071731009946e+19,5.389716719013776589e+19,5.319051106696613069e+19,5.247826502667888230e+19,5.176070174815970918e+19,5.103809830833881088e+19,5.031073618219289805e+19,4.957889244665217024e+19,4.884285297473984922e+19,4.810289924143264563e+19,4.735931711975378125e+19,4.661238808467996672e+19,4.586240240728093491e+19,4.510963716448688538e+19,4.435438702541406208e+19,4.359693346503917568e+19,4.283755356029242573e+19,4.207652878615052288e+19,4.131413182149715558e+19,4.055062654912299008e+19,3.978626805572567040e+19,3.902129383581679616e+19,3.825591059758238925e+19,3.749028986483638272e+19,3.672455258385783194e+19,3.595874273511184794e+19,3.519280094497053082e+19,3.442652490329436979e+19,3.365952318394387661e+19,3.289117126431447450e+19,3.212054995268534272e+19,3.134641899994034995e+19,3.056717531812619878e+19,2.978084858240591462e+19,2.898502646426815693e+19,2.817655336534120858e+19,2.735054965302099968e+19,2.649800592902953370e+19,2.560103753722940621e+19,2.462531332655493939e+19,2.351171035775736218e+19,2.217654699986989875e+19,2.053451874276317594e+19,1.854455442909324902e+19,1.625595945878447718e+19,1.382006511472581018e+19,1.144679345542712525e+19,9.304740295356710912e+18,7.468366211214999552e+18,5.939694304397099008e+18,4.686473699837083648e+18,3.666404261069062144e+18,2.838097071888662528e+18,2.165588069024006144e+18,1.619683706929152000e+18,1.178018407266648064e+18,8.245618402593341440e+17,5.484780095778324480e+17,3.419018336707543040e+17,1.968506863217541120e+17,1.028591409797529600e+17,4.712639551137382400e+16,1.688461487846195200e+16,1.801149564846080000e+15,0.000000000000000000e+00
7.407450298354814157e+19,7.406903181368832819e+19,7.406612910299099955e+19,7.406585642410731110e+19,7.406827534968841830e+19,7.407342106410640998e+19,7.408132875173337498e+19,7.409203359694140211e+19,7.410553559973049139e+19,7.412184355619366502e+19,7.414094867023790080e+19,7.416282455358413210e+19,7.418743602186027008e+19,7.421474789069422592e+19,7.424469858743484416e+19,7.427722653943096934e+19,7.431224378575237939e+19,7.434967116156187443e+19,7.438940311374318797e+19,7.443132529308703130e+19,7.447531455429109350e+19,7.452122136377399706e+19,7.456891378014040883e+19,7.461822467762290688e+19,7.466896933826802483e+19,7.472098943240136294e+19,7.477406505769736602e+19,7.482800270010954547e+19,7.488258245731234611e+19,7.493757563088719053e+19,7.499274472632247910e+19,7.504783465692056781e+19,7.510259913207683482e+19,7.515675667681456947e+19,7.521002581615706112e+19,7.526213387122062131e+19,7.531276418265645056e+19,7.536161768330179379e+19,7.540837771380785152e+19,7.545272761482582426e+19,7.549432433872784589e+19,7.553283363397907251e+19,7.556790365685861581e+19,7.559920015583163187e+19,7.562634489889816576e+19,7.564897724624430694e+19,7.566672776196312269e+19,7.567921821405465805e+19,7.568607916661198029e+19,7.568691479544909005e+19,7.568133807247301018e+19,7.566896196959076352e+19,7.564939945870937293e+19,7.562224591954981683e+19,7.558710552792609587e+19,7.554357366355918848e+19,7.549127209444913971e+19,7.542977860813088358e+19,7.535871497260446515e+19,7.527766777149784064e+19,7.518624997671803290e+19,7.508407456017206477e+19,7.497073690158091469e+19,7.484586756503764992e+19,7.470907072635627110e+19,7.455995935744380109e+19,7.439818161457935155e+19,7.422335926576296755e+19,7.403512287508771635e+19,7.383312939492573184e+19,7.361701818546310349e+19,7.338645499516498739e+19,7.314110997054305075e+19,7.288064886006244966e+19,7.260475940242089574e+19,7.231313373436261171e+19,7.200548158481786470e+19,7.168150388662389965e+19,7.134092356285051699e+19,7.098346793461402829e+19,7.060887311912376730e+19,7.021686643749604557e+19,6.980718400694019686e+19,6.937954435247951053e+19,6.893363081476518707e+19,6.846907835593680486e+19,6.798543837525023130e+19,6.748209514619391181e+19,6.695819104969818112e+19,6.641245505032133018e+19,6.584296080369149542e+19,6.524674402646019277e+19,6.461918237174425190e+19,6.395304545107941786e+19,6.323699510056006451e+19,6.245331598883946496e+19,6.157446754866508595e+19,6.055803062143732941e+19,5.933976733981501030e+19,5.782491739366988186e+19,5.587969220813416038e+19,5.332866250397292954e+19,4.997028779981484851e+19,4.562902446721571226e+19,4.025540327901862298e+19,3.404527804245606400e+19,2.748496934756312678e+19,2.122732101942483354e+19,1.584019562941539942e+19,1.161078121666340454e+19,8.530470254390804480e+18,6.409606882410889216e+18,5.004433221136416768e+18,4.093772885913501696e+18,3.505915145832366080e+18,3.117589904012345344e+18,2.842939321097388032e+18,2.621805267641171968e+18,2.411143787561615360e+18,2.181016416184958976e+18,1.915323691940446208e+18,1.615160590970388480e+18,1.299427855595208704e+18,9.975266329000673280e+17,7.361716881855610880e+17,5.293323166825840640e+17,3.771377797268766720e+17,2.710998131922698240e+17
8.692542776322660762e+19,8.692722216620313805e+19,8.692392363131981005e+19,8.691563771169289011e+19,8.690250514481073357e+19,8.688463148378960691e+19,8.686213987393182106e+19,8.683514466444666470e+19,8.680376900063644877e+19,8.676812723171046195e+19,8.672833370687799296e+19,8.668450277534833050e+19,8.663673999023774106e+19,8.658515970075551334e+19,8.652986746001791386e+19,8.647097761723423130e+19,8.640858692942770995e+19,8.634280974580763853e+19,8.627373402730423910e+19,8.620146532703377818e+19,8.612610040201950003e+19,8.604771841709860454e+19,8.596643372148038042e+19,8.588232548000202752e+19,8.579547285750074573e+19,8.570596381490675712e+19,8.561387751705726157e+19,8.551929312878945894e+19,8.542228981494054912e+19,8.532292914816168755e+19,8.522129029329007411e+19,8.511743482297686426e+19,8.501142430987321344e+19,8.490332032663027712e+19,8.479317564980618854e+19,8.468104305595908096e+19,8.456697532164708762e+19,8.445101642733531955e+19,8.433321914958191002e+19,8.421360987666592563e+19,8.409223258905247744e+19,8.396912247111365427e+19,8.384431470722154496e+19,8.371782688956219392e+19,8.358968540641466778e+19,8.345992544215105536e+19,8.332853820067833446e+19,8.319556766246161613e+19,8.306100503140787814e+19,8.292487669579618714e+19,8.278717385953352090e+19,8.264790531871290163e+19,8.250707107333432934e+19,8.236467112339780403e+19,8.222069667281030349e+19,8.207514772157182771e+19,8.192801547358935450e+19,8.177927354058381722e+19,8.162891312646219366e+19,8.147691663903843942e+19,8.132327528221953229e+19,8.116794507554036122e+19,8.101092601900092621e+19,8.085217413213611622e+19,8.069167182275988685e+19,8.052938390650014925e+19,8.036528399507783680e+19,8.019933690412086067e+19,8.003149865316410982e+19,7.986175165002153984e+19,7.969004311813501747e+19,7.951632907703943168e+19,7.934059193454873805e+19,7.916277011801178112e+19,7.898282844305647206e+19,7.880071413312467763e+19,7.861639200384430899e+19,7.842980927865723290e+19,7.824090438491229389e+19,7.804963334214438093e+19,7.785591698551629414e+19,7.765968494628385587e+19,7.746083167133079962e+19,7.725924281144783667e+19,7.705471605649545626e+19,7.684701391196205875e+19,7.663573175756862259e+19,7.642028905117568205e+19,7.619977099910892749e+19,7.597274383820573901e+19,7.573692938037336474e+19,7.548876520793781043e+19,7.522256904480672973e+19,7.492934248781840384e+19,7.459480947799778918e+19,7.419646081330105549e+19,7.369890981149985997e+19,7.304710172636820275e+19,7.215662485121846477e+19,7.090123765899591680e+19,6.909962628423378534e+19,6.650856556072848589e+19,6.283855847493310874e+19,5.781783214074049331e+19,5.132434516551401472e+19,4.355448352011399987e+19,3.510695547512029184e+19,2.684364400629068595e+19,1.956179619883253760e+19,1.371318928597109965e+19,9.353511332629970944e+18,6.277314742868508672e+18,4.185735763582779392e+18,2.795255425946091520e+18,1.880926157860241408e+18,1.280582776050941952e+18,8.836364697159598080e+17,6.171507227099136000e+17,4.340799063814307840e+17,3.047024690850693120e+17,2.107936619930583040e+17,1.416450836644495360e+17,9.110657285960499200e+16,5.527854408689254400e+16,3.100860087271424000e+16,1.534961289422438400e+16,5.667595894128640000e+15,0.000000000000000000e+00
8.466984562954181018e+19,8.463044792889534054e+19,8.458746142229581005e+19,8.454121156518504038e+19,8.449200622081880883e+19,8.444015325245289267e+19,8.438596052334306918e+19,8.432970071237302682e+19,8.427165529451947622e+19,8.421209694866610586e+19,8.415128076151055974e+19,8.408943543147141530e+19,8.402681604524631654e+19,8.396362491297477427e+19,8.390008193698234368e+19,8.383637183522249114e+19,8.377268812174170522e+19,8.370918033012136346e+19,8.364602438222191002e+19,8.358334342334565581e+19,8.352126939488793395e+19,8.345990784996501094e+19,8.339935554560013107e+19,8.333969164663049421e+19,8.328098652180027802e+19,8.322328415157459354e+19,8.316662851641855181e+19,8.311101961633215283e+19,8.305647504350144102e+19,8.300297720574037197e+19,8.295049971476987904e+19,8.289898979403182899e+19,8.284840346306111078e+19,8.279865276092750234e+19,8.274965852279380378e+19,8.270130639945072640e+19,8.265347324559595930e+19,8.260603591592719155e+19,8.255883608077002342e+19,8.251171541045005517e+19,8.246448918701382042e+19,8.241696389641483059e+19,8.236894602460659712e+19,8.232020687317054259e+19,8.227052653978111181e+19,8.221964993774066074e+19,8.216732198035154534e+19,8.211328758091612160e+19,8.205726526445767885e+19,8.199895596381346202e+19,8.193806940791373824e+19,8.187430652959575245e+19,8.180733307732466074e+19,8.173683239175166362e+19,8.166247901743493939e+19,8.158392111065359974e+19,8.150080682768675635e+19,8.141280191699956531e+19,8.131953694268509389e+19,8.122064246883640934e+19,8.111575785563960115e+19,8.100450487109471437e+19,8.088652287538783846e+19,8.076141604433297408e+19,8.062882373811621069e+19,8.048835013255154893e+19,8.033962579173205606e+19,8.018226368756475494e+19,8.001589438414271283e+19,7.984013085337295258e+19,7.965460365934854144e+19,7.945894336616254669e+19,7.925278053790803558e+19,7.903573694258505318e+19,7.880747832865875558e+19,7.856762646412918784e+19,7.831583830136848384e+19,7.805177079274877747e+19,7.777508968673522483e+19,7.748545193569995981e+19,7.718252328810813850e+19,7.686596949242491699e+19,7.653544750102242918e+19,7.619059667408676454e+19,7.583102998352494592e+19,7.545631642077888512e+19,7.506591062808120525e+19,7.465917049064128512e+19,7.423521639915690394e+19,7.379282569669797478e+19,7.333030073731121152e+19,7.284515222667132928e+19,7.233376936859271168e+19,7.179082612875041178e+19,7.120849838240117555e+19,7.057525445159288832e+19,6.987408269242059981e+19,6.907980428860823962e+19,6.815498746629980160e+19,6.704375504457170944e+19,6.566273765375947571e+19,6.388914183527307674e+19,6.154880054922628301e+19,5.841617757248317030e+19,5.425664591976936243e+19,4.894625984430892646e+19,4.262577442664323482e+19,3.573701082220802867e+19,2.884725765730782413e+19,2.238783135328659046e+19,1.660742054962633114e+19,1.162775547717301043e+19,7.485527938457141248e+18,4.155492596749172736e+18,1.565915526746603520e+18,0.000000000000000000e+00,0.000000000000000000e+00,0.000000000000000000e+00,0.000000000000000000e+00,0.000000000000000000e+00,0.000000000000000000e+00,0.000000000000000000e+00,0.000000000000000000e+00,0.000000000000000000e+00,0.000000000000000000e+00,0.000000000000000000e+00,0.000000000000000000e+00,0.000000000000000000e+00
8.428361798102967910e+19,8.428606329488985293e+19,8.428495498716905472e+19,8.428027546568124006e+19,8.427202473042640896e+19,8.426020278140456141e+19,8.424480082252267520e+19,8.422580126159470592e+19,8.420321289471367578e+19,8.417702692578656256e+19,8.414723455872034406e+19,8.411383579351502029e+19,8.407682183407756902e+19,8.403620147650101248e+19,8.399195712859930624e+19,8.394409758646547251e+19,8.389261405400648909e+19,8.383750653122235597e+19,8.377877501811307315e+19,8.371641071858561843e+19,8.365043122482603622e+19,8.358081014855525990e+19,8.350757387805235610e+19,8.343070482113128038e+19,8.335021177388505498e+19,8.326609473631367987e+19,8.317836250451017728e+19,8.308699748628850278e+19,8.299201727383470080e+19,8.289343066324179354e+19,8.279122006232373658e+19,8.268541185935959654e+19,8.257598846216332902e+19,8.246297625901400064e+19,8.234635765772556698e+19,8.222615904657709466e+19,8.210237162947556147e+19,8.197500420251398963e+19,8.184407435787842355e+19,8.170956450338281882e+19,8.157150982339926426e+19,8.142990152183473766e+19,8.128474839478226125e+19,8.113605923833485722e+19,8.098385164467856998e+19,8.082812561381339955e+19,8.066888994183236813e+19,8.050616222092152013e+19,8.033994245108085555e+19,8.017025702058944102e+19,7.999709713335425434e+19,7.982048917765436211e+19,7.964043315348976435e+19,7.945695544913952768e+19,7.927005606460365210e+19,7.907975259206818202e+19,7.888606262371916186e+19,7.868899495564961382e+19,7.848856718004558234e+19,7.828478809300008960e+19,7.807767528669918003e+19,7.786724635332889805e+19,7.765351008898226586e+19,7.743649288193835008e+19,7.721619473219715072e+19,7.699265082413075661e+19,7.676586995383218995e+19,7.653586971348749517e+19,7.630265889918969446e+19,7.606627269531087667e+19,7.582671989794406400e+19,7.558400930318227866e+19,7.533817609539760947e+19,7.508923786677610086e+19,7.483720341341077504e+19,7.458209032748767642e+19,7.432392499728587162e+19,7.406272501499140506e+19,7.379849038060427674e+19,7.353124748240355328e+19,7.326098752429621248e+19,7.298770610823574323e+19,7.271138124398959002e+19,7.243196455304613069e+19,7.214935048228909875e+19,7.186337630399758336e+19,7.157376494124138496e+19,7.128005020109032653e+19,7.098148441563752038e+19,7.067686252013892403e+19,7.036423617999011840e+19,7.004049157826124186e+19,6.970066332044125798e+19,6.933683492281017958e+19,6.893644116648578253e+19,6.847960727928438784e+19,6.793509833488413491e+19,6.725432911347685786e+19,6.636285827981561037e+19,6.514952081028572774e+19,6.345503705244106752e+19,6.106653275905117389e+19,5.773225934977394278e+19,5.321916433998597325e+19,4.742984859165235610e+19,4.054964138670450278e+19,3.311594002833421107e+19,2.588978688286942822e+19,1.956416674590202266e+19,1.452044082747958886e+19,1.079137897215636275e+19,8.184446798304116736e+18,6.429418432675971072e+18,5.272202235651031040e+18,4.510859427770793984e+18,3.997601902366818304e+18,3.627661044719026176e+18,3.326415474551422976e+18,3.039756300515803136e+18,2.729772911442264064e+18,2.376145232937877504e+18,1.980608294351273984e+18,1.567657015726047232e+18,1.174995025168171008e+18,8.365373085922099200e+17,5.696259818667376640e+17,3.738316513413693440e+17,2.377975644920217600e+17
8.432507396744334541e+19,8.431601399163047117e+19,8.430106063349271757e+19,8.428023148521612902e+19,8.425356173117279437e+19,8.422107775964178022e+19,8.418281475499517542e+19,8.413879910551204659e+19,8.408908358775052698e+19,8.403369458998968320e+19,8.397266729660160410e+19,8.390604568805140070e+19,8.383387374480418406e+19,8.375619544732506522e+19,8.367304597998613299e+19,8.358447811934552064e+19,8.349054464196136141e+19,8.339128073220574413e+19,8.328674796272982426e+19,8.317699031399871283e+19,8.306206056257054310e+19,8.294202028109647053e+19,8.281692224613462835e+19,8.268681923424314982e+19,8.255176402198016819e+19,8.241183577418288333e+19,8.226706967522338406e+19,8.211754488993887027e+19,8.196332299098049741e+19,8.180445675490639872e+19,8.164102534655377408e+19,8.147308154248075674e+19,8.130069571143152435e+19,8.112394701824327680e+19,8.094288823947414733e+19,8.075759853996133581e+19,8.056815708454204211e+19,8.037461664977439949e+19,8.017706519658863002e+19,7.997557309372891136e+19,7.977021070993942118e+19,7.956105721005735936e+19,7.934818296282690355e+19,7.913167592917827584e+19,7.891159768176263168e+19,7.868804497760321536e+19,7.846108818544420454e+19,7.823080647012279910e+19,7.799727899647619891e+19,7.776059372543462605e+19,7.752082102574225818e+19,7.727804885832931738e+19,7.703236518412602573e+19,7.678384037187656090e+19,7.653256238251114496e+19,7.627861917696000000e+19,7.602208992006032589e+19,7.576306257274234470e+19,7.550161629984325632e+19,7.523784785838630502e+19,7.497182761711566848e+19,7.470364353696156877e+19,7.443338357885422797e+19,7.416113570372386816e+19,7.388698787250071142e+19,7.361101485197544653e+19,7.333330900112480666e+19,7.305395828087901389e+19,7.277304185607526810e+19,7.249064768764379136e+19,7.220685933846829466e+19,7.192176476947900006e+19,7.163544754355961856e+19,7.134799122359386112e+19,7.105947937246543872e+19,7.076999115501155123e+19,7.047961453216242074e+19,7.018842866875524710e+19,6.989650833158071910e+19,6.960392388938301440e+19,6.931075010895282176e+19,6.901704416489478554e+19,6.872284563962750566e+19,6.842817652338353766e+19,6.813302802006985933e+19,6.783732096484927078e+19,6.754090142609388339e+19,6.724346154054791987e+19,6.694446914458353664e+19,6.664302703671246848e+19,6.633766187135349555e+19,6.602598111120457728e+19,6.570413646556849766e+19,6.536596187323668890e+19,6.500165848658241126e+19,6.459570120142146765e+19,6.412368085961723085e+19,6.354762472759282893e+19,6.280935984414588928e+19,6.182205557700768563e+19,6.046133956889070797e+19,5.856106681674498048e+19,5.592486454384970957e+19,5.237111541952885555e+19,4.782418183988445184e+19,4.242904101010853069e+19,3.660500048554649190e+19,3.094512144505792102e+19,2.598842627002046874e+19,2.202994691551526912e+19,1.909194409395827507e+19,1.701986275436789760e+19,1.559680113842113741e+19,1.461559256374732390e+19,1.390531025122728346e+19,1.333084951057478451e+19,1.278225588047734374e+19,1.216387844638821581e+19,1.138985744480600064e+19,1.039153167311097037e+19,9.139497441597325312e+18,7.671993015900045312e+18,6.104624896854196224e+18,4.597320624132587520e+18,3.290488932113842176e+18,2.256678896533504000e+18,1.497008308400160768e+18,9.686887106462351360e+17
8.759230355570530714e+19,8.759840804426271949e+19,8.759973625430907290e+19,8.759623540928623411e+19,8.758784393654304768e+19,8.757452665170742477e+19,8.755620438994216550e+19,8.753284196687518106e+19,8.750436901376229376e+19,8.747075034623141478e+19,8.743192439163138867e+19,8.738783837340408218e+19,8.733843951499136205e+19,8.728367503983509504e+19,8.722350976356319232e+19,8.715788211352449843e+19,8.708674810925390234e+19,8.701006377028629299e+19,8.692777632006353715e+19,8.683985937030656819e+19,8.674625134836423066e+19,8.664691706986443571e+19,8.654183014652811674e+19,8.643093780179714048e+19,8.631421364739244032e+19,8.619162249894192742e+19,8.606312917207351296e+19,8.592870727850813030e+19,8.578833042996671283e+19,8.564197223817019392e+19,8.548960631483950694e+19,8.533121506778860749e+19,8.516678970092447334e+19,8.499629502987501568e+19,8.481973105464023450e+19,8.463708897912710758e+19,8.444835121114959053e+19,8.425351775070768333e+19,8.405257980170836378e+19,8.384554616024465408e+19,8.363240803022353203e+19,8.341318300383104205e+19,8.318787108106718413e+19,8.295648985411800269e+19,8.271904811907651994e+19,8.247556346812878029e+19,8.222605349346082816e+19,8.197054458335173018e+19,8.170906312608055296e+19,8.144163550992636314e+19,8.116829691926124954e+19,8.088907374236427878e+19,8.060400995970056192e+19,8.031314075564218778e+19,8.001651890674728960e+19,7.971417959738795622e+19,7.940617560412232090e+19,7.909255970350851686e+19,7.877339346819769958e+19,7.844872967474800230e+19,7.811862109971755827e+19,7.778313811185054515e+19,7.744234228379811840e+19,7.709631278039747789e+19,7.674511117429977907e+19,7.638881663034222182e+19,7.602749951726898381e+19,7.566123899991726490e+19,7.529012303921728717e+19,7.491422200391322829e+19,7.453364144712135475e+19,7.414845173758584422e+19,7.375874963232994099e+19,7.336462749033037824e+19,7.296617327251737805e+19,7.256348813396069581e+19,7.215666443363706470e+19,7.174579892856972902e+19,7.133098397773542195e+19,7.091231633815738778e+19,7.048987957271933747e+19,7.006376164235149312e+19,6.963403291579803238e+19,6.920073737352406630e+19,6.876389700576215040e+19,6.832349422032624026e+19,6.787942786214658048e+19,6.743150441717668250e+19,6.697937643974216909e+19,6.652249417402915226e+19,6.605998680682843341e+19,6.559057010855877018e+19,6.511237490945294336e+19,6.462275358551126835e+19,6.411801177766441779e+19,6.359302576172695552e+19,6.304065311016484864e+19,6.245056720977002496e+19,6.180690430677693235e+19,6.108309580221199155e+19,6.023129095003439104e+19,5.916254365760356352e+19,5.771663748856650138e+19,5.563381941793089126e+19,5.256466904843603149e+19,4.816678086700643123e+19,4.231085230621563290e+19,3.530938875993338675e+19,2.788366105988772659e+19,2.079099082505820570e+19,1.455050477391786803e+19,9.388538474556030976e+18,5.312255245227655168e+18,2.212351398064947200e+18,0.000000000000000000e+00,0.000000000000000000e+00,0.000000000000000000e+00,0.000000000000000000e+00,0.000000000000000000e+00,0.000000000000000000e+00,0.000000000000000000e+00,0.000000000000000000e+00,0.000000000000000000e+00,0.000000000000000000e+00,0.000000000000000000e+00,0.000000000000000000e+00,0.000000000000000000e+00,0.000000000000000000e+00
8.437873893097183642e+19,8.438780770287773286e+19,8.439558344910936474e+19,8.440205737357370982e+19,8.440719429189867930e+19,8.441097661189822874e+19,8.441337794529329152e+19,8.441437190380480102e+19,8.441392330306066842e+19,8.441199695868880486e+19,8.440855768631712154e+19,8.440356150548050739e+19,8.439697323180687360e+19,8.438874888483110912e+19,8.437884448408810291e+19,8.436720725301972173e+19,8.435378441506783232e+19,8.433853198976732365e+19,8.432139720056006246e+19,8.430230967870187110e+19,8.428123423982066074e+19,8.425810051517225370e+19,8.423284693210549453e+19,8.420542071406224998e+19,8.417575149229834240e+19,8.414377769416261632e+19,8.410943774700391629e+19,8.407267007817108685e+19,8.403339552282692813e+19,8.399156130441330688e+19,8.394709705418604544e+19,8.389994119949398835e+19,8.385001457549993574e+19,8.379724681345970995e+19,8.374158513681517773e+19,8.368295038072913920e+19,8.362127217645741670e+19,8.355649774744187699e+19,8.348854792884532019e+19,8.341736114801659085e+19,8.334286703621151130e+19,8.326500402077892608e+19,8.318370173297465754e+19,8.309889860014755021e+19,8.301054184573947085e+19,8.291856110100624179e+19,8.282289479329670758e+19,8.272348134995971277e+19,8.262026799443712410e+19,8.251320195017080832e+19,8.240222164450960998e+19,8.228727430089539584e+19,8.216830714277003264e+19,8.204527618966840934e+19,8.191812866503239270e+19,8.178682938448989389e+19,8.165131677538975744e+19,8.151156444945291674e+19,8.136751963012123853e+19,8.121915592911565619e+19,8.106643816206408090e+19,8.090932234850140160e+19,8.074778210014855168e+19,8.058179982481948672e+19,8.041134033814211789e+19,8.023637725183737856e+19,8.005689297371922432e+19,7.987287870769463296e+19,7.968429926939151565e+19,7.949116345490289459e+19,7.929344487594970317e+19,7.909114353253194138e+19,7.888425062855658701e+19,7.867275736793061786e+19,7.845667254674705613e+19,7.823598736891287962e+19,7.801071942661413274e+19,7.778085992375779328e+19,7.754640886034386125e+19,7.730737503246535885e+19,7.706374084793624166e+19,7.681551510284953190e+19,7.656265381674011853e+19,7.630509541695684608e+19,7.604273435038344806e+19,7.577540349125250253e+19,7.550278618021520998e+19,7.522438983606232678e+19,7.493939642214278758e+19,7.464650411668930560e+19,7.434358426519050650e+19,7.402725916792586240e+19,7.369213242182624870e+19,7.332959704986943488e+19,7.292601910787099853e+19,7.245986576011257446e+19,7.189736440743539507e+19,7.118604195691547853e+19,7.024567364214377677e+19,6.895661060778570547e+19,6.714765889339654144e+19,6.459017285695700992e+19,6.101370342435979264e+19,5.616724968316967322e+19,4.994375878325986918e+19,4.253708342070031155e+19,3.451697072979522355e+19,2.669448645788984934e+19,1.981206923457016627e+19,1.428239326153120154e+19,1.014705306365172122e+19,7.206910042711261184e+18,5.179289105057447936e+18,3.798433067576590336e+18,2.854637025305296896e+18,2.197270908895232000e+18,1.723810619175469056e+18,1.366744630372073472e+18,1.082920753227104256e+18,8.462835170997698560e+17,6.433292012140625920e+17,4.697394736518922240e+17,3.265348186427883520e+17,2.154585634121973760e+17,1.353899534240972800e+17,8.164849652806451200e+16,4.770005281826406400e+16,2.723333535694848000e+16
8.124003785395037798e+19,8.126438543943584973e+19,8.128162578175937741e+19,8.129165332780469453e+19,8.129434493226949018e+19,8.128958624594447565e+19,8.127724532743431782e+19,8.125721662362275021e+19,8.122936819311443968e+19,8.119357689060707533e+19,8.114973716298439066e+19,8.109772586494407475e+19,8.103741105509079450e+19,8.096869597640130560e+19,8.089143989138725274e+19,8.080555483911841382e+19,8.071090008210643354e+19,8.060737886332806758e+19,8.049486803748100506e+19,8.037327084754200166e+19,8.024247294430176870e+19,8.010235997855101747e+19,7.995284398935952589e+19,7.979381942361102746e+19,7.962518952428227789e+19,7.944685753435003290e+19,7.925872669679104819e+19,7.906070905067510170e+19,7.885272543116499354e+19,7.863469667342352384e+19,7.840652602042744832e+19,7.816816069561863373e+19,7.791952153415988019e+19,7.766053816730701005e+19,7.739114902240886784e+19,7.711130132290732032e+19,7.682094229224423424e+19,7.652001915386147635e+19,7.620849672338695782e+19,7.588633102035556762e+19,7.555349565648823910e+19,7.520994665131986125e+19,7.485568400485043405e+19,7.449067253270786867e+19,7.411492103098518733e+19,7.372840311140332339e+19,7.333113196810181018e+19,7.292311199912715878e+19,7.250435639861890253e+19,7.207488715680959693e+19,7.163472626393179750e+19,7.118390450631108198e+19,7.072246146636605030e+19,7.025044112456181350e+19,6.976789625745650483e+19,6.927488403965476864e+19,6.877147044185427149e+19,6.825772143475267994e+19,6.773371178514068275e+19,6.719953825004152422e+19,6.665527559624589312e+19,6.610103377491656704e+19,6.553691394112330138e+19,6.496302164798236262e+19,6.437947564274955059e+19,6.378640346877368730e+19,6.318393266940359475e+19,6.257219958408111718e+19,6.195134934834112102e+19,6.132152709771847270e+19,6.068289555993408307e+19,6.003561306466235187e+19,5.937984673767070106e+19,5.871577250081957478e+19,5.804356627596941722e+19,5.736342157716671693e+19,5.667551872431842918e+19,5.598006002756406477e+19,5.527724339899662336e+19,5.456726675070910464e+19,5.385034118893404160e+19,5.312666902381094502e+19,5.239644376938630349e+19,5.165986333775311667e+19,5.091709485467880653e+19,5.016829225179126170e+19,4.941354788806721536e+19,4.865287935569271194e+19,4.788618110155148493e+19,4.711315845652729037e+19,4.633320449020159590e+19,4.554523728313266995e+19,4.474743164601840435e+19,4.393682769355682611e+19,4.310869752574849843e+19,4.225565682250127770e+19,4.136628825507233792e+19,4.042325912216141824e+19,3.940080126925996032e+19,3.826181277600029082e+19,3.695548301103962522e+19,3.541790396052511130e+19,3.358048589009282662e+19,3.139255670686508646e+19,2.886053535972484710e+19,2.608923169507822797e+19,2.328821482820259021e+19,2.071209646771876659e+19,1.856055892034715648e+19,1.691178076135751680e+19,1.572932087687046758e+19,1.491382739620016947e+19,1.435231890252287181e+19,1.394403065271104307e+19,1.360598470323968410e+19,1.326810587953574707e+19,1.286537126295581491e+19,1.233174968269379994e+19,1.160024789526931046e+19,1.061412670264259379e+19,9.352120450420834304e+18,7.859303068028895232e+18,6.258165648359161856e+18,4.715340827868528640e+18,3.376465793603600384e+18,2.316860665479823360e+18,1.538111214142357504e+18,9.965131580571648000e+17
6.032620519179052646e+19,6.029881415811937075e+19,6.027313836258754560e+19,6.024939330947409510e+19,6.022777251282550784e+19,6.020844749645571686e+19,6.019158098808563302e+19,6.017731372520361165e+19,6.016576445506545254e+19,6.015702993469440000e+19,6.015119812502067610e+19,6.014832620064892518e+19,6.014845814204425830e+19,6.015161154139271987e+19,6.015778200064779878e+19,6.016694752957693952e+19,6.017906854576154214e+19,6.019407468045742899e+19,6.021187357468786688e+19,6.023235967533658931e+19,6.025540543905477427e+19,6.028084813812151091e+19,6.030851624872286618e+19,6.033821185876584038e+19,6.036971066787836723e+19,6.040277957959535821e+19,6.043715031307963597e+19,6.047254139335448986e+19,6.050864495716414259e+19,6.054513994711328358e+19,6.058167891752753562e+19,6.061789683054647706e+19,6.065340665807713075e+19,6.068780377984047514e+19,6.072067038141795533e+19,6.075156226011194982e+19,6.078002201908530381e+19,6.080557466931481805e+19,6.082773202763776000e+19,6.084598392065884160e+19,6.085981577693626368e+19,6.086868223870264934e+19,6.087203794819062170e+19,6.086932435349327053e+19,6.085996970856415232e+19,6.084338467517077914e+19,6.081897551703415194e+19,6.078614409982876058e+19,6.074427029899653939e+19,6.069274278607244493e+19,6.063093264040538931e+19,6.055821094134428467e+19,6.047393557409850982e+19,6.037747761801697690e+19,6.026818616221604250e+19,6.014542788799810765e+19,6.000854748643301786e+19,5.985691163882317414e+19,5.968987823037795533e+19,5.950680514630674022e+19,5.930705906791192986e+19,5.909001547258894746e+19,5.885504104164019405e+19,5.860152004855411507e+19,5.832884996095868928e+19,5.803642384843538432e+19,5.772365677079822336e+19,5.738996378786122957e+19,5.703478194967098163e+19,5.665755270432056934e+19,5.625774388818214912e+19,5.583482333762787738e+19,5.538828087926246605e+19,5.491762832992318259e+19,5.442239070058682778e+19,5.390210619636973568e+19,5.335633941066730701e+19,5.278467692710749798e+19,5.218671412541128704e+19,5.156207277357871923e+19,5.091039223179588403e+19,5.023133385048142643e+19,4.952456777614701363e+19,4.878978174749035725e+19,4.802666790125568000e+19,4.723492277223371571e+19,4.641422530302915379e+19,4.556423244601412813e+19,4.468457036723519488e+19,4.377480366008775475e+19,4.283445293750209741e+19,4.186299043389689037e+19,4.085994555829544550e+19,3.982508521423267430e+19,3.875882281808062054e+19,3.766300994742045901e+19,3.654232392471674880e+19,3.540651961713111859e+19,3.427374776261489459e+19,3.317471552190860493e+19,3.215627308547178496e+19,3.128030976380869018e+19,3.060942954998163046e+19,3.016558089510427034e+19,2.985313707388567552e+19,2.938695293980167373e+19,2.833441684681077555e+19,2.634998087760530637e+19,2.343242457427843482e+19,1.993283519371857101e+19,1.631833365391658189e+19,1.293765755541232026e+19,9.965137765324554240e+18,7.442438627520413696e+18,5.345268081851629568e+18,3.632190482869649408e+18,2.262183189181104128e+18,1.199619137828028416e+18,4.141832814041497600e+17,0.000000000000000000e+00,0.000000000000000000e+00,0.000000000000000000e+00,0.000000000000000000e+00,0.000000000000000000e+00,0.000000000000000000e+00,0.000000000000000000e+00,0.000000000000000000e+00,0.000000000000000000e+00
9.692416660389599642e+19,9.694920908073022259e+19,9.696646701523979469e+19,9.697592281523866829e+19,9.697753250026173235e+19,9.697127847812294246e+19,9.695709038007812096e+19,9.693494181784820122e+19,9.690475362659598336e+19,9.686646423367031194e+19,9.682000327032700928e+19,9.676528277563585331e+19,9.670220599257359974e+19,9.663069375630304870e+19,9.655063171761491149e+19,9.646190552729989939e+19,9.636439204005570150e+19,9.625797690667302912e+19,9.614252818575654912e+19,9.601789634372488397e+19,9.588394943918270054e+19,9.574052914245559910e+19,9.558747712386917990e+19,9.542463505374904320e+19,9.525183580632776704e+19,9.506890345974490726e+19,9.487566209214001971e+19,9.467192698555963802e+19,9.445751342205029581e+19,9.423223668365852672e+19,9.399589446024481997e+19,9.374830203385570918e+19,9.348924829825866138e+19,9.321853973940718797e+19,9.293596525106875597e+19,9.264132252310385459e+19,9.233440044927995085e+19,9.201500551555055616e+19,9.168291781959011533e+19,9.133793505125911757e+19,9.097984610432502989e+19,9.060843987255531930e+19,9.022352284190349722e+19,8.982489270223005286e+19,8.941233834730245325e+19,8.898565746698118758e+19,8.854467413940581171e+19,8.808917725834379264e+19,8.761899090193468621e+19,8.713393035222502605e+19,8.663381968735436800e+19,8.611847418936924570e+19,8.558773552859525939e+19,8.504144537535800934e+19,8.447945419607611802e+19,8.390159486498216346e+19,8.330775303286685696e+19,8.269777916614882099e+19,8.207155891561876685e+19,8.142897793206740582e+19,8.076993066237847142e+19,8.009432034952871936e+19,7.940205903258792755e+19,7.869307634281191834e+19,7.796731070754953626e+19,7.722470055414962586e+19,7.646521069824009830e+19,7.568880595544886477e+19,7.489545993749685862e+19,7.408519023657012429e+19,7.325797926048261734e+19,7.241385339751340442e+19,7.155284343398806323e+19,7.067499774841821594e+19,6.978036911736199578e+19,6.886902790956358042e+19,6.794105768790668083e+19,6.699655081136803021e+19,6.603562162915691725e+19,6.505838449048263066e+19,6.406496693869399245e+19,6.305550531323284685e+19,6.203014035158754918e+19,6.098899959710692147e+19,5.993220619509327462e+19,5.885985250452334182e+19,5.777196931172270080e+19,5.666850823817972941e+19,5.554925817766189466e+19,5.441377052942506394e+19,5.326121846072514970e+19,5.209017700449255424e+19,5.089830200193685914e+19,4.968182872524455936e+19,4.843481981162566451e+19,4.714809213996498944e+19,4.580759834970606797e+19,4.439223661368862310e+19,4.287107547080006042e+19,4.120024880513862861e+19,3.932095033680435610e+19,3.716146991743369216e+19,3.464900228508182118e+19,3.173833552161459405e+19,2.845840657405181952e+19,2.495723169772470272e+19,2.150060243548530278e+19,1.839230945204161741e+19,1.585421440266954342e+19,1.395524677082598605e+19,1.263011535703035085e+19,1.174682708890301235e+19,1.116604085785591808e+19,1.077006383974029722e+19,1.046779379961351373e+19,1.018819129120496026e+19,9.871021769010184192e+18,9.459629597873143808e+18,8.899191478765486080e+18,8.144227212715884544e+18,7.177321635051995136e+18,6.032506279920926720e+18,4.803639308160335872e+18,3.618773417353805824e+18,2.590014538191470592e+18,1.775497561285591040e+18,1.176658723699949568e+18,7.600510878760304640e+17
7.653973999441726669e+19,7.660964254566475366e+19,7.668024878435401728e+19,7.675131241988043571e+19,7.682260475382543155e+19,7.689384431121229414e+19,7.696478480143640166e+19,7.703513595342802125e+19,7.710460749611742003e+19,7.717290036234184294e+19,7.723969789275249050e+19,7.730467463190754099e+19,7.736750512436517274e+19,7.742784632249751962e+19,7.748535517867671552e+19,7.753966225699582771e+19,7.759040691764094566e+19,7.763721092861211443e+19,7.767970485400240128e+19,7.771749286962580685e+19,7.775017915129633178e+19,7.777738546701402112e+19,7.779868080822078669e+19,7.781367814682365133e+19,7.782196406645057126e+19,7.782311635463648051e+19,7.781673039110235750e+19,7.780237516729011405e+19,7.777963726682770637e+19,7.774809447725006848e+19,7.770733338218515661e+19,7.765692297307488256e+19,7.759644983354720256e+19,7.752549175113705062e+19,7.744364410556540518e+19,7.735048468436720026e+19,7.724560007117039206e+19,7.712860323788200346e+19,7.699908076812999066e+19,7.685663683772835430e+19,7.670089321467713946e+19,7.653145407479034675e+19,7.634795877825406566e+19,7.615003788916136346e+19,7.593733076769832960e+19,7.570947677405105357e+19,7.546615924887073587e+19,7.520703514452951040e+19,7.493177900558555546e+19,7.464009176487611597e+19,7.433168315133145907e+19,7.400626289388185190e+19,7.366355391559709491e+19,7.330330552782605517e+19,7.292527143996411085e+19,7.252922735163919565e+19,7.211494896247924326e+19,7.168224275843776512e+19,7.123091962351478374e+19,7.076080803389636608e+19,7.027176285404764570e+19,6.976364334648026726e+19,6.923632636589191987e+19,6.868971515525935923e+19,6.812371735560585216e+19,6.753827139428024320e+19,6.693332009667788800e+19,6.630884147256623104e+19,6.566481353171271680e+19,6.500124067216385638e+19,6.431814928219871642e+19,6.361557454618938573e+19,6.289358683288004198e+19,6.215225651101486285e+19,6.139168033761709261e+19,6.061197705994253107e+19,5.981327861938651136e+19,5.899573454953041101e+19,5.815951197614165197e+19,5.730480001522021171e+19,5.643179218081257882e+19,5.554069957915128627e+19,5.463174211256188928e+19,5.370513528532343194e+19,5.276109899976146944e+19,5.179982237187597926e+19,5.082145493524833894e+19,4.982607585471574835e+19,4.881363675176658534e+19,4.778387374361018368e+19,4.673621508420009984e+19,4.566957005800158003e+19,4.458206069915438285e+19,4.347059078291469107e+19,4.233023009914355712e+19,4.115326887230701568e+19,3.992788075533670810e+19,3.863630203837428531e+19,3.725252267435307827e+19,3.573980138271932416e+19,3.404918130873466880e+19,3.212156150338289664e+19,2.989816647308961382e+19,2.734515324995187507e+19,2.449280898126839808e+19,2.147218885600031539e+19,1.851152729881811354e+19,1.586666197380759552e+19,1.371976106697031680e+19,1.212182762418392269e+19,1.101131868110690714e+19,1.027257880863676826e+19,9.785856896857538560e+18,9.451052307664863232e+18,9.191127758858616832e+18,8.946076303841296384e+18,8.664822878723637248e+18,8.299026355278839808e+18,7.801716696279941120e+18,7.134004175452504064e+18,6.281523123623821312e+18,5.274822371860021248e+18,4.196495584372195328e+18,3.158587943833042944e+18,2.258756836071047168e+18,1.547246094184873984e+18,1.024759199457869824e+18,6.616729034560634880e+17
9.007444665736311603e+19,9.010826763503350579e+19,9.013885165047172301e+19,9.016613713102661222e+19,9.019004491186097357e+19,9.021049582813760717e+19,9.022737553064722432e+19,9.024058726236658074e+19,9.025001667408638771e+19,9.025554062050433434e+19,9.025702716022508749e+19,9.025432675966726963e+19,9.024729868134252544e+19,9.023578459557645517e+19,9.021960858050861466e+19,9.019860351037158195e+19,9.017257587111886848e+19,9.014134094479700787e+19,9.010469642126648934e+19,9.006243999038780211e+19,9.001435174983539098e+19,8.996021179728370074e+19,8.989980023040717619e+19,8.983287075860119552e+19,8.975919468344718131e+19,8.967852571434051174e+19,8.959060876458354278e+19,8.949518874747863040e+19,8.939200178023510835e+19,8.928078398006231040e+19,8.916128026026259251e+19,8.903320034976622182e+19,8.889628036578253210e+19,8.875023883333481267e+19,8.859480307353937510e+19,8.842967401923346432e+19,8.825458778762641408e+19,8.806925410764849152e+19,8.787339150432298598e+19,8.766670091048714240e+19,8.744891844335029453e+19,8.721975383184270950e+19,8.697891680489465446e+19,8.672614347971546317e+19,8.646114358523540275e+19,8.618365323866380698e+19,8.589339976111698739e+19,8.559011926980427776e+19,8.527353908584198963e+19,8.494340412253247898e+19,8.459947688536414618e+19,8.424148469545330278e+19,8.386921644656741581e+19,8.348241705200884122e+19,8.308086660945202381e+19,8.266434521657140838e+19,8.223264176713446195e+19,8.178555395100167373e+19,8.132288825412655514e+19,8.084446875464866202e+19,8.035011073461452800e+19,7.983964706825673114e+19,7.931292822199389389e+19,7.876981345833766093e+19,7.821017083589269914e+19,7.763387720935669760e+19,7.704081822952036762e+19,7.643090593545348710e+19,7.580406116231885619e+19,7.516019594918625280e+19,7.449926631559056589e+19,7.382121948497366221e+19,7.312602906905647514e+19,7.241367307760644915e+19,7.168415151062358426e+19,7.093746876615439155e+19,7.017365563052444877e+19,6.939273849201282253e+19,6.859477012717764608e+19,6.777980771062356378e+19,6.694792600914126438e+19,6.609919099342841446e+19,6.523368622636872499e+19,6.435147328061335142e+19,6.345260933076693811e+19,6.253709437682948506e+19,6.160487564224285901e+19,6.065576401100708250e+19,5.968938564916871168e+19,5.870505006342550323e+19,5.770156098512643686e+19,5.667692609920198246e+19,5.562791723951298970e+19,5.454937109945542246e+19,5.343312930275118285e+19,5.226642871842504704e+19,5.102956609810726912e+19,4.969248958998747546e+19,4.821032152746636083e+19,4.651799721045865267e+19,4.452566894678900736e+19,4.211904030372685414e+19,3.917309241114755072e+19,3.559082415422544282e+19,3.137221134370471936e+19,2.668936933077417984e+19,2.190304348246061875e+19,1.746281420775699251e+19,1.373203051722466918e+19,1.086628869935674163e+19,8.819962869891203072e+18,7.434604607172509696e+18,6.526717515152752640e+18,5.936464488990507008e+18,5.541597977618939904e+18,5.253289536141656064e+18,5.006330978205958144e+18,4.750106286027177984e+18,4.443379925273018368e+18,4.054897728168132608e+18,3.570537842243272704e+18,3.003504302636400640e+18,2.397685490359730176e+18,1.814647459498950656e+18,1.308744017617354752e+18,9.082212061156474880e+17,6.136898037030584320e+17,4.087100156002959360e+17
7.221658781735085670e+19,7.224304206711514726e+19,7.227315109353016525e+19,7.230689290636335514e+19,7.234422352514960589e+19,7.238507697919125094e+19,7.242936530755806822e+19,7.247696976299425792e+19,7.252776720019750912e+19,7.258159049340039987e+19,7.263826811878899712e+19,7.269758897013076787e+19,7.275933314510015693e+19,7.282325435309254246e+19,7.288908431327074714e+19,7.295653275456503808e+19,7.302528301762661581e+19,7.309500524896714752e+19,7.316534760486574490e+19,7.323593185332245299e+19,7.330636217015127245e+19,7.337622953702667059e+19,7.344509854734404813e+19,7.351251620231276134e+19,7.357802070704914432e+19,7.364111508229744230e+19,7.370130234880190054e+19,7.375806353707420877e+19,7.381085768739350118e+19,7.385914823808542310e+19,7.390236344310353101e+19,7.393993155640138138e+19,7.397125444365346406e+19,7.399575156272031334e+19,7.401279839099735245e+19,7.402177920197302682e+19,7.402206947304275968e+19,7.401302708941592986e+19,7.399401873239493837e+19,7.396439349109614182e+19,7.392350045463589683e+19,7.387067111994451558e+19,7.380525457613835469e+19,7.372659551428725965e+19,7.363402543132154266e+19,7.352688022221802701e+19,7.340450457804655821e+19,7.326623439378395955e+19,7.311142315659309875e+19,7.293941115949731021e+19,7.274956068575248384e+19,7.254123401861450957e+19,7.231379344133927731e+19,7.206662762546174362e+19,7.179911204837733171e+19,7.151065737185355366e+19,7.120066546156489933e+19,7.086856896951143629e+19,7.051379175160020992e+19,7.013579284811035443e+19,6.973404449346053734e+19,6.930801892206942618e+19,6.885722795077428838e+19,6.838118339641239142e+19,6.787942786214658048e+19,6.735152154332574515e+19,6.679704222748481946e+19,6.621559848848431514e+19,6.560680769627776614e+19,6.497031800714428416e+19,6.430580396564204749e+19,6.361296210656178995e+19,6.289151095492680090e+19,6.214120422013245850e+19,6.136180880571367424e+19,6.055312679957744845e+19,5.971498667790984806e+19,5.884724770322251776e+19,5.794978233216663552e+19,5.702249820576546816e+19,5.606533814941437133e+19,5.507824938655521178e+19,5.406121872304845619e+19,5.301423736280108237e+19,5.193732729604564582e+19,5.083051051301470208e+19,4.969381340198731776e+19,4.852728434147511501e+19,4.733096731194320486e+19,4.610496346846134272e+19,4.484947951921555046e+19,4.356499485127553843e+19,4.225255619971094938e+19,4.091437578191686861e+19,3.955488682877648896e+19,3.818256437591670784e+19,3.681295331873102234e+19,3.547325337586735514e+19,3.420858850452963328e+19,3.308873151359326618e+19,3.221051199406997504e+19,3.168396027357455974e+19,3.158026093391249408e+19,3.181613036732625715e+19,3.197633800758624256e+19,3.117469067684452762e+19,2.821207858603465114e+19,2.228603636776383283e+19,1.414287403205944934e+19,6.833700062116184064e+18,3.602453641140633600e+18,4.370758556647948288e+18,6.378757884670377984e+18,7.098481703538130944e+18,5.728138921364160512e+18,2.732985684418625536e+18,0.000000000000000000e+00,0.000000000000000000e+00,0.000000000000000000e+00,0.000000000000000000e+00,0.000000000000000000e+00,0.000000000000000000e+00,0.000000000000000000e+00,0.000000000000000000e+00,0.000000000000000000e+00,0.000000000000000000e+00,0.000000000000000000e+00,0.000000000000000000e+00
6.504317604564723302e+19,6.503988190881041613e+19,6.502789723206765773e+19,6.500717363690733568e+19,6.497765834677131674e+19,6.493930298314797875e+19,6.489205916752569958e+19,6.483589611357890150e+19,6.477076104474945126e+19,6.469662757275828224e+19,6.461346051323330560e+19,6.452122907984894362e+19,6.441990688432612966e+19,6.430946753838579712e+19,6.418989344984190157e+19,6.406116262846188749e+19,6.392326188010622157e+19,6.377618240868188160e+19,6.361991102004933427e+19,6.345444331616206848e+19,6.327977929702008422e+19,6.309592336066989261e+19,6.290287110906498253e+19,6.270064013439139840e+19,6.248923483469565133e+19,6.226866840411727462e+19,6.203896283288882381e+19,6.180013571319634330e+19,6.155221343331889971e+19,6.129522238153555968e+19,6.102919334417190093e+19,6.075415710755350118e+19,6.047015765214547149e+19,6.017723016231990067e+19,5.987541861854189978e+19,5.956477139932309094e+19,5.924534128122160742e+19,5.891718104079558246e+19,5.858034345460314931e+19,5.823489449334197453e+19,5.788089133161670246e+19,5.751840873621802189e+19,5.714750827979708826e+19,5.676826472914459034e+19,5.638076164714423910e+19,5.598506500449370112e+19,5.558126716016970957e+19,5.516945167705597542e+19,5.474970211803620966e+19,5.432211524013365658e+19,5.388678340232504934e+19,5.344380336163363226e+19,5.299327627312916070e+19,5.253530329188139008e+19,5.206998997100658688e+19,5.159744186362101760e+19,5.111777771698048205e+19,5.063110308420124672e+19,5.013754111058562253e+19,4.963720614534289818e+19,4.913022573182189568e+19,4.861671421923190374e+19,4.809680354896825549e+19,4.757062126437977293e+19,4.703829930686178918e+19,4.649996961780963738e+19,4.595576853666516173e+19,4.540583680091671757e+19,4.485030635195963802e+19,4.428932232532878950e+19,4.372302985655903846e+19,4.315156968313874022e+19,4.257509573669578342e+19,4.199374875471852339e+19,4.140768706688135987e+19,4.081705141067264819e+19,4.022200451381329920e+19,3.962269590988469043e+19,3.901927953051471053e+19,3.841190930733124813e+19,3.780073037586916966e+19,3.718590106580287488e+19,3.656755771657420800e+19,3.594583886664826880e+19,3.532085886523434598e+19,3.469271446935568384e+19,3.406146285361692672e+19,3.342709742094830797e+19,3.278952141432658330e+19,3.214848854314713088e+19,3.150352601741000704e+19,3.085380480534786867e+19,3.019795711449576243e+19,2.953377072745860301e+19,2.885775799335308493e+19,2.816448512571473920e+19,2.744562442347479040e+19,2.668859087654171443e+19,2.587480273840609690e+19,2.497766722083854746e+19,2.396106756588988006e+19,2.278009312161195622e+19,2.138743849973134131e+19,1.974998860904267776e+19,1.787684740582395085e+19,1.584798676880982016e+19,1.381688202856339866e+19,1.196587949196994150e+19,1.043444451243143987e+19,9.273328347662778368e+18,8.451833732528078848e+18,7.896197180698918912e+18,7.525121901929168896e+18,7.268037941413281792e+18,7.068920233913745408e+18,6.882886714784743424e+18,6.670848646147211264e+18,6.395248909819576320e+18,6.019267060410875904e+18,5.512092583087570944e+18,4.861695171374350336e+18,4.090725864315027456e+18,3.262306524948594688e+18,2.462834028206620672e+18,1.768137018132398080e+18,1.217708303128199168e+18,8.127479314162647040e+17,5.308305387143823360e+17
6.654411936872425062e+19,6.654215783998029824e+19,6.653387631839988941e+19,6.651916045477373542e+19,6.649790469598556979e+19,6.647000348891912602e+19,6.643534688241162650e+19,6.639384691553284915e+19,6.634541122930606080e+19,6.628995186280103936e+19,6.622738965118058496e+19,6.615764982765400883e+19,6.608066642152364442e+19,6.599636906404531405e+19,6.590470937670739558e+19,6.580563458295175578e+19,6.569910070231328358e+19,6.558507255041989018e+19,6.546351494289948672e+19,6.533441468561253990e+19,6.519774539027998310e+19,6.505350705690181632e+19,6.490169528743152845e+19,6.474231887796214170e+19,6.457538222654016717e+19,6.440092051753769370e+19,6.421895134314076570e+19,6.402951428576798310e+19,6.383265332588445696e+19,6.362842124004832051e+19,6.341687960091072922e+19,6.319809437916934963e+19,6.297214034161487053e+19,6.273909665308449178e+19,6.249905567255494656e+19,6.225212295314250138e+19,6.199839085382388941e+19,6.173798251990142157e+19,6.147101230058438656e+19,6.119761653531462861e+19,6.091791836939445862e+19,6.063206733640525414e+19,6.034021296992839270e+19,6.004250920159176294e+19,5.973911436106976461e+19,5.943020876826935296e+19,5.911595515091143885e+19,5.879654702304251085e+19,5.847216470456952422e+19,5.814300170953896755e+19,5.780926474613686272e+19,5.747114732840969830e+19,5.712886935868302950e+19,5.678263754514287821e+19,5.643268058620782182e+19,5.607921398615690445e+19,5.572247084145521459e+19,5.536267985052132966e+19,5.500007850786684928e+19,5.463490870604988416e+19,5.426740793958203392e+19,5.389782249906792038e+19,5.352640307315867648e+19,5.315340035050543514e+19,5.277906501975932928e+19,5.240364337152498074e+19,5.202740368663956685e+19,5.165059225570770944e+19,5.127346856347356365e+19,5.089628769663477350e+19,5.051931353798200525e+19,5.014279677616639181e+19,4.976699249788557722e+19,4.939216018788371661e+19,4.901855493285845402e+19,4.864642302341441126e+19,4.827601954624923238e+19,4.790759079196753920e+19,4.754137425508093133e+19,4.717761182814751949e+19,4.681653220958588109e+19,4.645835530172157133e+19,4.610329221078712320e+19,4.575153205278251418e+19,4.540322875933563290e+19,4.505849667965576806e+19,4.471738419225454182e+19,4.437982972448079872e+19,4.404561337400898355e+19,4.371424695767636378e+19,4.338483767204118528e+19,4.305584180277805056e+19,4.272469968681749709e+19,4.238723317997397606e+19,4.203672646522503168e+19,4.166249228954868122e+19,4.124769493090041856e+19,4.076610004184150835e+19,4.017754905967905997e+19,3.942211860069928141e+19,3.841408634035424461e+19,3.703911186544826778e+19,3.516234667190439117e+19,3.265960092136531558e+19,2.948023770532544512e+19,2.572586289330755994e+19,2.168664200192825754e+19,1.777126900079001600e+19,1.434990547449990349e+19,1.162396436108043878e+19,9.607255526576488448e+18,8.192767902303125504e+18,7.231871155685031936e+18,6.584162599657537536e+18,6.136042891862081536e+18,5.800917795029909504e+18,5.512406493657300992e+18,5.217076021169225728e+18,4.870293352303558656e+18,4.437708094541135872e+18,3.903437527540826112e+18,3.281336047568420864e+18,2.618691450711310336e+18,1.982071744327843840e+18,1.430249398335438848e+18,9.936572453234933760e+17,6.727389382338150400e+17,4.494615242982031360e+17
5.326065551077172838e+19,5.324865763988943667e+19,5.322239250612512358e+19,5.318187770166483354e+19,5.312715720697367757e+19,5.305827500251676672e+19,5.297528386485223424e+19,5.287824976467774669e+19,5.276725186683050394e+19,5.264237373419421696e+19,5.250370772574561894e+19,5.235135939460097638e+19,5.218544308996957798e+19,5.200608195715373466e+19,5.181340353950226842e+19,5.160755297255004570e+19,5.138868418792495514e+19,5.115694671920837427e+19,5.091251648826074726e+19,5.065556501889600717e+19,5.038628142711413146e+19,5.010485482891509760e+19,4.981148313639190528e+19,4.950638185382359859e+19,4.918976648548922163e+19,4.886185253566781850e+19,4.852288189691749990e+19,4.817308766570335437e+19,4.781271173458349261e+19,4.744200919025555866e+19,4.706123951746370765e+19,4.667066220095209472e+19,4.627054552155789722e+19,4.586117095425782579e+19,4.544281557598208000e+19,4.501576525975388160e+19,4.458031027664296346e+19,4.413674529576556954e+19,4.368536498623794381e+19,4.322648160936237466e+19,4.276039423230161715e+19,4.228741951440447078e+19,4.180786531892671283e+19,4.132204830521714278e+19,4.083028953067107123e+19,4.033290565463729766e+19,3.983022653060415488e+19,3.932256881792044237e+19,3.881026237007449293e+19,3.829363264250812826e+19,3.777300948870968115e+19,3.724871836412097331e+19,3.672108692320708198e+19,3.619044501945633997e+19,3.565712030733382451e+19,3.512144044130461286e+19,3.458372867778727117e+19,3.404431267124687667e+19,3.350351567810199552e+19,3.296165655672468275e+19,3.241905416548699341e+19,3.187602956178423808e+19,3.133289280789544960e+19,3.078995616512291635e+19,3.024752969574567117e+19,2.970591686497298022e+19,2.916541893899085414e+19,2.862633498496204800e+19,2.808895307493303910e+19,2.755356787802007142e+19,2.702046086919985562e+19,2.648991132442584678e+19,2.596219412160498893e+19,2.543757754157445939e+19,2.491632326810166886e+19,2.439869518397728358e+19,2.388493738078266982e+19,2.337530054716896051e+19,2.287001997862449971e+19,2.236932877161437594e+19,2.187344902748739994e+19,2.138259185247610470e+19,2.089696175574325658e+19,2.041674565426557747e+19,1.994211727088025600e+19,1.947322394014541414e+19,1.901018001127034061e+19,1.855305805202246861e+19,1.810186136093668147e+19,1.765650087757112934e+19,1.721674240594909594e+19,1.678214394239621530e+19,1.635194792340094976e+19,1.592494158763786240e+19,1.549923597413043405e+19,1.507197235264644710e+19,1.463891100634919731e+19,1.419391006328592794e+19,1.372832296401580851e+19,1.323045970091232461e+19,1.268549885723305574e+19,1.207662450214279578e+19,1.138865018103870259e+19,1.061538344443314176e+19,9.770132781068713984e+18,8.893728005487067136e+18,8.049411377250435072e+18,7.299817675746705408e+18,6.677970182960316416e+18,6.177195962822295552e+18,5.765588837162024960e+18,5.404802788205002752e+18,5.063111407931752448e+18,4.719980217181929472e+18,4.364184576625475584e+18,3.990220056175837184e+18,3.595500054728671232e+18,3.179078992284090368e+18,2.742225980138455040e+18,2.290843334148620288e+18,1.838727176464105472e+18,1.408781571242065920e+18,1.028553339207417856e+18,7.202282885464719360e+17,4.917156187146813440e+17,3.357575908960501760e+17,2.363255761204674560e+17,1.761213187253862400e+17
3.788264399213848166e+19,3.791701032757624832e+19,3.794853552496784179e+19,3.797709643901095117e+19,3.800258311854279885e+19,3.802488121435409613e+19,3.804386318309602099e+19,3.805941467555928474e+19,3.807140814839506534e+19,3.807971605825454080e+19,3.808421965788191130e+19,3.808478700588184371e+19,3.808128616085900493e+19,3.807358957946457293e+19,3.806156532030321459e+19,3.804507704393308570e+19,3.802399720700536422e+19,3.799818947007820595e+19,3.796751749370976666e+19,3.793185373455122432e+19,3.789105745511422362e+19,3.784500111204994253e+19,3.779354396787002573e+19,3.773656287727216230e+19,3.767391710276799693e+19,3.760547910100870758e+19,3.753112132864547226e+19,3.745071184428295782e+19,3.736412750261885338e+19,3.727124076030433690e+19,3.717192407399058637e+19,3.706606749251482419e+19,3.695354347252822835e+19,3.683423986384476570e+19,3.670804451627840307e+19,3.657484308061985178e+19,3.643453000375284531e+19,3.628700193158437274e+19,3.613215770904467866e+19,3.596990057911051878e+19,3.580013818280515994e+19,3.562278255919838003e+19,3.543774574735995699e+19,3.524495078147594650e+19,3.504431849670914867e+19,3.483578072333864141e+19,3.461926929164350259e+19,3.439472262897257677e+19,3.416208575974447514e+19,3.392130810642432000e+19,3.367234129050048922e+19,3.341515012760089395e+19,3.314969503530693427e+19,3.287595182436279910e+19,3.259389410648942182e+19,3.230350868754726912e+19,3.200478457242006323e+19,3.169771516403803750e+19,3.138230486044770304e+19,3.105856025871882650e+19,3.072649675201419674e+19,3.038613852958962483e+19,3.003750978070092186e+19,2.968064568972017664e+19,2.931558803808924467e+19,2.894238520431974810e+19,2.856109216399307571e+19,2.817176829073712742e+19,2.777448175427282534e+19,2.736930952041411379e+19,2.695633075399819264e+19,2.653563561497853952e+19,2.610731646233188762e+19,2.567147445112799232e+19,2.522821953252963123e+19,2.477766605574609306e+19,2.431993276803317760e+19,2.385514721273970688e+19,2.338344133126101402e+19,2.290495146303894323e+19,2.241982054458510541e+19,2.192819371143436698e+19,2.143021829814484992e+19,2.092604163927467622e+19,2.041580667133545677e+19,1.989964753474578022e+19,1.937768077773819085e+19,1.884999656026616627e+19,1.831663226572505088e+19,1.777755051071950029e+19,1.723259626410999808e+19,1.668142977680356147e+19,1.612343312326538035e+19,1.555756836451883418e+19,1.498217413849435341e+19,1.439466989140154778e+19,1.379115895403157914e+19,1.316590187568745677e+19,1.251072488692829389e+19,1.181450642763913626e+19,1.106318044556584550e+19,1.024115806484981350e+19,9.335620079422799872e+18,8.345059608598937600e+18,7.291201902631452672e+18,6.227592628037222400e+18,5.233143184585916416e+18,4.385675630901985280e+18,3.730484623369568256e+18,3.267746633604923392e+18,2.964459270344540160e+18,2.775711606762373120e+18,2.660119124700561408e+18,2.585672841651290112e+18,2.529296482448703488e+18,2.473998194397151232e+18,2.405856511021547520e+18,2.311879877805998080e+18,2.179424460786892800e+18,1.997984426360832000e+18,1.763769895385825280e+18,1.485436635712585728e+18,1.186150257826725888e+18,8.973436001431060480e+17,6.464896099491512320e+17,4.478382328187453440e+17,3.017702090127441920e+17,2.001375388940369920e+17
9.819950333509291213e+19,9.834666197135445197e+19,9.849694322063887565e+19,9.864979292908578406e+19,9.880465694283477811e+19,9.896093712756034765e+19,9.911802655284396032e+19,9.927530949217406157e+19,9.943215262685305242e+19,9.958790504599728947e+19,9.974189824653708493e+19,9.989347252149577318e+19,1.000419241834315776e+20,1.001865583409957437e+20,1.003266625106534728e+20,1.004615330049629880e+20,1.005904133599243796e+20,1.007125998880958710e+20,1.008273185332915077e+20,1.009338392197904466e+20,1.010314054835927777e+20,1.011192608606985912e+20,1.011966312949219328e+20,1.012627603222628925e+20,1.013168826826285384e+20,1.013582331159259382e+20,1.013860551581551821e+20,1.013995659570372936e+20,1.013980178446653850e+20,1.013806455609465242e+20,1.013467102340668457e+20,1.012954466039334175e+20,1.012261333909184184e+20,1.011380229271149609e+20,1.010304027289882460e+20,1.009025515169104527e+20,1.007537656034398044e+20,1.005833588933205688e+20,1.003906452912970138e+20,1.001749562942994514e+20,9.993564978753726054e+19,9.967208365621982003e+19,9.938364217383557530e+19,9.906971840996599398e+19,9.872972302637858816e+19,9.836310186921295872e+19,9.796930078460870656e+19,9.754779200698449920e+19,9.709807415903807078e+19,9.661966345565319987e+19,9.611209370389970944e+19,9.557494269131253350e+19,9.500779700151962829e+19,9.441026081033499443e+19,9.378197347794472141e+19,9.312260075281396531e+19,9.243183477168694886e+19,9.170938526349393920e+19,9.095501473372333670e+19,9.016848568786354176e+19,8.934960461186806579e+19,8.849820437996948685e+19,8.761413545858642739e+19,8.669730109069564314e+19,8.574761331536691200e+19,8.476502815213512294e+19,8.374952800881423155e+19,8.270112168149726003e+19,8.161984435455629722e+19,8.050578398892156518e+19,7.935904613770933043e+19,7.817974515012888166e+19,7.696807454022670746e+19,7.572421022986325197e+19,7.444838971355011482e+19,7.314087687407796224e+19,7.180194439033048269e+19,7.043192211579600896e+19,6.903114870005589606e+19,6.759999797706358784e+19,6.613886577100508365e+19,6.464816989629893837e+19,6.312833696345672909e+19,6.157981117517607731e+19,6.000303673415460454e+19,5.839841826067133235e+19,5.676633398672621568e+19,5.510706538729596518e+19,5.342073560768289178e+19,5.170723909477072896e+19,4.996607886930372198e+19,4.819616421574711706e+19,4.639548522684533965e+19,4.456066860092437299e+19,4.268628714858951475e+19,4.076390101858595635e+19,3.878075587603149619e+19,3.671808745548650906e+19,3.454921280876812698e+19,3.223793601308996403e+19,2.973876587436441600e+19,2.700186153050439680e+19,2.398755040295649280e+19,2.069477476153478349e+19,1.720017056669525606e+19,1.368531776571860582e+19,1.041350651250370150e+19,7.640974693368856576e+18,5.513564829157163008e+18,4.027400041869082624e+18,3.070615743616778240e+18,2.494761921731887104e+18,2.165958741881520128e+18,1.984220190048518144e+18,1.882361845168209920e+18,1.817438294888153088e+18,1.761854683569192960e+18,1.696722088640905216e+18,1.608047025616584704e+18,1.485899667546832896e+18,1.326417430083272704e+18,1.135163910781927424e+18,9.282453057222737920e+17,7.277718316662128640e+17,5.531872522393354240e+17,4.146933517202227200e+17,3.127404488399257600e+17,2.417484877277429760e+17
9.311174637402456064e+19,9.314107254816060211e+19,9.316917606536655667e+19,9.319596896471220224e+19,9.322136328526731674e+19,9.324526227000865587e+19,9.326755156972693094e+19,9.328812563130587546e+19,9.330686130944317850e+19,9.332365305102257357e+19,9.333836011855570534e+19,9.335086816283328512e+19,9.336101885418091315e+19,9.336868904729627853e+19,9.337372920859800371e+19,9.337599860059773338e+19,9.337533009752804557e+19,9.337157416580756275e+19,9.336456367966886298e+19,9.335414030943754650e+19,9.334013692934619136e+19,9.332237761753435341e+19,9.330069524823461069e+19,9.327490510349349683e+19,9.324483126145056768e+19,9.321029780024537907e+19,9.317110240973842022e+19,9.312707796416226918e+19,9.307803094947043738e+19,9.302376785161643622e+19,9.296410395264679936e+19,9.289884573851503821e+19,9.282779969517466419e+19,9.275077230857918874e+19,9.266757886077514547e+19,9.257801704162302362e+19,9.248190213316935680e+19,9.237904062136765645e+19,9.226923899217143398e+19,9.215231252762722304e+19,9.202807650978155725e+19,9.189632862849492582e+19,9.175690175799990682e+19,9.160960238425001165e+19,9.145425458538479616e+19,9.129069123563683840e+19,9.111871882095964979e+19,9.093817021558580838e+19,9.074889588593393664e+19,9.055071111405056819e+19,9.034346636635432550e+19,9.012700331317080883e+19,8.990117242091864064e+19,8.966582415601644339e+19,8.942082657706888397e+19,8.916603015049458483e+19,8.890130293489821286e+19,8.862653058107047936e+19,8.834158994370907341e+19,8.804636667360470630e+19,8.774074642154808934e+19,8.742463243051597824e+19,8.709793673957815091e+19,8.676056259171136307e+19,8.641243082207841485e+19,8.605347106193512858e+19,8.568361294253732659e+19,8.530279489123385344e+19,8.491097292755959808e+19,8.450809427495642726e+19,8.409412374905225216e+19,8.366903496156800614e+19,8.323280152422462259e+19,8.278542343702210150e+19,8.232687431168137626e+19,8.185717174038849126e+19,8.137632451923646874e+19,8.088433264822530867e+19,8.038124010782012211e+19,7.986705569411393126e+19,7.934181459147882496e+19,7.880554318819386982e+19,7.825825907644511027e+19,7.769996225623254630e+19,7.713061754318408909e+19,7.655014577246253875e+19,7.595837102220745114e+19,7.535494144869793792e+19,7.473928530588755558e+19,7.411041743135781683e+19,7.346672374203914650e+19,7.280557420611790438e+19,7.212274230089691955e+19,7.141149021912118067e+19,7.066112191167568282e+19,6.985479286042289766e+19,6.896619395113340109e+19,6.795466084576552550e+19,6.675843617521034854e+19,6.528618130952526234e+19,6.340862446760938701e+19,6.095566240455275315e+19,5.773083438270434509e+19,5.356099810701502054e+19,4.839258537097953280e+19,4.240738502908785459e+19,3.606819471961043763e+19,3.000180204107726848e+19,2.475722833360899277e+19,2.061526247866053427e+19,1.757100285339526758e+19,1.544235713811395379e+19,1.399143279800772198e+19,1.299793718089351168e+19,1.228434203983898214e+19,1.171365372358138266e+19,1.117735373299410534e+19,1.058364494178575974e+19,9.852073885128720384e+18,8.919514851693297664e+18,7.759692812110528512e+18,6.408422158631960576e+18,4.971704058512408576e+18,3.595003350350823424e+18,2.405041772905365504e+18,1.466286029374750720e+18,7.783115708317040640e+17,3.011861621799649280e+17
7.367084587671250534e+19,7.372315624191557632e+19,7.376981511735187866e+19,7.381058500850981274e+19,7.384523281892429005e+19,7.387352985017673318e+19,7.389522101556949811e+19,7.391006882059098522e+19,7.391782697463657267e+19,7.391824039100861645e+19,7.391107157519551693e+19,7.389604784831358566e+19,7.387293171585122304e+19,7.384145049892474061e+19,7.380134911083649434e+19,7.375237686293535130e+19,7.369426987243064525e+19,7.362676425653170995e+19,7.354960932658741248e+19,7.346253680176057549e+19,7.336529599340006605e+19,7.325762301871521792e+19,7.313927158710140928e+19,7.300998221381448499e+19,7.286950421020331213e+19,7.271759128566326886e+19,7.255399714958973338e+19,7.237847990942459494e+19,7.219080207065625395e+19,7.199072613877311078e+19,7.177802781340309914e+19,7.155247399808113050e+19,7.131384918852816077e+19,7.106194227851165696e+19,7.079653776375257498e+19,7.051743773215791514e+19,7.022443987358816666e+19,6.991736386813637427e+19,6.959602059980256051e+19,6.926023414672628122e+19,6.890983738314011443e+19,6.854467637741617152e+19,6.816459719792656384e+19,6.776945910718293606e+19,6.735912576574344397e+19,6.693347402830577664e+19,6.649238954566064538e+19,6.603576676469178368e+19,6.556351332642245837e+19,6.507554126992244736e+19,6.457177582840106189e+19,6.405215982725365760e+19,6.351663609187559014e+19,6.296516064180174848e+19,6.239770269070655488e+19,6.181424904445047603e+19,6.121479090694048973e+19,6.059932827817659597e+19,5.996788314839135027e+19,5.932047750781730816e+19,5.865715533691958067e+19,5.797796941225630106e+19,5.728298130647862477e+19,5.657227458247026278e+19,5.584593280311492608e+19,5.510405712348237005e+19,5.434676629082839450e+19,5.357418345045531034e+19,5.278644933985147290e+19,5.198371789064477082e+19,5.116615183055611494e+19,5.033392268339943834e+19,4.948722836126774067e+19,4.862625798016099942e+19,4.775123584045128090e+19,4.686237744641762918e+19,4.595992029257164390e+19,4.504411506756445798e+19,4.411521246004720435e+19,4.317347635281054925e+19,4.221918822083120333e+19,4.125262514103936614e+19,4.027405979231872614e+19,3.928377364964599398e+19,3.828203059581183590e+19,3.726906812532785152e+19,3.624509074735680717e+19,3.521021281110799155e+19,3.416443651560466022e+19,3.310757274484683571e+19,3.203912671860201882e+19,3.095814625980055552e+19,2.986297770295427072e+19,2.875091844848209101e+19,2.761773317759382323e+19,2.645703152870883328e+19,2.525951603150264730e+19,2.401232679797679718e+19,2.269894256641232077e+19,2.130082996881142579e+19,1.980298726852473651e+19,1.820682733799394509e+19,1.655353458426065715e+19,1.495554726540450202e+19,1.361758894895923200e+19,1.280612407889310515e+19,1.272437978741447066e+19,1.330176412948522598e+19,1.400307332761098650e+19,1.402765950711968563e+19,1.298037578117467341e+19,1.102040614471047578e+19,8.642466508796067840e+18,6.374619322903429120e+18,4.523413651536740352e+18,3.141179376230465536e+18,2.148094151831322624e+18,1.445033156804608000e+18,9.545383395941416960e+17,6.192896164233216000e+17,3.971428783981854720e+17,2.565329162118103040e+17,1.729034261480079360e+17,1.267735017040117760e+17,1.032951059301007360e+17,9.221669305660211200e+16,8.729893832281292800e+16,8.518545363592806400e+16
1.124752280586016522e+20,1.124868037170188780e+20,1.124955822178550415e+20,1.125015723572031652e+20,1.125047565428772045e+20,1.125051347748771594e+20,1.125026982571100078e+20,1.124974469895757496e+20,1.124893633800883405e+20,1.124784650208338248e+20,1.124647255235331359e+20,1.124481448881862738e+20,1.124287319108862607e+20,1.124064689994470523e+20,1.123813561538686484e+20,1.123533845780580270e+20,1.123225630681082102e+20,1.122888828279261757e+20,1.122523350614189015e+20,1.122129285646794097e+20,1.121706457455216558e+20,1.121254954000386621e+20,1.120774687321374065e+20,1.120265657418178888e+20,1.119727952251731313e+20,1.119161395900170895e+20,1.118565988363497636e+20,1.117941817602641756e+20,1.117288883617603256e+20,1.116607010486521692e+20,1.115896374131257508e+20,1.115156886590880481e+20,1.114388635826320835e+20,1.113591445915718124e+20,1.112765492780932792e+20,1.111910688461034619e+20,1.111027032956023603e+20,1.110114614226829967e+20,1.109173344312523489e+20,1.108203399134964613e+20,1.107204602772292895e+20,1.106177131146368778e+20,1.105120896296262042e+20,1.104035986182902907e+20,1.102922400806291374e+20,1.101780140166427443e+20,1.100609292224241336e+20,1.099409856979733053e+20,1.098181922393832817e+20,1.096925400505610404e+20,1.095640467236926259e+20,1.094327122587780383e+20,1.092985366558172774e+20,1.091615199148103434e+20,1.090216884240363028e+20,1.088790245913091113e+20,1.087335460088148132e+20,1.085852526765534085e+20,1.084341533906179195e+20,1.082802481510083461e+20,1.081235545499107328e+20,1.079640637912320573e+20,1.078018022632513864e+20,1.076367611698756977e+20,1.074689493071980134e+20,1.072983754713113559e+20,1.071250484583087473e+20,1.069489770642832097e+20,1.067701700853277655e+20,1.065886363175354368e+20,1.064043757609062236e+20,1.062173972115331482e+20,1.060277182616022548e+20,1.058353477072065659e+20,1.056402767522530591e+20,1.054425317850208010e+20,1.052421040094167695e+20,1.050390110176270090e+20,1.048332352174654751e+20,1.046247766089321677e+20,1.044136263959340646e+20,1.041997405980060549e+20,1.039830664385900052e+20,1.037634983645696492e+20,1.035408780462705869e+20,1.033149328048091300e+20,1.030852228355341681e+20,1.028510356549109023e+20,1.026112717513115566e+20,1.023641191295735562e+20,1.021067542438367724e+20,1.018346822905668567e+20,1.015408136187879096e+20,1.012140035786407936e+20,1.008367919254764257e+20,1.003819635474840945e+20,9.980739395518044570e+19,9.904844066094527283e+19,9.800731749865068954e+19,9.653930234980230758e+19,9.443745832995966157e+19,9.142250948566764749e+19,8.715190956636241920e+19,8.127134314901641626e+19,7.352999403914788864e+19,6.395633958791623475e+19,5.301670026884730061e+19,4.159742758946340864e+19,3.072347089601455718e+19,2.120305699682307277e+19,1.343864233202706022e+19,7.449479350228877312e+18,3.023942574529314816e+18,0.000000000000000000e+00,0.000000000000000000e+00,0.000000000000000000e+00,0.000000000000000000e+00,0.000000000000000000e+00,0.000000000000000000e+00,0.000000000000000000e+00,0.000000000000000000e+00,0.000000000000000000e+00,0.000000000000000000e+00,0.000000000000000000e+00,0.000000000000000000e+00,0.000000000000000000e+00,0.000000000000000000e+00,0.000000000000000000e+00
6.544831969220362240e+19,6.548660028903627162e+19,6.551855209693944218e+19,6.554397720382013440e+19,6.556267329953883750e+19,6.557444247200255181e+19,6.557908241107176653e+19,6.557639520465348198e+19,6.556618294065469850e+19,6.554824770698241638e+19,6.552239598959014707e+19,6.548843427443140198e+19,6.544617784355271475e+19,6.539543318290759680e+19,6.533601557454258176e+19,6.526774909659722547e+19,6.519044903111806157e+19,6.510394825233766810e+19,6.500807083839560090e+19,6.490265406157094912e+19,6.478753519414280192e+19,6.466256030448327066e+19,6.452757546096446669e+19,6.438243113000501248e+19,6.422699097216306381e+19,6.406112304604328755e+19,6.388469541025035059e+19,6.369758491948194202e+19,6.349967282648226202e+19,6.329085797618155520e+19,6.307103481546355507e+19,6.284010658730501734e+19,6.259798533077571994e+19,6.234459627908497408e+19,6.207986466544209101e+19,6.180372451914940416e+19,6.151611866560226918e+19,6.121700312433557504e+19,6.090633831293072179e+19,6.058408904701562061e+19,6.025024213245073818e+19,5.990477118095700787e+19,5.954768498862745190e+19,5.917897475936904806e+19,5.879866688146086298e+19,5.840677894708894106e+19,5.800333734453234893e+19,5.758839045230270874e+19,5.716199104695815373e+19,5.672419190505681715e+19,5.627506339534287667e+19,5.581468908070004326e+19,5.534315692205853901e+19,5.486055927839509709e+19,5.436700610087249510e+19,5.386261173870002176e+19,5.334750373522649907e+19,5.282181842989377126e+19,5.228569656019019366e+19,5.173928765969714381e+19,5.118275885418204365e+19,5.061628166745882624e+19,5.004003202138793574e+19,4.945419463392283853e+19,4.885897181520304538e+19,4.825456587536806707e+19,4.764119231869694771e+19,4.701906225142222029e+19,4.638841316805548442e+19,4.574947816506182861e+19,4.510250353304587469e+19,4.444773556261224448e+19,4.378542934045858202e+19,4.311585754546857574e+19,4.243927966238638080e+19,4.175598156423521894e+19,4.106623592989877862e+19,4.037033742849330381e+19,3.966857193304201626e+19,3.896123851070767104e+19,3.824862743256000102e+19,3.753103776576176128e+19,3.680876857747570688e+19,3.608210574072505958e+19,3.535132633244001894e+19,3.461669203638799565e+19,3.387843155098756710e+19,3.313672299712243302e+19,3.239167852497862656e+19,3.164329813455614771e+19,3.089142349618059674e+19,3.013565878566597427e+19,2.937527172826818150e+19,2.860904186608038707e+19,2.783505165082374963e+19,2.705041596398698496e+19,2.625090608384966656e+19,2.543049008962181530e+19,2.458078310563001139e+19,2.369052613280582861e+19,2.274531336980214579e+19,2.172816615806284595e+19,2.062184635428765696e+19,1.941404162726874317e+19,1.810536220595952026e+19,1.671659985524123238e+19,1.528799670069048115e+19,1.386639303716215194e+19,1.248762964518685901e+19,1.116640259718145638e+19,9.899302307588210688e+18,8.677195683071000576e+18,7.496491718653509632e+18,6.362032113788649472e+18,5.282950511568355328e+18,4.268472914061295616e+18,3.327684310969876480e+18,2.470907742089379840e+18,1.711121980113027072e+18,1.064348077688619008e+18,5.473902833403166720e+17,1.716353284639293440e+17,0.000000000000000000e+00,0.000000000000000000e+00,0.000000000000000000e+00,0.000000000000000000e+00,0.000000000000000000e+00,0.000000000000000000e+00
6.578293626490794803e+19,6.575605100658556928e+19,6.572525588491481907e+19,6.569054650184918630e+19,6.565193165348169318e+19,6.560941573785885082e+19,6.556299875498065920e+19,6.551268950094014054e+19,6.545849237378380595e+19,6.540041177155816653e+19,6.533845209230973338e+19,6.527262653017803981e+19,6.520293948320959693e+19,6.512939974749742694e+19,6.505202051718106317e+19,6.497080179226050560e+19,6.488576556296830976e+19,6.479691182930447565e+19,6.470426258150155878e+19,6.460781781955955917e+19,6.450759953371103232e+19,6.440361652004900045e+19,6.429588637075950797e+19,6.418441788193557709e+19,6.406923304380976333e+19,6.395034065247508890e+19,6.382775830011759821e+19,6.370149918087682458e+19,6.357158968303183462e+19,6.343804300072216166e+19,6.330087232808733901e+19,6.316010405340643328e+19,6.301575137081897779e+19,6.286783627055752806e+19,6.271638074285463962e+19,6.256140237989635686e+19,6.240292756996174643e+19,6.224097390523685274e+19,6.207556777400074240e+19,6.190672237039294874e+19,6.173447287878556058e+19,6.155884128941113344e+19,6.137984519445571174e+19,6.119751098219836211e+19,6.101186943896466227e+19,6.082294255498716774e+19,6.063076111659145626e+19,6.043534271596357222e+19,6.023672253747560448e+19,6.003492696940661965e+19,5.982998240003568435e+19,5.962191961568837632e+19,5.941076500464376218e+19,5.919654935322741965e+19,5.897929904971841536e+19,5.875905367653534925e+19,5.853583522391077683e+19,5.830967447817027584e+19,5.808060662368593510e+19,5.784866684482984346e+19,5.761388152988106752e+19,5.737628146516518502e+19,5.713590623310079590e+19,5.689278662001347789e+19,5.664695781027531981e+19,5.639845059021189939e+19,5.614730014419530547e+19,5.589354165659762688e+19,5.563721031179095245e+19,5.537834129414737101e+19,5.511696978803897139e+19,5.485313097783784243e+19,5.458686004791607296e+19,5.431819658069226291e+19,5.404717576053850112e+19,5.377383277182687642e+19,5.349820279892947763e+19,5.322032102621839360e+19,5.294021384197269094e+19,5.265792082861096960e+19,5.237346397636578509e+19,5.208685647937667072e+19,5.179811153178315981e+19,5.150721154139920794e+19,5.121411252775970406e+19,5.091872213188791501e+19,5.062086882996990771e+19,5.032025355484292710e+19,5.001638812334424064e+19,4.970844570272976077e+19,4.939512447123220070e+19,4.907429577434018611e+19,4.874257311624016691e+19,4.839456449190952960e+19,4.802169371065162138e+19,4.761043677944479744e+19,4.713956872582646989e+19,4.657613938533544755e+19,4.586978672737307853e+19,4.494551086478550630e+19,4.369617978260874854e+19,4.197920001685979136e+19,3.962690923844232806e+19,3.648593437137462886e+19,3.249605736282665779e+19,2.778837738222465843e+19,2.272968051347842662e+19,1.783346617455004877e+19,1.356281237917505946e+19,1.016818457762594816e+19,7.665258507179917312e+18,5.919626567922745344e+18,4.746470201074122752e+18,3.973208137392979968e+18,3.463067452575842304e+18,3.115889234402082816e+18,2.860275870688346112e+18,2.644755373847740416e+18,2.431359683227811840e+18,2.193147740291072000e+18,1.916013635486875648e+18,1.602737346527100928e+18,1.273861736348254208e+18,9.602254260498595840e+17,6.894377710806630400e+17,4.756779015937720320e+17,3.187693803326668800e+17,2.096994589448601600e+17
3.043149778228189594e+19,3.044279636376892211e+19,3.044976506846576640e+19,3.045237091102359552e+19,3.045057430902380954e+19,3.044434227711757517e+19,3.043363963093280358e+19,3.041843118609740595e+19,3.039868835530906010e+19,3.037438255126544384e+19,3.034548298764097946e+19,3.031196107713334477e+19,3.027379482950998426e+19,3.023095785649183130e+19,3.018342816784633037e+19,3.013118597236418150e+19,3.007421147883608474e+19,3.001248709507599565e+19,2.994599742792112538e+19,2.987472928323194061e+19,2.979866946686890803e+19,2.971780698371574989e+19,2.963213523670269952e+19,2.954164762875999027e+19,2.944634196086436659e+19,2.934621163594606182e+19,2.924125665400507597e+19,2.913148361211117568e+19,2.901689031124110541e+19,2.889748774651114291e+19,2.877328031596779930e+19,2.864427901472735232e+19,2.851049923595259085e+19,2.837194977573653709e+19,2.822865482333500211e+19,2.808062757288751923e+19,2.792789001462664397e+19,2.777046853683144294e+19,2.760838732875772723e+19,2.744167497770781901e+19,2.727036227000729600e+19,2.709448219100499149e+19,2.691406992507299430e+19,2.672916065658339328e+19,2.653979836600129946e+19,2.634602043672205722e+19,2.614787524725728870e+19,2.594540677807210496e+19,2.573866560670138368e+19,2.552770231068000256e+19,2.531257186558935040e+19,2.509332924701081600e+19,2.487003382857229926e+19,2.464274278487844454e+19,2.441152208662691840e+19,2.417643550549213184e+19,2.393754901217175142e+19,2.369493297540995482e+19,2.344865776395091968e+19,2.319879594556207923e+19,2.294542448605737779e+19,2.268862035125075968e+19,2.242846490500268032e+19,2.216503511312708403e+19,2.189841673753093734e+19,2.162869554012120678e+19,2.135595508378160333e+19,2.108028772748886016e+19,2.080178143217319936e+19,2.052052855681135411e+19,2.023662365940331315e+19,1.995016129794906522e+19,1.966123603044859904e+19,1.936994901197167002e+19,1.907639919856477798e+19,1.878068334725116723e+19,1.848290701114710426e+19,1.818316914629908890e+19,1.788157530582338765e+19,1.757822774430138368e+19,1.727322981582608794e+19,1.696668377497888358e+19,1.665868857780627046e+19,1.634934208084312064e+19,1.603873224501965619e+19,1.572694043419633254e+19,1.541402932053593293e+19,1.510003628743380173e+19,1.478495803635505562e+19,1.446872859660202803e+19,1.415118414094218035e+19,1.383201350758485197e+19,1.351067133876266598e+19,1.318626263201061274e+19,1.285735582318932787e+19,1.252171450564791501e+19,1.217590490457282970e+19,1.181475601677864141e+19,1.143066252033602355e+19,1.101282061399044915e+19,1.054669695304597504e+19,1.001447944913263002e+19,9.397901915578171392e+18,8.685194080407257088e+18,7.882480773142413312e+18,7.024932621977124864e+18,6.176782546450251776e+18,5.412126635157618688e+18,4.785608416976437248e+18,4.314731567265087488e+18,3.984030630345179136e+18,3.761345165982171136e+18,3.612276403145277440e+18,3.507283762931040256e+18,3.422861336005050368e+18,3.339845459328892928e+18,3.241020804468572160e+18,3.109293539024961536e+18,2.927511556482662400e+18,2.681183293587587072e+18,2.364789476846206976e+18,1.989579347161251840e+18,1.586408361904046080e+18,1.197383006055038976e+18,8.594075627668111360e+17,5.916737326242856960e+17,3.947350510125711360e+17,2.576579743050629120e+17
5.770635045777702912e+19,5.768991935601154458e+19,5.765636226113182106e+19,5.760576273602156954e+19,5.753820874161101210e+19,5.745379263687688192e+19,5.735263316907497882e+19,5.723485348350761370e+19,5.710057672547709747e+19,5.694994803051829658e+19,5.678312572830561075e+19,5.660026814851343974e+19,5.640155121300222771e+19,5.618715084363241882e+19,5.595726495249701274e+19,5.571209145168900915e+19,5.545184584548745216e+19,5.517674363817138586e+19,5.488701792620589875e+19,5.458289740800956826e+19,5.426463717028003840e+19,5.393248790166844211e+19,5.358670908691893453e+19,5.322756900686869299e+19,5.285534913649442816e+19,5.247033095077285069e+19,5.207280032272718234e+19,5.166306511561320038e+19,5.124141999854714880e+19,5.080817723283131597e+19,5.036365347781450138e+19,4.990816539284550451e+19,4.944204283141265818e+19,4.896562004505080627e+19,4.847922248920177050e+19,4.798319760953992806e+19,4.747788845369314509e+19,4.696363806928928768e+19,4.644080269809575526e+19,4.590973418383343616e+19,4.537078437022321869e+19,4.482431829512552448e+19,4.427069220030775296e+19,4.371027552167683686e+19,4.314342450100017562e+19,4.257050857418470195e+19,4.199189717713734861e+19,4.140795094967202611e+19,4.081904372574217830e+19,4.022553614516171571e+19,3.962779764383757107e+19,3.902619765767667712e+19,3.842109682649294438e+19,3.781286458619330560e+19,3.720185278049864909e+19,3.658843524336241869e+19,3.597296161948224717e+19,3.535579034964878950e+19,3.473727547660618957e+19,3.411776884407533568e+19,3.349761569870734950e+19,3.287715908813009715e+19,3.225674205997144474e+19,3.163670106478949171e+19,3.101736815509582643e+19,3.039906878633227059e+19,2.978212621491739034e+19,2.916686149824649626e+19,2.855358689762187674e+19,2.794261027629930906e+19,2.733423290046480384e+19,2.672875383728111616e+19,2.612646115879472333e+19,2.552764073802884710e+19,2.493257185093694259e+19,2.434152497737944269e+19,2.375476619917026918e+19,2.317255500105357722e+19,2.259513987265724416e+19,2.202276710458589184e+19,2.145566979330460877e+19,2.089407223918546125e+19,2.033819434455400448e+19,1.978823841954974925e+19,1.924439358017267302e+19,1.870683794730647552e+19,1.817571665648602317e+19,1.765115505203688243e+19,1.713323009977299763e+19,1.662196488943855206e+19,1.611729564935913472e+19,1.561903876109290701e+19,1.512683468433758618e+19,1.464006659306998989e+19,1.415774602633674752e+19,1.367835565809152819e+19,1.319963159389274112e+19,1.271829289104310272e+19,1.222975018800827597e+19,1.172788360306805965e+19,1.120514718792102707e+19,1.065349471647511347e+19,1.006687227770778419e+19,9.445943976642215936e+18,8.804325065765158912e+18,8.172492907886936064e+18,7.593154733653622784e+18,7.106156294700007424e+18,6.731835257605062656e+18,6.465491210160046080e+18,6.284967893553643520e+18,6.162398185579872256e+18,6.072026576113893376e+18,5.992481307890810880e+18,5.905535226901168128e+18,5.793528527135440896e+18,5.636809087514574848e+18,5.412220093645979648e+18,5.094124782660616192e+18,4.660107411003015168e+18,4.102597016482217984e+18,3.442745179159658496e+18,2.735394989272989696e+18,2.054412737487831040e+18,1.464027907369205760e+18,9.972457763986472960e+17,6.545179689772646400e+17,4.163879052970557440e+17
6.197702074582643507e+19,6.194805960955081523e+19,6.190973503225305498e+19,6.186215696509593190e+19,6.180544415533524582e+19,6.173973294241284096e+19,6.166515526772405043e+19,6.158185626680374067e+19,6.148998547323328922e+19,6.138970561473360691e+19,6.128118381707211571e+19,6.116459160406274867e+19,6.104010929561246106e+19,6.090792600772123034e+19,6.076823525443554509e+19,6.062123054980189389e+19,6.046712739809932083e+19,6.030612810946733670e+19,6.013845258623149670e+19,5.996432073071735603e+19,5.978396124134349210e+19,5.959760281652848230e+19,5.940547855273741517e+19,5.920783034252840141e+19,5.900490447650606285e+19,5.879693844918199910e+19,5.858418294920734310e+19,5.836689306327973888e+19,5.814531948005031936e+19,5.791971728621672858e+19,5.769034596652312166e+19,5.745746940376016486e+19,5.722133828657899110e+19,5.698221649777026662e+19,5.674036792012465766e+19,5.649605643643283046e+19,5.624953273534591795e+19,5.600106949574760858e+19,5.575091740628903526e+19,5.549933595171435315e+19,5.524658901481422848e+19,5.499292728423979418e+19,5.473860144864218317e+19,5.448386219667252838e+19,5.422896461502847386e+19,5.397414180017510810e+19,5.371964444076356403e+19,5.346571003130544128e+19,5.321256727021931725e+19,5.296044485592376934e+19,5.270957588488388608e+19,5.246017146333220045e+19,5.221245149359426765e+19,5.196662708190262067e+19,5.172290053839677030e+19,5.148147417321622733e+19,5.124253270431445811e+19,5.100627404378446234e+19,5.077286971544017306e+19,5.054249564114203443e+19,5.031532334470397952e+19,5.009150675775389696e+19,4.987120420996618650e+19,4.965455643882920346e+19,4.944170418183130317e+19,4.923277938036781875e+19,4.902790517974106112e+19,4.882719592916031898e+19,4.863075718174185882e+19,4.843869449060194714e+19,4.825109581667080602e+19,4.806804032478563533e+19,4.788961157783014605e+19,4.771587554650200474e+19,4.754688060931283354e+19,4.738268833891378790e+19,4.722333391967695667e+19,4.706885253597442867e+19,4.691925738194573722e+19,4.677457044782343782e+19,4.663478293751450829e+19,4.649987725883290419e+19,4.636982262545304781e+19,4.624455746472378368e+19,4.612398062157535642e+19,4.600794696047289958e+19,4.589623657909085798e+19,4.578851522589438771e+19,4.568427272748820070e+19,4.558273062963983155e+19,4.548271905197732659e+19,4.538242599933811098e+19,4.527909829460623360e+19,4.516852700727056794e+19,4.504430418356443546e+19,4.489674092702387405e+19,4.471125331541806285e+19,4.446615458140074803e+19,4.412957647995247002e+19,4.365560340549730304e+19,4.298003267506615091e+19,4.201725631332037427e+19,4.066189272780741018e+19,3.880242505119170560e+19,3.635513426911114035e+19,3.331735296635672986e+19,2.981024952333264486e+19,2.606109299350018458e+19,2.232028615496905523e+19,1.877459645087979930e+19,1.551702497275622195e+19,1.257562026222288896e+19,9.957886486139371520e+18,7.670589489307189248e+18,5.716620437551579136e+18,4.084891030984327168e+18,2.753045999189491712e+18,1.695498194760237056e+18,8.879818771078840320e+17,3.083132652706856960e+17,0.000000000000000000e+00,0.000000000000000000e+00,0.000000000000000000e+00,0.000000000000000000e+00,0.000000000000000000e+00,0.000000000000000000e+00,0.000000000000000000e+00,0.000000000000000000e+00
5.966177031512548966e+19,5.962330500033937408e+19,5.957304412481047757e+19,5.951113282407366656e+19,5.943772942780334080e+19,5.935299666372041114e+19,5.925711485173183283e+19,5.915027750588409446e+19,5.903267374217717350e+19,5.890451906489011405e+19,5.876602897830196019e+19,5.861742778278477824e+19,5.845895737089667891e+19,5.829085963519577293e+19,5.811338966237970432e+19,5.792681133523913933e+19,5.773139293461125530e+19,5.752741153742625178e+19,5.731515741475386163e+19,5.709491643961730662e+19,5.686699207722585293e+19,5.663168779278876672e+19,5.638931584760833638e+19,5.614019290103336141e+19,5.588464001045915238e+19,5.562298263132753101e+19,5.535555941321985229e+19,5.508269581157793792e+19,5.480473487402965402e+19,5.452201964820286669e+19,5.423489757977195315e+19,5.394370731831826842e+19,5.364880510560921190e+19,5.335053838731916083e+19,5.304925900716900352e+19,5.274532320692613939e+19,5.243907403421843456e+19,5.213087652690631066e+19,5.182107373261763379e+19,5.151001749507329229e+19,5.119805965799417446e+19,5.088554326900814643e+19,5.057282017183609651e+19,5.026022461801286861e+19,4.994810405321283994e+19,4.963678833092434330e+19,4.932661170268222259e+19,4.901789962392829952e+19,4.871098194815090688e+19,4.840616653860582195e+19,4.810377445268835533e+19,4.780410475756126208e+19,4.750746531648031949e+19,4.721414200246874931e+19,4.692442948464279552e+19,4.663860483993265766e+19,4.635694074722202419e+19,4.607970108930156134e+19,4.580714535091542426e+19,4.553951982266823475e+19,4.527706639711810355e+19,4.502001377268360806e+19,4.476858624973681459e+19,4.452299053646374502e+19,4.428343773909693235e+19,4.405011697363635405e+19,4.382321295803547648e+19,4.360290161415474381e+19,4.338933687362204467e+19,4.318268146415828992e+19,4.298307172520532378e+19,4.279063959815847936e+19,4.260550383027355648e+19,4.242777877075984384e+19,4.225756117664058573e+19,4.209493461079949312e+19,4.193997823807376589e+19,4.179275363111455949e+19,4.165330916843349606e+19,4.152168443244917555e+19,4.139790141339415347e+19,4.128196011126842982e+19,4.117384733193247130e+19,4.107352349296767795e+19,4.098090063344382771e+19,4.089585121001209856e+19,4.081817291253297971e+19,4.074754468361116058e+19,4.068348713617693082e+19,4.062526139841642496e+19,4.057175476456233370e+19,4.052126079256834867e+19,4.047119343108594074e+19,4.041766920504580506e+19,4.035490468328583987e+19,4.027441603408612557e+19,4.016398988228532634e+19,4.000647384649013658e+19,3.977845712512194970e+19,3.944884113130074931e+19,3.897701870158951219e+19,3.830850243776217088e+19,3.736314234020036608e+19,3.601554350580275610e+19,3.408111772347505050e+19,3.134150418296419123e+19,2.765425455582203085e+19,2.313762351663913370e+19,1.826024271238293094e+19,1.363729769488711680e+19,9.759547782628114432e+18,6.882749825587085312e+18,5.040569770294902784e+18,4.092885580029886464e+18,3.784872790671228928e+18,3.833088024816648192e+18,4.002581865406922752e+18,4.133433919594823680e+18,4.124967954938855424e+18,3.923429947468677120e+18,3.520650525789913088e+18,2.956952354705899520e+18,2.314175932962701312e+18,1.688930262051717120e+18,1.156671938769190912e+18,7.508358060457328640e+17,4.671401594443530240e+17,2.813755052680806400e+17
8.823513962595431219e+19,8.820664028456235827e+19,8.815109295712711475e+19,8.806862958504391475e+19,8.795939970189413581e+19,8.782357922953822208e+19,8.766136168202266214e+19,8.747296696167301120e+19,8.725862376690784666e+19,8.701857838833179034e+19,8.675310350482853069e+19,8.646248059137477837e+19,8.614701751122631066e+19,8.580703971982494925e+19,8.544289026479856026e+19,8.505491219377500979e+19,8.464348373875425280e+19,8.420900072392228864e+19,8.375185897346511667e+19,8.327248069984780288e+19,8.277130570772145766e+19,8.224877380173719142e+19,8.170535117482518118e+19,8.114153040819467059e+19,8.055777769477583667e+19,7.995461200405698970e+19,7.933253471334039552e+19,7.869209118039343104e+19,7.803380037470440653e+19,7.735821645013372109e+19,7.666590235663479603e+19,7.595742104416105267e+19,7.523334425875893453e+19,7.449427013475395174e+19,7.374077481623905894e+19,7.297346963167929958e+19,7.219295711344669491e+19,7.139984419195977728e+19,7.059475978786963456e+19,6.977831522964131021e+19,6.895113943792589210e+19,6.811386573142097920e+19,6.726712742882417050e+19,6.641156224687957606e+19,6.554779910623828378e+19,6.467648451973742592e+19,6.379825180607460147e+19,6.291374747808694272e+19,6.202360485447204864e+19,6.112846605002054042e+19,6.022895998538350592e+19,5.932572877535156634e+19,5.841939694252929843e+19,5.751059340756779008e+19,5.659994269307161805e+19,5.568806052555233690e+19,5.477556702956801229e+19,5.386306473749066547e+19,5.295115618169231770e+19,5.204043509845196800e+19,5.113149522404861542e+19,5.022490830452870349e+19,4.932125488203169792e+19,4.842109350846450893e+19,4.752498273573404672e+19,4.663346352356117709e+19,4.574707243362025472e+19,4.486633283344610099e+19,4.399176369252702618e+19,4.312386199011878502e+19,4.226312030743062118e+19,4.141002242957875610e+19,4.056503015144685568e+19,3.972860086987207475e+19,3.890116999145901261e+19,3.808317732085877965e+19,3.727502747835039744e+19,3.647712728323614310e+19,3.568986156458573824e+19,3.491360415635262669e+19,3.414870910128095232e+19,3.339551944699858125e+19,3.265436064894733517e+19,3.192554057038299136e+19,3.120934948237528269e+19,3.050605346673813094e+19,2.981589881407615795e+19,2.913909663062189670e+19,2.847582503725904691e+19,2.782621597538294170e+19,2.719032222155171430e+19,2.656810419334676480e+19,2.595937497379137126e+19,2.536371235042046771e+19,2.478035546118763315e+19,2.420798929018604749e+19,2.364445219755550310e+19,2.308625653241269453e+19,2.252790913466525286e+19,2.196095256087232512e+19,2.137282818922145382e+19,2.074597461999380070e+19,2.005814873295945728e+19,1.928588255193517261e+19,1.841290990189962854e+19,1.744242156559663104e+19,1.640557440402246861e+19,1.535571342282194944e+19,1.434779441217457357e+19,1.341762956530863309e+19,1.257505951129272320e+19,1.181043053803497062e+19,1.110492560353761690e+19,1.043805091057054515e+19,9.791089472694124544e+18,9.148037348410261504e+18,8.495795505941446656e+18,7.825087915439947776e+18,7.133098177871216640e+18,6.428070981176131584e+18,5.734001517363462144e+18,5.090426575300591616e+18,4.542053122406612992e+18,4.120552041363800064e+18,3.831119074369208320e+18,3.654216999308886016e+18,3.558616937174925312e+18,3.514233775930212352e+18
8.172958441110136422e+19,8.174654327844818125e+19,8.174094896328605696e+19,8.171276628124290253e+19,8.166198643622569574e+19,8.158858303995536998e+19,8.149259127680401408e+19,8.137401994286465024e+19,8.123292181469541171e+19,8.106936726104047616e+19,8.088341785455099904e+19,8.067518794443626906e+19,8.044478308381255270e+19,8.019232641798216090e+19,7.991795868443344896e+19,7.962185580502686106e+19,7.930419370162284134e+19,7.896514829608183398e+19,7.860494828682241638e+19,7.822380478007712154e+19,7.782197286254359347e+19,7.739969002873343181e+19,7.695723775362334720e+19,7.649489751219005030e+19,7.601296837159629619e+19,7.551176699119088435e+19,7.499161882641563648e+19,7.445286692489841869e+19,7.389586313036011930e+19,7.332097687870767104e+19,7.272859079998753997e+19,7.211909192229270323e+19,7.149288926394869350e+19,7.085040063937406566e+19,7.019204826103388570e+19,6.951827633162577510e+19,6.882952905384735539e+19,6.812627262062880358e+19,6.740896882685378560e+19,6.667809705959201178e+19,6.593414990005272576e+19,6.517761992944517120e+19,6.440900852507161395e+19,6.362883025837385318e+19,6.283759970079368806e+19,6.203584901595896218e+19,6.122410157140449690e+19,6.040289832685115802e+19,5.957278024201981133e+19,5.873429267467783373e+19,5.788799417673213542e+19,5.703443450399660442e+19,5.617417220837815091e+19,5.530777023983019622e+19,5.443579154830616166e+19,5.355880787985249075e+19,5.267737778637609370e+19,5.179207741196992512e+19,5.090347410463391744e+19,5.001213521236800307e+19,4.911862808317211443e+19,4.822352446309269504e+19,4.732739170012967731e+19,4.643079274423648256e+19,4.553428614732002099e+19,4.463843925738022502e+19,4.374380183023098266e+19,4.285092801973269299e+19,4.196037197974575514e+19,4.107267027194452378e+19,4.018836825409637581e+19,3.930799808982915482e+19,3.843208754472419328e+19,3.756115558826980147e+19,3.669571899093103411e+19,3.583628572707992371e+19,3.498335497499548058e+19,3.413741931588694835e+19,3.329896033584729293e+19,3.246845302389971354e+19,3.164635697590462054e+19,3.083312519065265766e+19,3.002919527377167974e+19,2.923498723870349722e+19,2.845090350670387610e+19,2.767732450879602688e+19,2.691459329260781568e+19,2.616301772139501978e+19,2.542283968771574989e+19,2.469422411831417242e+19,2.397721499365539840e+19,2.327167817332083917e+19,2.257723762433379533e+19,2.189314128074086810e+19,2.121810491296081510e+19,2.055008123034271744e+19,1.988591903256136909e+19,1.922096738543127757e+19,1.854858303969742029e+19,1.785972141270971187e+19,1.714291020014393754e+19,1.638532139983883469e+19,1.557605335400500429e+19,1.471272452045668352e+19,1.381070497223855309e+19,1.290985310536912077e+19,1.206967448914362368e+19,1.134895891078761677e+19,1.078138441145987891e+19,1.036551832750941798e+19,1.007370354345115648e+19,9.868154242684944384e+18,9.712450202052329472e+18,9.575430162510512128e+18,9.429915296132497408e+18,9.249294122991222784e+18,9.003958993973936128e+18,8.659187331875471360e+18,8.176731525212012544e+18,7.523315404324732928e+18,6.687872384680067072e+18,5.702058505553313792e+18,4.647450382899871744e+18,3.633612976038084608e+18,2.755540791072915456e+18,2.061753214553817088e+18,1.552493375989481472e+18,1.198588208238034944e+18
6.458498316207390720e+19,6.464583453360154214e+19,6.470338297219933798e+19,6.475731621656500634e+19,6.480732200539625882e+19,6.485307928129778483e+19,6.489426698687427379e+19,6.493056406473041510e+19,6.496165825356392038e+19,6.498721530183994573e+19,6.500692294825620275e+19,6.502046013541738086e+19,6.502750140788165837e+19,6.502773890239325798e+19,6.502085156155686912e+19,6.500652272602369229e+19,6.498444893058446131e+19,6.495432231198339891e+19,6.491583940501123891e+19,6.486870114250522624e+19,6.481261285534911693e+19,6.474728867051968922e+19,6.467244271499372134e+19,6.458780230988752486e+19,6.449309037827090022e+19,6.438805183344620339e+19,6.427242279262276813e+19,6.414596136324248371e+19,6.400842125470072832e+19,6.385956937053241344e+19,6.369918580841198387e+19,6.352705506406039552e+19,6.334297042929162650e+19,6.314673839005918822e+19,6.293817422840961434e+19,6.271710202248246067e+19,6.248335904455681638e+19,6.223679136300479283e+19,6.197725824033803469e+19,6.170462333711469773e+19,6.141877670217200435e+19,6.111960398630066586e+19,6.080701722857046016e+19,6.048093286609767629e+19,6.014127613209162547e+19,5.978799424999417446e+19,5.942104763738672333e+19,5.904039671185067213e+19,5.864602388119997645e+19,5.823793354348114739e+19,5.781612569869418496e+19,5.738062233707164467e+19,5.693146304103212646e+19,5.646869179104074138e+19,5.599237015974864486e+19,5.550257731199303680e+19,5.499940120870413926e+19,5.448293860690519654e+19,5.395330825385200845e+19,5.341063769289339699e+19,5.285506766151771750e+19,5.228675209135285862e+19,5.170585810816624230e+19,5.111256163381831270e+19,5.050706058040206950e+19,4.988955725805702349e+19,4.926026277301570765e+19,4.861941022174321050e+19,4.796724149679764275e+19,4.730400288878362624e+19,4.662995828049182720e+19,4.594538035080593408e+19,4.525055497274916864e+19,4.454577681543777485e+19,4.383134494603450778e+19,4.310757602388816691e+19,4.237479110639406285e+19,4.163332444508703949e+19,4.088351029150194074e+19,4.012569169326663270e+19,3.936022489214851482e+19,3.858746173186847539e+19,3.780775405614740275e+19,3.702146250479920742e+19,3.622892132935873331e+19,3.543046698038407987e+19,3.462639852503800218e+19,3.381697105001814426e+19,3.300236267620820582e+19,3.218263937430585344e+19,3.135768239705528730e+19,3.052710471636353024e+19,2.969009489264928358e+19,2.884522136177318298e+19,2.799012017373551002e+19,2.712105518802508186e+19,2.623231774027048550e+19,2.531543279484482355e+19,2.435823755412163789e+19,2.334403703354477773e+19,2.225150510558189978e+19,2.105656686363122074e+19,1.973852070276497408e+19,1.829251557768141210e+19,1.674732240914454938e+19,1.517885147993604096e+19,1.370191159520500122e+19,1.243208561628649882e+19,1.143889896193969357e+19,1.072561938072233574e+19,1.024525924322141798e+19,9.931167254072786944e+18,9.719632212004962304e+18,9.558409722512539648e+18,9.405650174019108864e+18,9.224876168761573376e+18,8.979581171918700544e+18,8.629660496867360768e+18,8.132201854042898432e+18,7.450007665566023680e+18,6.569824968031338496e+18,5.524444496714006528e+18,4.400787043836231680e+18,3.316687820302581760e+18,2.375136156141486080e+18,1.629549212448325632e+18,1.081340686298513408e+18,6.999354957858078720e+17
5.925995159173149491e+19,5.925707526931323290e+19,5.924323021889627750e+19,5.921842523657365094e+19,5.918267351648488653e+19,5.913600144690905088e+19,5.907843541612521062e+19,5.901000621045894349e+19,5.893075341232884941e+19,5.884071220610701722e+19,5.873993976639809126e+19,5.862848007366718259e+19,5.850639030251893555e+19,5.837374082169752781e+19,5.823058880580760371e+19,5.807700902163985203e+19,5.791308063403147264e+19,5.773887840977315430e+19,5.755449470784163021e+19,5.736001309112061133e+19,5.715553031663334195e+19,5.694114753944957747e+19,5.671696151659256218e+19,5.648308219922507366e+19,5.623961953850988954e+19,5.598669228170280960e+19,5.572441477801312256e+19,5.545291017274313933e+19,5.517230161119517082e+19,5.488272543281106125e+19,5.458430918093963264e+19,5.427719359306924032e+19,5.396151061059521741e+19,5.363741416514545254e+19,5.330504059616178995e+19,5.296453943722560717e+19,5.261606901801130394e+19,5.225977887210025779e+19,5.189582732916686848e+19,5.152436832083902464e+19,5.114556897288414822e+19,5.075959641106966118e+19,5.036660896506996326e+19,4.996677815869898752e+19,4.956027551577066701e+19,4.914727256009893478e+19,4.872793641745121280e+19,4.830245180578096742e+19,4.787098585085562061e+19,4.743372327062863872e+19,4.699084438500697702e+19,4.654252071780456858e+19,4.608894138502139085e+19,4.563028230851788800e+19,4.516673260429403750e+19,4.469846819421028352e+19,4.422568259231311462e+19,4.374855172046297498e+19,4.326726029661333094e+19,4.278200183481067110e+19,4.229295225691543962e+19,4.180030067892761395e+19,4.130423181880066048e+19,4.080493039448804557e+19,4.030258112394323558e+19,3.979736432707318579e+19,3.928946911987787366e+19,3.877907582226425446e+19,3.826636915218579456e+19,3.775152942954944922e+19,3.723473257621566259e+19,3.671616550916115661e+19,3.619600195122311987e+19,3.567442002328525210e+19,3.515159784623125299e+19,3.462770914289831117e+19,3.410292543710035968e+19,3.357741605362807603e+19,3.305135251629539328e+19,3.252489535379996672e+19,3.199820509483945165e+19,3.147143787006499226e+19,3.094473661598819942e+19,3.041823547302766182e+19,2.989204439234615706e+19,2.936624913585065165e+19,2.884089148498300109e+19,2.831594065341762765e+19,2.779126689878245376e+19,2.726657775098449101e+19,2.674132565323310694e+19,2.621458481673771418e+19,2.568482692033570406e+19,2.514961544625992499e+19,2.460511309892943872e+19,2.404536932141472154e+19,2.346128015743778816e+19,2.283911270676771635e+19,2.215860297010459443e+19,2.139076782094024704e+19,2.049618536937239347e+19,1.942559969349992448e+19,1.812646403311979725e+19,1.656014924621335757e+19,1.473130956550098125e+19,1.271815435257800294e+19,1.067585218591431066e+19,8.790762040080728064e+18,7.206472437083406336e+18,5.976592815113633792e+18,5.071616680128413696e+18,4.418092532223705088e+18,3.935916001513701376e+18,3.558662841785384960e+18,3.238712104928149504e+18,2.944667786166665216e+18,2.657088870654410752e+18,2.364754292474118144e+18,2.062644506167083008e+18,1.751927605398863872e+18,1.441066943485313024e+18,1.145817972296646656e+18,8.854599410311495680e+17,6.754044292974510080e+17,5.208835662555381760e+17,4.164780996102717440e+17,3.507563726079262720e+17,3.115721146561986560e+17
5.827487273612790989e+19,5.827871662877861478e+19,5.827430538812797747e+19,5.826157304347833139e+19,5.824045802217852109e+19,5.821090314962390221e+19,5.817285125120983040e+19,5.812624955037817242e+19,5.807106286275683942e+19,5.800724280983420928e+19,5.793475420723819315e+19,5.785356187059670221e+19,5.776364380967718093e+19,5.766497363620056269e+19,5.755753375798080307e+19,5.744130658283185766e+19,5.731629211075372646e+19,5.718247714760687616e+19,5.703986609143781786e+19,5.688846773833957376e+19,5.672829088440516608e+19,5.655934872377412813e+19,5.638166764472552653e+19,5.619526963749191680e+19,5.600018548839887667e+19,5.579645477986500608e+19,5.558411709430890496e+19,5.536321641219568435e+19,5.513380990812998861e+19,5.489595035866995098e+19,5.464970373451323802e+19,5.439513160831100518e+19,5.413230874685394125e+19,5.386131431497924608e+19,5.358222747752411955e+19,5.329513619541878374e+19,5.300013282763997184e+19,5.269730973316441702e+19,5.238677686315489690e+19,5.206863977072767795e+19,5.174299961095251558e+19,5.140998392717823181e+19,5.106970706861411533e+19,5.072229657860898816e+19,5.036787560246516122e+19,5.000658487767098982e+19,4.963856074366831821e+19,4.926393953989899059e+19,4.888287519799089562e+19,4.849550845543238861e+19,4.810200203994438042e+19,4.770250548510824858e+19,4.729718591669141504e+19,4.688620166436827955e+19,4.646971985390626406e+19,4.604791640716581274e+19,4.562096284796085862e+19,4.518903509815184589e+19,4.475230907959921869e+19,4.431097390830295450e+19,4.386520550612349747e+19,4.341519738710733619e+19,4.296113426920793702e+19,4.250320966647178854e+19,4.204161269489886822e+19,4.157654126658217574e+19,4.110818889556819968e+19,4.063675349394993971e+19,4.016243737186690662e+19,3.968542964531907789e+19,3.920594142053898650e+19,3.872417060961963213e+19,3.824031512465401446e+19,3.775458167382815539e+19,3.726716816923505459e+19,3.677827912003747840e+19,3.628811463735168205e+19,3.579687263327066522e+19,3.530475541793393869e+19,3.481195430636473549e+19,3.431866501163279974e+19,3.382507225169159782e+19,3.333135414742482944e+19,3.283767342655340544e+19,3.234417302558893670e+19,3.185097169178722304e+19,3.135812659975290880e+19,3.086563115241622733e+19,3.037335560740510106e+19,2.988099430048700826e+19,2.938795129635969434e+19,2.889319745213956096e+19,2.839502412675704422e+19,2.789065835188689306e+19,2.737571747418079232e+19,2.684332954596514202e+19,2.628288867807841485e+19,2.567824964177834803e+19,2.500531993827711386e+19,2.422920546655561318e+19,2.330171243294516838e+19,2.216136494331356774e+19,2.074033192632005427e+19,1.898434368704086016e+19,1.688830508859287142e+19,1.453543486754757018e+19,1.210641686920901427e+19,9.828810418108235776e+18,7.887567113932505088e+18,6.362322384858382336e+18,5.230021121318846464e+18,4.410162304608370688e+18,3.810739626348380160e+18,3.353935700838842368e+18,2.982853550121418752e+18,2.659086683282079744e+18,2.357802355329597440e+18,2.063460068916985856e+18,1.767404605949345792e+18,1.467509510938558464e+18,1.169109614302593024e+18,8.851481607651983360e+17,6.328949733054218240e+17,4.270356789796536320e+17,2.733439679641681920e+17,1.676325048434032640e+17,9.970485686802841600e+16,5.827266457318195200e+16
6.399201214316779930e+19,6.400851361367746150e+19,6.401811454921120154e+19,6.402068300837368627e+19,6.401610464195562701e+19,6.400425190660820173e+19,6.398501045312212173e+19,6.395825273814856499e+19,6.392387760661777613e+19,6.388176631127395533e+19,6.383181769704734720e+19,6.377391741472866304e+19,6.370797310534116966e+19,6.363388361381511168e+19,6.355155218312724480e+19,6.346089525039385805e+19,6.336182485468472934e+19,6.325425743311614771e+19,6.313812261694393549e+19,6.301333684328438170e+19,6.287984293753284198e+19,6.273757492899164979e+19,6.258647124500964966e+19,6.242648350707521946e+19,6.225755893863022592e+19,6.207966235530258022e+19,6.189274977662717133e+19,6.169679481432493261e+19,6.149177108011679744e+19,6.127766098181672141e+19,6.105444252919214899e+19,6.082211572224308019e+19,6.058067616292300390e+19,6.033012824927843123e+19,6.007047637935587328e+19,5.980174694143439667e+19,5.952395312965353472e+19,5.923713012838537626e+19,5.894130872395549901e+19,5.863652849878250291e+19,5.832284662747103232e+19,5.800030709048619827e+19,5.766897146047915622e+19,5.732891450424059494e+19,5.698020219246818099e+19,5.662291368999911424e+19,5.625713695776361677e+19,5.588296435473842176e+19,5.550049263794677350e+19,5.510982296245842739e+19,5.471107407552918323e+19,5.430435153027530752e+19,5.388978726809213338e+19,5.346750443428197171e+19,5.303763497024015565e+19,5.260032401150155162e+19,5.215571229555451494e+19,5.170395375402693427e+19,5.124520231854669824e+19,5.077962071683471770e+19,5.030737167661190349e+19,4.982863111973869978e+19,4.934357496807555072e+19,4.885237914348290048e+19,4.835523716000723763e+19,4.785233373560202854e+19,4.734386238431376179e+19,4.683002101823543706e+19,4.631101634555307622e+19,4.578705067640619008e+19,4.525833511702731162e+19,4.472508077364897382e+19,4.418750315055022080e+19,4.364581775201009664e+19,4.310025327644717875e+19,4.255102522814051123e+19,4.199836670355518259e+19,4.144249760501674803e+19,4.088364663094378496e+19,4.032204247975487078e+19,3.975790945182207181e+19,3.919146744947094323e+19,3.862293197698052915e+19,3.805250534449034035e+19,3.748036787190733210e+19,3.690666909281288192e+19,3.633151895836976742e+19,3.575493066271752192e+19,3.517680744883290112e+19,3.459685244857640550e+19,3.401446093055275827e+19,3.342855757238999450e+19,3.283731278673949491e+19,3.223773810099696435e+19,3.162504624153506611e+19,3.099166597128493466e+19,3.032580612755030016e+19,2.960935555479843635e+19,2.881504416563724288e+19,2.790296848407147315e+19,2.681741625592171725e+19,2.548639585784771379e+19,2.382907119497537126e+19,2.177852818866149786e+19,1.932379811090740019e+19,1.655783367472526131e+19,1.369204017981082829e+19,1.099986616799199232e+19,8.710637878985621504e+18,6.931406513651056640e+18,5.645727226327465984e+18,4.764658872176607232e+18,4.180120007943913472e+18,3.795750808960630784e+18,3.536676732398469120e+18,3.347851553246543872e+18,3.188576848602726400e+18,3.027214721133576192e+18,2.838061612638666752e+18,2.601653143649386496e+18,2.308982114910994432e+18,1.967547882919690240e+18,1.603332594634588160e+18,1.252994105164693504e+18,9.489492471122493440e+17,7.080409580668190720e+17,5.306013936192061440e+17,4.067711299239280640e+17
7.213944168349958144e+19,7.211868730201368166e+19,7.208969537941248410e+19,7.205245711960296653e+19,7.200695932844559565e+19,7.195319320984734925e+19,7.189114556966869402e+19,7.182082080595614106e+19,7.174220132652364595e+19,7.165528273332469760e+19,7.156006502635929600e+19,7.145654380758093005e+19,7.134471028089657754e+19,7.122457324239926067e+19,7.109611949794944614e+19,7.095936224168666726e+19,7.081429267751790182e+19,7.066091520348966093e+19,7.049923861569496678e+19,7.032926291413381939e+19,7.015099689489924096e+19,6.996444055799123149e+19,6.976960709754932429e+19,6.956650530966654157e+19,6.935513959238939443e+19,6.913552313985741619e+19,6.890766914621014016e+19,6.867158640754058854e+19,6.842729251603480576e+19,6.817479626778581402e+19,6.791411965302616883e+19,6.764527586589540352e+19,6.736828249857956250e+19,6.708315714326469018e+19,6.678992179018334208e+19,6.648859842956807373e+19,6.617920025555841843e+19,6.586175805447995392e+19,6.553628941851872461e+19,6.520282513400030822e+19,6.486138279311074918e+19,6.451199758022213632e+19,6.415468708752051405e+19,6.378949089742448230e+19,6.341642660212008550e+19,6.303553378402592358e+19,6.264683443337455206e+19,6.225037253063108198e+19,6.184617006602806886e+19,6.143426662198411264e+19,6.101469738287130214e+19,6.058749753306172621e+19,6.015270225692747366e+19,5.971035113688714445e+19,5.926047935731282739e+19,5.880313089866963354e+19,5.833834534337616282e+19,5.786616667189752627e+19,5.738663006860581274e+19,5.689978391201264435e+19,5.640567218258313216e+19,5.590433886078238720e+19,5.539582792707552051e+19,5.488018775997415424e+19,5.435746673798991053e+19,5.382771323963441152e+19,5.329097564341927936e+19,5.274730672590264730e+19,5.219675046754962637e+19,5.163936844101137203e+19,5.107520462675299533e+19,5.050431619937914061e+19,4.992675593544794112e+19,4.934258100956404122e+19,4.875184419828557414e+19,4.815460267621718426e+19,4.755090921991700480e+19,4.694082540203619123e+19,4.632440839717938790e+19,4.570171098190472806e+19,4.507278593277034496e+19,4.443769042438088294e+19,4.379646403915494195e+19,4.314915515560414413e+19,4.249579016200755610e+19,4.183637785445820006e+19,4.117089624272352051e+19,4.049927935610585088e+19,3.982139965125636915e+19,3.913699764343092019e+19,3.844566431430397133e+19,3.774671356861979034e+19,3.703906788498315674e+19,3.632102082134776218e+19,3.558994454492322202e+19,3.484181044510536499e+19,3.407051623236003430e+19,3.326697114454877798e+19,3.241792826558015078e+19,3.150472448508428288e+19,3.050250424320367002e+19,2.938120249398840525e+19,2.811073440027928166e+19,2.667326368445051699e+19,2.508286189631438848e+19,2.340403738307251405e+19,2.175023115740905472e+19,2.024915369391344845e+19,1.899189073485391462e+19,1.800353533459955712e+19,1.725184101613096141e+19,1.667587724308329267e+19,1.621044517495268966e+19,1.579710027116471910e+19,1.538462068302780826e+19,1.492443218585006899e+19,1.436508863056786227e+19,1.364902178737409229e+19,1.271549903199692390e+19,1.151482023983762637e+19,1.003611343992075059e+19,8.338899044948508672e+18,6.561343885090488320e+18,4.881380277802237952e+18,3.447243281228890112e+18,2.328613895024934912e+18,1.517374287403548672e+18,9.602469352460779520e+17
7.027244015321035571e+19,7.028710324027837645e+19,7.029497574353325261e+19,7.029598729423080653e+19,7.029006312558034944e+19,7.027713286883770368e+19,7.025711735916566938e+19,7.022995062586657997e+19,7.019554910605672448e+19,7.015384243099192525e+19,7.010475583388149350e+19,7.004821454793474048e+19,6.998413940831446630e+19,6.991246004627649331e+19,6.983309289893711053e+19,6.974597199559865139e+19,6.965101377337740493e+19,6.954814786352919347e+19,6.943729510121681715e+19,6.931838511769609830e+19,6.919134314617634816e+19,6.905609881791338906e+19,6.891257296807002112e+19,6.876070402399508890e+19,6.860041282085139251e+19,6.843163338794126541e+19,6.825429975456704102e+19,6.806834595003105280e+19,6.787370160558912307e+19,6.767030954663660749e+19,6.745809940442932838e+19,6.723702280045566362e+19,6.700701376401794662e+19,6.676801512051153306e+19,6.651997849142480077e+19,6.626284670215310541e+19,6.599657577223133594e+19,6.572112172119438131e+19,6.543643177248410829e+19,6.514247074172842803e+19,6.483919904650874061e+19,6.452658150245295718e+19,6.420458732323550003e+19,6.387319012057730253e+19,6.353235910815278694e+19,6.318208109182241997e+19,6.282232528526062387e+19,6.245309168846739866e+19,6.207436270925669990e+19,6.168612955153550541e+19,6.128839661335032627e+19,6.088115949665465139e+19,6.046443139558801408e+19,6.003821670819692544e+19,5.960253302666742989e+19,5.915739794318557184e+19,5.870283784603041792e+19,5.823888352152754586e+19,5.776556575600253338e+19,5.728292413187398042e+19,5.679100262960699802e+19,5.628984962771320832e+19,5.577952230079725568e+19,5.526007342541727334e+19,5.473156897227092787e+19,5.419407931010239693e+19,5.364768360374888038e+19,5.309245222195455590e+19,5.252847752369615667e+19,5.195584746990390477e+19,5.137465881760104448e+19,5.078501272185733120e+19,5.018701473578903142e+19,4.958077920860543386e+19,4.896642048951582720e+19,4.834406612186903347e+19,4.771383485292085248e+19,4.707585862406661734e+19,4.643027817279468339e+19,4.577722544050038374e+19,4.511684116467207373e+19,4.444926168475159757e+19,4.377461454408777728e+19,4.309302728602943488e+19,4.240459226955330355e+19,4.170937546535704986e+19,4.100737687344067379e+19,4.029850853287395328e+19,3.958253294914528870e+19,3.885897953127799194e+19,3.812704343676053094e+19,3.738539645554655232e+19,3.663197370479909274e+19,3.586366356661154611e+19,3.507597123744956416e+19,3.426268887466272358e+19,3.341581203360081510e+19,3.252604764198587597e+19,3.158468976674917581e+19,3.058783074356559872e+19,2.954377848229462016e+19,2.848327532804885709e+19,2.746999619821607322e+19,2.660278938715658650e+19,2.599413493439188173e+19,2.571134714079766118e+19,2.567158440229076992e+19,2.553977934639949414e+19,2.488724558359350477e+19,2.349094278213192909e+19,2.141162995456566886e+19,1.890022884849274061e+19,1.624082358171651277e+19,1.364075126090996122e+19,1.122016211870993613e+19,9.037198329993232384e+18,7.112020539966750720e+18,5.444061950386372608e+18,4.024503103607799808e+18,2.844446751539068928e+18,1.897927218965774336e+18,1.178442956193923072e+18,6.705124959070453760e+17,3.431109528639242240e+17,1.523540348612116480e+17,5.230665005635993600e+16,5.317137300193280000e+15,0.000000000000000000e+00
8.610199910713865011e+19,8.616104727959673242e+19,8.621785244833415168e+19,8.627214193446721946e+19,8.632366944739131392e+19,8.637216230822274662e+19,8.641733904198480691e+19,8.645892696979380634e+19,8.649663582058001203e+19,8.653016652718066893e+19,8.655923761461906637e+19,8.658354121963942707e+19,8.660277827507899597e+19,8.661662332549595136e+19,8.662477730372753818e+19,8.662692355042495693e+19,8.662273661014638592e+19,8.661189982354302566e+19,8.659408773517305446e+19,8.656897488959465062e+19,8.653623583136599245e+19,8.649554510504525824e+19,8.644657725519062630e+19,8.638898923417423053e+19,8.632246438264727142e+19,8.624667724516792730e+19,8.616129357020135424e+19,8.606599669839875277e+19,8.596046117431830118e+19,8.584436154251817779e+19,8.571738114364958310e+19,8.557921211445673984e+19,8.542953779559084851e+19,8.526805032379613184e+19,8.509445063190983475e+19,8.490843965276920218e+19,8.470971831921147904e+19,8.449801395235297690e+19,8.427302748503094067e+19,8.403450383054772634e+19,8.378215271783360102e+19,8.351573665237696512e+19,8.323498295529413018e+19,8.293966292816651878e+19,8.262953028038950912e+19,8.230436510963754598e+19,8.196393871749205197e+19,8.160804879381351629e+19,8.123650182455545037e+19,8.084909549957834342e+19,8.044565389702175130e+19,8.002600989111825203e+19,7.959001394828646810e+19,7.913751653494502195e+19,7.866838570969858048e+19,7.818248953115181056e+19,7.767972244618844570e+19,7.715998769778524160e+19,7.662320612110499840e+19,7.606929855131051622e+19,7.549820341575063962e+19,7.490988553005327974e+19,7.430430091375332557e+19,7.368143637271124378e+19,7.304127871278750106e+19,7.238384552616814182e+19,7.170915440503921050e+19,7.101724053377279590e+19,7.030815668892703130e+19,6.958196004510656102e+19,6.883873856324160717e+19,6.807857580621588070e+19,6.730158172519215923e+19,6.650787506742624256e+19,6.569759217235997491e+19,6.487087817552822272e+19,6.402789580465189683e+19,6.316881658354493030e+19,6.229382962820730061e+19,6.140312845268549632e+19,6.049692416321205043e+19,5.957542346797298483e+19,5.863884187124734362e+19,5.768739927536068198e+19,5.672130238849902182e+19,5.574074032666234061e+19,5.474587141952503808e+19,5.373681881238942515e+19,5.271363528181363507e+19,5.167632082779766784e+19,5.062480508159734579e+19,4.955902207251500237e+19,4.847902457710877082e+19,4.738531837072742810e+19,4.627945596378939392e+19,4.516521967629421773e+19,4.405059636070606438e+19,4.295093080130217574e+19,4.189330616849793024e+19,4.092115756963699098e+19,4.009556947271208141e+19,3.948539769390104576e+19,3.913395859329174733e+19,3.899222274837839872e+19,3.883592057342027366e+19,3.824907163525762253e+19,3.680334358710426010e+19,3.438475665557841510e+19,3.137164839375129805e+19,2.849290265186166374e+19,2.644719089964023808e+19,2.551058731268204134e+19,2.543795577357441434e+19,2.573042146851631923e+19,2.594430066937456230e+19,2.579272859343912960e+19,2.510629468812555059e+19,2.379232111832858624e+19,2.181631400526164787e+19,1.921074632533947187e+19,1.610497012401176576e+19,1.274765754808611635e+19,9.475735244196806656e+18,6.613039623293632512e+18,4.356523179603132416e+18,2.734767443011436544e+18,1.653743416061722624e+18,9.733669264639918080e+17
8.419204185657547162e+19,8.424020046587206042e+19,8.428443601768074445e+19,8.432451981358294630e+19,8.436024954343915520e+19,8.439139650883079373e+19,8.441771441915324006e+19,8.443899216817396122e+19,8.445498346528833536e+19,8.446545081598476288e+19,8.447015672575164416e+19,8.446886370007737958e+19,8.446130785617130291e+19,8.444726049561483674e+19,8.442646653171033702e+19,8.439867087776015974e+19,8.436361844706666086e+19,8.432106294902521856e+19,8.427074929693818880e+19,8.421241360801490534e+19,8.414580959165074637e+19,8.407069095724109005e+19,8.398677622980922573e+19,8.389383671093657600e+19,8.379160851783247462e+19,8.367983656379927757e+19,8.355827455823236301e+19,8.342666741443408691e+19,8.328477763789284966e+19,8.313235014191100723e+19,8.296914743197696000e+19,8.279492321748608614e+19,8.260944000392678605e+19,8.241247788897350451e+19,8.220379058202161971e+19,8.198316697683859866e+19,8.175036957891284173e+19,8.150518728201181594e+19,8.124740897990298829e+19,8.097682356635382579e+19,8.069322873122481766e+19,8.039643096046947533e+19,8.008623674004131021e+19,7.976246135198685594e+19,7.942492887444566835e+19,7.907345458946428109e+19,7.870788016736829440e+19,7.832804727848330854e+19,7.793380638922794598e+19,7.752501676211385139e+19,7.710152886355964723e+19,7.666321954826302259e+19,7.620997446701468877e+19,7.574167927060535706e+19,7.525821960982573875e+19,7.475951631983863398e+19,7.424547264362079846e+19,7.371601821242805453e+19,7.317107825946971341e+19,7.261060000818764186e+19,7.203453068202370662e+19,7.144283069855930778e+19,7.083546927146886758e+19,7.021243320661285274e+19,6.957370491180521882e+19,6.891929318313898803e+19,6.824919802061416038e+19,6.756344581250980250e+19,6.686207174319800320e+19,6.614510659900434022e+19,6.541261195257996902e+19,6.466464497852953395e+19,6.390127604559721267e+19,6.312259751275973837e+19,6.232869294290082202e+19,6.151966788913673011e+19,6.069564109872326246e+19,5.985672692086970778e+19,5.900306169501791027e+19,5.813478615865622528e+19,5.725204104927300813e+19,5.635497590044963635e+19,5.544374904186050970e+19,5.451850121099398349e+19,5.357936874729190195e+19,5.262647479605657600e+19,5.165991171626473882e+19,5.067972788642801254e+19,4.968591451045337498e+19,4.867840561764315955e+19,4.765706486855552205e+19,4.662173833156257382e+19,4.557234684182711501e+19,4.450914548604678963e+19,4.343315021296566272e+19,4.234700424853690778e+19,4.125631070401567130e+19,4.017158530861000294e+19,3.911043784055036314e+19,3.809857488169415475e+19,3.716583277957270733e+19,3.633138481795117875e+19,3.556976410850702131e+19,3.475600675669698150e+19,3.361739869446052250e+19,3.177295034668023808e+19,2.896238971887550464e+19,2.538252059632520397e+19,2.177843143163825357e+19,1.913369474948818534e+19,1.813000226153798042e+19,1.873670508116338278e+19,2.034372488804171776e+19,2.221250322912142950e+19,2.380122056544380518e+19,2.478489644421034803e+19,2.498590256293058970e+19,2.431853418924264653e+19,2.276238658635825152e+19,2.036914999492240998e+19,1.729568404228852941e+19,1.383136259670120858e+19,1.036704335013714330e+19,7.283879155190464512e+18,4.824213369739280384e+18,3.040604573736632320e+18,1.843416868434477056e+18,1.085707259289272320e+18
7.661889603552411648e+19,7.661241331496674918e+19,7.659343134622482432e+19,7.656195892539136410e+19,7.651803123683845734e+19,7.646166587275214848e+19,7.639288042531848192e+19,7.631172767109559091e+19,7.621824279445556429e+19,7.611246977586351309e+19,7.599446139187757056e+19,7.586427041905586995e+19,7.572197602223561114e+19,7.556763097797492736e+19,7.540130565501799629e+19,7.522308801429504000e+19,7.503304842455023616e+19,7.483128364280682906e+19,7.461788162999504077e+19,7.439293914313811558e+19,7.415656173535232000e+19,7.390884616366089830e+19,7.364990677727313920e+19,7.337985792539833139e+19,7.309882275333878579e+19,7.280691121225728000e+19,7.250426403964216934e+19,7.219099998274925363e+19,7.186725977906688819e+19,7.153317976803691725e+19,7.118890068714769613e+19,7.083456767193409126e+19,7.047033025597748019e+19,7.009633797285924045e+19,6.971274915225377178e+19,6.931971772578896282e+19,6.891740202313921331e+19,6.850597356811845632e+19,6.808559069040109158e+19,6.765642931184756326e+19,6.721865216017878221e+19,6.677243955530170368e+19,6.631795862298374963e+19,6.585539847922489754e+19,6.538493064783908045e+19,6.490674424482627584e+19,6.442101079400041677e+19,6.392792820745450291e+19,6.342767240704897843e+19,6.292043690683033190e+19,6.240641082279854080e+19,6.188578327095358259e+19,6.135874776534194586e+19,6.082548902391709696e+19,6.028620935681854669e+19,5.974110227809278362e+19,5.919035690373978522e+19,5.863416674780604006e+19,5.807273851847757005e+19,5.750625693370784154e+19,5.693491990558985421e+19,5.635892974426311885e+19,5.577847556572761293e+19,5.519375528207633613e+19,5.460496680540228813e+19,5.401230364975195750e+19,5.341595932917183283e+19,5.281613175575491379e+19,5.221301884159420006e+19,5.160680090659664691e+19,5.099768465894827622e+19,5.038585481660255437e+19,4.977150049555945882e+19,4.915481520986547814e+19,4.853598367747407872e+19,4.791519501438523802e+19,4.729263393855242240e+19,4.666848516792909824e+19,4.604292462437570970e+19,4.541612822975270093e+19,4.478826750787400499e+19,4.415950518646053274e+19,4.352998640104715059e+19,4.289985188912221389e+19,4.226920280575547802e+19,4.163810512164460954e+19,4.100656763288263066e+19,4.037448478635327488e+19,3.974161908754494259e+19,3.910748235329490125e+19,3.847123015867301888e+19,3.783144633270272000e+19,3.718584389119823053e+19,3.653080104285765632e+19,3.586066409889097318e+19,3.516671613111317299e+19,3.443571242245606605e+19,3.364787495775921766e+19,3.277437014409583002e+19,3.177471616235444634e+19,3.059537559235539763e+19,2.917254597336209818e+19,2.744415107789357056e+19,2.537659202962823578e+19,2.300581846074785792e+19,2.047377292435180749e+19,1.802026550352779674e+19,1.590607726664010957e+19,1.430805806194674893e+19,1.326652038376849408e+19,1.270747039809090355e+19,1.249090948837251482e+19,1.245817592770199552e+19,1.246423533628266906e+19,1.239086602487280435e+19,1.214828407297146880e+19,1.167554794909754982e+19,1.093960853274335642e+19,9.931095785816981504e+18,8.668688211851083776e+18,7.212285005303644160e+18,5.672203466324312064e+18,4.194587381942190080e+18,2.916760806664175616e+18,1.918625662797611008e+18,1.206540151208017920e+18,7.348142723615948800e+17,4.395006017855815680e+17
7.487636361954564506e+19,7.489518725861317018e+19,7.490523239684453171e+19,7.490637588893741875e+19,7.489848579349649818e+19,7.488143896521945907e+19,7.485513864708305715e+19,7.481945289769195930e+19,7.477428496002292122e+19,7.471952048486665421e+19,7.465505391910689178e+19,7.458079730181341184e+19,7.449664507986994790e+19,7.440250929234627789e+19,7.429830197831217971e+19,7.418394397293045350e+19,7.405935611136389939e+19,7.392446802486833971e+19,7.377920494665308570e+19,7.362350530406698189e+19,7.345731632055189504e+19,7.328058082150318080e+19,7.309325482645572813e+19,7.289529435494442598e+19,7.268666422259718554e+19,7.246733804113494016e+19,7.223729382032513434e+19,7.199650517188870144e+19,7.174497209582564147e+19,7.148268579604293222e+19,7.120964187449406259e+19,7.092586232141158810e+19,7.063135153484201984e+19,7.032613150501791334e+19,7.001023741631135744e+19,6.968370445309444096e+19,6.934656779973925274e+19,6.899888463085043712e+19,6.864070772298612736e+19,6.827209864879747891e+19,6.789313217507518054e+19,6.750388746665643213e+19,6.710444368837843354e+19,6.669489319921791795e+19,6.627534155229115187e+19,6.584588990266789069e+19,6.540664820151091200e+19,6.495773959412252672e+19,6.449929162385155686e+19,6.403144063013984666e+19,6.355432295242924032e+19,6.306808372625460429e+19,6.257288128129033830e+19,6.206887394721084211e+19,6.155623324783004877e+19,6.103512630891538022e+19,6.050573784842030285e+19,5.996824818625177190e+19,5.942285523450278707e+19,5.886975690526634803e+19,5.830915111063545446e+19,5.774124895684263936e+19,5.716626594816694682e+19,5.658442198693393203e+19,5.599594577156217242e+19,5.540106160242373427e+19,5.480000697403021722e+19,5.419301938089322086e+19,5.358034071557085594e+19,5.296222606476076646e+19,5.233892171906757427e+19,5.171068276518892339e+19,5.107776868786896896e+19,5.044044336989837722e+19,4.979897069406781440e+19,4.915361454316794675e+19,4.850465199412897382e+19,4.785234692974156186e+19,4.719697642693591040e+19,4.653880436850268570e+19,4.587810783137208730e+19,4.521515069833478144e+19,4.455018805608841216e+19,4.388346619523760128e+19,4.321520941615441510e+19,4.254561123288534221e+19,4.187480798487222682e+19,4.120285244867320218e+19,4.052967425554409062e+19,3.985499193050818150e+19,3.917820294119345357e+19,3.849822097011166413e+19,3.781316805140257178e+19,3.711997434860142592e+19,3.641368986035997901e+19,3.568652564630706586e+19,3.492634749611855053e+19,3.411455607109897421e+19,3.322322377590282650e+19,3.221163349593030656e+19,3.102317357649048371e+19,2.958510912438272000e+19,2.781653367598874624e+19,2.565192073633962394e+19,2.308399813552924262e+19,2.021187585168533094e+19,1.725413789592138547e+19,1.448956434194838323e+19,1.214859303573887386e+19,1.033509044272234496e+19,9.027050387424673792e+18,8.129623499275763712e+18,7.529438034824003584e+18,7.125365312593068032e+18,6.837613223999438848e+18,6.605201754655031296e+18,6.379680924681895936e+18,6.119445763840802816e+18,5.787282201578045440e+18,5.353430856176238592e+18,4.805275381462466560e+18,4.159927476899807232e+18,3.468636478970527744e+18,2.802304944747577344e+18,2.223308443752595456e+18,1.764072123644510208e+18,1.425403300836016128e+18,1.188609453021200384e+18
8.580131346326749184e+19,8.583830103442587648e+19,8.586484764316690022e+19,8.588079495981616333e+19,8.588595826642019942e+19,8.588017923330460877e+19,8.586329953079499162e+19,8.583514323703090381e+19,8.579556081843096781e+19,8.574438514922776166e+19,8.568146669583990784e+19,8.560664712859300659e+19,8.551978570999870259e+19,8.542073290647561830e+19,8.530934798053539840e+19,8.518549019468968755e+19,8.504903640363617485e+19,8.489983707379348275e+19,8.473778665204534477e+19,8.456276199308944998e+19,8.437463995162348749e+19,8.417332377062421299e+19,8.395870789697536000e+19,8.373068677756066202e+19,8.348918124754291917e+19,8.323409454989888717e+19,8.296535631588438835e+19,8.268288738066222285e+19,8.238663496767425741e+19,8.207653750426933658e+19,8.175254221388932710e+19,8.141459631997609574e+19,8.106268223034359808e+19,8.069676476061974528e+19,8.031682631861849293e+19,7.992285810824681882e+19,7.951485133341170074e+19,7.909281479020616090e+19,7.865675727472322150e+19,7.820671397133497139e+19,7.774270247222745498e+19,7.726477555395880550e+19,7.677297719699413402e+19,7.626736897398459597e+19,7.574801245758134682e+19,7.521498681262158643e+19,7.466838000003553690e+19,7.410828877684644250e+19,7.353481869617056973e+19,7.294807970917069619e+19,7.234819935919564390e+19,7.173530958764074598e+19,7.110955113199435776e+19,7.047107352583785677e+19,6.982004389493866496e+19,6.915662936506420429e+19,6.848101025612143002e+19,6.779337568411031962e+19,6.709391916307736166e+19,6.638285179925508915e+19,6.566038909692254618e+19,6.492674656035877683e+19,6.418217048016840294e+19,6.342689395281651302e+19,6.266116326890772890e+19,6.188524670927922790e+19,6.109939936062865408e+19,6.030390269793271808e+19,5.949903379812161946e+19,5.868508293226509107e+19,5.786234476947937690e+19,5.703112277497374310e+19,5.619172921005047808e+19,5.534447633601187021e+19,5.448968521025323008e+19,5.362769008430940160e+19,5.275881641362220646e+19,5.188340724581951078e+19,5.100179683243615846e+19,5.011433701719303782e+19,4.922136644967150387e+19,4.832322377945291162e+19,4.742025205416512717e+19,4.651276793315695002e+19,4.560107488163764634e+19,4.468543678239788237e+19,4.376605594557716890e+19,4.284304672038479462e+19,4.191638271854169293e+19,4.098579126116417536e+19,4.005066541783370957e+19,3.910984850231787520e+19,3.816135699564016435e+19,3.720193194533584896e+19,3.622641444284740403e+19,3.522676046110602035e+19,3.419069725132246221e+19,3.309982338689427046e+19,3.192721622610372198e+19,3.063477989007163392e+19,2.917141127736223334e+19,2.747445581737833267e+19,2.547910389673230336e+19,2.314162353994098278e+19,2.047752665704903475e+19,1.759937794997328282e+19,1.471837271168856883e+19,1.208206378616540365e+19,9.876498436428136448e+18,8.165785886957502464e+18,6.904583927491461120e+18,5.991540125937434624e+18,5.317954563750232064e+18,4.793129626266238976e+18,4.350976418318909440e+18,3.947754168332058624e+18,3.556573219936796672e+18,3.161964269164036096e+18,2.756983350328557568e+18,2.343037838313914368e+18,1.931189369851346944e+18,1.541976959586664448e+18,1.200329834656432128e+18,9.258641071338946560e+17,7.247644612058152960e+17,5.893756158832803840e+17,5.043915103141888000e+17,4.537782756683284480e+17
8.183803144197216666e+19,8.188116748215307469e+19,8.191804070410217062e+19,8.194846638986598810e+19,8.197223343321199411e+19,8.198915711618672230e+19,8.199903512865066189e+19,8.200164756827825766e+19,8.199680092102302106e+19,8.198427528455939686e+19,8.196385075656182989e+19,8.193530743470476493e+19,8.189844300884869120e+19,8.185301118838898688e+19,8.179879207100009677e+19,8.173556575435646566e+19,8.166310354003951616e+19,8.158116793353764864e+19,8.148953023643228570e+19,8.138796175030484992e+19,8.127622498064374170e+19,8.115408243293736141e+19,8.102130540876713165e+19,8.087767400580749722e+19,8.072293313736081408e+19,8.055686290110152704e+19,8.037923459861105869e+19,8.018981073537780941e+19,7.998837140907622400e+19,7.977469671738074726e+19,7.954854916577977958e+19,7.930970885194776576e+19,7.905797346574519501e+19,7.879312310484651213e+19,7.851493786692616192e+19,7.822321544184463360e+19,7.791775351946241638e+19,7.759835858573302170e+19,7.726482833051693875e+19,7.691697803586070118e+19,7.655462298381084262e+19,7.617759604859994112e+19,7.578571251227453030e+19,7.537880524906718822e+19,7.495672472539653734e+19,7.451931261158817792e+19,7.406642817015375462e+19,7.359793506165142323e+19,7.311369254859282842e+19,7.261358628176868147e+19,7.209750191196969370e+19,7.156532948803308749e+19,7.101697225293561856e+19,7.045234664379357594e+19,6.987136469967673754e+19,6.927396484793394790e+19,6.866007671982102938e+19,6.802965633487287091e+19,6.738266411067087258e+19,6.671906046479643443e+19,6.603883220311002317e+19,6.534196173342559437e+19,6.462845345378965914e+19,6.389832055834175078e+19,6.315157624122140262e+19,6.238826008484721459e+19,6.160841167163778662e+19,6.081208817619776307e+19,5.999935117117829939e+19,5.917028421946310656e+19,5.832497088393589555e+19,5.746351231966642176e+19,5.658602287586397389e+19,5.569261690173784064e+19,5.478343953282288845e+19,5.385862710856096154e+19,5.291833795862645965e+19,5.196273920878680474e+19,5.099201117894895206e+19,5.000632979097334579e+19,4.900589735499949670e+19,4.799090298702738227e+19,4.696155339524302438e+19,4.591804649173942272e+19,4.486055819837702144e+19,4.378926003896975360e+19,4.270426636272690790e+19,4.160563874229963981e+19,4.049332879917632717e+19,3.936712982517094810e+19,3.822660641367890330e+19,3.707097571242121626e+19,3.589897988009571123e+19,3.470869257233052467e+19,3.349731223349808333e+19,3.226092680122676019e+19,3.099434658063345254e+19,2.969114382674218189e+19,2.834416951494914867e+19,2.694702228855744102e+19,2.549715347961387418e+19,2.400126131295485952e+19,2.248285334718224794e+19,2.098996724531357286e+19,1.959726864296784691e+19,1.839356619383216538e+19,1.744840070982847693e+19,1.677256609660665856e+19,1.630417634219733811e+19,1.593388171668330906e+19,1.555057766958943437e+19,1.507592839548318515e+19,1.447018764853208678e+19,1.372260110550486221e+19,1.283989228000536166e+19,1.183525091352038605e+19,1.072127740930424832e+19,9.508343460541759488e+18,8.208472776638464000e+18,6.844603918928838656e+18,5.462282507326062592e+18,4.134941075158597632e+18,2.951179643782168576e+18,1.983916999717158912e+18,1.261869363024101376e+18,7.656755021689651200e+17,4.472613328115466240e+17,2.533725761961984000e+17
7.414957763749268685e+19,7.415392290744565760e+19,7.414819665088820019e+19,7.413234609126218138e+19,7.410629206373040128e+19,7.406998179173472666e+19,7.402337129481004646e+19,7.396638140811916083e+19,7.389897694728998093e+19,7.382109633967135130e+19,7.373270440089118310e+19,7.363375275243785421e+19,7.352420181189276467e+19,7.340401199683731456e+19,7.327315252094592614e+19,7.313159259789302170e+19,7.297930583939953459e+19,7.281626585718639821e+19,7.264245505906756813e+19,7.245785145481048883e+19,7.226245064636864922e+19,7.205623504155600486e+19,7.183920464037255578e+19,7.161135504477179085e+19,7.137269065280022118e+19,7.112321586250435789e+19,7.086293946997722317e+19,7.059187906740486144e+19,7.031004784892680602e+19,7.001747660086863462e+19,6.971418291541639168e+19,6.940020637498867712e+19,6.907557336786455757e+19,6.874032787450914406e+19,6.839451387538754765e+19,6.803817974901139046e+19,6.767137827193880576e+19,6.729416222072792678e+19,6.690660196412293120e+19,6.650875467672846336e+19,6.610069512533521203e+19,6.568249807673386598e+19,6.525424709380813619e+19,6.481601694334871142e+19,6.436790878042534707e+19,6.391000616792175411e+19,6.344241026090768794e+19,6.296522221445290394e+19,6.247855197972017971e+19,6.198250950787229286e+19,6.147721354616504320e+19,6.096277844380771942e+19,6.043933614219565466e+19,5.990701418467767091e+19,5.936594011460259021e+19,5.881626346555179008e+19,5.825811617892060365e+19,5.769165218633691955e+19,5.711701662333560422e+19,5.653437221763756851e+19,5.594387290087070106e+19,5.534568579880242381e+19,5.473997363915364762e+19,5.412690794573830554e+19,5.350666903846335283e+19,5.287943283918923366e+19,5.224538406586941440e+19,5.160470743645736141e+19,5.095759206695305216e+19,5.030423147140297523e+19,4.964482356190013030e+19,4.897956625053751706e+19,4.830866184745464627e+19,4.763232145888405094e+19,4.695074739496524186e+19,4.626415515997726310e+19,4.557275586015264768e+19,4.487676499977043968e+19,4.417640248115619430e+19,4.347188380858895565e+19,4.276342888439427891e+19,4.205125761089771930e+19,4.133558109433180979e+19,4.061661483897559450e+19,3.989455235887556198e+19,3.916958277003168973e+19,3.844187319821139968e+19,3.771153799262398054e+19,3.697865631810663219e+19,3.624320178638028800e+19,3.550502486386357043e+19,3.476377370683559117e+19,3.401880180245921792e+19,3.326901843519969690e+19,3.251269077473165312e+19,3.174715360486935757e+19,3.096841789742723891e+19,3.017070681831296205e+19,2.934592576292284006e+19,2.848330831339769037e+19,2.756966692727396762e+19,2.659119393753006080e+19,2.553814107407410790e+19,2.441357377532434842e+19,2.324469395895196058e+19,2.208959322229886157e+19,2.102803673591368909e+19,2.013316401327610266e+19,1.944096866703297741e+19,1.894072386174373069e+19,1.858944309080883200e+19,1.833343830095560704e+19,1.812211546463194317e+19,1.791124012954078413e+19,1.765951683796611891e+19,1.732253081770393600e+19,1.684681061927223296e+19,1.616661644244628275e+19,1.520788188544421069e+19,1.390568738371561062e+19,1.223900037933275546e+19,1.027179265782290842e+19,8.167449448050327552e+18,6.144968177500553216e+18,4.394014327087038464e+18,3.011321830309888000e+18,1.997210782491738112e+18,1.293309898020356096e+18
8.806203251527725875e+19,8.808126077462380544e+19,8.809116517536681165e+19,8.809160498001792205e+19,8.808243945108878131e+19,8.806353664718405632e+19,8.803476462690841395e+19,8.799599144886652109e+19,8.794708517166304461e+19,8.788792264999567360e+19,8.781838953465511936e+19,8.773836268033907098e+19,8.764772773783823974e+19,8.754637035794333696e+19,8.743419378363111834e+19,8.731109246178531738e+19,8.717696083928966758e+19,8.703171095521394688e+19,8.687526364472095539e+19,8.670751335469442662e+19,8.652840730857622733e+19,8.633785754543613542e+19,8.613579369652997325e+19,8.592216298529960755e+19,8.569690383909388288e+19,8.545996348135466598e+19,8.521130672770986803e+19,8.495088959769437798e+19,8.467867690693610701e+19,8.439465106324901069e+19,8.409878567835402240e+19,8.379108075225114214e+19,8.347151869275432550e+19,8.314009949986357248e+19,8.279684956185794970e+19,8.244176887873745715e+19,8.207488383878116147e+19,8.169622962636115149e+19,8.130585022194253824e+19,8.090377201380438835e+19,8.049005657459785728e+19,8.006477427306712269e+19,7.962797788577031782e+19,7.917974657754464256e+19,7.872016830932031898e+19,7.824933104202756915e+19,7.776733153268963738e+19,7.727426653832976794e+19,7.677026800034329395e+19,7.625545026793950413e+19,7.572992769032768717e+19,7.519384980108922061e+19,7.464735733771245978e+19,7.409059103768576000e+19,7.352371802677654323e+19,7.294690103270572032e+19,7.236031157928722432e+19,7.176412119033498829e+19,7.115852777794201190e+19,7.054371166201525043e+19,6.991987515269421466e+19,6.928722495816492646e+19,6.864597218465991885e+19,6.799633233645823590e+19,6.733853411197845504e+19,6.667279741354613146e+19,6.599936853176588698e+19,6.531848056310281011e+19,6.463038419620803379e+19,6.393532572168617984e+19,6.323356462428140339e+19,6.252536478678437069e+19,6.181098569393923686e+19,6.109069562658317926e+19,6.036477166164639744e+19,5.963349087605909094e+19,5.889713034675145933e+19,5.815597594674672435e+19,5.741030035492857446e+19,5.666039824041325363e+19,5.590654228208445030e+19,5.514900515882585293e+19,5.438805954952114995e+19,5.362394294868194099e+19,5.285688405472680346e+19,5.208704119733013709e+19,5.131451992960820838e+19,5.053928946523543962e+19,4.976115189211883110e+19,4.897961023100262810e+19,4.819371010579392102e+19,4.740181104514406810e+19,4.660117306607665152e+19,4.578739372403405619e+19,4.495349771724967117e+19,4.408860867670153626e+19,4.317600522955443405e+19,4.219036342399742771e+19,4.109411074868615578e+19,3.983318641590612787e+19,3.833350533217779712e+19,3.650147486872161485e+19,3.423530443806133453e+19,3.145612607113658368e+19,2.816252139794753126e+19,2.448911242317581517e+19,2.071828451915988992e+19,1.720053340553242214e+19,1.421617517374839194e+19,1.188090483532890112e+19,1.015322132388354458e+19,8.905140936183382016e+18,7.991795318687531008e+18,7.289897881840910336e+18,6.707831819259084800e+18,6.182062951042646016e+18,5.670464588684984320e+18,5.147478034642632704e+18,4.602282994986647552e+18,4.038609013158445056e+18,3.475406721818558464e+18,2.945063885230571520e+18,2.484616727942397952e+18,2.121220026064175104e+18,1.861289292505022464e+18,1.691429177103745024e+18,1.588354909802070016e+18,1.528941012288798720e+18
1.030002789652187054e+20,1.029234450926697185e+20,1.028151651875663380e+20,1.026757207248852746e+20,1.025054195678823055e+20,1.023045959680922747e+20,1.020736105653290926e+20,1.018128152033136476e+20,1.015226408906040279e+20,1.012034834513862328e+20,1.008558090785904394e+20,1.004800663729607803e+20,1.000767479157064991e+20,9.964635508412986163e+19,9.918942443990522266e+19,9.870650134079995904e+19,9.819813994067446989e+19,9.766493837385426534e+19,9.710749477466485555e+19,9.652641607352477286e+19,9.592235318131766067e+19,9.529593941674111795e+19,9.464786087505087693e+19,9.397879485540964762e+19,9.328942745307316224e+19,9.258047115157621965e+19,9.185265602663966310e+19,9.110669456179829146e+19,9.034335201714503680e+19,8.956337606058678682e+19,8.876752315612345139e+19,8.795657615603400704e+19,8.713130911650440806e+19,8.629251368590665318e+19,8.544099030870576333e+19,8.457753063327373722e+19,8.370293510407559578e+19,8.281803055385542656e+19,8.192361742707825050e+19,8.102051376039513293e+19,8.010953759045713920e+19,7.919150695391533466e+19,7.826723988742078464e+19,7.733755442762455450e+19,7.640326861117770957e+19,7.546519167863829299e+19,7.452413287056434790e+19,7.358091022360693965e+19,7.263631978418457805e+19,7.169115320066926182e+19,7.074620651947950080e+19,6.980226259289427149e+19,6.886010427319255040e+19,6.792048802437424742e+19,6.698418350457880576e+19,6.605192958562009088e+19,6.512447833345150157e+19,6.420254662965434778e+19,6.328685575385645056e+19,6.237810499545307546e+19,6.147698924579297690e+19,6.058418580403886490e+19,5.970035437716740506e+19,5.882614147801572966e+19,5.796218922137445990e+19,5.710910013961561702e+19,5.626748556120424448e+19,5.543792602827980800e+19,5.462098888884224000e+19,5.381721510261240627e+19,5.302714123126466150e+19,5.225128184624080486e+19,5.149012073265705779e+19,5.074413287953661952e+19,5.001377568371664486e+19,4.929947575570871091e+19,4.860164211383835034e+19,4.792067498033807360e+19,4.725693059697528013e+19,4.661076080747085824e+19,4.598247787312709632e+19,4.537237646306023834e+19,4.478071166396792832e+19,4.420771217426874368e+19,4.365354511973010637e+19,4.311832924760781619e+19,4.260209534422745088e+19,4.210475984670529946e+19,4.162607646443674010e+19,4.116553942207299584e+19,4.072226911031184589e+19,4.029481857185113702e+19,3.988088323031905075e+19,3.947684349343694848e+19,3.907709624994968371e+19,3.867305651306758144e+19,3.825168847293172941e+19,3.779345160889329254e+19,3.726953871630453965e+19,3.663855758042621542e+19,3.584344794582325658e+19,3.481081741134161510e+19,3.345713607861914829e+19,3.170831225710654259e+19,2.953656348699315405e+19,2.700458831934128128e+19,2.428558842282796646e+19,2.162547836909833421e+19,1.925289060603212595e+19,1.729999852591592243e+19,1.578613814023579238e+19,1.465130360190586061e+19,1.379724475089131930e+19,1.311235455990313779e+19,1.248653563111722189e+19,1.182427009089378714e+19,1.105520568772958618e+19,1.013623936679254426e+19,9.047688220678029312e+18,7.796810125640990720e+18,6.428138051385425920e+18,5.029750575877586944e+18,3.719167075306962944e+18,2.604716932800184320e+18,1.745262091033378816e+18,1.138374828332417024e+18,7.398094224060579840e+17,4.922030116034314240e+17
6.618982593592924570e+19,6.619768964309109965e+19,6.619429874923103846e+19,6.617959168169790669e+19,6.615351126588705997e+19,6.611600472524036506e+19,6.606702368124619981e+19,6.600651975539294208e+19,6.593445776330850304e+19,6.585079812257428275e+19,6.575551004686470349e+19,6.564855835180767642e+19,6.552992104717064602e+19,6.539958054076756787e+19,6.525751484236588646e+19,6.510371955391909069e+19,6.493817708324113613e+19,6.476089182837853389e+19,6.457186378933128397e+19,6.437109296609938637e+19,6.415859695086888550e+19,6.393438893777931469e+19,6.369849091706322944e+19,6.345092048090667418e+19,6.319171721172824883e+19,6.292090309976050893e+19,6.263852652351507661e+19,6.234462706541055181e+19,6.203925750200506778e+19,6.172247060985675776e+19,6.139431916552375501e+19,6.105487353775023718e+19,6.070419969723387085e+19,6.034237680881185587e+19,5.996947524122836992e+19,5.958558295541363507e+19,5.919078791229787341e+19,5.878518686890432922e+19,5.836887218420973568e+19,5.794195820742338150e+19,5.750454609361502208e+19,5.705675019199394611e+19,5.659869364786246451e+19,5.613049960652288819e+19,5.565229561132403917e+19,5.516420920561473946e+19,5.466638992297636659e+19,5.415897850089727590e+19,5.364211567686582272e+19,5.311596417860291789e+19,5.258067793773645005e+19,5.203641528394081894e+19,5.148334774102995763e+19,5.092164683281779917e+19,5.035148408311827661e+19,4.977304420988485632e+19,4.918651193107100467e+19,4.859207196463018803e+19,4.798991782460889498e+19,4.738025182114663629e+19,4.676326746828990054e+19,4.613917147422470963e+19,4.550817494518359654e+19,4.487048458935258317e+19,4.422632030905722470e+19,4.357590200662307635e+19,4.291944518632918221e+19,4.225718294464063078e+19,4.158933518388297728e+19,4.091614379661433242e+19,4.023783308320676250e+19,3.955464493621837824e+19,3.886681685016077926e+19,3.817459071759207629e+19,3.747820843107038003e+19,3.677791848022356787e+19,3.607396495663300608e+19,3.536659634992657203e+19,3.465606334875539866e+19,3.394261224372410778e+19,3.322648932543732122e+19,3.250794308352291635e+19,3.178721101249249280e+19,3.106452620881113907e+19,3.034011297285092147e+19,2.961417141572809523e+19,2.888688405637287117e+19,2.815838723422709350e+19,2.742877330826749542e+19,2.669805987068012134e+19,2.596617215467428250e+19,2.523291004913372365e+19,2.449793710350034534e+19,2.376075633851839283e+19,2.302071904232747827e+19,2.227707094995094733e+19,2.152905339836563456e+19,2.077608144738556314e+19,2.001806053901074432e+19,1.925612536924104294e+19,1.849427816040156365e+19,1.774189114960746906e+19,1.701656092094968627e+19,1.634506717963432755e+19,1.575764869444848845e+19,1.527139847315757466e+19,1.486683756776390656e+19,1.447900023422871142e+19,1.402971669337525453e+19,1.346554628204711117e+19,1.277199743699019366e+19,1.196557162871416422e+19,1.107691774384327885e+19,1.013678362504829338e+19,9.169209544314716160e+18,8.189851997466263552e+18,7.206902895885680640e+18,6.223755882212098048e+18,5.243574801154441216e+18,4.275858883420880896e+18,3.343325688508710912e+18,2.484086763337809920e+18,1.743096328004567040e+18,1.154064446943920128e+18,7.243474714209812480e+17,4.347836969024225280e+17,2.521272074790502400e+17,1.425903801964953600e+17
6.267338983820859802e+19,6.265349307579236352e+19,6.261823833495935386e+19,6.256769598445374669e+19,6.250193639301971968e+19,6.242105631768051712e+19,6.232514371936636109e+19,6.221431734533305139e+19,6.208868274869685453e+19,6.194837187085310362e+19,6.179352105124364288e+19,6.162427542540333875e+19,6.144078452691356877e+19,6.124321108349524378e+19,6.103172222091578573e+19,6.080650705517517210e+19,6.056774150813384704e+19,6.031562349188481024e+19,6.005035971461408358e+19,5.977215248646117786e+19,5.948122610779815936e+19,5.917780487899709440e+19,5.886211310043004928e+19,5.853439266465513472e+19,5.819488986227697254e+19,5.784384658585367347e+19,5.748153111622241485e+19,5.710819414203432960e+19,5.672410394412659507e+19,5.632953759942941082e+19,5.592476778682646528e+19,5.551007598129446912e+19,5.508574805585664410e+19,5.465206988353621197e+19,5.420933613344941670e+19,5.375784587275901338e+19,5.329789377058124595e+19,5.282978329212538061e+19,5.235381790260068352e+19,5.187030546526293197e+19,5.137955384336790323e+19,5.088187529821788570e+19,5.037757769306865664e+19,4.986697768726901555e+19,4.935038314407473971e+19,4.882811072283462861e+19,4.830047268485097062e+19,4.776778568947256525e+19,4.723036639604821197e+19,4.668851826978717696e+19,4.614256236808477082e+19,4.559280215615025971e+19,4.503955429333244314e+19,4.448312664288709837e+19,4.392381827197698048e+19,4.336194144190437786e+19,4.279779082178553446e+19,4.223166547878320538e+19,4.166386887810665677e+19,4.109468689277911040e+19,4.052441419191681024e+19,3.995333225049646694e+19,3.938173133958781338e+19,3.880987974002802688e+19,3.823805892679381811e+19,3.766653718072236442e+19,3.709557838460433203e+19,3.652545081927689830e+19,3.595640297436794061e+19,3.538868993657510298e+19,3.482255799650300723e+19,3.425824904670976410e+19,3.369599398463720653e+19,3.313602810577367859e+19,3.257857571049124659e+19,3.202385230306895462e+19,3.147207118876259123e+19,3.092344127478143386e+19,3.037816267224173773e+19,2.983642669616673587e+19,2.929842466157966131e+19,2.876433468936421376e+19,2.823433270138083738e+19,2.770858362437369856e+19,2.718724798704045261e+19,2.667047532296247706e+19,2.615840856865138278e+19,2.565118186452575846e+19,2.514891835588791501e+19,2.465173019292388557e+19,2.415971633168016998e+19,2.367295153894745702e+19,2.319148859128387994e+19,2.271532309064292762e+19,2.224436047902461133e+19,2.177831928145222042e+19,2.131657057727466701e+19,2.085781254472466432e+19,2.039948552073274982e+19,1.993674505706694246e+19,1.946081924996084531e+19,1.895670196471857152e+19,1.840064265066853171e+19,1.775925133869842432e+19,1.699360201865009562e+19,1.607145041252738662e+19,1.498475469228474368e+19,1.376039132015152333e+19,1.245230233658641613e+19,1.111941826630333235e+19,9.806554103738793984e+18,8.538493390738685952e+18,7.324176806104268800e+18,6.163702206370414592e+18,5.054127298421194752e+18,3.993609025890549760e+18,2.984596276051443712e+18,2.036917583344566272e+18,1.170835435241340928e+18,4.184168478476861440e+17,0.000000000000000000e+00,0.000000000000000000e+00,0.000000000000000000e+00,0.000000000000000000e+00,0.000000000000000000e+00,0.000000000000000000e+00,0.000000000000000000e+00,0.000000000000000000e+00
6.678449020274212864e+19,6.679334786841549210e+19,6.679093334088089600e+19,6.677717185334765158e+19,6.675200623121111450e+19,6.671537929986664038e+19,6.666723828275609600e+19,6.660753040332134810e+19,6.653621607914379674e+19,6.645325572780484198e+19,6.635860976688588390e+19,6.625225180810785587e+19,6.613414666709866906e+19,6.600428554776530125e+19,6.586263766378217472e+19,6.570920301514928947e+19,6.554396400968060109e+19,6.536692504542262067e+19,6.517808612237534822e+19,6.497745163858529485e+19,6.476503478819199386e+19,6.454085756142800077e+19,6.430493755047936000e+19,6.405730554167164928e+19,6.379798792328393523e+19,6.352702867578132890e+19,6.324447177962894131e+19,6.295035681724537242e+19,6.264474975932828877e+19,6.232769458634280141e+19,6.199927046312611021e+19,6.165953456428285952e+19,6.130856605465024922e+19,6.094644849711199027e+19,6.057326105650528256e+19,6.018909609180685926e+19,5.979405475808647578e+19,5.938822941432086528e+19,5.897172561362629427e+19,5.854466650130507366e+19,5.810715323242695885e+19,5.765932214643379405e+19,5.720128759253486797e+19,5.673319030821853594e+19,5.625516223488013107e+19,5.576734850805451981e+19,5.526989426327656858e+19,5.476294903412765491e+19,5.424667115028217856e+19,5.372122333946105037e+19,5.318677272743169229e+19,5.264348643996152627e+19,5.209153600086448538e+19,5.153111052614054707e+19,5.096238593765015552e+19,5.038555574943979930e+19,4.980080467946294477e+19,4.920833943590561382e+19,4.860835353281429504e+19,4.800105367837501030e+19,4.738664218272727040e+19,4.676534334624314163e+19,4.613735947906213478e+19,4.550291927960282726e+19,4.486223385409775206e+19,4.421554069705850880e+19,4.356305971081065267e+19,4.290502838986578330e+19,4.224167103459596698e+19,4.157323393560582554e+19,4.089995458740695859e+19,4.022206608646445466e+19,3.953982351947595776e+19,3.885346438095306752e+19,3.816324375759342797e+19,3.746939914390863872e+19,3.677219002464285491e+19,3.607186488942395392e+19,3.536867222787981312e+19,3.466286492768482099e+19,3.395468927944359936e+19,3.324439157376077005e+19,3.253221150417118822e+19,3.181837776909343130e+19,3.110310367378328781e+19,3.038658273228724634e+19,2.966896667720993997e+19,2.895035666362112410e+19,2.823077468175335424e+19,2.751011078044385280e+19,2.678808568373916467e+19,2.606414963582540186e+19,2.533737904693523251e+19,2.460630277051069235e+19,2.386870199208692941e+19,2.312133755040851558e+19,2.235962228296436941e+19,2.157729117249942323e+19,2.076615945445651251e+19,1.991616219939497574e+19,1.901612836917660877e+19,1.805591606854680576e+19,1.703069294390149120e+19,1.594741560530960384e+19,1.483150806014020813e+19,1.372832186450418074e+19,1.269287328172054938e+19,1.177070628243505152e+19,1.098352852471486874e+19,1.032230862004944896e+19,9.752554888675459072e+18,9.230344040086503424e+18,8.715525757926899712e+18,8.179024556711739392e+18,7.604739188163870720e+18,6.985403529691136000e+18,6.317897717049720832e+18,5.601219545390907392e+18,4.837759902749294592e+18,4.037991362501541888e+18,3.226872288842350592e+18,2.446707491162030080e+18,1.749513490181128192e+18,1.178636882557272064e+18,7.516223691764531200e+17,4.576100736911278080e+17,2.685904184200396800e+17,1.532870391968563200e+17
6.973477456918138061e+19,6.972650624174050509e+19,6.970322738155723162e+19,6.966495997886411571e+19,6.961172602389371290e+19,6.954354750687857869e+19,6.946047720437684634e+19,6.936255030076060467e+19,6.924982397063449805e+19,6.912236418469619302e+19,6.898024131168986726e+19,6.882353011840620954e+19,6.865231416772893082e+19,6.846669021668127539e+19,6.826675942033299866e+19,6.805263172984687821e+19,6.782441709638569165e+19,6.758224306329826099e+19,6.732623717393340826e+19,6.705654016577948877e+19,6.677329277632485786e+19,6.647664893719740416e+19,6.616676258002501632e+19,6.584380083057511629e+19,6.550793521266163712e+19,6.515934604619153408e+19,6.479820925302525133e+19,6.442471834720927744e+19,6.403907124083661210e+19,6.364146584600025498e+19,6.323210887088622797e+19,6.281121581977357517e+19,6.237900219694134067e+19,6.193569230276159078e+19,6.148151043760639181e+19,6.101669849403385446e+19,6.054148077241604506e+19,6.005611235945060762e+19,5.956082635160263066e+19,5.905588223361626931e+19,5.854153069414265651e+19,5.801802681987943629e+19,5.748563449361727488e+19,5.694462199619334963e+19,5.639524881235181568e+19,5.583778762097636147e+19,5.527251549899718656e+19,5.469970512529797939e+19,5.411963797485545062e+19,5.353258672655328870e+19,5.293883725341471539e+19,5.233867542846295245e+19,5.173238712472122163e+19,5.112025381716623360e+19,5.050256137882121011e+19,4.987960887684890624e+19,4.925167338817952154e+19,4.861905397997581107e+19,4.798203652526099661e+19,4.734090689705829990e+19,4.669596416253047603e+19,4.604748979665423565e+19,4.539577846854582272e+19,4.474111605122845901e+19,4.408379281577187738e+19,4.342409023715278848e+19,4.276229858644092518e+19,4.209869494056648704e+19,4.143356957059920691e+19,4.076719955346928435e+19,4.009986636415343002e+19,3.943183828348882125e+19,3.876339678645216870e+19,3.809481455192716083e+19,3.742635106465795277e+19,3.675827900352823296e+19,3.609085785328215654e+19,3.542434709866387866e+19,3.475899962734778778e+19,3.409506612798501683e+19,3.343278849313367654e+19,3.277240201828211098e+19,3.211413100380238643e+19,3.145818655592703590e+19,3.080476218870254797e+19,3.015401623180332237e+19,2.950607622857818112e+19,2.886099275656200192e+19,2.821873283040595149e+19,2.757910733411005235e+19,2.694170505032551629e+19,2.630576291798266675e+19,2.566998351336072806e+19,2.503224477901809254e+19,2.438916241816446566e+19,2.373542578963768934e+19,2.306284573083408794e+19,2.235898236719700378e+19,2.160532871900771123e+19,2.077520623612985344e+19,1.983200338038174515e+19,1.872950767804796109e+19,1.741776721636700979e+19,1.585909623429686886e+19,1.405607418611630080e+19,1.208143926356082688e+19,1.008341113161279078e+19,8.243825374006345728e+18,6.706879642189430784e+18,5.531036618678337536e+18,4.693258786092089344e+18,4.125764825991086080e+18,3.751659293175185408e+18,3.504247186693029888e+18,3.332148603056553984e+18,3.197128575165661184e+18,3.069761697959903232e+18,2.925605553075912704e+18,2.743370846620876800e+18,2.506287277492142080e+18,2.207205546208002048e+18,1.855356052883636224e+18,1.478681786027343872e+18,1.115877308599631872e+18,8.009766973682483200e+17,5.516517498914078720e+17,3.683111408972595200e+17,2.407242582867312640e+17
7.774880696078486733e+19,7.773128514348462899e+19,7.770602276432484762e+19,7.767295825065436774e+19,7.763204762200807834e+19,7.758325569401389056e+19,7.752651209792762675e+19,7.746178164937719808e+19,7.738902036789749350e+19,7.730818427302340198e+19,7.721922058819679027e+19,7.712209412904556954e+19,7.701675211901160653e+19,7.690315937372281242e+19,7.678128070880709837e+19,7.665107214379935334e+19,7.651248969823446630e+19,7.636549818774034842e+19,7.621006242794491085e+19,7.604614723447606477e+19,7.587371742296172134e+19,7.569273780902979174e+19,7.550317320830818714e+19,7.530499723251784090e+19,7.509817469728666419e+19,7.488267921433559040e+19,7.465848439538555290e+19,7.442555505606446285e+19,7.418386480809325363e+19,7.393338726319285862e+19,7.367410482917723341e+19,7.340599111776731136e+19,7.312902413873053696e+19,7.284318190183435469e+19,7.254843801879969792e+19,7.224478369353354445e+19,7.193219693580333875e+19,7.161065575537652531e+19,7.128014695811357082e+19,7.094066174792145306e+19,7.059217813456761651e+19,7.023469172000555008e+19,6.986818491204920934e+19,6.949264891460557210e+19,6.910807493158161613e+19,6.871445416688431923e+19,6.831178222246717030e+19,6.790005030223714714e+19,6.747925840619424973e+19,6.704940213629196698e+19,6.661047709448378778e+19,6.616248328076971213e+19,6.570542069514974003e+19,6.523928933762387149e+19,6.476409800428512870e+19,6.427984669513351168e+19,6.378653541016902042e+19,6.328417734353118822e+19,6.277278129131303731e+19,6.225234725351456768e+19,6.172289282232182374e+19,6.118442679382782771e+19,6.063696236217211290e+19,6.008050832344770150e+19,5.951508226984063795e+19,5.894070179353696666e+19,5.835738448672273203e+19,5.776514354353746739e+19,5.716400535226023936e+19,5.655398310703058125e+19,5.593510319612755968e+19,5.530738760978373018e+19,5.467086273627815936e+19,5.402554616779689165e+19,5.337147748675852698e+19,5.270866988730259866e+19,5.203716295184770662e+19,5.135697867062640640e+19,5.066815222801078682e+19,4.997071001227991450e+19,4.926468280975936717e+19,4.855009700872821146e+19,4.782698339551202509e+19,4.709535956229685248e+19,4.635523870322222694e+19,4.560662081828814848e+19,4.484947512116903936e+19,4.408373564116723302e+19,4.330928363102692966e+19,4.252588599428304077e+19,4.173315570284258918e+19,4.093045064191495373e+19,4.011670648424444723e+19,3.929022558387778355e+19,3.844825476369901158e+19,3.758641796742958285e+19,3.669777067962846413e+19,3.577145192443648410e+19,3.479071613976261427e+19,3.373039110640055091e+19,3.255414456212206387e+19,3.121299986097949901e+19,2.964828486349147341e+19,2.780433789301345485e+19,2.565498617475786342e+19,2.323767027867372749e+19,2.067090436409576653e+19,1.812685985730579661e+19,1.576547391870337024e+19,1.367757060678929613e+19,1.187432205921340621e+19,1.031386327123650150e+19,8.934495697621745664e+18,7.676242078585585664e+18,6.489507842645557248e+18,5.336384577655013376e+18,4.189827596105547776e+18,3.034037465661833216e+18,1.867778335254249472e+18,7.104197514735124480e+17,0.000000000000000000e+00,0.000000000000000000e+00,0.000000000000000000e+00,0.000000000000000000e+00,0.000000000000000000e+00,0.000000000000000000e+00,0.000000000000000000e+00,0.000000000000000000e+00
8.078122484581898650e+19,8.080110401604917658e+19,8.081218709325715866e+19,8.081441250479177728e+19,8.080769228972281037e+19,8.079194728321305805e+19,8.076709832042532045e+19,8.073306623652239770e+19,8.068976307057406771e+19,8.063710965774313062e+19,8.057500924100634214e+19,8.050337385943348019e+19,8.042211555209432269e+19,8.033114635805864755e+19,8.023037831639623270e+19,8.011970587399081165e+19,7.999904986600518451e+19,7.986831353541610701e+19,7.972740892129335706e+19,7.957623047052066816e+19,7.941469022216781824e+19,7.924270901139760742e+19,7.906017248900074701e+19,7.886700149014003712e+19,7.866310805388525568e+19,7.844839542321315840e+19,7.822278443328654541e+19,7.798617832708217242e+19,7.773849793976283955e+19,7.747966410649134694e+19,7.720958886633747251e+19,7.692819305446401638e+19,7.663540630212680090e+19,7.633115824058164838e+19,7.601536970499135898e+19,7.568797912270477722e+19,7.534892492107074765e+19,7.499814552743811482e+19,7.463558816524874547e+19,7.426119126185148416e+19,7.387491963287424205e+19,7.347672929785190810e+19,7.306657627631937126e+19,7.264443417999756493e+19,7.221026782451440026e+19,7.176405961768383283e+19,7.130579196731981824e+19,7.083545607732933427e+19,7.035304315161935872e+19,6.985855758823640269e+19,6.935200378522697728e+19,6.883339493673061581e+19,6.830275303297987379e+19,6.776010886030032896e+19,6.720549320501755904e+19,6.663894564955016397e+19,6.606051897045627699e+19,6.547026594429403136e+19,6.486824814371458253e+19,6.425454033550861926e+19,6.362922168451334144e+19,6.299237575361246003e+19,6.234409490178270822e+19,6.168448468214035251e+19,6.101365504584817050e+19,6.033172034211545088e+19,5.963881251233752678e+19,5.893505909986322022e+19,5.822060524022739763e+19,5.749560486505794765e+19,5.676020750793624781e+19,5.601458909072274227e+19,5.525892113723136410e+19,5.449338396736906854e+19,5.371816669713583309e+19,5.293347163667116851e+19,5.213950109611458560e+19,5.133646618169861734e+19,5.052458679574881894e+19,4.970408284059074560e+19,4.887518301464297472e+19,4.803812041437059482e+19,4.719311494209916109e+19,4.634038210210771763e+19,4.548013739867530854e+19,4.461253916147633357e+19,4.373772372995263693e+19,4.285572628847630746e+19,4.196646767221014528e+19,4.106964881399139533e+19,4.016465398730850304e+19,3.925036169030113690e+19,3.832487196687649997e+19,3.738506660205821952e+19,3.642596920621898138e+19,3.543978424191785370e+19,3.441447645487720038e+19,3.333178295695966208e+19,3.216460078654056038e+19,3.087398084371755827e+19,2.940677493542721946e+19,2.769646920525886259e+19,2.567231887605812429e+19,2.328342315652874240e+19,2.053994153411136717e+19,1.755594614116450304e+19,1.455482145656851661e+19,1.180515068319839027e+19,9.515472693936259072e+18,7.765651065621446656e+18,6.515981333863333888e+18,5.662930735011463168e+18,5.091760832660897792e+18,4.704413331555876864e+18,4.426476033507590144e+18,4.203688314563198976e+18,3.995509806617067520e+18,3.769576659783516160e+18,3.498967881612263424e+18,3.163671260966158336e+18,2.756654321473945600e+18,2.291628797767712768e+18,1.804887781973950464e+18,1.344444198098567168e+18,9.507858438474956800e+17,6.432044753637867520e+17,4.197415875604643840e+17,2.659919116663521280e+17
8.102822793397560934e+19,8.103360234681217843e+19,8.102890523313831936e+19,8.101407502030287667e+19,8.098903254346865050e+19,8.095373382217052979e+19,8.090811728375735910e+19,8.085211255948496077e+19,8.078567566888822374e+19,8.070875383540901478e+19,8.062130307858222285e+19,8.052327062184971469e+19,8.041461248474637926e+19,8.029528468680710554e+19,8.016526083975282688e+19,8.002450575921145446e+19,7.987297546471787725e+19,7.971065236408605082e+19,7.953751006903690854e+19,7.935351339519836160e+19,7.915866234257040998e+19,7.895292172678096486e+19,7.873629154783002624e+19,7.850874541743852749e+19,7.827029213169949082e+19,7.802091409842687181e+19,7.776062011371369267e+19,7.748941017755995341e+19,7.720728428996565402e+19,7.691425124702381670e+19,7.661031984482746368e+19,7.629551647165566157e+19,7.596984992360143258e+19,7.563333779285082112e+19,7.528600646768289382e+19,7.492789113246973952e+19,7.455900937939740262e+19,7.417940518893099418e+19,7.378911374544260301e+19,7.338817023330431795e+19,7.297662742907427226e+19,7.255452051712455475e+19,7.212190667205980979e+19,7.167883427239165952e+19,7.122536489077125939e+19,7.076155570180325376e+19,7.028746388009228698e+19,6.980316419242904781e+19,6.930872260951120282e+19,6.880420950008292966e+19,6.828969963093491712e+19,6.776527656495087616e+19,6.723101506892149555e+19,6.668699870573048627e+19,6.613332423240109261e+19,6.557007081377051443e+19,6.499733960490850714e+19,6.441522736283831501e+19,6.382383084458318234e+19,6.322325120521286451e+19,6.261359399784362803e+19,6.199497357168476160e+19,6.136749108180602061e+19,6.073126527546320486e+19,6.008641489991211418e+19,5.943305430436203725e+19,5.877131103216179610e+19,5.810130383056719053e+19,5.742316024292704256e+19,5.673701221063668531e+19,5.604299167509145190e+19,5.534123057768667546e+19,5.463186965591071130e+19,5.391504524920540365e+19,5.319089809505910784e+19,5.245956893096017920e+19,5.172120729048999526e+19,5.097595830918342246e+19,5.022395832648230502e+19,4.946536567206104269e+19,4.870031228731496858e+19,4.792893890973243802e+19,4.715137308266227302e+19,4.636772915531376230e+19,4.557808629252410573e+19,4.478249287280492544e+19,4.398091810983064371e+19,4.317322126611290522e+19,4.235909447839593267e+19,4.153794840844723814e+19,4.070875391338322330e+19,3.986980015311106867e+19,3.901829876614273434e+19,3.814979013331596083e+19,3.725723738021298176e+19,3.632963439543975936e+19,3.535005529699830989e+19,3.429289905614749696e+19,3.312051619572901478e+19,3.177977831388872704e+19,3.020046620003034726e+19,2.829953374090795418e+19,2.599851758774019686e+19,2.326536697657740493e+19,2.018707086936270438e+19,1.705493167773581312e+19,1.440879751630684160e+19,1.292878009852965683e+19,1.291088884532248576e+19,1.346263147672187699e+19,1.277138500901352243e+19,9.813222641761255424e+18,5.022506993273798656e+18,0.000000000000000000e+00,0.000000000000000000e+00,0.000000000000000000e+00,0.000000000000000000e+00,0.000000000000000000e+00,0.000000000000000000e+00,0.000000000000000000e+00,0.000000000000000000e+00,0.000000000000000000e+00,0.000000000000000000e+00,0.000000000000000000e+00,0.000000000000000000e+00,0.000000000000000000e+00,0.000000000000000000e+00,0.000000000000000000e+00
8.757427156500978074e+19,8.759910293561147392e+19,8.761437295309802701e+19,8.761992328779504026e+19,8.761559561002811392e+19,8.760122279402982605e+19,8.757663771403275469e+19,8.754169963254854451e+19,8.749624142380977357e+19,8.744010475814204211e+19,8.737314010196397261e+19,8.729519792169418752e+19,8.720611988765828710e+19,8.710576526236791603e+19,8.699398451224169677e+19,8.687064569588429619e+19,8.673559927971433677e+19,8.658871332233648538e+19,8.642986467844843110e+19,8.625891261056181862e+19,8.607574276946735923e+19,8.588023200986274202e+19,8.567227477863170048e+19,8.545174793047192371e+19,8.521856350445318963e+19,8.497259835527318733e+19,8.471378211418773914e+19,8.444201802417360077e+19,8.415721812430055014e+19,8.385931204582440960e+19,8.354822942000100147e+19,8.322390867417917030e+19,8.288628823570776064e+19,8.253532412412166144e+19,8.217097235895576166e+19,8.179319775583797248e+19,8.140196513039620506e+19,8.099726568653743718e+19,8.057908183207562445e+19,8.014740477091774464e+19,7.970224329915681997e+19,7.924359741679285043e+19,7.877150230819792486e+19,7.828598436165110989e+19,7.778706996543147213e+19,7.727481189609714483e+19,7.674925413411323904e+19,7.621046704822393242e+19,7.565852980326642483e+19,7.509350397189187174e+19,7.451548631112351744e+19,7.392458237407762842e+19,7.332088451973093786e+19,7.270452029143226778e+19,7.207560403839090688e+19,7.143428089614172160e+19,7.078068280608004506e+19,7.011496369983376589e+19,6.943729070317030605e+19,6.874782214576406528e+19,6.804674274556850995e+19,6.733423722053710643e+19,6.661049908471634330e+19,6.587573064824573133e+19,6.513015181345082573e+19,6.437396928851764838e+19,6.360742496600431002e+19,6.283074754432938803e+19,6.204418331409750426e+19,6.124797856591328051e+19,6.044240158061389414e+19,5.962771624099001139e+19,5.880419522592532070e+19,5.797212001039653274e+19,5.713177206938035814e+19,5.628345486808606310e+19,5.542745867758338048e+19,5.456409575917459866e+19,5.369366518002247270e+19,5.281648359947580211e+19,5.193286327883687526e+19,5.104310768331495834e+19,5.014752907421233971e+19,4.924641332455224115e+19,4.834002871517184000e+19,4.742860394448971366e+19,4.651230174022677299e+19,4.559119686917370675e+19,4.466518817626075955e+19,4.373393701190657638e+19,4.279672209648333619e+19,4.185221521994468557e+19,4.089817777661647258e+19,3.993095938789448090e+19,3.894477662261660877e+19,3.793060908738858189e+19,3.687465791128181146e+19,3.575615331964760883e+19,3.454456407360589005e+19,3.319646606092926976e+19,3.165325751088054272e+19,2.984257516518925926e+19,2.768881440530628608e+19,2.513964287579599667e+19,2.221015907033101107e+19,1.902713448057064653e+19,1.583173928548617421e+19,1.290885254978784461e+19,1.047534304644982374e+19,8.609702161799970816e+18,7.264280360425357312e+18,6.325633880862752768e+18,5.670408513591967744e+18,5.194486005020753920e+18,4.820172664507203584e+18,4.493095443034537984e+18,4.176937746415222784e+18,3.849851728849534976e+18,3.503034425367592960e+18,3.139764579643424768e+18,2.774806983570620416e+18,2.432123019175395328e+18,2.137898655384862720e+18,1.910217285063147520e+18,1.752093356776751104e+18,1.653006605832159232e+18,1.596304653748797440e+18,1.566146149310529536e+18
9.256419837948513485e+19,9.254440717018516685e+19,9.250956584572420096e+19,9.245968320219525939e+19,9.239477683178438656e+19,9.231486432667762688e+19,9.221998966734009139e+19,9.211017044595782451e+19,9.198545943908895949e+19,9.184590942329162957e+19,9.169157317512396800e+19,9.152252106333015245e+19,9.133883225274738278e+19,9.114058590821285888e+19,9.092786119456378061e+19,9.070077246100943667e+19,9.045940766848004915e+19,9.020388116618490675e+19,8.993430730333329818e+19,8.965082681741357875e+19,8.935355405763503718e+19,8.904263855757905101e+19,8.871822105473397555e+19,8.838045987877421056e+19,8.802951335937415578e+19,8.766554862230123315e+19,8.728873279332286464e+19,8.689925938648553882e+19,8.649729552755667763e+19,8.608305232276881408e+19,8.565671449007541453e+19,8.521849313570901197e+19,8.476860816199516160e+19,8.430725308298035200e+19,8.383467418926920499e+19,8.335108258709425357e+19,8.285671577096709734e+19,8.235181123539933594e+19,8.183661527099559117e+19,8.131136537226746266e+19,8.077633421809863885e+19,8.023175930300071936e+19,7.967791330585739264e+19,7.911505131336630272e+19,7.854345480050416026e+19,7.796339644615465370e+19,7.737514013310844928e+19,7.677896733634225766e+19,7.617517712301883392e+19,7.556404217202186650e+19,7.494585275442108826e+19,7.432090793737925427e+19,7.368949359391958630e+19,7.305190439315832832e+19,7.240844380030474650e+19,7.175940648447508480e+19,7.110510030892512051e+19,7.044581554472458650e+19,6.978186445317577114e+19,6.911355049948794061e+19,6.844117275082384998e+19,6.776503907043927654e+19,6.708545732158999757e+19,6.640272657143876813e+19,6.571715468324136550e+19,6.502904072416054477e+19,6.433869255745208320e+19,6.364640925027873587e+19,6.295249426784976896e+19,6.225724667732793754e+19,6.156096114782948557e+19,6.086393234847065702e+19,6.016645934641420698e+19,5.946882801468335718e+19,5.877132862434784051e+19,5.807424704843087872e+19,5.737786036386267136e+19,5.668245004561992909e+19,5.598828437453982925e+19,5.529563602950606029e+19,5.460475569916975514e+19,5.391589847022855782e+19,5.322929743914755686e+19,5.254516371215928525e+19,5.186368200721720934e+19,5.118499745985619558e+19,5.050918483686693274e+19,4.983620895387733197e+19,4.916588949098043802e+19,4.849779543961816269e+19,4.783110876313944064e+19,4.716440889252118528e+19,4.649533847483344486e+19,4.582007560765807002e+19,4.513251140439113728e+19,4.442302293926635110e+19,4.367657768930875802e+19,4.287004192986995098e+19,4.196842480290758656e+19,4.092026916424174797e+19,3.965318756634617446e+19,3.807267918383677440e+19,3.607087532895895552e+19,3.355495303107261235e+19,3.050113864976197222e+19,2.701822446254895923e+19,2.337020101223933542e+19,1.990770035790761165e+19,1.693203266602952294e+19,1.459101737935490253e+19,1.287257086509449216e+19,1.166733789577294643e+19,1.083662827368585626e+19,1.025245664633683968e+19,9.810286945715093504e+18,9.426536496900341760e+18,9.030817314261434368e+18,8.558938259701366784e+18,7.950934168064491520e+18,7.158213772228689920e+18,6.161869870242725888e+18,4.995480447707250688e+18,3.752696407518085120e+18,2.560881878101917696e+18,1.530745310869979136e+18,7.186601100873564160e+17,1.244643383071211520e+17,0.000000000000000000e+00
8.572814756150876570e+19,8.565709272207536947e+19,8.557795427315456410e+19,8.549071462256030515e+19,8.539538256638561485e+19,8.529195810463049318e+19,8.518044123729494016e+19,8.506082316828593357e+19,8.493310389760347341e+19,8.479730101743360410e+19,8.465341452777632563e+19,8.450143563253861581e+19,8.434138192390651904e+19,8.417325340188003533e+19,8.399706765864520909e+19,8.381282469420204032e+19,8.362052450855052902e+19,8.342020228606276403e+19,8.321184043455270093e+19,8.299547413839242854e+19,8.277110339758194688e+19,8.253874580430730035e+19,8.229841015466151117e+19,8.205013163301666816e+19,8.179390144327974912e+19,8.152975476982284288e+19,8.125770040873897165e+19,8.097776474830720205e+19,8.068996538071357850e+19,8.039431989814414541e+19,8.009085468887796941e+19,7.977959614119411712e+19,7.946056184727863296e+19,7.913377819541058355e+19,7.879928036996205773e+19,7.845707716702607770e+19,7.810721256706775450e+19,7.774970416227313254e+19,7.738458713701430067e+19,7.701188787957032550e+19,7.663165037040631808e+19,7.624388340561530061e+19,7.584863976175540634e+19,7.544595462319872410e+19,7.503584558213129830e+19,7.461835661901824000e+19,7.419353171432466022e+19,7.376139725632962560e+19,7.332200162354475827e+19,7.287537120424912486e+19,7.242155437695434752e+19,7.196059512212553728e+19,7.149252422608827187e+19,7.101739006735417344e+19,7.053524102443486413e+19,7.004611228170243277e+19,6.955004781962199040e+19,6.904710041475167027e+19,6.853731404755658342e+19,6.802073709654835200e+19,6.749741354219208704e+19,6.696739176299941069e+19,6.643072453552845619e+19,6.588746023829084570e+19,6.533765164784471245e+19,6.478134714270167859e+19,6.421860389746638848e+19,6.364947029065046426e+19,6.307399909881203917e+19,6.249225189460226867e+19,6.190427705653277491e+19,6.131013615725471334e+19,6.070988197332621722e+19,6.010356728130541978e+19,5.949125805188998758e+19,5.887300266359154278e+19,5.824886708710775194e+19,5.761889970095023718e+19,5.698316207777015398e+19,5.634170259607912448e+19,5.569456963438877082e+19,5.504180277511769293e+19,5.438343280459146854e+19,5.371946851890311987e+19,5.304988352977358029e+19,5.237461186650518323e+19,5.169349519942352896e+19,5.100625645159841792e+19,5.031243382814618419e+19,4.961124007874134016e+19,4.890141296403519898e+19,4.818092498458614170e+19,4.744656556644106240e+19,4.669327695611219149e+19,4.591312947574000845e+19,4.509377341072133325e+19,4.421614762747704115e+19,4.325115904833617920e+19,4.215517025581557350e+19,4.086455031299257139e+19,3.929062140806378291e+19,3.731892877862423757e+19,3.482094171441017651e+19,3.168981187445758362e+19,2.790639896035013427e+19,2.361465323341951795e+19,1.914472065209152307e+19,1.492503801675697357e+19,1.131619566330314752e+19,8.488145653791195136e+18,6.417511821258784768e+18,4.967102052594352128e+18,3.969821366701522944e+18,3.277992707586260992e+18,2.780123672046731264e+18,2.399559058173460480e+18,2.086355611859025920e+18,1.809198692188553216e+18,1.549742397896785920e+18,1.299598279897513984e+18,1.059114196181975040e+18,8.360548291460464640e+17,6.420487512040407040e+17,4.867475097843138560e+17,3.729782241597849600e+17,2.962314191878225920e+17,2.478942595108044800e+17,2.189894044866314240e+17
1.003168636630267331e+20,1.003140928937247375e+20,1.002996585050752942e+20,1.002735165166132920e+20,1.002356141517805978e+20,1.001858810418330337e+20,1.001242820023985111e+20,1.000507642569188966e+20,9.996528382492907930e+19,9.986780552205697024e+19,9.975828536783745843e+19,9.963668817789845504e+19,9.950298756396089344e+19,9.935715713774570701e+19,9.919917930706685133e+19,9.902902768364525978e+19,9.884668467529488794e+19,9.865214148592271360e+19,9.844538931943571456e+19,9.822642817583389082e+19,9.799524046293119795e+19,9.775184377291368038e+19,9.749623810578133811e+19,9.722842346153417114e+19,9.694842622845124608e+19,9.665626399871860736e+19,9.635194556842927718e+19,9.603550612195534438e+19,9.570697204757587558e+19,9.536636093747691520e+19,9.501372556821659648e+19,9.464910112416700826e+19,9.427251399360721715e+19,9.388403454528140083e+19,9.348369796356164813e+19,9.307156582109911450e+19,9.264768209835891098e+19,9.221212596017823744e+19,9.176495018311522714e+19,9.130622513591405773e+19,9.083602118731890688e+19,9.035441750216697446e+19,8.986150204138848256e+19,8.935733637763458662e+19,8.884201726792853094e+19,8.831564146929355981e+19,8.777829694265989530e+19,8.723008044505078170e+19,8.667107993739644109e+19,8.610141856499918438e+19,8.552119308488225587e+19,8.493051784625494426e+19,8.432950719832653824e+19,8.371826669421330432e+19,8.309692827531057562e+19,8.246561508692066304e+19,8.182444147825285530e+19,8.117355698288852992e+19,8.051306715394395341e+19,7.984313032109352550e+19,7.916387842573257933e+19,7.847545220534947021e+19,7.777798360133953126e+19,7.707163973947018445e+19,7.635656135722978509e+19,7.563289798819971072e+19,7.490080796205436109e+19,7.416044081237511373e+19,7.341197246102241280e+19,7.265554804353112474e+19,7.189134787980820480e+19,7.111952590148154163e+19,7.034025803041157939e+19,6.955371579041225114e+19,6.876006630725097882e+19,6.795948990083471770e+19,6.715215809497740083e+19,6.633824681153947238e+19,6.551793197238137651e+19,6.469138949936355738e+19,6.385879091629994803e+19,6.302029455286494822e+19,6.217605873873295770e+19,6.132621541529930957e+19,6.047086573763375923e+19,5.961008007448048435e+19,5.874384962974646272e+19,5.787206885031542784e+19,5.699447385339671347e+19,5.611058525192060928e+19,5.521959820337558323e+19,5.432025046841294848e+19,5.341065528507944141e+19,5.248805507821259981e+19,5.154861475125474099e+19,5.058713581322974003e+19,4.959690244711514112e+19,4.856966391765611315e+19,4.749589405610960486e+19,4.636531902582567731e+19,4.516724717573583667e+19,4.388973341151592448e+19,4.251535267288894669e+19,4.100969464395202560e+19,3.930037627522541158e+19,3.725506034718998528e+19,3.468364349842653184e+19,3.139322081188826317e+19,2.730230308279418880e+19,2.255732986680128307e+19,1.751061547577455411e+19,1.258189407557097882e+19,8.112597011963838464e+18,4.291808399093399552e+18,1.185246459268694016e+18,0.000000000000000000e+00,0.000000000000000000e+00,0.000000000000000000e+00,0.000000000000000000e+00,0.000000000000000000e+00,0.000000000000000000e+00,0.000000000000000000e+00,0.000000000000000000e+00,0.000000000000000000e+00,0.000000000000000000e+00,0.000000000000000000e+00,0.000000000000000000e+00,0.000000000000000000e+00
9.669731536485325210e+19,9.667642464392550810e+19,9.664121388355760947e+19,9.659171826812164506e+19,9.652794659371063706e+19,9.644994284078969651e+19,9.635774219373091226e+19,9.625137983690637312e+19,9.613090854687421235e+19,9.599637230409954099e+19,9.584783268123351450e+19,9.568534245483426611e+19,9.550896319755295130e+19,9.531878287031979213e+19,9.511485424969292186e+19,9.489726529660256256e+19,9.466609517588591411e+19,9.442144064456622080e+19,9.416338086748068250e+19,9.389202139774556570e+19,9.360745019629109248e+19,9.330978161232655155e+19,9.299912999506123162e+19,9.267559210151837696e+19,9.233929987309332070e+19,9.199036765899535155e+19,9.162890980843375821e+19,9.125507585498991821e+19,9.086898894396614246e+19,9.047078101675776410e+19,9.006060160694616064e+19,8.963858265592666522e+19,8.920488249337367757e+19,8.875965065286857523e+19,8.830303666799273574e+19,8.783519886842055885e+19,8.735629558382644429e+19,8.686649393997781402e+19,8.636596106264208998e+19,8.585487287367971635e+19,8.533339649885811507e+19,8.480170786003773030e+19,8.425998287907900621e+19,8.370840627393540915e+19,8.314716276256040550e+19,8.257643706290746163e+19,8.199641389293004390e+19,8.140729556276766310e+19,8.080926679037378560e+19,8.020252108979489997e+19,7.958726956726353920e+19,7.896368814464014746e+19,7.833199672425027994e+19,7.769239761623344742e+19,7.704509313072916070e+19,7.639027678178390835e+19,7.572817726781626778e+19,7.505898810287272755e+19,7.438292039318582067e+19,7.370019843912761344e+19,7.301102455083761664e+19,7.231561423259487437e+19,7.161417859063191962e+19,7.090693752727430758e+19,7.019411094484759347e+19,6.947590555153779917e+19,6.875254124967047987e+19,6.802424233961770189e+19,6.729121992761199821e+19,6.655369391597892403e+19,6.581187980899752346e+19,6.506599750899335168e+19,6.431626691829196390e+19,6.356290354117240422e+19,6.280612727996022784e+19,6.204614484284145664e+19,6.128318053018815693e+19,6.051744544823286170e+19,5.974914630516159283e+19,5.897848980916037222e+19,5.820567827036871066e+19,5.743090520283309670e+19,5.665434213036746342e+19,5.587615178069272166e+19,5.509646169715769344e+19,5.431534224850655642e+19,5.353279783278582170e+19,5.274871849883271168e+19,5.196280957753098240e+19,5.117451251697372365e+19,5.038285534888198144e+19,4.958623718432571392e+19,4.878212035046801408e+19,4.796655979958842163e+19,4.713352580992021299e+19,4.627397599783655834e+19,4.537451831171114598e+19,4.441576176447651840e+19,4.337027574004291994e+19,4.220065925087992218e+19,4.085864813457466982e+19,3.928749439699438797e+19,3.743130766307596698e+19,3.525540053998632960e+19,3.277652958493278208e+19,3.008880199813667226e+19,2.735794496822942106e+19,2.476993648900282778e+19,2.245301040258115174e+19,2.043309099412409549e+19,1.866662880707870720e+19,1.708540244347636941e+19,1.562546540655725773e+19,1.423859201681548902e+19,1.289214766962704384e+19,1.156432685038986854e+19,1.023960995247790490e+19,8.906957879148281856e+18,7.562176543296847872e+18,6.214749232713170944e+18,4.896555187532988416e+18,3.664724207301820416e+18,2.589003537249730560e+18,1.724452596527136768e+18,1.087640819206193152e+18,6.548439741749002240e+17,3.797195704678481920e+17,2.135574906279034880e+17
9.246072114117187994e+19,9.245405370266104627e+19,9.243520367531445453e+19,9.240413587476001587e+19,9.236084150490470810e+19,9.230529417746946458e+19,9.223749389245428531e+19,9.215741426158010368e+19,9.206505528484691968e+19,9.196042575834775552e+19,9.184349929380354458e+19,9.171430227949335347e+19,9.157282591932416000e+19,9.141908780548200858e+19,9.125310553015294362e+19,9.107487909333696512e+19,9.088444367940616192e+19,9.068180808445355622e+19,9.046700749285123686e+19,9.024006829287827046e+19,9.000102566890674586e+19,8.974991480530875187e+19,8.948677968254939955e+19,8.921164668890775552e+19,8.892457739703497523e+19,8.862561578739616973e+19,8.831481463654947226e+19,8.799222672105301606e+19,8.765791361355795661e+19,8.731193688671544934e+19,8.695435811317664973e+19,8.658525645777875763e+19,8.620468469707990630e+19,8.581273079201031782e+19,8.540946511131416986e+19,8.499497561592168448e+19,8.456934147067006157e+19,8.413265063648952320e+19,8.368499107431029146e+19,8.322645954115561062e+19,8.275714399795570278e+19,8.227714999782683443e+19,8.178657429779224986e+19,8.128552245096821555e+19,8.077410001047099802e+19,8.025241252941686374e+19,7.972058315310812365e+19,7.917871743466104422e+19,7.862693851937793638e+19,7.806536075646808883e+19,7.749410729123381248e+19,7.691331006507044045e+19,7.632310101937330586e+19,7.572359450335169741e+19,7.511492245840094822e+19,7.449724321419545805e+19,7.387066232385149338e+19,7.323534691313647616e+19,7.259142452539922842e+19,7.193904029617461658e+19,7.127833936099750707e+19,7.060947125344927744e+19,6.993258550711130522e+19,6.924783165556496794e+19,6.855536802848466534e+19,6.785534415945177498e+19,6.714792277618720768e+19,6.643326220836536320e+19,6.571152078566064128e+19,6.498285683774744166e+19,6.424744188843969741e+19,6.350543866545831936e+19,6.275700989652421837e+19,6.200232710545132749e+19,6.124155741800706867e+19,6.047486795995886387e+19,5.970243465316715725e+19,5.892442022535285965e+19,5.814099620032990413e+19,5.735232970386571264e+19,5.655858346368119603e+19,5.575991141140424294e+19,5.495646747866274202e+19,5.414837041271249306e+19,5.333572576666976256e+19,5.251859511318570598e+19,5.169697845226032333e+19,5.087077023077734810e+19,5.003972415813215846e+19,4.920338723553411072e+19,4.836097661070422835e+19,4.751125203452638003e+19,4.665231794895427994e+19,4.578136840031384371e+19,4.489437037995438899e+19,4.398569878638821376e+19,4.304778018352319693e+19,4.207089049052328755e+19,4.104318137008757146e+19,3.995131354714787021e+19,3.878168386384533914e+19,3.752188103292564275e+19,3.616028981355295539e+19,3.467967206242700493e+19,3.304178456611048653e+19,3.116812879144996045e+19,2.893668093799484621e+19,2.619993052576271565e+19,2.282752385421095731e+19,1.894773214885917491e+19,1.506133677667096986e+19,1.178920336654912717e+19,9.540131441212391424e+18,8.379875094536650752e+18,8.122483820520800256e+18,8.445153099877711872e+18,8.983640568848449536e+18,9.415009216994738176e+18,9.515005401494454272e+18,9.162246886931824640e+18,8.337776993332363264e+18,7.132521484022448128e+18,5.732154887584612352e+18,4.356904710137970688e+18,3.180078998109552640e+18,2.280213393170235392e+18,1.650194604844122112e+18,1.237218724646223872e+18
8.614853043922613043e+19,8.613585526918112870e+19,8.611036419160276992e+19,8.607203081821198746e+19,8.602084635291575910e+19,8.595679320352804045e+19,8.587986257395580928e+19,8.579005446419906560e+19,8.568736887425780941e+19,8.557181460022506291e+19,8.544339164210082611e+19,8.530211759207114342e+19,8.514800124622903706e+19,8.498106899285357363e+19,8.480133842413079757e+19,8.460885352052581990e+19,8.440362307813166285e+19,8.418569987350645965e+19,8.395511029492927693e+19,8.371190711895824794e+19,8.345614312215150592e+19,8.318785348888113971e+19,8.290709979179830477e+19,8.261393480746113434e+19,8.230843770070682829e+19,8.199066124809351987e+19,8.166068461445840896e+19,8.131856937245265101e+19,8.096440348300646810e+19,8.059826611095706010e+19,8.022023642114162688e+19,7.983041117058341274e+19,7.942887832021263974e+19,7.901573462705255219e+19,7.859107684812639437e+19,7.815501053655043277e+19,7.770764124544093389e+19,7.724907452791416422e+19,7.677943352927243469e+19,7.629883259872503398e+19,7.580737728938822861e+19,7.530520833875037389e+19,7.479244889211378074e+19,7.426921329868773786e+19,7.373565109205362278e+19,7.319188981556025754e+19,7.263806580864948634e+19,7.207432860490268672e+19,7.150081454376170291e+19,7.091767755685442355e+19,7.032505838166920397e+19,6.972311974592695501e+19,6.911200678516254310e+19,6.849188662514339021e+19,6.786291319749738496e+19,6.722524922994543821e+19,6.657906624630148301e+19,6.592452697428643021e+19,6.526179853966770176e+19,6.459106126235225293e+19,6.391248226810750566e+19,6.322623747879390413e+19,6.253250721431840358e+19,6.183147179458795930e+19,6.112331153950952653e+19,6.040821556508308275e+19,5.968635979316907213e+19,5.895793773781398323e+19,5.822313851501779354e+19,5.748214684273396941e+19,5.673516063305551053e+19,5.598236460393588326e+19,5.522396106551459840e+19,5.446013913379163341e+19,5.369109672085998797e+19,5.291703173881266176e+19,5.213813770169614336e+19,5.135461252160343245e+19,5.056665411062752870e+19,4.977446038086143181e+19,4.897822044830511923e+19,4.817812342895856845e+19,4.737434964272873472e+19,4.656707940952257331e+19,4.575646226292146176e+19,4.494263014432073318e+19,4.412567101465060966e+19,4.330560686414364672e+19,4.248237172210217779e+19,4.165574128815413658e+19,4.082525816546236826e+19,3.999012190956185190e+19,3.914896912603414528e+19,3.829962717990276301e+19,3.743866119684253286e+19,3.656077812787734118e+19,3.565790096058954547e+19,3.471798564460848742e+19,3.372344878998277325e+19,3.264953379290139853e+19,3.146329928499619430e+19,3.012499572189980262e+19,2.859499010747740979e+19,2.685013552294107546e+19,2.490980536317221274e+19,2.286026731048612659e+19,2.085234797193461760e+19,1.905516103196265677e+19,1.758872588132338893e+19,1.648552759105945600e+19,1.570261593845504410e+19,1.516004653256618803e+19,1.477358358856571290e+19,1.446966538050889318e+19,1.418653014124029542e+19,1.386873499692931482e+19,1.346029941255936410e+19,1.290002457092843110e+19,1.212302169381168742e+19,1.107363020407622861e+19,9.732662524305735680e+18,8.150128841377972224e+18,6.456700064940163072e+18,4.828386016366690304e+18,3.418006167534698496e+18,2.303755174071500800e+18,1.486188014471217152e+18,9.184977228251791360e+17
8.224294199206346752e+19,8.222820853625126912e+19,8.220525952955632845e+19,8.217402460323446784e+19,8.213445977682057626e+19,8.208650347766349824e+19,8.203011172529812275e+19,8.196522294707329434e+19,8.189180195861692416e+19,8.180978718727785677e+19,8.171915224477702554e+19,8.161984435455629722e+19,8.151182833224358298e+19,8.139506899346679398e+19,8.126953115385384141e+19,8.113518842512565862e+19,8.099200562291015680e+19,8.083996515502129152e+19,8.067903183708697395e+19,8.050919687301418189e+19,8.033043387452384870e+19,8.014272524942992998e+19,7.994606220163940352e+19,7.974043593505924710e+19,7.952583765359643853e+19,7.930225856115795558e+19,7.906968986165077606e+19,7.882814914726094438e+19,7.857763641798846054e+19,7.831814287774030234e+19,7.804968611870251418e+19,7.777228373306114048e+19,7.748594451690920346e+19,7.719067726633972531e+19,7.688651716572479488e+19,7.657348180725045658e+19,7.625158878310275482e+19,7.592087327765377843e+19,7.558137047527561626e+19,7.523310676424733491e+19,7.487612612503404544e+19,7.451045494591481446e+19,7.413615479954079744e+19,7.375326087028408320e+19,7.336181713860978278e+19,7.296188517716905165e+19,7.255350896642700083e+19,7.213675447708129690e+19,7.171167448569007309e+19,7.127833056490448486e+19,7.083679308346870989e+19,7.038712361403390362e+19,6.992939692339075482e+19,6.946368338028344115e+19,6.899006214954916250e+19,6.850861239602511872e+19,6.801940888650199859e+19,6.752253958191002419e+19,6.701808804513290650e+19,6.650614223710086758e+19,6.598679891483715174e+19,6.546015043731849216e+19,6.492628916352162202e+19,6.438531624851629670e+19,6.383733284737227162e+19,6.328244011515930214e+19,6.272074800304016589e+19,6.215235766608461824e+19,6.157738785154845901e+19,6.099593971450144358e+19,6.040814079829239398e+19,5.981409665603757670e+19,5.921393483108581376e+19,5.860776527459988275e+19,5.799571992797511680e+19,5.737791753846731571e+19,5.675448564942530150e+19,5.612555180419789619e+19,5.549123914808741069e+19,5.485167522444266701e+19,5.420699197465899827e+19,5.355730374794569318e+19,5.290273808765157376e+19,5.224339175079988429e+19,5.157936589246038016e+19,5.091072648333072794e+19,5.023749111559697203e+19,4.955962020684051251e+19,4.887696862152648294e+19,4.818921530225957274e+19,4.749577970690031616e+19,4.679566787693720371e+19,4.608723054492857139e+19,4.536779369859566797e+19,4.463310442696225587e+19,4.387644691300587930e+19,4.308734500993708851e+19,4.224967547924617626e+19,4.133908633740115968e+19,4.031977748580165222e+19,3.914149244696526848e+19,3.773877069662073651e+19,3.603718629268389888e+19,3.397333479762742477e+19,3.153248495466237133e+19,2.879252176945387930e+19,2.593901201844495974e+19,2.321660363588553933e+19,2.083397293361122509e+19,1.889169883728445440e+19,1.737840799862751232e+19,1.621469038934753280e+19,1.530014410515415040e+19,1.454061136829113958e+19,1.385622915167499059e+19,1.317887831191846912e+19,1.244632319235457024e+19,1.159797850326958080e+19,1.057659487322846003e+19,9.340229232166436864e+18,7.885703991479238656e+18,6.273719339845681152e+18,4.631591027180830720e+18,3.114913967588245504e+18,1.846040990373117952e+18,8.747344112606248960e+17,1.832855131536752640e+17,0.000000000000000000e+00
9.378962607887404237e+19,9.378139293580525568e+19,9.375827680334289306e+19,9.372028647757997670e+19,9.366743955070255104e+19,9.359975361489666048e+19,9.351727265062741606e+19,9.342004943445295104e+19,9.330814553902442086e+19,9.318164892527204762e+19,9.304063875803303117e+19,9.288522059042363802e+19,9.271549997556013466e+19,9.253161765093087642e+19,9.233370555793119642e+19,9.212190443404944998e+19,9.189639899723910349e+19,9.165735637326757888e+19,9.140496128008834253e+19,9.113942482393392742e+19,9.086094931494384435e+19,9.056976345153667072e+19,9.026611352431702835e+19,8.995022823170349466e+19,8.962238904867278029e+19,8.928285106192252928e+19,8.893191333861549670e+19,8.856984855763537101e+19,8.819698217442397389e+19,8.781362205223708262e+19,8.742008485042349670e+19,8.701671361661108224e+19,8.660386019452072755e+19,8.618186763178029875e+19,8.575110536429672858e+19,8.531194282797694976e+19,8.486476705091393946e+19,8.440995626510765261e+19,8.394792388693013299e+19,8.347905694447435776e+19,8.300377765020539290e+19,8.252249942049528218e+19,8.203565326390211379e+19,8.154366139289095373e+19,8.104696361211291238e+19,8.054599972621910016e+19,8.004120953986062746e+19,7.953305924596767130e+19,7.902197985309831987e+19,7.850844635027577242e+19,7.799290733824416154e+19,7.747582900993366426e+19,7.695766876218143539e+19,7.643889278791765197e+19,7.591997607616551322e+19,7.540136722766915174e+19,7.488355002754478899e+19,7.436697307653655757e+19,7.385211136366765670e+19,7.333941788772873011e+19,7.282936323969646592e+19,7.232239602031499674e+19,7.181897362642147738e+19,7.131954905680655155e+19,7.082456651416784077e+19,7.033447020120296653e+19,6.984969552451652813e+19,6.937066909462010266e+19,6.889782631811828941e+19,6.843158061138313216e+19,6.797234539078667469e+19,6.752052527660793856e+19,6.707651169498641203e+19,6.664070047010809446e+19,6.621346543592642970e+19,6.579518042639486157e+19,6.538619728523427840e+19,6.498687225421207962e+19,6.459753518681659802e+19,6.421850714044314419e+19,6.385009158030098432e+19,6.349256998136682906e+19,6.314620622643134464e+19,6.281120702368055296e+19,6.248775709106792038e+19,6.217593999147715789e+19,6.187575572490826547e+19,6.158701077731475456e+19,6.130926974209202586e+19,6.104167939821692518e+19,6.078274001182916608e+19,6.052994029837090816e+19,6.027913729802869146e+19,6.002361959182657126e+19,5.975260756776583168e+19,5.944892245617410048e+19,5.908538872765926605e+19,5.861947727245895270e+19,5.798567918779026637e+19,5.708556179468818842e+19,5.577710777326265958e+19,5.386879539209463398e+19,5.113110819595563827e+19,4.734586789352282522e+19,4.240939933438994022e+19,3.646569456133052826e+19,2.997478923940606771e+19,2.360662679853675315e+19,1.798466551604366541e+19,1.346443907383794074e+19,1.009246890840240947e+19,7.710180154244333568e+18,6.083614329159024640e+18,4.987752530231427072e+18,4.239867194919354368e+18,3.702150208721780736e+18,3.272108121354403840e+18,2.871356199117258752e+18,2.438158788256071680e+18,1.926840801363492864e+18,1.315161317232869376e+18,6.154571312057548800e+17,0.000000000000000000e+00,0.000000000000000000e+00,0.000000000000000000e+00,0.000000000000000000e+00,0.000000000000000000e+00,0.000000000000000000e+00
1.021830691468974490e+20,1.022335851091239895e+20,1.022852181751643505e+20,1.023378803840883098e+20,1.023914661827796009e+20,1.024458436298428908e+20,1.025008807838828462e+20,1.025564369074111119e+20,1.026123360785672438e+20,1.026684199676768420e+20,1.027245038567864402e+20,1.027803766396635054e+20,1.028358360061685268e+20,1.028906532578829271e+20,1.029446084924811510e+20,1.029974378271725322e+20,1.030488949713524490e+20,1.030987072461372129e+20,1.031465931765501133e+20,1.031922624915214172e+20,1.032354249199813919e+20,1.032757550064882156e+20,1.033129448877861110e+20,1.033466603123402342e+20,1.033765582325227192e+20,1.034022956007056998e+20,1.034235293692613100e+20,1.034398813061895946e+20,1.034509907716766433e+20,1.034564883298155233e+20,1.034559781564202353e+20,1.034490820194908242e+20,1.034354040948412908e+20,1.034145485582856356e+20,1.033861107895448371e+20,1.033496949644328960e+20,1.033048876665777684e+20,1.032512754796074107e+20,1.031884537832428012e+20,1.031160003650188739e+20,1.030335106046566072e+20,1.029405710857839575e+20,1.028367595959358587e+20,1.027216627187402670e+20,1.025948758339181609e+20,1.024559943211905188e+20,1.023046047641852969e+20,1.021403113387164959e+20,1.019627094245050941e+20,1.017714031973650924e+20,1.015660144252965356e+20,1.013461560802064466e+20,1.011114411340018483e+20,1.008615177429618524e+20,1.005960252672725484e+20,1.003145942710270034e+20,1.000168905026903736e+20,9.970257091463479296e+19,9.937131884751146189e+19,9.902281764197158093e+19,9.865676823085239501e+19,9.827286275089812685e+19,9.787083731931811021e+19,9.745041046113563443e+19,9.701132708965305549e+19,9.655335850645179597e+19,9.607625842092723405e+19,9.557982452293985894e+19,9.506385450235015987e+19,9.452816364120467046e+19,9.397257601764294656e+19,9.339694209808361062e+19,9.280112994113132954e+19,9.218500760539077018e+19,9.154847833383868826e+19,9.089144536945183949e+19,9.021383834348604621e+19,8.951559568329015296e+19,8.879667340839904870e+19,8.805703633444064461e+19,8.729667566532191846e+19,8.651556501276380365e+19,8.571368678458025574e+19,8.489101459249220813e+19,8.404746927166246093e+19,8.318292767678870323e+19,8.229715231335933542e+19,8.138972096890929152e+19,8.045989477162470605e+19,7.950645986066851430e+19,7.852743711511071949e+19,7.751958077662612685e+19,7.647771874251767808e+19,7.539363546190263091e+19,7.425435669757322854e+19,7.303955028050863718e+19,7.171767781917773005e+19,7.024038279219091866e+19,6.853483354932432077e+19,6.649439065682319770e+19,6.396985918289136845e+19,6.076784382829605683e+19,5.666992001110979379e+19,5.149253965823816499e+19,4.519858325712745267e+19,3.802610387128418304e+19,3.052994145636319232e+19,2.343539765371994112e+19,1.735717093153701888e+19,1.258958296038401638e+19,9.100765495241474048e+18,6.665930530636169216e+18,5.008666890659168256e+18,3.884156216758239232e+18,3.106976868025237504e+18,2.548391700888289280e+18,2.123429769558097920e+18,1.777856288605077504e+18,1.478468343332601856e+18,1.207134986998644736e+18,9.575495583452364800e+17,7.326438364083650560e+17,5.404294470235586560e+17,3.880363107800842240e+17,2.768709607479050240e+17,2.019249324839403520e+17,1.546394384990208000e+17,1.262903608328847360e+17
1.100154358293132739e+20,1.100870888030721802e+20,1.101494531025996349e+20,1.102021592919887053e+20,1.102448203431464141e+20,1.102770404318867620e+20,1.102984149379307274e+20,1.103085568331853332e+20,1.103070439051855135e+20,1.102934715336522465e+20,1.102674350983065108e+20,1.102285123866832404e+20,1.101762899824103916e+20,1.101103544691159204e+20,1.100302836343347610e+20,1.099356728577878917e+20,1.098261087231032689e+20,1.097011690178158264e+20,1.095604491216465428e+20,1.094035532104094188e+20,1.092300854599184548e+20,1.090396412498946294e+20,1.088318335522449654e+20,1.086062929310625300e+20,1.083626411543473684e+20,1.081005175822855700e+20,1.078195527789702021e+20,1.075194212889594429e+20,1.071997712685324042e+20,1.068602948544333087e+20,1.065006665912203346e+20,1.061205962078237491e+20,1.057198022292668416e+20,1.052980031805729014e+20,1.048549527711373066e+20,1.043904047103554355e+20,1.039041302998087107e+20,1.033959360254506435e+20,1.028656195771417231e+20,1.023130050330215055e+20,1.017379428595086131e+20,1.011403011152077128e+20,1.005199566548164936e+20,9.987682151740473344e+19,9.921080774204221030e+19,9.852186255217079091e+19,9.780995076341838643e+19,9.707507237578499686e+19,9.631721859317760000e+19,9.553642459996828467e+19,9.473274317271518413e+19,9.390626227234852045e+19,9.305706106370549350e+19,9.218527148818143642e+19,9.129103428326470451e+19,9.037451657472271974e+19,8.943591187660197069e+19,8.847543129513499034e+19,8.749331232483337830e+19,8.648982764458082304e+19,8.546524113716799078e+19,8.441987825803670323e+19,8.335405566653575987e+19,8.226814279857209344e+19,8.116249149786659226e+19,8.003752397688432230e+19,7.889365365199732736e+19,7.773131153176369562e+19,7.655098140129964851e+19,7.535312945353536307e+19,7.413827465795914957e+19,7.290694038210582938e+19,7.165967638178929050e+19,7.039704120891644314e+19,6.911962859976628634e+19,6.782803668866433024e+19,6.652288560016864051e+19,6.520482184711634944e+19,6.387449634039110042e+19,6.253257758306258125e+19,6.117975606843303526e+19,5.981673548394423910e+19,5.844423271117750272e+19,5.706297782585366938e+19,5.567371409783311565e+19,5.427720678720877363e+19,5.287422115407357542e+19,5.146554884679951974e+19,5.005199910594464973e+19,4.863439436620654182e+19,4.721358345056183910e+19,4.579043277417322906e+19,4.436584393657548800e+19,4.294072293534990336e+19,4.151597137003125146e+19,4.009243806359617536e+19,3.867076952888180736e+19,3.725117247407416934e+19,3.583290802735939584e+19,3.441343191883081318e+19,3.298693432904725299e+19,3.154223762280074445e+19,3.006039501572145152e+19,2.851349430562665267e+19,2.686756058321806950e+19,2.509257718105741722e+19,2.317760395844832461e+19,2.114081144455141786e+19,1.902390411540824064e+19,1.687395536233876685e+19,1.472695220092010496e+19,1.260237797719644570e+19,1.050682206435305062e+19,8.440665992924758016e+18,6.404480409446383616e+18,4.404867881242722304e+18,2.460882944823132160e+18,6.117842813326458880e+17,0.000000000000000000e+00,0.000000000000000000e+00,0.000000000000000000e+00,0.000000000000000000e+00,0.000000000000000000e+00,0.000000000000000000e+00,0.000000000000000000e+00,0.000000000000000000e+00,0.000000000000000000e+00,0.000000000000000000e+00
1.107927817540578836e+20,1.107890346184304230e+20,1.107621449620615332e+20,1.107120776005791252e+20,1.106388325339831992e+20,1.105423833739946885e+20,1.104227565088926597e+20,1.102799695308631572e+20,1.101140488281852477e+20,1.099250559735100867e+20,1.097130349473027850e+20,1.094780737104935649e+20,1.092202514279196262e+20,1.089396648566042132e+20,1.086364371418496369e+20,1.083106826328651858e+20,1.079625508632322376e+20,1.075921825704391475e+20,1.071997448802533376e+20,1.067854137145352520e+20,1.063493825873313792e+20,1.058918450126882079e+20,1.054130296890243154e+20,1.049131565186652570e+20,1.043924629961226322e+20,1.038511954120010629e+20,1.032896264451842376e+20,1.027080287745558446e+20,1.021066838750925947e+20,1.014858996100502651e+20,1.008459838426846331e+20,1.001872444362514760e+20,9.951003323447168205e+19,9.881467569278707302e+19,9.810152365491853722e+19,9.737095535286602957e+19,9.662333142644346061e+19,9.585903890374380749e+19,9.507847360895306957e+19,9.428203136625724621e+19,9.347011679593535898e+19,9.264315211045247386e+19,9.180157711445970125e+19,9.094580522432908493e+19,9.007629383689777971e+19,8.919349155290991821e+19,8.829784697310963302e+19,8.738982629042710118e+19,8.646990449388552192e+19,8.553855657250809446e+19,8.459625751531801805e+19,8.364349990352453632e+19,8.268076752224387072e+19,8.170857054487130931e+19,8.072739275652307354e+19,7.973775312668747366e+19,7.874014423657375334e+19,7.773508505567022285e+19,7.672307696127914803e+19,7.570465651507488358e+19,7.468031629826667315e+19,7.365059287252887142e+19,7.261599201321025536e+19,7.157704148589215744e+19,7.053426026006288794e+19,6.948816290716424602e+19,6.843927279473105306e+19,6.738810449420510822e+19,6.633517697507472179e+19,6.528100480878169293e+19,6.422609816872130970e+19,6.317097162633537126e+19,6.211612216087963238e+19,6.106206434379589222e+19,6.000929075629339443e+19,5.895829397958138266e+19,5.790957099291561165e+19,5.686359678531928064e+19,5.582085514190861107e+19,5.478180785756726886e+19,5.374691672717891994e+19,5.271662595344118579e+19,5.169136654491215462e+19,5.067153872382433690e+19,4.965752072217768755e+19,4.864963359736751718e+19,4.764813683413798093e+19,4.665318876216347853e+19,4.566478058535098778e+19,4.468266601309588685e+19,4.370623371693313229e+19,4.273429622430472602e+19,4.176479085139696026e+19,4.079428272388466278e+19,3.981727868167546470e+19,3.882507499072389120e+19,3.780419603651991962e+19,3.673404576725204992e+19,3.558383126027278746e+19,3.430888595521536000e+19,3.284747667222665626e+19,3.112089377192070349e+19,2.904263427649385267e+19,2.654457244548910285e+19,2.362381436430214758e+19,2.039413969519850291e+19,1.709796766235859354e+19,1.403932312646713344e+19,1.146501676114588467e+19,9.481393331033341952e+18,8.057874868005240832e+18,7.086462941934911488e+18,6.441222789511774208e+18,6.011378064481583104e+18,5.710712761575538688e+18,5.474522270766465024e+18,5.252674359385915392e+18,5.003350751938871296e+18,4.690068003348283392e+18,4.284062064797810688e+18,3.773004937038921728e+18,3.172511884209291264e+18,2.530098301303259136e+18,1.911601295324610560e+18,1.374918399812960256e+18,9.500798199435100160e+17,6.377236160577536000e+17,4.203827746381496320e+17
9.716149398972819046e+19,9.718000976553993830e+19,9.718115325763282534e+19,9.716471335977431859e+19,9.713052294619699610e+19,9.707838850285436928e+19,9.700814290397901619e+19,9.691965420817560371e+19,9.681277288186275430e+19,9.668736698364513485e+19,9.654333096040647885e+19,9.638057685121656422e+19,9.619899910295912448e+19,9.599854493907602637e+19,9.577915278691611443e+19,9.554078746210729984e+19,9.528341378027749376e+19,9.500702294533367398e+19,9.471163254946188493e+19,9.439726018484817101e+19,9.406394103586462106e+19,9.371171908297634611e+19,9.334068228711356826e+19,9.295090981311348736e+19,9.254249841799934771e+19,9.211557124707346022e+19,9.167026903782418022e+19,9.120674132383288525e+19,9.072515523086699725e+19,9.022569547687998259e+19,8.970856437201135206e+19,8.917399061467968307e+19,8.862219410721053082e+19,8.805343873239456154e+19,8.746798837302244147e+19,8.686612450407088128e+19,8.624815498879565824e+19,8.561438769045254963e+19,8.496515686057639936e+19,8.430080554679507354e+19,8.362170318501550490e+19,8.292822800723764838e+19,8.222076704155448115e+19,8.149972490824502477e+19,8.076552381977434522e+19,8.001860358079355290e+19,7.925939519986073600e+19,7.848837366599909376e+19,7.770601396823182541e+19,7.691278229948910797e+19,7.610918883316622950e+19,7.529574374265847808e+19,7.447294840526811955e+19,7.364134817876253082e+19,7.280147522676955546e+19,7.195387930510308147e+19,7.109911456762350797e+19,7.023774396428425626e+19,6.937033924113176986e+19,6.849748094030551450e+19,6.761975840003797811e+19,6.673775656051513754e+19,6.585207795410901402e+19,6.496331631709860659e+19,6.407208737599546982e+19,6.317899366317162496e+19,6.228464650709211546e+19,6.138966603231500698e+19,6.049465916925883187e+19,5.960024604248165581e+19,5.870704677654154445e+19,5.781567269990354125e+19,5.692673953907920077e+19,5.604086302058007757e+19,5.515865007482470400e+19,5.428070763223161242e+19,5.340764262321933517e+19,5.254004878406687130e+19,5.167851545300670874e+19,5.082362757022482432e+19,4.997595688176766157e+19,4.913605754149561958e+19,4.830447490717607526e+19,4.748171475415780557e+19,4.666826526560354304e+19,4.586455745007137587e+19,4.507094315128219238e+19,4.428767305788712550e+19,4.351483952886290842e+19,4.275227543844211917e+19,4.199945741908993638e+19,4.125528156113207296e+19,4.051779513191759872e+19,3.978375237312131891e+19,3.904797678399966413e+19,3.830242433748382515e+19,3.753487726036595507e+19,3.672718921274123878e+19,3.585311265303140762e+19,3.487608662058965402e+19,3.374803826802635571e+19,3.241159507860416102e+19,3.080985072851589530e+19,2.890821678097498112e+19,2.672744541844406272e+19,2.437133933467821670e+19,2.201657465509825741e+19,1.984678081665905459e+19,1.796715799239458816e+19,1.636648676565503181e+19,1.494963739040520602e+19,1.360495995840259686e+19,1.226015608256279347e+19,1.089437902242316288e+19,9.520880092121661440e+18,8.164700119225073664e+18,6.843611609684770816e+18,5.562695956488519680e+18,4.320475416008589312e+18,3.118318055587840000e+18,1.970692073858269184e+18,9.109736960368312320e+17,0.000000000000000000e+00,0.000000000000000000e+00,0.000000000000000000e+00,0.000000000000000000e+00,0.000000000000000000e+00,0.000000000000000000e+00
7.938517933007831040e+19,7.936789500728967168e+19,7.934349464524606669e+19,7.931216296190096179e+19,7.927407587911480115e+19,7.922940052265500672e+19,7.917829522219597824e+19,7.912091830741211546e+19,7.905738412751270707e+19,7.898784221607913062e+19,7.891240692232067482e+19,7.883117500326058394e+19,7.874425201201512448e+19,7.865170831732847411e+19,7.855361428794481050e+19,7.845004029260831130e+19,7.834101271959804314e+19,7.822656675328609485e+19,7.810671998585851085e+19,7.798147241731529114e+19,7.785080645547039130e+19,7.771470450813776691e+19,7.757311379875928474e+19,7.742597275468378931e+19,7.727321980326012518e+19,7.711476698355807027e+19,7.695050874246135808e+19,7.678031313857465549e+19,7.660406582268867379e+19,7.642160846512901325e+19,7.623277394012825190e+19,7.603737752973292339e+19,7.583524331208258355e+19,7.562614258875865498e+19,7.540986425352860467e+19,7.518615321969478861e+19,7.495477199274560717e+19,7.471544789379737190e+19,7.446789065178034995e+19,7.421182758781085286e+19,7.394692445035403674e+19,7.367287777420063539e+19,7.338935330781580493e+19,7.309600360552516813e+19,7.279247242556132557e+19,7.247839912811036672e+19,7.215340108312582554e+19,7.181709566056123597e+19,7.146908263818408755e+19,7.110896619180838093e+19,7.073633290506207232e+19,7.035076056548009574e+19,6.995182696059738522e+19,6.953909668380934144e+19,6.911213872655787622e+19,6.867050888614536806e+19,6.821376295987419546e+19,6.774146114309324800e+19,6.725314603896537088e+19,6.674836904674643149e+19,6.622668156569229722e+19,6.568763499505883546e+19,6.513077193800889139e+19,6.455565698793786573e+19,6.396183714605511475e+19,6.334887700575603917e+19,6.271633676238952858e+19,6.206378540739749478e+19,6.139080512636138291e+19,6.069697370681612698e+19,5.998188213043619430e+19,5.924513457303558554e+19,5.848633521042830131e+19,5.770511020866089779e+19,5.690108133573342003e+19,5.607390114597149082e+19,5.522321779565422182e+19,5.434870582933979136e+19,5.345003979158637773e+19,5.252691181913820365e+19,5.157903603897204736e+19,5.060611778197166490e+19,4.960788436925336781e+19,4.858405432584044544e+19,4.753435057480269824e+19,4.645845645679132672e+19,4.535602892417846477e+19,4.422663257035951309e+19,4.306970884342756147e+19,4.188447928915014451e+19,4.066982680371344179e+19,3.942409772162927821e+19,3.814480714661888000e+19,3.682822553524083098e+19,3.546871019382138470e+19,3.405779708184992154e+19,3.258289239314189517e+19,3.102555291965299098e+19,2.935942116864216269e+19,2.754826603295093555e+19,2.554541984104998502e+19,2.329740674541079757e+19,2.075647495603906150e+19,1.790707737851802419e+19,1.480465138912015155e+19,1.160690873671037747e+19,8.559759594887315456e+18,5.918069659457814528e+18,3.844203812495556608e+18,2.360831234986213376e+18,1.381895075969105920e+18,7.776917211515453440e+17,4.254012549449646080e+17,2.307697095055769600e+17,1.298141152112803840e+17,8.242935594221568000e+16,6.489144969448652800e+16,6.384187135649382400e+16,7.210487303792230400e+16,8.592682512075980800e+16,1.031517141519564800e+17,1.220571122169282560e+17,1.408353019405271040e+17,1.577287397555568640e+17,1.715112554486824960e+17,1.817865695673712640e+17,1.888639025770659840e+17,1.934029442745630720e+17
6.634172566632975565e+19,6.634371358335277466e+19,6.633402908493532365e+19,6.631259740428671386e+19,6.627934817266276762e+19,6.623422421545884058e+19,6.617716835807028838e+19,6.610812782393897779e+19,6.602705863259979776e+19,6.593392559968065946e+19,6.582869793885598515e+19,6.571134046575368602e+19,6.558183998623422874e+19,6.544018770420459110e+19,6.528636602747872870e+19,6.512037935410315264e+19,6.494223208212437402e+19,6.475194180372843725e+19,6.454952171305487565e+19,6.433499819838275584e+19,6.410840204603765555e+19,6.386977723648468582e+19,6.361916775018895770e+19,6.335662196566209331e+19,6.308220145555524813e+19,6.279597219056608870e+19,6.249800453943879270e+19,6.218838206505707110e+19,6.186718393225812378e+19,6.153451129611170611e+19,6.119045651559455130e+19,6.083512514382292582e+19,6.046863153000611840e+19,6.009109442139992883e+19,5.970264136135317914e+19,5.930339549516818022e+19,5.889350635642630963e+19,5.847311028456941158e+19,5.804235681317886362e+19,5.760140866997557658e+19,5.715042418463395021e+19,5.668957048292140646e+19,5.621902348669838950e+19,5.573896351587185459e+19,5.524957528839526810e+19,5.475104792026860749e+19,5.424358372163138355e+19,5.372737620653008486e+19,5.320263208315073331e+19,5.266956685577237299e+19,5.212839602867404800e+19,5.157933950418131354e+19,5.102262158266623590e+19,5.045847536059390362e+19,4.988712953638289408e+19,4.930882160454480691e+19,4.872379785568426394e+19,4.813230018235937587e+19,4.753457487517476454e+19,4.693087702082807398e+19,4.632146170601694822e+19,4.570658841548554240e+19,4.508651223593150054e+19,4.446149705014548890e+19,4.383181113896468480e+19,4.319772278322626560e+19,4.255949586572089754e+19,4.191740746337878016e+19,4.127172145899057971e+19,4.062272372557951795e+19,3.997067814593626112e+19,3.931586619503751987e+19,3.865856494981349376e+19,3.799904708914787123e+19,3.733758968997085184e+19,3.667447202823589069e+19,3.600996898184993178e+19,3.534435542871991910e+19,3.467790404772954112e+19,3.401088751776248627e+19,3.334357411965593190e+19,3.267622553717728870e+19,3.200909685702420070e+19,3.134243436980128973e+19,3.067647117197364429e+19,3.001140737465751962e+19,2.934741889971335987e+19,2.868462009635045376e+19,2.802304614894089011e+19,2.736260469850793574e+19,2.670301427007488000e+19,2.604368992345574605e+19,2.538360251576693555e+19,2.472102581375284019e+19,2.405319344615797555e+19,2.337575794400611533e+19,2.268204087367014810e+19,2.196196191254662349e+19,2.120068205170707661e+19,2.037708626985169715e+19,1.946271260898387558e+19,1.842255701692173517e+19,1.722048294450678989e+19,1.583266067623025050e+19,1.426975987292805530e+19,1.259889912240616243e+19,1.094413522211491021e+19,9.449566867455737856e+18,8.222327172904255488e+18,7.297755541688811520e+18,6.647013433080283136e+18,6.208527096411586560e+18,5.916191693597573120e+18,5.713426356272889856e+18,5.555760237140508672e+18,5.407835241274408960e+18,5.239011278143356928e+18,5.019923140948525056e+18,4.721826297204965376e+18,4.320735175630651392e+18,3.807445214633656320e+18,3.199983457107181568e+18,2.548080813975535616e+18,1.919597356198658048e+18,1.373947256167727104e+18,9.419366306697707520e+17,6.243156215128391680e+17,4.033423029127086080e+17
9.821045447090556109e+19,9.810381943519733350e+19,9.795692468172645990e+19,9.777025399560916173e+19,9.754429995805468262e+19,9.727959913073737728e+19,9.697672325970368922e+19,9.663627047927912858e+19,9.625886531206827213e+19,9.584516746504778547e+19,9.539584544128735642e+19,9.491161172432178381e+19,9.439321398205795533e+19,9.384139988240275866e+19,9.325695227763517030e+19,9.264068040831323341e+19,9.199340231108801331e+19,9.131598879916870861e+19,9.060928429748545126e+19,8.987418600752650650e+19,8.911159992687316173e+19,8.832244084919972659e+19,8.750764116036655514e+19,8.666816843060609024e+19,8.580497263796473037e+19,8.491903014876794061e+19,8.401132612543420826e+19,8.308285452647504282e+19,8.213462690258799821e+19,8.116764600837760614e+19,8.018292339454142054e+19,7.918149700005606195e+19,7.816438717171210650e+19,7.713260546020710810e+19,7.608719860061070950e+19,7.502918693971348685e+19,7.395960841649206067e+19,7.287947018359747379e+19,7.178980578195983565e+19,7.069163555836972237e+19,6.958596226743166566e+19,6.847380185788973056e+19,6.735614389020891546e+19,6.623397792485421875e+19,6.510828472619761664e+19,6.398003186447155200e+19,6.285017811381544550e+19,6.171966025813616230e+19,6.058941068329405645e+19,5.946034858100994867e+19,5.833336675472559309e+19,5.720935360983623270e+19,5.608916676541153280e+19,5.497365944247464755e+19,5.386365847376966451e+19,5.275997309985462682e+19,5.166339057105502208e+19,5.057468054551029350e+19,4.949458629308081766e+19,4.842383349144092672e+19,4.736312142998588621e+19,4.631313180592491725e+19,4.527451113209515213e+19,4.424789272719418982e+19,4.323387912359405158e+19,4.223305526148071424e+19,4.124597089666806579e+19,4.027315819278394982e+19,3.931511412908412109e+19,3.837231809263828992e+19,3.744522308223710003e+19,3.653424471327585075e+19,3.563978540701030810e+19,3.476221459934740480e+19,3.390187093986849587e+19,3.305907548596889190e+19,3.223411191164855910e+19,3.142724190067490816e+19,3.063870074853628314e+19,2.986869516341870592e+19,2.911740326620587622e+19,2.838497019243266048e+19,2.767151468935485850e+19,2.697712471790269235e+19,2.630184425854127309e+19,2.564568210736362291e+19,2.500859208488137523e+19,2.439045984188524134e+19,2.379108306823571046e+19,2.321012971142119424e+19,2.264709399609291571e+19,2.210119526899515392e+19,2.157124605756991078e+19,2.105545635688716698e+19,2.055109498006352691e+19,2.005402776337855283e+19,1.955798968957717709e+19,1.905355794400935936e+19,1.852675993290932224e+19,1.795738333402365952e+19,1.731742468570454426e+19,1.657088817628184576e+19,1.567746021192315699e+19,1.460367495721385984e+19,1.334346970503839744e+19,1.194156159329841971e+19,1.050038332426079437e+19,9.152325443758587904e+18,8.007799260185624576e+18,7.117141515373117440e+18,6.470145442880421888e+18,6.020954810759512064e+18,5.713916738458877952e+18,5.498249731693871104e+18,5.332238319306670080e+18,5.181708030638555136e+18,5.016628454355894272e+18,4.808216025310953472e+18,4.528414780175679488e+18,4.153766638371471360e+18,3.674767971143647232e+18,3.107554661385633792e+18,2.498176729969852416e+18,1.909977591528292352e+18,1.398687917060128768e+18,9.934096490488135680e+17,6.951040355349299200e+17,4.873350956701450240e+17
7.497055218362744832e+19,7.487442847908075930e+19,7.475011329639789363e+19,7.459798486757880627e+19,7.441848299727460762e+19,7.421203869404338586e+19,7.397913574300136243e+19,7.372026232731126989e+19,7.343594621255444070e+19,7.312673275649825178e+19,7.279318490909612442e+19,7.243589640662705766e+19,7.205546978146307277e+19,7.165254714839479091e+19,7.122776622416632218e+19,7.078179990989386547e+19,7.031533869887966413e+19,6.982907748247247258e+19,6.932373754030011187e+19,6.880005334612993638e+19,6.825876816982232269e+19,6.770064727147020288e+19,6.712646030921302016e+19,6.653699013532975104e+19,6.593302839819239424e+19,6.531538433835899290e+19,6.468485840029456794e+19,6.404227301869669581e+19,6.338845502630946406e+19,6.272422245978393805e+19,6.205041534600373862e+19,6.136786491575946445e+19,6.067740679788822528e+19,5.997987662122713088e+19,5.927611881070631322e+19,5.856696019906985984e+19,5.785323641515488051e+19,5.713577868975197389e+19,5.641540945755871642e+19,5.569295115327268454e+19,5.496921301745192141e+19,5.424500868870098125e+19,5.352112981539186278e+19,5.279836804589656474e+19,5.207750183444755251e+19,5.135930083918426931e+19,5.064451712606011392e+19,4.993389396493546291e+19,4.922816582957767066e+19,4.852804520352153600e+19,4.783422697811581338e+19,4.714740604470925722e+19,4.646824650832504422e+19,4.579739488180030669e+19,4.513548448383264358e+19,4.448313104093360947e+19,4.384093268742871450e+19,4.320946116936440218e+19,4.258927064060107162e+19,4.198089326476656640e+19,4.138484801134919680e+19,4.080161866546518426e+19,4.023167581809121690e+19,3.967546806997142733e+19,3.913341763357088154e+19,3.860592033307557888e+19,3.809335440048547430e+19,3.759607607756796723e+19,3.711441081976487936e+19,3.664865989326222131e+19,3.619910697205995930e+19,3.576600714285573734e+19,3.534959130309138842e+19,3.495006616095293440e+19,3.456761203634733056e+19,3.420238505992572109e+19,3.385451937210669466e+19,3.352412052600651776e+19,3.321127208450890138e+19,3.291602462514872320e+19,3.263841333229807206e+19,3.237843160888718131e+19,3.213605306663698432e+19,3.191120733680330342e+19,3.170378886626987213e+19,3.151363492731577958e+19,3.134050582640617062e+19,3.118406731200620134e+19,3.104383120095313920e+19,3.091909160678195200e+19,3.080879299832997478e+19,3.071134768080669901e+19,3.062432573351473971e+19,3.054398441887314739e+19,3.046448972818494259e+19,3.037674430224190669e+19,3.026653145569689600e+19,3.011174220873859072e+19,2.987833568137104589e+19,2.951490750597247795e+19,2.894642920808670822e+19,2.806960167028418150e+19,2.675611188560343859e+19,2.487468696178104730e+19,2.234272938631521894e+19,1.920088590506157670e+19,1.566614953580822528e+19,1.209954602104704205e+19,8.878265573465653248e+18,6.257647778382479360e+18,4.317326414706638848e+18,3.001131831421566976e+18,2.188106204599812096e+18,1.745594968178688000e+18,1.556126712163467264e+18,1.526212436745519104e+18,1.586820953642369024e+18,1.691919696728686592e+18,1.816710967946379264e+18,1.952347546982547456e+18,2.098226351709356032e+18,2.254468465844813824e+18,2.416312316845883392e+18,2.573174143222546432e+18,2.712784632159404032e+18,2.826541479558643712e+18,2.911842416275226624e+18,2.970935393832140800e+18
1.016824746969105695e+20,1.016775137004460442e+20,1.016436047618454323e+20,1.015806599201785119e+20,1.014886439910731940e+20,1.013675305862504120e+20,1.012173285018031882e+20,1.010380553299175670e+20,1.008297726432447037e+20,1.005925508105287762e+20,1.003264865887930286e+20,1.000317119194327941e+20,9.970835874384340582e+19,9.935660298388530790e+19,9.897665574579103334e+19,9.856871933970009293e+19,9.813305764840315290e+19,9.766992575859785728e+19,9.717961394135393894e+19,9.666245644820624179e+19,9.611879632678263194e+19,9.554898542080399770e+19,9.495341955445633843e+19,9.433252094020472013e+19,9.368672058660723098e+19,9.301647589050102579e+19,9.232227063700232602e+19,9.160462379559944192e+19,9.086404553968766157e+19,9.010109881922040627e+19,8.931634658415109734e+19,8.851037817271222272e+19,8.768380931141533696e+19,8.683728211505106125e+19,8.597142990231699456e+19,8.508693876846886912e+19,8.418448601266939494e+19,8.326478411845337088e+19,8.232855436544861798e+19,8.137654442156202394e+19,8.040950195470047642e+19,7.942819222495690752e+19,7.843341567679633818e+19,7.742596395859076710e+19,7.640664631089823744e+19,7.537629836255585894e+19,7.433574694630771917e+19,7.328584528317697229e+19,7.222744219614026138e+19,7.116141289645329613e+19,7.008862379927876403e+19,6.900996770805841920e+19,6.792631983404797133e+19,6.683858617482870784e+19,6.574765953384238285e+19,6.465444590867028378e+19,6.355984689884718694e+19,6.246477729804740198e+19,6.137014310385221632e+19,6.027685910993593958e+19,5.918582691583334810e+19,5.809796131521875149e+19,5.701416830567343718e+19,5.593534948673218150e+19,5.486239766183673856e+19,5.379621443052188467e+19,5.273768380013635174e+19,5.168768977802887168e+19,5.064709877936213197e+19,4.961677721929882010e+19,4.859758271690860134e+19,4.759035529907509658e+19,4.659593059463541555e+19,4.561512664024062362e+19,4.464875267644876390e+19,4.369760035163183514e+19,4.276244812002230272e+19,4.184405684366658765e+19,4.094317419047157760e+19,4.006052144006509363e+19,3.919680667793542349e+19,3.835271160129178829e+19,3.752889591711085363e+19,3.672598194897394074e+19,3.594455683609028198e+19,3.518516593622725427e+19,3.444828863645456794e+19,3.373431196486520013e+19,3.304351079936609485e+19,3.237596870284096307e+19,3.173150315635959398e+19,3.110952042364298854e+19,3.050878905166803763e+19,2.992711221620244480e+19,2.936077576696758272e+19,2.880374778317347226e+19,2.824642952830962893e+19,2.767384565400574362e+19,2.706310872621803110e+19,2.638019105909007974e+19,2.557665036932533453e+19,2.458822460032679936e+19,2.333964778312669594e+19,2.176234557652389069e+19,1.982965262452156006e+19,1.760025536025224806e+19,1.523724214444071322e+19,1.296763024238549402e+19,1.099431363427172352e+19,9.424356165342461952e+18,8.259908480341639168e+18,7.436339636521140224e+18,6.866433622786703360e+18,6.467661646113275904e+18,6.171784716346195968e+18,5.924169749968715776e+18,5.679283771451375616e+18,5.396351941833916416e+18,5.037875417051037696e+18,4.573544509815652352e+18,3.990783555885072384e+18,3.308083866937327616e+18,2.579552410175275008e+18,1.879572521607495680e+18,1.273223194970423296e+18,7.939649742789672960e+17,4.421059289473351680e+17,1.976407026061803520e+17
7.140689865856358810e+19,7.145170595641871565e+19,7.148772155929814630e+19,7.151470357464376934e+19,7.153239691575794074e+19,7.154056408812906086e+19,7.153895440310599680e+19,7.152733916227017114e+19,7.150547647306347315e+19,7.147314203511383654e+19,7.143011154804919501e+19,7.137615631345097114e+19,7.131106962313314304e+19,7.123463597281666662e+19,7.114664865431552000e+19,7.104691855162972570e+19,7.093524775266628403e+19,7.081145153947172864e+19,7.067535838823212646e+19,7.052679237708703334e+19,7.036559077831553843e+19,7.019160845638277530e+19,7.000468708161434419e+19,6.980470350870793421e+19,6.959151700017519002e+19,6.936501760485333402e+19,6.912509537157958861e+19,6.887164914528419840e+19,6.860458656699043021e+19,6.832383286990759526e+19,6.802931768529151590e+19,6.772097944049103667e+19,6.739877855308755763e+19,6.706267104261596774e+19,6.671263491884371149e+19,6.634865698763125555e+19,6.597073285093208883e+19,6.557886690679272243e+19,6.517308994153873408e+19,6.475342394540267930e+19,6.431992169494269133e+19,6.387263156867039232e+19,6.341162393532995994e+19,6.293698235780510515e+19,6.244879479702605005e+19,6.194716240806255002e+19,6.143220393817040486e+19,6.090405132874494771e+19,6.036283652118151168e+19,5.980871344710798541e+19,5.924184923229179085e+19,5.866241540054686106e+19,5.807059227178015130e+19,5.746659095222419456e+19,5.685060935397199053e+19,5.622287617544211661e+19,5.558361571700663910e+19,5.493307426927017984e+19,5.427150252088387174e+19,5.359916875268489216e+19,5.291634124551041843e+19,5.222330587238367232e+19,5.152035290437438669e+19,5.080779460278484992e+19,5.008593443282432819e+19,4.935509345188813210e+19,4.861560591151110554e+19,4.786781046127460352e+19,4.711205014880649216e+19,4.634868121587417088e+19,4.557806430229155021e+19,4.480056444591905178e+19,4.401656427680314163e+19,4.322643762889726362e+19,4.243057592834090598e+19,4.162936620322704589e+19,4.082321307383470490e+19,4.001250796630337126e+19,3.919766429700508877e+19,3.837908228817236787e+19,3.755717095813074125e+19,3.673233052911271936e+19,3.590496562139732378e+19,3.507546546210078720e+19,3.424420388517655347e+19,3.341152833629899981e+19,3.257774667872390349e+19,3.174309860598611968e+19,3.090772485557400371e+19,3.007161003432476672e+19,2.923450785163378688e+19,2.839581577512904294e+19,2.755440350685718118e+19,2.670834690146959360e+19,2.585455193324571853e+19,2.498821813441868595e+19,2.410209752433819648e+19,2.318550284998226739e+19,2.222314210363179008e+19,2.119393105031253197e+19,2.007044787002775962e+19,1.882032294045574758e+19,1.741190462036770816e+19,1.582672331344026010e+19,1.407847783504386458e+19,1.222971500363618714e+19,1.038806931099510374e+19,8.671659092269334528e+18,7.163798191786164224e+18,5.894557702809452544e+18,4.853484018538119168e+18,4.009241332458455040e+18,3.323541076278509568e+18,2.760494915589767168e+18,2.291036435878248448e+18,1.893147367041925120e+18,1.550568268568199168e+18,1.251498357034057728e+18,9.878585584375562240e+17,7.551488465641144320e+17,5.524586539872419840e+17,3.817527049065594880e+17,2.457175185455841280e+17,1.448097873668341760e+17,7.555447910091980800e+16,3.136305378623488000e+16,4.827464320679936000e+15,0.000000000000000000e+00
