1.103895000000000000e+06,1.106631000000000000e+06,1.114280625000000000e+06,1.125980250000000000e+06,1.140839625000000000e+06,1.157951750000000000e+06,1.176402250000000000e+06,1.195281375000000000e+06,1.214891375000000000e+06,1.284081625000000000e+06,1.350644000000000000e+06,1.412219750000000000e+06,1.467741125000000000e+06,1.516850750000000000e+06,1.559273125000000000e+06,1.595177375000000000e+06,1.625292125000000000e+06,1.650426625000000000e+06,1.671476500000000000e+06,1.689432625000000000e+06,1.705284750000000000e+06,1.739585250000000000e+06,1.777696000000000000e+06,1.817772125000000000e+06,1.860369000000000000e+06,1.905970000000000000e+06,1.954782500000000000e+06,2.006522500000000000e+06,2.060494875000000000e+06,2.114244500000000000e+06,2.164467000000000000e+06,2.206695500000000000e+06,2.235170500000000000e+06,2.236392500000000000e+06,2.186321000000000000e+06,2.067480875000000000e+06,1.881497875000000000e+06,1.600842125000000000e+06,1.113022125000000000e+06,4.794374687500000000e+05,9.665096875000000000e+04
2.729536500000000000e+06,2.730715250000000000e+06,2.735783000000000000e+06,2.739690250000000000e+06,2.737585500000000000e+06,2.725111750000000000e+06,2.698360750000000000e+06,2.654474000000000000e+06,2.604599750000000000e+06,2.548145750000000000e+06,2.482360000000000000e+06,2.411144500000000000e+06,2.336775750000000000e+06,2.268928250000000000e+06,2.215230250000000000e+06,2.160426000000000000e+06,2.106647500000000000e+06,2.055903875000000000e+06,2.009658625000000000e+06,1.984100500000000000e+06,1.976349625000000000e+06,1.971907500000000000e+06,1.971056625000000000e+06,1.973798625000000000e+06,1.979406500000000000e+06,1.986776625000000000e+06,2.043828375000000000e+06,2.148891000000000000e+06,2.246394250000000000e+06,2.330817250000000000e+06,2.395031750000000000e+06,2.430801000000000000e+06,2.429070500000000000e+06,2.373409000000000000e+06,2.321183250000000000e+06,2.195398000000000000e+06,1.992686125000000000e+06,1.682905250000000000e+06,1.128923000000000000e+06,4.116769687500000000e+05,4.582635546875000000e+04
4.771247500000000000e+05,4.754708750000000000e+05,4.706650937500000000e+05,4.629462812500000000e+05,4.525604687500000000e+05,4.397609375000000000e+05,4.248088125000000000e+05,4.079860312500000000e+05,3.897148437500000000e+05,3.709203750000000000e+05,3.535210000000000000e+05,3.359190937500000000e+05,3.183968437500000000e+05,3.011801562500000000e+05,2.844907187500000000e+05,2.684830000000000000e+05,2.532265937500000000e+05,2.387842812500000000e+05,2.251667968750000000e+05,2.123128906250000000e+05,2.001587812500000000e+05,1.895637343750000000e+05,1.845767031250000000e+05,1.791710468750000000e+05,1.732636718750000000e+05,1.667592656250000000e+05,1.595632187500000000e+05,1.515877656250000000e+05,1.427523281250000000e+05,1.329889375000000000e+05,1.222549531250000000e+05,1.105965078125000000e+05,9.992122656250000000e+04,8.940731250000000000e+04,7.778725000000000000e+04,6.518667968750000000e+04,5.244183593750000000e+04,3.971079687500000000e+04,2.520188476562500000e+04,1.053585156250000000e+04,3.329107421875000000e+03
1.226512375000000000e+06,1.226405875000000000e+06,1.225542375000000000e+06,1.223054375000000000e+06,1.218053750000000000e+06,1.212300875000000000e+06,1.228199875000000000e+06,1.237492875000000000e+06,1.240460125000000000e+06,1.239064125000000000e+06,1.235295625000000000e+06,1.230980250000000000e+06,1.226725250000000000e+06,1.222600125000000000e+06,1.218768375000000000e+06,1.215560625000000000e+06,1.213454500000000000e+06,1.212944125000000000e+06,1.214368000000000000e+06,1.217826625000000000e+06,1.223399000000000000e+06,1.231108250000000000e+06,1.256470500000000000e+06,1.289970750000000000e+06,1.327906125000000000e+06,1.370253375000000000e+06,1.416989625000000000e+06,1.468093125000000000e+06,1.523227000000000000e+06,1.580573250000000000e+06,1.637676000000000000e+06,1.692756500000000000e+06,1.744236750000000000e+06,1.778434875000000000e+06,1.764018875000000000e+06,1.685629125000000000e+06,1.569959125000000000e+06,1.374721625000000000e+06,8.712320000000000000e+05,2.123716562500000000e+05,2.058577636718750000e+03
3.665093250000000000e+06,3.666552500000000000e+06,3.668215250000000000e+06,3.671978000000000000e+06,3.665688750000000000e+06,3.642616500000000000e+06,3.596752750000000000e+06,3.523757500000000000e+06,3.437949750000000000e+06,3.332307750000000000e+06,3.211602750000000000e+06,3.081396000000000000e+06,2.959135500000000000e+06,2.837665250000000000e+06,2.709881250000000000e+06,2.578164500000000000e+06,2.457736000000000000e+06,2.351386250000000000e+06,2.241223000000000000e+06,2.128459500000000000e+06,2.014059875000000000e+06,1.920973125000000000e+06,1.834162375000000000e+06,1.740451625000000000e+06,1.640630000000000000e+06,1.535299250000000000e+06,1.425028875000000000e+06,1.372372500000000000e+06,1.315746250000000000e+06,1.239975750000000000e+06,1.146967250000000000e+06,1.039019625000000000e+06,9.189420625000000000e+05,7.895255625000000000e+05,6.802673750000000000e+05,5.662088125000000000e+05,4.490923437500000000e+05,3.314050312500000000e+05,2.085903593750000000e+05,8.986601562500000000e+04,2.142014257812500000e+04
3.093268250000000000e+06,3.067978750000000000e+06,2.997369750000000000e+06,2.889230000000000000e+06,2.751364750000000000e+06,2.591737500000000000e+06,2.420421000000000000e+06,2.261722000000000000e+06,2.102808750000000000e+06,1.951330375000000000e+06,1.814659250000000000e+06,1.699190625000000000e+06,1.614278125000000000e+06,1.566429500000000000e+06,1.533688125000000000e+06,1.515129875000000000e+06,1.508973250000000000e+06,1.513194000000000000e+06,1.546693625000000000e+06,1.644194625000000000e+06,1.741720125000000000e+06,1.838046250000000000e+06,1.932104000000000000e+06,2.022412875000000000e+06,2.107526750000000000e+06,2.185830000000000000e+06,2.255320000000000000e+06,2.313591500000000000e+06,2.412272000000000000e+06,2.501156000000000000e+06,2.572476500000000000e+06,2.618368750000000000e+06,2.629974750000000000e+06,2.588414750000000000e+06,2.461615250000000000e+06,2.234644000000000000e+06,1.933319000000000000e+06,1.540970375000000000e+06,9.263908125000000000e+05,2.507126093750000000e+05,8.904571289062500000e+03
5.870396500000000000e+06,5.855201000000000000e+06,5.810540000000000000e+06,5.756336500000000000e+06,5.682872500000000000e+06,5.587462500000000000e+06,5.469734500000000000e+06,5.329855500000000000e+06,5.170752000000000000e+06,4.997031500000000000e+06,4.813506000000000000e+06,4.624985000000000000e+06,4.435204500000000000e+06,4.247440500000000000e+06,4.065059750000000000e+06,3.932764000000000000e+06,3.902232500000000000e+06,3.869356750000000000e+06,3.836992750000000000e+06,3.807184750000000000e+06,3.781811750000000000e+06,3.762017500000000000e+06,3.748168250000000000e+06,3.740210250000000000e+06,3.736899000000000000e+06,3.736334500000000000e+06,3.735679250000000000e+06,3.801187000000000000e+06,3.877100250000000000e+06,3.946386500000000000e+06,3.998990250000000000e+06,4.022868250000000000e+06,4.003897750000000000e+06,3.917608250000000000e+06,3.726422750000000000e+06,3.407043500000000000e+06,2.972574500000000000e+06,2.402308000000000000e+06,1.570352500000000000e+06,6.111401875000000000e+05,9.782147656250000000e+04
4.398208000000000000e+06,4.386224500000000000e+06,4.351122000000000000e+06,4.294836500000000000e+06,4.229998000000000000e+06,4.146308250000000000e+06,4.043683750000000000e+06,3.922533750000000000e+06,3.784955250000000000e+06,3.634384750000000000e+06,3.478296250000000000e+06,3.345728750000000000e+06,3.207773250000000000e+06,3.068538750000000000e+06,2.932143500000000000e+06,2.802025500000000000e+06,2.680597750000000000e+06,2.591705750000000000e+06,2.521682750000000000e+06,2.459558250000000000e+06,2.406125250000000000e+06,2.361268750000000000e+06,2.324082750000000000e+06,2.293334000000000000e+06,2.266930750000000000e+06,2.242383000000000000e+06,2.305256000000000000e+06,2.364235500000000000e+06,2.411296750000000000e+06,2.439804000000000000e+06,2.441943500000000000e+06,2.409778250000000000e+06,2.335642250000000000e+06,2.207138000000000000e+06,2.047486875000000000e+06,1.852308000000000000e+06,1.600474375000000000e+06,1.279673375000000000e+06,7.995543750000000000e+05,2.471531718750000000e+05,1.394370019531250000e+04
3.140215000000000000e+06,3.144414000000000000e+06,3.154531250000000000e+06,3.166499250000000000e+06,3.175986500000000000e+06,3.178638500000000000e+06,3.170299500000000000e+06,3.147413750000000000e+06,3.186838750000000000e+06,3.270012500000000000e+06,3.328752750000000000e+06,3.361918500000000000e+06,3.369452750000000000e+06,3.352167750000000000e+06,3.311597250000000000e+06,3.250630750000000000e+06,3.173369250000000000e+06,3.083884500000000000e+06,3.043359000000000000e+06,2.995304750000000000e+06,2.941117250000000000e+06,2.881980500000000000e+06,2.818730500000000000e+06,2.752107500000000000e+06,2.681869000000000000e+06,2.607425750000000000e+06,2.527672750000000000e+06,2.440792000000000000e+06,2.344768000000000000e+06,2.236898000000000000e+06,2.114419750000000000e+06,1.974738000000000000e+06,1.815684750000000000e+06,1.634892875000000000e+06,1.429932500000000000e+06,1.202451125000000000e+06,9.615237500000000000e+05,7.139192500000000000e+05,4.549672500000000000e+05,2.110071406250000000e+05,6.083235937500000000e+04
1.775959531250000000e+05,1.773040156250000000e+05,1.764443750000000000e+05,1.750353593750000000e+05,1.730896562500000000e+05,1.706172812500000000e+05,1.676282500000000000e+05,1.641384375000000000e+05,1.602039843750000000e+05,1.559082500000000000e+05,1.513409218750000000e+05,1.465961718750000000e+05,1.417604687500000000e+05,1.371074062500000000e+05,1.337244062500000000e+05,1.303626015625000000e+05,1.270903437500000000e+05,1.239770781250000000e+05,1.210806015625000000e+05,1.184395000000000000e+05,1.160889843750000000e+05,1.140466015625000000e+05,1.123135468750000000e+05,1.140610859375000000e+05,1.170370781250000000e+05,1.201242187500000000e+05,1.233015312500000000e+05,1.265047890625000000e+05,1.296395000000000000e+05,1.325455937500000000e+05,1.350143437500000000e+05,1.367074531250000000e+05,1.379005156250000000e+05,1.414659531250000000e+05,1.439733593750000000e+05,1.444309062500000000e+05,1.404812500000000000e+05,1.304074921875000000e+05,1.159166328125000000e+05,9.519350781250000000e+04,5.542628125000000000e+04
2.752187250000000000e+06,2.745648250000000000e+06,2.726560250000000000e+06,2.695711500000000000e+06,2.653894250000000000e+06,2.601914250000000000e+06,2.540603500000000000e+06,2.470898750000000000e+06,2.394511250000000000e+06,2.313568750000000000e+06,2.233086500000000000e+06,2.158352500000000000e+06,2.084284500000000000e+06,2.012136125000000000e+06,1.943144250000000000e+06,1.878324125000000000e+06,1.818407875000000000e+06,1.764110625000000000e+06,1.715926750000000000e+06,1.674035125000000000e+06,1.638612125000000000e+06,1.625042375000000000e+06,1.620183000000000000e+06,1.621126125000000000e+06,1.627721375000000000e+06,1.639749625000000000e+06,1.656992625000000000e+06,1.679227250000000000e+06,1.708785500000000000e+06,1.831774625000000000e+06,1.958653375000000000e+06,2.088127875000000000e+06,2.219222000000000000e+06,2.337204750000000000e+06,2.404595250000000000e+06,2.455330750000000000e+06,2.540740250000000000e+06,2.530198500000000000e+06,1.985241250000000000e+06,8.047122500000000000e+05,8.460392968750000000e+04
4.327443000000000000e+06,4.334147500000000000e+06,4.351174500000000000e+06,4.373446000000000000e+06,4.395510500000000000e+06,4.411815500000000000e+06,4.416958000000000000e+06,4.406070500000000000e+06,4.509017000000000000e+06,4.663522000000000000e+06,4.780916500000000000e+06,4.855547000000000000e+06,4.887420000000000000e+06,4.879711000000000000e+06,4.836460000000000000e+06,4.763430500000000000e+06,4.667960000000000000e+06,4.557204500000000000e+06,4.500085500000000000e+06,4.446634500000000000e+06,4.391579000000000000e+06,4.339098500000000000e+06,4.292694000000000000e+06,4.255763000000000000e+06,4.230309000000000000e+06,4.217939500000000000e+06,4.219874500000000000e+06,4.236714500000000000e+06,4.268309000000000000e+06,4.310736500000000000e+06,4.358865500000000000e+06,4.409388500000000000e+06,4.459611000000000000e+06,4.479441500000000000e+06,4.400138500000000000e+06,4.188637500000000000e+06,3.901054750000000000e+06,3.436359250000000000e+06,2.272732500000000000e+06,6.906956875000000000e+05,4.093337890625000000e+04
1.161199125000000000e+06,1.158150500000000000e+06,1.149535500000000000e+06,1.136112250000000000e+06,1.118610625000000000e+06,1.097756625000000000e+06,1.074291125000000000e+06,1.067519125000000000e+06,1.068362250000000000e+06,1.069319250000000000e+06,1.071260500000000000e+06,1.075177000000000000e+06,1.081397500000000000e+06,1.089923125000000000e+06,1.100820250000000000e+06,1.114021250000000000e+06,1.129200500000000000e+06,1.145964500000000000e+06,1.163794375000000000e+06,1.181991500000000000e+06,1.214576625000000000e+06,1.254494500000000000e+06,1.294346125000000000e+06,1.332839750000000000e+06,1.368519750000000000e+06,1.399788000000000000e+06,1.424836500000000000e+06,1.441625250000000000e+06,1.447905000000000000e+06,1.440846000000000000e+06,1.417470750000000000e+06,1.374939875000000000e+06,1.310690625000000000e+06,1.220910000000000000e+06,1.100502500000000000e+06,9.496990000000000000e+05,7.785866875000000000e+05,5.906892500000000000e+05,3.704706562500000000e+05,1.515766875000000000e+05,3.404982421875000000e+04
6.043679375000000000e+05,6.056355625000000000e+05,6.091661250000000000e+05,6.145492500000000000e+05,6.213720000000000000e+05,6.292193125000000000e+05,6.376746875000000000e+05,6.463520625000000000e+05,6.562228125000000000e+05,6.667558750000000000e+05,6.778063750000000000e+05,6.895226875000000000e+05,7.019105000000000000e+05,7.149043125000000000e+05,7.284417500000000000e+05,7.442642500000000000e+05,7.626490000000000000e+05,7.815408750000000000e+05,8.008591250000000000e+05,8.204486875000000000e+05,8.401319375000000000e+05,8.638606250000000000e+05,8.915707500000000000e+05,9.183850625000000000e+05,9.435955625000000000e+05,9.663505625000000000e+05,9.868631250000000000e+05,1.019948125000000000e+06,1.046086437500000000e+06,1.062530250000000000e+06,1.066174125000000000e+06,1.056369500000000000e+06,1.105223250000000000e+06,1.120282375000000000e+06,1.088510875000000000e+06,1.002095687500000000e+06,8.848426250000000000e+05,7.568614375000000000e+05,5.291182500000000000e+05,2.132002500000000000e+05,2.788837695312500000e+04
3.923067750000000000e+06,3.921416250000000000e+06,3.916282000000000000e+06,3.907323500000000000e+06,3.894143500000000000e+06,3.876332000000000000e+06,3.853503750000000000e+06,3.825451000000000000e+06,3.793307750000000000e+06,3.758994000000000000e+06,3.732800000000000000e+06,3.711432750000000000e+06,3.693082000000000000e+06,3.678642750000000000e+06,3.669074000000000000e+06,3.665205000000000000e+06,3.667651750000000000e+06,3.677061250000000000e+06,3.693867750000000000e+06,3.745271500000000000e+06,3.806151500000000000e+06,3.874948750000000000e+06,3.951546250000000000e+06,4.035747000000000000e+06,4.126946250000000000e+06,4.241270000000000000e+06,4.413615500000000000e+06,4.591802500000000000e+06,4.773451000000000000e+06,4.951486000000000000e+06,5.116607500000000000e+06,5.462915000000000000e+06,5.961072000000000000e+06,6.388206500000000000e+06,6.625615000000000000e+06,6.584198500000000000e+06,6.477885000000000000e+06,6.232213500000000000e+06,4.630769000000000000e+06,1.592396750000000000e+06,6.216212109375000000e+04
2.338826750000000000e+06,2.334658250000000000e+06,2.322246000000000000e+06,2.301686000000000000e+06,2.273043750000000000e+06,2.236389000000000000e+06,2.191827000000000000e+06,2.139592000000000000e+06,2.080679250000000000e+06,2.016523625000000000e+06,1.957761250000000000e+06,1.897191750000000000e+06,1.834750625000000000e+06,1.771352625000000000e+06,1.707943625000000000e+06,1.645349375000000000e+06,1.584212375000000000e+06,1.525156125000000000e+06,1.468583000000000000e+06,1.424035375000000000e+06,1.387894000000000000e+06,1.352763625000000000e+06,1.318323125000000000e+06,1.284171250000000000e+06,1.249577875000000000e+06,1.213686375000000000e+06,1.175482500000000000e+06,1.164407875000000000e+06,1.170767625000000000e+06,1.165213625000000000e+06,1.145270250000000000e+06,1.108443625000000000e+06,1.052512250000000000e+06,9.748933750000000000e+05,8.865726875000000000e+05,7.987991250000000000e+05,6.893731250000000000e+05,5.556913125000000000e+05,3.832659062500000000e+05,1.811560937500000000e+05,4.370015234375000000e+04
1.221917000000000000e+06,1.221866250000000000e+06,1.221573000000000000e+06,1.220795500000000000e+06,1.219263125000000000e+06,1.216692375000000000e+06,1.213352875000000000e+06,1.209825250000000000e+06,1.204892500000000000e+06,1.198821000000000000e+06,1.191897125000000000e+06,1.184394750000000000e+06,1.176330375000000000e+06,1.167590875000000000e+06,1.158673500000000000e+06,1.151123125000000000e+06,1.142225250000000000e+06,1.131668500000000000e+06,1.119084750000000000e+06,1.104028375000000000e+06,1.087168375000000000e+06,1.072128625000000000e+06,1.052847625000000000e+06,1.028848125000000000e+06,9.997143125000000000e+05,9.666897500000000000e+05,9.373485625000000000e+05,9.006418750000000000e+05,8.563868750000000000e+05,8.045860000000000000e+05,7.585026250000000000e+05,7.068950000000000000e+05,6.450830000000000000e+05,5.740790625000000000e+05,5.342954375000000000e+05,4.847687187500000000e+05,4.130520625000000000e+05,3.266795000000000000e+05,2.563692500000000000e+05,1.789991250000000000e+05,8.583366406250000000e+04
2.713368250000000000e+06,2.707406000000000000e+06,2.690014000000000000e+06,2.675599000000000000e+06,2.674959750000000000e+06,2.671208500000000000e+06,2.662881250000000000e+06,2.648683750000000000e+06,2.628208000000000000e+06,2.601760500000000000e+06,2.570012750000000000e+06,2.533939250000000000e+06,2.494234750000000000e+06,2.451548500000000000e+06,2.406751750000000000e+06,2.360609500000000000e+06,2.313585000000000000e+06,2.266145250000000000e+06,2.227211500000000000e+06,2.219097500000000000e+06,2.211439750000000000e+06,2.202999500000000000e+06,2.192320000000000000e+06,2.177837000000000000e+06,2.157818250000000000e+06,2.130442250000000000e+06,2.093813375000000000e+06,2.045978000000000000e+06,1.985035250000000000e+06,1.909235250000000000e+06,1.816994500000000000e+06,1.706693875000000000e+06,1.576992125000000000e+06,1.427911875000000000e+06,1.260996625000000000e+06,1.077024750000000000e+06,8.761541875000000000e+05,6.660214375000000000e+05,4.622750312500000000e+05,2.726841562500000000e+05,1.103238828125000000e+05
1.950758789062500000e+04,1.953670507812500000e+04,1.961197070312500000e+04,1.971370703125000000e+04,1.982089062500000000e+04,1.991204687500000000e+04,2.004285742187500000e+04,2.023388281250000000e+04,2.035780859375000000e+04,2.041039843750000000e+04,2.038969921875000000e+04,2.029588281250000000e+04,2.046738085937500000e+04,2.055765039062500000e+04,2.054614843750000000e+04,2.044069726562500000e+04,2.025525390625000000e+04,2.000458398437500000e+04,2.062149804687500000e+04,2.115813085937500000e+04,2.156112890625000000e+04,2.185250976562500000e+04,2.205236132812500000e+04,2.217804296875000000e+04,2.223924804687500000e+04,2.224148046875000000e+04,2.218406640625000000e+04,2.212830664062500000e+04,2.243243945312500000e+04,2.268482617187500000e+04,2.284381445312500000e+04,2.286565820312500000e+04,2.270214453125000000e+04,2.223977929687500000e+04,2.127650976562500000e+04,1.972608789062500000e+04,1.778918359375000000e+04,1.533268457031250000e+04,1.115470312500000000e+04,5.618562011718750000e+03,2.676001708984375000e+03
2.915409000000000000e+06,2.920681000000000000e+06,2.936334250000000000e+06,2.975665000000000000e+06,3.016007000000000000e+06,3.048702250000000000e+06,3.065718000000000000e+06,3.073236250000000000e+06,3.108522250000000000e+06,3.113226750000000000e+06,3.088759000000000000e+06,3.037832000000000000e+06,3.027929750000000000e+06,3.097367250000000000e+06,3.121921750000000000e+06,3.110309500000000000e+06,3.072576000000000000e+06,3.018037000000000000e+06,2.954042500000000000e+06,2.885557750000000000e+06,2.816605000000000000e+06,2.749311250000000000e+06,2.684238500000000000e+06,2.658278250000000000e+06,2.639849000000000000e+06,2.622128750000000000e+06,2.602461750000000000e+06,2.577189250000000000e+06,2.542086000000000000e+06,2.491488500000000000e+06,2.419213250000000000e+06,2.319599500000000000e+06,2.187573750000000000e+06,2.014808375000000000e+06,1.789566750000000000e+06,1.512771875000000000e+06,1.209166500000000000e+06,8.849110625000000000e+05,4.989127187500000000e+05,1.374747812500000000e+05,8.082817382812500000e+03
2.379754750000000000e+06,2.377373750000000000e+06,2.368823750000000000e+06,2.351119750000000000e+06,2.328858250000000000e+06,2.293240750000000000e+06,2.239905250000000000e+06,2.173991750000000000e+06,2.097904000000000000e+06,2.009992500000000000e+06,1.924394125000000000e+06,1.848077500000000000e+06,1.771725500000000000e+06,1.697271875000000000e+06,1.646773125000000000e+06,1.597739875000000000e+06,1.549309625000000000e+06,1.501857250000000000e+06,1.457185500000000000e+06,1.432497125000000000e+06,1.403284750000000000e+06,1.369244750000000000e+06,1.330033250000000000e+06,1.285185625000000000e+06,1.234413000000000000e+06,1.179035750000000000e+06,1.170652500000000000e+06,1.148168250000000000e+06,1.111527625000000000e+06,1.060892000000000000e+06,9.966586250000000000e+05,9.195005000000000000e+05,8.305415000000000000e+05,7.399713125000000000e+05,6.602283750000000000e+05,5.726056250000000000e+05,4.759879375000000000e+05,3.720970312500000000e+05,2.659560625000000000e+05,1.593366562500000000e+05,6.425950390625000000e+04
3.544846000000000000e+06,3.540557250000000000e+06,3.527587250000000000e+06,3.505588250000000000e+06,3.474042500000000000e+06,3.432363250000000000e+06,3.379991500000000000e+06,3.316558250000000000e+06,3.242739500000000000e+06,3.168574000000000000e+06,3.114762000000000000e+06,3.052745250000000000e+06,2.983226000000000000e+06,2.906884000000000000e+06,2.824666750000000000e+06,2.737459500000000000e+06,2.645882750000000000e+06,2.574578750000000000e+06,2.577072750000000000e+06,2.562162750000000000e+06,2.530536000000000000e+06,2.482829250000000000e+06,2.419582500000000000e+06,2.341250500000000000e+06,2.248275750000000000e+06,2.141091000000000000e+06,2.020241250000000000e+06,1.886475875000000000e+06,1.756766375000000000e+06,1.636344875000000000e+06,1.503650000000000000e+06,1.359183250000000000e+06,1.204163375000000000e+06,1.039001000000000000e+06,8.632335625000000000e+05,6.813035625000000000e+05,5.063590937500000000e+05,3.434043750000000000e+05,1.784984218750000000e+05,4.217795312500000000e+04,1.327671997070312500e+03
2.818424000000000000e+06,2.825759750000000000e+06,2.845762000000000000e+06,2.875371750000000000e+06,2.911480000000000000e+06,3.039083750000000000e+06,3.180167500000000000e+06,3.321435500000000000e+06,3.459588000000000000e+06,3.594256750000000000e+06,3.725174750000000000e+06,3.851927500000000000e+06,3.972311750000000000e+06,4.083159750000000000e+06,4.181287000000000000e+06,4.264441000000000000e+06,4.419714000000000000e+06,4.570487500000000000e+06,4.709796000000000000e+06,4.833969500000000000e+06,4.939293000000000000e+06,5.022216000000000000e+06,5.079505000000000000e+06,5.108141000000000000e+06,5.104843000000000000e+06,5.066478000000000000e+06,4.989921000000000000e+06,4.871942500000000000e+06,4.709636000000000000e+06,4.499919000000000000e+06,4.240406500000000000e+06,3.930099500000000000e+06,3.569827750000000000e+06,3.160765250000000000e+06,2.704499250000000000e+06,2.211588250000000000e+06,1.708597500000000000e+06,1.215071625000000000e+06,7.225617500000000000e+05,2.875575625000000000e+05,6.087192578125000000e+04
5.421063500000000000e+06,5.412056000000000000e+06,5.385944000000000000e+06,5.343748000000000000e+06,5.286399000000000000e+06,5.215106000000000000e+06,5.131609000000000000e+06,5.038580000000000000e+06,4.971705500000000000e+06,4.924478500000000000e+06,4.887863000000000000e+06,4.869796000000000000e+06,4.871711000000000000e+06,4.891885500000000000e+06,4.928768500000000000e+06,4.980723500000000000e+06,5.045799500000000000e+06,5.121869000000000000e+06,5.403444000000000000e+06,5.691597000000000000e+06,5.983298000000000000e+06,6.276296000000000000e+06,6.568596000000000000e+06,6.857715500000000000e+06,7.140441000000000000e+06,7.412925000000000000e+06,7.669979000000000000e+06,7.904643000000000000e+06,8.107571500000000000e+06,8.442944000000000000e+06,8.754281000000000000e+06,9.007352000000000000e+06,9.172760000000000000e+06,9.180560000000000000e+06,8.904908000000000000e+06,8.273826500000000000e+06,7.357634500000000000e+06,6.053914000000000000e+06,3.786195000000000000e+06,1.113291375000000000e+06,5.456969140625000000e+04
2.234269000000000000e+06,2.236239500000000000e+06,2.241899500000000000e+06,2.250845500000000000e+06,2.262646750000000000e+06,2.279390000000000000e+06,2.299342000000000000e+06,2.321199250000000000e+06,2.344580250000000000e+06,2.369214750000000000e+06,2.394857750000000000e+06,2.421293750000000000e+06,2.448333750000000000e+06,2.485252500000000000e+06,2.525862000000000000e+06,2.566661750000000000e+06,2.607590750000000000e+06,2.648621000000000000e+06,2.689706500000000000e+06,2.747967000000000000e+06,2.814586750000000000e+06,2.880361000000000000e+06,2.944781250000000000e+06,3.007160750000000000e+06,3.066122000000000000e+06,3.159828250000000000e+06,3.257940750000000000e+06,3.344154500000000000e+06,3.413605000000000000e+06,3.458268250000000000e+06,3.480821250000000000e+06,3.685011750000000000e+06,3.819504250000000000e+06,3.852485000000000000e+06,3.734527250000000000e+06,3.436274250000000000e+06,3.127903250000000000e+06,2.690145250000000000e+06,1.844025375000000000e+06,6.555403125000000000e+05,4.444913671875000000e+04
5.723088000000000000e+06,5.732904000000000000e+06,5.757651000000000000e+06,5.789950000000000000e+06,5.822242000000000000e+06,5.847084000000000000e+06,5.857401500000000000e+06,5.847359000000000000e+06,5.818605500000000000e+06,5.777039000000000000e+06,5.781632000000000000e+06,5.785989500000000000e+06,5.789083000000000000e+06,5.789448000000000000e+06,5.785879500000000000e+06,5.777555000000000000e+06,5.763897000000000000e+06,5.744285000000000000e+06,5.717296500000000000e+06,5.795706500000000000e+06,5.961514500000000000e+06,6.100002000000000000e+06,6.206302000000000000e+06,6.275150000000000000e+06,6.300787500000000000e+06,6.277265000000000000e+06,6.198787000000000000e+06,6.059997000000000000e+06,5.856147500000000000e+06,5.621152500000000000e+06,5.421833000000000000e+06,5.153436500000000000e+06,4.809701000000000000e+06,4.382652000000000000e+06,3.862645000000000000e+06,3.253962250000000000e+06,2.589822750000000000e+06,1.891734750000000000e+06,1.126799875000000000e+06,4.017212812500000000e+05,5.487579687500000000e+04
1.904694687500000000e+05,1.899299375000000000e+05,1.883941875000000000e+05,1.860277343750000000e+05,1.824480312500000000e+05,1.775263281250000000e+05,1.712115781250000000e+05,1.639187187500000000e+05,1.559028906250000000e+05,1.472127812500000000e+05,1.383298750000000000e+05,1.302554062500000000e+05,1.229616953125000000e+05,1.160547421875000000e+05,1.096519531250000000e+05,1.038103359375000000e+05,9.943956250000000000e+04,9.546402343750000000e+04,9.176711718750000000e+04,8.828103906250000000e+04,8.492388281250000000e+04,8.161835937500000000e+04,7.923410937500000000e+04,7.682735156250000000e+04,7.414257812500000000e+04,7.114478906250000000e+04,6.780871875000000000e+04,6.412570703125000000e+04,6.040085937500000000e+04,5.922858593750000000e+04,5.716534375000000000e+04,5.422401562500000000e+04,5.044485937500000000e+04,4.589121875000000000e+04,4.063778515625000000e+04,3.594413671875000000e+04,3.142515039062500000e+04,2.650165625000000000e+04,2.106314648437500000e+04,1.503181152343750000e+04,9.315691406250000000e+03
1.170973750000000000e+06,1.172730000000000000e+06,1.176715875000000000e+06,1.180857125000000000e+06,1.183011000000000000e+06,1.184265875000000000e+06,1.180105000000000000e+06,1.168226125000000000e+06,1.149569750000000000e+06,1.126478875000000000e+06,1.102937000000000000e+06,1.083655250000000000e+06,1.064737250000000000e+06,1.046518437500000000e+06,1.029433062500000000e+06,1.013980312500000000e+06,1.007852687500000000e+06,1.006463937500000000e+06,1.007315375000000000e+06,1.010532125000000000e+06,1.016197437500000000e+06,1.024309125000000000e+06,1.049607375000000000e+06,1.078382250000000000e+06,1.108722250000000000e+06,1.140374625000000000e+06,1.172952125000000000e+06,1.205907000000000000e+06,1.284851000000000000e+06,1.389618125000000000e+06,1.490446875000000000e+06,1.583556875000000000e+06,1.664292500000000000e+06,1.719837500000000000e+06,1.736933875000000000e+06,1.761930000000000000e+06,1.740639375000000000e+06,1.624723250000000000e+06,1.218290375000000000e+06,5.159501250000000000e+05,7.663570312500000000e+04
1.056364250000000000e+06,1.056927875000000000e+06,1.057864250000000000e+06,1.057917250000000000e+06,1.055744250000000000e+06,1.050010375000000000e+06,1.040132187500000000e+06,1.030008750000000000e+06,1.013914687500000000e+06,9.927484375000000000e+05,9.674706250000000000e+05,9.391853125000000000e+05,9.187536875000000000e+05,8.945590625000000000e+05,8.669187500000000000e+05,8.363223125000000000e+05,8.073233125000000000e+05,7.867545000000000000e+05,7.624478750000000000e+05,7.349696250000000000e+05,7.048605625000000000e+05,6.726009375000000000e+05,6.651098125000000000e+05,6.612755000000000000e+05,6.499971875000000000e+05,6.320668750000000000e+05,6.082171875000000000e+05,5.791316875000000000e+05,5.454611875000000000e+05,5.078907187500000000e+05,4.802977187500000000e+05,4.508232812500000000e+05,4.180393437500000000e+05,3.821902187500000000e+05,3.442316562500000000e+05,3.038522812500000000e+05,2.582976406250000000e+05,2.088761562500000000e+05,1.660205468750000000e+05,1.299002031250000000e+05,7.484151562500000000e+04
3.791080000000000000e+05,3.789403125000000000e+05,3.783815625000000000e+05,3.773361562500000000e+05,3.756979062500000000e+05,3.733564062500000000e+05,3.702031875000000000e+05,3.661500000000000000e+05,3.614007812500000000e+05,3.564520937500000000e+05,3.509326562500000000e+05,3.449682812500000000e+05,3.386307812500000000e+05,3.319697187500000000e+05,3.250411875000000000e+05,3.179826562500000000e+05,3.115195937500000000e+05,3.048270000000000000e+05,2.979029687500000000e+05,2.907067187500000000e+05,2.831962812500000000e+05,2.764730000000000000e+05,2.697639375000000000e+05,2.623240937500000000e+05,2.540282187500000000e+05,2.447473281250000000e+05,2.371367656250000000e+05,2.280799375000000000e+05,2.172568593750000000e+05,2.045360312500000000e+05,1.930344687500000000e+05,1.801617656250000000e+05,1.644470312500000000e+05,1.459368906250000000e+05,1.346761562500000000e+05,1.196559140625000000e+05,9.942553906250000000e+04,7.609504687500000000e+04,5.203367578125000000e+04,2.300516796875000000e+04,5.500558105468750000e+03
5.811933000000000000e+06,5.816927500000000000e+06,5.829950000000000000e+06,5.847769500000000000e+06,5.866933000000000000e+06,5.883947500000000000e+06,5.895437000000000000e+06,5.933715000000000000e+06,5.994690000000000000e+06,6.044383500000000000e+06,6.081822500000000000e+06,6.106824500000000000e+06,6.120993000000000000e+06,6.126801500000000000e+06,6.126855000000000000e+06,6.123914000000000000e+06,6.202807500000000000e+06,6.389621000000000000e+06,6.570555000000000000e+06,6.749953500000000000e+06,6.931910500000000000e+06,7.119283500000000000e+06,7.313766500000000000e+06,7.516482000000000000e+06,7.726360500000000000e+06,7.941238000000000000e+06,8.157189000000000000e+06,8.367828000000000000e+06,8.564005000000000000e+06,8.764799000000000000e+06,9.087801000000000000e+06,9.376601000000000000e+06,9.604044000000000000e+06,9.695461000000000000e+06,9.508096000000000000e+06,8.951497000000000000e+06,8.089017500000000000e+06,6.771711500000000000e+06,4.243574000000000000e+06,1.121680375000000000e+06,1.567366406250000000e+04
8.232859375000000000e+05,8.212955625000000000e+05,8.155941250000000000e+05,8.065858750000000000e+05,7.946720000000000000e+05,7.802489375000000000e+05,7.637065000000000000e+05,7.454388125000000000e+05,7.259518125000000000e+05,7.058108750000000000e+05,6.855675625000000000e+05,6.657321250000000000e+05,6.481113750000000000e+05,6.316901250000000000e+05,6.161870000000000000e+05,6.016280000000000000e+05,5.878951875000000000e+05,5.748658750000000000e+05,5.623540625000000000e+05,5.500781875000000000e+05,5.379089375000000000e+05,5.293806250000000000e+05,5.199374062500000000e+05,5.092216562500000000e+05,4.968852812500000000e+05,4.825894062500000000e+05,4.660219062500000000e+05,4.517416562500000000e+05,4.368879687500000000e+05,4.181672500000000000e+05,3.953952187500000000e+05,3.684425937500000000e+05,3.469686250000000000e+05,3.347674375000000000e+05,3.134226250000000000e+05,2.827000937500000000e+05,2.420060312500000000e+05,2.051055468750000000e+05,1.706774375000000000e+05,1.355214843750000000e+05,7.719005468750000000e+04
1.445318375000000000e+06,1.440255750000000000e+06,1.425772750000000000e+06,1.402579750000000000e+06,1.371207500000000000e+06,1.332304250000000000e+06,1.288583875000000000e+06,1.243304375000000000e+06,1.194095750000000000e+06,1.143196375000000000e+06,1.098714250000000000e+06,1.060604750000000000e+06,1.026158375000000000e+06,9.963143750000000000e+05,9.752815625000000000e+05,9.659865000000000000e+05,9.605457500000000000e+05,9.588671250000000000e+05,9.605938750000000000e+05,9.651111250000000000e+05,9.716495000000000000e+05,9.891053750000000000e+05,1.008902562500000000e+06,1.027829437500000000e+06,1.044860125000000000e+06,1.058811250000000000e+06,1.068290375000000000e+06,1.071682500000000000e+06,1.068465500000000000e+06,1.110315125000000000e+06,1.136827125000000000e+06,1.143502750000000000e+06,1.125939625000000000e+06,1.077710875000000000e+06,9.897483750000000000e+05,8.830903750000000000e+05,7.688695625000000000e+05,6.204855625000000000e+05,3.929329375000000000e+05,1.199262031250000000e+05,5.004295410156250000e+03
1.571512031250000000e+05,1.569918593750000000e+05,1.566669531250000000e+05,1.560977343750000000e+05,1.552518906250000000e+05,1.540924843750000000e+05,1.525812968750000000e+05,1.506845937500000000e+05,1.484011562500000000e+05,1.457534843750000000e+05,1.427727187500000000e+05,1.394979218750000000e+05,1.365034687500000000e+05,1.344880312500000000e+05,1.321521406250000000e+05,1.295349140625000000e+05,1.266797421875000000e+05,1.236361718750000000e+05,1.204499687500000000e+05,1.171560000000000000e+05,1.186154921875000000e+05,1.199305468750000000e+05,1.206457187500000000e+05,1.207984453125000000e+05,1.204110781250000000e+05,1.194941718750000000e+05,1.180411406250000000e+05,1.160248750000000000e+05,1.134126562500000000e+05,1.118340625000000000e+05,1.110197500000000000e+05,1.096760781250000000e+05,1.075602421875000000e+05,1.046188984375000000e+05,1.010841484375000000e+05,9.659831250000000000e+04,8.940854687500000000e+04,7.945206250000000000e+04,7.205455468750000000e+04,6.788945312500000000e+04,4.709816406250000000e+04
4.140141750000000000e+06,4.136417750000000000e+06,4.124818250000000000e+06,4.104564750000000000e+06,4.074813000000000000e+06,4.045859750000000000e+06,4.006463750000000000e+06,3.955503250000000000e+06,3.893820500000000000e+06,3.823436250000000000e+06,3.746469750000000000e+06,3.665052000000000000e+06,3.580851000000000000e+06,3.500073250000000000e+06,3.440879500000000000e+06,3.381567750000000000e+06,3.323624750000000000e+06,3.268587250000000000e+06,3.217744750000000000e+06,3.171980000000000000e+06,3.132136500000000000e+06,3.138645750000000000e+06,3.151651250000000000e+06,3.169452250000000000e+06,3.191772250000000000e+06,3.217976250000000000e+06,3.246815000000000000e+06,3.276186000000000000e+06,3.449971750000000000e+06,3.646672250000000000e+06,3.824333500000000000e+06,3.970964000000000000e+06,4.072319250000000000e+06,4.095034250000000000e+06,3.988400500000000000e+06,3.888196000000000000e+06,3.666962750000000000e+06,3.236149750000000000e+06,2.204754250000000000e+06,7.013639375000000000e+05,2.735620507812500000e+04
2.301677968750000000e+05,2.296696562500000000e+05,2.282354843750000000e+05,2.259394062500000000e+05,2.228428906250000000e+05,2.191002812500000000e+05,2.150976250000000000e+05,2.105044062500000000e+05,2.054632812500000000e+05,2.001704062500000000e+05,1.948339218750000000e+05,1.899679843750000000e+05,1.861788437500000000e+05,1.824462500000000000e+05,1.787402968750000000e+05,1.750113125000000000e+05,1.721891875000000000e+05,1.700514843750000000e+05,1.674084531250000000e+05,1.641736406250000000e+05,1.602627031250000000e+05,1.575223906250000000e+05,1.547091875000000000e+05,1.506798906250000000e+05,1.454551406250000000e+05,1.390769531250000000e+05,1.320625312500000000e+05,1.310120859375000000e+05,1.275728437500000000e+05,1.219001796875000000e+05,1.141893515625000000e+05,1.047082421875000000e+05,9.378926562500000000e+04,8.216078125000000000e+04,7.200121093750000000e+04,6.095043359375000000e+04,4.963872656250000000e+04,3.825608203125000000e+04,2.558951367187500000e+04,1.262491601562500000e+04,5.177798828125000000e+03
2.407712250000000000e+06,2.416813250000000000e+06,2.440861250000000000e+06,2.477058750000000000e+06,2.523394500000000000e+06,2.569575250000000000e+06,2.609604250000000000e+06,2.638153250000000000e+06,2.663818000000000000e+06,2.679749250000000000e+06,2.686260750000000000e+06,2.685007500000000000e+06,2.694660000000000000e+06,2.697450750000000000e+06,2.688634750000000000e+06,2.668088500000000000e+06,2.671879250000000000e+06,2.661812000000000000e+06,2.637907250000000000e+06,2.600793000000000000e+06,2.587713500000000000e+06,2.572406000000000000e+06,2.538582250000000000e+06,2.487165500000000000e+06,2.418874750000000000e+06,2.391919500000000000e+06,2.422158250000000000e+06,2.414581250000000000e+06,2.369911000000000000e+06,2.288855500000000000e+06,2.172387750000000000e+06,2.022127375000000000e+06,1.861459625000000000e+06,1.715300125000000000e+06,1.538927500000000000e+06,1.331422125000000000e+06,1.096954000000000000e+06,8.405933125000000000e+05,5.594370625000000000e+05,2.743618750000000000e+05,7.961848437500000000e+04
2.921910312500000000e+05,2.920072500000000000e+05,2.912992500000000000e+05,2.898176562500000000e+05,2.873102187500000000e+05,2.835404062500000000e+05,2.841901250000000000e+05,2.832550000000000000e+05,2.801262187500000000e+05,2.753750000000000000e+05,2.695647187500000000e+05,2.631935000000000000e+05,2.564309218750000000e+05,2.493060625000000000e+05,2.418705468750000000e+05,2.342041093750000000e+05,2.264014687500000000e+05,2.185513593750000000e+05,2.106943906250000000e+05,2.028076093750000000e+05,1.948628125000000000e+05,1.868171875000000000e+05,1.786151562500000000e+05,1.711856406250000000e+05,1.650834375000000000e+05,1.586560312500000000e+05,1.518120000000000000e+05,1.444671406250000000e+05,1.365422187500000000e+05,1.279671171875000000e+05,1.186850390625000000e+05,1.086838281250000000e+05,9.799291406250000000e+04,8.661628906250000000e+04,7.452528125000000000e+04,6.191918750000000000e+04,4.943414453125000000e+04,3.733945703125000000e+04,2.475996875000000000e+04,1.261976269531250000e+04,5.550380859375000000e+03
2.865796750000000000e+06,2.865636250000000000e+06,2.864740500000000000e+06,2.862419750000000000e+06,2.857925500000000000e+06,2.850489000000000000e+06,2.839354250000000000e+06,2.823897250000000000e+06,2.804477250000000000e+06,2.782033000000000000e+06,2.760021500000000000e+06,2.744613750000000000e+06,2.728482750000000000e+06,2.711755500000000000e+06,2.694610500000000000e+06,2.677118250000000000e+06,2.659167250000000000e+06,2.640645500000000000e+06,2.634725750000000000e+06,2.634872250000000000e+06,2.631670500000000000e+06,2.623933000000000000e+06,2.610171500000000000e+06,2.588781000000000000e+06,2.564502500000000000e+06,2.561357750000000000e+06,2.541131500000000000e+06,2.500849000000000000e+06,2.437498750000000000e+06,2.347742000000000000e+06,2.261761250000000000e+06,2.247191750000000000e+06,2.175091750000000000e+06,2.039327625000000000e+06,1.832514500000000000e+06,1.558647125000000000e+06,1.293388125000000000e+06,1.010907000000000000e+06,6.417321875000000000e+05,2.318702187500000000e+05,2.650572851562500000e+04
4.834325312500000000e+05,4.834314062500000000e+05,4.832942187500000000e+05,4.828014687500000000e+05,4.817187500000000000e+05,4.815808125000000000e+05,4.825795937500000000e+05,4.824145937500000000e+05,4.810176250000000000e+05,4.785122500000000000e+05,4.750425937500000000e+05,4.707601562500000000e+05,4.657457500000000000e+05,4.600614062500000000e+05,4.537970312500000000e+05,4.583805312500000000e+05,4.682931250000000000e+05,4.767928125000000000e+05,4.840303125000000000e+05,4.901481875000000000e+05,4.952912500000000000e+05,4.995734687500000000e+05,5.030683437500000000e+05,5.058137500000000000e+05,5.077273750000000000e+05,5.086629375000000000e+05,5.154468750000000000e+05,5.250088125000000000e+05,5.335746875000000000e+05,5.402002500000000000e+05,5.437451250000000000e+05,5.427971875000000000e+05,5.357041250000000000e+05,5.200406250000000000e+05,4.924575937500000000e+05,4.506254375000000000e+05,3.947942500000000000e+05,3.235110312500000000e+05,2.285852343750000000e+05,1.188475859375000000e+05,4.000514062500000000e+04
1.553172000000000000e+06,1.550983750000000000e+06,1.544730125000000000e+06,1.534659875000000000e+06,1.520851750000000000e+06,1.506147875000000000e+06,1.490183625000000000e+06,1.470944875000000000e+06,1.448829000000000000e+06,1.426781125000000000e+06,1.413222875000000000e+06,1.399032000000000000e+06,1.385241875000000000e+06,1.375909500000000000e+06,1.382193250000000000e+06,1.389024000000000000e+06,1.396986250000000000e+06,1.406483000000000000e+06,1.420612750000000000e+06,1.455042875000000000e+06,1.488944750000000000e+06,1.522254500000000000e+06,1.554677500000000000e+06,1.585689750000000000e+06,1.614372000000000000e+06,1.639558625000000000e+06,1.703709625000000000e+06,1.790945625000000000e+06,1.867953875000000000e+06,1.929656250000000000e+06,1.969794625000000000e+06,1.981606375000000000e+06,1.958121750000000000e+06,1.886651625000000000e+06,1.778729750000000000e+06,1.639144875000000000e+06,1.445458500000000000e+06,1.180472625000000000e+06,7.397518125000000000e+05,2.107745625000000000e+05,6.147792480468750000e+03
2.570287187500000000e+05,2.569829375000000000e+05,2.567742968750000000e+05,2.562602187500000000e+05,2.552725625000000000e+05,2.544320000000000000e+05,2.528636718750000000e+05,2.503814843750000000e+05,2.470499843750000000e+05,2.438828906250000000e+05,2.413820468750000000e+05,2.385746562500000000e+05,2.356219218750000000e+05,2.341258750000000000e+05,2.342712812500000000e+05,2.343247187500000000e+05,2.344329531250000000e+05,2.352121875000000000e+05,2.402975625000000000e+05,2.452767812500000000e+05,2.502478593750000000e+05,2.552835937500000000e+05,2.604313593750000000e+05,2.702128750000000000e+05,2.897264687500000000e+05,3.089348437500000000e+05,3.279469375000000000e+05,3.468606562500000000e+05,3.656994375000000000e+05,3.841968750000000000e+05,4.019482187500000000e+05,4.192058125000000000e+05,4.490458437500000000e+05,4.792443750000000000e+05,5.034253437500000000e+05,5.169425937500000000e+05,5.223790000000000000e+05,5.040639687500000000e+05,3.862250625000000000e+05,1.638602656250000000e+05,2.717554296875000000e+04
9.852898750000000000e+05,9.901326875000000000e+05,1.002942750000000000e+06,1.020954437500000000e+06,1.041246562500000000e+06,1.060861750000000000e+06,1.082215750000000000e+06,1.097483000000000000e+06,1.105151500000000000e+06,1.112842250000000000e+06,1.115167125000000000e+06,1.109172125000000000e+06,1.098360625000000000e+06,1.092554750000000000e+06,1.078703125000000000e+06,1.058414500000000000e+06,1.033607437500000000e+06,1.012267625000000000e+06,9.979096875000000000e+05,9.811490625000000000e+05,9.634737500000000000e+05,9.459705625000000000e+05,9.293850625000000000e+05,9.142900000000000000e+05,9.008355000000000000e+05,9.285005000000000000e+05,9.562513125000000000e+05,9.832005625000000000e+05,1.008760437500000000e+06,1.031342375000000000e+06,1.048797000000000000e+06,1.058359125000000000e+06,1.056735625000000000e+06,1.056351750000000000e+06,1.050895750000000000e+06,1.015674125000000000e+06,9.476813750000000000e+05,8.308693125000000000e+05,6.094459375000000000e+05,2.952277500000000000e+05,7.498411718750000000e+04
5.284518500000000000e+06,5.283080000000000000e+06,5.279668000000000000e+06,5.300517500000000000e+06,5.319006000000000000e+06,5.328634000000000000e+06,5.323179000000000000e+06,5.297207000000000000e+06,5.248208000000000000e+06,5.175834500000000000e+06,5.080673500000000000e+06,4.964363500000000000e+06,4.972243000000000000e+06,4.986120000000000000e+06,4.965227000000000000e+06,4.916236500000000000e+06,4.846367500000000000e+06,4.762411500000000000e+06,4.669811500000000000e+06,4.572257000000000000e+06,4.472756500000000000e+06,4.372555000000000000e+06,4.271397000000000000e+06,4.168494250000000000e+06,4.061569250000000000e+06,3.947788500000000000e+06,3.841998000000000000e+06,3.768352250000000000e+06,3.680485500000000000e+06,3.572596000000000000e+06,3.438479250000000000e+06,3.272030750000000000e+06,3.067448000000000000e+06,2.817728500000000000e+06,2.514751500000000000e+06,2.157380500000000000e+06,1.759073000000000000e+06,1.328555875000000000e+06,8.490625625000000000e+05,3.736785937500000000e+05,8.973035156250000000e+04
5.588669375000000000e+05,5.594331875000000000e+05,5.610178125000000000e+05,5.634443750000000000e+05,5.665334375000000000e+05,5.701068125000000000e+05,5.739902500000000000e+05,5.780337500000000000e+05,5.822763750000000000e+05,5.969868125000000000e+05,6.158848125000000000e+05,6.361925625000000000e+05,6.578581875000000000e+05,6.806799375000000000e+05,7.044498750000000000e+05,7.289994375000000000e+05,7.542130625000000000e+05,7.799683750000000000e+05,8.061345625000000000e+05,8.325733125000000000e+05,8.591355000000000000e+05,8.856991250000000000e+05,9.121683750000000000e+05,9.398868750000000000e+05,9.836070000000000000e+05,1.029841437500000000e+06,1.078564250000000000e+06,1.129698250000000000e+06,1.182934500000000000e+06,1.236966125000000000e+06,1.289983375000000000e+06,1.340043750000000000e+06,1.384851500000000000e+06,1.414963250000000000e+06,1.410569250000000000e+06,1.359289875000000000e+06,1.269915625000000000e+06,1.114942750000000000e+06,7.652643750000000000e+05,2.834290000000000000e+05,3.878334375000000000e+04
1.447386875000000000e+05,1.441560781250000000e+05,1.424971406250000000e+05,1.398880468750000000e+05,1.366092812500000000e+05,1.326845156250000000e+05,1.281744296875000000e+05,1.231886875000000000e+05,1.178797734375000000e+05,1.124298984375000000e+05,1.070287578125000000e+05,1.021807421875000000e+05,9.764421875000000000e+04,9.347145312500000000e+04,8.973527343750000000e+04,8.647546875000000000e+04,8.419703125000000000e+04,8.234820312500000000e+04,8.088245312500000000e+04,7.975355468750000000e+04,7.890942187500000000e+04,7.898885156250000000e+04,7.928946875000000000e+04,7.961029687500000000e+04,7.987646875000000000e+04,8.000518750000000000e+04,8.058067187500000000e+04,8.156810937500000000e+04,8.205387500000000000e+04,8.193787500000000000e+04,8.111619531250000000e+04,8.052214062500000000e+04,8.358296093750000000e+04,8.496053906250000000e+04,8.465652343750000000e+04,8.225300781250000000e+04,7.800533593750000000e+04,7.414095312500000000e+04,7.291364843750000000e+04,7.672627343750000000e+04,5.873924218750000000e+04
3.714725250000000000e+06,3.715846250000000000e+06,3.717419250000000000e+06,3.716565000000000000e+06,3.710263750000000000e+06,3.695498500000000000e+06,3.669387000000000000e+06,3.639376000000000000e+06,3.620685250000000000e+06,3.589308250000000000e+06,3.547095000000000000e+06,3.495754750000000000e+06,3.435633750000000000e+06,3.366596000000000000e+06,3.288794000000000000e+06,3.202721250000000000e+06,3.152231250000000000e+06,3.177542000000000000e+06,3.183266500000000000e+06,3.169461750000000000e+06,3.136350750000000000e+06,3.084264750000000000e+06,3.013572250000000000e+06,2.924700250000000000e+06,2.817991500000000000e+06,2.693829250000000000e+06,2.577488500000000000e+06,2.479631250000000000e+06,2.364722750000000000e+06,2.230982500000000000e+06,2.076966000000000000e+06,1.902289125000000000e+06,1.707654750000000000e+06,1.493255875000000000e+06,1.258755375000000000e+06,1.010061500000000000e+06,7.640927500000000000e+05,5.292870625000000000e+05,2.918123437500000000e+05,8.872042187500000000e+04,9.507142578125000000e+03
1.366992750000000000e+06,1.369771000000000000e+06,1.377314625000000000e+06,1.388647625000000000e+06,1.399202625000000000e+06,1.405922125000000000e+06,1.405986000000000000e+06,1.397206625000000000e+06,1.385023250000000000e+06,1.367173750000000000e+06,1.346143000000000000e+06,1.324327375000000000e+06,1.303227375000000000e+06,1.290895625000000000e+06,1.278607875000000000e+06,1.266869750000000000e+06,1.256235375000000000e+06,1.253495500000000000e+06,1.260425000000000000e+06,1.267998500000000000e+06,1.276083500000000000e+06,1.284305625000000000e+06,1.303388250000000000e+06,1.333028625000000000e+06,1.358753750000000000e+06,1.379157125000000000e+06,1.392515125000000000e+06,1.396756750000000000e+06,1.469360000000000000e+06,1.529993625000000000e+06,1.564075250000000000e+06,1.566209375000000000e+06,1.531562875000000000e+06,1.452921250000000000e+06,1.358809000000000000e+06,1.234952250000000000e+06,1.068128000000000000e+06,8.512565000000000000e+05,5.284788750000000000e+05,1.584017031250000000e+05,7.304745605468750000e+03
1.579721718750000000e+05,1.574147812500000000e+05,1.557809531250000000e+05,1.531260937500000000e+05,1.495064531250000000e+05,1.449835468750000000e+05,1.396276250000000000e+05,1.335280000000000000e+05,1.268639453125000000e+05,1.198599687500000000e+05,1.127311484375000000e+05,1.056721406250000000e+05,9.880255468750000000e+04,9.301302343750000000e+04,8.752906250000000000e+04,8.232297656250000000e+04,7.741340625000000000e+04,7.281637500000000000e+04,6.852846875000000000e+04,6.451949218750000000e+04,6.075855468750000000e+04,5.720758593750000000e+04,5.454836718750000000e+04,5.324577734375000000e+04,5.174058593750000000e+04,5.001019921875000000e+04,4.803331640625000000e+04,4.579334765625000000e+04,4.327584375000000000e+04,4.047291796875000000e+04,3.738341015625000000e+04,3.403028515625000000e+04,3.125401367187500000e+04,2.840364453125000000e+04,2.526585742187500000e+04,2.186096093750000000e+04,1.839334765625000000e+04,1.488425097656250000e+04,1.073674023437500000e+04,6.120292480468750000e+03,3.450826416015625000e+03
2.115488250000000000e+06,2.117792500000000000e+06,2.124284750000000000e+06,2.134272000000000000e+06,2.146995250000000000e+06,2.161651250000000000e+06,2.177414250000000000e+06,2.193457750000000000e+06,2.210106750000000000e+06,2.236392000000000000e+06,2.260851250000000000e+06,2.282718750000000000e+06,2.301659750000000000e+06,2.317595000000000000e+06,2.336356750000000000e+06,2.368205250000000000e+06,2.396369750000000000e+06,2.421362000000000000e+06,2.443774000000000000e+06,2.464262750000000000e+06,2.483469500000000000e+06,2.529993750000000000e+06,2.581015500000000000e+06,2.630575250000000000e+06,2.678466750000000000e+06,2.724150500000000000e+06,2.766430250000000000e+06,2.803206250000000000e+06,2.910696250000000000e+06,3.076170250000000000e+06,3.219470750000000000e+06,3.329123250000000000e+06,3.391523500000000000e+06,3.381265000000000000e+06,3.256554000000000000e+06,3.114804500000000000e+06,2.897805500000000000e+06,2.521397250000000000e+06,1.759567000000000000e+06,6.653141250000000000e+05,6.462784375000000000e+04
4.144710546875000000e+04,4.133295312500000000e+04,4.100474609375000000e+04,4.049205468750000000e+04,3.986811328125000000e+04,3.908660546875000000e+04,3.815952734375000000e+04,3.710591796875000000e+04,3.596845312500000000e+04,3.480398437500000000e+04,3.388615625000000000e+04,3.304416406250000000e+04,3.229370507812500000e+04,3.164126953125000000e+04,3.116417187500000000e+04,3.107730273437500000e+04,3.105754101562500000e+04,3.109963085937500000e+04,3.119435351562500000e+04,3.138364843750000000e+04,3.207239843750000000e+04,3.272532031250000000e+04,3.333108593750000000e+04,3.387614843750000000e+04,3.435174609375000000e+04,3.474960546875000000e+04,3.666988671875000000e+04,3.869319140625000000e+04,4.054189453125000000e+04,4.222990234375000000e+04,4.377498437500000000e+04,4.512216796875000000e+04,4.615861718750000000e+04,4.737728906250000000e+04,5.044069531250000000e+04,5.425923046875000000e+04,5.688383203125000000e+04,5.812101953125000000e+04,6.706037500000000000e+04,9.005376562500000000e+04,8.176996875000000000e+04
5.772162500000000000e+04,5.767444921875000000e+04,5.753949609375000000e+04,5.732398437500000000e+04,5.703278125000000000e+04,5.669001953125000000e+04,5.637576171875000000e+04,5.600635937500000000e+04,5.559562890625000000e+04,5.516660937500000000e+04,5.474647656250000000e+04,5.436496093750000000e+04,5.416863671875000000e+04,5.420691015625000000e+04,5.431824218750000000e+04,5.451582812500000000e+04,5.480677734375000000e+04,5.519788671875000000e+04,5.593034375000000000e+04,5.702704687500000000e+04,5.820717187500000000e+04,5.946755859375000000e+04,6.080112890625000000e+04,6.219764062500000000e+04,6.383926171875000000e+04,6.632353906250000000e+04,6.881540625000000000e+04,7.126928906250000000e+04,7.362693750000000000e+04,7.580311718750000000e+04,7.863113281250000000e+04,8.537482031250000000e+04,9.142686718750000000e+04,9.639675781250000000e+04,9.990986718750000000e+04,1.010844062500000000e+05,1.028569140625000000e+05,1.019704687500000000e+05,1.008980234375000000e+05,9.951213281250000000e+04,6.897392968750000000e+04
1.305915125000000000e+06,1.303618500000000000e+06,1.296839125000000000e+06,1.285666375000000000e+06,1.270117875000000000e+06,1.250178875000000000e+06,1.225837000000000000e+06,1.198309625000000000e+06,1.168716125000000000e+06,1.135715000000000000e+06,1.099987875000000000e+06,1.062301000000000000e+06,1.023268812500000000e+06,9.868691875000000000e+05,9.522728125000000000e+05,9.172241875000000000e+05,8.820763750000000000e+05,8.471730625000000000e+05,8.138793750000000000e+05,7.874876250000000000e+05,7.604481250000000000e+05,7.327549375000000000e+05,7.042937500000000000e+05,6.749116250000000000e+05,6.472125625000000000e+05,6.249540625000000000e+05,5.996573750000000000e+05,5.711653125000000000e+05,5.393410000000000000e+05,5.041210312500000000e+05,4.741279375000000000e+05,4.593291562500000000e+05,4.352099687500000000e+05,4.020480937500000000e+05,3.605482187500000000e+05,3.113604062500000000e+05,2.668545937500000000e+05,2.203679531250000000e+05,1.717694843750000000e+05,1.202302343750000000e+05,5.961005078125000000e+04
2.852967750000000000e+06,2.858577000000000000e+06,2.872920250000000000e+06,2.893129750000000000e+06,2.921122250000000000e+06,2.946121000000000000e+06,2.963265750000000000e+06,2.968345750000000000e+06,2.965301250000000000e+06,2.967812250000000000e+06,2.959113250000000000e+06,2.940712250000000000e+06,2.913114750000000000e+06,2.913353500000000000e+06,2.902308750000000000e+06,2.879642000000000000e+06,2.847097500000000000e+06,2.835627250000000000e+06,2.838770500000000000e+06,2.829808750000000000e+06,2.810368750000000000e+06,2.781681000000000000e+06,2.744532250000000000e+06,2.828933500000000000e+06,2.909120750000000000e+06,2.964343000000000000e+06,2.994032750000000000e+06,2.996667000000000000e+06,2.970153250000000000e+06,2.911273000000000000e+06,2.816524750000000000e+06,2.750306750000000000e+06,2.664345250000000000e+06,2.533830000000000000e+06,2.347880750000000000e+06,2.098449000000000000e+06,1.785745125000000000e+06,1.410772000000000000e+06,9.592715625000000000e+05,4.669218750000000000e+05,1.248749296875000000e+05
2.727870500000000000e+06,2.707323750000000000e+06,2.650144000000000000e+06,2.563159000000000000e+06,2.453216750000000000e+06,2.327029500000000000e+06,2.191055500000000000e+06,2.051397000000000000e+06,1.913622750000000000e+06,1.782833875000000000e+06,1.663751375000000000e+06,1.570702500000000000e+06,1.498820125000000000e+06,1.440253500000000000e+06,1.394354875000000000e+06,1.359954500000000000e+06,1.335062625000000000e+06,1.317694000000000000e+06,1.305829250000000000e+06,1.299665125000000000e+06,1.346031625000000000e+06,1.388678000000000000e+06,1.425751625000000000e+06,1.455183500000000000e+06,1.475157375000000000e+06,1.483891875000000000e+06,1.479716250000000000e+06,1.461225250000000000e+06,1.427157625000000000e+06,1.376505750000000000e+06,1.340187625000000000e+06,1.289945000000000000e+06,1.221916875000000000e+06,1.134493625000000000e+06,1.026372062500000000e+06,8.969401875000000000e+05,7.474453125000000000e+05,5.814666250000000000e+05,4.017997187500000000e+05,2.189341562500000000e+05,7.747680468750000000e+04
4.511611500000000000e+06,4.500444500000000000e+06,4.468240000000000000e+06,4.422843500000000000e+06,4.370057000000000000e+06,4.303380000000000000e+06,4.223631000000000000e+06,4.132255750000000000e+06,4.033547250000000000e+06,3.933344000000000000e+06,3.837437750000000000e+06,3.751193750000000000e+06,3.676860750000000000e+06,3.615242750000000000e+06,3.591438250000000000e+06,3.595331000000000000e+06,3.611341500000000000e+06,3.639306500000000000e+06,3.678708750000000000e+06,3.728448750000000000e+06,3.787294250000000000e+06,3.854095000000000000e+06,3.927752500000000000e+06,4.128131250000000000e+06,4.380793000000000000e+06,4.640571500000000000e+06,4.907161000000000000e+06,5.180706000000000000e+06,5.460424000000000000e+06,5.741195500000000000e+06,6.015980000000000000e+06,6.282158000000000000e+06,6.649860000000000000e+06,7.111750500000000000e+06,7.479113500000000000e+06,7.682738000000000000e+06,7.803796000000000000e+06,7.580748000000000000e+06,5.600825500000000000e+06,1.918720250000000000e+06,1.123623046875000000e+05
1.886201250000000000e+06,1.878717750000000000e+06,1.857314250000000000e+06,1.823470875000000000e+06,1.778595875000000000e+06,1.724087250000000000e+06,1.661382500000000000e+06,1.592035375000000000e+06,1.518132125000000000e+06,1.445546875000000000e+06,1.381044125000000000e+06,1.317877625000000000e+06,1.257604625000000000e+06,1.201377250000000000e+06,1.150341625000000000e+06,1.105205500000000000e+06,1.070804875000000000e+06,1.050240750000000000e+06,1.033992500000000000e+06,1.021781687500000000e+06,1.013202375000000000e+06,1.007625375000000000e+06,1.004209312500000000e+06,1.002000687500000000e+06,9.998496875000000000e+05,1.023366500000000000e+06,1.057229625000000000e+06,1.085837375000000000e+06,1.107007875000000000e+06,1.117841000000000000e+06,1.115055875000000000e+06,1.095396125000000000e+06,1.055845750000000000e+06,9.919560000000000000e+05,9.336377500000000000e+05,8.462048125000000000e+05,7.327357500000000000e+05,5.889652500000000000e+05,3.838091875000000000e+05,1.425243437500000000e+05,1.810244140625000000e+04
2.554635500000000000e+06,2.545267500000000000e+06,2.518217500000000000e+06,2.475050750000000000e+06,2.417335250000000000e+06,2.346665250000000000e+06,2.264683500000000000e+06,2.173165500000000000e+06,2.074686000000000000e+06,1.972248250000000000e+06,1.868792500000000000e+06,1.767066125000000000e+06,1.668929750000000000e+06,1.575752750000000000e+06,1.488794375000000000e+06,1.416833125000000000e+06,1.351327000000000000e+06,1.291981375000000000e+06,1.238576625000000000e+06,1.190394875000000000e+06,1.146688625000000000e+06,1.106494375000000000e+06,1.068661250000000000e+06,1.036677312500000000e+06,1.012680562500000000e+06,9.863301875000000000e+05,9.563255000000000000e+05,9.213954375000000000e+05,8.803081250000000000e+05,8.318721875000000000e+05,7.986243125000000000e+05,7.752376250000000000e+05,7.341061875000000000e+05,6.737455625000000000e+05,5.922577500000000000e+05,4.918624687500000000e+05,4.009330625000000000e+05,3.059105625000000000e+05,1.854657968750000000e+05,5.646814453125000000e+04,3.228582031250000000e+03
7.249379375000000000e+05,7.269759375000000000e+05,7.326070625000000000e+05,7.395772500000000000e+05,7.458417500000000000e+05,7.493887500000000000e+05,7.483258125000000000e+05,7.411185625000000000e+05,7.283315625000000000e+05,7.157549375000000000e+05,6.993026875000000000e+05,6.802463750000000000e+05,6.589526875000000000e+05,6.354305000000000000e+05,6.097783750000000000e+05,5.822980000000000000e+05,5.556787500000000000e+05,5.322622500000000000e+05,5.073757500000000000e+05,4.813320937500000000e+05,4.544371250000000000e+05,4.269702812500000000e+05,3.991789062500000000e+05,3.712876875000000000e+05,3.474387500000000000e+05,3.336925000000000000e+05,3.175184062500000000e+05,2.991897187500000000e+05,2.789753750000000000e+05,2.571301875000000000e+05,2.339129531250000000e+05,2.096007031250000000e+05,1.845080625000000000e+05,1.633382812500000000e+05,1.427922500000000000e+05,1.216646875000000000e+05,1.000615390625000000e+05,7.825262500000000000e+04,5.632284375000000000e+04,3.476190234375000000e+04,1.701268750000000000e+04
5.515362500000000000e+05,5.516297500000000000e+05,5.518389375000000000e+05,5.520323750000000000e+05,5.520563750000000000e+05,5.517467500000000000e+05,5.520098125000000000e+05,5.518738750000000000e+05,5.511850000000000000e+05,5.500891250000000000e+05,5.487586875000000000e+05,5.473820625000000000e+05,5.481063125000000000e+05,5.502235625000000000e+05,5.524811875000000000e+05,5.549860000000000000e+05,5.578360000000000000e+05,5.637165625000000000e+05,5.734993125000000000e+05,5.836005000000000000e+05,5.940915000000000000e+05,6.050309375000000000e+05,6.169057500000000000e+05,6.395599375000000000e+05,6.624380000000000000e+05,6.855481250000000000e+05,7.089121875000000000e+05,7.325906875000000000e+05,7.607656875000000000e+05,8.315590625000000000e+05,9.018481875000000000e+05,9.712064375000000000e+05,1.039742125000000000e+06,1.099566000000000000e+06,1.129526125000000000e+06,1.160947625000000000e+06,1.197690875000000000e+06,1.186925875000000000e+06,8.700218750000000000e+05,2.551858593750000000e+05,3.719709716796875000e+03
3.052604000000000000e+06,3.048938250000000000e+06,3.037833000000000000e+06,3.019055000000000000e+06,2.992317250000000000e+06,2.957329750000000000e+06,2.913844000000000000e+06,2.861767250000000000e+06,2.842957500000000000e+06,2.837866500000000000e+06,2.826234250000000000e+06,2.808453750000000000e+06,2.784644500000000000e+06,2.754900250000000000e+06,2.719539250000000000e+06,2.679017500000000000e+06,2.633825250000000000e+06,2.584514250000000000e+06,2.531470750000000000e+06,2.474775000000000000e+06,2.414465000000000000e+06,2.350339500000000000e+06,2.281971500000000000e+06,2.208869500000000000e+06,2.163489500000000000e+06,2.112800000000000000e+06,2.055096750000000000e+06,1.988858250000000000e+06,1.912548750000000000e+06,1.824580125000000000e+06,1.723448250000000000e+06,1.607826750000000000e+06,1.476714625000000000e+06,1.329511000000000000e+06,1.166156750000000000e+06,9.879580000000000000e+05,7.987978750000000000e+05,6.040114375000000000e+05,4.078190000000000000e+05,2.230545781250000000e+05,8.429810156250000000e+04
6.610499000000000000e+06,6.608143000000000000e+06,6.598806000000000000e+06,6.578798500000000000e+06,6.586883000000000000e+06,6.582370500000000000e+06,6.558069500000000000e+06,6.508150000000000000e+06,6.432359500000000000e+06,6.333752500000000000e+06,6.215623500000000000e+06,6.081161500000000000e+06,5.931511000000000000e+06,5.767079500000000000e+06,5.683777500000000000e+06,5.699235500000000000e+06,5.680186000000000000e+06,5.627424500000000000e+06,5.541939500000000000e+06,5.424646500000000000e+06,5.276716500000000000e+06,5.099644000000000000e+06,4.895139000000000000e+06,4.665063000000000000e+06,4.411470000000000000e+06,4.182566750000000000e+06,3.971047750000000000e+06,3.738074750000000000e+06,3.483772500000000000e+06,3.208752500000000000e+06,2.914244500000000000e+06,2.602756000000000000e+06,2.277975750000000000e+06,1.943161000000000000e+06,1.601078875000000000e+06,1.260011500000000000e+06,9.375216875000000000e+05,6.426398125000000000e+05,3.641203750000000000e+05,1.323457500000000000e+05,2.490479882812500000e+04
9.678602500000000000e+05,9.675753750000000000e+05,9.667410625000000000e+05,9.653553750000000000e+05,9.633816875000000000e+05,9.607586875000000000e+05,9.574100625000000000e+05,9.532596875000000000e+05,9.483002500000000000e+05,9.425868125000000000e+05,9.362101250000000000e+05,9.292975000000000000e+05,9.291742500000000000e+05,9.290886250000000000e+05,9.286167500000000000e+05,9.279067500000000000e+05,9.271133125000000000e+05,9.264200625000000000e+05,9.313399375000000000e+05,9.444777500000000000e+05,9.573860000000000000e+05,9.701784375000000000e+05,9.829025625000000000e+05,9.955513750000000000e+05,1.007917375000000000e+06,1.033464062500000000e+06,1.093699000000000000e+06,1.151034750000000000e+06,1.204232875000000000e+06,1.250804875000000000e+06,1.287520250000000000e+06,1.310594500000000000e+06,1.315774125000000000e+06,1.301490750000000000e+06,1.287034875000000000e+06,1.228906125000000000e+06,1.129845875000000000e+06,9.707075000000000000e+05,6.654908750000000000e+05,2.541453906250000000e+05,3.428976171875000000e+04
7.249379375000000000e+05,7.269759375000000000e+05,7.326070625000000000e+05,7.395772500000000000e+05,7.458417500000000000e+05,7.493887500000000000e+05,7.483258125000000000e+05,7.411185625000000000e+05,7.283315625000000000e+05,7.157549375000000000e+05,6.993026875000000000e+05,6.802463750000000000e+05,6.589526875000000000e+05,6.354305000000000000e+05,6.097783750000000000e+05,5.822980000000000000e+05,5.556787500000000000e+05,5.322622500000000000e+05,5.073757500000000000e+05,4.813320937500000000e+05,4.544371250000000000e+05,4.269702812500000000e+05,3.991789062500000000e+05,3.712876875000000000e+05,3.474387500000000000e+05,3.336925000000000000e+05,3.175184062500000000e+05,2.991897187500000000e+05,2.789753750000000000e+05,2.571301875000000000e+05,2.339129531250000000e+05,2.096007031250000000e+05,1.845080625000000000e+05,1.633382812500000000e+05,1.427922500000000000e+05,1.216646875000000000e+05,1.000615390625000000e+05,7.825262500000000000e+04,5.632284375000000000e+04,3.476190234375000000e+04,1.701268750000000000e+04
8.907803000000000000e+06,8.898318000000000000e+06,8.869371000000000000e+06,8.819319000000000000e+06,8.745831000000000000e+06,8.646462000000000000e+06,8.519153000000000000e+06,8.362836500000000000e+06,8.179801500000000000e+06,7.975018000000000000e+06,7.754813000000000000e+06,7.526615000000000000e+06,7.297788500000000000e+06,7.075346500000000000e+06,6.866140000000000000e+06,6.675579500000000000e+06,6.507119000000000000e+06,6.363781500000000000e+06,6.247248000000000000e+06,6.157419000000000000e+06,6.096664000000000000e+06,6.125733500000000000e+06,6.184395500000000000e+06,6.272750000000000000e+06,6.390550500000000000e+06,6.537600500000000000e+06,6.714374000000000000e+06,6.922231000000000000e+06,7.161700000000000000e+06,7.427656000000000000e+06,7.713267500000000000e+06,8.019508500000000000e+06,8.352262000000000000e+06,8.654584000000000000e+06,8.772774000000000000e+06,8.631490000000000000e+06,8.380696000000000000e+06,7.740984500000000000e+06,5.162250500000000000e+06,1.270545000000000000e+06,3.041189941406250000e+03
4.331766500000000000e+06,4.341230500000000000e+06,4.367862500000000000e+06,4.418328000000000000e+06,4.485335500000000000e+06,4.564263000000000000e+06,4.651723500000000000e+06,4.744187000000000000e+06,4.837566500000000000e+06,4.927424000000000000e+06,5.021074500000000000e+06,5.136630000000000000e+06,5.234740000000000000e+06,5.312679500000000000e+06,5.367845500000000000e+06,5.398416000000000000e+06,5.403537500000000000e+06,5.410714000000000000e+06,5.424021000000000000e+06,5.405042500000000000e+06,5.354129000000000000e+06,5.271582000000000000e+06,5.157673500000000000e+06,5.012697500000000000e+06,4.836738500000000000e+06,4.629976000000000000e+06,4.481051500000000000e+06,4.385838500000000000e+06,4.237272000000000000e+06,4.033338000000000000e+06,3.772934750000000000e+06,3.457530000000000000e+06,3.091649500000000000e+06,2.679151500000000000e+06,2.265731000000000000e+06,1.865654750000000000e+06,1.452959500000000000e+06,1.035917500000000000e+06,5.723151250000000000e+05,1.403925312500000000e+05,1.331715209960937500e+03
1.788842250000000000e+06,1.787614625000000000e+06,1.783230000000000000e+06,1.774469000000000000e+06,1.760048375000000000e+06,1.738792375000000000e+06,1.709767125000000000e+06,1.672540500000000000e+06,1.628746500000000000e+06,1.583609375000000000e+06,1.546064250000000000e+06,1.508911250000000000e+06,1.473017625000000000e+06,1.438508250000000000e+06,1.405591500000000000e+06,1.374322000000000000e+06,1.344467875000000000e+06,1.331636625000000000e+06,1.319359875000000000e+06,1.305478125000000000e+06,1.289205250000000000e+06,1.269735125000000000e+06,1.246245125000000000e+06,1.217909250000000000e+06,1.193021625000000000e+06,1.205088500000000000e+06,1.204736000000000000e+06,1.191036375000000000e+06,1.163175500000000000e+06,1.120582500000000000e+06,1.062948875000000000e+06,9.903734375000000000e+05,9.035106875000000000e+05,8.283319375000000000e+05,7.452985000000000000e+05,6.497176875000000000e+05,5.416906875000000000e+05,4.231785312500000000e+05,2.964435000000000000e+05,1.665919687500000000e+05,6.166872656250000000e+04
2.023341625000000000e+06,2.017967250000000000e+06,2.002412750000000000e+06,1.977514000000000000e+06,1.944102375000000000e+06,1.903024375000000000e+06,1.855158500000000000e+06,1.801471625000000000e+06,1.743452000000000000e+06,1.691543250000000000e+06,1.662479375000000000e+06,1.632348375000000000e+06,1.601817750000000000e+06,1.571317625000000000e+06,1.541345375000000000e+06,1.512190125000000000e+06,1.483799750000000000e+06,1.456082500000000000e+06,1.428730125000000000e+06,1.401109750000000000e+06,1.372527375000000000e+06,1.342171875000000000e+06,1.309129125000000000e+06,1.272469625000000000e+06,1.231265375000000000e+06,1.184618875000000000e+06,1.131747250000000000e+06,1.087227500000000000e+06,1.039265375000000000e+06,9.835332500000000000e+05,9.191615625000000000e+05,8.457961875000000000e+05,7.635443125000000000e+05,6.719045625000000000e+05,5.697355000000000000e+05,4.594173125000000000e+05,3.496861562500000000e+05,2.436700156250000000e+05,1.308558359375000000e+05,3.312935546875000000e+04,1.669319580078125000e+03
4.704952000000000000e+06,4.723393500000000000e+06,4.792397500000000000e+06,4.897313500000000000e+06,5.029731000000000000e+06,5.181058000000000000e+06,5.342516500000000000e+06,5.505344000000000000e+06,5.706993500000000000e+06,5.960831500000000000e+06,6.193566000000000000e+06,6.396641000000000000e+06,6.564701000000000000e+06,6.694163500000000000e+06,7.109533000000000000e+06,7.478474500000000000e+06,7.765300500000000000e+06,7.971345500000000000e+06,8.099435000000000000e+06,8.153890000000000000e+06,8.139593000000000000e+06,8.060922000000000000e+06,7.921739500000000000e+06,7.725775500000000000e+06,7.479710500000000000e+06,7.301684000000000000e+06,7.075283500000000000e+06,6.799165500000000000e+06,6.472118500000000000e+06,6.092313500000000000e+06,5.658444500000000000e+06,5.171148500000000000e+06,4.633212000000000000e+06,4.046322000000000000e+06,3.411004750000000000e+06,2.741627000000000000e+06,2.077812750000000000e+06,1.442162000000000000e+06,8.072386875000000000e+05,2.615634375000000000e+05,3.098991601562500000e+04
2.816748750000000000e+06,2.818031250000000000e+06,2.820433000000000000e+06,2.821459500000000000e+06,2.818379000000000000e+06,2.808450500000000000e+06,2.789121250000000000e+06,2.758318250000000000e+06,2.715745250000000000e+06,2.672164000000000000e+06,2.725192750000000000e+06,2.758162500000000000e+06,2.771586750000000000e+06,2.766861750000000000e+06,2.745831750000000000e+06,2.710933250000000000e+06,2.664971250000000000e+06,2.610595250000000000e+06,2.549928250000000000e+06,2.484366750000000000e+06,2.414988250000000000e+06,2.377788250000000000e+06,2.336875000000000000e+06,2.291449750000000000e+06,2.240475500000000000e+06,2.182730500000000000e+06,2.116820750000000000e+06,2.041125875000000000e+06,1.954012250000000000e+06,1.853728750000000000e+06,1.738676000000000000e+06,1.607834000000000000e+06,1.460830375000000000e+06,1.297169250000000000e+06,1.116325875000000000e+06,9.215041250000000000e+05,7.224190000000000000e+05,5.251201250000000000e+05,3.240388125000000000e+05,1.408397187500000000e+05,3.744497656250000000e+04
6.540103750000000000e+05,6.553746875000000000e+05,6.597556875000000000e+05,6.673521250000000000e+05,6.767195625000000000e+05,6.871170625000000000e+05,6.978163750000000000e+05,7.081697500000000000e+05,7.181485625000000000e+05,7.283798750000000000e+05,7.456691875000000000e+05,7.637798750000000000e+05,7.826791250000000000e+05,8.021371875000000000e+05,8.219486875000000000e+05,8.481588125000000000e+05,8.829304375000000000e+05,9.175016250000000000e+05,9.517284375000000000e+05,9.853925000000000000e+05,1.018243375000000000e+06,1.077047375000000000e+06,1.166480875000000000e+06,1.253220125000000000e+06,1.336338500000000000e+06,1.414704750000000000e+06,1.486862250000000000e+06,1.550936625000000000e+06,1.604535875000000000e+06,1.668316375000000000e+06,1.743526500000000000e+06,1.803394375000000000e+06,1.840702500000000000e+06,1.840124000000000000e+06,1.775295125000000000e+06,1.632162000000000000e+06,1.428720375000000000e+06,1.149361125000000000e+06,6.837746875000000000e+05,1.643891718750000000e+05,1.585755493164062500e+03
3.950212500000000000e+06,3.948729750000000000e+06,3.942447750000000000e+06,3.927917250000000000e+06,3.901372250000000000e+06,3.860785500000000000e+06,3.814788250000000000e+06,3.748528250000000000e+06,3.665814250000000000e+06,3.573679000000000000e+06,3.494597250000000000e+06,3.428607500000000000e+06,3.367439500000000000e+06,3.311992500000000000e+06,3.267519500000000000e+06,3.263051500000000000e+06,3.261418750000000000e+06,3.262628000000000000e+06,3.265848250000000000e+06,3.269151000000000000e+06,3.311302750000000000e+06,3.355995250000000000e+06,3.389007750000000000e+06,3.407463500000000000e+06,3.408259250000000000e+06,3.388108000000000000e+06,3.355338000000000000e+06,3.453068750000000000e+06,3.504685500000000000e+06,3.503673500000000000e+06,3.443667000000000000e+06,3.319513500000000000e+06,3.128016000000000000e+06,2.866032750000000000e+06,2.597114000000000000e+06,2.295430250000000000e+06,1.934364375000000000e+06,1.515237375000000000e+06,1.008087437500000000e+06,4.607593125000000000e+05,1.105405859375000000e+05
3.581978500000000000e+06,3.584087500000000000e+06,3.588479750000000000e+06,3.595924500000000000e+06,3.604522500000000000e+06,3.605545500000000000e+06,3.594525500000000000e+06,3.567686500000000000e+06,3.539071250000000000e+06,3.507030000000000000e+06,3.458361000000000000e+06,3.394879750000000000e+06,3.347648250000000000e+06,3.302925250000000000e+06,3.243706500000000000e+06,3.173462250000000000e+06,3.121363750000000000e+06,3.096851000000000000e+06,3.062796000000000000e+06,3.023274000000000000e+06,2.981880750000000000e+06,2.941466250000000000e+06,3.009028000000000000e+06,3.115498750000000000e+06,3.214337000000000000e+06,3.308700500000000000e+06,3.400607250000000000e+06,3.490751500000000000e+06,3.578464000000000000e+06,3.659015750000000000e+06,3.725710250000000000e+06,3.871926750000000000e+06,4.021753250000000000e+06,4.137672500000000000e+06,4.158919500000000000e+06,4.041255750000000000e+06,3.799174750000000000e+06,3.341280500000000000e+06,2.259999000000000000e+06,7.358102500000000000e+05,4.531595312500000000e+04
1.834566406250000000e+05,1.834901406250000000e+05,1.835714062500000000e+05,1.836684843750000000e+05,1.837460468750000000e+05,1.837660937500000000e+05,1.836887031250000000e+05,1.834729531250000000e+05,1.830789687500000000e+05,1.824690781250000000e+05,1.816083906250000000e+05,1.804658437500000000e+05,1.790160781250000000e+05,1.772383125000000000e+05,1.763720312500000000e+05,1.786222656250000000e+05,1.802621250000000000e+05,1.812418437500000000e+05,1.815207812500000000e+05,1.810675468750000000e+05,1.798534843750000000e+05,1.778521250000000000e+05,1.750384531250000000e+05,1.713886875000000000e+05,1.668775625000000000e+05,1.614819218750000000e+05,1.551818281250000000e+05,1.479622968750000000e+05,1.402076562500000000e+05,1.339051718750000000e+05,1.267481171875000000e+05,1.186805859375000000e+05,1.096572109375000000e+05,9.963079687500000000e+04,8.854624218750000000e+04,7.643016406250000000e+04,6.353570312500000000e+04,5.009778906250000000e+04,3.576151171875000000e+04,2.101333984375000000e+04,9.997772460937500000e+03
6.288996000000000000e+06,6.310474500000000000e+06,6.368287000000000000e+06,6.452437000000000000e+06,6.552854000000000000e+06,6.659417000000000000e+06,6.784797500000000000e+06,6.940243500000000000e+06,7.076664500000000000e+06,7.200464500000000000e+06,7.318178000000000000e+06,7.435572000000000000e+06,7.552038000000000000e+06,7.663737000000000000e+06,7.766832000000000000e+06,7.858515500000000000e+06,7.937279500000000000e+06,8.186800500000000000e+06,8.506066000000000000e+06,8.799952000000000000e+06,9.062371000000000000e+06,9.286773000000000000e+06,9.466127000000000000e+06,9.592882000000000000e+06,9.658223000000000000e+06,9.652876000000000000e+06,9.567326000000000000e+06,9.392007000000000000e+06,9.137892000000000000e+06,8.967741000000000000e+06,8.693278000000000000e+06,8.300149000000000000e+06,7.776545500000000000e+06,7.103979500000000000e+06,6.256910000000000000e+06,5.243918000000000000e+06,4.141135000000000000e+06,2.982589250000000000e+06,1.671699625000000000e+06,4.645111562500000000e+05,2.231316406250000000e+04
3.708797812500000000e+05,3.700374687500000000e+05,3.677274687500000000e+05,3.642540937500000000e+05,3.599025312500000000e+05,3.549502187500000000e+05,3.496765625000000000e+05,3.443666250000000000e+05,3.392746875000000000e+05,3.346535625000000000e+05,3.330150312500000000e+05,3.342367500000000000e+05,3.363821250000000000e+05,3.393717500000000000e+05,3.431321562500000000e+05,3.475527187500000000e+05,3.524587187500000000e+05,3.576519375000000000e+05,3.706505625000000000e+05,3.900889062500000000e+05,4.085930000000000000e+05,4.259067812500000000e+05,4.417655937500000000e+05,4.558601875000000000e+05,4.678289062500000000e+05,4.772687500000000000e+05,4.837050312500000000e+05,4.865811250000000000e+05,4.852830937500000000e+05,4.807641250000000000e+05,4.797833125000000000e+05,4.734101875000000000e+05,4.605160625000000000e+05,4.394365625000000000e+05,4.078627187500000000e+05,3.646476250000000000e+05,3.114020312500000000e+05,2.479369531250000000e+05,1.670274062500000000e+05,7.715178906250000000e+04,2.122801367187500000e+04
3.163990000000000000e+06,3.166059250000000000e+06,3.171603500000000000e+06,3.179266000000000000e+06,3.187349750000000000e+06,3.197296250000000000e+06,3.211365250000000000e+06,3.220755250000000000e+06,3.223684000000000000e+06,3.221832250000000000e+06,3.223917250000000000e+06,3.216801000000000000e+06,3.201325500000000000e+06,3.194920000000000000e+06,3.192164750000000000e+06,3.182824000000000000e+06,3.169016750000000000e+06,3.174172250000000000e+06,3.192434250000000000e+06,3.207061750000000000e+06,3.219688000000000000e+06,3.231205500000000000e+06,3.257254000000000000e+06,3.316585250000000000e+06,3.369854250000000000e+06,3.415616000000000000e+06,3.451331750000000000e+06,3.473129750000000000e+06,3.476170250000000000e+06,3.581674750000000000e+06,3.712752250000000000e+06,3.787326500000000000e+06,3.789972000000000000e+06,3.697316500000000000e+06,3.475748000000000000e+06,3.141952250000000000e+06,2.811016750000000000e+06,2.345179500000000000e+06,1.594626625000000000e+06,6.324309375000000000e+05,8.620201562500000000e+04
1.037927750000000000e+06,1.041329062500000000e+06,1.050806250000000000e+06,1.065258125000000000e+06,1.083558875000000000e+06,1.104550250000000000e+06,1.127038375000000000e+06,1.150352125000000000e+06,1.176667000000000000e+06,1.202240375000000000e+06,1.226574500000000000e+06,1.249136375000000000e+06,1.273019125000000000e+06,1.299102250000000000e+06,1.320650875000000000e+06,1.336847250000000000e+06,1.347937750000000000e+06,1.368328500000000000e+06,1.380314500000000000e+06,1.383399250000000000e+06,1.377183125000000000e+06,1.370171000000000000e+06,1.369047125000000000e+06,1.355095875000000000e+06,1.328439875000000000e+06,1.289367250000000000e+06,1.238341375000000000e+06,1.226677625000000000e+06,1.214747250000000000e+06,1.180512375000000000e+06,1.124967375000000000e+06,1.049533250000000000e+06,9.561991875000000000e+05,8.474581875000000000e+05,7.553777500000000000e+05,6.540482500000000000e+05,5.418010000000000000e+05,4.208580312500000000e+05,2.935121250000000000e+05,1.645870000000000000e+05,6.107524218750000000e+04
1.154359921875000000e+05,1.150860156250000000e+05,1.140281796875000000e+05,1.122235468750000000e+05,1.096231328125000000e+05,1.061954531250000000e+05,1.019465859375000000e+05,9.730107812500000000e+04,9.333116406250000000e+04,8.871385937500000000e+04,8.370181250000000000e+04,7.856764843750000000e+04,7.350745312500000000e+04,7.061846875000000000e+04,6.902960937500000000e+04,6.710424218750000000e+04,6.502751953125000000e+04,6.293629296875000000e+04,6.091390234375000000e+04,5.899071875000000000e+04,5.717186718750000000e+04,5.544364843750000000e+04,5.377949609375000000e+04,5.214627734375000000e+04,5.051369140625000000e+04,4.967365625000000000e+04,4.881916796875000000e+04,4.792398437500000000e+04,4.696489062500000000e+04,4.593389453125000000e+04,4.482457031250000000e+04,4.359705078125000000e+04,4.218873046875000000e+04,4.064083984375000000e+04,3.913789453125000000e+04,3.758343750000000000e+04,3.522829296875000000e+04,3.211289843750000000e+04,3.087890820312500000e+04,3.213946484375000000e+04,2.549211718750000000e+04
9.159378125000000000e+05,9.175252500000000000e+05,9.218507500000000000e+05,9.281882500000000000e+05,9.357548125000000000e+05,9.464351250000000000e+05,9.569685000000000000e+05,9.665441875000000000e+05,9.749842500000000000e+05,9.833074375000000000e+05,9.942257500000000000e+05,1.004684750000000000e+06,1.014501562500000000e+06,1.025101000000000000e+06,1.040816312500000000e+06,1.054205625000000000e+06,1.064832500000000000e+06,1.075313750000000000e+06,1.092792250000000000e+06,1.104709375000000000e+06,1.110434500000000000e+06,1.109394000000000000e+06,1.115652375000000000e+06,1.118961000000000000e+06,1.111549250000000000e+06,1.093062875000000000e+06,1.063297875000000000e+06,1.032145312500000000e+06,1.038788750000000000e+06,1.024092000000000000e+06,9.879036875000000000e+05,9.307919375000000000e+05,8.541682500000000000e+05,7.594102500000000000e+05,6.638446875000000000e+05,5.656110000000000000e+05,4.581883437500000000e+05,3.436013750000000000e+05,2.115472656250000000e+05,7.826405468750000000e+04,1.237263769531250000e+04
4.095634500000000000e+06,4.092869250000000000e+06,4.084539750000000000e+06,4.070509250000000000e+06,4.050557500000000000e+06,4.024416500000000000e+06,3.991803000000000000e+06,3.952519750000000000e+06,3.907138750000000000e+06,3.856712000000000000e+06,3.802340750000000000e+06,3.745152000000000000e+06,3.701720500000000000e+06,3.675180000000000000e+06,3.647668750000000000e+06,3.619935500000000000e+06,3.592744250000000000e+06,3.566952250000000000e+06,3.543326250000000000e+06,3.522432500000000000e+06,3.504853250000000000e+06,3.490946500000000000e+06,3.580871000000000000e+06,3.709006750000000000e+06,3.837366000000000000e+06,3.965508750000000000e+06,4.092246500000000000e+06,4.215313500000000000e+06,4.331060000000000000e+06,4.431224500000000000e+06,4.505281500000000000e+06,4.541886500000000000e+06,4.665307500000000000e+06,4.732943500000000000e+06,4.674740500000000000e+06,4.444885500000000000e+06,4.070645250000000000e+06,3.470229250000000000e+06,2.244290000000000000e+06,6.580312500000000000e+05,2.410364453125000000e+04
4.821884375000000000e+04,4.819516406250000000e+04,4.809500390625000000e+04,4.787058984375000000e+04,4.756797265625000000e+04,4.705292578125000000e+04,4.627129687500000000e+04,4.518755468750000000e+04,4.383417187500000000e+04,4.228030859375000000e+04,4.059339453125000000e+04,3.900380859375000000e+04,3.738655468750000000e+04,3.573227734375000000e+04,3.406407421875000000e+04,3.240423437500000000e+04,3.077169335937500000e+04,2.941003320312500000e+04,2.812179687500000000e+04,2.685390429687500000e+04,2.561076953125000000e+04,2.439287695312500000e+04,2.319707812500000000e+04,2.235758007812500000e+04,2.149955468750000000e+04,2.059526953125000000e+04,1.964124218750000000e+04,1.863376562500000000e+04,1.756938476562500000e+04,1.739190820312500000e+04,1.706459179687500000e+04,1.650445312500000000e+04,1.571630468750000000e+04,1.470852441406250000e+04,1.348964843750000000e+04,1.257098144531250000e+04,1.166187597656250000e+04,1.062228222656250000e+04,9.442912109375000000e+03,8.078906250000000000e+03,6.493570800781250000e+03
1.692166750000000000e+06,1.682691125000000000e+06,1.655640875000000000e+06,1.613168000000000000e+06,1.557517125000000000e+06,1.490995250000000000e+06,1.417150000000000000e+06,1.340472750000000000e+06,1.260393375000000000e+06,1.180111625000000000e+06,1.102566875000000000e+06,1.030289437500000000e+06,9.644960000000000000e+05,9.057714375000000000e+05,8.546546875000000000e+05,8.112720000000000000e+05,7.752602500000000000e+05,7.462914375000000000e+05,7.241310625000000000e+05,7.147441250000000000e+05,7.103398125000000000e+05,7.104080000000000000e+05,7.144071250000000000e+05,7.217917500000000000e+05,7.320141250000000000e+05,7.444970625000000000e+05,7.586217500000000000e+05,7.833257500000000000e+05,8.365333750000000000e+05,8.898739375000000000e+05,9.413269375000000000e+05,9.882486250000000000e+05,1.027341687500000000e+06,1.051335000000000000e+06,1.047195937500000000e+06,1.047345187500000000e+06,1.022450187500000000e+06,9.446685000000000000e+05,7.281717500000000000e+05,3.634601875000000000e+05,8.985478125000000000e+04
6.868659375000000000e+05,6.828838750000000000e+05,6.716030000000000000e+05,6.539079375000000000e+05,6.306489375000000000e+05,6.035816875000000000e+05,5.739759375000000000e+05,5.418948750000000000e+05,5.089834062500000000e+05,4.770682500000000000e+05,4.497113437500000000e+05,4.264684375000000000e+05,4.076011562500000000e+05,3.930146562500000000e+05,3.854480312500000000e+05,3.812725625000000000e+05,3.801408125000000000e+05,3.816651875000000000e+05,3.903575312500000000e+05,4.005259062500000000e+05,4.117515937500000000e+05,4.236711875000000000e+05,4.389763437500000000e+05,4.595607812500000000e+05,4.796141250000000000e+05,4.988145625000000000e+05,5.167573750000000000e+05,5.329549375000000000e+05,5.720641250000000000e+05,6.162272500000000000e+05,6.546606875000000000e+05,6.849779375000000000e+05,7.044521250000000000e+05,7.076341250000000000e+05,6.956938125000000000e+05,6.771090000000000000e+05,6.352178750000000000e+05,5.570644375000000000e+05,3.870885937500000000e+05,1.426477343750000000e+05,1.534990820312500000e+04
2.346617750000000000e+06,2.346179750000000000e+06,2.349071750000000000e+06,2.358862750000000000e+06,2.369266500000000000e+06,2.378290750000000000e+06,2.384044500000000000e+06,2.384975750000000000e+06,2.381302250000000000e+06,2.374342250000000000e+06,2.365581250000000000e+06,2.356541500000000000e+06,2.389495500000000000e+06,2.484256750000000000e+06,2.575466000000000000e+06,2.663150750000000000e+06,2.747832000000000000e+06,2.830066750000000000e+06,2.910328750000000000e+06,2.988903750000000000e+06,3.065947250000000000e+06,3.141592500000000000e+06,3.254780500000000000e+06,3.402967750000000000e+06,3.558698000000000000e+06,3.721249750000000000e+06,3.889699250000000000e+06,4.062840000000000000e+06,4.238536500000000000e+06,4.410510000000000000e+06,4.570523500000000000e+06,4.709902000000000000e+06,4.818785500000000000e+06,4.860758000000000000e+06,4.762255000000000000e+06,4.483715500000000000e+06,4.072526500000000000e+06,3.447602250000000000e+06,2.186913250000000000e+06,6.210050000000000000e+05,2.541470898437500000e+04
3.272168250000000000e+06,3.265470000000000000e+06,3.245887750000000000e+06,3.214139000000000000e+06,3.170890750000000000e+06,3.116783000000000000e+06,3.052452000000000000e+06,2.980767750000000000e+06,2.907658500000000000e+06,2.828248750000000000e+06,2.744139250000000000e+06,2.656944500000000000e+06,2.567993750000000000e+06,2.478503250000000000e+06,2.389732250000000000e+06,2.302710750000000000e+06,2.232701750000000000e+06,2.167595000000000000e+06,2.104446500000000000e+06,2.043318500000000000e+06,1.984242875000000000e+06,1.926911250000000000e+06,1.872103125000000000e+06,1.843159000000000000e+06,1.810959125000000000e+06,1.774348125000000000e+06,1.731936250000000000e+06,1.682055750000000000e+06,1.622954625000000000e+06,1.608861000000000000e+06,1.610195500000000000e+06,1.583439750000000000e+06,1.525061625000000000e+06,1.431725625000000000e+06,1.300153625000000000e+06,1.160145125000000000e+06,1.015140062500000000e+06,8.340513125000000000e+05,6.077262500000000000e+05,3.383449375000000000e+05,1.091527109375000000e+05
5.926812500000000000e+06,5.920352000000000000e+06,5.899111500000000000e+06,5.859847500000000000e+06,5.799002500000000000e+06,5.713052500000000000e+06,5.598826500000000000e+06,5.454004000000000000e+06,5.288634000000000000e+06,5.126668000000000000e+06,4.936198500000000000e+06,4.720550000000000000e+06,4.484317500000000000e+06,4.232685000000000000e+06,3.970938250000000000e+06,3.704247250000000000e+06,3.467909000000000000e+06,3.237496000000000000e+06,3.007347750000000000e+06,2.780833750000000000e+06,2.560742500000000000e+06,2.348874500000000000e+06,2.146230250000000000e+06,1.953453375000000000e+06,1.770546375000000000e+06,1.646217500000000000e+06,1.537284875000000000e+06,1.424235625000000000e+06,1.307704875000000000e+06,1.188218875000000000e+06,1.066301375000000000e+06,9.425780625000000000e+05,8.179435625000000000e+05,7.011787500000000000e+05,6.021561250000000000e+05,5.027397500000000000e+05,4.026421562500000000e+05,3.031756875000000000e+05,2.053871406250000000e+05,1.109634296875000000e+05,3.926980468750000000e+04
2.032599375000000000e+06,2.033561000000000000e+06,2.036375250000000000e+06,2.040926125000000000e+06,2.047087125000000000e+06,2.054724250000000000e+06,2.063698250000000000e+06,2.073870500000000000e+06,2.085138500000000000e+06,2.097426250000000000e+06,2.110667250000000000e+06,2.124806500000000000e+06,2.152125250000000000e+06,2.184234000000000000e+06,2.217581500000000000e+06,2.252091750000000000e+06,2.287723250000000000e+06,2.324445750000000000e+06,2.362205250000000000e+06,2.400898250000000000e+06,2.440403750000000000e+06,2.480443000000000000e+06,2.520576500000000000e+06,2.576392250000000000e+06,2.707734500000000000e+06,2.838757000000000000e+06,2.967153250000000000e+06,3.089470250000000000e+06,3.201033250000000000e+06,3.293663750000000000e+06,3.357311500000000000e+06,3.381077750000000000e+06,3.353472750000000000e+06,3.313383000000000000e+06,3.221594750000000000e+06,3.008672500000000000e+06,2.692704000000000000e+06,2.232709500000000000e+06,1.410617375000000000e+06,3.958220937500000000e+05,9.049858398437500000e+03
1.045013187500000000e+06,1.043423125000000000e+06,1.038736312500000000e+06,1.031057375000000000e+06,1.020473000000000000e+06,1.007062562500000000e+06,9.909080625000000000e+05,9.721280625000000000e+05,9.511175000000000000e+05,9.284340625000000000e+05,9.046391250000000000e+05,8.802826875000000000e+05,8.600413125000000000e+05,8.408376250000000000e+05,8.220730000000000000e+05,8.040869375000000000e+05,7.871609375000000000e+05,7.715860625000000000e+05,7.575938125000000000e+05,7.453186875000000000e+05,7.390668125000000000e+05,7.395946250000000000e+05,7.416739375000000000e+05,7.453796250000000000e+05,7.506735000000000000e+05,7.574666875000000000e+05,7.656006875000000000e+05,7.748175000000000000e+05,8.244058125000000000e+05,8.752385000000000000e+05,9.243928750000000000e+05,9.699655625000000000e+05,1.009692625000000000e+06,1.035726250000000000e+06,1.031820062500000000e+06,1.034834250000000000e+06,1.015072937500000000e+06,9.428453750000000000e+05,6.839163125000000000e+05,2.501255000000000000e+05,2.265248242187500000e+04
6.050807500000000000e+06,6.054871500000000000e+06,6.065036000000000000e+06,6.077900500000000000e+06,6.089723500000000000e+06,6.096604500000000000e+06,6.094642500000000000e+06,6.080172500000000000e+06,6.050663500000000000e+06,6.056789000000000000e+06,6.232855500000000000e+06,6.376407000000000000e+06,6.484331000000000000e+06,6.556046500000000000e+06,6.591963000000000000e+06,6.594642000000000000e+06,6.568865500000000000e+06,6.519755000000000000e+06,6.452758000000000000e+06,6.373534500000000000e+06,6.287469500000000000e+06,6.265745500000000000e+06,6.275522000000000000e+06,6.292991500000000000e+06,6.321053500000000000e+06,6.362532000000000000e+06,6.420198500000000000e+06,6.496594000000000000e+06,6.593289000000000000e+06,6.706032000000000000e+06,6.828902000000000000e+06,6.961018500000000000e+06,7.104256500000000000e+06,7.211518500000000000e+06,7.164032500000000000e+06,6.908087500000000000e+06,6.559483500000000000e+06,5.923733500000000000e+06,3.940641250000000000e+06,1.107093125000000000e+06,3.497052734375000000e+04
2.993501250000000000e+06,2.996100500000000000e+06,3.004445250000000000e+06,3.016370000000000000e+06,3.029926250000000000e+06,3.042998750000000000e+06,3.053408750000000000e+06,3.059012000000000000e+06,3.062961750000000000e+06,3.065423500000000000e+06,3.057562750000000000e+06,3.038422500000000000e+06,3.014977000000000000e+06,2.996742250000000000e+06,2.966840000000000000e+06,2.926969500000000000e+06,2.879284250000000000e+06,2.850843250000000000e+06,2.821184500000000000e+06,2.786098000000000000e+06,2.747874500000000000e+06,2.708247250000000000e+06,2.668871500000000000e+06,2.668202250000000000e+06,2.664641250000000000e+06,2.658181500000000000e+06,2.647925750000000000e+06,2.631858500000000000e+06,2.607184250000000000e+06,2.594370750000000000e+06,2.679990250000000000e+06,2.730011750000000000e+06,2.733805250000000000e+06,2.672831750000000000e+06,2.517985250000000000e+06,2.256428500000000000e+06,2.014254375000000000e+06,1.681955125000000000e+06,1.108863125000000000e+06,3.721723750000000000e+05,2.516596093750000000e+04
2.286776250000000000e+06,2.278299750000000000e+06,2.259513500000000000e+06,2.226602500000000000e+06,2.177302500000000000e+06,2.110169000000000000e+06,2.024522750000000000e+06,1.920948625000000000e+06,1.803870125000000000e+06,1.679444000000000000e+06,1.553337250000000000e+06,1.438247500000000000e+06,1.335091875000000000e+06,1.235758000000000000e+06,1.141591250000000000e+06,1.053573250000000000e+06,9.721190000000000000e+05,8.974926250000000000e+05,8.295338750000000000e+05,7.675754375000000000e+05,7.354683750000000000e+05,7.068761875000000000e+05,6.775993125000000000e+05,6.475095000000000000e+05,6.164306250000000000e+05,5.841268125000000000e+05,5.503872500000000000e+05,5.150820312500000000e+05,4.781155312500000000e+05,4.395450937500000000e+05,4.044665000000000000e+05,3.729260000000000000e+05,3.396429687500000000e+05,3.046615312500000000e+05,2.683333125000000000e+05,2.306330000000000000e+05,1.909176093750000000e+05,1.500925781250000000e+05,1.118312031250000000e+05,7.663544531250000000e+04,4.023707031250000000e+04
1.460299625000000000e+06,1.462093750000000000e+06,1.465912250000000000e+06,1.469277500000000000e+06,1.469651000000000000e+06,1.466039875000000000e+06,1.464560125000000000e+06,1.452227875000000000e+06,1.429756625000000000e+06,1.399697625000000000e+06,1.364506500000000000e+06,1.326320125000000000e+06,1.285953500000000000e+06,1.245842625000000000e+06,1.216765500000000000e+06,1.184993750000000000e+06,1.151310375000000000e+06,1.116497500000000000e+06,1.081099750000000000e+06,1.045340875000000000e+06,1.009415750000000000e+06,9.757602500000000000e+05,9.803748125000000000e+05,9.800411250000000000e+05,9.745775000000000000e+05,9.636506250000000000e+05,9.467794375000000000e+05,9.233183750000000000e+05,8.925463125000000000e+05,8.535255000000000000e+05,8.053663125000000000e+05,7.664475625000000000e+05,7.214566250000000000e+05,6.649255000000000000e+05,5.936586250000000000e+05,5.073915312500000000e+05,4.119810000000000000e+05,3.089096562500000000e+05,1.860645625000000000e+05,6.384718750000000000e+04,9.012317382812500000e+03
2.018627656250000000e+05,2.018228750000000000e+05,2.016764687500000000e+05,2.013795000000000000e+05,2.008850625000000000e+05,2.001461562500000000e+05,1.991181250000000000e+05,1.977680625000000000e+05,1.961454843750000000e+05,1.943481562500000000e+05,1.924748750000000000e+05,1.906204531250000000e+05,1.888445937500000000e+05,1.871908593750000000e+05,1.857049062500000000e+05,1.883739062500000000e+05,1.916464687500000000e+05,1.951798750000000000e+05,1.990097656250000000e+05,2.031531875000000000e+05,2.076256250000000000e+05,2.124276718750000000e+05,2.175439062500000000e+05,2.229490468750000000e+05,2.285815000000000000e+05,2.343585781250000000e+05,2.401523125000000000e+05,2.457707968750000000e+05,2.509754218750000000e+05,2.584010468750000000e+05,2.681198750000000000e+05,2.772764062500000000e+05,2.850225625000000000e+05,2.902832812500000000e+05,2.917405000000000000e+05,2.871960000000000000e+05,2.726562187500000000e+05,2.451474375000000000e+05,2.055148593750000000e+05,1.515020468750000000e+05,7.751042187500000000e+04
5.387628000000000000e+06,5.384813000000000000e+06,5.373122500000000000e+06,5.347330500000000000e+06,5.302143000000000000e+06,5.232664500000000000e+06,5.134779500000000000e+06,5.006091000000000000e+06,4.851864500000000000e+06,4.681333000000000000e+06,4.503235000000000000e+06,4.325166000000000000e+06,4.240113000000000000e+06,4.161430750000000000e+06,4.080169500000000000e+06,3.997001000000000000e+06,3.912756500000000000e+06,3.828150250000000000e+06,3.742956500000000000e+06,3.655676000000000000e+06,3.564690250000000000e+06,3.468252500000000000e+06,3.364496750000000000e+06,3.251580750000000000e+06,3.127805000000000000e+06,2.991615500000000000e+06,2.843160500000000000e+06,2.732996750000000000e+06,2.609000750000000000e+06,2.469636250000000000e+06,2.313563000000000000e+06,2.139595750000000000e+06,1.946940000000000000e+06,1.736054125000000000e+06,1.508752250000000000e+06,1.266560500000000000e+06,1.011783812500000000e+06,7.532121250000000000e+05,5.030680000000000000e+05,2.716690625000000000e+05,9.563218750000000000e+04
4.366489500000000000e+06,4.367772500000000000e+06,4.369965500000000000e+06,4.375038500000000000e+06,4.406251000000000000e+06,4.434714500000000000e+06,4.455189000000000000e+06,4.462943500000000000e+06,4.455650500000000000e+06,4.432659500000000000e+06,4.393876000000000000e+06,4.339847500000000000e+06,4.281692500000000000e+06,4.363202500000000000e+06,4.417186500000000000e+06,4.447259500000000000e+06,4.458603000000000000e+06,4.456448500000000000e+06,4.445680500000000000e+06,4.430635000000000000e+06,4.415337000000000000e+06,4.402920500000000000e+06,4.395730500000000000e+06,4.395752000000000000e+06,4.403790000000000000e+06,4.420182500000000000e+06,4.479418500000000000e+06,4.594472500000000000e+06,4.728541500000000000e+06,4.877378000000000000e+06,5.034931000000000000e+06,5.195468000000000000e+06,5.352374500000000000e+06,5.467602500000000000e+06,5.456255500000000000e+06,5.266222000000000000e+06,4.942656000000000000e+06,4.358990000000000000e+06,2.900141750000000000e+06,8.795281875000000000e+05,4.228131250000000000e+04
9.172583125000000000e+05,9.176510625000000000e+05,9.186965625000000000e+05,9.201879375000000000e+05,9.219078750000000000e+05,9.236294375000000000e+05,9.251173750000000000e+05,9.261332500000000000e+05,9.264792500000000000e+05,9.259842500000000000e+05,9.244803750000000000e+05,9.218021875000000000e+05,9.203265625000000000e+05,9.373412500000000000e+05,9.524416875000000000e+05,9.651507500000000000e+05,9.750321875000000000e+05,9.816622500000000000e+05,9.846560000000000000e+05,9.836786875000000000e+05,9.784187500000000000e+05,9.686185000000000000e+05,9.540725000000000000e+05,9.346141250000000000e+05,9.101471250000000000e+05,8.806275000000000000e+05,8.460588750000000000e+05,8.136954375000000000e+05,7.847676250000000000e+05,7.515395000000000000e+05,7.139411250000000000e+05,6.716291250000000000e+05,6.241257500000000000e+05,5.718599375000000000e+05,5.163449062500000000e+05,4.569572500000000000e+05,3.890855937500000000e+05,3.147003750000000000e+05,2.504297968750000000e+05,1.963366718750000000e+05,1.109333359375000000e+05
4.391690937500000000e+05,4.394891250000000000e+05,4.401643437500000000e+05,4.407231250000000000e+05,4.406667812500000000e+05,4.395062812500000000e+05,4.367932812500000000e+05,4.336422812500000000e+05,4.308668437500000000e+05,4.261255625000000000e+05,4.196691562500000000e+05,4.117758437500000000e+05,4.026273125000000000e+05,3.923568125000000000e+05,3.844683125000000000e+05,3.765947500000000000e+05,3.673821250000000000e+05,3.570139062500000000e+05,3.456213437500000000e+05,3.332741250000000000e+05,3.200248750000000000e+05,3.059098750000000000e+05,2.909559687500000000e+05,2.825252187500000000e+05,2.753885937500000000e+05,2.660908750000000000e+05,2.546743125000000000e+05,2.412077500000000000e+05,2.257900625000000000e+05,2.085505312500000000e+05,1.896645937500000000e+05,1.694126250000000000e+05,1.489343125000000000e+05,1.312735000000000000e+05,1.125928203125000000e+05,9.312227343750000000e+04,7.383296093750000000e+04,5.504619921875000000e+04,3.502536718750000000e+04,1.548485937500000000e+04,5.088249511718750000e+03
3.411853000000000000e+06,3.414467000000000000e+06,3.421322000000000000e+06,3.430312000000000000e+06,3.438919750000000000e+06,3.449569500000000000e+06,3.465427750000000000e+06,3.474787500000000000e+06,3.476654000000000000e+06,3.494547250000000000e+06,3.513169750000000000e+06,3.524291750000000000e+06,3.532732500000000000e+06,3.581289250000000000e+06,3.623086500000000000e+06,3.660770750000000000e+06,3.696316000000000000e+06,3.731114750000000000e+06,3.799211750000000000e+06,3.879862750000000000e+06,3.956293000000000000e+06,4.028294250000000000e+06,4.094768250000000000e+06,4.154065500000000000e+06,4.203261000000000000e+06,4.238770000000000000e+06,4.256110000000000000e+06,4.422688500000000000e+06,4.568927000000000000e+06,4.670805500000000000e+06,4.713405500000000000e+06,4.681204000000000000e+06,4.559098500000000000e+06,4.324962500000000000e+06,3.952600000000000000e+06,3.588145000000000000e+06,3.111834750000000000e+06,2.502344750000000000e+06,1.615261125000000000e+06,5.743635000000000000e+05,5.717770703125000000e+04
3.735903000000000000e+06,3.743628000000000000e+06,3.762552500000000000e+06,3.785933250000000000e+06,3.806792750000000000e+06,3.818227500000000000e+06,3.813702250000000000e+06,3.798388250000000000e+06,3.770607750000000000e+06,3.723661000000000000e+06,3.661616250000000000e+06,3.588290500000000000e+06,3.505833500000000000e+06,3.419111500000000000e+06,3.350762500000000000e+06,3.275029750000000000e+06,3.194515500000000000e+06,3.111718250000000000e+06,3.028480500000000000e+06,2.945790500000000000e+06,2.869956750000000000e+06,2.827761000000000000e+06,2.783463250000000000e+06,2.736848000000000000e+06,2.686772750000000000e+06,2.631711250000000000e+06,2.569659500000000000e+06,2.504785000000000000e+06,2.552060500000000000e+06,2.569991000000000000e+06,2.552122250000000000e+06,2.492119000000000000e+06,2.384362000000000000e+06,2.220659500000000000e+06,2.008829625000000000e+06,1.797788250000000000e+06,1.535690625000000000e+06,1.215283125000000000e+06,7.746810625000000000e+05,2.758635312500000000e+05,3.017198046875000000e+04
3.801558000000000000e+06,3.804468500000000000e+06,3.812445500000000000e+06,3.824324000000000000e+06,3.838911750000000000e+06,3.855007750000000000e+06,3.871421500000000000e+06,3.887081000000000000e+06,3.973363250000000000e+06,4.066387750000000000e+06,4.163451250000000000e+06,4.265178500000000000e+06,4.370682000000000000e+06,4.478258500000000000e+06,4.586154000000000000e+06,4.692548500000000000e+06,4.795504000000000000e+06,4.892945500000000000e+06,4.982381500000000000e+06,5.060739500000000000e+06,5.124743000000000000e+06,5.170789500000000000e+06,5.194991000000000000e+06,5.193338000000000000e+06,5.251457000000000000e+06,5.285416500000000000e+06,5.287239500000000000e+06,5.250117000000000000e+06,5.166859500000000000e+06,5.029456500000000000e+06,4.830103500000000000e+06,4.563062500000000000e+06,4.224911500000000000e+06,3.809891750000000000e+06,3.310044750000000000e+06,2.735983500000000000e+06,2.131694250000000000e+06,1.518540375000000000e+06,8.556743125000000000e+05,2.619750781250000000e+05,2.455222265625000000e+04
3.113138250000000000e+06,3.114496750000000000e+06,3.117601500000000000e+06,3.120464750000000000e+06,3.120737250000000000e+06,3.125951500000000000e+06,3.126735500000000000e+06,3.118962500000000000e+06,3.102518000000000000e+06,3.103373000000000000e+06,3.099845000000000000e+06,3.091181000000000000e+06,3.088783000000000000e+06,3.117337000000000000e+06,3.141760750000000000e+06,3.164494250000000000e+06,3.187545750000000000e+06,3.244056000000000000e+06,3.322275750000000000e+06,3.399445000000000000e+06,3.476908750000000000e+06,3.555609500000000000e+06,3.636171500000000000e+06,3.718921750000000000e+06,3.875172250000000000e+06,4.132441000000000000e+06,4.393949500000000000e+06,4.660233000000000000e+06,4.930567000000000000e+06,5.199107000000000000e+06,5.457361500000000000e+06,5.697473500000000000e+06,5.911378500000000000e+06,6.217260500000000000e+06,6.461014500000000000e+06,6.528690500000000000e+06,6.458432000000000000e+06,6.045263500000000000e+06,4.301814000000000000e+06,1.384416625000000000e+06,5.545647265625000000e+04
3.733681500000000000e+06,3.723076750000000000e+06,3.692177250000000000e+06,3.644193750000000000e+06,3.582933000000000000e+06,3.506360500000000000e+06,3.415448500000000000e+06,3.311318000000000000e+06,3.195981000000000000e+06,3.072037500000000000e+06,2.942201750000000000e+06,2.809223750000000000e+06,2.675480250000000000e+06,2.543117750000000000e+06,2.422572750000000000e+06,2.313325750000000000e+06,2.208265000000000000e+06,2.108484250000000000e+06,2.014609125000000000e+06,1.926623500000000000e+06,1.844403875000000000e+06,1.767383250000000000e+06,1.699082375000000000e+06,1.649512000000000000e+06,1.599900625000000000e+06,1.548874250000000000e+06,1.494899000000000000e+06,1.436267625000000000e+06,1.371254125000000000e+06,1.298026250000000000e+06,1.284031875000000000e+06,1.250434125000000000e+06,1.192422375000000000e+06,1.107416750000000000e+06,9.927121250000000000e+05,8.491556875000000000e+05,7.252581250000000000e+05,5.809705000000000000e+05,4.021062500000000000e+05,1.953703906250000000e+05,4.978977343750000000e+04
6.667738000000000000e+06,6.656354000000000000e+06,6.620220500000000000e+06,6.555889000000000000e+06,6.459792000000000000e+06,6.328817000000000000e+06,6.160773000000000000e+06,6.098501500000000000e+06,6.023482500000000000e+06,5.910595000000000000e+06,5.771066000000000000e+06,5.615570500000000000e+06,5.448804000000000000e+06,5.273113000000000000e+06,5.091639000000000000e+06,4.907777000000000000e+06,4.724526000000000000e+06,4.544602500000000000e+06,4.369384500000000000e+06,4.198428500000000000e+06,4.073573250000000000e+06,3.974027500000000000e+06,3.872994000000000000e+06,3.767488250000000000e+06,3.654228500000000000e+06,3.529844250000000000e+06,3.391125250000000000e+06,3.235145000000000000e+06,3.059195250000000000e+06,2.860772750000000000e+06,2.638026500000000000e+06,2.391212000000000000e+06,2.122403250000000000e+06,1.832060250000000000e+06,1.519333375000000000e+06,1.194478875000000000e+06,8.844189375000000000e+05,5.977189375000000000e+05,3.100637187500000000e+05,7.806873437500000000e+04,4.305361328125000000e+03
2.479250500000000000e+06,2.474690000000000000e+06,2.460366000000000000e+06,2.435173750000000000e+06,2.398017000000000000e+06,2.348021000000000000e+06,2.284692500000000000e+06,2.208286750000000000e+06,2.122181000000000000e+06,2.031275625000000000e+06,1.940146125000000000e+06,1.852766750000000000e+06,1.807847875000000000e+06,1.772399875000000000e+06,1.741316000000000000e+06,1.715553375000000000e+06,1.695926750000000000e+06,1.683241125000000000e+06,1.677889000000000000e+06,1.679645125000000000e+06,1.688235250000000000e+06,1.703261750000000000e+06,1.724187125000000000e+06,1.750395250000000000e+06,1.781089875000000000e+06,1.815342000000000000e+06,1.852086125000000000e+06,1.922580625000000000e+06,2.002458000000000000e+06,2.085892500000000000e+06,2.169151750000000000e+06,2.248107000000000000e+06,2.317817750000000000e+06,2.361225500000000000e+06,2.343675500000000000e+06,2.243529000000000000e+06,2.076698875000000000e+06,1.799459125000000000e+06,1.201479250000000000e+06,4.070970000000000000e+05,3.978233203125000000e+04
4.096475000000000000e+05,4.078365000000000000e+05,4.027264062500000000e+05,3.947885000000000000e+05,3.844815312500000000e+05,3.722582500000000000e+05,3.585709375000000000e+05,3.438822500000000000e+05,3.297369687500000000e+05,3.161631562500000000e+05,3.031885000000000000e+05,2.913408125000000000e+05,2.808112812500000000e+05,2.716353125000000000e+05,2.650626562500000000e+05,2.611107656250000000e+05,2.581444062500000000e+05,2.560230937500000000e+05,2.545661875000000000e+05,2.535280625000000000e+05,2.551942187500000000e+05,2.579861875000000000e+05,2.601214531250000000e+05,2.613279218750000000e+05,2.613591875000000000e+05,2.599707343750000000e+05,2.575071875000000000e+05,2.658943125000000000e+05,2.710344375000000000e+05,2.726022187500000000e+05,2.702947500000000000e+05,2.637763125000000000e+05,2.527401718750000000e+05,2.371791562500000000e+05,2.227090468750000000e+05,2.078743906250000000e+05,1.874860156250000000e+05,1.612932031250000000e+05,1.346151718750000000e+05,1.076104140625000000e+05,6.382962500000000000e+04
2.810863750000000000e+06,2.801221000000000000e+06,2.773152250000000000e+06,2.727761500000000000e+06,2.666076000000000000e+06,2.589232000000000000e+06,2.498614000000000000e+06,2.396072000000000000e+06,2.285131500000000000e+06,2.170241250000000000e+06,2.055837125000000000e+06,1.946063125000000000e+06,1.871789375000000000e+06,1.832537375000000000e+06,1.795486125000000000e+06,1.762630500000000000e+06,1.735311000000000000e+06,1.714673000000000000e+06,1.701365375000000000e+06,1.695351875000000000e+06,1.696402875000000000e+06,1.703996250000000000e+06,1.717331125000000000e+06,1.735436125000000000e+06,1.757017250000000000e+06,1.780559750000000000e+06,1.820020125000000000e+06,1.876457000000000000e+06,1.933703500000000000e+06,1.987757500000000000e+06,2.033596875000000000e+06,2.065341375000000000e+06,2.076078000000000000e+06,2.051607000000000000e+06,1.968111000000000000e+06,1.811815375000000000e+06,1.594608875000000000e+06,1.299976500000000000e+06,8.300356250000000000e+05,2.796330937500000000e+05,2.846066601562500000e+04
1.886201250000000000e+06,1.878717750000000000e+06,1.857314250000000000e+06,1.823470875000000000e+06,1.778595875000000000e+06,1.724087250000000000e+06,1.661382500000000000e+06,1.592035375000000000e+06,1.518132125000000000e+06,1.445546875000000000e+06,1.381044125000000000e+06,1.317877625000000000e+06,1.257604625000000000e+06,1.201377250000000000e+06,1.150341625000000000e+06,1.105205500000000000e+06,1.070804875000000000e+06,1.050240750000000000e+06,1.033992500000000000e+06,1.021781687500000000e+06,1.013202375000000000e+06,1.007625375000000000e+06,1.004209312500000000e+06,1.002000687500000000e+06,9.998496875000000000e+05,1.023366500000000000e+06,1.057229625000000000e+06,1.085837375000000000e+06,1.107007875000000000e+06,1.117841000000000000e+06,1.115055875000000000e+06,1.095396125000000000e+06,1.055845750000000000e+06,9.919560000000000000e+05,9.336377500000000000e+05,8.462048125000000000e+05,7.327357500000000000e+05,5.889652500000000000e+05,3.838091875000000000e+05,1.425243437500000000e+05,1.810244140625000000e+04
1.849020000000000000e+06,1.839626375000000000e+06,1.812837750000000000e+06,1.770828500000000000e+06,1.715843875000000000e+06,1.650156500000000000e+06,1.576028000000000000e+06,1.495730000000000000e+06,1.412013875000000000e+06,1.327790875000000000e+06,1.245749875000000000e+06,1.170965750000000000e+06,1.103998625000000000e+06,1.043110500000000000e+06,9.889870000000000000e+05,9.418811250000000000e+05,9.015253750000000000e+05,8.676670625000000000e+05,8.398460625000000000e+05,8.172785625000000000e+05,7.992001250000000000e+05,7.861126250000000000e+05,7.831532500000000000e+05,7.816226250000000000e+05,7.804723750000000000e+05,7.785628750000000000e+05,7.746726875000000000e+05,7.675018750000000000e+05,7.556826875000000000e+05,7.601945000000000000e+05,7.741997500000000000e+05,7.753733750000000000e+05,7.609415625000000000e+05,7.279373125000000000e+05,6.730821250000000000e+05,6.060335625000000000e+05,5.391019375000000000e+05,4.506618437500000000e+05,3.310128750000000000e+05,1.800392500000000000e+05,5.535042578125000000e+04
5.164672500000000000e+05,5.161635937500000000e+05,5.150411250000000000e+05,5.127122500000000000e+05,5.087437187500000000e+05,5.027112500000000000e+05,4.948042500000000000e+05,4.852633750000000000e+05,4.730807187500000000e+05,4.586823750000000000e+05,4.425831875000000000e+05,4.264948125000000000e+05,4.111517187500000000e+05,3.953202187500000000e+05,3.795449375000000000e+05,3.642851562500000000e+05,3.498758437500000000e+05,3.391956250000000000e+05,3.298416562500000000e+05,3.214520312500000000e+05,3.140664687500000000e+05,3.076075000000000000e+05,3.018966562500000000e+05,2.979277500000000000e+05,2.972368750000000000e+05,2.961639375000000000e+05,2.943207812500000000e+05,2.912479375000000000e+05,2.864422500000000000e+05,2.793082812500000000e+05,2.847886875000000000e+05,2.866185937500000000e+05,2.821611250000000000e+05,2.701507187500000000e+05,2.489746093750000000e+05,2.200353437500000000e+05,1.936838125000000000e+05,1.598704375000000000e+05,1.107048984375000000e+05,4.916814843750000000e+04,1.120466308593750000e+04
2.339584375000000000e+04,2.333957031250000000e+04,2.317462500000000000e+04,2.290606445312500000e+04,2.253835351562500000e+04,2.207586523437500000e+04,2.153690039062500000e+04,2.093951367187500000e+04,2.027342773437500000e+04,1.955874804687500000e+04,1.881586718750000000e+04,1.806471679687500000e+04,1.732064062500000000e+04,1.659687304687500000e+04,1.598822167968750000e+04,1.541879785156250000e+04,1.489385156250000000e+04,1.442199609375000000e+04,1.400975976562500000e+04,1.367561914062500000e+04,1.352374707031250000e+04,1.343005468750000000e+04,1.339735351562500000e+04,1.342855664062500000e+04,1.352661035156250000e+04,1.381116308593750000e+04,1.429039843750000000e+04,1.484229589843750000e+04,1.547359765625000000e+04,1.620613769531250000e+04,1.706548632812500000e+04,1.923244921875000000e+04,2.162772851562500000e+04,2.431445312500000000e+04,2.775298632812500000e+04,3.194929296875000000e+04,3.658872265625000000e+04,4.185856250000000000e+04,5.768454687500000000e+04,9.810256250000000000e+04,1.048449921875000000e+05
2.538946875000000000e+05,2.544310312500000000e+05,2.558458281250000000e+05,2.578300000000000000e+05,2.600610312500000000e+05,2.622150312500000000e+05,2.639776250000000000e+05,2.667301875000000000e+05,2.706152187500000000e+05,2.735290625000000000e+05,2.754337812500000000e+05,2.763322500000000000e+05,2.763278437500000000e+05,2.755738125000000000e+05,2.742304375000000000e+05,2.768671250000000000e+05,2.837800312500000000e+05,2.898803437500000000e+05,2.954886250000000000e+05,3.008626875000000000e+05,3.062454375000000000e+05,3.118113437500000000e+05,3.176727500000000000e+05,3.239177812500000000e+05,3.305368437500000000e+05,3.374765625000000000e+05,3.446200625000000000e+05,3.517619375000000000e+05,3.609803750000000000e+05,3.752377500000000000e+05,3.893702187500000000e+05,4.025706875000000000e+05,4.138413125000000000e+05,4.200236562500000000e+05,4.148175937500000000e+05,3.943217500000000000e+05,3.617003437500000000e+05,3.097702812500000000e+05,2.013425312500000000e+05,6.025731250000000000e+04,3.721107910156250000e+03
4.971597000000000000e+06,4.966325000000000000e+06,4.950316500000000000e+06,4.923137000000000000e+06,4.884192000000000000e+06,4.832779000000000000e+06,4.768136000000000000e+06,4.689540500000000000e+06,4.596823000000000000e+06,4.490257500000000000e+06,4.370330000000000000e+06,4.237756000000000000e+06,4.099275000000000000e+06,3.986866000000000000e+06,3.861007500000000000e+06,3.722763250000000000e+06,3.573497250000000000e+06,3.414796000000000000e+06,3.248339500000000000e+06,3.075781750000000000e+06,2.898800750000000000e+06,2.737760500000000000e+06,2.653918750000000000e+06,2.552483500000000000e+06,2.435725500000000000e+06,2.305823250000000000e+06,2.164800750000000000e+06,2.014497125000000000e+06,1.856674750000000000e+06,1.693031125000000000e+06,1.525210500000000000e+06,1.354669250000000000e+06,1.214981375000000000e+06,1.074660125000000000e+06,9.333987500000000000e+05,7.908716875000000000e+05,6.444341875000000000e+05,4.968700312500000000e+05,3.603814375000000000e+05,2.361545312500000000e+05,1.114443828125000000e+05
4.628858000000000000e+06,4.630513500000000000e+06,4.636182000000000000e+06,4.646722500000000000e+06,4.662834000000000000e+06,4.685169500000000000e+06,4.714438500000000000e+06,4.751449500000000000e+06,4.796742500000000000e+06,4.852519500000000000e+06,4.946536500000000000e+06,5.051638500000000000e+06,5.167094000000000000e+06,5.291402500000000000e+06,5.424986000000000000e+06,5.625300000000000000e+06,5.828411000000000000e+06,6.032068500000000000e+06,6.234016500000000000e+06,6.432080000000000000e+06,6.722398500000000000e+06,7.016496500000000000e+06,7.295670500000000000e+06,7.556384000000000000e+06,7.793774500000000000e+06,8.002107000000000000e+06,8.462355000000000000e+06,9.028034000000000000e+06,9.523010000000000000e+06,9.920195000000000000e+06,1.018702700000000000e+07,1.028869200000000000e+07,1.018994900000000000e+07,9.917838000000000000e+06,9.591371000000000000e+06,8.892587000000000000e+06,7.865759500000000000e+06,6.416365500000000000e+06,4.014756000000000000e+06,1.132980625000000000e+06,2.313602734375000000e+04
2.415247750000000000e+06,2.412002250000000000e+06,2.403015750000000000e+06,2.389266750000000000e+06,2.371637500000000000e+06,2.351024500000000000e+06,2.328422750000000000e+06,2.304995750000000000e+06,2.338569500000000000e+06,2.398231750000000000e+06,2.461087000000000000e+06,2.528385000000000000e+06,2.600090500000000000e+06,2.675362000000000000e+06,2.753296500000000000e+06,2.833050000000000000e+06,2.913802750000000000e+06,2.994518250000000000e+06,3.074190500000000000e+06,3.187775750000000000e+06,3.326680750000000000e+06,3.468154000000000000e+06,3.611016500000000000e+06,3.754022500000000000e+06,3.895491500000000000e+06,4.033547750000000000e+06,4.165546250000000000e+06,4.287644000000000000e+06,4.394787500000000000e+06,4.477604000000000000e+06,4.524797000000000000e+06,4.523867000000000000e+06,4.461197000000000000e+06,4.308653000000000000e+06,4.020402500000000000e+06,3.579545750000000000e+06,3.030837750000000000e+06,2.359622500000000000e+06,1.396620375000000000e+06,3.861290937500000000e+05,1.736083203125000000e+04
4.559517500000000000e+06,4.553794000000000000e+06,4.536172500000000000e+06,4.505730500000000000e+06,4.461320500000000000e+06,4.401698000000000000e+06,4.325640500000000000e+06,4.232133500000000000e+06,4.121150750000000000e+06,3.993506000000000000e+06,3.850483750000000000e+06,3.723206250000000000e+06,3.676994500000000000e+06,3.605653250000000000e+06,3.511057500000000000e+06,3.396061250000000000e+06,3.264236000000000000e+06,3.119305500000000000e+06,2.964904250000000000e+06,2.804332000000000000e+06,2.640566750000000000e+06,2.475962500000000000e+06,2.312275500000000000e+06,2.150886000000000000e+06,1.992560500000000000e+06,1.861622875000000000e+06,1.737469750000000000e+06,1.614886125000000000e+06,1.493492750000000000e+06,1.372851250000000000e+06,1.252508875000000000e+06,1.131805750000000000e+06,1.010076187500000000e+06,8.874670625000000000e+05,7.649525625000000000e+05,6.422803750000000000e+05,5.175614687500000000e+05,3.937630625000000000e+05,2.811206250000000000e+05,1.807405000000000000e+05,8.428108593750000000e+04
4.853838500000000000e+06,4.845886500000000000e+06,4.822178500000000000e+06,4.782451000000000000e+06,4.726084000000000000e+06,4.652434000000000000e+06,4.561113500000000000e+06,4.452404000000000000e+06,4.342922500000000000e+06,4.235115500000000000e+06,4.120510250000000000e+06,4.004075750000000000e+06,3.889059500000000000e+06,3.797060500000000000e+06,3.731716250000000000e+06,3.670048000000000000e+06,3.613573250000000000e+06,3.563639250000000000e+06,3.527477000000000000e+06,3.546729000000000000e+06,3.565752000000000000e+06,3.583620250000000000e+06,3.598539500000000000e+06,3.608158500000000000e+06,3.609282750000000000e+06,3.674975500000000000e+06,3.821999500000000000e+06,3.936348000000000000e+06,4.010913250000000000e+06,4.036799000000000000e+06,4.004347000000000000e+06,3.904279500000000000e+06,3.728639500000000000e+06,3.535554250000000000e+06,3.311927750000000000e+06,2.989060250000000000e+06,2.570781000000000000e+06,2.050381125000000000e+06,1.371328625000000000e+06,5.976486250000000000e+05,1.178878046875000000e+05
4.360209500000000000e+06,4.339950000000000000e+06,4.281742000000000000e+06,4.189439000000000000e+06,4.066941250000000000e+06,3.918263250000000000e+06,3.747577250000000000e+06,3.559403750000000000e+06,3.360166750000000000e+06,3.161995000000000000e+06,2.967748000000000000e+06,2.782202500000000000e+06,2.609196000000000000e+06,2.451272750000000000e+06,2.310737000000000000e+06,2.188737250000000000e+06,2.085079500000000000e+06,2.008185625000000000e+06,1.948666750000000000e+06,1.904500000000000000e+06,1.874443250000000000e+06,1.857013750000000000e+06,1.850483375000000000e+06,1.863123000000000000e+06,1.891108000000000000e+06,1.923912625000000000e+06,1.959027875000000000e+06,1.993439000000000000e+06,2.034023375000000000e+06,2.095115375000000000e+06,2.138762750000000000e+06,2.157291500000000000e+06,2.142796000000000000e+06,2.201994250000000000e+06,2.227740000000000000e+06,2.125813500000000000e+06,1.911054000000000000e+06,1.625499625000000000e+06,1.096483000000000000e+06,3.223096250000000000e+05,3.124519531250000000e+03
3.597624000000000000e+06,3.581900500000000000e+06,3.536946750000000000e+06,3.466231750000000000e+06,3.373347000000000000e+06,3.261926750000000000e+06,3.135584750000000000e+06,2.997938750000000000e+06,2.853301750000000000e+06,2.706230250000000000e+06,2.560966500000000000e+06,2.421223500000000000e+06,2.288805250000000000e+06,2.164572000000000000e+06,2.049287750000000000e+06,1.942999000000000000e+06,1.844902500000000000e+06,1.754199250000000000e+06,1.681172875000000000e+06,1.636702125000000000e+06,1.593369750000000000e+06,1.549787500000000000e+06,1.504515750000000000e+06,1.456135875000000000e+06,1.403372125000000000e+06,1.345031625000000000e+06,1.280121500000000000e+06,1.207940875000000000e+06,1.127971375000000000e+06,1.039948437500000000e+06,9.439307500000000000e+05,8.407919375000000000e+05,7.490618125000000000e+05,6.537290000000000000e+05,5.508913750000000000e+05,4.425673750000000000e+05,3.365076875000000000e+05,2.350137968750000000e+05,1.272210312500000000e+05,3.277821093750000000e+04,1.646001586914062500e+03
3.141900000000000000e+06,3.149636750000000000e+06,3.171668250000000000e+06,3.206246750000000000e+06,3.251631750000000000e+06,3.310062250000000000e+06,3.379345500000000000e+06,3.454866250000000000e+06,3.535225750000000000e+06,3.619329750000000000e+06,3.706019250000000000e+06,3.796990750000000000e+06,3.908365250000000000e+06,4.017383250000000000e+06,4.121404250000000000e+06,4.217788000000000000e+06,4.307564000000000000e+06,4.429968000000000000e+06,4.535020500000000000e+06,4.619352000000000000e+06,4.679596000000000000e+06,4.712529500000000000e+06,4.800460500000000000e+06,4.848347000000000000e+06,4.852304000000000000e+06,4.809083500000000000e+06,4.716062500000000000e+06,4.663291500000000000e+06,4.726230500000000000e+06,4.693346500000000000e+06,4.560438500000000000e+06,4.327034500000000000e+06,3.997011000000000000e+06,3.574454250000000000e+06,3.161594750000000000e+06,2.703517750000000000e+06,2.190959000000000000e+06,1.634428500000000000e+06,9.879049375000000000e+05,3.434967500000000000e+05,3.938785546875000000e+04
3.395354000000000000e+06,3.405681500000000000e+06,3.433713000000000000e+06,3.474881750000000000e+06,3.540619250000000000e+06,3.625575750000000000e+06,3.711594000000000000e+06,3.792294500000000000e+06,3.863648750000000000e+06,3.923146500000000000e+06,4.022902750000000000e+06,4.116020750000000000e+06,4.186047750000000000e+06,4.231514000000000000e+06,4.251248500000000000e+06,4.245161500000000000e+06,4.238370500000000000e+06,4.351200000000000000e+06,4.420133500000000000e+06,4.447789000000000000e+06,4.436891000000000000e+06,4.389853500000000000e+06,4.308804500000000000e+06,4.195763500000000000e+06,4.052212750000000000e+06,3.879571250000000000e+06,3.679296000000000000e+06,3.452951000000000000e+06,3.203611000000000000e+06,2.993063000000000000e+06,2.760301750000000000e+06,2.506218750000000000e+06,2.232687250000000000e+06,1.940656875000000000e+06,1.630144500000000000e+06,1.307974250000000000e+06,9.929348125000000000e+05,6.938172500000000000e+05,3.943170000000000000e+05,1.346614218750000000e+05,2.016147070312500000e+04
1.697980781250000000e+05,1.708736250000000000e+05,1.740548750000000000e+05,1.788609218750000000e+05,1.848860000000000000e+05,1.917203437500000000e+05,1.989477031250000000e+05,2.084104687500000000e+05,2.181749843750000000e+05,2.276427500000000000e+05,2.367538437500000000e+05,2.477033437500000000e+05,2.607338906250000000e+05,2.728449687500000000e+05,2.838397500000000000e+05,2.936228437500000000e+05,3.022357500000000000e+05,3.199825312500000000e+05,3.403215000000000000e+05,3.586182812500000000e+05,3.749500312500000000e+05,3.893536875000000000e+05,4.018219687500000000e+05,4.123208437500000000e+05,4.206799062500000000e+05,4.266710312500000000e+05,4.299854687500000000e+05,4.302097812500000000e+05,4.329979375000000000e+05,4.353410937500000000e+05,4.338829687500000000e+05,4.276962187500000000e+05,4.157550625000000000e+05,3.969099062500000000e+05,3.699180937500000000e+05,3.338427500000000000e+05,2.884982812500000000e+05,2.341714531250000000e+05,1.707298437500000000e+05,1.020575312500000000e+05,4.372396093750000000e+04
3.499977000000000000e+06,3.501733250000000000e+06,3.505128250000000000e+06,3.507162500000000000e+06,3.504726750000000000e+06,3.494765000000000000e+06,3.474417500000000000e+06,3.441441250000000000e+06,3.397067250000000000e+06,3.344489000000000000e+06,3.286875500000000000e+06,3.227132500000000000e+06,3.182500000000000000e+06,3.214071250000000000e+06,3.241689250000000000e+06,3.265504750000000000e+06,3.286108500000000000e+06,3.304153500000000000e+06,3.319798250000000000e+06,3.332404500000000000e+06,3.341193750000000000e+06,3.344932250000000000e+06,3.341918500000000000e+06,3.330212500000000000e+06,3.307206000000000000e+06,3.272091250000000000e+06,3.280481000000000000e+06,3.273153750000000000e+06,3.244981250000000000e+06,3.189763000000000000e+06,3.100944750000000000e+06,2.972610000000000000e+06,2.799660750000000000e+06,2.574794000000000000e+06,2.288519750000000000e+06,1.942824875000000000e+06,1.561486250000000000e+06,1.154622250000000000e+06,6.912602500000000000e+05,2.477545312500000000e+05,3.804865625000000000e+04
3.056133500000000000e+06,3.058630500000000000e+06,3.065423750000000000e+06,3.075262500000000000e+06,3.088260000000000000e+06,3.107159750000000000e+06,3.125223000000000000e+06,3.140466750000000000e+06,3.151146750000000000e+06,3.156001750000000000e+06,3.166300000000000000e+06,3.167814250000000000e+06,3.159752500000000000e+06,3.141651750000000000e+06,3.137572750000000000e+06,3.121370250000000000e+06,3.092687500000000000e+06,3.051955250000000000e+06,3.029531000000000000e+06,2.998785000000000000e+06,2.952594000000000000e+06,2.891528000000000000e+06,2.816015750000000000e+06,2.769314000000000000e+06,2.706934500000000000e+06,2.623590000000000000e+06,2.519600250000000000e+06,2.395267750000000000e+06,2.250962750000000000e+06,2.201491250000000000e+06,2.119068750000000000e+06,1.993093625000000000e+06,1.825957625000000000e+06,1.619251875000000000e+06,1.373402000000000000e+06,1.126283250000000000e+06,8.930785625000000000e+05,6.509548125000000000e+05,3.678446875000000000e+05,9.545411718750000000e+04,2.231515625000000000e+03
4.321688500000000000e+06,4.335788500000000000e+06,4.374813000000000000e+06,4.433815000000000000e+06,4.507803500000000000e+06,4.591744000000000000e+06,4.680568500000000000e+06,4.831459000000000000e+06,5.106173500000000000e+06,5.383151000000000000e+06,5.660898000000000000e+06,5.937670500000000000e+06,6.209491500000000000e+06,6.471086000000000000e+06,6.717013500000000000e+06,6.943452000000000000e+06,7.148868000000000000e+06,7.356688000000000000e+06,7.674076500000000000e+06,7.980875000000000000e+06,8.271477500000000000e+06,8.540107000000000000e+06,8.781103000000000000e+06,8.988786000000000000e+06,9.155899000000000000e+06,9.274769000000000000e+06,9.336569000000000000e+06,9.330713000000000000e+06,9.245828000000000000e+06,9.066426000000000000e+06,8.776891000000000000e+06,8.364715500000000000e+06,7.821066500000000000e+06,7.127803500000000000e+06,6.258074000000000000e+06,5.229810000000000000e+06,4.134367750000000000e+06,2.999431500000000000e+06,1.717803750000000000e+06,5.493983125000000000e+05,6.322471093750000000e+04
5.947660500000000000e+06,5.929450000000000000e+06,5.878080500000000000e+06,5.798258500000000000e+06,5.694528500000000000e+06,5.571379000000000000e+06,5.433328000000000000e+06,5.285072500000000000e+06,5.132350000000000000e+06,4.981546000000000000e+06,4.839139000000000000e+06,4.739757500000000000e+06,4.658957500000000000e+06,4.594435500000000000e+06,4.547495500000000000e+06,4.518579000000000000e+06,4.506804500000000000e+06,4.511205500000000000e+06,4.530389000000000000e+06,4.592390000000000000e+06,4.686567000000000000e+06,4.788245500000000000e+06,4.895081500000000000e+06,5.004266000000000000e+06,5.112063500000000000e+06,5.214087000000000000e+06,5.304842500000000000e+06,5.425759000000000000e+06,5.731192500000000000e+06,5.997050000000000000e+06,6.201174500000000000e+06,6.319295500000000000e+06,6.325788000000000000e+06,6.172379000000000000e+06,5.781645000000000000e+06,5.321398500000000000e+06,4.724605000000000000e+06,3.880034750000000000e+06,2.381729750000000000e+06,5.845426875000000000e+05,1.145026733398437500e+03
3.428630312500000000e+05,3.430209062500000000e+05,3.433863125000000000e+05,3.437531562500000000e+05,3.438842187500000000e+05,3.435412187500000000e+05,3.432791562500000000e+05,3.437942812500000000e+05,3.434057812500000000e+05,3.422174062500000000e+05,3.404083750000000000e+05,3.424048437500000000e+05,3.439363125000000000e+05,3.449947187500000000e+05,3.457781250000000000e+05,3.481774062500000000e+05,3.547740000000000000e+05,3.609841250000000000e+05,3.670110625000000000e+05,3.729990312500000000e+05,3.790517500000000000e+05,3.852231875000000000e+05,3.977972812500000000e+05,4.207410000000000000e+05,4.433461875000000000e+05,4.656318750000000000e+05,4.874824062500000000e+05,5.086013125000000000e+05,5.285363125000000000e+05,5.464053750000000000e+05,5.610796875000000000e+05,5.710573125000000000e+05,5.849332500000000000e+05,5.986336250000000000e+05,6.014406875000000000e+05,5.881866250000000000e+05,5.550004375000000000e+05,4.935340312500000000e+05,3.821626875000000000e+05,2.212493906250000000e+05,8.032550781250000000e+04
9.842087500000000000e+04,9.788257031250000000e+04,9.635864062500000000e+04,9.399030468750000000e+04,9.092213281250000000e+04,8.729875781250000000e+04,8.326227343750000000e+04,7.895241406250000000e+04,7.452626562500000000e+04,7.014480468750000000e+04,6.595661718750000000e+04,6.209050390625000000e+04,5.860470703125000000e+04,5.552370703125000000e+04,5.304164062500000000e+04,5.119686328125000000e+04,4.973028906250000000e+04,4.862424609375000000e+04,4.785374609375000000e+04,4.738054296875000000e+04,4.716701562500000000e+04,4.717417187500000000e+04,4.736069531250000000e+04,4.768448437500000000e+04,4.810435546875000000e+04,4.918067968750000000e+04,5.161046875000000000e+04,5.405070312500000000e+04,5.643903125000000000e+04,5.871356640625000000e+04,6.080005468750000000e+04,6.254409375000000000e+04,6.372676171875000000e+04,6.427701171875000000e+04,6.639994531250000000e+04,6.906678125000000000e+04,6.995807812500000000e+04,6.858116406250000000e+04,7.140342968750000000e+04,8.158453906250000000e+04,6.548166796875000000e+04
4.229247187500000000e+05,4.211982812500000000e+05,4.161680312500000000e+05,4.080155625000000000e+05,3.969094375000000000e+05,3.830516875000000000e+05,3.667110625000000000e+05,3.482605625000000000e+05,3.283520937500000000e+05,3.077955312500000000e+05,2.874081875000000000e+05,2.729211875000000000e+05,2.629948437500000000e+05,2.530803281250000000e+05,2.437302187500000000e+05,2.353625937500000000e+05,2.282177343750000000e+05,2.224728906250000000e+05,2.182016718750000000e+05,2.153552500000000000e+05,2.138573593750000000e+05,2.136006093750000000e+05,2.144516250000000000e+05,2.162675156250000000e+05,2.188993906250000000e+05,2.221886718750000000e+05,2.285300625000000000e+05,2.369023281250000000e+05,2.461928750000000000e+05,2.560821875000000000e+05,2.661432812500000000e+05,2.759911562500000000e+05,2.852106875000000000e+05,2.916097812500000000e+05,2.903618437500000000e+05,2.787772812500000000e+05,2.602380000000000000e+05,2.283996718750000000e+05,1.491455312500000000e+05,4.197399218750000000e+04,2.023553344726562500e+03
1.883495625000000000e+05,1.877564843750000000e+05,1.860729843750000000e+05,1.834328281250000000e+05,1.804335000000000000e+05,1.772453281250000000e+05,1.735404531250000000e+05,1.694011093750000000e+05,1.649464687500000000e+05,1.603323593750000000e+05,1.557411406250000000e+05,1.513674062500000000e+05,1.493775156250000000e+05,1.476484062500000000e+05,1.461828593750000000e+05,1.450544062500000000e+05,1.442933750000000000e+05,1.439200625000000000e+05,1.439357187500000000e+05,1.461964375000000000e+05,1.523222812500000000e+05,1.584343437500000000e+05,1.645627656250000000e+05,1.707138593750000000e+05,1.768634531250000000e+05,1.829634531250000000e+05,1.889272031250000000e+05,1.946204375000000000e+05,1.998444531250000000e+05,2.041933593750000000e+05,2.071672031250000000e+05,2.119447656250000000e+05,2.165299531250000000e+05,2.181657500000000000e+05,2.138652187500000000e+05,2.018840000000000000e+05,1.839742656250000000e+05,1.570187500000000000e+05,1.036399375000000000e+05,3.428788671875000000e+04,3.821163330078125000e+03
5.070698000000000000e+06,5.055598500000000000e+06,5.007987000000000000e+06,4.923615000000000000e+06,4.798596500000000000e+06,4.630786500000000000e+06,4.420661000000000000e+06,4.178129750000000000e+06,3.934630500000000000e+06,3.680298000000000000e+06,3.433597250000000000e+06,3.209173500000000000e+06,3.010824250000000000e+06,2.837835500000000000e+06,2.689855250000000000e+06,2.572068250000000000e+06,2.498771500000000000e+06,2.441325250000000000e+06,2.397479750000000000e+06,2.363767000000000000e+06,2.336544500000000000e+06,2.312338000000000000e+06,2.287787000000000000e+06,2.264437500000000000e+06,2.329166000000000000e+06,2.377898500000000000e+06,2.406822500000000000e+06,2.412277000000000000e+06,2.390620750000000000e+06,2.338576250000000000e+06,2.253310000000000000e+06,2.132859250000000000e+06,2.012779625000000000e+06,1.889437750000000000e+06,1.730407250000000000e+06,1.532082875000000000e+06,1.293102625000000000e+06,1.016888562500000000e+06,7.070875625000000000e+05,3.794162187500000000e+05,1.225313359375000000e+05
1.966087890625000000e+04,1.958358984375000000e+04,1.936234960937500000e+04,1.901297265625000000e+04,1.855117382812500000e+04,1.799271875000000000e+04,1.735352734375000000e+04,1.665033203125000000e+04,1.590626074218750000e+04,1.519115039062500000e+04,1.452965136718750000e+04,1.389538671875000000e+04,1.330164453125000000e+04,1.275738574218750000e+04,1.227181640625000000e+04,1.185048828125000000e+04,1.149404199218750000e+04,1.123150781250000000e+04,1.113923144531250000e+04,1.109794238281250000e+04,1.110542382812500000e+04,1.115852441406250000e+04,1.125304980468750000e+04,1.138428808593750000e+04,1.154677050781250000e+04,1.185860644531250000e+04,1.261597753906250000e+04,1.339360156250000000e+04,1.418320117187500000e+04,1.496415136718750000e+04,1.570796972656250000e+04,1.638480078125000000e+04,1.696206250000000000e+04,1.743497656250000000e+04,1.810076953125000000e+04,1.839142578125000000e+04,1.839936328125000000e+04,1.774546484375000000e+04,1.440123046875000000e+04,7.921821777343750000e+03,3.562161132812500000e+03
6.636785500000000000e+06,6.623343000000000000e+06,6.592515000000000000e+06,6.552186500000000000e+06,6.489412500000000000e+06,6.400812500000000000e+06,6.283980000000000000e+06,6.138439000000000000e+06,5.971283000000000000e+06,5.793603500000000000e+06,5.616269000000000000e+06,5.456201500000000000e+06,5.367631500000000000e+06,5.289238000000000000e+06,5.222523000000000000e+06,5.168340500000000000e+06,5.126236500000000000e+06,5.095544000000000000e+06,5.074478000000000000e+06,5.059595000000000000e+06,5.238987500000000000e+06,5.423481500000000000e+06,5.590807000000000000e+06,5.735382000000000000e+06,5.850699000000000000e+06,5.929451500000000000e+06,5.963760500000000000e+06,5.945461000000000000e+06,5.866182500000000000e+06,5.716980000000000000e+06,5.596728000000000000e+06,5.435936500000000000e+06,5.190601000000000000e+06,4.845003500000000000e+06,4.378865000000000000e+06,3.788887000000000000e+06,3.107520750000000000e+06,2.348455500000000000e+06,1.455424375000000000e+06,5.589892500000000000e+05,9.324145312500000000e+04
7.037810000000000000e+06,7.045510000000000000e+06,7.061123500000000000e+06,7.072728500000000000e+06,7.068165000000000000e+06,7.035817500000000000e+06,6.965288500000000000e+06,6.849096000000000000e+06,6.693511500000000000e+06,6.512138500000000000e+06,6.317969500000000000e+06,6.147081500000000000e+06,6.120888500000000000e+06,6.089901500000000000e+06,6.054670500000000000e+06,6.017853500000000000e+06,5.984014000000000000e+06,5.957739000000000000e+06,5.942093500000000000e+06,5.937950000000000000e+06,5.945934000000000000e+06,5.965846000000000000e+06,5.996638500000000000e+06,6.036740500000000000e+06,6.082748500000000000e+06,6.130331500000000000e+06,6.287246000000000000e+06,6.448855000000000000e+06,6.606085500000000000e+06,6.742783500000000000e+06,6.838996000000000000e+06,6.873365500000000000e+06,6.822631000000000000e+06,6.636164500000000000e+06,6.228677500000000000e+06,5.567599000000000000e+06,4.737151500000000000e+06,3.700581250000000000e+06,2.120779000000000000e+06,4.804111562500000000e+05,2.278699462890625000e+03
4.516872500000000000e+06,4.520955000000000000e+06,4.531625000000000000e+06,4.546412000000000000e+06,4.574724500000000000e+06,4.623056000000000000e+06,4.671558000000000000e+06,4.716177500000000000e+06,4.753393500000000000e+06,4.780106000000000000e+06,4.793397000000000000e+06,4.790665500000000000e+06,4.770204000000000000e+06,4.730870000000000000e+06,4.709138000000000000e+06,4.795028000000000000e+06,4.844667500000000000e+06,4.857743500000000000e+06,4.834783500000000000e+06,4.777232000000000000e+06,4.686800500000000000e+06,4.565434000000000000e+06,4.415237500000000000e+06,4.238355000000000000e+06,4.036773500000000000e+06,3.812501250000000000e+06,3.567579500000000000e+06,3.319827500000000000e+06,3.098290750000000000e+06,2.859449750000000000e+06,2.603693500000000000e+06,2.332503500000000000e+06,2.048347375000000000e+06,1.752280625000000000e+06,1.443887750000000000e+06,1.130589000000000000e+06,8.334049375000000000e+05,5.602123750000000000e+05,2.895720625000000000e+05,6.940939062500000000e+04,2.233448974609375000e+03
1.478607250000000000e+06,1.480382750000000000e+06,1.485431625000000000e+06,1.493334625000000000e+06,1.503669250000000000e+06,1.516009750000000000e+06,1.529928375000000000e+06,1.545024875000000000e+06,1.563626125000000000e+06,1.583614750000000000e+06,1.605039250000000000e+06,1.627978250000000000e+06,1.652365750000000000e+06,1.678062000000000000e+06,1.704925000000000000e+06,1.732780750000000000e+06,1.765497000000000000e+06,1.803289625000000000e+06,1.841466500000000000e+06,1.879446875000000000e+06,1.916580875000000000e+06,1.951975250000000000e+06,1.990293250000000000e+06,2.038788625000000000e+06,2.081291875000000000e+06,2.115530250000000000e+06,2.138815000000000000e+06,2.148000000000000000e+06,2.181746250000000000e+06,2.190729250000000000e+06,2.168907000000000000e+06,2.110836000000000000e+06,2.058479750000000000e+06,2.066039250000000000e+06,1.979972750000000000e+06,1.789663375000000000e+06,1.514594500000000000e+06,1.248615250000000000e+06,8.389050625000000000e+05,3.073436562500000000e+05,2.492006054687500000e+04
8.131499375000000000e+05,8.103281875000000000e+05,8.020130625000000000e+05,7.884313750000000000e+05,7.698310625000000000e+05,7.465034375000000000e+05,7.187991250000000000e+05,6.871838125000000000e+05,6.526401250000000000e+05,6.163970625000000000e+05,5.796101250000000000e+05,5.528568750000000000e+05,5.272632500000000000e+05,5.019874062500000000e+05,4.773724375000000000e+05,4.536748125000000000e+05,4.310158125000000000e+05,4.095025000000000000e+05,3.891407187500000000e+05,3.697958750000000000e+05,3.513259062500000000e+05,3.335558125000000000e+05,3.162821875000000000e+05,2.993079375000000000e+05,2.824476562500000000e+05,2.655278750000000000e+05,2.484062343750000000e+05,2.327830625000000000e+05,2.191472031250000000e+05,2.049984218750000000e+05,1.902328125000000000e+05,1.747649531250000000e+05,1.585366406250000000e+05,1.415683281250000000e+05,1.239640781250000000e+05,1.057811250000000000e+05,8.705179687500000000e+04,6.818111718750000000e+04,4.993168750000000000e+04,3.265937304687500000e+04,1.731294335937500000e+04
9.244181250000000000e+05,9.232636250000000000e+05,9.194767500000000000e+05,9.125316875000000000e+05,9.018893750000000000e+05,8.871634375000000000e+05,8.705261250000000000e+05,8.488146875000000000e+05,8.225949375000000000e+05,7.929730625000000000e+05,7.610243125000000000e+05,7.277242500000000000e+05,6.936489375000000000e+05,6.591965625000000000e+05,6.247705000000000000e+05,5.945060625000000000e+05,5.648183750000000000e+05,5.354960000000000000e+05,5.067005937500000000e+05,4.784547500000000000e+05,4.507722812500000000e+05,4.236136562500000000e+05,3.996965000000000000e+05,3.783157187500000000e+05,3.563476562500000000e+05,3.337315625000000000e+05,3.104254375000000000e+05,2.864128750000000000e+05,2.617061250000000000e+05,2.484848593750000000e+05,2.336695937500000000e+05,2.152656406250000000e+05,1.936626250000000000e+05,1.692568437500000000e+05,1.423768593750000000e+05,1.182485859375000000e+05,9.539541406250000000e+04,7.223364062500000000e+04,4.632637109375000000e+04,1.944873632812500000e+04,4.955991699218750000e+03
1.252977625000000000e+06,1.244418125000000000e+06,1.220464125000000000e+06,1.183548875000000000e+06,1.136032125000000000e+06,1.083256625000000000e+06,1.024846937500000000e+06,9.632355000000000000e+05,9.012801875000000000e+05,8.426502500000000000e+05,7.920432500000000000e+05,7.490277500000000000e+05,7.140943750000000000e+05,6.881326875000000000e+05,6.731743125000000000e+05,6.640901250000000000e+05,6.600336875000000000e+05,6.613773125000000000e+05,6.726924375000000000e+05,6.854213750000000000e+05,6.985130625000000000e+05,7.109870625000000000e+05,7.266156250000000000e+05,7.478553125000000000e+05,7.648316875000000000e+05,7.765862500000000000e+05,7.821169375000000000e+05,7.804344375000000000e+05,7.916761250000000000e+05,8.156200625000000000e+05,8.238792500000000000e+05,8.143719375000000000e+05,7.854886875000000000e+05,7.348462500000000000e+05,6.591127500000000000e+05,5.833538125000000000e+05,4.947863125000000000e+05,3.887952812500000000e+05,2.435061093750000000e+05,8.253496875000000000e+04,8.927271484375000000e+03
4.656364000000000000e+06,4.645507500000000000e+06,4.611890000000000000e+06,4.552646000000000000e+06,4.464568000000000000e+06,4.345521500000000000e+06,4.195402000000000000e+06,4.016880000000000000e+06,3.904204750000000000e+06,3.886078250000000000e+06,3.832767250000000000e+06,3.756432750000000000e+06,3.665598500000000000e+06,3.565704250000000000e+06,3.461245500000000000e+06,3.355415750000000000e+06,3.249716250000000000e+06,3.181978750000000000e+06,3.130678750000000000e+06,3.074077750000000000e+06,3.010168750000000000e+06,2.937291000000000000e+06,2.854101250000000000e+06,2.759387750000000000e+06,2.652231500000000000e+06,2.531905000000000000e+06,2.397960500000000000e+06,2.250328750000000000e+06,2.089177000000000000e+06,1.914894375000000000e+06,1.728294375000000000e+06,1.531309375000000000e+06,1.326826375000000000e+06,1.116851625000000000e+06,9.025381250000000000e+05,6.905983750000000000e+05,4.963035625000000000e+05,3.246965000000000000e+05,1.620405468750000000e+05,3.704788671875000000e+04,1.405624267578125000e+03
4.037443750000000000e+06,4.033796250000000000e+06,4.022990250000000000e+06,4.005038750000000000e+06,3.979756250000000000e+06,3.946831500000000000e+06,3.905895500000000000e+06,3.868811250000000000e+06,3.829401750000000000e+06,3.782144750000000000e+06,3.727258250000000000e+06,3.665321250000000000e+06,3.597099000000000000e+06,3.547750250000000000e+06,3.503675500000000000e+06,3.453156750000000000e+06,3.397243500000000000e+06,3.337097500000000000e+06,3.274320500000000000e+06,3.258632250000000000e+06,3.234686250000000000e+06,3.202852000000000000e+06,3.162981500000000000e+06,3.114622750000000000e+06,3.056561000000000000e+06,3.021701750000000000e+06,3.080656250000000000e+06,3.108922000000000000e+06,3.102971000000000000e+06,3.057917500000000000e+06,2.968497000000000000e+06,2.830480000000000000e+06,2.641206000000000000e+06,2.423076000000000000e+06,2.201236500000000000e+06,1.915230500000000000e+06,1.582327750000000000e+06,1.202561625000000000e+06,7.170405000000000000e+05,2.095868750000000000e+05,9.134527343750000000e+03
4.915723500000000000e+06,4.927312000000000000e+06,4.967154000000000000e+06,5.023235000000000000e+06,5.086535000000000000e+06,5.147889000000000000e+06,5.198309000000000000e+06,5.229646500000000000e+06,5.295169000000000000e+06,5.339260500000000000e+06,5.354412000000000000e+06,5.339999500000000000e+06,5.308034000000000000e+06,5.329353000000000000e+06,5.309987000000000000e+06,5.252730500000000000e+06,5.162435000000000000e+06,5.044047500000000000e+06,4.902182000000000000e+06,4.895911500000000000e+06,4.901470000000000000e+06,4.864523000000000000e+06,4.790387000000000000e+06,4.683625500000000000e+06,4.547097000000000000e+06,4.382883500000000000e+06,4.192291750000000000e+06,3.975850000000000000e+06,3.734002000000000000e+06,3.490963500000000000e+06,3.282075250000000000e+06,3.047737750000000000e+06,2.785736500000000000e+06,2.493639250000000000e+06,2.168774000000000000e+06,1.812905625000000000e+06,1.437981750000000000e+06,1.054603625000000000e+06,6.546573125000000000e+05,2.755734062500000000e+05,5.991896875000000000e+04
2.291159500000000000e+06,2.295616500000000000e+06,2.307666500000000000e+06,2.325109000000000000e+06,2.345547250000000000e+06,2.366503750000000000e+06,2.386415250000000000e+06,2.410616750000000000e+06,2.429698750000000000e+06,2.443505250000000000e+06,2.452436500000000000e+06,2.477052500000000000e+06,2.495541000000000000e+06,2.507764750000000000e+06,2.521697500000000000e+06,2.556478750000000000e+06,2.582680500000000000e+06,2.601099250000000000e+06,2.612408250000000000e+06,2.666918750000000000e+06,2.711719250000000000e+06,2.744691750000000000e+06,2.765726500000000000e+06,2.774401500000000000e+06,2.832828250000000000e+06,2.962760250000000000e+06,3.061532750000000000e+06,3.126089000000000000e+06,3.152784250000000000e+06,3.136749250000000000e+06,3.072865750000000000e+06,2.956707750000000000e+06,2.845289750000000000e+06,2.711510000000000000e+06,2.509729750000000000e+06,2.231983500000000000e+06,1.887191500000000000e+06,1.475694250000000000e+06,9.581176875000000000e+05,3.957922812500000000e+05,7.341423437500000000e+04
3.170648750000000000e+06,3.166701500000000000e+06,3.155004000000000000e+06,3.135686500000000000e+06,3.108794500000000000e+06,3.074322750000000000e+06,3.044473500000000000e+06,3.010276500000000000e+06,2.969653500000000000e+06,2.923087000000000000e+06,2.871200500000000000e+06,2.814745000000000000e+06,2.754418500000000000e+06,2.690965750000000000e+06,2.632650500000000000e+06,2.599146000000000000e+06,2.561980750000000000e+06,2.521874000000000000e+06,2.479427500000000000e+06,2.434958250000000000e+06,2.388762500000000000e+06,2.340800000000000000e+06,2.370282500000000000e+06,2.416028000000000000e+06,2.448505000000000000e+06,2.466481000000000000e+06,2.468218750000000000e+06,2.451389750000000000e+06,2.413265500000000000e+06,2.350074250000000000e+06,2.257935000000000000e+06,2.180234750000000000e+06,2.087132500000000000e+06,1.954691875000000000e+06,1.769566500000000000e+06,1.528918125000000000e+06,1.252362625000000000e+06,9.418941250000000000e+05,5.486655625000000000e+05,1.560444531250000000e+05,8.484188476562500000e+03
4.232698500000000000e+06,4.231972000000000000e+06,4.229442000000000000e+06,4.224379500000000000e+06,4.215848000000000000e+06,4.202786000000000000e+06,4.184078250000000000e+06,4.158706500000000000e+06,4.132316250000000000e+06,4.105442250000000000e+06,4.072986750000000000e+06,4.035648250000000000e+06,3.994082500000000000e+06,3.950023500000000000e+06,3.928138250000000000e+06,3.903133500000000000e+06,3.876111500000000000e+06,3.848355500000000000e+06,3.829223500000000000e+06,3.846091000000000000e+06,3.862167000000000000e+06,3.878518000000000000e+06,3.895939000000000000e+06,3.924527750000000000e+06,4.016474000000000000e+06,4.105504000000000000e+06,4.190799500000000000e+06,4.270402000000000000e+06,4.341028500000000000e+06,4.564494500000000000e+06,4.877539000000000000e+06,5.142547000000000000e+06,5.340365500000000000e+06,5.428400000000000000e+06,5.329814000000000000e+06,5.177081000000000000e+06,4.933204000000000000e+06,4.406617000000000000e+06,3.109452000000000000e+06,1.131543875000000000e+06,8.894094531250000000e+04
1.152945125000000000e+06,1.151955625000000000e+06,1.148578125000000000e+06,1.142115000000000000e+06,1.131811750000000000e+06,1.116922750000000000e+06,1.096771500000000000e+06,1.070869125000000000e+06,1.039548062500000000e+06,1.003735312500000000e+06,9.665373125000000000e+05,9.261961875000000000e+05,8.834168750000000000e+05,8.388556250000000000e+05,7.931916250000000000e+05,7.470724375000000000e+05,7.038455000000000000e+05,6.617452500000000000e+05,6.201371250000000000e+05,5.793105625000000000e+05,5.395148125000000000e+05,5.008902812500000000e+05,4.675652812500000000e+05,4.352607812500000000e+05,4.033704062500000000e+05,3.719004375000000000e+05,3.408450000000000000e+05,3.132620625000000000e+05,2.879888437500000000e+05,2.618420156250000000e+05,2.349543906250000000e+05,2.075319062500000000e+05,1.889133125000000000e+05,1.721429062500000000e+05,1.511932031250000000e+05,1.268571093750000000e+05,1.012201875000000000e+05,8.041565625000000000e+04,5.789350781250000000e+04,3.337810156250000000e+04,1.376082031250000000e+04
1.662315234375000000e+04,1.665863085937500000e+04,1.675105468750000000e+04,1.687718359375000000e+04,1.701187500000000000e+04,1.715549804687500000e+04,1.729899218750000000e+04,1.737648632812500000e+04,1.737757617187500000e+04,1.736478515625000000e+04,1.736114453125000000e+04,1.727496484375000000e+04,1.710953906250000000e+04,1.705203515625000000e+04,1.696434179687500000e+04,1.678825195312500000e+04,1.654150585937500000e+04,1.644889062500000000e+04,1.640607617187500000e+04,1.629755078125000000e+04,1.614428125000000000e+04,1.596488867187500000e+04,1.577540625000000000e+04,1.637622070312500000e+04,1.693790429687500000e+04,1.745147851562500000e+04,1.793693359375000000e+04,1.841032031250000000e+04,1.888223046875000000e+04,1.934500585937500000e+04,1.978358203125000000e+04,2.034657226562500000e+04,2.137945703125000000e+04,2.241578906250000000e+04,2.314193164062500000e+04,2.338876367187500000e+04,2.346854101562500000e+04,2.280075781250000000e+04,1.772955273437500000e+04,8.156389648437500000e+03,2.784583496093750000e+03
4.704718750000000000e+05,4.669356562500000000e+05,4.569869687500000000e+05,4.416214062500000000e+05,4.218352812500000000e+05,3.986211562500000000e+05,3.729633125000000000e+05,3.458376562500000000e+05,3.182675937500000000e+05,2.918046250000000000e+05,2.670663437500000000e+05,2.445188437500000000e+05,2.243791875000000000e+05,2.065921406250000000e+05,1.913301718750000000e+05,1.790711406250000000e+05,1.684545468750000000e+05,1.592260468750000000e+05,1.511221406250000000e+05,1.438553906250000000e+05,1.383547187500000000e+05,1.331682968750000000e+05,1.279301796875000000e+05,1.224811640625000000e+05,1.167196250000000000e+05,1.109846875000000000e+05,1.061168359375000000e+05,1.004923437500000000e+05,9.412042968750000000e+04,8.703531250000000000e+04,7.929180468750000000e+04,7.395649218750000000e+04,6.924131250000000000e+04,6.292457421875000000e+04,5.508480859375000000e+04,4.602439062500000000e+04,3.740643359375000000e+04,2.982755078125000000e+04,2.084758789062500000e+04,1.066029785156250000e+04,4.344782714843750000e+03
1.624618875000000000e+06,1.625934875000000000e+06,1.628889000000000000e+06,1.631666500000000000e+06,1.632233250000000000e+06,1.628573125000000000e+06,1.623989000000000000e+06,1.613775125000000000e+06,1.595918875000000000e+06,1.571931500000000000e+06,1.556725250000000000e+06,1.536786625000000000e+06,1.513311125000000000e+06,1.495817250000000000e+06,1.487744375000000000e+06,1.476060625000000000e+06,1.461826375000000000e+06,1.446858625000000000e+06,1.455844875000000000e+06,1.459989000000000000e+06,1.459590000000000000e+06,1.454594125000000000e+06,1.444633750000000000e+06,1.429135250000000000e+06,1.456493375000000000e+06,1.490435375000000000e+06,1.509489000000000000e+06,1.512389750000000000e+06,1.497738625000000000e+06,1.463989375000000000e+06,1.409708000000000000e+06,1.333886125000000000e+06,1.243469000000000000e+06,1.163359250000000000e+06,1.061073250000000000e+06,9.349115000000000000e+05,7.863303125000000000e+05,6.171668750000000000e+05,4.239153750000000000e+05,2.193335468750000000e+05,6.992064843750000000e+04
5.868606875000000000e+05,5.889595625000000000e+05,5.949072500000000000e+05,6.041833750000000000e+05,6.166844375000000000e+05,6.327647500000000000e+05,6.508113750000000000e+05,6.702648750000000000e+05,6.908880625000000000e+05,7.132058125000000000e+05,7.389817500000000000e+05,7.658983125000000000e+05,7.937364375000000000e+05,8.229408125000000000e+05,8.585365000000000000e+05,8.941045000000000000e+05,9.294231250000000000e+05,9.652069375000000000e+05,1.012320312500000000e+06,1.058165750000000000e+06,1.102435250000000000e+06,1.144798625000000000e+06,1.198013000000000000e+06,1.258372000000000000e+06,1.314636500000000000e+06,1.365949500000000000e+06,1.411169750000000000e+06,1.456938625000000000e+06,1.576147375000000000e+06,1.679881250000000000e+06,1.762773375000000000e+06,1.818498750000000000e+06,1.840084625000000000e+06,1.816590875000000000e+06,1.764473625000000000e+06,1.688518375000000000e+06,1.550629250000000000e+06,1.330266375000000000e+06,9.517773750000000000e+05,4.454098125000000000e+05,1.043640468750000000e+05
1.818289125000000000e+06,1.819338375000000000e+06,1.821650250000000000e+06,1.823900500000000000e+06,1.824714875000000000e+06,1.833787125000000000e+06,1.842885625000000000e+06,1.846526750000000000e+06,1.844643375000000000e+06,1.838285500000000000e+06,1.828527000000000000e+06,1.816357750000000000e+06,1.802087625000000000e+06,1.785756875000000000e+06,1.767505250000000000e+06,1.779525750000000000e+06,1.824986250000000000e+06,1.866297625000000000e+06,1.903897750000000000e+06,1.938141875000000000e+06,1.969432125000000000e+06,1.998171000000000000e+06,2.024724125000000000e+06,2.049384875000000000e+06,2.072104125000000000e+06,2.092648625000000000e+06,2.150366250000000000e+06,2.217443750000000000e+06,2.285458250000000000e+06,2.350532000000000000e+06,2.407631500000000000e+06,2.450479750000000000e+06,2.471469250000000000e+06,2.454676750000000000e+06,2.373137000000000000e+06,2.209821750000000000e+06,1.973460000000000000e+06,1.641570000000000000e+06,1.103636500000000000e+06,4.497020312500000000e+05,8.490524218750000000e+04
6.745163125000000000e+05,6.732703125000000000e+05,6.697747500000000000e+05,6.643708750000000000e+05,6.573748750000000000e+05,6.490843125000000000e+05,6.397843750000000000e+05,6.297627500000000000e+05,6.193934375000000000e+05,6.091152500000000000e+05,5.994960000000000000e+05,5.923352500000000000e+05,5.864109375000000000e+05,5.818877500000000000e+05,5.789613125000000000e+05,5.777548125000000000e+05,5.789905000000000000e+05,5.847222500000000000e+05,5.920813125000000000e+05,6.009863125000000000e+05,6.113446875000000000e+05,6.230528125000000000e+05,6.424789375000000000e+05,6.633326250000000000e+05,6.851123750000000000e+05,7.076660625000000000e+05,7.308516250000000000e+05,7.658720000000000000e+05,8.044899375000000000e+05,8.426002500000000000e+05,8.788643125000000000e+05,9.124362500000000000e+05,9.967550625000000000e+05,1.091442750000000000e+06,1.155798625000000000e+06,1.173913625000000000e+06,1.158227750000000000e+06,1.145716125000000000e+06,8.617543750000000000e+05,2.806996875000000000e+05,7.822954589843750000e+03
4.312791500000000000e+06,4.308069500000000000e+06,4.292609500000000000e+06,4.263967000000000000e+06,4.219377500000000000e+06,4.156158250000000000e+06,4.072051750000000000e+06,3.965780000000000000e+06,3.853645750000000000e+06,3.734231250000000000e+06,3.602400500000000000e+06,3.462916000000000000e+06,3.318876500000000000e+06,3.187699250000000000e+06,3.073432000000000000e+06,2.956558000000000000e+06,2.839091750000000000e+06,2.722878250000000000e+06,2.609039750000000000e+06,2.536897750000000000e+06,2.461402500000000000e+06,2.382030750000000000e+06,2.298470750000000000e+06,2.210144250000000000e+06,2.116156250000000000e+06,2.043418750000000000e+06,2.028791625000000000e+06,1.990594000000000000e+06,1.928033500000000000e+06,1.840306500000000000e+06,1.726883500000000000e+06,1.588394250000000000e+06,1.426775250000000000e+06,1.266012875000000000e+06,1.105868250000000000e+06,9.243678750000000000e+05,7.320845000000000000e+05,5.332057500000000000e+05,3.095324687500000000e+05,9.507896875000000000e+04,7.540270996093750000e+03
1.894979062500000000e+05,1.897160625000000000e+05,1.903617812500000000e+05,1.914202968750000000e+05,1.929378750000000000e+05,1.950897031250000000e+05,1.976584687500000000e+05,2.006234531250000000e+05,2.039676250000000000e+05,2.076780156250000000e+05,2.117456875000000000e+05,2.161633593750000000e+05,2.219150781250000000e+05,2.282441875000000000e+05,2.348443593750000000e+05,2.416694062500000000e+05,2.486719531250000000e+05,2.569096718750000000e+05,2.668771562500000000e+05,2.768690000000000000e+05,2.868262500000000000e+05,2.966893750000000000e+05,3.064158437500000000e+05,3.213204687500000000e+05,3.358572500000000000e+05,3.498860312500000000e+05,3.632083125000000000e+05,3.755440000000000000e+05,3.886625937500000000e+05,4.216837500000000000e+05,4.518202500000000000e+05,4.775329687500000000e+05,4.969044375000000000e+05,5.067461875000000000e+05,5.020954687500000000e+05,4.955181250000000000e+05,4.787716562500000000e+05,4.373817187500000000e+05,3.471182187500000000e+05,2.023977031250000000e+05,7.146598437500000000e+04
9.593702343750000000e+04,9.582106250000000000e+04,9.548155468750000000e+04,9.493020312500000000e+04,9.417771875000000000e+04,9.323414062500000000e+04,9.210914062500000000e+04,9.081381250000000000e+04,8.937525781250000000e+04,8.782980468750000000e+04,8.621352343750000000e+04,8.456156250000000000e+04,8.290433593750000000e+04,8.126998437500000000e+04,7.968672656250000000e+04,7.817919531250000000e+04,7.692568750000000000e+04,7.609516406250000000e+04,7.538678906250000000e+04,7.480867187500000000e+04,7.436910156250000000e+04,7.406907812500000000e+04,7.390280468750000000e+04,7.386214843750000000e+04,7.432355468750000000e+04,7.551084375000000000e+04,7.672653906250000000e+04,7.790793750000000000e+04,7.897699218750000000e+04,7.981403906250000000e+04,8.052438281250000000e+04,8.568674218750000000e+04,8.989214062500000000e+04,9.266732812500000000e+04,9.341546093750000000e+04,9.136214062500000000e+04,8.876095312500000000e+04,8.436952343750000000e+04,7.615107812500000000e+04,6.223154687500000000e+04,3.669996484375000000e+04
3.625580625000000000e+05,3.633841562500000000e+05,3.656828750000000000e+05,3.691425937500000000e+05,3.738280312500000000e+05,3.800571250000000000e+05,3.865342812500000000e+05,3.928996562500000000e+05,4.004608750000000000e+05,4.095497187500000000e+05,4.176528750000000000e+05,4.246540312500000000e+05,4.364242812500000000e+05,4.468629375000000000e+05,4.556709062500000000e+05,4.629490937500000000e+05,4.728330937500000000e+05,4.846955937500000000e+05,4.943328437500000000e+05,5.018293125000000000e+05,5.072180937500000000e+05,5.104418125000000000e+05,5.113661562500000000e+05,5.098162500000000000e+05,5.248392500000000000e+05,5.366651875000000000e+05,5.438820625000000000e+05,5.458651250000000000e+05,5.419304375000000000e+05,5.312530625000000000e+05,5.130270625000000000e+05,4.866811562500000000e+05,4.519568437500000000e+05,4.186474062500000000e+05,3.800223750000000000e+05,3.317402187500000000e+05,2.761900937500000000e+05,2.136879375000000000e+05,1.365817187500000000e+05,5.368672265625000000e+04,1.008125488281250000e+04
2.691334250000000000e+06,2.670474500000000000e+06,2.612181500000000000e+06,2.523077000000000000e+06,2.409855500000000000e+06,2.279105000000000000e+06,2.137170750000000000e+06,1.990075250000000000e+06,1.843707750000000000e+06,1.703636375000000000e+06,1.574902750000000000e+06,1.461695625000000000e+06,1.366385000000000000e+06,1.294930750000000000e+06,1.237816750000000000e+06,1.194296000000000000e+06,1.162779625000000000e+06,1.141788625000000000e+06,1.129766875000000000e+06,1.125504625000000000e+06,1.141662000000000000e+06,1.160881000000000000e+06,1.181607000000000000e+06,1.202131000000000000e+06,1.220771125000000000e+06,1.235750625000000000e+06,1.245190875000000000e+06,1.302994875000000000e+06,1.356575875000000000e+06,1.394355375000000000e+06,1.412149625000000000e+06,1.405742875000000000e+06,1.371175875000000000e+06,1.303220000000000000e+06,1.212254125000000000e+06,1.110915750000000000e+06,9.742870000000000000e+05,7.971669375000000000e+05,5.492211250000000000e+05,2.540353437500000000e+05,6.222542187500000000e+04
2.790027250000000000e+06,2.779491750000000000e+06,2.747366250000000000e+06,2.692409750000000000e+06,2.613546250000000000e+06,2.510638250000000000e+06,2.384967250000000000e+06,2.239801000000000000e+06,2.086904625000000000e+06,1.934468125000000000e+06,1.789076000000000000e+06,1.657999625000000000e+06,1.542748875000000000e+06,1.442417000000000000e+06,1.359726625000000000e+06,1.293512625000000000e+06,1.237495875000000000e+06,1.190048000000000000e+06,1.149368250000000000e+06,1.113388750000000000e+06,1.088829250000000000e+06,1.066472625000000000e+06,1.042530937500000000e+06,1.015642187500000000e+06,9.848153750000000000e+05,9.557536250000000000e+05,9.308426250000000000e+05,8.978388125000000000e+05,8.564511250000000000e+05,8.066975000000000000e+05,7.550456250000000000e+05,7.392270000000000000e+05,7.047637500000000000e+05,6.524646875000000000e+05,5.839833125000000000e+05,5.012663125000000000e+05,4.332092812500000000e+05,3.545965937500000000e+05,2.710370937500000000e+05,1.812842187500000000e+05,8.130878906250000000e+04
3.161208250000000000e+06,3.163459250000000000e+06,3.168378000000000000e+06,3.173040000000000000e+06,3.174407750000000000e+06,3.169468750000000000e+06,3.155361500000000000e+06,3.129693500000000000e+06,3.121495500000000000e+06,3.161619500000000000e+06,3.187648750000000000e+06,3.200710500000000000e+06,3.201540500000000000e+06,3.190783500000000000e+06,3.169316750000000000e+06,3.138539750000000000e+06,3.100327000000000000e+06,3.056502750000000000e+06,3.008375250000000000e+06,2.956537250000000000e+06,2.901419000000000000e+06,2.842897500000000000e+06,2.780362750000000000e+06,2.713040500000000000e+06,2.668525000000000000e+06,2.629365000000000000e+06,2.582913500000000000e+06,2.526649750000000000e+06,2.457865250000000000e+06,2.373469000000000000e+06,2.270286500000000000e+06,2.145236500000000000e+06,1.995555375000000000e+06,1.818632750000000000e+06,1.612198000000000000e+06,1.376795250000000000e+06,1.118770750000000000e+06,8.454828125000000000e+05,5.576036875000000000e+05,2.789377500000000000e+05,8.826884375000000000e+04
1.422217500000000000e+06,1.422594125000000000e+06,1.423612375000000000e+06,1.425051750000000000e+06,1.426654375000000000e+06,1.429981375000000000e+06,1.436769625000000000e+06,1.443332250000000000e+06,1.449866625000000000e+06,1.456931250000000000e+06,1.465165125000000000e+06,1.475225000000000000e+06,1.489090750000000000e+06,1.516066500000000000e+06,1.544651875000000000e+06,1.574795500000000000e+06,1.606425500000000000e+06,1.639447250000000000e+06,1.673741875000000000e+06,1.718334500000000000e+06,1.777886500000000000e+06,1.838019625000000000e+06,1.898762875000000000e+06,1.960108000000000000e+06,2.022009625000000000e+06,2.084384875000000000e+06,2.147191250000000000e+06,2.307113750000000000e+06,2.484106500000000000e+06,2.663555750000000000e+06,2.842237750000000000e+06,3.017947000000000000e+06,3.189070500000000000e+06,3.333718000000000000e+06,3.455830750000000000e+06,3.577304000000000000e+06,3.659356750000000000e+06,3.583383500000000000e+06,2.726766500000000000e+06,1.039178750000000000e+06,9.638773437500000000e+04
3.362058750000000000e+06,3.351562250000000000e+06,3.321082750000000000e+06,3.271905250000000000e+06,3.205199250000000000e+06,3.122224500000000000e+06,3.024489500000000000e+06,2.917975250000000000e+06,2.820688750000000000e+06,2.718465500000000000e+06,2.616420000000000000e+06,2.519423750000000000e+06,2.429837750000000000e+06,2.348901500000000000e+06,2.301477500000000000e+06,2.274284500000000000e+06,2.254413750000000000e+06,2.242156750000000000e+06,2.237256750000000000e+06,2.238590250000000000e+06,2.258551750000000000e+06,2.381580500000000000e+06,2.499763250000000000e+06,2.611047250000000000e+06,2.712666500000000000e+06,2.801161500000000000e+06,2.872409500000000000e+06,2.921710750000000000e+06,2.943768000000000000e+06,2.963543500000000000e+06,2.996708000000000000e+06,2.991175750000000000e+06,2.936932000000000000e+06,2.818692750000000000e+06,2.614938250000000000e+06,2.317211000000000000e+06,1.946431125000000000e+06,1.503248500000000000e+06,9.223793750000000000e+05,3.126483437500000000e+05,3.473708593750000000e+04
1.340850125000000000e+06,1.338766625000000000e+06,1.332439125000000000e+06,1.321659250000000000e+06,1.306149500000000000e+06,1.285626750000000000e+06,1.259857000000000000e+06,1.228751375000000000e+06,1.197308875000000000e+06,1.171380000000000000e+06,1.141613125000000000e+06,1.108881375000000000e+06,1.073980125000000000e+06,1.037708625000000000e+06,1.000956312500000000e+06,9.645853125000000000e+05,9.536385000000000000e+05,9.576123125000000000e+05,9.590742500000000000e+05,9.590811250000000000e+05,9.585988125000000000e+05,9.584340625000000000e+05,9.592220625000000000e+05,9.614735000000000000e+05,9.654776250000000000e+05,9.713913750000000000e+05,9.798178750000000000e+05,1.010692500000000000e+06,1.046612250000000000e+06,1.086886750000000000e+06,1.130518875000000000e+06,1.177035625000000000e+06,1.226180375000000000e+06,1.269854875000000000e+06,1.287782125000000000e+06,1.267961250000000000e+06,1.224010750000000000e+06,1.120015875000000000e+06,7.723661250000000000e+05,2.429858437500000000e+05,1.442247656250000000e+04
3.681010750000000000e+06,3.686697000000000000e+06,3.702597500000000000e+06,3.726785500000000000e+06,3.757167750000000000e+06,3.796040750000000000e+06,3.843745000000000000e+06,3.892001250000000000e+06,3.939766500000000000e+06,3.986925500000000000e+06,4.044059000000000000e+06,4.120326500000000000e+06,4.195391500000000000e+06,4.268449500000000000e+06,4.338908500000000000e+06,4.460941500000000000e+06,4.576188000000000000e+06,4.683710000000000000e+06,4.782420500000000000e+06,4.891376500000000000e+06,5.054968000000000000e+06,5.197993000000000000e+06,5.317472500000000000e+06,5.409931000000000000e+06,5.470936500000000000e+06,5.552888500000000000e+06,5.828374500000000000e+06,6.033384000000000000e+06,6.156758000000000000e+06,6.184645500000000000e+06,6.102825500000000000e+06,5.900190000000000000e+06,5.569841500000000000e+06,5.205189500000000000e+06,4.760553500000000000e+06,4.150309250000000000e+06,3.424637750000000000e+06,2.585267750000000000e+06,1.485664000000000000e+06,3.724164062500000000e+05,4.460922363281250000e+03
5.111314500000000000e+06,5.101187500000000000e+06,5.069175000000000000e+06,5.011573500000000000e+06,4.924073000000000000e+06,4.802921000000000000e+06,4.645838000000000000e+06,4.453129500000000000e+06,4.232289500000000000e+06,3.994794250000000000e+06,3.752395750000000000e+06,3.516036250000000000e+06,3.290554250000000000e+06,3.077964750000000000e+06,2.880398000000000000e+06,2.713226500000000000e+06,2.596113000000000000e+06,2.490506000000000000e+06,2.394221250000000000e+06,2.304422500000000000e+06,2.218223750000000000e+06,2.133122000000000000e+06,2.046972375000000000e+06,1.957788500000000000e+06,1.864251625000000000e+06,1.765345875000000000e+06,1.660458750000000000e+06,1.549502125000000000e+06,1.432619750000000000e+06,1.310371875000000000e+06,1.183559125000000000e+06,1.053253625000000000e+06,9.208025000000000000e+05,7.878083750000000000e+05,6.561197500000000000e+05,5.279035000000000000e+05,4.059046250000000000e+05,2.931282812500000000e+05,1.920652187500000000e+05,1.065895468750000000e+05,4.434939062500000000e+04
3.563504375000000000e+05,3.558194687500000000e+05,3.542418750000000000e+05,3.516302500000000000e+05,3.479872187500000000e+05,3.433104687500000000e+05,3.375972187500000000e+05,3.321250000000000000e+05,3.262631875000000000e+05,3.194901875000000000e+05,3.118600625000000000e+05,3.034561562500000000e+05,2.943980000000000000e+05,2.848281250000000000e+05,2.749020625000000000e+05,2.650670312500000000e+05,2.578162031250000000e+05,2.502844218750000000e+05,2.426189687500000000e+05,2.349363437500000000e+05,2.273407343750000000e+05,2.198931406250000000e+05,2.126146250000000000e+05,2.055078906250000000e+05,1.997730625000000000e+05,2.005060937500000000e+05,2.005398593750000000e+05,1.997471562500000000e+05,1.979595000000000000e+05,1.949355468750000000e+05,1.903932500000000000e+05,1.839844375000000000e+05,1.753415937500000000e+05,1.660317656250000000e+05,1.582910000000000000e+05,1.479048281250000000e+05,1.336322656250000000e+05,1.148420390625000000e+05,9.249482812500000000e+04,6.587674218750000000e+04,3.380357812500000000e+04
1.506469531250000000e+05,1.501427031250000000e+05,1.486894375000000000e+05,1.463715312500000000e+05,1.432698906250000000e+05,1.394657656250000000e+05,1.350436406250000000e+05,1.300990312500000000e+05,1.247898671875000000e+05,1.193083281250000000e+05,1.138440078125000000e+05,1.085739843750000000e+05,1.036022500000000000e+05,9.899810937500000000e+04,9.679098437500000000e+04,9.615914843750000000e+04,9.574125000000000000e+04,9.557789843750000000e+04,9.569095312500000000e+04,9.606850000000000000e+04,9.669050000000000000e+04,9.751842187500000000e+04,9.849358593750000000e+04,9.954513281250000000e+04,1.005826640625000000e+05,1.015413125000000000e+05,1.043878828125000000e+05,1.071457968750000000e+05,1.096384062500000000e+05,1.116395000000000000e+05,1.128876171875000000e+05,1.130814296875000000e+05,1.118855234375000000e+05,1.088677812500000000e+05,1.034891796875000000e+05,9.535741406250000000e+04,8.445481250000000000e+04,7.061231250000000000e+04,5.272819140625000000e+04,3.180614648437500000e+04,1.480651953125000000e+04
3.161208250000000000e+06,3.163459250000000000e+06,3.168378000000000000e+06,3.173040000000000000e+06,3.174407750000000000e+06,3.169468750000000000e+06,3.155361500000000000e+06,3.129693500000000000e+06,3.121495500000000000e+06,3.161619500000000000e+06,3.187648750000000000e+06,3.200710500000000000e+06,3.201540500000000000e+06,3.190783500000000000e+06,3.169316750000000000e+06,3.138539750000000000e+06,3.100327000000000000e+06,3.056502750000000000e+06,3.008375250000000000e+06,2.956537250000000000e+06,2.901419000000000000e+06,2.842897500000000000e+06,2.780362750000000000e+06,2.713040500000000000e+06,2.668525000000000000e+06,2.629365000000000000e+06,2.582913500000000000e+06,2.526649750000000000e+06,2.457865250000000000e+06,2.373469000000000000e+06,2.270286500000000000e+06,2.145236500000000000e+06,1.995555375000000000e+06,1.818632750000000000e+06,1.612198000000000000e+06,1.376795250000000000e+06,1.118770750000000000e+06,8.454828125000000000e+05,5.576036875000000000e+05,2.789377500000000000e+05,8.826884375000000000e+04
9.896836875000000000e+05,9.931758750000000000e+05,1.003115562500000000e+06,1.018698562500000000e+06,1.039120437500000000e+06,1.066391875000000000e+06,1.097720500000000000e+06,1.131743125000000000e+06,1.167575875000000000e+06,1.205771750000000000e+06,1.252159750000000000e+06,1.297645250000000000e+06,1.341568500000000000e+06,1.383446125000000000e+06,1.435956250000000000e+06,1.488113125000000000e+06,1.536247250000000000e+06,1.580195750000000000e+06,1.619789750000000000e+06,1.660714000000000000e+06,1.714862375000000000e+06,1.762609875000000000e+06,1.803413375000000000e+06,1.836567250000000000e+06,1.860848250000000000e+06,1.874790250000000000e+06,1.876596500000000000e+06,1.934421375000000000e+06,1.992573125000000000e+06,2.024700250000000000e+06,2.024755125000000000e+06,1.987126250000000000e+06,1.907113625000000000e+06,1.777445250000000000e+06,1.606718125000000000e+06,1.424821250000000000e+06,1.202314625000000000e+06,9.349788125000000000e+05,5.633318750000000000e+05,1.592531718750000000e+05,5.448518554687500000e+03
3.253555750000000000e+06,3.248186500000000000e+06,3.232562000000000000e+06,3.207356000000000000e+06,3.173194000000000000e+06,3.130678500000000000e+06,3.080413250000000000e+06,3.023090750000000000e+06,2.960153000000000000e+06,2.893480500000000000e+06,2.824956750000000000e+06,2.768574500000000000e+06,2.716070000000000000e+06,2.665270750000000000e+06,2.617096500000000000e+06,2.572180000000000000e+06,2.530733250000000000e+06,2.492975500000000000e+06,2.458787000000000000e+06,2.427519250000000000e+06,2.424298000000000000e+06,2.424202250000000000e+06,2.422454750000000000e+06,2.417413500000000000e+06,2.406888250000000000e+06,2.388419000000000000e+06,2.359266500000000000e+06,2.331712000000000000e+06,2.385897000000000000e+06,2.410125250000000000e+06,2.397693000000000000e+06,2.342424500000000000e+06,2.239210750000000000e+06,2.081246250000000000e+06,1.859748625000000000e+06,1.651090250000000000e+06,1.399281000000000000e+06,1.099098500000000000e+06,7.004703750000000000e+05,2.572622343750000000e+05,3.256491015625000000e+04
7.604007812500000000e+04,7.634758593750000000e+04,7.716249218750000000e+04,7.832114843750000000e+04,7.965721875000000000e+04,8.100262500000000000e+04,8.218921875000000000e+04,8.306362500000000000e+04,8.360692968750000000e+04,8.461753906250000000e+04,8.544953906250000000e+04,8.611821093750000000e+04,8.661684375000000000e+04,8.689901562500000000e+04,8.692190625000000000e+04,8.666645312500000000e+04,8.614183593750000000e+04,8.535953125000000000e+04,8.432697656250000000e+04,8.508266406250000000e+04,8.629203125000000000e+04,8.706987500000000000e+04,8.741374218750000000e+04,8.732246093750000000e+04,8.679442187500000000e+04,8.582930468750000000e+04,8.442570312500000000e+04,8.258002343750000000e+04,8.029513281250000000e+04,7.759428125000000000e+04,7.548271875000000000e+04,7.397341406250000000e+04,7.212361718750000000e+04,7.000733593750000000e+04,6.796912500000000000e+04,6.583306250000000000e+04,6.214106250000000000e+04,5.690081250000000000e+04,5.534699218750000000e+04,5.895075390625000000e+04,4.623360546875000000e+04
5.979351500000000000e+06,5.969001000000000000e+06,5.938475000000000000e+06,5.888436500000000000e+06,5.819465000000000000e+06,5.738823000000000000e+06,5.656843000000000000e+06,5.558764500000000000e+06,5.446468500000000000e+06,5.323107000000000000e+06,5.192093000000000000e+06,5.057031000000000000e+06,4.921423000000000000e+06,4.788640000000000000e+06,4.661986000000000000e+06,4.544197000000000000e+06,4.437261500000000000e+06,4.370713000000000000e+06,4.327601000000000000e+06,4.297386000000000000e+06,4.280873000000000000e+06,4.278240500000000000e+06,4.289105500000000000e+06,4.312908500000000000e+06,4.348190500000000000e+06,4.393097000000000000e+06,4.445149000000000000e+06,4.666671500000000000e+06,4.926404500000000000e+06,5.181700000000000000e+06,5.418495000000000000e+06,5.620527000000000000e+06,5.769008000000000000e+06,5.814582000000000000e+06,5.679437500000000000e+06,5.530924500000000000e+06,5.220288000000000000e+06,4.615184500000000000e+06,3.086693750000000000e+06,8.944665625000000000e+05,1.781577148437500000e+04
4.346872500000000000e+05,4.350889687500000000e+05,4.359605937500000000e+05,4.367764687500000000e+05,4.369982187500000000e+05,4.360991250000000000e+05,4.335865312500000000e+05,4.290702812500000000e+05,4.262941562500000000e+05,4.290191875000000000e+05,4.303448437500000000e+05,4.309485625000000000e+05,4.309978750000000000e+05,4.304400312500000000e+05,4.292685625000000000e+05,4.275996562500000000e+05,4.256755937500000000e+05,4.237487812500000000e+05,4.220191250000000000e+05,4.206076875000000000e+05,4.196282812500000000e+05,4.191672500000000000e+05,4.192825625000000000e+05,4.219326250000000000e+05,4.303188125000000000e+05,4.400448437500000000e+05,4.510740312500000000e+05,4.632918437500000000e+05,4.765101250000000000e+05,4.902689375000000000e+05,5.039485000000000000e+05,5.165595625000000000e+05,5.267466250000000000e+05,5.320619375000000000e+05,5.285836250000000000e+05,5.122499375000000000e+05,4.795123437500000000e+05,4.241640000000000000e+05,3.322414375000000000e+05,2.052722656250000000e+05,8.533147656250000000e+04
2.079473500000000000e+06,2.073361375000000000e+06,2.055440500000000000e+06,2.026295000000000000e+06,1.986499875000000000e+06,1.936670625000000000e+06,1.889988500000000000e+06,1.835031250000000000e+06,1.772507875000000000e+06,1.704016000000000000e+06,1.631339750000000000e+06,1.556396000000000000e+06,1.481080500000000000e+06,1.407181125000000000e+06,1.336367750000000000e+06,1.269929375000000000e+06,1.208693125000000000e+06,1.153355500000000000e+06,1.104242375000000000e+06,1.080914125000000000e+06,1.069109625000000000e+06,1.061292000000000000e+06,1.057237250000000000e+06,1.056584625000000000e+06,1.058526750000000000e+06,1.062032125000000000e+06,1.065780125000000000e+06,1.068066875000000000e+06,1.066887000000000000e+06,1.059471250000000000e+06,1.042744562500000000e+06,1.013785687500000000e+06,9.952103750000000000e+05,9.615541875000000000e+05,9.019274375000000000e+05,8.116710000000000000e+05,6.974497500000000000e+05,5.548102500000000000e+05,3.460745937500000000e+05,1.108535078125000000e+05,9.413354492187500000e+03
6.453608750000000000e+05,6.444107500000000000e+05,6.414887500000000000e+05,6.364386875000000000e+05,6.290699375000000000e+05,6.191923125000000000e+05,6.066465625000000000e+05,5.913589375000000000e+05,5.736329375000000000e+05,5.540046250000000000e+05,5.330458125000000000e+05,5.226422500000000000e+05,5.189808750000000000e+05,5.133619375000000000e+05,5.061300937500000000e+05,4.977191562500000000e+05,4.885953750000000000e+05,4.792376875000000000e+05,4.700645625000000000e+05,4.613837812500000000e+05,4.534653437500000000e+05,4.464892500000000000e+05,4.478911562500000000e+05,4.523921875000000000e+05,4.584692812500000000e+05,4.659959062500000000e+05,4.747705625000000000e+05,4.844784687500000000e+05,4.946750000000000000e+05,5.044640312500000000e+05,5.127230000000000000e+05,5.181546562500000000e+05,5.192547187500000000e+05,5.125610000000000000e+05,4.920411250000000000e+05,4.544216250000000000e+05,4.031043125000000000e+05,3.333638750000000000e+05,2.180028593750000000e+05,7.943178906250000000e+04,1.235946093750000000e+04
1.472513125000000000e+06,1.468125000000000000e+06,1.457311625000000000e+06,1.441578125000000000e+06,1.419973375000000000e+06,1.392753875000000000e+06,1.360249500000000000e+06,1.322962875000000000e+06,1.282214750000000000e+06,1.239756125000000000e+06,1.197294125000000000e+06,1.156375500000000000e+06,1.117634750000000000e+06,1.081279000000000000e+06,1.047532062500000000e+06,1.016378562500000000e+06,9.874756875000000000e+05,9.604703750000000000e+05,9.603751250000000000e+05,9.622653125000000000e+05,9.624290000000000000e+05,9.601261875000000000e+05,9.545660625000000000e+05,9.449250000000000000e+05,9.304339375000000000e+05,9.103483750000000000e+05,8.840119375000000000e+05,8.509153125000000000e+05,8.106593750000000000e+05,7.630183750000000000e+05,7.203328750000000000e+05,6.752763125000000000e+05,6.229625000000000000e+05,5.630086250000000000e+05,4.950040312500000000e+05,4.195179687500000000e+05,3.391845312500000000e+05,2.560473437500000000e+05,1.681834062500000000e+05,8.248895312500000000e+04,2.682320898437500000e+04
9.196159000000000000e+06,9.207911000000000000e+06,9.238175000000000000e+06,9.278737000000000000e+06,9.320740000000000000e+06,9.355074000000000000e+06,9.372748000000000000e+06,9.365846000000000000e+06,9.333619000000000000e+06,9.279746000000000000e+06,9.208420000000000000e+06,9.123997000000000000e+06,9.028765000000000000e+06,8.924367000000000000e+06,8.813116000000000000e+06,8.697922000000000000e+06,8.582058000000000000e+06,8.469014000000000000e+06,8.468149000000000000e+06,8.525520000000000000e+06,8.603282000000000000e+06,8.702242000000000000e+06,8.822940000000000000e+06,8.965711000000000000e+06,9.129773000000000000e+06,9.313817000000000000e+06,9.515600000000000000e+06,9.731520000000000000e+06,9.955455000000000000e+06,1.017141200000000000e+07,1.035903000000000000e+07,1.049728500000000000e+07,1.056300400000000000e+07,1.047681200000000000e+07,1.008449500000000000e+07,9.313443000000000000e+06,8.281382500000000000e+06,6.842740500000000000e+06,4.187693500000000000e+06,1.082567500000000000e+06,2.294867968750000000e+04
1.741526375000000000e+06,1.737284125000000000e+06,1.724871875000000000e+06,1.704734000000000000e+06,1.677292125000000000e+06,1.642964875000000000e+06,1.602575875000000000e+06,1.558220875000000000e+06,1.508988750000000000e+06,1.456174625000000000e+06,1.401070375000000000e+06,1.344923375000000000e+06,1.288699500000000000e+06,1.233228500000000000e+06,1.179333250000000000e+06,1.131403875000000000e+06,1.087370000000000000e+06,1.045817500000000000e+06,1.006968000000000000e+06,9.707696875000000000e+05,9.371525625000000000e+05,9.098695000000000000e+05,8.887363125000000000e+05,8.682569375000000000e+05,8.478275000000000000e+05,8.267545000000000000e+05,8.042455000000000000e+05,7.924551875000000000e+05,7.772999375000000000e+05,7.561658750000000000e+05,7.278546875000000000e+05,6.912265000000000000e+05,6.870010000000000000e+05,6.730796875000000000e+05,6.374076250000000000e+05,5.781218125000000000e+05,5.001990937500000000e+05,4.277211875000000000e+05,3.358075937500000000e+05,2.202068750000000000e+05,9.269697656250000000e+04
2.873780937500000000e+05,2.877675000000000000e+05,2.888500625000000000e+05,2.904897500000000000e+05,2.929665000000000000e+05,2.958850625000000000e+05,2.989853437500000000e+05,3.020975000000000000e+05,3.051214062500000000e+05,3.080003750000000000e+05,3.108120312500000000e+05,3.151925625000000000e+05,3.192226875000000000e+05,3.227731562500000000e+05,3.257248437500000000e+05,3.283318437500000000e+05,3.335341562500000000e+05,3.376138125000000000e+05,3.404460625000000000e+05,3.419006875000000000e+05,3.424320937500000000e+05,3.468827812500000000e+05,3.489899062500000000e+05,3.485907187500000000e+05,3.455201562500000000e+05,3.396236250000000000e+05,3.375223125000000000e+05,3.438234375000000000e+05,3.442523437500000000e+05,3.384738750000000000e+05,3.262381875000000000e+05,3.075720000000000000e+05,2.827978125000000000e+05,2.553106093750000000e+05,2.276437812500000000e+05,1.939643750000000000e+05,1.571111093750000000e+05,1.176697109375000000e+05,6.945862500000000000e+04,2.119837109375000000e+04,2.285902587890625000e+03
3.499977000000000000e+06,3.501733250000000000e+06,3.505128250000000000e+06,3.507162500000000000e+06,3.504726750000000000e+06,3.494765000000000000e+06,3.474417500000000000e+06,3.441441250000000000e+06,3.397067250000000000e+06,3.344489000000000000e+06,3.286875500000000000e+06,3.227132500000000000e+06,3.182500000000000000e+06,3.214071250000000000e+06,3.241689250000000000e+06,3.265504750000000000e+06,3.286108500000000000e+06,3.304153500000000000e+06,3.319798250000000000e+06,3.332404500000000000e+06,3.341193750000000000e+06,3.344932250000000000e+06,3.341918500000000000e+06,3.330212500000000000e+06,3.307206000000000000e+06,3.272091250000000000e+06,3.280481000000000000e+06,3.273153750000000000e+06,3.244981250000000000e+06,3.189763000000000000e+06,3.100944750000000000e+06,2.972610000000000000e+06,2.799660750000000000e+06,2.574794000000000000e+06,2.288519750000000000e+06,1.942824875000000000e+06,1.561486250000000000e+06,1.154622250000000000e+06,6.912602500000000000e+05,2.477545312500000000e+05,3.804865625000000000e+04
2.166832000000000000e+06,2.170870000000000000e+06,2.182360000000000000e+06,2.200358000000000000e+06,2.223911500000000000e+06,2.252064500000000000e+06,2.283857750000000000e+06,2.318356750000000000e+06,2.365602250000000000e+06,2.420431250000000000e+06,2.476695000000000000e+06,2.533664250000000000e+06,2.590789500000000000e+06,2.647618250000000000e+06,2.703714500000000000e+06,2.758840750000000000e+06,2.841898000000000000e+06,2.928156000000000000e+06,3.012966750000000000e+06,3.096618250000000000e+06,3.179411000000000000e+06,3.261660250000000000e+06,3.343690500000000000e+06,3.425758500000000000e+06,3.512842500000000000e+06,3.740720500000000000e+06,3.972456000000000000e+06,4.207335000000000000e+06,4.443423000000000000e+06,4.673945500000000000e+06,4.889494500000000000e+06,5.079964000000000000e+06,5.234002500000000000e+06,5.336050000000000000e+06,5.453258000000000000e+06,5.399650000000000000e+06,5.204908000000000000e+06,4.723306500000000000e+06,3.264338250000000000e+06,1.040484125000000000e+06,4.893407031250000000e+04
9.823308125000000000e+05,9.822654375000000000e+05,9.820665000000000000e+05,9.816542500000000000e+05,9.809002500000000000e+05,9.864953750000000000e+05,9.929267500000000000e+05,9.990812500000000000e+05,1.005011250000000000e+06,1.011048312500000000e+06,1.017668875000000000e+06,1.040752562500000000e+06,1.066652500000000000e+06,1.092754750000000000e+06,1.118896875000000000e+06,1.144965750000000000e+06,1.170871875000000000e+06,1.237792250000000000e+06,1.319194250000000000e+06,1.397104375000000000e+06,1.471579375000000000e+06,1.542788500000000000e+06,1.611031875000000000e+06,1.676571000000000000e+06,1.739561875000000000e+06,1.800100500000000000e+06,1.858086875000000000e+06,1.919798250000000000e+06,2.012485875000000000e+06,2.106418500000000000e+06,2.198611250000000000e+06,2.285441000000000000e+06,2.362294750000000000e+06,2.412902000000000000e+06,2.403877250000000000e+06,2.313075250000000000e+06,2.152261000000000000e+06,1.876664625000000000e+06,1.280567750000000000e+06,4.687322187500000000e+05,5.873824609375000000e+04
6.967824000000000000e+06,6.940480500000000000e+06,6.863273000000000000e+06,6.743050000000000000e+06,6.586266500000000000e+06,6.399134500000000000e+06,6.187774500000000000e+06,5.958466000000000000e+06,5.719007000000000000e+06,5.478219500000000000e+06,5.245136000000000000e+06,5.028394500000000000e+06,4.831798000000000000e+06,4.656927500000000000e+06,4.505657000000000000e+06,4.378201500000000000e+06,4.272410500000000000e+06,4.186136500000000000e+06,4.116414250000000000e+06,4.058914000000000000e+06,4.009118750000000000e+06,3.977062000000000000e+06,3.993741750000000000e+06,4.007951500000000000e+06,4.014003250000000000e+06,4.005879500000000000e+06,3.977456500000000000e+06,3.922752000000000000e+06,3.835618750000000000e+06,3.709708750000000000e+06,3.539053000000000000e+06,3.319778250000000000e+06,3.050152000000000000e+06,2.726217750000000000e+06,2.341820000000000000e+06,1.906717000000000000e+06,1.458942625000000000e+06,1.014641500000000000e+06,5.355811250000000000e+05,1.255637421875000000e+05,2.659444580078125000e+03
2.020774500000000000e+06,2.017485875000000000e+06,2.007781625000000000e+06,1.991849625000000000e+06,1.969830500000000000e+06,1.941850125000000000e+06,1.910323750000000000e+06,1.873985500000000000e+06,1.832822000000000000e+06,1.787849875000000000e+06,1.740152125000000000e+06,1.690857750000000000e+06,1.641036125000000000e+06,1.591716625000000000e+06,1.544797375000000000e+06,1.505915875000000000e+06,1.469586250000000000e+06,1.436490000000000000e+06,1.407088125000000000e+06,1.381522250000000000e+06,1.359894875000000000e+06,1.343562750000000000e+06,1.340706375000000000e+06,1.340280375000000000e+06,1.341418000000000000e+06,1.343039750000000000e+06,1.343742500000000000e+06,1.347179375000000000e+06,1.364424000000000000e+06,1.372690625000000000e+06,1.368111625000000000e+06,1.346634500000000000e+06,1.324031000000000000e+06,1.353874625000000000e+06,1.330423375000000000e+06,1.242292000000000000e+06,1.093891500000000000e+06,9.299670625000000000e+05,6.748591875000000000e+05,3.113239687500000000e+05,6.009898437500000000e+04
8.316525000000000000e+05,8.295196875000000000e+05,8.235494375000000000e+05,8.143403125000000000e+05,8.024498125000000000e+05,7.884143750000000000e+05,7.727677500000000000e+05,7.560595000000000000e+05,7.389060000000000000e+05,7.275705000000000000e+05,7.173173125000000000e+05,7.084858750000000000e+05,7.013475000000000000e+05,6.959778125000000000e+05,6.924893750000000000e+05,6.951880000000000000e+05,7.049208750000000000e+05,7.153930625000000000e+05,7.263233125000000000e+05,7.373013125000000000e+05,7.478398750000000000e+05,7.573910000000000000e+05,7.653466250000000000e+05,8.024603750000000000e+05,8.369155000000000000e+05,8.660303125000000000e+05,8.886358750000000000e+05,9.033871250000000000e+05,9.087731875000000000e+05,9.028760000000000000e+05,8.837088750000000000e+05,8.497014375000000000e+05,8.126011875000000000e+05,7.700585000000000000e+05,7.058313125000000000e+05,6.181911875000000000e+05,5.143515312500000000e+05,3.939740937500000000e+05,2.334423437500000000e+05,6.527346875000000000e+04,2.982386962890625000e+03
4.971949500000000000e+06,4.984386500000000000e+06,5.015417000000000000e+06,5.055077500000000000e+06,5.092945000000000000e+06,5.118493000000000000e+06,5.121491000000000000e+06,5.093150000000000000e+06,5.033162500000000000e+06,4.946158000000000000e+06,4.836914500000000000e+06,4.709848000000000000e+06,4.566719500000000000e+06,4.408342500000000000e+06,4.236033000000000000e+06,4.051953000000000000e+06,3.858979000000000000e+06,3.713167000000000000e+06,3.565590250000000000e+06,3.413419250000000000e+06,3.257452000000000000e+06,3.098370500000000000e+06,2.936746500000000000e+06,2.773120750000000000e+06,2.607712000000000000e+06,2.440660000000000000e+06,2.272006500000000000e+06,2.101662500000000000e+06,1.929590125000000000e+06,1.755722125000000000e+06,1.580121250000000000e+06,1.403066875000000000e+06,1.225176250000000000e+06,1.047364937500000000e+06,8.707953750000000000e+05,6.977025625000000000e+05,5.324881250000000000e+05,3.792577187500000000e+05,2.383797031250000000e+05,1.174901093750000000e+05,4.014584375000000000e+04
6.564791000000000000e+06,6.581665500000000000e+06,6.627964000000000000e+06,6.697215500000000000e+06,6.782945500000000000e+06,6.878646000000000000e+06,6.977759500000000000e+06,7.074180500000000000e+06,7.167133500000000000e+06,7.414353000000000000e+06,7.675472000000000000e+06,7.948930500000000000e+06,8.234428500000000000e+06,8.528334000000000000e+06,8.826848000000000000e+06,9.127542000000000000e+06,9.429944000000000000e+06,9.733661000000000000e+06,1.003766200000000000e+07,1.033993500000000000e+07,1.063819300000000000e+07,1.092946300000000000e+07,1.121004800000000000e+07,1.147549900000000000e+07,1.179051800000000000e+07,1.222054600000000000e+07,1.264155600000000000e+07,1.303895200000000000e+07,1.339373700000000000e+07,1.367476500000000000e+07,1.384440400000000000e+07,1.386071400000000000e+07,1.367772700000000000e+07,1.321298200000000000e+07,1.233978600000000000e+07,1.100577200000000000e+07,9.322022000000000000e+06,7.258897000000000000e+06,4.397062500000000000e+06,1.373763625000000000e+06,1.067895781250000000e+05
4.310248437500000000e+05,4.307453750000000000e+05,4.296009687500000000e+05,4.287580937500000000e+05,4.261933437500000000e+05,4.211587187500000000e+05,4.130439687500000000e+05,4.014993125000000000e+05,3.870982500000000000e+05,3.731040312500000000e+05,3.588897187500000000e+05,3.443533750000000000e+05,3.298843437500000000e+05,3.156281562500000000e+05,3.017543437500000000e+05,2.884923125000000000e+05,2.794491562500000000e+05,2.705422500000000000e+05,2.618377187500000000e+05,2.532811250000000000e+05,2.447945937500000000e+05,2.362838750000000000e+05,2.276403750000000000e+05,2.205395312500000000e+05,2.205149062500000000e+05,2.189610781250000000e+05,2.158044062500000000e+05,2.109781406250000000e+05,2.044282031250000000e+05,1.961576562500000000e+05,1.861938281250000000e+05,1.745257343750000000e+05,1.642355625000000000e+05,1.550465937500000000e+05,1.451514062500000000e+05,1.342152031250000000e+05,1.203004609375000000e+05,1.035081015625000000e+05,9.010020312500000000e+04,8.079407812500000000e+04,5.340433203125000000e+04
3.292631250000000000e+05,3.285203125000000000e+05,3.262774687500000000e+05,3.224740625000000000e+05,3.175502812500000000e+05,3.112110625000000000e+05,3.031185625000000000e+05,2.932660937500000000e+05,2.819766562500000000e+05,2.700065312500000000e+05,2.591503906250000000e+05,2.481744062500000000e+05,2.373870781250000000e+05,2.270146875000000000e+05,2.188898281250000000e+05,2.124005937500000000e+05,2.065074843750000000e+05,2.013729687500000000e+05,1.970997968750000000e+05,1.965721406250000000e+05,1.972601406250000000e+05,1.984640625000000000e+05,2.001948593750000000e+05,2.024331406250000000e+05,2.051285156250000000e+05,2.188125781250000000e+05,2.334157812500000000e+05,2.479530937500000000e+05,2.623168125000000000e+05,2.761700000000000000e+05,2.890270000000000000e+05,3.003023125000000000e+05,3.128051562500000000e+05,3.300696875000000000e+05,3.421776250000000000e+05,3.456006875000000000e+05,3.395025937500000000e+05,3.154384062500000000e+05,2.411768437500000000e+05,1.149233046875000000e+05,2.716293945312500000e+04
2.398015000000000000e+06,2.393460250000000000e+06,2.378794750000000000e+06,2.352205000000000000e+06,2.311776250000000000e+06,2.255843250000000000e+06,2.185290250000000000e+06,2.107530500000000000e+06,2.014796000000000000e+06,1.912303250000000000e+06,1.805092000000000000e+06,1.697640750000000000e+06,1.602118500000000000e+06,1.514953125000000000e+06,1.429366625000000000e+06,1.346538750000000000e+06,1.267165125000000000e+06,1.200704000000000000e+06,1.148471875000000000e+06,1.096374750000000000e+06,1.044407687500000000e+06,9.924030625000000000e+05,9.400364375000000000e+05,9.149578750000000000e+05,9.040968750000000000e+05,8.830267500000000000e+05,8.521255625000000000e+05,8.118951875000000000e+05,7.628734375000000000e+05,7.057780000000000000e+05,6.414821250000000000e+05,5.840835625000000000e+05,5.259198125000000000e+05,4.620316875000000000e+05,3.921976562500000000e+05,3.180798125000000000e+05,2.446693593750000000e+05,1.740678437500000000e+05,1.010362031250000000e+05,3.574755078125000000e+04,6.818756347656250000e+03
4.061235500000000000e+06,4.082403750000000000e+06,4.140630500000000000e+06,4.227578000000000000e+06,4.334660000000000000e+06,4.453118000000000000e+06,4.577486000000000000e+06,4.714830000000000000e+06,4.842216500000000000e+06,4.958619000000000000e+06,5.093196500000000000e+06,5.231425500000000000e+06,5.353486500000000000e+06,5.466050500000000000e+06,5.630422000000000000e+06,5.767473000000000000e+06,5.879426500000000000e+06,5.968837500000000000e+06,6.149122500000000000e+06,6.308335000000000000e+06,6.442480500000000000e+06,6.555102000000000000e+06,6.649375000000000000e+06,6.743504000000000000e+06,7.153696500000000000e+06,7.529413500000000000e+06,7.870245500000000000e+06,8.172109500000000000e+06,8.427696000000000000e+06,8.619935000000000000e+06,8.727153000000000000e+06,8.725660000000000000e+06,8.749378000000000000e+06,8.727876000000000000e+06,8.447853000000000000e+06,7.839077500000000000e+06,6.957391000000000000e+06,5.707694500000000000e+06,3.558822750000000000e+06,1.009310437500000000e+06,3.228769726562500000e+04
2.016422500000000000e+06,2.017640250000000000e+06,2.020602625000000000e+06,2.027039375000000000e+06,2.034029375000000000e+06,2.039582000000000000e+06,2.042078875000000000e+06,2.040039625000000000e+06,2.032871375000000000e+06,2.026485375000000000e+06,2.022580125000000000e+06,2.013254125000000000e+06,1.998549375000000000e+06,1.978629750000000000e+06,1.974323000000000000e+06,1.967317875000000000e+06,1.954486750000000000e+06,1.936832750000000000e+06,1.919764500000000000e+06,1.930262500000000000e+06,1.934885875000000000e+06,1.934819250000000000e+06,1.931082375000000000e+06,1.924520875000000000e+06,1.948716375000000000e+06,2.039981625000000000e+06,2.120314250000000000e+06,2.189255500000000000e+06,2.245512750000000000e+06,2.285604500000000000e+06,2.304905000000000000e+06,2.297938250000000000e+06,2.295506500000000000e+06,2.293839250000000000e+06,2.234521500000000000e+06,2.099140750000000000e+06,1.891410500000000000e+06,1.586280000000000000e+06,1.070070500000000000e+06,4.151912187500000000e+05,6.034816015625000000e+04
3.411853000000000000e+06,3.414467000000000000e+06,3.421322000000000000e+06,3.430312000000000000e+06,3.438919750000000000e+06,3.449569500000000000e+06,3.465427750000000000e+06,3.474787500000000000e+06,3.476654000000000000e+06,3.494547250000000000e+06,3.513169750000000000e+06,3.524291750000000000e+06,3.532732500000000000e+06,3.581289250000000000e+06,3.623086500000000000e+06,3.660770750000000000e+06,3.696316000000000000e+06,3.731114750000000000e+06,3.799211750000000000e+06,3.879862750000000000e+06,3.956293000000000000e+06,4.028294250000000000e+06,4.094768250000000000e+06,4.154065500000000000e+06,4.203261000000000000e+06,4.238770000000000000e+06,4.256110000000000000e+06,4.422688500000000000e+06,4.568927000000000000e+06,4.670805500000000000e+06,4.713405500000000000e+06,4.681204000000000000e+06,4.559098500000000000e+06,4.324962500000000000e+06,3.952600000000000000e+06,3.588145000000000000e+06,3.111834750000000000e+06,2.502344750000000000e+06,1.615261125000000000e+06,5.743635000000000000e+05,5.717770703125000000e+04
7.202243500000000000e+06,7.196453000000000000e+06,7.176824000000000000e+06,7.139628000000000000e+06,7.081032000000000000e+06,6.997482500000000000e+06,6.886020500000000000e+06,6.745076000000000000e+06,6.579690500000000000e+06,6.398468000000000000e+06,6.209768000000000000e+06,6.114985000000000000e+06,6.061124500000000000e+06,6.004474500000000000e+06,5.946273500000000000e+06,5.887854500000000000e+06,5.830259500000000000e+06,5.774355000000000000e+06,5.719722000000000000e+06,5.664113500000000000e+06,5.604966500000000000e+06,5.539010000000000000e+06,5.462316000000000000e+06,5.370741500000000000e+06,5.259738000000000000e+06,5.124664000000000000e+06,4.961083500000000000e+06,4.847975500000000000e+06,4.711656500000000000e+06,4.538405500000000000e+06,4.322319000000000000e+06,4.058606000000000000e+06,3.743784000000000000e+06,3.373756750000000000e+06,2.943942000000000000e+06,2.459286500000000000e+06,1.943889625000000000e+06,1.414651875000000000e+06,8.538364375000000000e+05,3.302570000000000000e+05,5.993748437500000000e+04
1.461673625000000000e+06,1.462905375000000000e+06,1.466057875000000000e+06,1.470223125000000000e+06,1.474403250000000000e+06,1.478258500000000000e+06,1.483439250000000000e+06,1.485699125000000000e+06,1.484265625000000000e+06,1.478670000000000000e+06,1.468581250000000000e+06,1.460942500000000000e+06,1.450388250000000000e+06,1.434583125000000000e+06,1.413806000000000000e+06,1.388494750000000000e+06,1.366830375000000000e+06,1.346423250000000000e+06,1.321508375000000000e+06,1.292632500000000000e+06,1.260286750000000000e+06,1.224795250000000000e+06,1.193097250000000000e+06,1.167904750000000000e+06,1.137777250000000000e+06,1.102633125000000000e+06,1.062275625000000000e+06,1.016393437500000000e+06,9.646894375000000000e+05,9.442294375000000000e+05,9.267821250000000000e+05,8.940853750000000000e+05,8.452734375000000000e+05,7.803145000000000000e+05,6.999842500000000000e+05,6.213377500000000000e+05,5.428225000000000000e+05,4.494123750000000000e+05,3.497193437500000000e+05,2.420672187500000000e+05,1.128188828125000000e+05
2.104268000000000000e+06,2.098101250000000000e+06,2.080116000000000000e+06,2.052255750000000000e+06,2.053251000000000000e+06,2.047700625000000000e+06,2.033058250000000000e+06,2.007763250000000000e+06,1.974164875000000000e+06,1.936767625000000000e+06,1.900109875000000000e+06,1.868387125000000000e+06,1.842995750000000000e+06,1.824072875000000000e+06,1.811936625000000000e+06,1.806762875000000000e+06,1.808377125000000000e+06,1.816558375000000000e+06,1.846640250000000000e+06,1.902864625000000000e+06,1.967840125000000000e+06,2.040822125000000000e+06,2.121134500000000000e+06,2.207967000000000000e+06,2.300559000000000000e+06,2.398069750000000000e+06,2.499648000000000000e+06,2.604526250000000000e+06,2.711330000000000000e+06,2.816136500000000000e+06,2.913894500000000000e+06,3.000302500000000000e+06,3.071117750000000000e+06,3.102446000000000000e+06,3.042921250000000000e+06,2.868177250000000000e+06,2.620458500000000000e+06,2.238517750000000000e+06,1.392150750000000000e+06,3.388168437500000000e+05,3.448583984375000000e+03
4.585584687500000000e+05,4.569318437500000000e+05,4.521161250000000000e+05,4.441715625000000000e+05,4.331544375000000000e+05,4.198408750000000000e+05,4.039151250000000000e+05,3.854103750000000000e+05,3.651350937500000000e+05,3.441549687500000000e+05,3.234684062500000000e+05,3.040617187500000000e+05,2.869564375000000000e+05,2.715175937500000000e+05,2.579652343750000000e+05,2.464165781250000000e+05,2.368502656250000000e+05,2.302943750000000000e+05,2.259125156250000000e+05,2.231523906250000000e+05,2.218827812500000000e+05,2.219630468750000000e+05,2.250123281250000000e+05,2.298038593750000000e+05,2.354270937500000000e+05,2.417372812500000000e+05,2.485845468750000000e+05,2.599980000000000000e+05,2.726264375000000000e+05,2.850154687500000000e+05,2.965717812500000000e+05,3.067851562500000000e+05,3.404145937500000000e+05,3.696480000000000000e+05,3.873229062500000000e+05,3.880530625000000000e+05,3.818821875000000000e+05,3.712030625000000000e+05,2.786197187500000000e+05,9.782025781250000000e+04,5.866196289062500000e+03
2.612951000000000000e+06,2.623246000000000000e+06,2.650436500000000000e+06,2.688417000000000000e+06,2.730726500000000000e+06,2.770987500000000000e+06,2.825148500000000000e+06,2.871146750000000000e+06,2.900868500000000000e+06,2.941886500000000000e+06,2.987369250000000000e+06,3.015631500000000000e+06,3.029447000000000000e+06,3.090409500000000000e+06,3.140699750000000000e+06,3.176428500000000000e+06,3.202422000000000000e+06,3.223028500000000000e+06,3.266952250000000000e+06,3.427791500000000000e+06,3.578128500000000000e+06,3.722650750000000000e+06,3.864865500000000000e+06,4.007759750000000000e+06,4.152898500000000000e+06,4.301221000000000000e+06,4.453410500000000000e+06,4.609933500000000000e+06,4.770326000000000000e+06,4.949542000000000000e+06,5.227900000000000000e+06,5.528593500000000000e+06,5.856810500000000000e+06,6.178197500000000000e+06,6.393357000000000000e+06,6.444898500000000000e+06,6.416346000000000000e+06,6.101073500000000000e+06,4.372330000000000000e+06,1.448228500000000000e+06,9.343029687500000000e+04
1.515237968750000000e+05,1.514441093750000000e+05,1.515511406250000000e+05,1.523879375000000000e+05,1.534170000000000000e+05,1.545509531250000000e+05,1.557023437500000000e+05,1.567923750000000000e+05,1.578159843750000000e+05,1.588142500000000000e+05,1.598334218750000000e+05,1.609208281250000000e+05,1.620935625000000000e+05,1.633564687500000000e+05,1.647204531250000000e+05,1.661980468750000000e+05,1.678003593750000000e+05,1.695409062500000000e+05,1.714247812500000000e+05,1.734417500000000000e+05,1.755793750000000000e+05,1.778116406250000000e+05,1.817729062500000000e+05,1.872018906250000000e+05,1.929410625000000000e+05,1.989039062500000000e+05,2.049638281250000000e+05,2.109384687500000000e+05,2.165998593750000000e+05,2.216131406250000000e+05,2.255733750000000000e+05,2.279147343750000000e+05,2.279379843750000000e+05,2.248027968750000000e+05,2.175260625000000000e+05,2.049822656250000000e+05,1.858495312500000000e+05,1.593335000000000000e+05,1.255528593750000000e+05,8.558561718750000000e+04,4.331830859375000000e+04
6.792225500000000000e+06,6.780780000000000000e+06,6.744757000000000000e+06,6.783246000000000000e+06,6.866498000000000000e+06,6.928262000000000000e+06,6.950089000000000000e+06,6.917867000000000000e+06,6.835214500000000000e+06,6.716070500000000000e+06,6.575166000000000000e+06,6.426645500000000000e+06,6.277456500000000000e+06,6.131219000000000000e+06,5.991884000000000000e+06,5.863050500000000000e+06,5.821084000000000000e+06,5.816196000000000000e+06,5.828132500000000000e+06,5.854859000000000000e+06,5.894020500000000000e+06,5.942292500000000000e+06,5.995377000000000000e+06,6.048439500000000000e+06,6.095029000000000000e+06,6.127777000000000000e+06,6.138289500000000000e+06,6.116937500000000000e+06,6.053107500000000000e+06,5.933593500000000000e+06,5.744807500000000000e+06,5.475670000000000000e+06,5.117914000000000000e+06,4.656351000000000000e+06,4.069060500000000000e+06,3.367831750000000000e+06,2.623055000000000000e+06,1.857070500000000000e+06,9.832687500000000000e+05,2.211036875000000000e+05,2.847026855468750000e+03
2.333694500000000000e+06,2.330299500000000000e+06,2.320260000000000000e+06,2.303671500000000000e+06,2.280524250000000000e+06,2.251499250000000000e+06,2.219741750000000000e+06,2.181594000000000000e+06,2.137804250000000000e+06,2.089690250000000000e+06,2.038712625000000000e+06,1.986414500000000000e+06,1.939335875000000000e+06,1.898322000000000000e+06,1.858514125000000000e+06,1.820972375000000000e+06,1.786527375000000000e+06,1.756014250000000000e+06,1.743394250000000000e+06,1.737868750000000000e+06,1.736316875000000000e+06,1.739024125000000000e+06,1.746064000000000000e+06,1.757404250000000000e+06,1.795940625000000000e+06,1.842321750000000000e+06,1.890913125000000000e+06,1.940791875000000000e+06,1.990425125000000000e+06,2.036237000000000000e+06,2.170923750000000000e+06,2.329778000000000000e+06,2.468626250000000000e+06,2.565739500000000000e+06,2.578446500000000000e+06,2.479856250000000000e+06,2.419357000000000000e+06,2.227283250000000000e+06,1.598248125000000000e+06,5.562581250000000000e+05,3.174944531250000000e+04
