2.865810000000000000e+06,2.863976000000000000e+06,2.858277750000000000e+06,2.848285250000000000e+06,2.833435500000000000e+06,2.813086250000000000e+06,2.786569500000000000e+06,2.753278750000000000e+06,2.713093000000000000e+06,2.666265000000000000e+06,2.613206750000000000e+06,2.554499250000000000e+06,2.490877250000000000e+06,2.452351750000000000e+06,2.469143250000000000e+06,2.476228000000000000e+06,2.474469000000000000e+06,2.465001250000000000e+06,2.449183000000000000e+06,2.428497000000000000e+06,2.404464000000000000e+06,2.378553250000000000e+06,2.352130000000000000e+06,2.326447500000000000e+06,2.308993000000000000e+06,2.334543250000000000e+06,2.367587750000000000e+06,2.408905750000000000e+06,2.459085500000000000e+06,2.517272000000000000e+06,2.582159500000000000e+06,2.653272750000000000e+06,2.730436750000000000e+06,2.799754750000000000e+06,2.826521250000000000e+06,2.788264000000000000e+06,2.700476250000000000e+06,2.491541000000000000e+06,1.830551250000000000e+06,7.596504375000000000e+05,1.238728515625000000e+05
7.498114375000000000e+05,7.485341875000000000e+05,7.446229375000000000e+05,7.383437500000000000e+05,7.298226250000000000e+05,7.182675000000000000e+05,7.034551875000000000e+05,6.852905625000000000e+05,6.642756250000000000e+05,6.412441875000000000e+05,6.170260625000000000e+05,5.938064375000000000e+05,5.722169375000000000e+05,5.508789375000000000e+05,5.302178750000000000e+05,5.106089375000000000e+05,4.923402187500000000e+05,4.784510937500000000e+05,4.679885000000000000e+05,4.589603125000000000e+05,4.514930625000000000e+05,4.456444062500000000e+05,4.414051875000000000e+05,4.454306250000000000e+05,4.512275625000000000e+05,4.580104062500000000e+05,4.656634687500000000e+05,4.739846875000000000e+05,4.826515312500000000e+05,5.214545625000000000e+05,5.591496875000000000e+05,5.942095625000000000e+05,6.248975625000000000e+05,6.468122500000000000e+05,6.515156250000000000e+05,6.603323750000000000e+05,6.568985625000000000e+05,6.199956250000000000e+05,4.865907500000000000e+05,2.430983281250000000e+05,5.826428906250000000e+04
1.848266750000000000e+06,1.847774625000000000e+06,1.845962500000000000e+06,1.842061000000000000e+06,1.835059875000000000e+06,1.825033500000000000e+06,1.814666000000000000e+06,1.798102375000000000e+06,1.774746500000000000e+06,1.745658875000000000e+06,1.717332750000000000e+06,1.682708375000000000e+06,1.642889375000000000e+06,1.607871500000000000e+06,1.574524625000000000e+06,1.538340375000000000e+06,1.500973875000000000e+06,1.479589125000000000e+06,1.461009375000000000e+06,1.442623000000000000e+06,1.425724875000000000e+06,1.413557875000000000e+06,1.426485500000000000e+06,1.440354500000000000e+06,1.455747250000000000e+06,1.472925875000000000e+06,1.491803125000000000e+06,1.511896500000000000e+06,1.613328000000000000e+06,1.717299125000000000e+06,1.814588000000000000e+06,1.900790375000000000e+06,1.970594000000000000e+06,2.007148125000000000e+06,1.991224625000000000e+06,1.971858750000000000e+06,1.899540625000000000e+06,1.719759125000000000e+06,1.173462750000000000e+06,3.335640625000000000e+05,3.959806640625000000e+03
3.404117578125000000e+04,3.405509375000000000e+04,3.408191406250000000e+04,3.409603125000000000e+04,3.406976953125000000e+04,3.397580859375000000e+04,3.378922656250000000e+04,3.349167187500000000e+04,3.309626171875000000e+04,3.280366406250000000e+04,3.248788281250000000e+04,3.216078515625000000e+04,3.183683789062500000e+04,3.152303710937500000e+04,3.139451953125000000e+04,3.143810546875000000e+04,3.148875781250000000e+04,3.155384570312500000e+04,3.163716406250000000e+04,3.173688867187500000e+04,3.228484570312500000e+04,3.288153125000000000e+04,3.345206640625000000e+04,3.399172265625000000e+04,3.449594531250000000e+04,3.495913671875000000e+04,3.586204296875000000e+04,3.809967968750000000e+04,4.023377734375000000e+04,4.227540234375000000e+04,4.423850390625000000e+04,4.605677343750000000e+04,4.759745312500000000e+04,4.896458593750000000e+04,5.271557031250000000e+04,5.755857812500000000e+04,6.123729296875000000e+04,6.349803906250000000e+04,7.520041406250000000e+04,1.052784140625000000e+05,9.693085937500000000e+04
3.161208250000000000e+06,3.163459250000000000e+06,3.168378000000000000e+06,3.173040000000000000e+06,3.174407750000000000e+06,3.169468750000000000e+06,3.155361500000000000e+06,3.129693500000000000e+06,3.121495500000000000e+06,3.161619500000000000e+06,3.187648750000000000e+06,3.200710500000000000e+06,3.201540500000000000e+06,3.190783500000000000e+06,3.169316750000000000e+06,3.138539750000000000e+06,3.100327000000000000e+06,3.056502750000000000e+06,3.008375250000000000e+06,2.956537250000000000e+06,2.901419000000000000e+06,2.842897500000000000e+06,2.780362750000000000e+06,2.713040500000000000e+06,2.668525000000000000e+06,2.629365000000000000e+06,2.582913500000000000e+06,2.526649750000000000e+06,2.457865250000000000e+06,2.373469000000000000e+06,2.270286500000000000e+06,2.145236500000000000e+06,1.995555375000000000e+06,1.818632750000000000e+06,1.612198000000000000e+06,1.376795250000000000e+06,1.118770750000000000e+06,8.454828125000000000e+05,5.576036875000000000e+05,2.789377500000000000e+05,8.826884375000000000e+04
2.610215156250000000e+05,2.595336718750000000e+05,2.553316250000000000e+05,2.488047656250000000e+05,2.403394687500000000e+05,2.303207187500000000e+05,2.191331093750000000e+05,2.071675937500000000e+05,1.952849531250000000e+05,1.836002968750000000e+05,1.724945781250000000e+05,1.623725468750000000e+05,1.533760937500000000e+05,1.455279687500000000e+05,1.395261406250000000e+05,1.347710937500000000e+05,1.309618046875000000e+05,1.279966171875000000e+05,1.257520390625000000e+05,1.248990781250000000e+05,1.248835859375000000e+05,1.250004609375000000e+05,1.250966406250000000e+05,1.250109062500000000e+05,1.255236484375000000e+05,1.268319531250000000e+05,1.273658906250000000e+05,1.269941953125000000e+05,1.255921953125000000e+05,1.230728359375000000e+05,1.265952656250000000e+05,1.287744687500000000e+05,1.284305546875000000e+05,1.254945078125000000e+05,1.202248984375000000e+05,1.135837734375000000e+05,1.078691406250000000e+05,9.879959375000000000e+04,9.240698437500000000e+04,9.029965625000000000e+04,6.488174609375000000e+04
3.416230312500000000e+05,3.413993437500000000e+05,3.406137500000000000e+05,3.406291250000000000e+05,3.404483437500000000e+05,3.392763750000000000e+05,3.367292812500000000e+05,3.325171562500000000e+05,3.266634687500000000e+05,3.208327500000000000e+05,3.175048125000000000e+05,3.127054062500000000e+05,3.066939687500000000e+05,2.997273125000000000e+05,2.920791250000000000e+05,2.840086562500000000e+05,2.851025000000000000e+05,2.873733437500000000e+05,2.880873750000000000e+05,2.875106250000000000e+05,2.858446875000000000e+05,2.831928437500000000e+05,2.795713750000000000e+05,2.749494062500000000e+05,2.692230312500000000e+05,2.622548750000000000e+05,2.538916718750000000e+05,2.448775156250000000e+05,2.381490625000000000e+05,2.297499843750000000e+05,2.194048750000000000e+05,2.068932343750000000e+05,1.920510937500000000e+05,1.746397031250000000e+05,1.543362500000000000e+05,1.313168750000000000e+05,1.067819296875000000e+05,8.130039843750000000e+04,5.304757812500000000e+04,2.472360742187500000e+04,8.312966796875000000e+03
1.695209843750000000e+05,1.682887031250000000e+05,1.648774687500000000e+05,1.597449843750000000e+05,1.534661406250000000e+05,1.462923593750000000e+05,1.386043750000000000e+05,1.307676406250000000e+05,1.231123828125000000e+05,1.159461562500000000e+05,1.095694687500000000e+05,1.045723593750000000e+05,1.006537343750000000e+05,9.772332031250000000e+04,9.573271093750000000e+04,9.465035937500000000e+04,9.491364843750000000e+04,9.576566406250000000e+04,9.709500000000000000e+04,9.878348437500000000e+04,1.011101250000000000e+05,1.042923203125000000e+05,1.074367656250000000e+05,1.104194453125000000e+05,1.131131562500000000e+05,1.161029062500000000e+05,1.199368203125000000e+05,1.229308750000000000e+05,1.248635546875000000e+05,1.254376015625000000e+05,1.243339453125000000e+05,1.297492343750000000e+05,1.321490937500000000e+05,1.305290078125000000e+05,1.235765078125000000e+05,1.108742031250000000e+05,9.772745312500000000e+04,8.217668750000000000e+04,5.541471875000000000e+04,2.039901757812500000e+04,3.095871093750000000e+03
3.522760750000000000e+06,3.503761500000000000e+06,3.450195000000000000e+06,3.366956000000000000e+06,3.258789250000000000e+06,3.135607250000000000e+06,3.016288000000000000e+06,2.885825500000000000e+06,2.749123750000000000e+06,2.611947750000000000e+06,2.480558000000000000e+06,2.369356250000000000e+06,2.301076250000000000e+06,2.242230750000000000e+06,2.194517500000000000e+06,2.158813000000000000e+06,2.134742500000000000e+06,2.121606500000000000e+06,2.177701750000000000e+06,2.271618250000000000e+06,2.366309500000000000e+06,2.462060500000000000e+06,2.559132500000000000e+06,2.657437000000000000e+06,2.756969000000000000e+06,2.857629000000000000e+06,2.959349500000000000e+06,3.062270500000000000e+06,3.165899750000000000e+06,3.311850500000000000e+06,3.492720000000000000e+06,3.684566000000000000e+06,3.888800250000000000e+06,4.080731500000000000e+06,4.193486250000000000e+06,4.186111500000000000e+06,4.104459750000000000e+06,3.818182500000000000e+06,2.651399250000000000e+06,7.928068750000000000e+05,2.562800781250000000e+04
3.719830500000000000e+06,3.719086000000000000e+06,3.716241250000000000e+06,3.710321750000000000e+06,3.700296750000000000e+06,3.685104000000000000e+06,3.670023000000000000e+06,3.650245000000000000e+06,3.623277750000000000e+06,3.589046000000000000e+06,3.547494250000000000e+06,3.498560000000000000e+06,3.441999250000000000e+06,3.377516000000000000e+06,3.304887250000000000e+06,3.224000500000000000e+06,3.146777500000000000e+06,3.070422000000000000e+06,2.984312000000000000e+06,2.888417250000000000e+06,2.782808750000000000e+06,2.667660000000000000e+06,2.543251250000000000e+06,2.414312500000000000e+06,2.304850750000000000e+06,2.182776250000000000e+06,2.048753625000000000e+06,1.903688500000000000e+06,1.748722000000000000e+06,1.585193500000000000e+06,1.475430500000000000e+06,1.370401875000000000e+06,1.240615750000000000e+06,1.089372625000000000e+06,9.201031250000000000e+05,7.390331250000000000e+05,5.893566250000000000e+05,4.400913437500000000e+05,2.815205937500000000e+05,1.225496875000000000e+05,2.715752734375000000e+04
2.289543250000000000e+06,2.287612500000000000e+06,2.283611500000000000e+06,2.275368000000000000e+06,2.261317250000000000e+06,2.239852250000000000e+06,2.209483500000000000e+06,2.169103500000000000e+06,2.120362000000000000e+06,2.070251125000000000e+06,2.013582000000000000e+06,1.952260500000000000e+06,1.887732000000000000e+06,1.831167750000000000e+06,1.776600375000000000e+06,1.721166000000000000e+06,1.666138375000000000e+06,1.620212625000000000e+06,1.587481250000000000e+06,1.555053000000000000e+06,1.523539500000000000e+06,1.493116250000000000e+06,1.476368500000000000e+06,1.471704250000000000e+06,1.463599125000000000e+06,1.451135250000000000e+06,1.433024500000000000e+06,1.407585875000000000e+06,1.427405750000000000e+06,1.456978875000000000e+06,1.461956250000000000e+06,1.438513125000000000e+06,1.383413250000000000e+06,1.291346250000000000e+06,1.162295000000000000e+06,1.032330375000000000e+06,8.727003125000000000e+05,6.796573125000000000e+05,4.066073750000000000e+05,1.093210937500000000e+05,2.577668457031250000e+03
5.523729500000000000e+06,5.495928500000000000e+06,5.417512000000000000e+06,5.336435500000000000e+06,5.248852500000000000e+06,5.142062000000000000e+06,5.018770500000000000e+06,4.882422000000000000e+06,4.738805000000000000e+06,4.595327000000000000e+06,4.460014500000000000e+06,4.340865000000000000e+06,4.241011500000000000e+06,4.161329250000000000e+06,4.103083000000000000e+06,4.066524250000000000e+06,4.050236500000000000e+06,4.052692750000000000e+06,4.071988250000000000e+06,4.157423500000000000e+06,4.281937500000000000e+06,4.423562500000000000e+06,4.580116000000000000e+06,4.749119000000000000e+06,4.928433500000000000e+06,5.115849000000000000e+06,5.309173000000000000e+06,5.506450000000000000e+06,5.704457500000000000e+06,5.894535000000000000e+06,6.065737000000000000e+06,6.208803500000000000e+06,6.314796000000000000e+06,6.334578000000000000e+06,6.163814000000000000e+06,5.757947500000000000e+06,5.212274500000000000e+06,4.410828500000000000e+06,2.710399250000000000e+06,6.584890000000000000e+05,7.700347167968750000e+03
3.080870250000000000e+06,3.083897750000000000e+06,3.092076500000000000e+06,3.103882500000000000e+06,3.119669250000000000e+06,3.141561750000000000e+06,3.162880250000000000e+06,3.182226250000000000e+06,3.200401500000000000e+06,3.219519000000000000e+06,3.242309500000000000e+06,3.289083000000000000e+06,3.340832750000000000e+06,3.396081500000000000e+06,3.453342000000000000e+06,3.511027750000000000e+06,3.588646250000000000e+06,3.677223500000000000e+06,3.758941000000000000e+06,3.831145000000000000e+06,3.890959250000000000e+06,3.935466000000000000e+06,4.013208000000000000e+06,4.078332750000000000e+06,4.114966500000000000e+06,4.119273500000000000e+06,4.087423000000000000e+06,4.015717000000000000e+06,4.008182750000000000e+06,4.056702250000000000e+06,4.025492500000000000e+06,3.907390250000000000e+06,3.698213500000000000e+06,3.393196000000000000e+06,2.986480000000000000e+06,2.609107500000000000e+06,2.172552500000000000e+06,1.671888500000000000e+06,1.047523250000000000e+06,3.808115000000000000e+05,4.586227734375000000e+04
6.229647500000000000e+06,6.235838000000000000e+06,6.253223000000000000e+06,6.279884000000000000e+06,6.313765000000000000e+06,6.352727500000000000e+06,6.394596500000000000e+06,6.437197500000000000e+06,6.478295000000000000e+06,6.515718000000000000e+06,6.547477500000000000e+06,6.571859500000000000e+06,6.738251000000000000e+06,6.949804000000000000e+06,7.142333000000000000e+06,7.313975500000000000e+06,7.463999500000000000e+06,7.591760500000000000e+06,7.696685000000000000e+06,7.778199500000000000e+06,7.835559000000000000e+06,7.867202500000000000e+06,7.870778000000000000e+06,7.843484500000000000e+06,7.781055500000000000e+06,7.678651500000000000e+06,7.546967500000000000e+06,7.475582000000000000e+06,7.356081500000000000e+06,7.177982000000000000e+06,6.930075000000000000e+06,6.601811000000000000e+06,6.183635000000000000e+06,5.661891500000000000e+06,5.018490500000000000e+06,4.254799500000000000e+06,3.412953500000000000e+06,2.514541250000000000e+06,1.500175750000000000e+06,5.211680625000000000e+05,6.364588671875000000e+04
3.292859250000000000e+06,3.278567000000000000e+06,3.238328750000000000e+06,3.175749250000000000e+06,3.094201500000000000e+06,2.997089750000000000e+06,2.888042250000000000e+06,2.771031250000000000e+06,2.652374250000000000e+06,2.541335250000000000e+06,2.435328000000000000e+06,2.339018000000000000e+06,2.253394250000000000e+06,2.181769750000000000e+06,2.128283000000000000e+06,2.080890625000000000e+06,2.037852875000000000e+06,1.997253500000000000e+06,1.957419625000000000e+06,1.934697250000000000e+06,1.906653875000000000e+06,1.871915250000000000e+06,1.829446875000000000e+06,1.778250875000000000e+06,1.719755875000000000e+06,1.676108000000000000e+06,1.619092000000000000e+06,1.548641375000000000e+06,1.464885500000000000e+06,1.368239750000000000e+06,1.277181750000000000e+06,1.233510875000000000e+06,1.161671250000000000e+06,1.063007750000000000e+06,9.399117500000000000e+05,7.955381250000000000e+05,6.708355000000000000e+05,5.374495000000000000e+05,3.950912187500000000e+05,2.421814218750000000e+05,9.397389843750000000e+04
2.076952968750000000e+05,2.073734531250000000e+05,2.064733437500000000e+05,2.050826250000000000e+05,2.032795156250000000e+05,2.011962812500000000e+05,2.000697656250000000e+05,1.988370468750000000e+05,1.975414843750000000e+05,1.962466718750000000e+05,1.950424062500000000e+05,1.940344843750000000e+05,1.932692656250000000e+05,1.956024375000000000e+05,1.979976406250000000e+05,2.004439218750000000e+05,2.028967031250000000e+05,2.053005781250000000e+05,2.075850937500000000e+05,2.096587656250000000e+05,2.184265000000000000e+05,2.283440468750000000e+05,2.372188593750000000e+05,2.449201718750000000e+05,2.513056093750000000e+05,2.562171093750000000e+05,2.594702343750000000e+05,2.608538437500000000e+05,2.601500468750000000e+05,2.571457968750000000e+05,2.534538125000000000e+05,2.517822500000000000e+05,2.476092343750000000e+05,2.406783125000000000e+05,2.311903750000000000e+05,2.183066875000000000e+05,1.988105625000000000e+05,1.724828281250000000e+05,1.480069218750000000e+05,1.256707890625000000e+05,7.668213281250000000e+04
1.458686406250000000e+05,1.461097968750000000e+05,1.467206250000000000e+05,1.477740937500000000e+05,1.493750000000000000e+05,1.508542968750000000e+05,1.519599843750000000e+05,1.524762343750000000e+05,1.531231093750000000e+05,1.543000000000000000e+05,1.548090625000000000e+05,1.547216250000000000e+05,1.540969531250000000e+05,1.558492500000000000e+05,1.570110937500000000e+05,1.574968281250000000e+05,1.574625781250000000e+05,1.570601718750000000e+05,1.582562187500000000e+05,1.649733906250000000e+05,1.708064062500000000e+05,1.759246093750000000e+05,1.804579531250000000e+05,1.845030156250000000e+05,1.880776875000000000e+05,1.911566875000000000e+05,1.936545781250000000e+05,1.954106406250000000e+05,1.963076718750000000e+05,2.003117968750000000e+05,2.033607187500000000e+05,2.049545781250000000e+05,2.044702343750000000e+05,2.011587656250000000e+05,1.941420781250000000e+05,1.824363437500000000e+05,1.649622031250000000e+05,1.410247031250000000e+05,1.104827421875000000e+05,7.411404687500000000e+04,3.685053515625000000e+04
5.607795000000000000e+05,5.599730625000000000e+05,5.574503750000000000e+05,5.530139375000000000e+05,5.464421875000000000e+05,5.389886250000000000e+05,5.298629375000000000e+05,5.180644687500000000e+05,5.038883750000000000e+05,4.879241250000000000e+05,4.707873750000000000e+05,4.530997812500000000e+05,4.393156250000000000e+05,4.252194687500000000e+05,4.111725625000000000e+05,3.975119687500000000e+05,3.845097812500000000e+05,3.724221875000000000e+05,3.656255625000000000e+05,3.604130625000000000e+05,3.557968750000000000e+05,3.517971562500000000e+05,3.483422500000000000e+05,3.453157187500000000e+05,3.424894062500000000e+05,3.473511875000000000e+05,3.595298125000000000e+05,3.699769062500000000e+05,3.781180312500000000e+05,3.831409375000000000e+05,3.840948437500000000e+05,3.799372500000000000e+05,3.696083437500000000e+05,3.552217187500000000e+05,3.411961875000000000e+05,3.178190625000000000e+05,2.844492812500000000e+05,2.392320625000000000e+05,1.756562968750000000e+05,9.677312500000000000e+04,3.473861718750000000e+04
1.447386875000000000e+05,1.441560781250000000e+05,1.424971406250000000e+05,1.398880468750000000e+05,1.366092812500000000e+05,1.326845156250000000e+05,1.281744296875000000e+05,1.231886875000000000e+05,1.178797734375000000e+05,1.124298984375000000e+05,1.070287578125000000e+05,1.021807421875000000e+05,9.764421875000000000e+04,9.347145312500000000e+04,8.973527343750000000e+04,8.647546875000000000e+04,8.419703125000000000e+04,8.234820312500000000e+04,8.088245312500000000e+04,7.975355468750000000e+04,7.890942187500000000e+04,7.898885156250000000e+04,7.928946875000000000e+04,7.961029687500000000e+04,7.987646875000000000e+04,8.000518750000000000e+04,8.058067187500000000e+04,8.156810937500000000e+04,8.205387500000000000e+04,8.193787500000000000e+04,8.111619531250000000e+04,8.052214062500000000e+04,8.358296093750000000e+04,8.496053906250000000e+04,8.465652343750000000e+04,8.225300781250000000e+04,7.800533593750000000e+04,7.414095312500000000e+04,7.291364843750000000e+04,7.672627343750000000e+04,5.873924218750000000e+04
2.001821250000000000e+06,1.992517625000000000e+06,1.966110250000000000e+06,1.924825000000000000e+06,1.870843000000000000e+06,1.806303250000000000e+06,1.735599125000000000e+06,1.659602125000000000e+06,1.579801375000000000e+06,1.498986750000000000e+06,1.419930250000000000e+06,1.345232250000000000e+06,1.276305250000000000e+06,1.221063250000000000e+06,1.172718500000000000e+06,1.131609375000000000e+06,1.097704750000000000e+06,1.071003750000000000e+06,1.059799875000000000e+06,1.057212375000000000e+06,1.059769000000000000e+06,1.067060500000000000e+06,1.078582750000000000e+06,1.102813750000000000e+06,1.140221250000000000e+06,1.179635750000000000e+06,1.220624750000000000e+06,1.262825375000000000e+06,1.305572750000000000e+06,1.406147375000000000e+06,1.530771750000000000e+06,1.651759375000000000e+06,1.767229750000000000e+06,1.863467875000000000e+06,1.907493625000000000e+06,1.927429375000000000e+06,1.957354750000000000e+06,1.896926375000000000e+06,1.402132875000000000e+06,4.772705000000000000e+05,2.580367773437500000e+04
2.186757000000000000e+06,2.190964750000000000e+06,2.202977250000000000e+06,2.252649500000000000e+06,2.319723000000000000e+06,2.401289750000000000e+06,2.495290750000000000e+06,2.599567750000000000e+06,2.711436000000000000e+06,2.827795250000000000e+06,2.945346750000000000e+06,3.060762500000000000e+06,3.172071000000000000e+06,3.278003250000000000e+06,3.377266750000000000e+06,3.469115500000000000e+06,3.553576250000000000e+06,3.652464000000000000e+06,3.775179000000000000e+06,3.893789250000000000e+06,4.008638250000000000e+06,4.120062750000000000e+06,4.228388000000000000e+06,4.333979000000000000e+06,4.436168500000000000e+06,4.533920500000000000e+06,4.625193500000000000e+06,4.706373500000000000e+06,4.772627500000000000e+06,4.814809500000000000e+06,4.821996000000000000e+06,4.782178500000000000e+06,4.682388500000000000e+06,4.496523000000000000e+06,4.182799250000000000e+06,3.726340000000000000e+06,3.167240000000000000e+06,2.490696250000000000e+06,1.544637750000000000e+06,5.316961875000000000e+05,6.673844531250000000e+04
4.533964000000000000e+06,4.550198500000000000e+06,4.595049500000000000e+06,4.662575500000000000e+06,4.771643500000000000e+06,4.914698500000000000e+06,5.065882500000000000e+06,5.217151000000000000e+06,5.363953500000000000e+06,5.541544500000000000e+06,5.774835000000000000e+06,5.991428000000000000e+06,6.190273000000000000e+06,6.371504500000000000e+06,6.535319000000000000e+06,6.747899000000000000e+06,7.168675000000000000e+06,7.557329500000000000e+06,7.919783000000000000e+06,8.261820500000000000e+06,8.589364000000000000e+06,8.907343000000000000e+06,9.219759000000000000e+06,9.530317000000000000e+06,9.840705000000000000e+06,1.015182800000000000e+07,1.046389100000000000e+07,1.077612100000000000e+07,1.129093700000000000e+07,1.185037100000000000e+07,1.242808100000000000e+07,1.301444700000000000e+07,1.359977900000000000e+07,1.408489700000000000e+07,1.423255800000000000e+07,1.390030500000000000e+07,1.323802400000000000e+07,1.186739400000000000e+07,7.880025500000000000e+06,2.213730750000000000e+06,5.542300000000000000e+04
7.453768125000000000e+05,7.452428125000000000e+05,7.446580625000000000e+05,7.433150000000000000e+05,7.408771250000000000e+05,7.369981250000000000e+05,7.327651875000000000e+05,7.319704375000000000e+05,7.291291250000000000e+05,7.242388750000000000e+05,7.173403750000000000e+05,7.085058125000000000e+05,6.977490000000000000e+05,6.850876875000000000e+05,6.705984375000000000e+05,6.708769375000000000e+05,6.804859375000000000e+05,6.858806875000000000e+05,6.871936875000000000e+05,6.846048750000000000e+05,6.783264375000000000e+05,6.685866875000000000e+05,6.556100000000000000e+05,6.396108750000000000e+05,6.207613125000000000e+05,6.092290000000000000e+05,5.988383125000000000e+05,5.859483125000000000e+05,5.702301875000000000e+05,5.514052500000000000e+05,5.292106875000000000e+05,5.031536250000000000e+05,4.726295312500000000e+05,4.377694375000000000e+05,3.996105000000000000e+05,3.575264375000000000e+05,3.076848750000000000e+05,2.516312031250000000e+05,2.030650625000000000e+05,1.622685625000000000e+05,9.482044531250000000e+04
7.325180000000000000e+06,7.299560000000000000e+06,7.225792000000000000e+06,7.108566500000000000e+06,6.967212000000000000e+06,6.805363500000000000e+06,6.616970500000000000e+06,6.405655500000000000e+06,6.176856000000000000e+06,5.937113000000000000e+06,5.693027000000000000e+06,5.450895000000000000e+06,5.214342000000000000e+06,4.985714500000000000e+06,4.767396000000000000e+06,4.560564000000000000e+06,4.364805500000000000e+06,4.179668500000000000e+06,4.079839500000000000e+06,4.029219000000000000e+06,3.971181250000000000e+06,3.904006250000000000e+06,3.825622000000000000e+06,3.733813500000000000e+06,3.626470750000000000e+06,3.501509250000000000e+06,3.357134000000000000e+06,3.192040250000000000e+06,3.005286500000000000e+06,2.796612750000000000e+06,2.593366750000000000e+06,2.401531500000000000e+06,2.188650250000000000e+06,1.954280250000000000e+06,1.698282500000000000e+06,1.422941875000000000e+06,1.135850250000000000e+06,8.445710000000000000e+05,5.482445000000000000e+05,2.679253125000000000e+05,8.154470312500000000e+04
1.040828500000000000e+06,1.041374750000000000e+06,1.042802375000000000e+06,1.044714875000000000e+06,1.046632187500000000e+06,1.048019687500000000e+06,1.050047625000000000e+06,1.051884125000000000e+06,1.051695625000000000e+06,1.049051125000000000e+06,1.043634812500000000e+06,1.039385500000000000e+06,1.032074437500000000e+06,1.021592187500000000e+06,1.008183937500000000e+06,9.998854375000000000e+05,9.888211875000000000e+05,9.753744375000000000e+05,9.601836250000000000e+05,9.525861875000000000e+05,9.460768750000000000e+05,9.383721250000000000e+05,9.301579375000000000e+05,9.220487500000000000e+05,9.274872500000000000e+05,9.359636875000000000e+05,9.444997500000000000e+05,9.535604375000000000e+05,9.633746875000000000e+05,9.738255000000000000e+05,1.045655312500000000e+06,1.115594125000000000e+06,1.183394125000000000e+06,1.241218625000000000e+06,1.268663125000000000e+06,1.259185500000000000e+06,1.284754125000000000e+06,1.259539875000000000e+06,9.564751875000000000e+05,3.494680000000000000e+05,2.522847656250000000e+04
7.722091250000000000e+05,7.677557500000000000e+05,7.551349375000000000e+05,7.354906250000000000e+05,7.099928125000000000e+05,6.798164375000000000e+05,6.461238125000000000e+05,6.100720000000000000e+05,5.730105000000000000e+05,5.363383750000000000e+05,5.013390937500000000e+05,4.691144375000000000e+05,4.401457500000000000e+05,4.146208750000000000e+05,3.927183750000000000e+05,3.753728125000000000e+05,3.626913125000000000e+05,3.530130625000000000e+05,3.461063125000000000e+05,3.416241875000000000e+05,3.392275312500000000e+05,3.385585000000000000e+05,3.392320000000000000e+05,3.423943750000000000e+05,3.491414375000000000e+05,3.559394375000000000e+05,3.622688437500000000e+05,3.675336250000000000e+05,3.710473750000000000e+05,3.719229062500000000e+05,3.828822187500000000e+05,3.975058750000000000e+05,4.047642812500000000e+05,4.020270312500000000e+05,3.857007187500000000e+05,3.536166875000000000e+05,3.218087812500000000e+05,2.783564375000000000e+05,2.055963750000000000e+05,1.041096015625000000e+05,2.892760156250000000e+04
1.492467500000000000e+06,1.493184250000000000e+06,1.494281750000000000e+06,1.503292375000000000e+06,1.511614125000000000e+06,1.515960250000000000e+06,1.513562000000000000e+06,1.502032250000000000e+06,1.480509125000000000e+06,1.474935625000000000e+06,1.455218625000000000e+06,1.421560750000000000e+06,1.375746125000000000e+06,1.320241125000000000e+06,1.257513750000000000e+06,1.226631125000000000e+06,1.195473125000000000e+06,1.154226000000000000e+06,1.106225625000000000e+06,1.054036625000000000e+06,9.997793750000000000e+05,9.448486875000000000e+05,8.900638750000000000e+05,8.359994375000000000e+05,7.828322500000000000e+05,7.305815000000000000e+05,6.791561875000000000e+05,6.283647500000000000e+05,5.861602500000000000e+05,5.476466250000000000e+05,5.091258437500000000e+05,4.701115625000000000e+05,4.300329687500000000e+05,3.889627500000000000e+05,3.477197187500000000e+05,3.056421250000000000e+05,2.593519218750000000e+05,2.099209843750000000e+05,1.684550625000000000e+05,1.348280156250000000e+05,7.904932031250000000e+04
2.127144750000000000e+06,2.131675750000000000e+06,2.144250500000000000e+06,2.163226000000000000e+06,2.186844750000000000e+06,2.213284250000000000e+06,2.244443750000000000e+06,2.286010500000000000e+06,2.325695250000000000e+06,2.361918750000000000e+06,2.393276250000000000e+06,2.440498500000000000e+06,2.488653500000000000e+06,2.526993750000000000e+06,2.554685250000000000e+06,2.577581500000000000e+06,2.630291750000000000e+06,2.666846500000000000e+06,2.687467000000000000e+06,2.692561500000000000e+06,2.682524500000000000e+06,2.657660500000000000e+06,2.739349000000000000e+06,2.796365750000000000e+06,2.824602000000000000e+06,2.824079000000000000e+06,2.794557000000000000e+06,2.735518500000000000e+06,2.646450500000000000e+06,2.526589500000000000e+06,2.375491000000000000e+06,2.232615750000000000e+06,2.083578500000000000e+06,1.903610000000000000e+06,1.688959250000000000e+06,1.440010375000000000e+06,1.166420375000000000e+06,8.746719375000000000e+05,5.523785625000000000e+05,2.328476093750000000e+05,5.000889062500000000e+04
2.193993000000000000e+06,2.192366000000000000e+06,2.186374000000000000e+06,2.174179000000000000e+06,2.153911250000000000e+06,2.123885000000000000e+06,2.082766625000000000e+06,2.029958250000000000e+06,1.968058625000000000e+06,1.901297250000000000e+06,1.833676000000000000e+06,1.768708500000000000e+06,1.708016750000000000e+06,1.652364750000000000e+06,1.602544250000000000e+06,1.575922875000000000e+06,1.580291625000000000e+06,1.589690250000000000e+06,1.604592375000000000e+06,1.624865500000000000e+06,1.650294750000000000e+06,1.680448250000000000e+06,1.714652375000000000e+06,1.752064500000000000e+06,1.791416875000000000e+06,1.831156625000000000e+06,1.869317000000000000e+06,1.903403000000000000e+06,1.939324750000000000e+06,2.000568750000000000e+06,2.053075750000000000e+06,2.090577375000000000e+06,2.105546750000000000e+06,2.084270125000000000e+06,2.004941000000000000e+06,1.853350500000000000e+06,1.636049375000000000e+06,1.338452625000000000e+06,8.804810000000000000e+05,3.367741562500000000e+05,5.095746875000000000e+04
1.519057656250000000e+05,1.522735937500000000e+05,1.532775468750000000e+05,1.547606875000000000e+05,1.565603437500000000e+05,1.585132187500000000e+05,1.604597812500000000e+05,1.622569375000000000e+05,1.638662031250000000e+05,1.660996875000000000e+05,1.689510000000000000e+05,1.716617343750000000e+05,1.742397500000000000e+05,1.766851406250000000e+05,1.790037187500000000e+05,1.817992656250000000e+05,1.863933906250000000e+05,1.908113906250000000e+05,1.950899843750000000e+05,1.992469843750000000e+05,2.032920312500000000e+05,2.072108750000000000e+05,2.109655468750000000e+05,2.156279375000000000e+05,2.278896250000000000e+05,2.397346718750000000e+05,2.509734375000000000e+05,2.613174218750000000e+05,2.704161562500000000e+05,2.778129062500000000e+05,2.829722187500000000e+05,2.851265000000000000e+05,2.839348750000000000e+05,2.872142812500000000e+05,2.872585937500000000e+05,2.823000000000000000e+05,2.676585937500000000e+05,2.412488125000000000e+05,2.107932500000000000e+05,1.752886562500000000e+05,1.027901171875000000e+05
2.202576562500000000e+04,2.208767968750000000e+04,2.227935937500000000e+04,2.263538476562500000e+04,2.309383203125000000e+04,2.363129296875000000e+04,2.422478906250000000e+04,2.485243945312500000e+04,2.565318359375000000e+04,2.662462109375000000e+04,2.757764257812500000e+04,2.849392187500000000e+04,2.936428125000000000e+04,3.069986914062500000e+04,3.198559765625000000e+04,3.317318750000000000e+04,3.426856250000000000e+04,3.527755859375000000e+04,3.620644921875000000e+04,3.775881640625000000e+04,4.007109375000000000e+04,4.225503906250000000e+04,4.432342187500000000e+04,4.628573046875000000e+04,4.813469531250000000e+04,4.985469140625000000e+04,5.141562109375000000e+04,5.276720703125000000e+04,5.384425000000000000e+04,5.453732031250000000e+04,5.544409765625000000e+04,5.654581250000000000e+04,5.711646484375000000e+04,5.684257812500000000e+04,5.519878125000000000e+04,5.185461328125000000e+04,4.703074218750000000e+04,4.029471875000000000e+04,2.904401171875000000e+04,1.416534179687500000e+04,5.097192382812500000e+03
5.284518500000000000e+06,5.283080000000000000e+06,5.279668000000000000e+06,5.300517500000000000e+06,5.319006000000000000e+06,5.328634000000000000e+06,5.323179000000000000e+06,5.297207000000000000e+06,5.248208000000000000e+06,5.175834500000000000e+06,5.080673500000000000e+06,4.964363500000000000e+06,4.972243000000000000e+06,4.986120000000000000e+06,4.965227000000000000e+06,4.916236500000000000e+06,4.846367500000000000e+06,4.762411500000000000e+06,4.669811500000000000e+06,4.572257000000000000e+06,4.472756500000000000e+06,4.372555000000000000e+06,4.271397000000000000e+06,4.168494250000000000e+06,4.061569250000000000e+06,3.947788500000000000e+06,3.841998000000000000e+06,3.768352250000000000e+06,3.680485500000000000e+06,3.572596000000000000e+06,3.438479250000000000e+06,3.272030750000000000e+06,3.067448000000000000e+06,2.817728500000000000e+06,2.514751500000000000e+06,2.157380500000000000e+06,1.759073000000000000e+06,1.328555875000000000e+06,8.490625625000000000e+05,3.736785937500000000e+05,8.973035156250000000e+04
2.909293000000000000e+06,2.898158000000000000e+06,2.866390500000000000e+06,2.816062000000000000e+06,2.748977500000000000e+06,2.668991250000000000e+06,2.581594500000000000e+06,2.483407000000000000e+06,2.377761000000000000e+06,2.268933500000000000e+06,2.166756500000000000e+06,2.073441125000000000e+06,1.986990000000000000e+06,1.908301750000000000e+06,1.845286375000000000e+06,1.796995625000000000e+06,1.754973875000000000e+06,1.718547500000000000e+06,1.687179750000000000e+06,1.676928125000000000e+06,1.665573000000000000e+06,1.651629000000000000e+06,1.633548750000000000e+06,1.609663750000000000e+06,1.598670000000000000e+06,1.583441875000000000e+06,1.555353000000000000e+06,1.513339250000000000e+06,1.456457250000000000e+06,1.384020000000000000e+06,1.370654000000000000e+06,1.337422750000000000e+06,1.272373125000000000e+06,1.175100125000000000e+06,1.045764312500000000e+06,8.967953125000000000e+05,7.626843750000000000e+05,6.079460625000000000e+05,4.266057500000000000e+05,2.229850468750000000e+05,6.592887500000000000e+04
4.061235500000000000e+06,4.082403750000000000e+06,4.140630500000000000e+06,4.227578000000000000e+06,4.334660000000000000e+06,4.453118000000000000e+06,4.577486000000000000e+06,4.714830000000000000e+06,4.842216500000000000e+06,4.958619000000000000e+06,5.093196500000000000e+06,5.231425500000000000e+06,5.353486500000000000e+06,5.466050500000000000e+06,5.630422000000000000e+06,5.767473000000000000e+06,5.879426500000000000e+06,5.968837500000000000e+06,6.149122500000000000e+06,6.308335000000000000e+06,6.442480500000000000e+06,6.555102000000000000e+06,6.649375000000000000e+06,6.743504000000000000e+06,7.153696500000000000e+06,7.529413500000000000e+06,7.870245500000000000e+06,8.172109500000000000e+06,8.427696000000000000e+06,8.619935000000000000e+06,8.727153000000000000e+06,8.725660000000000000e+06,8.749378000000000000e+06,8.727876000000000000e+06,8.447853000000000000e+06,7.839077500000000000e+06,6.957391000000000000e+06,5.707694500000000000e+06,3.558822750000000000e+06,1.009310437500000000e+06,3.228769726562500000e+04
2.322580000000000000e+06,2.316186750000000000e+06,2.297072000000000000e+06,2.265141000000000000e+06,2.223840750000000000e+06,2.170681250000000000e+06,2.104626500000000000e+06,2.026140000000000000e+06,1.938054625000000000e+06,1.844448875000000000e+06,1.751137125000000000e+06,1.667631500000000000e+06,1.587142500000000000e+06,1.511103750000000000e+06,1.441012500000000000e+06,1.377947500000000000e+06,1.332860500000000000e+06,1.297414375000000000e+06,1.268456125000000000e+06,1.245771375000000000e+06,1.229056750000000000e+06,1.221013750000000000e+06,1.233873875000000000e+06,1.249080375000000000e+06,1.265675000000000000e+06,1.282426375000000000e+06,1.297790375000000000e+06,1.309869000000000000e+06,1.388942875000000000e+06,1.461190125000000000e+06,1.517660125000000000e+06,1.552643750000000000e+06,1.559783750000000000e+06,1.530411125000000000e+06,1.473929125000000000e+06,1.411562875000000000e+06,1.298312875000000000e+06,1.118166000000000000e+06,8.280132500000000000e+05,4.335650625000000000e+05,1.217843359375000000e+05
1.985242656250000000e+05,1.986027812500000000e+05,1.987698437500000000e+05,1.989151093750000000e+05,1.989219843750000000e+05,1.986721875000000000e+05,1.980500156250000000e+05,1.979703437500000000e+05,1.981964375000000000e+05,1.979440468750000000e+05,1.972300468750000000e+05,1.960719687500000000e+05,1.944451875000000000e+05,1.923099218750000000e+05,1.896374375000000000e+05,1.864155781250000000e+05,1.832357656250000000e+05,1.857766406250000000e+05,1.871344687500000000e+05,1.872958906250000000e+05,1.862566406250000000e+05,1.840319375000000000e+05,1.806530156250000000e+05,1.761585156250000000e+05,1.706001562500000000e+05,1.640373281250000000e+05,1.565357812500000000e+05,1.481685000000000000e+05,1.420190937500000000e+05,1.353541562500000000e+05,1.280469921875000000e+05,1.200678437500000000e+05,1.113670781250000000e+05,1.020247187500000000e+05,9.227407812500000000e+04,8.203692187500000000e+04,7.065401562500000000e+04,5.839990625000000000e+04,4.766629296875000000e+04,3.846013281250000000e+04,2.450578710937500000e+04
4.519416500000000000e+06,4.517846000000000000e+06,4.513193500000000000e+06,4.505502500000000000e+06,4.494769000000000000e+06,4.483176000000000000e+06,4.470664000000000000e+06,4.455484000000000000e+06,4.438126000000000000e+06,4.419448500000000000e+06,4.400322500000000000e+06,4.381617000000000000e+06,4.364054500000000000e+06,4.348307500000000000e+06,4.335085500000000000e+06,4.325019000000000000e+06,4.329656000000000000e+06,4.346142500000000000e+06,4.367250000000000000e+06,4.392937000000000000e+06,4.423135000000000000e+06,4.457301000000000000e+06,4.494427500000000000e+06,4.572160500000000000e+06,4.653860000000000000e+06,4.731756500000000000e+06,4.801548000000000000e+06,4.857343500000000000e+06,4.934886000000000000e+06,5.031788500000000000e+06,5.079149500000000000e+06,5.060849000000000000e+06,4.960397000000000000e+06,5.044676500000000000e+06,5.035523500000000000e+06,4.758527500000000000e+06,4.233384000000000000e+06,3.556320000000000000e+06,2.501148250000000000e+06,9.839765000000000000e+05,1.025382031250000000e+05
2.123090625000000000e+05,2.113318125000000000e+05,2.085642343750000000e+05,2.042567656250000000e+05,1.986617656250000000e+05,1.920296875000000000e+05,1.846062968750000000e+05,1.766340937500000000e+05,1.683860312500000000e+05,1.601462500000000000e+05,1.521849062500000000e+05,1.447428281250000000e+05,1.379243593750000000e+05,1.317692812500000000e+05,1.284728828125000000e+05,1.269375703125000000e+05,1.258273906250000000e+05,1.251013281250000000e+05,1.246949375000000000e+05,1.245035625000000000e+05,1.244119609375000000e+05,1.242930781250000000e+05,1.240069531250000000e+05,1.234055312500000000e+05,1.223425156250000000e+05,1.206697265625000000e+05,1.182473984375000000e+05,1.153432265625000000e+05,1.134105078125000000e+05,1.105053359375000000e+05,1.064499609375000000e+05,1.011224296875000000e+05,9.444935937500000000e+04,8.624685156250000000e+04,7.620171093750000000e+04,6.447230859375000000e+04,5.213533203125000000e+04,3.941549609375000000e+04,2.418150781250000000e+04,8.835735351562500000e+03,2.235325439453125000e+03
1.955305750000000000e+06,1.955202375000000000e+06,1.954382625000000000e+06,1.951943000000000000e+06,1.946843625000000000e+06,1.937970500000000000e+06,1.927960500000000000e+06,1.913601250000000000e+06,1.892893375000000000e+06,1.865736125000000000e+06,1.832204375000000000e+06,1.797301250000000000e+06,1.763562000000000000e+06,1.722904000000000000e+06,1.675666375000000000e+06,1.622375625000000000e+06,1.578313375000000000e+06,1.531024000000000000e+06,1.476982375000000000e+06,1.417001500000000000e+06,1.351907375000000000e+06,1.300796625000000000e+06,1.246594750000000000e+06,1.185416875000000000e+06,1.118222500000000000e+06,1.045908125000000000e+06,9.693325625000000000e+05,9.279850000000000000e+05,8.855046875000000000e+05,8.303899375000000000e+05,7.641848125000000000e+05,6.886822500000000000e+05,6.059628750000000000e+05,5.178724687500000000e+05,4.370895625000000000e+05,3.593396562500000000e+05,2.816259062500000000e+05,2.053920000000000000e+05,1.252559296875000000e+05,4.907646875000000000e+04,1.030206835937500000e+04
7.968597656250000000e+04,7.929742187500000000e+04,7.819892968750000000e+04,7.649197656250000000e+04,7.427849218750000000e+04,7.184270312500000000e+04,7.025496875000000000e+04,6.847928906250000000e+04,6.657630468750000000e+04,6.462762109375000000e+04,6.272811328125000000e+04,6.097802734375000000e+04,5.942774218750000000e+04,5.810351562500000000e+04,5.703578906250000000e+04,5.624023828125000000e+04,5.570900781250000000e+04,5.543213671875000000e+04,5.539284765625000000e+04,5.556347265625000000e+04,5.591289062500000000e+04,5.706214062500000000e+04,5.860286328125000000e+04,6.031898437500000000e+04,6.218889843750000000e+04,6.419118750000000000e+04,6.629925781250000000e+04,6.847925000000000000e+04,7.069303906250000000e+04,7.289761718750000000e+04,7.503910937500000000e+04,7.697432031250000000e+04,7.848400000000000000e+04,7.945228125000000000e+04,7.993307031250000000e+04,7.947346093750000000e+04,7.642041406250000000e+04,7.038067968750000000e+04,6.518274609375000000e+04,6.082864062500000000e+04,4.184219140625000000e+04
1.549909250000000000e+06,1.552179250000000000e+06,1.557792375000000000e+06,1.564775625000000000e+06,1.571021250000000000e+06,1.574408750000000000e+06,1.572914875000000000e+06,1.567025000000000000e+06,1.557754500000000000e+06,1.542654875000000000e+06,1.522850375000000000e+06,1.499475125000000000e+06,1.480916250000000000e+06,1.461836000000000000e+06,1.439571750000000000e+06,1.414744625000000000e+06,1.391478500000000000e+06,1.379075375000000000e+06,1.364075375000000000e+06,1.346843000000000000e+06,1.327661375000000000e+06,1.308739375000000000e+06,1.307403500000000000e+06,1.301175000000000000e+06,1.289598750000000000e+06,1.272016125000000000e+06,1.247572125000000000e+06,1.215728250000000000e+06,1.242240500000000000e+06,1.249979375000000000e+06,1.236483000000000000e+06,1.199590375000000000e+06,1.137735375000000000e+06,1.048715375000000000e+06,9.397361250000000000e+05,8.315381875000000000e+05,7.019346250000000000e+05,5.499600000000000000e+05,3.537413437500000000e+05,1.378220468750000000e+05,2.279892187500000000e+04
4.790124609375000000e+04,4.787834765625000000e+04,4.779211328125000000e+04,4.766252343750000000e+04,4.746195312500000000e+04,4.710217187500000000e+04,4.654132812500000000e+04,4.575064062500000000e+04,4.478799609375000000e+04,4.381626171875000000e+04,4.274371484375000000e+04,4.163041406250000000e+04,4.054287890625000000e+04,3.976433984375000000e+04,3.899285937500000000e+04,3.825740625000000000e+04,3.768668359375000000e+04,3.758579296875000000e+04,3.752446484375000000e+04,3.751484375000000000e+04,3.756555859375000000e+04,3.838938671875000000e+04,3.926793750000000000e+04,4.013853125000000000e+04,4.099694921875000000e+04,4.183284765625000000e+04,4.441894921875000000e+04,4.773838281250000000e+04,5.085829296875000000e+04,5.375947656250000000e+04,5.641561718750000000e+04,5.871317187500000000e+04,6.046607031250000000e+04,6.325400781250000000e+04,6.713446875000000000e+04,7.126925000000000000e+04,7.340489843750000000e+04,7.307275781250000000e+04,7.861880468750000000e+04,9.385257031250000000e+04,7.832306250000000000e+04
9.549638750000000000e+05,9.534705625000000000e+05,9.491470000000000000e+05,9.422217500000000000e+05,9.329163750000000000e+05,9.214467500000000000e+05,9.080245625000000000e+05,8.928710000000000000e+05,8.763331875000000000e+05,8.588315000000000000e+05,8.407840000000000000e+05,8.225933750000000000e+05,8.045527500000000000e+05,7.869010625000000000e+05,7.698765000000000000e+05,7.553641250000000000e+05,7.456571250000000000e+05,7.366728750000000000e+05,7.283641250000000000e+05,7.205580625000000000e+05,7.130661250000000000e+05,7.055961875000000000e+05,6.977583125000000000e+05,6.891295000000000000e+05,6.791606875000000000e+05,6.672538125000000000e+05,6.682437500000000000e+05,6.763916875000000000e+05,6.788689375000000000e+05,6.742609375000000000e+05,6.610788125000000000e+05,6.379605625000000000e+05,6.037968125000000000e+05,5.572450625000000000e+05,5.032744062500000000e+05,4.489618750000000000e+05,3.836593750000000000e+05,3.065899687500000000e+05,2.084410000000000000e+05,9.678960937500000000e+04,2.504699804687500000e+04
7.043140500000000000e+06,7.025043500000000000e+06,6.972238500000000000e+06,6.886869500000000000e+06,6.771021000000000000e+06,6.626787000000000000e+06,6.456331500000000000e+06,6.262102000000000000e+06,6.048387000000000000e+06,5.835320000000000000e+06,5.641788500000000000e+06,5.441823000000000000e+06,5.239368500000000000e+06,5.038163000000000000e+06,4.842024000000000000e+06,4.654235500000000000e+06,4.477296000000000000e+06,4.313591000000000000e+06,4.164774000000000000e+06,4.031466500000000000e+06,3.914149500000000000e+06,3.917298500000000000e+06,3.948525750000000000e+06,3.987473000000000000e+06,4.033430750000000000e+06,4.084910500000000000e+06,4.139228000000000000e+06,4.192081500000000000e+06,4.237722000000000000e+06,4.266351500000000000e+06,4.266223000000000000e+06,4.224735000000000000e+06,4.224490000000000000e+06,4.184569750000000000e+06,4.034726250000000000e+06,3.743130750000000000e+06,3.326956000000000000e+06,2.743218250000000000e+06,1.769333750000000000e+06,5.810296875000000000e+05,4.304343750000000000e+04
3.630987187500000000e+05,3.640675000000000000e+05,3.666860000000000000e+05,3.705109687500000000e+05,3.750900000000000000e+05,3.799685625000000000e+05,3.861213125000000000e+05,3.922364687500000000e+05,3.977450625000000000e+05,4.028965000000000000e+05,4.079488437500000000e+05,4.131382812500000000e+05,4.206367500000000000e+05,4.302267812500000000e+05,4.397548125000000000e+05,4.491576875000000000e+05,4.584317812500000000e+05,4.675796875000000000e+05,4.833635000000000000e+05,4.997898750000000000e+05,5.155885312500000000e+05,5.305757500000000000e+05,5.445167500000000000e+05,5.571309375000000000e+05,5.863030625000000000e+05,6.251960000000000000e+05,6.601541875000000000e+05,6.900350625000000000e+05,7.134843750000000000e+05,7.286461250000000000e+05,7.334646875000000000e+05,7.259921875000000000e+05,7.203586875000000000e+05,7.064497500000000000e+05,6.709950000000000000e+05,6.104459375000000000e+05,5.296251875000000000e+05,4.257856562500000000e+05,2.734575000000000000e+05,1.008010234375000000e+05,1.595804589843750000e+04
1.432139250000000000e+06,1.437376625000000000e+06,1.451249125000000000e+06,1.478226375000000000e+06,1.508605000000000000e+06,1.538047875000000000e+06,1.562389625000000000e+06,1.588780125000000000e+06,1.614943875000000000e+06,1.630105000000000000e+06,1.635177000000000000e+06,1.631229750000000000e+06,1.647037875000000000e+06,1.652443250000000000e+06,1.647153250000000000e+06,1.632535750000000000e+06,1.610381375000000000e+06,1.582355500000000000e+06,1.552551625000000000e+06,1.573997250000000000e+06,1.584982250000000000e+06,1.586443500000000000e+06,1.578774750000000000e+06,1.562134125000000000e+06,1.536144875000000000e+06,1.500236000000000000e+06,1.453759125000000000e+06,1.396030000000000000e+06,1.326466000000000000e+06,1.244560125000000000e+06,1.176259750000000000e+06,1.098395500000000000e+06,1.007820250000000000e+06,9.034266250000000000e+05,7.835723125000000000e+05,6.500620000000000000e+05,5.112896562500000000e+05,3.711075937500000000e+05,2.196859375000000000e+05,7.869164843750000000e+04,1.322903222656250000e+04
6.781950000000000000e+05,6.782543125000000000e+05,6.783610000000000000e+05,6.783778125000000000e+05,6.781415000000000000e+05,6.774792500000000000e+05,6.762231250000000000e+05,6.758164375000000000e+05,6.748150625000000000e+05,6.733737500000000000e+05,6.717120000000000000e+05,6.700700625000000000e+05,6.685740625000000000e+05,6.698293750000000000e+05,6.725255000000000000e+05,6.754191875000000000e+05,6.785034375000000000e+05,6.817650625000000000e+05,6.851200000000000000e+05,6.941983125000000000e+05,7.034044375000000000e+05,7.116915625000000000e+05,7.186586875000000000e+05,7.238455625000000000e+05,7.266675625000000000e+05,7.374112500000000000e+05,7.448370000000000000e+05,7.469826250000000000e+05,7.428143125000000000e+05,7.311756250000000000e+05,7.157890000000000000e+05,7.321163750000000000e+05,7.316003125000000000e+05,7.116380000000000000e+05,6.698452500000000000e+05,6.045637500000000000e+05,5.395163125000000000e+05,4.612254375000000000e+05,3.606954062500000000e+05,2.348075781250000000e+05,9.874387500000000000e+04
4.315991500000000000e+06,4.318945000000000000e+06,4.327981000000000000e+06,4.343260000000000000e+06,4.364848000000000000e+06,4.392772000000000000e+06,4.427067500000000000e+06,4.467816000000000000e+06,4.515108500000000000e+06,4.575998500000000000e+06,4.650340500000000000e+06,4.732536500000000000e+06,4.822298000000000000e+06,4.919037000000000000e+06,5.022243500000000000e+06,5.162680000000000000e+06,5.308495000000000000e+06,5.458415500000000000e+06,5.611669500000000000e+06,5.767565000000000000e+06,5.970810000000000000e+06,6.191322500000000000e+06,6.412096000000000000e+06,6.632481500000000000e+06,6.851328500000000000e+06,7.094909000000000000e+06,7.431250500000000000e+06,7.760018500000000000e+06,8.075467000000000000e+06,8.363306500000000000e+06,8.605056000000000000e+06,9.183311000000000000e+06,9.892800000000000000e+06,1.042549000000000000e+07,1.059981700000000000e+07,1.028380000000000000e+07,9.773192000000000000e+06,9.007492000000000000e+06,6.450512500000000000e+06,2.199375250000000000e+06,9.860889843750000000e+04
3.164873250000000000e+06,3.158735500000000000e+06,3.140505500000000000e+06,3.110305750000000000e+06,3.068144250000000000e+06,3.014522000000000000e+06,2.966378750000000000e+06,2.906942250000000000e+06,2.837305500000000000e+06,2.759613250000000000e+06,2.676218000000000000e+06,2.589560500000000000e+06,2.501474000000000000e+06,2.432909500000000000e+06,2.379988000000000000e+06,2.326701000000000000e+06,2.274480750000000000e+06,2.224810500000000000e+06,2.178850000000000000e+06,2.137205500000000000e+06,2.182030000000000000e+06,2.247422250000000000e+06,2.309267750000000000e+06,2.368172250000000000e+06,2.423929250000000000e+06,2.475731500000000000e+06,2.521997000000000000e+06,2.560202000000000000e+06,2.586944000000000000e+06,2.662307250000000000e+06,2.729100500000000000e+06,2.774238000000000000e+06,2.787291500000000000e+06,2.749026750000000000e+06,2.628725000000000000e+06,2.408426000000000000e+06,2.103175000000000000e+06,1.695848875000000000e+06,1.072674500000000000e+06,3.581984062500000000e+05,3.450176171875000000e+04
3.650656875000000000e+05,3.648429375000000000e+05,3.640729375000000000e+05,3.625904687500000000e+05,3.602223437500000000e+05,3.567978125000000000e+05,3.521583125000000000e+05,3.461848437500000000e+05,3.389775937500000000e+05,3.307610000000000000e+05,3.217594687500000000e+05,3.121843437500000000e+05,3.021706875000000000e+05,2.918208125000000000e+05,2.883266250000000000e+05,2.846375625000000000e+05,2.803044062500000000e+05,2.754026562500000000e+05,2.699889375000000000e+05,2.640853125000000000e+05,2.577146406250000000e+05,2.508826875000000000e+05,2.435775937500000000e+05,2.357842343750000000e+05,2.274694062500000000e+05,2.185946562500000000e+05,2.091161250000000000e+05,2.006082187500000000e+05,1.939220312500000000e+05,1.866410937500000000e+05,1.786645937500000000e+05,1.698135625000000000e+05,1.598628437500000000e+05,1.488227968750000000e+05,1.370042968750000000e+05,1.241332968750000000e+05,1.087612812500000000e+05,9.121890625000000000e+04,7.627144531250000000e+04,6.406955468750000000e+04,4.070072656250000000e+04
5.764031000000000000e+06,5.746732500000000000e+06,5.695807000000000000e+06,5.611687500000000000e+06,5.494435500000000000e+06,5.344770500000000000e+06,5.164782000000000000e+06,4.958643500000000000e+06,4.773956000000000000e+06,4.591868000000000000e+06,4.409525500000000000e+06,4.238179500000000000e+06,4.081200500000000000e+06,3.990601000000000000e+06,3.925845750000000000e+06,3.863993750000000000e+06,3.803857250000000000e+06,3.743549500000000000e+06,3.680597750000000000e+06,3.770743750000000000e+06,3.858158750000000000e+06,3.910910000000000000e+06,3.927953500000000000e+06,3.907957250000000000e+06,3.850398250000000000e+06,3.755110750000000000e+06,3.622431500000000000e+06,3.453513750000000000e+06,3.288911500000000000e+06,3.129892500000000000e+06,2.938331250000000000e+06,2.714177000000000000e+06,2.458454000000000000e+06,2.171801000000000000e+06,1.854340375000000000e+06,1.512442125000000000e+06,1.164893250000000000e+06,8.239521250000000000e+05,4.764943437500000000e+05,1.664150156250000000e+05,2.429375195312500000e+04
5.978861718750000000e+04,5.986282031250000000e+04,6.005995312500000000e+04,6.033644921875000000e+04,6.064537500000000000e+04,6.094045312500000000e+04,6.135213281250000000e+04,6.170114453125000000e+04,6.195647656250000000e+04,6.214104687500000000e+04,6.228416406250000000e+04,6.280114062500000000e+04,6.332003515625000000e+04,6.379986718750000000e+04,6.423405078125000000e+04,6.461682812500000000e+04,6.543432031250000000e+04,6.628597656250000000e+04,6.701649218750000000e+04,6.761617187500000000e+04,6.807220312500000000e+04,6.837181250000000000e+04,6.903004687500000000e+04,6.995215625000000000e+04,7.063442968750000000e+04,7.106457812500000000e+04,7.122550000000000000e+04,7.109430468750000000e+04,7.065337500000000000e+04,7.346398437500000000e+04,7.639409375000000000e+04,7.873757031250000000e+04,8.027607031250000000e+04,8.111729687500000000e+04,8.186721875000000000e+04,8.476536718750000000e+04,8.724794531250000000e+04,8.765371875000000000e+04,9.907981250000000000e+04,1.319914531250000000e+05,1.180776015625000000e+05
6.374827500000000000e+06,6.365375500000000000e+06,6.353560000000000000e+06,6.361428000000000000e+06,6.370732500000000000e+06,6.380009500000000000e+06,6.387646000000000000e+06,6.392024500000000000e+06,6.391942000000000000e+06,6.386742000000000000e+06,6.376283000000000000e+06,6.360963500000000000e+06,6.341427500000000000e+06,6.318640500000000000e+06,6.294014500000000000e+06,6.269104000000000000e+06,6.245391000000000000e+06,6.224525500000000000e+06,6.208016000000000000e+06,6.196981500000000000e+06,6.259917000000000000e+06,6.373066500000000000e+06,6.503165500000000000e+06,6.650607500000000000e+06,6.815354000000000000e+06,6.997211000000000000e+06,7.195638000000000000e+06,7.409561500000000000e+06,7.636430500000000000e+06,7.867179000000000000e+06,8.089809500000000000e+06,8.291380500000000000e+06,8.456697000000000000e+06,8.527655000000000000e+06,8.385993500000000000e+06,7.960971500000000000e+06,7.308571500000000000e+06,6.277783000000000000e+06,4.152259000000000000e+06,1.370184125000000000e+06,1.110523750000000000e+05
3.357207500000000000e+05,3.362085625000000000e+05,3.375913437500000000e+05,3.397417500000000000e+05,3.425256250000000000e+05,3.458043437500000000e+05,3.494368125000000000e+05,3.532813125000000000e+05,3.571939062500000000e+05,3.618409062500000000e+05,3.673172187500000000e+05,3.724351250000000000e+05,3.771349375000000000e+05,3.814082812500000000e+05,3.852558125000000000e+05,3.887086875000000000e+05,3.947284687500000000e+05,4.005966250000000000e+05,4.061380625000000000e+05,4.114320625000000000e+05,4.165513750000000000e+05,4.215214687500000000e+05,4.263218125000000000e+05,4.339263437500000000e+05,4.438338437500000000e+05,4.531405937500000000e+05,4.615128750000000000e+05,4.684517187500000000e+05,4.733384375000000000e+05,4.752184062500000000e+05,4.912396250000000000e+05,5.119921250000000000e+05,5.242438750000000000e+05,5.245790000000000000e+05,5.082457812500000000e+05,4.717335625000000000e+05,4.375919062500000000e+05,3.855147187500000000e+05,2.950574687500000000e+05,1.618647656250000000e+05,4.910381250000000000e+04
7.834848500000000000e+06,7.836543500000000000e+06,7.841601000000000000e+06,7.849943000000000000e+06,7.861449500000000000e+06,7.875968000000000000e+06,7.893323000000000000e+06,7.913316000000000000e+06,7.935672000000000000e+06,7.960078000000000000e+06,7.986233000000000000e+06,8.013806000000000000e+06,8.042042500000000000e+06,8.069965000000000000e+06,8.096579000000000000e+06,8.120510000000000000e+06,8.139855500000000000e+06,8.152623000000000000e+06,8.156343000000000000e+06,8.157240500000000000e+06,8.340474000000000000e+06,8.505473000000000000e+06,8.645903000000000000e+06,8.754724000000000000e+06,8.823487000000000000e+06,8.842924000000000000e+06,8.802957000000000000e+06,8.692739000000000000e+06,8.501173000000000000e+06,8.215929000000000000e+06,7.825662500000000000e+06,7.323639000000000000e+06,6.827864500000000000e+06,6.281584500000000000e+06,5.594618500000000000e+06,4.766219500000000000e+06,3.848855250000000000e+06,2.857274750000000000e+06,1.687730250000000000e+06,5.367235000000000000e+05,4.390762109375000000e+04
3.730852000000000000e+06,3.738246250000000000e+06,3.758150500000000000e+06,3.787086000000000000e+06,3.821494000000000000e+06,3.857751000000000000e+06,3.892192250000000000e+06,3.921348750000000000e+06,3.943881750000000000e+06,4.064017750000000000e+06,4.192157000000000000e+06,4.315981500000000000e+06,4.432561500000000000e+06,4.537731500000000000e+06,4.627371000000000000e+06,4.698172500000000000e+06,4.747895000000000000e+06,4.774511500000000000e+06,4.776201500000000000e+06,4.751386000000000000e+06,4.698771500000000000e+06,4.702242000000000000e+06,4.691473500000000000e+06,4.653677000000000000e+06,4.585944500000000000e+06,4.485712500000000000e+06,4.350936500000000000e+06,4.180290250000000000e+06,3.973159750000000000e+06,3.729794500000000000e+06,3.451422750000000000e+06,3.140513000000000000e+06,2.800924000000000000e+06,2.437549250000000000e+06,2.056263250000000000e+06,1.666079625000000000e+06,1.281393250000000000e+06,9.156471250000000000e+05,5.740310625000000000e+05,2.797438750000000000e+05,9.056846875000000000e+04
1.140799250000000000e+06,1.139182000000000000e+06,1.134735250000000000e+06,1.128011250000000000e+06,1.119505875000000000e+06,1.109679875000000000e+06,1.098979625000000000e+06,1.088692625000000000e+06,1.080510125000000000e+06,1.073104250000000000e+06,1.067119250000000000e+06,1.063249875000000000e+06,1.061787750000000000e+06,1.067350875000000000e+06,1.077854875000000000e+06,1.090840375000000000e+06,1.106132625000000000e+06,1.123541125000000000e+06,1.152160250000000000e+06,1.185280125000000000e+06,1.218881000000000000e+06,1.252379750000000000e+06,1.285071875000000000e+06,1.327796500000000000e+06,1.378897500000000000e+06,1.425304750000000000e+06,1.465344875000000000e+06,1.496948625000000000e+06,1.517627125000000000e+06,1.581078500000000000e+06,1.659051250000000000e+06,1.707165125000000000e+06,1.718296250000000000e+06,1.680162625000000000e+06,1.573679875000000000e+06,1.420429125000000000e+06,1.256674125000000000e+06,1.029155250000000000e+06,6.388332500000000000e+05,1.684838906250000000e+05,1.958076660156250000e+03
1.949234125000000000e+06,1.949127375000000000e+06,1.948586625000000000e+06,1.947167000000000000e+06,1.944320250000000000e+06,1.939452875000000000e+06,1.931976875000000000e+06,1.921407125000000000e+06,1.907905750000000000e+06,1.899969875000000000e+06,1.893029875000000000e+06,1.884894625000000000e+06,1.876008375000000000e+06,1.866781875000000000e+06,1.865112875000000000e+06,1.876274375000000000e+06,1.887301625000000000e+06,1.898778250000000000e+06,1.911223000000000000e+06,1.924992750000000000e+06,1.971238000000000000e+06,2.018927625000000000e+06,2.067098625000000000e+06,2.116083000000000000e+06,2.166021250000000000e+06,2.216916250000000000e+06,2.339521250000000000e+06,2.514619250000000000e+06,2.690905500000000000e+06,2.865939500000000000e+06,3.035874250000000000e+06,3.198766000000000000e+06,3.353952250000000000e+06,3.487386500000000000e+06,3.657661750000000000e+06,3.734875500000000000e+06,3.768000000000000000e+06,3.625723750000000000e+06,2.567043250000000000e+06,7.159927500000000000e+05,6.715746582031250000e+03
4.817754000000000000e+06,4.816556000000000000e+06,4.812496000000000000e+06,4.804688500000000000e+06,4.792072500000000000e+06,4.776271000000000000e+06,4.792127500000000000e+06,4.802643500000000000e+06,4.805546000000000000e+06,4.799022500000000000e+06,4.781752500000000000e+06,4.753036500000000000e+06,4.713450000000000000e+06,4.664290500000000000e+06,4.607117500000000000e+06,4.686567000000000000e+06,4.774236500000000000e+06,4.844463000000000000e+06,4.900708000000000000e+06,4.946857500000000000e+06,4.986706500000000000e+06,5.023727000000000000e+06,5.061049500000000000e+06,5.101491500000000000e+06,5.146938500000000000e+06,5.198851500000000000e+06,5.258430500000000000e+06,5.326595000000000000e+06,5.456439500000000000e+06,5.647286000000000000e+06,5.855252500000000000e+06,6.080941000000000000e+06,6.327766000000000000e+06,6.552670000000000000e+06,6.639713500000000000e+06,6.528651000000000000e+06,6.325860500000000000e+06,5.825340000000000000e+06,3.882863000000000000e+06,9.723590625000000000e+05,4.049538085937500000e+03
1.799981875000000000e+05,1.807413281250000000e+05,1.826545000000000000e+05,1.852436093750000000e+05,1.880023125000000000e+05,1.910087812500000000e+05,1.932534531250000000e+05,1.942059062500000000e+05,1.939525781250000000e+05,1.928826250000000000e+05,1.918221406250000000e+05,1.907669062500000000e+05,1.896805468750000000e+05,1.885296875000000000e+05,1.872937343750000000e+05,1.863760625000000000e+05,1.860961718750000000e+05,1.857081406250000000e+05,1.851987343750000000e+05,1.844966875000000000e+05,1.836990156250000000e+05,1.843018593750000000e+05,1.842948125000000000e+05,1.835530781250000000e+05,1.819328593750000000e+05,1.792836093750000000e+05,1.785095312500000000e+05,1.763754843750000000e+05,1.723983281250000000e+05,1.664103906250000000e+05,1.582777187500000000e+05,1.570259687500000000e+05,1.537790937500000000e+05,1.459599843750000000e+05,1.333295937500000000e+05,1.161368984375000000e+05,1.004341718750000000e+05,8.307405468750000000e+04,6.071707421875000000e+04,3.360608203125000000e+04,1.280647070312500000e+04
1.409426750000000000e+06,1.411587125000000000e+06,1.418344625000000000e+06,1.427942000000000000e+06,1.437404000000000000e+06,1.444352250000000000e+06,1.446501375000000000e+06,1.441904125000000000e+06,1.437105000000000000e+06,1.428804875000000000e+06,1.414672625000000000e+06,1.395602625000000000e+06,1.373565375000000000e+06,1.362307750000000000e+06,1.345283500000000000e+06,1.323217250000000000e+06,1.297197875000000000e+06,1.277232750000000000e+06,1.268432500000000000e+06,1.255681250000000000e+06,1.240151250000000000e+06,1.222867625000000000e+06,1.204681750000000000e+06,1.216613750000000000e+06,1.258610500000000000e+06,1.295195375000000000e+06,1.326957125000000000e+06,1.353896125000000000e+06,1.375517250000000000e+06,1.390074750000000000e+06,1.395163750000000000e+06,1.405219250000000000e+06,1.430177625000000000e+06,1.439018250000000000e+06,1.418241875000000000e+06,1.355515250000000000e+06,1.244883000000000000e+06,1.068998625000000000e+06,7.735015625000000000e+05,3.751997812500000000e+05,9.296529687500000000e+04
4.706428500000000000e+06,4.706762000000000000e+06,4.705466500000000000e+06,4.698733000000000000e+06,4.682473000000000000e+06,4.652575500000000000e+06,4.605145000000000000e+06,4.537045000000000000e+06,4.449104000000000000e+06,4.372048000000000000e+06,4.289140000000000000e+06,4.193582750000000000e+06,4.086532000000000000e+06,3.968627000000000000e+06,3.840963250000000000e+06,3.742462000000000000e+06,3.653848250000000000e+06,3.551938000000000000e+06,3.438211250000000000e+06,3.313696250000000000e+06,3.179452500000000000e+06,3.092498750000000000e+06,3.089059250000000000e+06,3.052692750000000000e+06,2.985169250000000000e+06,2.888265500000000000e+06,2.763897500000000000e+06,2.614189000000000000e+06,2.441429000000000000e+06,2.251864000000000000e+06,2.100349500000000000e+06,1.930432375000000000e+06,1.742469500000000000e+06,1.537100125000000000e+06,1.315297000000000000e+06,1.081090500000000000e+06,8.441156875000000000e+05,6.119331250000000000e+05,3.823041875000000000e+05,1.750121562500000000e+05,5.038521093750000000e+04
5.672824500000000000e+06,5.667015000000000000e+06,5.651000500000000000e+06,5.626826500000000000e+06,5.596470500000000000e+06,5.561876000000000000e+06,5.524988500000000000e+06,5.492926500000000000e+06,5.556243500000000000e+06,5.628714500000000000e+06,5.711521000000000000e+06,5.806079500000000000e+06,5.912447000000000000e+06,6.029967500000000000e+06,6.158070000000000000e+06,6.296076500000000000e+06,6.443045000000000000e+06,6.597918500000000000e+06,6.759677500000000000e+06,6.927389000000000000e+06,7.100005000000000000e+06,7.276677000000000000e+06,7.456741500000000000e+06,7.639359000000000000e+06,7.823188000000000000e+06,8.072434000000000000e+06,8.395074000000000000e+06,8.736438000000000000e+06,9.093984000000000000e+06,9.456356000000000000e+06,9.807903000000000000e+06,1.013062500000000000e+07,1.040237000000000000e+07,1.054623800000000000e+07,1.040668500000000000e+07,9.887230000000000000e+06,9.059503000000000000e+06,7.734916000000000000e+06,4.997960500000000000e+06,1.473504875000000000e+06,6.016230859375000000e+04
9.092001000000000000e+06,9.090855000000000000e+06,9.085567000000000000e+06,9.072604000000000000e+06,9.048096000000000000e+06,9.008539000000000000e+06,8.951323000000000000e+06,8.875763000000000000e+06,8.789524000000000000e+06,8.704932000000000000e+06,8.634453000000000000e+06,8.589499000000000000e+06,8.571274000000000000e+06,8.575959000000000000e+06,8.599890000000000000e+06,8.638572000000000000e+06,8.686114000000000000e+06,8.736194000000000000e+06,8.781764000000000000e+06,8.876250000000000000e+06,9.031327000000000000e+06,9.170745000000000000e+06,9.285101000000000000e+06,9.364214000000000000e+06,9.397720000000000000e+06,9.374905000000000000e+06,9.285000000000000000e+06,9.117633000000000000e+06,8.862698000000000000e+06,8.510058000000000000e+06,8.051167000000000000e+06,7.482397000000000000e+06,6.805264000000000000e+06,6.018584500000000000e+06,5.118941000000000000e+06,4.133581250000000000e+06,3.140163250000000000e+06,2.175896000000000000e+06,1.184737000000000000e+06,3.441409687500000000e+05,2.833517382812500000e+04
2.865810000000000000e+06,2.863976000000000000e+06,2.858277750000000000e+06,2.848285250000000000e+06,2.833435500000000000e+06,2.813086250000000000e+06,2.786569500000000000e+06,2.753278750000000000e+06,2.713093000000000000e+06,2.666265000000000000e+06,2.613206750000000000e+06,2.554499250000000000e+06,2.490877250000000000e+06,2.452351750000000000e+06,2.469143250000000000e+06,2.476228000000000000e+06,2.474469000000000000e+06,2.465001250000000000e+06,2.449183000000000000e+06,2.428497000000000000e+06,2.404464000000000000e+06,2.378553250000000000e+06,2.352130000000000000e+06,2.326447500000000000e+06,2.308993000000000000e+06,2.334543250000000000e+06,2.367587750000000000e+06,2.408905750000000000e+06,2.459085500000000000e+06,2.517272000000000000e+06,2.582159500000000000e+06,2.653272750000000000e+06,2.730436750000000000e+06,2.799754750000000000e+06,2.826521250000000000e+06,2.788264000000000000e+06,2.700476250000000000e+06,2.491541000000000000e+06,1.830551250000000000e+06,7.596504375000000000e+05,1.238728515625000000e+05
3.757902750000000000e+06,3.764394750000000000e+06,3.782545000000000000e+06,3.810305250000000000e+06,3.845568500000000000e+06,3.886196750000000000e+06,3.930045500000000000e+06,3.975087000000000000e+06,4.020375000000000000e+06,4.065642250000000000e+06,4.112156000000000000e+06,4.302745000000000000e+06,4.494733000000000000e+06,4.685732000000000000e+06,4.873404500000000000e+06,5.056134500000000000e+06,5.233255500000000000e+06,5.404208500000000000e+06,5.568702500000000000e+06,5.726804500000000000e+06,5.878626500000000000e+06,6.024552000000000000e+06,6.193837000000000000e+06,6.448279000000000000e+06,6.712818000000000000e+06,6.987714500000000000e+06,7.273409000000000000e+06,7.570566000000000000e+06,7.878679000000000000e+06,8.190522000000000000e+06,8.496214000000000000e+06,8.788709000000000000e+06,9.061785000000000000e+06,9.253036000000000000e+06,9.217937000000000000e+06,8.880586000000000000e+06,8.348020000000000000e+06,7.404329000000000000e+06,4.950329000000000000e+06,1.557343625000000000e+06,1.045805625000000000e+05
3.682990750000000000e+06,3.684937500000000000e+06,3.689482750000000000e+06,3.698535000000000000e+06,3.710547000000000000e+06,3.719042000000000000e+06,3.721515500000000000e+06,3.716520750000000000e+06,3.707087250000000000e+06,3.710279000000000000e+06,3.730635250000000000e+06,3.762816750000000000e+06,3.807621500000000000e+06,3.863462500000000000e+06,3.949084250000000000e+06,4.067575750000000000e+06,4.191319000000000000e+06,4.318435000000000000e+06,4.446507500000000000e+06,4.611744000000000000e+06,4.816344000000000000e+06,5.009100000000000000e+06,5.185596000000000000e+06,5.340866000000000000e+06,5.469108500000000000e+06,5.826024500000000000e+06,6.200237000000000000e+06,6.506461000000000000e+06,6.729207500000000000e+06,6.849479500000000000e+06,6.847534500000000000e+06,6.706836500000000000e+06,6.558540000000000000e+06,6.337519000000000000e+06,5.906552000000000000e+06,5.241152000000000000e+06,4.398521000000000000e+06,3.374674000000000000e+06,1.975780250000000000e+06,5.284465000000000000e+05,1.408155078125000000e+04
8.289345625000000000e+05,8.289455000000000000e+05,8.290561875000000000e+05,8.293679375000000000e+05,8.299666875000000000e+05,8.309303750000000000e+05,8.325785625000000000e+05,8.373561875000000000e+05,8.429971250000000000e+05,8.495746875000000000e+05,8.571906250000000000e+05,8.659542500000000000e+05,8.757938125000000000e+05,8.865460000000000000e+05,9.025705000000000000e+05,9.225938125000000000e+05,9.427220625000000000e+05,9.625265625000000000e+05,9.815022500000000000e+05,9.990331875000000000e+05,1.018909437500000000e+06,1.046883937500000000e+06,1.070617750000000000e+06,1.089082875000000000e+06,1.101132125000000000e+06,1.105559125000000000e+06,1.101117125000000000e+06,1.124714625000000000e+06,1.154288500000000000e+06,1.165024750000000000e+06,1.153978375000000000e+06,1.118892875000000000e+06,1.058431625000000000e+06,9.703140000000000000e+05,8.717176875000000000e+05,7.598678125000000000e+05,6.287913750000000000e+05,4.784883125000000000e+05,2.809487187500000000e+05,7.540335156250000000e+04,2.175089599609375000e+03
5.570855000000000000e+06,5.581129500000000000e+06,5.607380500000000000e+06,5.642178500000000000e+06,5.677618000000000000e+06,5.705656000000000000e+06,5.718446500000000000e+06,5.708978000000000000e+06,5.674380000000000000e+06,5.614602500000000000e+06,5.530420500000000000e+06,5.423560000000000000e+06,5.297762500000000000e+06,5.157671500000000000e+06,5.007939000000000000e+06,4.852948500000000000e+06,4.696604000000000000e+06,4.542453000000000000e+06,4.392923000000000000e+06,4.293354500000000000e+06,4.200328500000000000e+06,4.113531000000000000e+06,4.031870500000000000e+06,3.953983250000000000e+06,3.877236000000000000e+06,3.798503000000000000e+06,3.714086000000000000e+06,3.619513500000000000e+06,3.509947750000000000e+06,3.379430750000000000e+06,3.221886000000000000e+06,3.032308000000000000e+06,2.806823750000000000e+06,2.539006000000000000e+06,2.220050500000000000e+06,1.854250375000000000e+06,1.468473250000000000e+06,1.071537125000000000e+06,6.296456250000000000e+05,2.197388125000000000e+05,3.359370312500000000e+04
1.786510000000000000e+06,1.781924750000000000e+06,1.768694125000000000e+06,1.747477375000000000e+06,1.718845125000000000e+06,1.683370375000000000e+06,1.641702000000000000e+06,1.594647500000000000e+06,1.543484375000000000e+06,1.489837250000000000e+06,1.435473875000000000e+06,1.382161750000000000e+06,1.360260875000000000e+06,1.352954000000000000e+06,1.343001000000000000e+06,1.330961750000000000e+06,1.317089750000000000e+06,1.301494750000000000e+06,1.284090375000000000e+06,1.264542375000000000e+06,1.242387875000000000e+06,1.217110000000000000e+06,1.188157250000000000e+06,1.154949500000000000e+06,1.116985875000000000e+06,1.073808625000000000e+06,1.030464125000000000e+06,9.922795625000000000e+05,9.483036250000000000e+05,8.981161250000000000e+05,8.413665625000000000e+05,7.778565625000000000e+05,7.075742500000000000e+05,6.305847500000000000e+05,5.470420625000000000e+05,4.579276250000000000e+05,3.659252187500000000e+05,2.735289375000000000e+05,1.803892343750000000e+05,9.275618750000000000e+04,3.309910156250000000e+04
9.203525000000000000e+04,9.223718750000000000e+04,9.276105468750000000e+04,9.347626562500000000e+04,9.441217187500000000e+04,9.538811718750000000e+04,9.615478906250000000e+04,9.657886718750000000e+04,9.664627343750000000e+04,9.664430468750000000e+04,9.679254687500000000e+04,9.672762500000000000e+04,9.646506250000000000e+04,9.600414062500000000e+04,9.590566406250000000e+04,9.609256250000000000e+04,9.603637500000000000e+04,9.577351562500000000e+04,9.533029687500000000e+04,9.497246093750000000e+04,9.569917968750000000e+04,9.611180468750000000e+04,9.620239062500000000e+04,9.595387500000000000e+04,9.532753125000000000e+04,9.427403906250000000e+04,9.597529687500000000e+04,9.850635156250000000e+04,9.994955468750000000e+04,1.001441953125000000e+05,9.891807812500000000e+04,9.611384375000000000e+04,9.160864843750000000e+04,8.623516406250000000e+04,8.127924218750000000e+04,7.439924218750000000e+04,6.563936718750000000e+04,5.479330078125000000e+04,4.048135937500000000e+04,2.305752148437500000e+04,9.843253906250000000e+03
2.524740937500000000e+05,2.529442656250000000e+05,2.540826093750000000e+05,2.554410156250000000e+05,2.565460156250000000e+05,2.573779218750000000e+05,2.575807656250000000e+05,2.562180312500000000e+05,2.533528437500000000e+05,2.494674531250000000e+05,2.464345781250000000e+05,2.427377187500000000e+05,2.385167968750000000e+05,2.338389375000000000e+05,2.313458906250000000e+05,2.286646875000000000e+05,2.255072656250000000e+05,2.220310625000000000e+05,2.192840781250000000e+05,2.192823593750000000e+05,2.186179531250000000e+05,2.173235000000000000e+05,2.153875312500000000e+05,2.127695000000000000e+05,2.131544218750000000e+05,2.197720937500000000e+05,2.241801562500000000e+05,2.262060000000000000e+05,2.256452187500000000e+05,2.222579062500000000e+05,2.158040781250000000e+05,2.060898906250000000e+05,1.970384687500000000e+05,1.874945625000000000e+05,1.744284218750000000e+05,1.573713906250000000e+05,1.362078906250000000e+05,1.109472890625000000e+05,8.082253906250000000e+04,4.687822656250000000e+04,1.937228320312500000e+04
1.037927750000000000e+06,1.041329062500000000e+06,1.050806250000000000e+06,1.065258125000000000e+06,1.083558875000000000e+06,1.104550250000000000e+06,1.127038375000000000e+06,1.150352125000000000e+06,1.176667000000000000e+06,1.202240375000000000e+06,1.226574500000000000e+06,1.249136375000000000e+06,1.273019125000000000e+06,1.299102250000000000e+06,1.320650875000000000e+06,1.336847250000000000e+06,1.347937750000000000e+06,1.368328500000000000e+06,1.380314500000000000e+06,1.383399250000000000e+06,1.377183125000000000e+06,1.370171000000000000e+06,1.369047125000000000e+06,1.355095875000000000e+06,1.328439875000000000e+06,1.289367250000000000e+06,1.238341375000000000e+06,1.226677625000000000e+06,1.214747250000000000e+06,1.180512375000000000e+06,1.124967375000000000e+06,1.049533250000000000e+06,9.561991875000000000e+05,8.474581875000000000e+05,7.553777500000000000e+05,6.540482500000000000e+05,5.418010000000000000e+05,4.208580312500000000e+05,2.935121250000000000e+05,1.645870000000000000e+05,6.107524218750000000e+04
3.647044750000000000e+06,3.647452500000000000e+06,3.652191250000000000e+06,3.655680500000000000e+06,3.653991250000000000e+06,3.643195250000000000e+06,3.619595750000000000e+06,3.580227500000000000e+06,3.525774000000000000e+06,3.465370750000000000e+06,3.421244250000000000e+06,3.368573500000000000e+06,3.308480250000000000e+06,3.241624000000000000e+06,3.169071500000000000e+06,3.124342750000000000e+06,3.093878750000000000e+06,3.056159000000000000e+06,3.012711750000000000e+06,2.964464000000000000e+06,2.912244500000000000e+06,2.957276750000000000e+06,3.043372500000000000e+06,3.108708750000000000e+06,3.152972000000000000e+06,3.175245500000000000e+06,3.173966250000000000e+06,3.146873250000000000e+06,3.091304750000000000e+06,3.047374500000000000e+06,3.013263750000000000e+06,2.943371750000000000e+06,2.829982250000000000e+06,2.663512500000000000e+06,2.432555750000000000e+06,2.133152000000000000e+06,1.777093125000000000e+06,1.370716500000000000e+06,8.930994375000000000e+05,4.020840625000000000e+05,1.007084375000000000e+05
1.956897031250000000e+05,1.954483125000000000e+05,1.946503125000000000e+05,1.931472187500000000e+05,1.907719375000000000e+05,1.873732812500000000e+05,1.828430625000000000e+05,1.773725937500000000e+05,1.713185781250000000e+05,1.644996093750000000e+05,1.572511250000000000e+05,1.499158437500000000e+05,1.434001718750000000e+05,1.373508906250000000e+05,1.316733437500000000e+05,1.265050234375000000e+05,1.219035937500000000e+05,1.180202187500000000e+05,1.156189843750000000e+05,1.136340234375000000e+05,1.120115468750000000e+05,1.106706640625000000e+05,1.095067734375000000e+05,1.084071953125000000e+05,1.083447500000000000e+05,1.086070312500000000e+05,1.084735625000000000e+05,1.078097656250000000e+05,1.064805234375000000e+05,1.043707656250000000e+05,1.052282500000000000e+05,1.074462421875000000e+05,1.077053984375000000e+05,1.058444843750000000e+05,1.019486718750000000e+05,9.578416406250000000e+04,9.136601562500000000e+04,8.413556250000000000e+04,7.879653906250000000e+04,7.663010937500000000e+04,5.483511718750000000e+04
5.415558000000000000e+06,5.440697000000000000e+06,5.510835500000000000e+06,5.617969500000000000e+06,5.754011500000000000e+06,5.910824500000000000e+06,6.080263000000000000e+06,6.254410000000000000e+06,6.509633500000000000e+06,6.790866000000000000e+06,7.059157000000000000e+06,7.308058000000000000e+06,7.534670000000000000e+06,7.737895000000000000e+06,8.175996000000000000e+06,8.679688000000000000e+06,9.130837000000000000e+06,9.533006000000000000e+06,9.889697000000000000e+06,1.020394100000000000e+07,1.047866300000000000e+07,1.071440800000000000e+07,1.090940200000000000e+07,1.106086900000000000e+07,1.116216200000000000e+07,1.120501000000000000e+07,1.126804000000000000e+07,1.137097600000000000e+07,1.140028800000000000e+07,1.133366200000000000e+07,1.114625000000000000e+07,1.081357800000000000e+07,1.031213200000000000e+07,9.606314000000000000e+06,8.647500000000000000e+06,7.431242000000000000e+06,6.042008000000000000e+06,4.507616500000000000e+06,2.681416250000000000e+06,8.945923125000000000e+05,9.692292968750000000e+04
2.457896093750000000e+04,2.467020703125000000e+04,2.491351171875000000e+04,2.525961132812500000e+04,2.574635351562500000e+04,2.625294140625000000e+04,2.670713281250000000e+04,2.710743164062500000e+04,2.757723632812500000e+04,2.787007812500000000e+04,2.797151953125000000e+04,2.822004687500000000e+04,2.830222656250000000e+04,2.817294531250000000e+04,2.786737109375000000e+04,2.764093359375000000e+04,2.752043945312500000e+04,2.727646679687500000e+04,2.695787500000000000e+04,2.660426953125000000e+04,2.625044531250000000e+04,2.592124609375000000e+04,2.563328125000000000e+04,2.631946679687500000e+04,2.712951367187500000e+04,2.798223437500000000e+04,2.889294531250000000e+04,2.986651757812500000e+04,3.090929882812500000e+04,3.204445703125000000e+04,3.329713671875000000e+04,3.462062109375000000e+04,3.647488671875000000e+04,3.927330078125000000e+04,4.315808203125000000e+04,4.819111718750000000e+04,5.231869140625000000e+04,5.531700000000000000e+04,6.773742968750000000e+04,9.854646093750000000e+04,9.222296875000000000e+04
2.186757000000000000e+06,2.190964750000000000e+06,2.202977250000000000e+06,2.252649500000000000e+06,2.319723000000000000e+06,2.401289750000000000e+06,2.495290750000000000e+06,2.599567750000000000e+06,2.711436000000000000e+06,2.827795250000000000e+06,2.945346750000000000e+06,3.060762500000000000e+06,3.172071000000000000e+06,3.278003250000000000e+06,3.377266750000000000e+06,3.469115500000000000e+06,3.553576250000000000e+06,3.652464000000000000e+06,3.775179000000000000e+06,3.893789250000000000e+06,4.008638250000000000e+06,4.120062750000000000e+06,4.228388000000000000e+06,4.333979000000000000e+06,4.436168500000000000e+06,4.533920500000000000e+06,4.625193500000000000e+06,4.706373500000000000e+06,4.772627500000000000e+06,4.814809500000000000e+06,4.821996000000000000e+06,4.782178500000000000e+06,4.682388500000000000e+06,4.496523000000000000e+06,4.182799250000000000e+06,3.726340000000000000e+06,3.167240000000000000e+06,2.490696250000000000e+06,1.544637750000000000e+06,5.316961875000000000e+05,6.673844531250000000e+04
3.431309500000000000e+06,3.415030000000000000e+06,3.369345750000000000e+06,3.299039000000000000e+06,3.214173250000000000e+06,3.114907750000000000e+06,3.005602500000000000e+06,2.890634250000000000e+06,2.774857250000000000e+06,2.663283250000000000e+06,2.560733250000000000e+06,2.471527000000000000e+06,2.396988250000000000e+06,2.337048750000000000e+06,2.291753000000000000e+06,2.265197000000000000e+06,2.261038250000000000e+06,2.268300000000000000e+06,2.285801000000000000e+06,2.312104750000000000e+06,2.345697250000000000e+06,2.385102500000000000e+06,2.428852750000000000e+06,2.481175500000000000e+06,2.562539000000000000e+06,2.643633000000000000e+06,2.721806250000000000e+06,2.793671250000000000e+06,2.854992750000000000e+06,2.899104750000000000e+06,3.002953500000000000e+06,3.168367000000000000e+06,3.282885750000000000e+06,3.319986500000000000e+06,3.238662250000000000e+06,3.012376750000000000e+06,2.765034000000000000e+06,2.411036000000000000e+06,1.716720750000000000e+06,7.186938125000000000e+05,1.072237578125000000e+05
2.202196484375000000e+04,2.205886132812500000e+04,2.215525390625000000e+04,2.228889257812500000e+04,2.243693554687500000e+04,2.264157617187500000e+04,2.284558789062500000e+04,2.299674804687500000e+04,2.309407812500000000e+04,2.315083203125000000e+04,2.318066210937500000e+04,2.319625390625000000e+04,2.322028125000000000e+04,2.339512500000000000e+04,2.355215429687500000e+04,2.369191796875000000e+04,2.381678515625000000e+04,2.392911328125000000e+04,2.402862890625000000e+04,2.411111914062500000e+04,2.441732226562500000e+04,2.475519921875000000e+04,2.504177734375000000e+04,2.526444140625000000e+04,2.540555468750000000e+04,2.544498242187500000e+04,2.535999414062500000e+04,2.562132226562500000e+04,2.648279687500000000e+04,2.705008789062500000e+04,2.725940820312500000e+04,2.705100000000000000e+04,2.637338671875000000e+04,2.515547070312500000e+04,2.358905078125000000e+04,2.213398046875000000e+04,2.022983593750000000e+04,1.777215234375000000e+04,1.407114843750000000e+04,9.064021484375000000e+03,5.266397949218750000e+03
3.560641250000000000e+06,3.557415000000000000e+06,3.547772250000000000e+06,3.531597500000000000e+06,3.508596250000000000e+06,3.478352000000000000e+06,3.440383750000000000e+06,3.394228000000000000e+06,3.341781000000000000e+06,3.296312750000000000e+06,3.242715000000000000e+06,3.181252000000000000e+06,3.112544500000000000e+06,3.037512500000000000e+06,2.970504500000000000e+06,2.915345500000000000e+06,2.854264000000000000e+06,2.788775000000000000e+06,2.720352500000000000e+06,2.650260250000000000e+06,2.615837000000000000e+06,2.582653500000000000e+06,2.545579750000000000e+06,2.505374750000000000e+06,2.462064750000000000e+06,2.415291250000000000e+06,2.406290000000000000e+06,2.467422500000000000e+06,2.509313750000000000e+06,2.528287500000000000e+06,2.519605250000000000e+06,2.477579500000000000e+06,2.396138750000000000e+06,2.266476000000000000e+06,2.151877750000000000e+06,1.988827250000000000e+06,1.762870375000000000e+06,1.460183625000000000e+06,1.030485187500000000e+06,4.977431250000000000e+05,1.215549062500000000e+05
6.915188500000000000e+06,6.907737500000000000e+06,6.885790500000000000e+06,6.849770500000000000e+06,6.799940500000000000e+06,6.736505000000000000e+06,6.659700000000000000e+06,6.569998500000000000e+06,6.469388500000000000e+06,6.360800000000000000e+06,6.275852500000000000e+06,6.330372000000000000e+06,6.380166500000000000e+06,6.423129500000000000e+06,6.457507000000000000e+06,6.481331500000000000e+06,6.492047000000000000e+06,6.487080000000000000e+06,6.463596500000000000e+06,6.418300500000000000e+06,6.347858000000000000e+06,6.249170500000000000e+06,6.119401500000000000e+06,5.955987000000000000e+06,5.859392500000000000e+06,5.735297500000000000e+06,5.573636500000000000e+06,5.371151500000000000e+06,5.125066000000000000e+06,4.833343500000000000e+06,4.494870500000000000e+06,4.110453000000000000e+06,3.682960500000000000e+06,3.215314500000000000e+06,2.710326500000000000e+06,2.179902750000000000e+06,1.653191375000000000e+06,1.149675750000000000e+06,6.543148750000000000e+05,2.274880625000000000e+05,3.378651562500000000e+04
5.010226562500000000e+05,4.974154062500000000e+05,4.873500000000000000e+05,4.719944062500000000e+05,4.578528125000000000e+05,4.416777500000000000e+05,4.238611875000000000e+05,4.051519062500000000e+05,3.863700312500000000e+05,3.683836875000000000e+05,3.520845312500000000e+05,3.383124062500000000e+05,3.272694687500000000e+05,3.188650625000000000e+05,3.130494375000000000e+05,3.096880000000000000e+05,3.085025625000000000e+05,3.092079375000000000e+05,3.115173125000000000e+05,3.151339375000000000e+05,3.213865312500000000e+05,3.323356250000000000e+05,3.445054062500000000e+05,3.577225625000000000e+05,3.718857500000000000e+05,3.869129375000000000e+05,4.027527187500000000e+05,4.194114687500000000e+05,4.368615312500000000e+05,4.548761562500000000e+05,4.731482500000000000e+05,4.914296562500000000e+05,5.094565937500000000e+05,5.248393750000000000e+05,5.320360000000000000e+05,5.270885000000000000e+05,5.110352812500000000e+05,4.723495312500000000e+05,3.627511875000000000e+05,1.840393750000000000e+05,5.339896093750000000e+04
2.246577750000000000e+06,2.252340250000000000e+06,2.268186750000000000e+06,2.290322500000000000e+06,2.314924500000000000e+06,2.338113500000000000e+06,2.356143250000000000e+06,2.373439500000000000e+06,2.383500250000000000e+06,2.383524750000000000e+06,2.374069750000000000e+06,2.374950000000000000e+06,2.367144500000000000e+06,2.351103500000000000e+06,2.328463000000000000e+06,2.325477500000000000e+06,2.319706750000000000e+06,2.310221500000000000e+06,2.299298000000000000e+06,2.288737750000000000e+06,2.298974500000000000e+06,2.326454750000000000e+06,2.355315500000000000e+06,2.386763250000000000e+06,2.421288000000000000e+06,2.459028500000000000e+06,2.499711000000000000e+06,2.617791250000000000e+06,2.795668000000000000e+06,2.972035500000000000e+06,3.141071250000000000e+06,3.295687250000000000e+06,3.427318000000000000e+06,3.509107000000000000e+06,3.539263000000000000e+06,3.548976500000000000e+06,3.467101500000000000e+06,3.195957750000000000e+06,2.305936000000000000e+06,8.515240625000000000e+05,7.769410156250000000e+04
2.772385250000000000e+06,2.774060750000000000e+06,2.777621250000000000e+06,2.780624000000000000e+06,2.780433250000000000e+06,2.774379000000000000e+06,2.759902000000000000e+06,2.744843250000000000e+06,2.744070000000000000e+06,2.728683250000000000e+06,2.697798250000000000e+06,2.651352250000000000e+06,2.591239750000000000e+06,2.520256000000000000e+06,2.441229250000000000e+06,2.366161750000000000e+06,2.352134750000000000e+06,2.327200500000000000e+06,2.295541000000000000e+06,2.260604500000000000e+06,2.225458250000000000e+06,2.192228000000000000e+06,2.162247750000000000e+06,2.136529000000000000e+06,2.115114500000000000e+06,2.097659000000000000e+06,2.083246125000000000e+06,2.070186750000000000e+06,2.056266500000000000e+06,2.059497375000000000e+06,2.081148500000000000e+06,2.095766000000000000e+06,2.096874625000000000e+06,2.071363625000000000e+06,1.997083625000000000e+06,1.858271000000000000e+06,1.658323750000000000e+06,1.376464000000000000e+06,9.170581250000000000e+05,3.453964375000000000e+05,4.556317187500000000e+04
5.155040500000000000e+06,5.125683500000000000e+06,5.043142000000000000e+06,4.915432500000000000e+06,4.750396000000000000e+06,4.555923500000000000e+06,4.340101500000000000e+06,4.111349250000000000e+06,3.879154250000000000e+06,3.653436500000000000e+06,3.443856750000000000e+06,3.259045500000000000e+06,3.101272750000000000e+06,2.987726000000000000e+06,2.994115500000000000e+06,3.014516750000000000e+06,3.048385500000000000e+06,3.094606500000000000e+06,3.151402000000000000e+06,3.216135000000000000e+06,3.285472250000000000e+06,3.355993500000000000e+06,3.424196750000000000e+06,3.486107250000000000e+06,3.537630000000000000e+06,3.630886250000000000e+06,3.724249500000000000e+06,3.800461250000000000e+06,3.852533000000000000e+06,3.871053500000000000e+06,3.845584750000000000e+06,3.766181000000000000e+06,3.623499250000000000e+06,3.400710250000000000e+06,3.072470750000000000e+06,2.636940750000000000e+06,2.138596750000000000e+06,1.583982125000000000e+06,8.828411875000000000e+05,2.145810937500000000e+05,4.271237304687500000e+03
5.979351500000000000e+06,5.969001000000000000e+06,5.938475000000000000e+06,5.888436500000000000e+06,5.819465000000000000e+06,5.738823000000000000e+06,5.656843000000000000e+06,5.558764500000000000e+06,5.446468500000000000e+06,5.323107000000000000e+06,5.192093000000000000e+06,5.057031000000000000e+06,4.921423000000000000e+06,4.788640000000000000e+06,4.661986000000000000e+06,4.544197000000000000e+06,4.437261500000000000e+06,4.370713000000000000e+06,4.327601000000000000e+06,4.297386000000000000e+06,4.280873000000000000e+06,4.278240500000000000e+06,4.289105500000000000e+06,4.312908500000000000e+06,4.348190500000000000e+06,4.393097000000000000e+06,4.445149000000000000e+06,4.666671500000000000e+06,4.926404500000000000e+06,5.181700000000000000e+06,5.418495000000000000e+06,5.620527000000000000e+06,5.769008000000000000e+06,5.814582000000000000e+06,5.679437500000000000e+06,5.530924500000000000e+06,5.220288000000000000e+06,4.615184500000000000e+06,3.086693750000000000e+06,8.944665625000000000e+05,1.781577148437500000e+04
9.202081250000000000e+05,9.191105000000000000e+05,9.158321875000000000e+05,9.103354375000000000e+05,9.085030000000000000e+05,9.064521250000000000e+05,9.025346875000000000e+05,8.963355000000000000e+05,8.877386875000000000e+05,8.768904375000000000e+05,8.641011250000000000e+05,8.498243125000000000e+05,8.455377500000000000e+05,8.644990625000000000e+05,8.793652500000000000e+05,8.907426250000000000e+05,8.992995625000000000e+05,9.056490000000000000e+05,9.102669375000000000e+05,9.134308750000000000e+05,9.153063750000000000e+05,9.158368125000000000e+05,9.147621875000000000e+05,9.117168750000000000e+05,9.084520000000000000e+05,9.145560625000000000e+05,9.179436875000000000e+05,9.175921875000000000e+05,9.123665000000000000e+05,9.008985000000000000e+05,8.817006250000000000e+05,8.531185000000000000e+05,8.134217500000000000e+05,7.608716250000000000e+05,6.937928750000000000e+05,6.110385625000000000e+05,5.130100312500000000e+05,4.017549687500000000e+05,2.781245312500000000e+05,1.498365781250000000e+05,5.244046875000000000e+04
1.511846625000000000e+06,1.515551250000000000e+06,1.526195000000000000e+06,1.543063000000000000e+06,1.565434500000000000e+06,1.594137750000000000e+06,1.629457625000000000e+06,1.668558500000000000e+06,1.711020875000000000e+06,1.756659625000000000e+06,1.805329250000000000e+06,1.863769625000000000e+06,1.924925250000000000e+06,1.988185125000000000e+06,2.053013875000000000e+06,2.128939000000000000e+06,2.211515750000000000e+06,2.294253750000000000e+06,2.376744000000000000e+06,2.466167250000000000e+06,2.577488000000000000e+06,2.686969250000000000e+06,2.794298500000000000e+06,2.899076250000000000e+06,3.025500250000000000e+06,3.180340500000000000e+06,3.329116000000000000e+06,3.469805750000000000e+06,3.599289750000000000e+06,3.716880500000000000e+06,4.056935750000000000e+06,4.357985500000000000e+06,4.602692000000000000e+06,4.748302500000000000e+06,4.713567500000000000e+06,4.518401000000000000e+06,4.321662000000000000e+06,3.870677750000000000e+06,2.615570250000000000e+06,7.451380625000000000e+05,9.021920898437500000e+03
2.312786406250000000e+05,2.312214218750000000e+05,2.310284843750000000e+05,2.306596093750000000e+05,2.300663750000000000e+05,2.299580000000000000e+05,2.306849062500000000e+05,2.311721093750000000e+05,2.313108437500000000e+05,2.310102968750000000e+05,2.302009843750000000e+05,2.288410312500000000e+05,2.269455468750000000e+05,2.245632656250000000e+05,2.223900625000000000e+05,2.275933906250000000e+05,2.317592812500000000e+05,2.350086406250000000e+05,2.374906562500000000e+05,2.393815781250000000e+05,2.408556875000000000e+05,2.420741250000000000e+05,2.431825625000000000e+05,2.443094531250000000e+05,2.455288281250000000e+05,2.468885468750000000e+05,2.483951562500000000e+05,2.507927500000000000e+05,2.570302187500000000e+05,2.636010312500000000e+05,2.700913125000000000e+05,2.760876875000000000e+05,2.811185625000000000e+05,2.830901250000000000e+05,2.775645625000000000e+05,2.622123437500000000e+05,2.403553125000000000e+05,2.068125312500000000e+05,1.326442187500000000e+05,3.676141015625000000e+04,1.769307739257812500e+03
3.708603750000000000e+06,3.707508750000000000e+06,3.704443750000000000e+06,3.714524000000000000e+06,3.719762500000000000e+06,3.714815750000000000e+06,3.694755750000000000e+06,3.655628750000000000e+06,3.596857000000000000e+06,3.559968500000000000e+06,3.524009500000000000e+06,3.467607250000000000e+06,3.394136000000000000e+06,3.307535000000000000e+06,3.211952250000000000e+06,3.181855250000000000e+06,3.209796000000000000e+06,3.218554250000000000e+06,3.214428500000000000e+06,3.202378500000000000e+06,3.186578500000000000e+06,3.169634750000000000e+06,3.152752000000000000e+06,3.136407250000000000e+06,3.119371000000000000e+06,3.099609500000000000e+06,3.074167750000000000e+06,3.088213000000000000e+06,3.102607750000000000e+06,3.102075750000000000e+06,3.078346750000000000e+06,3.022751000000000000e+06,2.926227750000000000e+06,2.773919500000000000e+06,2.544205500000000000e+06,2.229961000000000000e+06,1.855197125000000000e+06,1.419740750000000000e+06,8.534302500000000000e+05,2.714854375000000000e+05,2.490444531250000000e+04
4.327272000000000000e+06,4.345054000000000000e+06,4.394066500000000000e+06,4.467758500000000000e+06,4.559514500000000000e+06,4.662661000000000000e+06,4.770481500000000000e+06,4.881920500000000000e+06,5.001572500000000000e+06,5.120675000000000000e+06,5.241597000000000000e+06,5.366495500000000000e+06,5.506210500000000000e+06,5.675522000000000000e+06,5.845159000000000000e+06,6.014060000000000000e+06,6.182186000000000000e+06,6.395412000000000000e+06,6.635678000000000000e+06,6.873374500000000000e+06,7.108130000000000000e+06,7.339812000000000000e+06,7.654192000000000000e+06,8.017412000000000000e+06,8.375070500000000000e+06,8.726561000000000000e+06,9.071137000000000000e+06,9.407941000000000000e+06,1.029466900000000000e+07,1.121198300000000000e+07,1.209669800000000000e+07,1.292948700000000000e+07,1.369076800000000000e+07,1.427053400000000000e+07,1.473669000000000000e+07,1.507823600000000000e+07,1.512493800000000000e+07,1.436975400000000000e+07,1.030287900000000000e+07,3.227968500000000000e+06,9.029544531250000000e+04
1.069896375000000000e+06,1.076182250000000000e+06,1.093785625000000000e+06,1.120830125000000000e+06,1.155431625000000000e+06,1.195684625000000000e+06,1.244561125000000000e+06,1.296415250000000000e+06,1.348980375000000000e+06,1.406822125000000000e+06,1.472123125000000000e+06,1.535434125000000000e+06,1.595894000000000000e+06,1.677489375000000000e+06,1.753299500000000000e+06,1.822501375000000000e+06,1.885198125000000000e+06,1.977881250000000000e+06,2.063397500000000000e+06,2.140153250000000000e+06,2.208577000000000000e+06,2.268924500000000000e+06,2.321264750000000000e+06,2.474963250000000000e+06,2.620279000000000000e+06,2.750654750000000000e+06,2.864127500000000000e+06,2.957406500000000000e+06,3.026297250000000000e+06,3.064090250000000000e+06,3.063096250000000000e+06,3.015494750000000000e+06,3.001246500000000000e+06,2.932811750000000000e+06,2.781237000000000000e+06,2.530934750000000000e+06,2.194727250000000000e+06,1.760172625000000000e+06,1.134108000000000000e+06,4.189723437500000000e+05,5.624707421875000000e+04
2.304763500000000000e+06,2.300774500000000000e+06,2.288754000000000000e+06,2.268500500000000000e+06,2.239775000000000000e+06,2.256536500000000000e+06,2.266567000000000000e+06,2.265873750000000000e+06,2.254784250000000000e+06,2.235781250000000000e+06,2.211707250000000000e+06,2.185532250000000000e+06,2.159161500000000000e+06,2.133954750000000000e+06,2.111315750000000000e+06,2.092455500000000000e+06,2.078234500000000000e+06,2.069397125000000000e+06,2.066241875000000000e+06,2.068451125000000000e+06,2.086171625000000000e+06,2.126521750000000000e+06,2.173037750000000000e+06,2.224960500000000000e+06,2.280979000000000000e+06,2.339458000000000000e+06,2.398218500000000000e+06,2.454306250000000000e+06,2.503957000000000000e+06,2.541125500000000000e+06,2.558612000000000000e+06,2.548716500000000000e+06,2.503231250000000000e+06,2.406473250000000000e+06,2.233753250000000000e+06,1.976490375000000000e+06,1.660613000000000000e+06,1.280840000000000000e+06,7.488576875000000000e+05,1.999192812500000000e+05,7.572853027343750000e+03
4.176661250000000000e+06,4.191526500000000000e+06,4.233162000000000000e+06,4.297135500000000000e+06,4.378963500000000000e+06,4.474047000000000000e+06,4.589808500000000000e+06,4.712079000000000000e+06,4.833935000000000000e+06,4.950618000000000000e+06,5.057290500000000000e+06,5.177189500000000000e+06,5.283687500000000000e+06,5.367700000000000000e+06,5.426587000000000000e+06,5.458606000000000000e+06,5.488554000000000000e+06,5.512947000000000000e+06,5.504622500000000000e+06,5.463901500000000000e+06,5.391210000000000000e+06,5.286950000000000000e+06,5.151541500000000000e+06,5.047704500000000000e+06,4.914824500000000000e+06,4.744199500000000000e+06,4.536150500000000000e+06,4.291349000000000000e+06,4.011023750000000000e+06,3.745383500000000000e+06,3.599854250000000000e+06,3.380982250000000000e+06,3.092161500000000000e+06,2.738112000000000000e+06,2.323669000000000000e+06,1.894433625000000000e+06,1.513211750000000000e+06,1.116963375000000000e+06,6.734356250000000000e+05,2.283236562500000000e+05,2.001872070312500000e+04
2.939713750000000000e+05,2.938215625000000000e+05,2.933037812500000000e+05,2.922781875000000000e+05,2.905779375000000000e+05,2.880347187500000000e+05,2.845001562500000000e+05,2.816576875000000000e+05,2.788500937500000000e+05,2.748966562500000000e+05,2.699295937500000000e+05,2.641545312500000000e+05,2.597257656250000000e+05,2.570869062500000000e+05,2.537493437500000000e+05,2.500072500000000000e+05,2.461131562500000000e+05,2.422874531250000000e+05,2.386793750000000000e+05,2.387674687500000000e+05,2.444277031250000000e+05,2.495557968750000000e+05,2.542118906250000000e+05,2.583895937500000000e+05,2.619516562500000000e+05,2.646865937500000000e+05,2.663042500000000000e+05,2.664265312500000000e+05,2.646187500000000000e+05,2.603171093750000000e+05,2.545894062500000000e+05,2.504350312500000000e+05,2.429375625000000000e+05,2.309823281250000000e+05,2.128798593750000000e+05,1.880234062500000000e+05,1.583378906250000000e+05,1.236354140625000000e+05,7.686785937500000000e+04,2.593843164062500000e+04,3.580645263671875000e+03
8.103550625000000000e+05,8.072605625000000000e+05,7.984471875000000000e+05,7.845640625000000000e+05,7.662148125000000000e+05,7.470174375000000000e+05,7.247907500000000000e+05,6.999239375000000000e+05,6.730910000000000000e+05,6.451465625000000000e+05,6.170633750000000000e+05,5.959825625000000000e+05,5.756474375000000000e+05,5.561935625000000000e+05,5.380400000000000000e+05,5.214310312500000000e+05,5.101457187500000000e+05,5.036247812500000000e+05,4.973674062500000000e+05,4.912247500000000000e+05,4.849637812500000000e+05,4.783038125000000000e+05,4.709238750000000000e+05,4.624707500000000000e+05,4.709775937500000000e+05,4.766180000000000000e+05,4.786050312500000000e+05,4.766081250000000000e+05,4.702766562500000000e+05,4.593060625000000000e+05,4.434127812500000000e+05,4.222333750000000000e+05,3.954429687500000000e+05,3.728847812500000000e+05,3.494132812500000000e+05,3.214506562500000000e+05,2.853537812500000000e+05,2.411052187500000000e+05,1.987619062500000000e+05,1.582934062500000000e+05,8.975532812500000000e+04
2.935424687500000000e+05,2.925669375000000000e+05,2.896390000000000000e+05,2.847358437500000000e+05,2.778385000000000000e+05,2.689653750000000000e+05,2.581958281250000000e+05,2.457126250000000000e+05,2.320580312500000000e+05,2.179338593750000000e+05,2.039857500000000000e+05,1.907640625000000000e+05,1.792669531250000000e+05,1.697778437500000000e+05,1.612793281250000000e+05,1.538524375000000000e+05,1.474977031250000000e+05,1.422109687500000000e+05,1.379401562500000000e+05,1.345640937500000000e+05,1.319599843750000000e+05,1.299880546875000000e+05,1.329444375000000000e+05,1.365480312500000000e+05,1.401211406250000000e+05,1.434847500000000000e+05,1.464259687500000000e+05,1.487002968750000000e+05,1.500308906250000000e+05,1.500992812500000000e+05,1.485673437500000000e+05,1.453576250000000000e+05,1.439537343750000000e+05,1.403985625000000000e+05,1.339992031250000000e+05,1.241707187500000000e+05,1.106882500000000000e+05,9.314805468750000000e+04,7.007601562500000000e+04,4.232476953125000000e+04,1.887246875000000000e+04
4.943253437500000000e+05,4.938831250000000000e+05,4.924505625000000000e+05,4.898070000000000000e+05,4.856984062500000000e+05,4.798905000000000000e+05,4.736508437500000000e+05,4.654502500000000000e+05,4.556066562500000000e+05,4.447581250000000000e+05,4.335651250000000000e+05,4.251451875000000000e+05,4.172939687500000000e+05,4.094867812500000000e+05,4.016587812500000000e+05,3.946049375000000000e+05,3.907948125000000000e+05,3.860632187500000000e+05,3.802775937500000000e+05,3.732853750000000000e+05,3.653892812500000000e+05,3.616284375000000000e+05,3.554990937500000000e+05,3.469847812500000000e+05,3.361346562500000000e+05,3.230271562500000000e+05,3.077731875000000000e+05,3.066675937500000000e+05,3.013805000000000000e+05,2.917052812500000000e+05,2.779084375000000000e+05,2.602438750000000000e+05,2.390156250000000000e+05,2.150312812500000000e+05,1.971018281250000000e+05,1.774243281250000000e+05,1.544405156250000000e+05,1.283659765625000000e+05,1.040296171875000000e+05,8.140817968750000000e+04,4.713789843750000000e+04
1.819792656250000000e+05,1.825290468750000000e+05,1.839561875000000000e+05,1.859101250000000000e+05,1.880236718750000000e+05,1.899223750000000000e+05,1.912353437500000000e+05,1.916317343750000000e+05,1.910598593750000000e+05,1.896335312500000000e+05,1.874734062500000000e+05,1.846905781250000000e+05,1.813028125000000000e+05,1.772943593750000000e+05,1.726692343750000000e+05,1.674691718750000000e+05,1.617720156250000000e+05,1.571776562500000000e+05,1.533802656250000000e+05,1.492801406250000000e+05,1.448833593750000000e+05,1.402002656250000000e+05,1.352457031250000000e+05,1.300372500000000000e+05,1.245906718750000000e+05,1.189230078125000000e+05,1.130494218750000000e+05,1.069812109375000000e+05,1.007338203125000000e+05,9.433344531250000000e+04,8.780699218750000000e+04,8.114254687500000000e+04,7.431059375000000000e+04,6.739532812500000000e+04,6.060586718750000000e+04,5.387369531250000000e+04,4.663034375000000000e+04,3.907268359375000000e+04,3.321195312500000000e+04,2.907125390625000000e+04,2.056993945312500000e+04
1.250585250000000000e+06,1.246720125000000000e+06,1.235638250000000000e+06,1.218028250000000000e+06,1.194499750000000000e+06,1.165622375000000000e+06,1.131960750000000000e+06,1.094134250000000000e+06,1.053544000000000000e+06,1.013679687500000000e+06,9.728917500000000000e+05,9.324122500000000000e+05,8.929468125000000000e+05,8.558074375000000000e+05,8.255521875000000000e+05,7.968441250000000000e+05,7.697047500000000000e+05,7.441545000000000000e+05,7.252691250000000000e+05,7.100855000000000000e+05,6.944984375000000000e+05,6.781450000000000000e+05,6.605795625000000000e+05,6.502985625000000000e+05,6.394756250000000000e+05,6.244511875000000000e+05,6.048951875000000000e+05,5.805726875000000000e+05,5.566820625000000000e+05,5.542225000000000000e+05,5.406787500000000000e+05,5.160868437500000000e+05,4.808276250000000000e+05,4.354749375000000000e+05,3.807469062500000000e+05,3.307256875000000000e+05,2.776738750000000000e+05,2.191530312500000000e+05,1.529522187500000000e+05,8.238921875000000000e+04,2.990637500000000000e+04
1.040828500000000000e+06,1.041374750000000000e+06,1.042802375000000000e+06,1.044714875000000000e+06,1.046632187500000000e+06,1.048019687500000000e+06,1.050047625000000000e+06,1.051884125000000000e+06,1.051695625000000000e+06,1.049051125000000000e+06,1.043634812500000000e+06,1.039385500000000000e+06,1.032074437500000000e+06,1.021592187500000000e+06,1.008183937500000000e+06,9.998854375000000000e+05,9.888211875000000000e+05,9.753744375000000000e+05,9.601836250000000000e+05,9.525861875000000000e+05,9.460768750000000000e+05,9.383721250000000000e+05,9.301579375000000000e+05,9.220487500000000000e+05,9.274872500000000000e+05,9.359636875000000000e+05,9.444997500000000000e+05,9.535604375000000000e+05,9.633746875000000000e+05,9.738255000000000000e+05,1.045655312500000000e+06,1.115594125000000000e+06,1.183394125000000000e+06,1.241218625000000000e+06,1.268663125000000000e+06,1.259185500000000000e+06,1.284754125000000000e+06,1.259539875000000000e+06,9.564751875000000000e+05,3.494680000000000000e+05,2.522847656250000000e+04
4.953756500000000000e+06,4.937501500000000000e+06,4.890535500000000000e+06,4.815372500000000000e+06,4.714435500000000000e+06,4.590231000000000000e+06,4.451741000000000000e+06,4.315892000000000000e+06,4.167366750000000000e+06,4.013001500000000000e+06,3.859657500000000000e+06,3.713791000000000000e+06,3.578743000000000000e+06,3.456455250000000000e+06,3.371554000000000000e+06,3.324596250000000000e+06,3.289939000000000000e+06,3.268216000000000000e+06,3.259424000000000000e+06,3.262497250000000000e+06,3.276176750000000000e+06,3.361993250000000000e+06,3.550844000000000000e+06,3.739343750000000000e+06,3.924939000000000000e+06,4.104043250000000000e+06,4.271851500000000000e+06,4.422220000000000000e+06,4.547352000000000000e+06,4.635387500000000000e+06,4.756446000000000000e+06,4.879833500000000000e+06,4.943391500000000000e+06,4.909510000000000000e+06,4.715859000000000000e+06,4.327876000000000000e+06,3.783072000000000000e+06,3.045258750000000000e+06,1.867466750000000000e+06,5.353524375000000000e+05,2.328416406250000000e+04
3.287728906250000000e+04,3.280304687500000000e+04,3.258887109375000000e+04,3.224687695312500000e+04,3.178851367187500000e+04,3.122494726562500000e+04,3.056741601562500000e+04,2.982815625000000000e+04,2.954383398437500000e+04,2.942236523437500000e+04,2.927243164062500000e+04,2.910677929687500000e+04,2.893484765625000000e+04,2.876570703125000000e+04,2.861154101562500000e+04,2.848361914062500000e+04,2.838991601562500000e+04,2.833894335937500000e+04,2.833711718750000000e+04,2.838676171875000000e+04,2.848932617187500000e+04,2.878667578125000000e+04,2.952178515625000000e+04,3.035627148437500000e+04,3.128962695312500000e+04,3.232220117187500000e+04,3.345264843750000000e+04,3.467706250000000000e+04,3.599717578125000000e+04,3.744454687500000000e+04,3.905843359375000000e+04,4.079560156250000000e+04,4.254672265625000000e+04,4.447660546875000000e+04,4.718981640625000000e+04,5.056304687500000000e+04,5.239372265625000000e+04,5.265278906250000000e+04,6.046041015625000000e+04,8.021823437500000000e+04,7.098225000000000000e+04
4.111249250000000000e+06,4.103637500000000000e+06,4.080716000000000000e+06,4.042198250000000000e+06,3.987710250000000000e+06,3.935719250000000000e+06,3.868185250000000000e+06,3.784212250000000000e+06,3.685457500000000000e+06,3.575063500000000000e+06,3.456341500000000000e+06,3.332594000000000000e+06,3.206212250000000000e+06,3.079179250000000000e+06,2.977401250000000000e+06,2.885128750000000000e+06,2.793091500000000000e+06,2.702664250000000000e+06,2.614687750000000000e+06,2.529225500000000000e+06,2.446191250000000000e+06,2.364996500000000000e+06,2.284605750000000000e+06,2.262732500000000000e+06,2.259606000000000000e+06,2.244766000000000000e+06,2.216346000000000000e+06,2.172116500000000000e+06,2.109687000000000000e+06,2.026417250000000000e+06,1.919845625000000000e+06,1.788520625000000000e+06,1.639332875000000000e+06,1.506120500000000000e+06,1.343534250000000000e+06,1.150819125000000000e+06,9.375345000000000000e+05,7.068144375000000000e+05,4.386719062500000000e+05,1.678982343750000000e+05,2.846975195312500000e+04
3.411853000000000000e+06,3.414467000000000000e+06,3.421322000000000000e+06,3.430312000000000000e+06,3.438919750000000000e+06,3.449569500000000000e+06,3.465427750000000000e+06,3.474787500000000000e+06,3.476654000000000000e+06,3.494547250000000000e+06,3.513169750000000000e+06,3.524291750000000000e+06,3.532732500000000000e+06,3.581289250000000000e+06,3.623086500000000000e+06,3.660770750000000000e+06,3.696316000000000000e+06,3.731114750000000000e+06,3.799211750000000000e+06,3.879862750000000000e+06,3.956293000000000000e+06,4.028294250000000000e+06,4.094768250000000000e+06,4.154065500000000000e+06,4.203261000000000000e+06,4.238770000000000000e+06,4.256110000000000000e+06,4.422688500000000000e+06,4.568927000000000000e+06,4.670805500000000000e+06,4.713405500000000000e+06,4.681204000000000000e+06,4.559098500000000000e+06,4.324962500000000000e+06,3.952600000000000000e+06,3.588145000000000000e+06,3.111834750000000000e+06,2.502344750000000000e+06,1.615261125000000000e+06,5.743635000000000000e+05,5.717770703125000000e+04
1.562913375000000000e+06,1.567550250000000000e+06,1.580346875000000000e+06,1.599640875000000000e+06,1.623769500000000000e+06,1.651059875000000000e+06,1.705358750000000000e+06,1.783602000000000000e+06,1.860996375000000000e+06,1.937327500000000000e+06,2.012401625000000000e+06,2.086001000000000000e+06,2.157707750000000000e+06,2.226990000000000000e+06,2.293311500000000000e+06,2.356581750000000000e+06,2.417330250000000000e+06,2.476157250000000000e+06,2.533584500000000000e+06,2.589997750000000000e+06,2.645776000000000000e+06,2.701156250000000000e+06,2.783783500000000000e+06,2.880783750000000000e+06,2.983074000000000000e+06,3.090560500000000000e+06,3.202693000000000000e+06,3.318184000000000000e+06,3.434796750000000000e+06,3.546733750000000000e+06,3.646390500000000000e+06,3.724976500000000000e+06,3.772110750000000000e+06,3.760077750000000000e+06,3.637763250000000000e+06,3.377527250000000000e+06,3.010130250000000000e+06,2.490751750000000000e+06,1.573685000000000000e+06,4.817249687500000000e+05,3.247366601562500000e+04
3.396761250000000000e+06,3.396846000000000000e+06,3.395668750000000000e+06,3.390752500000000000e+06,3.379359250000000000e+06,3.358705500000000000e+06,3.330904000000000000e+06,3.303316750000000000e+06,3.261040500000000000e+06,3.205205500000000000e+06,3.137332250000000000e+06,3.061758000000000000e+06,3.008833250000000000e+06,2.944343750000000000e+06,2.869852500000000000e+06,2.787305250000000000e+06,2.699946250000000000e+06,2.652605250000000000e+06,2.596019000000000000e+06,2.532123250000000000e+06,2.462624750000000000e+06,2.388683500000000000e+06,2.310916750000000000e+06,2.305905250000000000e+06,2.319431750000000000e+06,2.314167500000000000e+06,2.290032250000000000e+06,2.246251000000000000e+06,2.181643250000000000e+06,2.094271125000000000e+06,1.982156250000000000e+06,1.846630750000000000e+06,1.736606000000000000e+06,1.598576625000000000e+06,1.424899375000000000e+06,1.214787000000000000e+06,9.820965000000000000e+05,7.303842500000000000e+05,4.304935000000000000e+05,1.348113437500000000e+05,1.180639550781250000e+04
1.509107750000000000e+06,1.511585750000000000e+06,1.518541375000000000e+06,1.531837250000000000e+06,1.553153000000000000e+06,1.577503125000000000e+06,1.603637000000000000e+06,1.630499500000000000e+06,1.663302125000000000e+06,1.710990750000000000e+06,1.756620125000000000e+06,1.799651250000000000e+06,1.839912500000000000e+06,1.898793875000000000e+06,1.963521000000000000e+06,2.021980250000000000e+06,2.074400375000000000e+06,2.120874750000000000e+06,2.161349250000000000e+06,2.195628500000000000e+06,2.239668750000000000e+06,2.339960750000000000e+06,2.429091250000000000e+06,2.506377500000000000e+06,2.570100750000000000e+06,2.618022000000000000e+06,2.647277250000000000e+06,2.654261750000000000e+06,2.635007750000000000e+06,2.584489000000000000e+06,2.497698500000000000e+06,2.383766750000000000e+06,2.281027500000000000e+06,2.133638500000000000e+06,1.928057375000000000e+06,1.661799000000000000e+06,1.356420500000000000e+06,1.014806937500000000e+06,5.842632500000000000e+05,1.563395937500000000e+05,5.148232910156250000e+03
1.595715375000000000e+06,1.605492125000000000e+06,1.632203625000000000e+06,1.671898625000000000e+06,1.720588250000000000e+06,1.774246000000000000e+06,1.833401875000000000e+06,1.892676000000000000e+06,1.947882500000000000e+06,2.000158875000000000e+06,2.055959000000000000e+06,2.121055250000000000e+06,2.184800500000000000e+06,2.245804250000000000e+06,2.302676500000000000e+06,2.376855250000000000e+06,2.448523750000000000e+06,2.512710250000000000e+06,2.568741000000000000e+06,2.615581750000000000e+06,2.669936500000000000e+06,2.736067750000000000e+06,2.786626000000000000e+06,2.819906750000000000e+06,2.833788250000000000e+06,2.826012500000000000e+06,2.794235250000000000e+06,2.860367250000000000e+06,2.910586000000000000e+06,2.912531500000000000e+06,2.860255500000000000e+06,2.749463000000000000e+06,2.578146500000000000e+06,2.343337250000000000e+06,2.109579000000000000e+06,1.833166000000000000e+06,1.511113250000000000e+06,1.145886500000000000e+06,6.902795000000000000e+05,2.186383750000000000e+05,1.609670214843750000e+04
3.403449500000000000e+06,3.395506250000000000e+06,3.372010750000000000e+06,3.333480500000000000e+06,3.280467000000000000e+06,3.213571000000000000e+06,3.133456000000000000e+06,3.040942500000000000e+06,2.937772500000000000e+06,2.838261500000000000e+06,2.733098000000000000e+06,2.623361500000000000e+06,2.510580750000000000e+06,2.396107250000000000e+06,2.281263750000000000e+06,2.167155250000000000e+06,2.054613125000000000e+06,1.944419250000000000e+06,1.837094750000000000e+06,1.732815875000000000e+06,1.631723875000000000e+06,1.533739625000000000e+06,1.438606375000000000e+06,1.368546750000000000e+06,1.319899625000000000e+06,1.267418375000000000e+06,1.210687625000000000e+06,1.149235375000000000e+06,1.082646250000000000e+06,1.010585500000000000e+06,9.328244375000000000e+05,8.492583125000000000e+05,7.600548750000000000e+05,6.820091250000000000e+05,6.060454375000000000e+05,5.249557500000000000e+05,4.370745312500000000e+05,3.435168437500000000e+05,2.493628437500000000e+05,1.556420156250000000e+05,6.732947656250000000e+04
8.846283125000000000e+05,8.859009375000000000e+05,8.894834375000000000e+05,8.949832500000000000e+05,9.019701250000000000e+05,9.099931250000000000e+05,9.185956875000000000e+05,9.293751250000000000e+05,9.469166875000000000e+05,9.638123750000000000e+05,9.794476250000000000e+05,9.933326250000000000e+05,1.005301312500000000e+06,1.026500562500000000e+06,1.050412875000000000e+06,1.071300125000000000e+06,1.089495000000000000e+06,1.105351000000000000e+06,1.119250375000000000e+06,1.131597750000000000e+06,1.164634375000000000e+06,1.218328750000000000e+06,1.268981500000000000e+06,1.317148500000000000e+06,1.362966250000000000e+06,1.406340750000000000e+06,1.446739000000000000e+06,1.483019000000000000e+06,1.513573750000000000e+06,1.535449875000000000e+06,1.545060750000000000e+06,1.551343875000000000e+06,1.567022875000000000e+06,1.560286750000000000e+06,1.516673375000000000e+06,1.424977750000000000e+06,1.284555375000000000e+06,1.081025875000000000e+06,7.561232500000000000e+05,3.408546562500000000e+05,7.501905468750000000e+04
3.683870750000000000e+06,3.658977750000000000e+06,3.589465750000000000e+06,3.483321250000000000e+06,3.348705750000000000e+06,3.193795750000000000e+06,3.026631500000000000e+06,2.855002750000000000e+06,2.686568000000000000e+06,2.528468500000000000e+06,2.387097250000000000e+06,2.301511750000000000e+06,2.240910500000000000e+06,2.199468500000000000e+06,2.176248750000000000e+06,2.170020250000000000e+06,2.178960750000000000e+06,2.201245000000000000e+06,2.235098500000000000e+06,2.278779000000000000e+06,2.330452250000000000e+06,2.388676000000000000e+06,2.452369000000000000e+06,2.520390500000000000e+06,2.591769500000000000e+06,2.665520500000000000e+06,2.740561250000000000e+06,2.815722250000000000e+06,2.912488250000000000e+06,3.041896250000000000e+06,3.171901500000000000e+06,3.297878500000000000e+06,3.414456500000000000e+06,3.495525250000000000e+06,3.484048250000000000e+06,3.346258750000000000e+06,3.116366500000000000e+06,2.717960500000000000e+06,1.763235375000000000e+06,4.924056875000000000e+05,1.483949316406250000e+04
1.281273515625000000e+05,1.284631015625000000e+05,1.295414531250000000e+05,1.313060781250000000e+05,1.335340468750000000e+05,1.360843750000000000e+05,1.388152656250000000e+05,1.415912500000000000e+05,1.443527187500000000e+05,1.470857656250000000e+05,1.498253593750000000e+05,1.536293906250000000e+05,1.573392187500000000e+05,1.609127187500000000e+05,1.643073906250000000e+05,1.674921718750000000e+05,1.704505937500000000e+05,1.731651875000000000e+05,1.762365312500000000e+05,1.804275000000000000e+05,1.842115781250000000e+05,1.875118906250000000e+05,1.902292187500000000e+05,1.922515468750000000e+05,1.934297500000000000e+05,1.935985937500000000e+05,1.931838750000000000e+05,1.998002968750000000e+05,2.043513281250000000e+05,2.063575156250000000e+05,2.053167500000000000e+05,2.007746250000000000e+05,1.923637968750000000e+05,1.796173125000000000e+05,1.647622187500000000e+05,1.489644375000000000e+05,1.293522343750000000e+05,1.055479765625000000e+05,7.377981250000000000e+04,3.641041796875000000e+04,1.186040722656250000e+04
2.062850750000000000e+06,2.068337500000000000e+06,2.082111750000000000e+06,2.099934750000000000e+06,2.117437500000000000e+06,2.130300250000000000e+06,2.134425500000000000e+06,2.127540750000000000e+06,2.114124250000000000e+06,2.091955125000000000e+06,2.064269875000000000e+06,2.033909000000000000e+06,2.001555750000000000e+06,1.969224500000000000e+06,1.943221000000000000e+06,1.913788250000000000e+06,1.880980625000000000e+06,1.844841375000000000e+06,1.805152875000000000e+06,1.773063375000000000e+06,1.741108625000000000e+06,1.702037000000000000e+06,1.655304875000000000e+06,1.600421375000000000e+06,1.540659000000000000e+06,1.493883250000000000e+06,1.434246625000000000e+06,1.361833125000000000e+06,1.276962375000000000e+06,1.180220250000000000e+06,1.114567000000000000e+06,1.057308750000000000e+06,9.747005000000000000e+05,8.688400000000000000e+05,7.418298750000000000e+05,5.997051875000000000e+05,4.811670625000000000e+05,3.584809062500000000e+05,2.201238437500000000e+05,8.146853906250000000e+04,1.258512988281250000e+04
1.040390312500000000e+05,1.037323281250000000e+05,1.028489062500000000e+05,1.014295468750000000e+05,9.950644531250000000e+04,9.711442187500000000e+04,9.429947656250000000e+04,9.126960937500000000e+04,8.815295312500000000e+04,8.490837500000000000e+04,8.169266406250000000e+04,7.866415625000000000e+04,7.628563281250000000e+04,7.428002343750000000e+04,7.254816406250000000e+04,7.111325000000000000e+04,6.996241406250000000e+04,6.951614062500000000e+04,6.948700000000000000e+04,6.958110156250000000e+04,6.975135156250000000e+04,6.994554687500000000e+04,7.010699218750000000e+04,7.068550000000000000e+04,7.163110156250000000e+04,7.231557812500000000e+04,7.267206250000000000e+04,7.263050000000000000e+04,7.212078906250000000e+04,7.158109375000000000e+04,7.431125000000000000e+04,7.604299218750000000e+04,7.653895312500000000e+04,7.571202343750000000e+04,7.368396875000000000e+04,7.133426562500000000e+04,6.946932812500000000e+04,6.556223437500000000e+04,6.440721875000000000e+04,6.816023437500000000e+04,5.242881640625000000e+04
4.241240312500000000e+05,4.241074375000000000e+05,4.236793125000000000e+05,4.222237500000000000e+05,4.191120625000000000e+05,4.154549687500000000e+05,4.093651562500000000e+05,3.999435937500000000e+05,3.876802187500000000e+05,3.735546875000000000e+05,3.584939375000000000e+05,3.433050000000000000e+05,3.306668437500000000e+05,3.186030937500000000e+05,3.069310312500000000e+05,2.958761875000000000e+05,2.856432812500000000e+05,2.764215312500000000e+05,2.683099062500000000e+05,2.644674062500000000e+05,2.617805781250000000e+05,2.598063125000000000e+05,2.584609375000000000e+05,2.576342187500000000e+05,2.571388593750000000e+05,2.567471093750000000e+05,2.641871250000000000e+05,2.758093125000000000e+05,2.860176875000000000e+05,2.941852812500000000e+05,2.995599375000000000e+05,3.012221562500000000e+05,2.981519375000000000e+05,2.902748750000000000e+05,2.859736562500000000e+05,2.750116875000000000e+05,2.548178437500000000e+05,2.231783281250000000e+05,1.790682812500000000e+05,1.214885546875000000e+05,5.696398828125000000e+04
4.628157500000000000e+06,4.620073000000000000e+06,4.596706000000000000e+06,4.559361500000000000e+06,4.509318500000000000e+06,4.447837000000000000e+06,4.376163500000000000e+06,4.298313000000000000e+06,4.219602500000000000e+06,4.136800750000000000e+06,4.052160250000000000e+06,3.967827750000000000e+06,3.885167750000000000e+06,3.805163500000000000e+06,3.728803500000000000e+06,3.656592250000000000e+06,3.588383000000000000e+06,3.524000250000000000e+06,3.470867000000000000e+06,3.435138000000000000e+06,3.399207250000000000e+06,3.361181500000000000e+06,3.318724750000000000e+06,3.269360000000000000e+06,3.210154750000000000e+06,3.143190500000000000e+06,3.101921000000000000e+06,3.037562750000000000e+06,2.946132500000000000e+06,2.823399500000000000e+06,2.665636000000000000e+06,2.518851000000000000e+06,2.443070250000000000e+06,2.290923750000000000e+06,2.053243750000000000e+06,1.734595000000000000e+06,1.390406750000000000e+06,1.068331000000000000e+06,6.498360625000000000e+05,1.926417812500000000e+05,6.184489746093750000e+03
7.932979000000000000e+06,7.918322500000000000e+06,7.875424500000000000e+06,7.805666000000000000e+06,7.710244000000000000e+06,7.590315500000000000e+06,7.447116500000000000e+06,7.346522000000000000e+06,7.342989500000000000e+06,7.325519000000000000e+06,7.295666000000000000e+06,7.255940000000000000e+06,7.208280000000000000e+06,7.154684000000000000e+06,7.097919500000000000e+06,7.040742500000000000e+06,6.985357000000000000e+06,6.934066500000000000e+06,6.888378500000000000e+06,6.848408000000000000e+06,6.813937000000000000e+06,6.897455500000000000e+06,6.996502500000000000e+06,7.101475500000000000e+06,7.206404500000000000e+06,7.304209000000000000e+06,7.386213000000000000e+06,7.441703500000000000e+06,7.458262000000000000e+06,7.418894500000000000e+06,7.305019000000000000e+06,7.098939500000000000e+06,6.784298500000000000e+06,6.332921000000000000e+06,5.704017000000000000e+06,4.896737500000000000e+06,3.983735500000000000e+06,2.976795250000000000e+06,1.740991750000000000e+06,5.448708750000000000e+05,5.244014843750000000e+04
4.991353750000000000e+05,4.973300625000000000e+05,4.920461875000000000e+05,4.834684062500000000e+05,4.717890000000000000e+05,4.602997187500000000e+05,4.534457812500000000e+05,4.435459062500000000e+05,4.310767812500000000e+05,4.169631250000000000e+05,4.021393437500000000e+05,3.874607500000000000e+05,3.732055937500000000e+05,3.593945625000000000e+05,3.460808437500000000e+05,3.332735937500000000e+05,3.208935937500000000e+05,3.088495625000000000e+05,2.970088750000000000e+05,2.851820625000000000e+05,2.747446562500000000e+05,2.667624062500000000e+05,2.582471718750000000e+05,2.490086562500000000e+05,2.389131250000000000e+05,2.278534531250000000e+05,2.157615468750000000e+05,2.026222343750000000e+05,1.884430937500000000e+05,1.732599531250000000e+05,1.571415468750000000e+05,1.402464062500000000e+05,1.228044453125000000e+05,1.049497968750000000e+05,8.671096093750000000e+04,6.857054687500000000e+04,5.177001171875000000e+04,3.661512500000000000e+04,2.138725195312500000e+04,7.962580078125000000e+03,2.390773681640625000e+03
1.513509843750000000e+05,1.513291875000000000e+05,1.512458593750000000e+05,1.510603281250000000e+05,1.507200937500000000e+05,1.501684375000000000e+05,1.493509531250000000e+05,1.482230625000000000e+05,1.467739375000000000e+05,1.459567187500000000e+05,1.454028281250000000e+05,1.445206093750000000e+05,1.433354375000000000e+05,1.418750468750000000e+05,1.406620625000000000e+05,1.409470156250000000e+05,1.407789218750000000e+05,1.401909687500000000e+05,1.392070781250000000e+05,1.378360468750000000e+05,1.360770000000000000e+05,1.346106406250000000e+05,1.374529218750000000e+05,1.392841875000000000e+05,1.401077343750000000e+05,1.399148906250000000e+05,1.386839062500000000e+05,1.363825625000000000e+05,1.329792031250000000e+05,1.284546406250000000e+05,1.227969453125000000e+05,1.160790000000000000e+05,1.112110859375000000e+05,1.054036250000000000e+05,9.880189062500000000e+04,9.120332031250000000e+04,8.164650781250000000e+04,7.018419531250000000e+04,5.976791796875000000e+04,5.056224218750000000e+04,3.305136718750000000e+04
3.817808500000000000e+06,3.806790250000000000e+06,3.774902000000000000e+06,3.723878250000000000e+06,3.655428500000000000e+06,3.571238750000000000e+06,3.472975750000000000e+06,3.362385750000000000e+06,3.242163250000000000e+06,3.115514000000000000e+06,2.985556750000000000e+06,2.855247250000000000e+06,2.726949250000000000e+06,2.602702500000000000e+06,2.489991000000000000e+06,2.384593500000000000e+06,2.287301500000000000e+06,2.199112500000000000e+06,2.120661000000000000e+06,2.052060875000000000e+06,1.999365125000000000e+06,1.961513625000000000e+06,1.932264875000000000e+06,1.911192125000000000e+06,1.897362375000000000e+06,1.897257375000000000e+06,1.916248375000000000e+06,1.937186750000000000e+06,1.957552375000000000e+06,1.972981750000000000e+06,2.018128250000000000e+06,2.051795000000000000e+06,2.059701000000000000e+06,2.027060500000000000e+06,2.100295750000000000e+06,2.089186000000000000e+06,1.958718750000000000e+06,1.705731875000000000e+06,1.280979875000000000e+06,5.518245625000000000e+05,6.545022265625000000e+04
2.965063500000000000e+06,2.966339250000000000e+06,2.969446250000000000e+06,2.973080750000000000e+06,2.975724250000000000e+06,2.980852500000000000e+06,2.984436000000000000e+06,2.982542000000000000e+06,2.974154250000000000e+06,2.958907500000000000e+06,2.942338250000000000e+06,2.924349250000000000e+06,2.898844250000000000e+06,2.865923250000000000e+06,2.830733000000000000e+06,2.804482250000000000e+06,2.769746000000000000e+06,2.727100500000000000e+06,2.677018000000000000e+06,2.643155000000000000e+06,2.605974250000000000e+06,2.557902500000000000e+06,2.498922000000000000e+06,2.428905000000000000e+06,2.375607750000000000e+06,2.319574000000000000e+06,2.245507250000000000e+06,2.153109250000000000e+06,2.042169875000000000e+06,1.912564750000000000e+06,1.880169500000000000e+06,1.807513375000000000e+06,1.693305875000000000e+06,1.538527500000000000e+06,1.344472125000000000e+06,1.135982750000000000e+06,9.452230625000000000e+05,7.335863125000000000e+05,4.884890625000000000e+05,2.221602031250000000e+05,4.877915625000000000e+04
1.708876000000000000e+06,1.709296250000000000e+06,1.710335250000000000e+06,1.711571375000000000e+06,1.712499250000000000e+06,1.712570500000000000e+06,1.711231500000000000e+06,1.707992000000000000e+06,1.711765000000000000e+06,1.714196250000000000e+06,1.715199250000000000e+06,1.715050500000000000e+06,1.713874875000000000e+06,1.722596500000000000e+06,1.738266000000000000e+06,1.752228375000000000e+06,1.764555500000000000e+06,1.775358250000000000e+06,1.798648625000000000e+06,1.836696500000000000e+06,1.870416000000000000e+06,1.899330625000000000e+06,1.922710875000000000e+06,1.939655250000000000e+06,1.992877750000000000e+06,2.096067000000000000e+06,2.180910250000000000e+06,2.244304000000000000e+06,2.282710250000000000e+06,2.291780250000000000e+06,2.266937750000000000e+06,2.203882500000000000e+06,2.142097750000000000e+06,2.066306000000000000e+06,1.939949500000000000e+06,1.755035625000000000e+06,1.512729875000000000e+06,1.210770875000000000e+06,8.249960625000000000e+05,3.893437500000000000e+05,9.731728125000000000e+04
2.097855468750000000e+05,2.085781406250000000e+05,2.050995156250000000e+05,1.995589687500000000e+05,1.921790937500000000e+05,1.834842031250000000e+05,1.739377500000000000e+05,1.633465000000000000e+05,1.522326562500000000e+05,1.411897968750000000e+05,1.307489687500000000e+05,1.213411796875000000e+05,1.130670937500000000e+05,1.062470781250000000e+05,1.008176484375000000e+05,9.626367968750000000e+04,9.247973437500000000e+04,8.936045312500000000e+04,8.679283593750000000e+04,8.465060156250000000e+04,8.280883593750000000e+04,8.208843750000000000e+04,8.155312500000000000e+04,8.098026562500000000e+04,8.031496093750000000e+04,7.950859375000000000e+04,7.851727343750000000e+04,7.730568750000000000e+04,7.858760937500000000e+04,8.084750000000000000e+04,8.263225781250000000e+04,8.382861718750000000e+04,8.424060937500000000e+04,8.401584375000000000e+04,8.380807812500000000e+04,8.708903125000000000e+04,8.876314062500000000e+04,8.829237500000000000e+04,9.855773437500000000e+04,1.287020390625000000e+05,1.139036562500000000e+05
2.698701875000000000e+05,2.702086562500000000e+05,2.711037812500000000e+05,2.723512812500000000e+05,2.737224062500000000e+05,2.750740000000000000e+05,2.768099062500000000e+05,2.779618125000000000e+05,2.782848125000000000e+05,2.775787500000000000e+05,2.764495625000000000e+05,2.743367500000000000e+05,2.707707187500000000e+05,2.657804687500000000e+05,2.606677187500000000e+05,2.548121406250000000e+05,2.475843593750000000e+05,2.391743750000000000e+05,2.298653750000000000e+05,2.220332812500000000e+05,2.131753593750000000e+05,2.035008593750000000e+05,1.931921718750000000e+05,1.824092812500000000e+05,1.724791093750000000e+05,1.635616718750000000e+05,1.540072343750000000e+05,1.439153125000000000e+05,1.333757031250000000e+05,1.224690546875000000e+05,1.144846406250000000e+05,1.093211718750000000e+05,1.024050625000000000e+05,9.392599218750000000e+04,8.416987500000000000e+04,7.326391406250000000e+04,6.461937109375000000e+04,5.535095703125000000e+04,4.688833203125000000e+04,3.925223046875000000e+04,2.567346875000000000e+04
5.598582500000000000e+06,5.595257000000000000e+06,5.583982500000000000e+06,5.562621000000000000e+06,5.528876500000000000e+06,5.480414500000000000e+06,5.414977500000000000e+06,5.330640500000000000e+06,5.227282000000000000e+06,5.105972500000000000e+06,4.977533000000000000e+06,4.865260000000000000e+06,4.736135000000000000e+06,4.592204500000000000e+06,4.435677000000000000e+06,4.268881000000000000e+06,4.094152000000000000e+06,3.913732000000000000e+06,3.729461500000000000e+06,3.542645750000000000e+06,3.354434500000000000e+06,3.165539500000000000e+06,3.014361250000000000e+06,2.913461750000000000e+06,2.800822250000000000e+06,2.676451250000000000e+06,2.540274250000000000e+06,2.392160750000000000e+06,2.232157500000000000e+06,2.060544125000000000e+06,1.877897000000000000e+06,1.685199875000000000e+06,1.485716000000000000e+06,1.321012750000000000e+06,1.149729000000000000e+06,9.715714375000000000e+05,7.863079375000000000e+05,5.974635625000000000e+05,4.110791562500000000e+05,2.320762656250000000e+05,8.679559375000000000e+04
3.287728906250000000e+04,3.280304687500000000e+04,3.258887109375000000e+04,3.224687695312500000e+04,3.178851367187500000e+04,3.122494726562500000e+04,3.056741601562500000e+04,2.982815625000000000e+04,2.954383398437500000e+04,2.942236523437500000e+04,2.927243164062500000e+04,2.910677929687500000e+04,2.893484765625000000e+04,2.876570703125000000e+04,2.861154101562500000e+04,2.848361914062500000e+04,2.838991601562500000e+04,2.833894335937500000e+04,2.833711718750000000e+04,2.838676171875000000e+04,2.848932617187500000e+04,2.878667578125000000e+04,2.952178515625000000e+04,3.035627148437500000e+04,3.128962695312500000e+04,3.232220117187500000e+04,3.345264843750000000e+04,3.467706250000000000e+04,3.599717578125000000e+04,3.744454687500000000e+04,3.905843359375000000e+04,4.079560156250000000e+04,4.254672265625000000e+04,4.447660546875000000e+04,4.718981640625000000e+04,5.056304687500000000e+04,5.239372265625000000e+04,5.265278906250000000e+04,6.046041015625000000e+04,8.021823437500000000e+04,7.098225000000000000e+04
2.845240750000000000e+06,2.846273500000000000e+06,2.848995000000000000e+06,2.852703750000000000e+06,2.856573000000000000e+06,2.859714500000000000e+06,2.861237000000000000e+06,2.860318250000000000e+06,2.856461000000000000e+06,2.879354250000000000e+06,2.904650500000000000e+06,2.925521750000000000e+06,2.941998250000000000e+06,2.954467000000000000e+06,2.963488000000000000e+06,2.969812000000000000e+06,2.974313250000000000e+06,3.085444500000000000e+06,3.198158500000000000e+06,3.303720500000000000e+06,3.403572250000000000e+06,3.498816000000000000e+06,3.590179750000000000e+06,3.678038750000000000e+06,3.761688000000000000e+06,3.839827000000000000e+06,3.910107750000000000e+06,3.968777750000000000e+06,4.010946500000000000e+06,4.091897500000000000e+06,4.169994500000000000e+06,4.216180000000000000e+06,4.216880500000000000e+06,4.146155000000000000e+06,3.961815500000000000e+06,3.638358250000000000e+06,3.193436250000000000e+06,2.598972250000000000e+06,1.691763750000000000e+06,6.275685000000000000e+05,8.520077343750000000e+04
4.551279375000000000e+05,4.551074062500000000e+05,4.550203437500000000e+05,4.548183125000000000e+05,4.544420312500000000e+05,4.538246875000000000e+05,4.545536562500000000e+05,4.556716250000000000e+05,4.565306875000000000e+05,4.570596875000000000e+05,4.571999375000000000e+05,4.569053125000000000e+05,4.561253750000000000e+05,4.548157187500000000e+05,4.547667187500000000e+05,4.582945000000000000e+05,4.609097812500000000e+05,4.625575625000000000e+05,4.631839687500000000e+05,4.627234687500000000e+05,4.611129062500000000e+05,4.582683750000000000e+05,4.721730937500000000e+05,4.862086250000000000e+05,4.970410000000000000e+05,5.044017500000000000e+05,5.079814687500000000e+05,5.074225937500000000e+05,5.023616875000000000e+05,4.924381875000000000e+05,4.773082500000000000e+05,4.670884062500000000e+05,4.543377500000000000e+05,4.358695625000000000e+05,4.115673750000000000e+05,3.801100625000000000e+05,3.375935625000000000e+05,2.840937500000000000e+05,2.298382812500000000e+05,1.752057500000000000e+05,9.585931250000000000e+04
2.342484250000000000e+06,2.330469500000000000e+06,2.295965500000000000e+06,2.241172750000000000e+06,2.172062250000000000e+06,2.087984125000000000e+06,1.990995875000000000e+06,1.884274500000000000e+06,1.772841125000000000e+06,1.662349125000000000e+06,1.557950625000000000e+06,1.466973250000000000e+06,1.390568375000000000e+06,1.323371875000000000e+06,1.264667625000000000e+06,1.213451875000000000e+06,1.168255625000000000e+06,1.129269750000000000e+06,1.101690000000000000e+06,1.074744375000000000e+06,1.047088500000000000e+06,1.017663312500000000e+06,9.856751875000000000e+05,9.520525000000000000e+05,9.277385625000000000e+05,8.975241250000000000e+05,8.612499375000000000e+05,8.189653750000000000e+05,7.708460000000000000e+05,7.244770000000000000e+05,7.080911875000000000e+05,6.784081250000000000e+05,6.357248750000000000e+05,5.813043125000000000e+05,5.173217812500000000e+05,4.545924687500000000e+05,3.963519062500000000e+05,3.294890000000000000e+05,2.665517812500000000e+05,2.073780781250000000e+05,1.137766562500000000e+05
6.539962000000000000e+06,6.536544000000000000e+06,6.523948000000000000e+06,6.503039500000000000e+06,6.493331000000000000e+06,6.466032000000000000e+06,6.414812000000000000e+06,6.334612500000000000e+06,6.226712000000000000e+06,6.096029000000000000e+06,5.947630500000000000e+06,5.786380000000000000e+06,5.674070000000000000e+06,5.566754500000000000e+06,5.447032500000000000e+06,5.317700000000000000e+06,5.182221500000000000e+06,5.044244500000000000e+06,4.906998500000000000e+06,4.923331500000000000e+06,5.008199500000000000e+06,5.077845000000000000e+06,5.136464000000000000e+06,5.187950000000000000e+06,5.235403500000000000e+06,5.281362000000000000e+06,5.328079000000000000e+06,5.377574500000000000e+06,5.505438000000000000e+06,5.711150000000000000e+06,5.934657000000000000e+06,6.176029500000000000e+06,6.438418000000000000e+06,6.681377500000000000e+06,6.795429500000000000e+06,6.722678500000000000e+06,6.562130500000000000e+06,6.109919500000000000e+06,4.247564000000000000e+06,1.325140000000000000e+06,7.141108593750000000e+04
7.009446875000000000e+04,7.013911718750000000e+04,7.023944531250000000e+04,7.034058593750000000e+04,7.046363281250000000e+04,7.053909375000000000e+04,7.044863281250000000e+04,7.013750781250000000e+04,6.961289062500000000e+04,6.891839062500000000e+04,6.809974218750000000e+04,6.737850781250000000e+04,6.660891406250000000e+04,6.578192187500000000e+04,6.491194140625000000e+04,6.401341796875000000e+04,6.321508593750000000e+04,6.265489062500000000e+04,6.206726562500000000e+04,6.144767968750000000e+04,6.078973828125000000e+04,6.008113671875000000e+04,5.987871093750000000e+04,5.959798046875000000e+04,5.916085156250000000e+04,5.854066796875000000e+04,5.770747656250000000e+04,5.744342968750000000e+04,5.711149609375000000e+04,5.637914453125000000e+04,5.522109765625000000e+04,5.357834375000000000e+04,5.491197265625000000e+04,5.586901953125000000e+04,5.597418750000000000e+04,5.503224218750000000e+04,5.275907421875000000e+04,5.134803125000000000e+04,5.375823437500000000e+04,6.369487109375000000e+04,5.477366796875000000e+04
5.926812500000000000e+06,5.920352000000000000e+06,5.899111500000000000e+06,5.859847500000000000e+06,5.799002500000000000e+06,5.713052500000000000e+06,5.598826500000000000e+06,5.454004000000000000e+06,5.288634000000000000e+06,5.126668000000000000e+06,4.936198500000000000e+06,4.720550000000000000e+06,4.484317500000000000e+06,4.232685000000000000e+06,3.970938250000000000e+06,3.704247250000000000e+06,3.467909000000000000e+06,3.237496000000000000e+06,3.007347750000000000e+06,2.780833750000000000e+06,2.560742500000000000e+06,2.348874500000000000e+06,2.146230250000000000e+06,1.953453375000000000e+06,1.770546375000000000e+06,1.646217500000000000e+06,1.537284875000000000e+06,1.424235625000000000e+06,1.307704875000000000e+06,1.188218875000000000e+06,1.066301375000000000e+06,9.425780625000000000e+05,8.179435625000000000e+05,7.011787500000000000e+05,6.021561250000000000e+05,5.027397500000000000e+05,4.026421562500000000e+05,3.031756875000000000e+05,2.053871406250000000e+05,1.109634296875000000e+05,3.926980468750000000e+04
8.346655468750000000e+04,8.339159375000000000e+04,8.316516406250000000e+04,8.278082812500000000e+04,8.222803906250000000e+04,8.149388281250000000e+04,8.056469531250000000e+04,7.942840625000000000e+04,7.808428906250000000e+04,7.654165625000000000e+04,7.488807031250000000e+04,7.389889843750000000e+04,7.270503906250000000e+04,7.132700781250000000e+04,6.979269531250000000e+04,6.813541406250000000e+04,6.639095312500000000e+04,6.459667578125000000e+04,6.300028125000000000e+04,6.369270703125000000e+04,6.413719531250000000e+04,6.438223437500000000e+04,6.447010937500000000e+04,6.443724609375000000e+04,6.430938281250000000e+04,6.410464453125000000e+04,6.382803906250000000e+04,6.346827734375000000e+04,6.301129687500000000e+04,6.269198437500000000e+04,6.351482421875000000e+04,6.435977734375000000e+04,6.507851953125000000e+04,6.574577343750000000e+04,6.679203906250000000e+04,6.799117187500000000e+04,6.731794531250000000e+04,6.459460937500000000e+04,6.725774218750000000e+04,7.824239843750000000e+04,6.400503515625000000e+04
7.834848500000000000e+06,7.836543500000000000e+06,7.841601000000000000e+06,7.849943000000000000e+06,7.861449500000000000e+06,7.875968000000000000e+06,7.893323000000000000e+06,7.913316000000000000e+06,7.935672000000000000e+06,7.960078000000000000e+06,7.986233000000000000e+06,8.013806000000000000e+06,8.042042500000000000e+06,8.069965000000000000e+06,8.096579000000000000e+06,8.120510000000000000e+06,8.139855500000000000e+06,8.152623000000000000e+06,8.156343000000000000e+06,8.157240500000000000e+06,8.340474000000000000e+06,8.505473000000000000e+06,8.645903000000000000e+06,8.754724000000000000e+06,8.823487000000000000e+06,8.842924000000000000e+06,8.802957000000000000e+06,8.692739000000000000e+06,8.501173000000000000e+06,8.215929000000000000e+06,7.825662500000000000e+06,7.323639000000000000e+06,6.827864500000000000e+06,6.281584500000000000e+06,5.594618500000000000e+06,4.766219500000000000e+06,3.848855250000000000e+06,2.857274750000000000e+06,1.687730250000000000e+06,5.367235000000000000e+05,4.390762109375000000e+04
5.952514000000000000e+06,5.916387500000000000e+06,5.813474500000000000e+06,5.651811500000000000e+06,5.439724500000000000e+06,5.186284500000000000e+06,4.901518000000000000e+06,4.596660500000000000e+06,4.286510500000000000e+06,4.011369000000000000e+06,3.758065000000000000e+06,3.537252750000000000e+06,3.351721750000000000e+06,3.200088250000000000e+06,3.081350500000000000e+06,2.993568500000000000e+06,2.933344750000000000e+06,2.919181500000000000e+06,2.937023500000000000e+06,2.971428500000000000e+06,3.019398500000000000e+06,3.078401750000000000e+06,3.146314000000000000e+06,3.220864000000000000e+06,3.300080500000000000e+06,3.431601750000000000e+06,3.674544250000000000e+06,3.921077250000000000e+06,4.167387750000000000e+06,4.405338500000000000e+06,4.624007000000000000e+06,4.810436500000000000e+06,4.949528000000000000e+06,5.075675500000000000e+06,5.195469000000000000e+06,5.154434500000000000e+06,4.950605000000000000e+06,4.456134000000000000e+06,3.152468000000000000e+06,1.145489750000000000e+06,9.459398437500000000e+04
4.754234687500000000e+05,4.733122187500000000e+05,4.673693437500000000e+05,4.581922500000000000e+05,4.463872187500000000e+05,4.325628437500000000e+05,4.173237500000000000e+05,4.012709375000000000e+05,3.850540625000000000e+05,3.693253750000000000e+05,3.546945000000000000e+05,3.433483437500000000e+05,3.374115937500000000e+05,3.329786562500000000e+05,3.299778750000000000e+05,3.282693750000000000e+05,3.276069062500000000e+05,3.277314062500000000e+05,3.283551250000000000e+05,3.291478125000000000e+05,3.297598437500000000e+05,3.298562187500000000e+05,3.291158437500000000e+05,3.272120312500000000e+05,3.238487187500000000e+05,3.187421875000000000e+05,3.116309062500000000e+05,3.022911250000000000e+05,2.905274375000000000e+05,2.812502500000000000e+05,2.700651250000000000e+05,2.562195312500000000e+05,2.395047812500000000e+05,2.196811093750000000e+05,1.964807187500000000e+05,1.699763750000000000e+05,1.409608437500000000e+05,1.100162265625000000e+05,7.630878125000000000e+04,4.204014843750000000e+04,1.732726562500000000e+04
7.415514062500000000e+04,7.409454687500000000e+04,7.389373437500000000e+04,7.352143750000000000e+04,7.294554687500000000e+04,7.213629687500000000e+04,7.106881250000000000e+04,6.973075000000000000e+04,6.817593750000000000e+04,6.734351562500000000e+04,6.693504687500000000e+04,6.653478906250000000e+04,6.618353125000000000e+04,6.589450781250000000e+04,6.568602343750000000e+04,6.558015625000000000e+04,6.560000781250000000e+04,6.576953906250000000e+04,6.610326562500000000e+04,6.660079687500000000e+04,6.726039062500000000e+04,6.807496093750000000e+04,6.903170312500000000e+04,7.011491406250000000e+04,7.130014062500000000e+04,7.322110156250000000e+04,7.596012500000000000e+04,7.892611718750000000e+04,8.207787500000000000e+04,8.534375000000000000e+04,8.862702343750000000e+04,9.174325000000000000e+04,9.442168750000000000e+04,9.634367968750000000e+04,9.715082812500000000e+04,9.616028906250000000e+04,9.199751562500000000e+04,8.377506250000000000e+04,7.228439843750000000e+04,5.674883203125000000e+04,3.293575000000000000e+04
5.385712890625000000e+04,5.351150781250000000e+04,5.253912109375000000e+04,5.112402734375000000e+04,4.930037890625000000e+04,4.715643359375000000e+04,4.478161328125000000e+04,4.226589062500000000e+04,3.970844921875000000e+04,3.721114453125000000e+04,3.487081640625000000e+04,3.277251171875000000e+04,3.103177148437500000e+04,2.969423242187500000e+04,2.860251367187500000e+04,2.775245898437500000e+04,2.712245507812500000e+04,2.669109570312500000e+04,2.643361132812500000e+04,2.631889843750000000e+04,2.664557031250000000e+04,2.704050781250000000e+04,2.747515820312500000e+04,2.791918164062500000e+04,2.834163867187500000e+04,2.870921093750000000e+04,2.898573046875000000e+04,2.942633007812500000e+04,3.083967187500000000e+04,3.199467773437500000e+04,3.280285937500000000e+04,3.316874609375000000e+04,3.299514453125000000e+04,3.214756640625000000e+04,3.044140234375000000e+04,2.905968554687500000e+04,2.705145117187500000e+04,2.414460546875000000e+04,1.939611718750000000e+04,1.261306542968750000e+04,6.931044433593750000e+03
1.868805781250000000e+05,1.866247187500000000e+05,1.858324687500000000e+05,1.844556562500000000e+05,1.824382968750000000e+05,1.797249062500000000e+05,1.762678125000000000e+05,1.720418125000000000e+05,1.671280625000000000e+05,1.616713281250000000e+05,1.558229375000000000e+05,1.500821718750000000e+05,1.442295625000000000e+05,1.383658281250000000e+05,1.326182031250000000e+05,1.270981250000000000e+05,1.218950937500000000e+05,1.173319453125000000e+05,1.135660859375000000e+05,1.102343828125000000e+05,1.073714609375000000e+05,1.049920078125000000e+05,1.030939531250000000e+05,1.022688984375000000e+05,1.023292421875000000e+05,1.027829140625000000e+05,1.036061015625000000e+05,1.047576484375000000e+05,1.071731171875000000e+05,1.109606093750000000e+05,1.147915625000000000e+05,1.184555703125000000e+05,1.216585156250000000e+05,1.334476875000000000e+05,1.448451250000000000e+05,1.528139531250000000e+05,1.548387812500000000e+05,1.554230625000000000e+05,1.508935625000000000e+05,1.308298828125000000e+05,7.685200781250000000e+04
2.284427000000000000e+06,2.278753750000000000e+06,2.262580500000000000e+06,2.239449750000000000e+06,2.214970750000000000e+06,2.184797000000000000e+06,2.149428250000000000e+06,2.109451750000000000e+06,2.065760875000000000e+06,2.019568625000000000e+06,1.972333625000000000e+06,1.925632500000000000e+06,1.904215125000000000e+06,1.885464875000000000e+06,1.866304750000000000e+06,1.846917625000000000e+06,1.827013500000000000e+06,1.806237250000000000e+06,1.784026125000000000e+06,1.816984625000000000e+06,1.860660750000000000e+06,1.892261375000000000e+06,1.910888375000000000e+06,1.915483500000000000e+06,1.905043375000000000e+06,1.878564000000000000e+06,1.835147875000000000e+06,1.774127875000000000e+06,1.694994000000000000e+06,1.603601125000000000e+06,1.522630000000000000e+06,1.423511625000000000e+06,1.306083750000000000e+06,1.169255375000000000e+06,1.010912750000000000e+06,8.340943125000000000e+05,6.514878125000000000e+05,4.680838750000000000e+05,2.681660312500000000e+05,8.485580468750000000e+04,9.505152343750000000e+03
3.922355078125000000e+04,3.937090234375000000e+04,3.977595703125000000e+04,4.045828515625000000e+04,4.123701562500000000e+04,4.200601171875000000e+04,4.273548437500000000e+04,4.362233984375000000e+04,4.423312890625000000e+04,4.454923437500000000e+04,4.529932421875000000e+04,4.565773437500000000e+04,4.564993750000000000e+04,4.567152734375000000e+04,4.596923828125000000e+04,4.588410546875000000e+04,4.550625781250000000e+04,4.491975000000000000e+04,4.419470312500000000e+04,4.437862500000000000e+04,4.528771484375000000e+04,4.596258984375000000e+04,4.646528906250000000e+04,4.684628125000000000e+04,4.713182421875000000e+04,4.733683984375000000e+04,4.746349609375000000e+04,4.749874609375000000e+04,4.742862890625000000e+04,4.725134375000000000e+04,4.813037500000000000e+04,4.909419921875000000e+04,4.999508593750000000e+04,5.091933593750000000e+04,5.227332421875000000e+04,5.391748437500000000e+04,5.413066796875000000e+04,5.277295312500000000e+04,5.664784375000000000e+04,6.907367187500000000e+04,5.839512109375000000e+04
4.294398437500000000e+05,4.291288125000000000e+05,4.281402812500000000e+05,4.263850000000000000e+05,4.237691250000000000e+05,4.201989062500000000e+05,4.155849062500000000e+05,4.098575937500000000e+05,4.030783125000000000e+05,3.953838125000000000e+05,3.869108750000000000e+05,3.777898750000000000e+05,3.681113125000000000e+05,3.579479687500000000e+05,3.473747500000000000e+05,3.364581562500000000e+05,3.252518750000000000e+05,3.159924687500000000e+05,3.115799375000000000e+05,3.065219062500000000e+05,3.007843125000000000e+05,2.943176562500000000e+05,2.870583750000000000e+05,2.789428750000000000e+05,2.698902812500000000e+05,2.598190468750000000e+05,2.486498593750000000e+05,2.363067031250000000e+05,2.227295781250000000e+05,2.078700000000000000e+05,1.917100000000000000e+05,1.786866406250000000e+05,1.645084218750000000e+05,1.489800468750000000e+05,1.319547031250000000e+05,1.134433515625000000e+05,9.383754687500000000e+04,7.343925000000000000e+04,5.167078125000000000e+04,2.949803515625000000e+04,1.311475097656250000e+04
4.421797500000000000e+06,4.412955000000000000e+06,4.386876500000000000e+06,4.344117000000000000e+06,4.285126500000000000e+06,4.210319000000000000e+06,4.120137500000000000e+06,4.015189500000000000e+06,3.897053750000000000e+06,3.767959250000000000e+06,3.631488250000000000e+06,3.501606000000000000e+06,3.366227750000000000e+06,3.226955000000000000e+06,3.085450750000000000e+06,2.943081500000000000e+06,2.800765000000000000e+06,2.659357500000000000e+06,2.526282250000000000e+06,2.405499250000000000e+06,2.283782750000000000e+06,2.161103000000000000e+06,2.037253625000000000e+06,1.912017625000000000e+06,1.785136125000000000e+06,1.665673125000000000e+06,1.557396125000000000e+06,1.442904250000000000e+06,1.322470000000000000e+06,1.196550000000000000e+06,1.065870375000000000e+06,9.592002500000000000e+05,8.754510625000000000e+05,7.729534375000000000e+05,6.536611875000000000e+05,5.225088750000000000e+05,3.981528750000000000e+05,2.913063125000000000e+05,1.743222812500000000e+05,5.811508203125000000e+04,5.553684082031250000e+03
2.670895000000000000e+06,2.669155250000000000e+06,2.664041750000000000e+06,2.655674000000000000e+06,2.644126000000000000e+06,2.631852500000000000e+06,2.616860500000000000e+06,2.599067250000000000e+06,2.578578750000000000e+06,2.555609500000000000e+06,2.530393750000000000e+06,2.503178250000000000e+06,2.474123250000000000e+06,2.443355750000000000e+06,2.411245750000000000e+06,2.383193250000000000e+06,2.353359500000000000e+06,2.321626500000000000e+06,2.287740500000000000e+06,2.251232750000000000e+06,2.211608250000000000e+06,2.177941500000000000e+06,2.141872750000000000e+06,2.099400000000000000e+06,2.049312625000000000e+06,1.990344250000000000e+06,1.936286875000000000e+06,1.876780750000000000e+06,1.801749500000000000e+06,1.709585500000000000e+06,1.609504500000000000e+06,1.514446625000000000e+06,1.393066250000000000e+06,1.244978875000000000e+06,1.115551375000000000e+06,1.002271375000000000e+06,8.370127500000000000e+05,6.331304375000000000e+05,4.196360625000000000e+05,1.748687343750000000e+05,2.665750585937500000e+04
1.515125125000000000e+06,1.516019500000000000e+06,1.518215375000000000e+06,1.526572750000000000e+06,1.538963125000000000e+06,1.551452375000000000e+06,1.562465250000000000e+06,1.570541875000000000e+06,1.574519500000000000e+06,1.579662750000000000e+06,1.600522500000000000e+06,1.612836000000000000e+06,1.616667750000000000e+06,1.612626375000000000e+06,1.601434000000000000e+06,1.583956125000000000e+06,1.624602125000000000e+06,1.655491500000000000e+06,1.673712000000000000e+06,1.680848125000000000e+06,1.678297875000000000e+06,1.666972250000000000e+06,1.647339875000000000e+06,1.619644375000000000e+06,1.583627125000000000e+06,1.538829000000000000e+06,1.484646875000000000e+06,1.420360375000000000e+06,1.354644875000000000e+06,1.293968000000000000e+06,1.221441375000000000e+06,1.136161875000000000e+06,1.037703000000000000e+06,9.246849375000000000e+05,7.946968125000000000e+05,6.501140000000000000e+05,5.023315937500000000e+05,3.553291250000000000e+05,1.937791562500000000e+05,4.964276953125000000e+04,2.173509277343750000e+03
2.683590500000000000e+06,2.692200750000000000e+06,2.716966750000000000e+06,2.756306000000000000e+06,2.808648750000000000e+06,2.872427250000000000e+06,2.946070250000000000e+06,3.027952000000000000e+06,3.135469500000000000e+06,3.249354000000000000e+06,3.364860000000000000e+06,3.478973000000000000e+06,3.605219750000000000e+06,3.753190750000000000e+06,3.891110500000000000e+06,4.016547250000000000e+06,4.127616000000000000e+06,4.242953500000000000e+06,4.386901500000000000e+06,4.506259500000000000e+06,4.599427500000000000e+06,4.664760500000000000e+06,4.700575500000000000e+06,4.705124000000000000e+06,4.693753500000000000e+06,4.830301000000000000e+06,4.912991500000000000e+06,4.936753500000000000e+06,4.896244000000000000e+06,4.784871000000000000e+06,4.596467500000000000e+06,4.327774000000000000e+06,3.979032500000000000e+06,3.589483500000000000e+06,3.188669000000000000e+06,2.700945500000000000e+06,2.163783500000000000e+06,1.585401500000000000e+06,8.865263750000000000e+05,2.138655937500000000e+05,1.794965209960937500e+03
4.459947500000000000e+06,4.442309000000000000e+06,4.389848500000000000e+06,4.302238000000000000e+06,4.179152750000000000e+06,4.021590750000000000e+06,3.860655250000000000e+06,3.669697750000000000e+06,3.460010750000000000e+06,3.246279000000000000e+06,3.060004000000000000e+06,2.909491000000000000e+06,2.778045000000000000e+06,2.665831250000000000e+06,2.573041250000000000e+06,2.516919750000000000e+06,2.496664250000000000e+06,2.485312750000000000e+06,2.480978750000000000e+06,2.480824500000000000e+06,2.481467750000000000e+06,2.479698500000000000e+06,2.509435750000000000e+06,2.598874500000000000e+06,2.669948250000000000e+06,2.719268250000000000e+06,2.743157000000000000e+06,2.737908750000000000e+06,2.699765250000000000e+06,2.624739500000000000e+06,2.509348750000000000e+06,2.356533250000000000e+06,2.226335250000000000e+06,2.053128250000000000e+06,1.827157250000000000e+06,1.549046000000000000e+06,1.240960375000000000e+06,9.095919375000000000e+05,5.154230625000000000e+05,1.392250468750000000e+05,5.671007324218750000e+03
4.628858000000000000e+06,4.630513500000000000e+06,4.636182000000000000e+06,4.646722500000000000e+06,4.662834000000000000e+06,4.685169500000000000e+06,4.714438500000000000e+06,4.751449500000000000e+06,4.796742500000000000e+06,4.852519500000000000e+06,4.946536500000000000e+06,5.051638500000000000e+06,5.167094000000000000e+06,5.291402500000000000e+06,5.424986000000000000e+06,5.625300000000000000e+06,5.828411000000000000e+06,6.032068500000000000e+06,6.234016500000000000e+06,6.432080000000000000e+06,6.722398500000000000e+06,7.016496500000000000e+06,7.295670500000000000e+06,7.556384000000000000e+06,7.793774500000000000e+06,8.002107000000000000e+06,8.462355000000000000e+06,9.028034000000000000e+06,9.523010000000000000e+06,9.920195000000000000e+06,1.018702700000000000e+07,1.028869200000000000e+07,1.018994900000000000e+07,9.917838000000000000e+06,9.591371000000000000e+06,8.892587000000000000e+06,7.865759500000000000e+06,6.416365500000000000e+06,4.014756000000000000e+06,1.132980625000000000e+06,2.313602734375000000e+04
2.177279062500000000e+05,2.173456875000000000e+05,2.162428125000000000e+05,2.144772500000000000e+05,2.120999218750000000e+05,2.091586406250000000e+05,2.057015468750000000e+05,2.017829531250000000e+05,1.974953750000000000e+05,1.929586406250000000e+05,1.883015000000000000e+05,1.836545156250000000e+05,1.790997343750000000e+05,1.746960000000000000e+05,1.714059375000000000e+05,1.724094843750000000e+05,1.732938125000000000e+05,1.740745312500000000e+05,1.747503125000000000e+05,1.752901562500000000e+05,1.756509375000000000e+05,1.757686250000000000e+05,1.755581718750000000e+05,1.749224687500000000e+05,1.737490000000000000e+05,1.719152500000000000e+05,1.692906875000000000e+05,1.657395156250000000e+05,1.621571250000000000e+05,1.596413750000000000e+05,1.560893593750000000e+05,1.512892656250000000e+05,1.449969531250000000e+05,1.370695781250000000e+05,1.275046015625000000e+05,1.160351171875000000e+05,1.018796718750000000e+05,8.519125781250000000e+04,6.820220312500000000e+04,5.101354296875000000e+04,2.936753320312500000e+04
5.764031000000000000e+06,5.746732500000000000e+06,5.695807000000000000e+06,5.611687500000000000e+06,5.494435500000000000e+06,5.344770500000000000e+06,5.164782000000000000e+06,4.958643500000000000e+06,4.773956000000000000e+06,4.591868000000000000e+06,4.409525500000000000e+06,4.238179500000000000e+06,4.081200500000000000e+06,3.990601000000000000e+06,3.925845750000000000e+06,3.863993750000000000e+06,3.803857250000000000e+06,3.743549500000000000e+06,3.680597750000000000e+06,3.770743750000000000e+06,3.858158750000000000e+06,3.910910000000000000e+06,3.927953500000000000e+06,3.907957250000000000e+06,3.850398250000000000e+06,3.755110750000000000e+06,3.622431500000000000e+06,3.453513750000000000e+06,3.288911500000000000e+06,3.129892500000000000e+06,2.938331250000000000e+06,2.714177000000000000e+06,2.458454000000000000e+06,2.171801000000000000e+06,1.854340375000000000e+06,1.512442125000000000e+06,1.164893250000000000e+06,8.239521250000000000e+05,4.764943437500000000e+05,1.664150156250000000e+05,2.429375195312500000e+04
4.036564375000000000e+05,4.022739687500000000e+05,3.983185312500000000e+05,3.920767187500000000e+05,3.838341875000000000e+05,3.738769687500000000e+05,3.624926875000000000e+05,3.499837812500000000e+05,3.367853750000000000e+05,3.236049687500000000e+05,3.110372187500000000e+05,2.991744687500000000e+05,2.882646562500000000e+05,2.784663125000000000e+05,2.699387500000000000e+05,2.627670312500000000e+05,2.569390937500000000e+05,2.527245781250000000e+05,2.507221093750000000e+05,2.498460937500000000e+05,2.499784843750000000e+05,2.509622031250000000e+05,2.525989375000000000e+05,2.550926093750000000e+05,2.599750468750000000e+05,2.646897187500000000e+05,2.688554687500000000e+05,2.720163750000000000e+05,2.741027187500000000e+05,2.791634062500000000e+05,2.808886562500000000e+05,2.783680937500000000e+05,2.707573750000000000e+05,2.711586562500000000e+05,2.684242812500000000e+05,2.505872968750000000e+05,2.197732968750000000e+05,1.837284687500000000e+05,1.273313984375000000e+05,4.724717187500000000e+04,4.679184082031250000e+03
5.306090000000000000e+05,5.300596875000000000e+05,5.284240000000000000e+05,5.257033750000000000e+05,5.218832500000000000e+05,5.169408437500000000e+05,5.108530000000000000e+05,5.036111250000000000e+05,4.953072500000000000e+05,4.861019062500000000e+05,4.761732187500000000e+05,4.734525937500000000e+05,4.767389375000000000e+05,4.790292187500000000e+05,4.803090625000000000e+05,4.805925312500000000e+05,4.798976875000000000e+05,4.782614062500000000e+05,4.757005312500000000e+05,4.721816250000000000e+05,4.676617812500000000e+05,4.620505312500000000e+05,4.552090312500000000e+05,4.478356875000000000e+05,4.463396875000000000e+05,4.433979687500000000e+05,4.385771875000000000e+05,4.314043437500000000e+05,4.213824375000000000e+05,4.079538437500000000e+05,3.905691562500000000e+05,3.687950312500000000e+05,3.423294687500000000e+05,3.107160625000000000e+05,2.733367812500000000e+05,2.306854531250000000e+05,1.853625312500000000e+05,1.385846093750000000e+05,8.708592187500000000e+04,3.711700781250000000e+04,1.027099511718750000e+04
2.946611500000000000e+06,2.951918750000000000e+06,2.966241000000000000e+06,2.987062750000000000e+06,3.011738750000000000e+06,3.037530500000000000e+06,3.061648250000000000e+06,3.081371250000000000e+06,3.094783750000000000e+06,3.112241250000000000e+06,3.136218000000000000e+06,3.148850250000000000e+06,3.148990500000000000e+06,3.135864750000000000e+06,3.108917750000000000e+06,3.068104750000000000e+06,3.051958000000000000e+06,3.021074500000000000e+06,2.973472750000000000e+06,2.910154500000000000e+06,2.832166500000000000e+06,2.740529750000000000e+06,2.636228750000000000e+06,2.520225000000000000e+06,2.472164250000000000e+06,2.422926500000000000e+06,2.350711000000000000e+06,2.256100500000000000e+06,2.139818000000000000e+06,2.002667250000000000e+06,1.845766125000000000e+06,1.670850750000000000e+06,1.480484125000000000e+06,1.315800875000000000e+06,1.145093250000000000e+06,9.620820000000000000e+05,7.706551250000000000e+05,5.749176875000000000e+05,3.716850312500000000e+05,1.733741093750000000e+05,4.628643750000000000e+04
6.712276000000000000e+06,6.718325500000000000e+06,6.733709500000000000e+06,6.753942000000000000e+06,6.774303000000000000e+06,6.790087000000000000e+06,6.796807500000000000e+06,6.790794500000000000e+06,6.773310000000000000e+06,6.748554000000000000e+06,6.808243000000000000e+06,7.015682000000000000e+06,7.224369000000000000e+06,7.431678000000000000e+06,7.635471000000000000e+06,7.834492500000000000e+06,8.028216500000000000e+06,8.216073000000000000e+06,8.396617000000000000e+06,8.566991000000000000e+06,8.723819000000000000e+06,8.874043000000000000e+06,9.170130000000000000e+06,9.456795000000000000e+06,9.723366000000000000e+06,9.957573000000000000e+06,1.014517500000000000e+07,1.026972000000000000e+07,1.031292800000000000e+07,1.025178600000000000e+07,1.006224300000000000e+07,9.723054000000000000e+06,9.216640000000000000e+06,8.514020000000000000e+06,7.574727500000000000e+06,6.410437000000000000e+06,5.125244500000000000e+06,3.752224250000000000e+06,2.152585250000000000e+06,6.619780000000000000e+05,6.087629687500000000e+04
1.919422625000000000e+06,1.916167875000000000e+06,1.905960000000000000e+06,1.888008250000000000e+06,1.861577000000000000e+06,1.842149250000000000e+06,1.812836750000000000e+06,1.772390125000000000e+06,1.721881000000000000e+06,1.663713125000000000e+06,1.600384125000000000e+06,1.534330750000000000e+06,1.467303375000000000e+06,1.400731125000000000e+06,1.343879750000000000e+06,1.326236375000000000e+06,1.306487875000000000e+06,1.286537125000000000e+06,1.267932750000000000e+06,1.251732125000000000e+06,1.238841375000000000e+06,1.229872125000000000e+06,1.225170375000000000e+06,1.224966000000000000e+06,1.229203875000000000e+06,1.237697250000000000e+06,1.250196375000000000e+06,1.278388625000000000e+06,1.326364125000000000e+06,1.381475875000000000e+06,1.442612250000000000e+06,1.509241500000000000e+06,1.581022375000000000e+06,1.648128750000000000e+06,1.685773375000000000e+06,1.677730125000000000e+06,1.636637125000000000e+06,1.514196500000000000e+06,1.076475000000000000e+06,3.756756875000000000e+05,3.288894140625000000e+04
7.213628125000000000e+05,7.201760625000000000e+05,7.166843125000000000e+05,7.109901875000000000e+05,7.070051875000000000e+05,7.025523125000000000e+05,6.968416875000000000e+05,6.897906250000000000e+05,6.815146250000000000e+05,6.722491875000000000e+05,6.622386250000000000e+05,6.517283750000000000e+05,6.409148750000000000e+05,6.299760000000000000e+05,6.191008125000000000e+05,6.084541250000000000e+05,5.981616875000000000e+05,5.883515000000000000e+05,5.790956875000000000e+05,5.703805000000000000e+05,5.621830000000000000e+05,5.543962500000000000e+05,5.468350000000000000e+05,5.392862500000000000e+05,5.314123125000000000e+05,5.228260312500000000e+05,5.130664375000000000e+05,5.042733437500000000e+05,4.993724375000000000e+05,4.922139062500000000e+05,4.818749687500000000e+05,4.673585625000000000e+05,4.476125000000000000e+05,4.212200000000000000e+05,3.863568437500000000e+05,3.421439687500000000e+05,2.898401250000000000e+05,2.295977656250000000e+05,1.568033437500000000e+05,7.819341406250000000e+04,2.546082226562500000e+04
5.142728500000000000e+06,5.120713500000000000e+06,5.057115500000000000e+06,4.955122000000000000e+06,4.817758000000000000e+06,4.648392500000000000e+06,4.480536500000000000e+06,4.313514000000000000e+06,4.125396000000000000e+06,3.924491250000000000e+06,3.720047750000000000e+06,3.521368000000000000e+06,3.333754250000000000e+06,3.191853250000000000e+06,3.162483000000000000e+06,3.128255750000000000e+06,3.092990750000000000e+06,3.059340250000000000e+06,3.028463250000000000e+06,2.999814000000000000e+06,2.972008750000000000e+06,2.943022750000000000e+06,2.910323500000000000e+06,2.871034500000000000e+06,2.822247500000000000e+06,2.764539750000000000e+06,2.736033750000000000e+06,2.692652250000000000e+06,2.631031250000000000e+06,2.547702250000000000e+06,2.439245000000000000e+06,2.302767000000000000e+06,2.136037250000000000e+06,1.936495875000000000e+06,1.701310750000000000e+06,1.432679125000000000e+06,1.143138375000000000e+06,8.419406250000000000e+05,5.195472187500000000e+05,2.127700000000000000e+05,4.510032812500000000e+04
2.670883000000000000e+06,2.669962750000000000e+06,2.666882000000000000e+06,2.661024000000000000e+06,2.651655250000000000e+06,2.638001250000000000e+06,2.620249750000000000e+06,2.602041250000000000e+06,2.578696750000000000e+06,2.551212000000000000e+06,2.520727500000000000e+06,2.488475750000000000e+06,2.455402750000000000e+06,2.433037500000000000e+06,2.413926000000000000e+06,2.395742250000000000e+06,2.379241750000000000e+06,2.365199500000000000e+06,2.355072500000000000e+06,2.369604000000000000e+06,2.386029000000000000e+06,2.404197250000000000e+06,2.423546000000000000e+06,2.443273000000000000e+06,2.467037000000000000e+06,2.522981250000000000e+06,2.571983250000000000e+06,2.610485500000000000e+06,2.634130250000000000e+06,2.636487500000000000e+06,2.663476250000000000e+06,2.772673250000000000e+06,2.822656500000000000e+06,2.792542750000000000e+06,2.652002500000000000e+06,2.386876500000000000e+06,2.133739000000000000e+06,1.785773875000000000e+06,1.190387125000000000e+06,4.117632500000000000e+05,2.807915039062500000e+04
1.715914625000000000e+06,1.719378875000000000e+06,1.728371500000000000e+06,1.740682750000000000e+06,1.754013875000000000e+06,1.766679125000000000e+06,1.779794250000000000e+06,1.787236750000000000e+06,1.788864000000000000e+06,1.785773875000000000e+06,1.779104375000000000e+06,1.771678875000000000e+06,1.765966625000000000e+06,1.758130750000000000e+06,1.748438750000000000e+06,1.737373750000000000e+06,1.726658250000000000e+06,1.725592750000000000e+06,1.724519750000000000e+06,1.723967250000000000e+06,1.724460625000000000e+06,1.726420500000000000e+06,1.748174000000000000e+06,1.772030000000000000e+06,1.797177875000000000e+06,1.823520125000000000e+06,1.850672250000000000e+06,1.909735250000000000e+06,1.971733625000000000e+06,2.028481500000000000e+06,2.075626875000000000e+06,2.108321250000000000e+06,2.278158000000000000e+06,2.416698500000000000e+06,2.472085500000000000e+06,2.412712750000000000e+06,2.274886000000000000e+06,2.108067250000000000e+06,1.547433625000000000e+06,5.878579375000000000e+05,5.092287890625000000e+04
3.277780750000000000e+06,3.274281750000000000e+06,3.262483250000000000e+06,3.240241500000000000e+06,3.205346000000000000e+06,3.155737250000000000e+06,3.089694500000000000e+06,3.006262500000000000e+06,2.907861500000000000e+06,2.798719500000000000e+06,2.682944000000000000e+06,2.564259750000000000e+06,2.453199750000000000e+06,2.354255250000000000e+06,2.254824000000000000e+06,2.155968250000000000e+06,2.058415500000000000e+06,1.962807875000000000e+06,1.869360250000000000e+06,1.777730500000000000e+06,1.687539000000000000e+06,1.598253750000000000e+06,1.509226000000000000e+06,1.461245750000000000e+06,1.417797250000000000e+06,1.365814000000000000e+06,1.304811375000000000e+06,1.234474125000000000e+06,1.154648000000000000e+06,1.065399000000000000e+06,9.671006875000000000e+05,8.609020625000000000e+05,7.531713750000000000e+05,6.576995000000000000e+05,5.551532500000000000e+05,4.472482187500000000e+05,3.410226250000000000e+05,2.389393750000000000e+05,1.312206875000000000e+05,3.584091015625000000e+04,2.349076904296875000e+03
3.049737250000000000e+06,3.062486000000000000e+06,3.098624250000000000e+06,3.154991000000000000e+06,3.231830750000000000e+06,3.329743750000000000e+06,3.439390500000000000e+06,3.556812750000000000e+06,3.679579750000000000e+06,3.816313750000000000e+06,3.945716500000000000e+06,4.062314250000000000e+06,4.182085000000000000e+06,4.297013000000000000e+06,4.387235000000000000e+06,4.450858500000000000e+06,4.507686000000000000e+06,4.564820500000000000e+06,4.588467500000000000e+06,4.579641500000000000e+06,4.539490500000000000e+06,4.469150500000000000e+06,4.409378500000000000e+06,4.339078000000000000e+06,4.234178500000000000e+06,4.095551000000000000e+06,3.923979500000000000e+06,3.720226750000000000e+06,3.485307000000000000e+06,3.328851250000000000e+06,3.189809250000000000e+06,2.989239500000000000e+06,2.729755250000000000e+06,2.413782500000000000e+06,2.042817500000000000e+06,1.649607500000000000e+06,1.303942000000000000e+06,9.485452500000000000e+05,5.422909375000000000e+05,1.489973125000000000e+05,4.520059082031250000e+03
1.894979062500000000e+05,1.897160625000000000e+05,1.903617812500000000e+05,1.914202968750000000e+05,1.929378750000000000e+05,1.950897031250000000e+05,1.976584687500000000e+05,2.006234531250000000e+05,2.039676250000000000e+05,2.076780156250000000e+05,2.117456875000000000e+05,2.161633593750000000e+05,2.219150781250000000e+05,2.282441875000000000e+05,2.348443593750000000e+05,2.416694062500000000e+05,2.486719531250000000e+05,2.569096718750000000e+05,2.668771562500000000e+05,2.768690000000000000e+05,2.868262500000000000e+05,2.966893750000000000e+05,3.064158437500000000e+05,3.213204687500000000e+05,3.358572500000000000e+05,3.498860312500000000e+05,3.632083125000000000e+05,3.755440000000000000e+05,3.886625937500000000e+05,4.216837500000000000e+05,4.518202500000000000e+05,4.775329687500000000e+05,4.969044375000000000e+05,5.067461875000000000e+05,5.020954687500000000e+05,4.955181250000000000e+05,4.787716562500000000e+05,4.373817187500000000e+05,3.471182187500000000e+05,2.023977031250000000e+05,7.146598437500000000e+04
4.718385500000000000e+06,4.704480500000000000e+06,4.665320500000000000e+06,4.604197000000000000e+06,4.524068500000000000e+06,4.427977000000000000e+06,4.319356500000000000e+06,4.222260000000000000e+06,4.126279250000000000e+06,4.031288750000000000e+06,3.943641750000000000e+06,3.869779000000000000e+06,3.845204500000000000e+06,3.842093500000000000e+06,3.850123750000000000e+06,3.868752000000000000e+06,3.896201250000000000e+06,3.958290000000000000e+06,4.056056500000000000e+06,4.150483000000000000e+06,4.238516000000000000e+06,4.316941500000000000e+06,4.382446500000000000e+06,4.431313500000000000e+06,4.525533000000000000e+06,4.731167500000000000e+06,4.898038000000000000e+06,5.018405000000000000e+06,5.083590000000000000e+06,5.082914500000000000e+06,5.005268000000000000e+06,4.840750000000000000e+06,4.581770500000000000e+06,4.354047000000000000e+06,4.034254000000000000e+06,3.591260500000000000e+06,3.039173250000000000e+06,2.375115750000000000e+06,1.522475375000000000e+06,5.849892500000000000e+05,8.132086718750000000e+04
2.226364000000000000e+06,2.229401500000000000e+06,2.237674500000000000e+06,2.249805000000000000e+06,2.264303750000000000e+06,2.279625500000000000e+06,2.294220500000000000e+06,2.306594250000000000e+06,2.315487500000000000e+06,2.319882750000000000e+06,2.337885250000000000e+06,2.360817000000000000e+06,2.375579750000000000e+06,2.382735500000000000e+06,2.382984750000000000e+06,2.377380750000000000e+06,2.367336000000000000e+06,2.354263500000000000e+06,2.339509750000000000e+06,2.390814000000000000e+06,2.445889000000000000e+06,2.498833000000000000e+06,2.551436250000000000e+06,2.605291250000000000e+06,2.661194750000000000e+06,2.719592000000000000e+06,2.780348250000000000e+06,2.842513750000000000e+06,2.904262000000000000e+06,2.960569250000000000e+06,3.004981500000000000e+06,3.069750500000000000e+06,3.158863250000000000e+06,3.216379000000000000e+06,3.194572500000000000e+06,3.061742500000000000e+06,2.836948750000000000e+06,2.456017000000000000e+06,1.610423500000000000e+06,4.717973750000000000e+05,1.586297167968750000e+04
1.139085390625000000e+05,1.139164375000000000e+05,1.139233046875000000e+05,1.138991562500000000e+05,1.138091796875000000e+05,1.136154921875000000e+05,1.132788828125000000e+05,1.127615703125000000e+05,1.120400703125000000e+05,1.111030156250000000e+05,1.099454609375000000e+05,1.085692265625000000e+05,1.069801640625000000e+05,1.078076015625000000e+05,1.093904140625000000e+05,1.105058203125000000e+05,1.111550390625000000e+05,1.113459453125000000e+05,1.110942578125000000e+05,1.104215546875000000e+05,1.093497812500000000e+05,1.079002265625000000e+05,1.060921250000000000e+05,1.039424765625000000e+05,1.014656406250000000e+05,9.886746875000000000e+04,9.747912500000000000e+04,9.585602343750000000e+04,9.398371093750000000e+04,9.186873437500000000e+04,8.951832812500000000e+04,8.686028906250000000e+04,8.376904687500000000e+04,8.034153125000000000e+04,7.697677343750000000e+04,7.346533593750000000e+04,6.820942187500000000e+04,6.131538281250000000e+04,5.835933593750000000e+04,6.053318359375000000e+04,4.617187500000000000e+04
2.932737500000000000e+06,2.926793250000000000e+06,2.908866750000000000e+06,2.878695750000000000e+06,2.836012500000000000e+06,2.780712000000000000e+06,2.712974500000000000e+06,2.633566750000000000e+06,2.545877500000000000e+06,2.454600750000000000e+06,2.364187750000000000e+06,2.328522000000000000e+06,2.300044750000000000e+06,2.275754500000000000e+06,2.256092500000000000e+06,2.241326000000000000e+06,2.231292500000000000e+06,2.225760000000000000e+06,2.223962250000000000e+06,2.224331750000000000e+06,2.225129250000000000e+06,2.224375250000000000e+06,2.219847000000000000e+06,2.209185750000000000e+06,2.189909250000000000e+06,2.159473250000000000e+06,2.152172750000000000e+06,2.134409250000000000e+06,2.100472500000000000e+06,2.046721250000000000e+06,1.969516625000000000e+06,1.866093500000000000e+06,1.734591375000000000e+06,1.571798000000000000e+06,1.373168500000000000e+06,1.142359625000000000e+06,8.979132500000000000e+05,6.472778750000000000e+05,3.688848750000000000e+05,1.143181406250000000e+05,1.198133398437500000e+04
1.511099125000000000e+06,1.497113375000000000e+06,1.458026000000000000e+06,1.398416625000000000e+06,1.323044750000000000e+06,1.236649500000000000e+06,1.143783375000000000e+06,1.048699125000000000e+06,9.554250000000000000e+05,8.675566875000000000e+05,7.881006250000000000e+05,7.193104375000000000e+05,6.697993750000000000e+05,6.312021875000000000e+05,6.012453125000000000e+05,5.793510000000000000e+05,5.645844375000000000e+05,5.561116875000000000e+05,5.531406875000000000e+05,5.548529375000000000e+05,5.604509375000000000e+05,5.692901875000000000e+05,5.808492500000000000e+05,5.946073125000000000e+05,6.101871250000000000e+05,6.272388750000000000e+05,6.454771250000000000e+05,6.647332500000000000e+05,6.847224375000000000e+05,7.107727500000000000e+05,7.462136875000000000e+05,7.839845000000000000e+05,8.243449375000000000e+05,8.622052500000000000e+05,8.839179375000000000e+05,8.814240625000000000e+05,8.648049375000000000e+05,8.079314375000000000e+05,5.723247500000000000e+05,1.911918437500000000e+05,1.502783007812500000e+04
6.013141000000000000e+06,6.001211000000000000e+06,5.964563500000000000e+06,5.901682500000000000e+06,5.810994000000000000e+06,5.691140500000000000e+06,5.562274500000000000e+06,5.409945500000000000e+06,5.229837000000000000e+06,5.028541000000000000e+06,4.812626500000000000e+06,4.588270000000000000e+06,4.359663000000000000e+06,4.130107000000000000e+06,3.902921250000000000e+06,3.684812500000000000e+06,3.507594250000000000e+06,3.333895500000000000e+06,3.165267250000000000e+06,3.002187500000000000e+06,2.844965000000000000e+06,2.693319750000000000e+06,2.546466750000000000e+06,2.403521500000000000e+06,2.286723250000000000e+06,2.237217750000000000e+06,2.174771750000000000e+06,2.098319750000000000e+06,2.006738250000000000e+06,1.898980125000000000e+06,1.774174125000000000e+06,1.631920000000000000e+06,1.472572625000000000e+06,1.330688875000000000e+06,1.187233625000000000e+06,1.027392250000000000e+06,8.504441875000000000e+05,6.590065000000000000e+05,4.564949062500000000e+05,2.500091406250000000e+05,8.589575000000000000e+04
6.864935000000000000e+06,6.811994000000000000e+06,6.663616500000000000e+06,6.436079500000000000e+06,6.146112500000000000e+06,5.810498500000000000e+06,5.445710500000000000e+06,5.097868000000000000e+06,4.810987000000000000e+06,4.532415500000000000e+06,4.276158000000000000e+06,4.054683500000000000e+06,3.871122500000000000e+06,3.724466000000000000e+06,3.614282250000000000e+06,3.538927500000000000e+06,3.494791000000000000e+06,3.478346000000000000e+06,3.485926750000000000e+06,3.513445000000000000e+06,3.556615750000000000e+06,3.611662750000000000e+06,3.675215750000000000e+06,3.743685000000000000e+06,3.867510750000000000e+06,4.006146500000000000e+06,4.148397750000000000e+06,4.290025500000000000e+06,4.425329000000000000e+06,4.544072500000000000e+06,4.633665000000000000e+06,4.680728500000000000e+06,4.670749000000000000e+06,4.569047000000000000e+06,4.315070500000000000e+06,3.885364750000000000e+06,3.338496500000000000e+06,2.642147500000000000e+06,1.540298000000000000e+06,3.669545000000000000e+05,4.323753906250000000e+03
3.305984687500000000e+05,3.315121562500000000e+05,3.340369062500000000e+05,3.378331875000000000e+05,3.425504062500000000e+05,3.478367812500000000e+05,3.554673437500000000e+05,3.631594687500000000e+05,3.707097812500000000e+05,3.781843750000000000e+05,3.861183125000000000e+05,3.984974687500000000e+05,4.108647500000000000e+05,4.230820625000000000e+05,4.350272187500000000e+05,4.501682187500000000e+05,4.697725000000000000e+05,4.886022812500000000e+05,5.066451562500000000e+05,5.238886250000000000e+05,5.403043750000000000e+05,5.722009375000000000e+05,6.155295625000000000e+05,6.569778750000000000e+05,6.964084375000000000e+05,7.336151250000000000e+05,7.682321250000000000e+05,7.996686250000000000e+05,8.270923750000000000e+05,8.488793125000000000e+05,8.778383125000000000e+05,9.089394375000000000e+05,9.318485625000000000e+05,9.401738750000000000e+05,9.227199375000000000e+05,8.717367500000000000e+05,7.898657500000000000e+05,6.663711250000000000e+05,4.502128750000000000e+05,1.751764062500000000e+05,2.823069335937500000e+04
4.712791500000000000e+06,4.718542500000000000e+06,4.731451500000000000e+06,4.744489000000000000e+06,4.750261000000000000e+06,4.774819000000000000e+06,4.808236000000000000e+06,4.811100500000000000e+06,4.780089000000000000e+06,4.716159500000000000e+06,4.621046500000000000e+06,4.497099500000000000e+06,4.463665500000000000e+06,4.476304500000000000e+06,4.434638000000000000e+06,4.343352500000000000e+06,4.210429000000000000e+06,4.044069500000000000e+06,3.852024000000000000e+06,3.641247500000000000e+06,3.418057500000000000e+06,3.187680500000000000e+06,2.954320750000000000e+06,2.753234750000000000e+06,2.567087000000000000e+06,2.381393750000000000e+06,2.196966000000000000e+06,2.014143125000000000e+06,1.833177000000000000e+06,1.654083875000000000e+06,1.476877000000000000e+06,1.301602875000000000e+06,1.128521500000000000e+06,9.582200000000000000e+05,7.914688125000000000e+05,6.297176250000000000e+05,4.764667812500000000e+05,3.354986250000000000e+05,2.063040000000000000e+05,9.523782031250000000e+04,2.876226953125000000e+04
7.968597656250000000e+04,7.929742187500000000e+04,7.819892968750000000e+04,7.649197656250000000e+04,7.427849218750000000e+04,7.184270312500000000e+04,7.025496875000000000e+04,6.847928906250000000e+04,6.657630468750000000e+04,6.462762109375000000e+04,6.272811328125000000e+04,6.097802734375000000e+04,5.942774218750000000e+04,5.810351562500000000e+04,5.703578906250000000e+04,5.624023828125000000e+04,5.570900781250000000e+04,5.543213671875000000e+04,5.539284765625000000e+04,5.556347265625000000e+04,5.591289062500000000e+04,5.706214062500000000e+04,5.860286328125000000e+04,6.031898437500000000e+04,6.218889843750000000e+04,6.419118750000000000e+04,6.629925781250000000e+04,6.847925000000000000e+04,7.069303906250000000e+04,7.289761718750000000e+04,7.503910937500000000e+04,7.697432031250000000e+04,7.848400000000000000e+04,7.945228125000000000e+04,7.993307031250000000e+04,7.947346093750000000e+04,7.642041406250000000e+04,7.038067968750000000e+04,6.518274609375000000e+04,6.082864062500000000e+04,4.184219140625000000e+04
6.269896093750000000e+04,6.285434765625000000e+04,6.325253906250000000e+04,6.378275390625000000e+04,6.432845312500000000e+04,6.491391406250000000e+04,6.540298437500000000e+04,6.557893750000000000e+04,6.543698046875000000e+04,6.517220703125000000e+04,6.503742578125000000e+04,6.472292578125000000e+04,6.427353515625000000e+04,6.372510546875000000e+04,6.364262109375000000e+04,6.364587109375000000e+04,6.360338281250000000e+04,6.357010546875000000e+04,6.358726953125000000e+04,6.367763671875000000e+04,6.476594140625000000e+04,6.591416406250000000e+04,6.711328906250000000e+04,6.836435156250000000e+04,6.965104687500000000e+04,7.094750000000000000e+04,7.221269531250000000e+04,7.657855468750000000e+04,8.141122656250000000e+04,8.601105468750000000e+04,9.024725000000000000e+04,9.386731250000000000e+04,9.651532812500000000e+04,9.797896093750000000e+04,1.005748203125000000e+05,1.042205937500000000e+05,1.048838750000000000e+05,1.015510781250000000e+05,1.009784843750000000e+05,1.048019218750000000e+05,7.739186718750000000e+04
7.211741500000000000e+06,7.181200500000000000e+06,7.092414500000000000e+06,6.949576000000000000e+06,6.756940000000000000e+06,6.519000000000000000e+06,6.240632000000000000e+06,5.927491500000000000e+06,5.602833000000000000e+06,5.397002000000000000e+06,5.171724500000000000e+06,4.934856000000000000e+06,4.691437000000000000e+06,4.445439500000000000e+06,4.201445000000000000e+06,3.963099250000000000e+06,3.732384000000000000e+06,3.511122000000000000e+06,3.300120250000000000e+06,3.098710250000000000e+06,2.906001750000000000e+06,2.756102250000000000e+06,2.627372500000000000e+06,2.499894250000000000e+06,2.371307250000000000e+06,2.239406000000000000e+06,2.102386000000000000e+06,1.959002500000000000e+06,1.808315625000000000e+06,1.649950125000000000e+06,1.483987000000000000e+06,1.311540250000000000e+06,1.134594000000000000e+06,9.547067500000000000e+05,7.729679375000000000e+05,5.943454375000000000e+05,4.301415625000000000e+05,2.846433750000000000e+05,1.477672031250000000e+05,3.972725781250000000e+04,3.389063476562500000e+03
3.660640000000000000e+05,3.683323750000000000e+05,3.742955625000000000e+05,3.826225312500000000e+05,3.919209375000000000e+05,4.019747812500000000e+05,4.111134687500000000e+05,4.169940000000000000e+05,4.205578750000000000e+05,4.229668125000000000e+05,4.216078125000000000e+05,4.167812500000000000e+05,4.121757187500000000e+05,4.059494375000000000e+05,3.962372187500000000e+05,3.835915625000000000e+05,3.687155312500000000e+05,3.555031875000000000e+05,3.426057500000000000e+05,3.281747500000000000e+05,3.127076875000000000e+05,2.965838437500000000e+05,2.800829687500000000e+05,2.634328750000000000e+05,2.491009843750000000e+05,2.430334218750000000e+05,2.353502968750000000e+05,2.261858906250000000e+05,2.156610468750000000e+05,2.038926718750000000e+05,1.909891875000000000e+05,1.769758593750000000e+05,1.618510312500000000e+05,1.512222343750000000e+05,1.405565156250000000e+05,1.294148750000000000e+05,1.158579453125000000e+05,9.991228906250000000e+04,8.769321875000000000e+04,7.998825000000000000e+04,5.415178906250000000e+04
8.613346875000000000e+05,8.637847500000000000e+05,8.704518125000000000e+05,8.801899375000000000e+05,8.917785000000000000e+05,9.040160625000000000e+05,9.193296875000000000e+05,9.338500000000000000e+05,9.466403750000000000e+05,9.601195000000000000e+05,9.789712500000000000e+05,9.965622500000000000e+05,1.012885187500000000e+06,1.036761937500000000e+06,1.063330000000000000e+06,1.086498750000000000e+06,1.106166250000000000e+06,1.125091875000000000e+06,1.156682250000000000e+06,1.181947875000000000e+06,1.200592750000000000e+06,1.212278500000000000e+06,1.216644500000000000e+06,1.213283250000000000e+06,1.230637000000000000e+06,1.263980625000000000e+06,1.283179375000000000e+06,1.287182000000000000e+06,1.274941375000000000e+06,1.245325750000000000e+06,1.197374250000000000e+06,1.130540000000000000e+06,1.044889687500000000e+06,9.721015625000000000e+05,8.825614375000000000e+05,7.737630625000000000e+05,6.476470000000000000e+05,5.059850937500000000e+05,3.449968437500000000e+05,1.758531718750000000e+05,5.555388281250000000e+04
6.678331250000000000e+05,6.652286875000000000e+05,6.579287500000000000e+05,6.466559375000000000e+05,6.320934375000000000e+05,6.149121250000000000e+05,5.957925625000000000e+05,5.754498125000000000e+05,5.555734375000000000e+05,5.384444375000000000e+05,5.226157812500000000e+05,5.089984375000000000e+05,4.979078125000000000e+05,4.895680000000000000e+05,4.891262187500000000e+05,4.908932500000000000e+05,4.947256562500000000e+05,5.004520625000000000e+05,5.078617500000000000e+05,5.250856875000000000e+05,5.437271875000000000e+05,5.628698750000000000e+05,5.823411875000000000e+05,6.019303750000000000e+05,6.214898750000000000e+05,6.711770625000000000e+05,7.253536250000000000e+05,7.793398125000000000e+05,8.330735000000000000e+05,8.859379375000000000e+05,9.370287500000000000e+05,9.857789375000000000e+05,1.039397187500000000e+06,1.118420750000000000e+06,1.186460125000000000e+06,1.232951750000000000e+06,1.262539250000000000e+06,1.236369500000000000e+06,9.699916875000000000e+05,4.300644687500000000e+05,7.176654687500000000e+04
7.316896000000000000e+06,7.327385500000000000e+06,7.357311000000000000e+06,7.404276000000000000e+06,7.465796500000000000e+06,7.539332500000000000e+06,7.622315500000000000e+06,7.712208500000000000e+06,7.806853500000000000e+06,7.904367000000000000e+06,8.148466500000000000e+06,8.530703000000000000e+06,8.915873000000000000e+06,9.298364000000000000e+06,9.672437000000000000e+06,1.003292200000000000e+07,1.037539000000000000e+07,1.069528400000000000e+07,1.098801800000000000e+07,1.124898300000000000e+07,1.147332100000000000e+07,1.168328200000000000e+07,1.205073000000000000e+07,1.238707900000000000e+07,1.267986800000000000e+07,1.291540100000000000e+07,1.307813400000000000e+07,1.315028200000000000e+07,1.311263300000000000e+07,1.294162900000000000e+07,1.261303700000000000e+07,1.210463500000000000e+07,1.139760400000000000e+07,1.046575700000000000e+07,9.275530000000000000e+06,7.837716000000000000e+06,6.248458000000000000e+06,4.559745500000000000e+06,2.668486500000000000e+06,8.930068750000000000e+05,1.016903593750000000e+05
1.584116750000000000e+06,1.586543250000000000e+06,1.593103625000000000e+06,1.602610750000000000e+06,1.613761875000000000e+06,1.625174875000000000e+06,1.635424750000000000e+06,1.643097750000000000e+06,1.655328375000000000e+06,1.665642750000000000e+06,1.669810125000000000e+06,1.666864500000000000e+06,1.660879625000000000e+06,1.662262625000000000e+06,1.653531875000000000e+06,1.634884750000000000e+06,1.606933625000000000e+06,1.578903000000000000e+06,1.559366625000000000e+06,1.528956875000000000e+06,1.488909125000000000e+06,1.440421000000000000e+06,1.384618125000000000e+06,1.322534625000000000e+06,1.288569500000000000e+06,1.267739125000000000e+06,1.233854750000000000e+06,1.187943000000000000e+06,1.130954000000000000e+06,1.063735625000000000e+06,9.871278750000000000e+05,9.018938125000000000e+05,8.089368750000000000e+05,7.327796250000000000e+05,6.533856875000000000e+05,5.682493125000000000e+05,4.749132500000000000e+05,3.749229687500000000e+05,2.767430000000000000e+05,1.808139062500000000e+05,8.237128906250000000e+04
2.211804296875000000e+04,2.220226367187500000e+04,2.243927343750000000e+04,2.280562500000000000e+04,2.327782617187500000e+04,2.383226757812500000e+04,2.444516601562500000e+04,2.509358203125000000e+04,2.588364453125000000e+04,2.674793554687500000e+04,2.762801367187500000e+04,2.851693750000000000e+04,2.940511132812500000e+04,3.062062109375000000e+04,3.182368359375000000e+04,3.298523828125000000e+04,3.410204296875000000e+04,3.517136328125000000e+04,3.673201562500000000e+04,3.829073437500000000e+04,3.977673046875000000e+04,4.119094140625000000e+04,4.253467578125000000e+04,4.380820312500000000e+04,4.566417578125000000e+04,4.901135937500000000e+04,5.225661718750000000e+04,5.537335546875000000e+04,5.832697265625000000e+04,6.107004687500000000e+04,6.354075390625000000e+04,6.559600781250000000e+04,6.702650781250000000e+04,6.988878125000000000e+04,7.287559375000000000e+04,7.545317968750000000e+04,7.584345312500000000e+04,7.335557812500000000e+04,7.256109375000000000e+04,7.426587500000000000e+04,5.512520703125000000e+04
7.316896000000000000e+06,7.327385500000000000e+06,7.357311000000000000e+06,7.404276000000000000e+06,7.465796500000000000e+06,7.539332500000000000e+06,7.622315500000000000e+06,7.712208500000000000e+06,7.806853500000000000e+06,7.904367000000000000e+06,8.148466500000000000e+06,8.530703000000000000e+06,8.915873000000000000e+06,9.298364000000000000e+06,9.672437000000000000e+06,1.003292200000000000e+07,1.037539000000000000e+07,1.069528400000000000e+07,1.098801800000000000e+07,1.124898300000000000e+07,1.147332100000000000e+07,1.168328200000000000e+07,1.205073000000000000e+07,1.238707900000000000e+07,1.267986800000000000e+07,1.291540100000000000e+07,1.307813400000000000e+07,1.315028200000000000e+07,1.311263300000000000e+07,1.294162900000000000e+07,1.261303700000000000e+07,1.210463500000000000e+07,1.139760400000000000e+07,1.046575700000000000e+07,9.275530000000000000e+06,7.837716000000000000e+06,6.248458000000000000e+06,4.559745500000000000e+06,2.668486500000000000e+06,8.930068750000000000e+05,1.016903593750000000e+05
4.768242500000000000e+06,4.778336500000000000e+06,4.804439500000000000e+06,4.843177500000000000e+06,4.896965000000000000e+06,4.946794000000000000e+06,4.984953500000000000e+06,5.005517000000000000e+06,5.044114000000000000e+06,5.072468500000000000e+06,5.090764500000000000e+06,5.104823000000000000e+06,5.154505500000000000e+06,5.224569000000000000e+06,5.291608500000000000e+06,5.358227500000000000e+06,5.426993000000000000e+06,5.501997500000000000e+06,5.659027500000000000e+06,5.817805000000000000e+06,5.979449500000000000e+06,6.144403500000000000e+06,6.312520500000000000e+06,6.483162500000000000e+06,6.654444500000000000e+06,6.955632500000000000e+06,7.450125500000000000e+06,7.942389500000000000e+06,8.423297000000000000e+06,8.873239000000000000e+06,9.266305000000000000e+06,9.573193000000000000e+06,9.761213000000000000e+06,9.924704000000000000e+06,9.992509000000000000e+06,9.689541000000000000e+06,9.054703000000000000e+06,7.869784500000000000e+06,5.132920500000000000e+06,1.390021125000000000e+06,1.228921484375000000e+04
2.555510937500000000e+05,2.547146250000000000e+05,2.523602656250000000e+05,2.487049687500000000e+05,2.439531718750000000e+05,2.383060781250000000e+05,2.319693125000000000e+05,2.251611718750000000e+05,2.181430781250000000e+05,2.112068437500000000e+05,2.054774687500000000e+05,2.012739843750000000e+05,1.977050625000000000e+05,1.947759218750000000e+05,1.925021875000000000e+05,1.908537187500000000e+05,1.897283750000000000e+05,1.916054062500000000e+05,1.936507031250000000e+05,1.956463750000000000e+05,1.974301875000000000e+05,1.988388437500000000e+05,1.997087343750000000e+05,1.998667500000000000e+05,2.027146093750000000e+05,2.096221406250000000e+05,2.148128437500000000e+05,2.180412343750000000e+05,2.190529218750000000e+05,2.175975312500000000e+05,2.134329843750000000e+05,2.062966250000000000e+05,1.959548437500000000e+05,1.872011562500000000e+05,1.773933437500000000e+05,1.645592187500000000e+05,1.472912187500000000e+05,1.253899296875000000e+05,1.018692812500000000e+05,7.656812500000000000e+04,4.241489453125000000e+04
1.776648000000000000e+06,1.771739500000000000e+06,1.757184000000000000e+06,1.733247000000000000e+06,1.700222625000000000e+06,1.662992500000000000e+06,1.633178000000000000e+06,1.595782500000000000e+06,1.550775250000000000e+06,1.498538250000000000e+06,1.439649000000000000e+06,1.374914125000000000e+06,1.305591125000000000e+06,1.233110125000000000e+06,1.158863125000000000e+06,1.084126750000000000e+06,1.010014562500000000e+06,9.375188750000000000e+05,8.673906875000000000e+05,8.001041875000000000e+05,7.360324375000000000e+05,6.753384375000000000e+05,6.180233750000000000e+05,5.640427500000000000e+05,5.132275312500000000e+05,4.653797812500000000e+05,4.202817812500000000e+05,3.776927812500000000e+05,3.407901250000000000e+05,3.078586250000000000e+05,2.763927187500000000e+05,2.461481250000000000e+05,2.169080312500000000e+05,1.885469375000000000e+05,1.610221875000000000e+05,1.342467031250000000e+05,1.081405546875000000e+05,8.301128125000000000e+04,5.947052734375000000e+04,3.782100000000000000e+04,1.932817578125000000e+04
1.566920312500000000e+05,1.570947656250000000e+05,1.581782187500000000e+05,1.597510156250000000e+05,1.616170468750000000e+05,1.635770000000000000e+05,1.654306406250000000e+05,1.676956718750000000e+05,1.696947031250000000e+05,1.713446093750000000e+05,1.726639062500000000e+05,1.736660000000000000e+05,1.743183437500000000e+05,1.751139843750000000e+05,1.764472031250000000e+05,1.772110000000000000e+05,1.774006875000000000e+05,1.770167500000000000e+05,1.760596875000000000e+05,1.745283750000000000e+05,1.744286250000000000e+05,1.740175937500000000e+05,1.728377187500000000e+05,1.708898437500000000e+05,1.681729531250000000e+05,1.646868125000000000e+05,1.604263593750000000e+05,1.614490781250000000e+05,1.631424843750000000e+05,1.632476562500000000e+05,1.617450312500000000e+05,1.584872656250000000e+05,1.532555937500000000e+05,1.462505468750000000e+05,1.419911406250000000e+05,1.395942812500000000e+05,1.337085000000000000e+05,1.240095312500000000e+05,1.230658203125000000e+05,1.363382031250000000e+05,1.055557343750000000e+05
1.971937625000000000e+06,1.969373250000000000e+06,1.962064375000000000e+06,1.950520875000000000e+06,1.935198500000000000e+06,1.916538875000000000e+06,1.895002875000000000e+06,1.871126625000000000e+06,1.845828125000000000e+06,1.820284250000000000e+06,1.795743500000000000e+06,1.789359500000000000e+06,1.785906625000000000e+06,1.784958500000000000e+06,1.786866500000000000e+06,1.791797875000000000e+06,1.799615875000000000e+06,1.810140000000000000e+06,1.822991125000000000e+06,1.837490125000000000e+06,1.852865625000000000e+06,1.887215250000000000e+06,1.964035750000000000e+06,2.038251500000000000e+06,2.107988000000000000e+06,2.170930000000000000e+06,2.224175000000000000e+06,2.264122250000000000e+06,2.286602500000000000e+06,2.286126000000000000e+06,2.256753750000000000e+06,2.192986250000000000e+06,2.132955000000000000e+06,2.051762000000000000e+06,1.915001750000000000e+06,1.714327375000000000e+06,1.460492750000000000e+06,1.148634250000000000e+06,7.211150625000000000e+05,2.466525625000000000e+05,2.449277343750000000e+04
1.467925250000000000e+06,1.461165750000000000e+06,1.441847000000000000e+06,1.411316750000000000e+06,1.370894000000000000e+06,1.324857250000000000e+06,1.274603000000000000e+06,1.218671500000000000e+06,1.159045500000000000e+06,1.098082000000000000e+06,1.038209312500000000e+06,9.817080625000000000e+05,9.372705000000000000e+05,8.961641250000000000e+05,8.585725000000000000e+05,8.245301875000000000e+05,7.936000000000000000e+05,7.652615000000000000e+05,7.388802500000000000e+05,7.180256875000000000e+05,7.008153750000000000e+05,6.824777500000000000e+05,6.624603125000000000e+05,6.402134375000000000e+05,6.153202500000000000e+05,5.874305000000000000e+05,5.563026250000000000e+05,5.264274375000000000e+05,5.118372500000000000e+05,4.900203750000000000e+05,4.608187812500000000e+05,4.244579375000000000e+05,3.815746562500000000e+05,3.326902187500000000e+05,2.781319062500000000e+05,2.291984375000000000e+05,1.806569843750000000e+05,1.319775625000000000e+05,7.683678125000000000e+04,2.356471875000000000e+04,2.427074462890625000e+03
1.327155250000000000e+06,1.330205250000000000e+06,1.338624250000000000e+06,1.351263375000000000e+06,1.366918500000000000e+06,1.384350250000000000e+06,1.404866625000000000e+06,1.426577625000000000e+06,1.446651750000000000e+06,1.464164000000000000e+06,1.478262750000000000e+06,1.492952500000000000e+06,1.507638375000000000e+06,1.516878750000000000e+06,1.520491000000000000e+06,1.518460000000000000e+06,1.511832750000000000e+06,1.512572000000000000e+06,1.506790125000000000e+06,1.494631500000000000e+06,1.476203375000000000e+06,1.451475750000000000e+06,1.420302250000000000e+06,1.392392500000000000e+06,1.366335000000000000e+06,1.331000750000000000e+06,1.285941625000000000e+06,1.230733125000000000e+06,1.165060875000000000e+06,1.088668750000000000e+06,1.062012750000000000e+06,1.015082437500000000e+06,9.455551250000000000e+05,8.535443750000000000e+05,7.390878125000000000e+05,6.111033125000000000e+05,4.994816250000000000e+05,3.791980312500000000e+05,2.369515312500000000e+05,8.665293750000000000e+04,1.114995800781250000e+04
4.224186500000000000e+06,4.235457500000000000e+06,4.266120000000000000e+06,4.311293000000000000e+06,4.365978500000000000e+06,4.425172000000000000e+06,4.483957000000000000e+06,4.537960000000000000e+06,4.586964500000000000e+06,4.680152000000000000e+06,4.785293500000000000e+06,4.893208500000000000e+06,5.003646000000000000e+06,5.115020000000000000e+06,5.225934000000000000e+06,5.335656000000000000e+06,5.588946000000000000e+06,5.963384500000000000e+06,6.331773000000000000e+06,6.692777000000000000e+06,7.044842500000000000e+06,7.386731000000000000e+06,7.717453500000000000e+06,8.035713000000000000e+06,8.339446000000000000e+06,8.719632000000000000e+06,9.216933000000000000e+06,9.725914000000000000e+06,1.023754500000000000e+07,1.073204600000000000e+07,1.118358900000000000e+07,1.156213900000000000e+07,1.183237900000000000e+07,1.190305200000000000e+07,1.160583500000000000e+07,1.084550800000000000e+07,9.715232000000000000e+06,8.065567000000000000e+06,5.093674000000000000e+06,1.537240000000000000e+06,8.978685937500000000e+04
1.079878500000000000e+06,1.080973625000000000e+06,1.084100750000000000e+06,1.089006750000000000e+06,1.095425125000000000e+06,1.103082500000000000e+06,1.111705750000000000e+06,1.121044250000000000e+06,1.131039125000000000e+06,1.141754875000000000e+06,1.153274375000000000e+06,1.165686875000000000e+06,1.178988500000000000e+06,1.193134500000000000e+06,1.215578000000000000e+06,1.244563000000000000e+06,1.274357000000000000e+06,1.304908875000000000e+06,1.336163875000000000e+06,1.368053750000000000e+06,1.400502250000000000e+06,1.433425375000000000e+06,1.466725625000000000e+06,1.541591375000000000e+06,1.638251875000000000e+06,1.735802250000000000e+06,1.833685875000000000e+06,1.931022875000000000e+06,2.026297750000000000e+06,2.115660250000000000e+06,2.194032500000000000e+06,2.256159750000000000e+06,2.330881500000000000e+06,2.416495750000000000e+06,2.440457000000000000e+06,2.375427500000000000e+06,2.238369250000000000e+06,1.970172125000000000e+06,1.281700250000000000e+06,3.263071250000000000e+05,1.392655517578125000e+03
2.583462750000000000e+06,2.587865500000000000e+06,2.600399500000000000e+06,2.620034750000000000e+06,2.645725750000000000e+06,2.676420500000000000e+06,2.711069750000000000e+06,2.748669750000000000e+06,2.788624500000000000e+06,2.848478500000000000e+06,2.922753000000000000e+06,2.999200250000000000e+06,3.077115250000000000e+06,3.155756000000000000e+06,3.234398750000000000e+06,3.312528000000000000e+06,3.389889000000000000e+06,3.466243000000000000e+06,3.627875750000000000e+06,3.837678000000000000e+06,4.045345750000000000e+06,4.251049000000000000e+06,4.455245500000000000e+06,4.658401500000000000e+06,4.860894000000000000e+06,5.063047500000000000e+06,5.265281000000000000e+06,5.468183500000000000e+06,5.671324500000000000e+06,5.939794000000000000e+06,6.289254500000000000e+06,6.662803500000000000e+06,7.064249000000000000e+06,7.450577500000000000e+06,7.702115500000000000e+06,7.743033000000000000e+06,7.650596500000000000e+06,7.176639500000000000e+06,5.051637000000000000e+06,1.555246875000000000e+06,5.434544921875000000e+04
4.574838671875000000e+04,4.574876171875000000e+04,4.574130078125000000e+04,4.570994140625000000e+04,4.568310937500000000e+04,4.564289453125000000e+04,4.552655078125000000e+04,4.530917578125000000e+04,4.497548437500000000e+04,4.451841406250000000e+04,4.404350000000000000e+04,4.348794921875000000e+04,4.280576562500000000e+04,4.201132421875000000e+04,4.114504296875000000e+04,4.045861718750000000e+04,3.969191796875000000e+04,3.887328515625000000e+04,3.803031250000000000e+04,3.725906640625000000e+04,3.681733203125000000e+04,3.637617578125000000e+04,3.595682812500000000e+04,3.557739062500000000e+04,3.524825781250000000e+04,3.534685937500000000e+04,3.569805078125000000e+04,3.606633203125000000e+04,3.644348046875000000e+04,3.680940234375000000e+04,3.713482812500000000e+04,3.963025390625000000e+04,4.217618750000000000e+04,4.436119140625000000e+04,4.610615234375000000e+04,4.706562109375000000e+04,4.779171875000000000e+04,4.821268359375000000e+04,4.949126953125000000e+04,5.218372656250000000e+04,4.059250390625000000e+04
3.413287000000000000e+06,3.412687500000000000e+06,3.407809500000000000e+06,3.393369750000000000e+06,3.363847750000000000e+06,3.336932000000000000e+06,3.298005000000000000e+06,3.228301250000000000e+06,3.130705750000000000e+06,3.012446250000000000e+06,2.902162250000000000e+06,2.807770500000000000e+06,2.704271000000000000e+06,2.596261250000000000e+06,2.488279250000000000e+06,2.384431750000000000e+06,2.288031500000000000e+06,2.240869000000000000e+06,2.244680500000000000e+06,2.250179500000000000e+06,2.260176250000000000e+06,2.276351250000000000e+06,2.299414750000000000e+06,2.329591500000000000e+06,2.366112500000000000e+06,2.407670750000000000e+06,2.452373250000000000e+06,2.497598750000000000e+06,2.539886250000000000e+06,2.613609000000000000e+06,2.697772500000000000e+06,2.769591250000000000e+06,2.820127250000000000e+06,2.827551750000000000e+06,2.752090750000000000e+06,2.570284250000000000e+06,2.303020250000000000e+06,1.914698125000000000e+06,1.213268125000000000e+06,3.661551875000000000e+05,2.179206835937500000e+04
3.332447187500000000e+05,3.326419687500000000e+05,3.309100000000000000e+05,3.281505312500000000e+05,3.244528437500000000e+05,3.198995000000000000e+05,3.145715937500000000e+05,3.085602812500000000e+05,3.020377812500000000e+05,2.952295937500000000e+05,2.899380000000000000e+05,2.854071562500000000e+05,2.811163750000000000e+05,2.771696562500000000e+05,2.736898750000000000e+05,2.707716562500000000e+05,2.684608750000000000e+05,2.706644687500000000e+05,2.734487187500000000e+05,2.766925625000000000e+05,2.803939687500000000e+05,2.845252812500000000e+05,2.890300000000000000e+05,2.961025312500000000e+05,3.160093750000000000e+05,3.357007500000000000e+05,3.549848125000000000e+05,3.735709062500000000e+05,3.910317187500000000e+05,4.065708750000000000e+05,4.191797187500000000e+05,4.277161250000000000e+05,4.427611562500000000e+05,4.542299062500000000e+05,4.545875937500000000e+05,4.394790312500000000e+05,4.095769062500000000e+05,3.575630625000000000e+05,2.516607500000000000e+05,1.044872578125000000e+05,2.000241015625000000e+04
3.475479375000000000e+05,3.470512500000000000e+05,3.455622500000000000e+05,3.430718437500000000e+05,3.395616562500000000e+05,3.350103750000000000e+05,3.293993125000000000e+05,3.227254062500000000e+05,3.150799375000000000e+05,3.066140312500000000e+05,2.974890000000000000e+05,2.881358750000000000e+05,2.808707500000000000e+05,2.732090937500000000e+05,2.652931562500000000e+05,2.572702343750000000e+05,2.492833906250000000e+05,2.414767187500000000e+05,2.339729375000000000e+05,2.268610156250000000e+05,2.202224531250000000e+05,2.154403437500000000e+05,2.173317343750000000e+05,2.192229218750000000e+05,2.211486875000000000e+05,2.231068750000000000e+05,2.250345156250000000e+05,2.267864375000000000e+05,2.281506718750000000e+05,2.287254375000000000e+05,2.280184218750000000e+05,2.254680468750000000e+05,2.250244062500000000e+05,2.236188437500000000e+05,2.174996093750000000e+05,2.050972187500000000e+05,1.866100156250000000e+05,1.597518750000000000e+05,1.144590000000000000e+05,5.442842187500000000e+04,1.546206542968750000e+04
4.093662250000000000e+06,4.090913250000000000e+06,4.082786500000000000e+06,4.069419750000000000e+06,4.050909000000000000e+06,4.027324000000000000e+06,3.998721500000000000e+06,3.965216750000000000e+06,3.927526250000000000e+06,3.886726750000000000e+06,3.850700250000000000e+06,3.823779500000000000e+06,3.797111250000000000e+06,3.771416250000000000e+06,3.747470000000000000e+06,3.726016750000000000e+06,3.707730250000000000e+06,3.693325250000000000e+06,3.683407750000000000e+06,3.678392500000000000e+06,3.680878000000000000e+06,3.728470500000000000e+06,3.781774000000000000e+06,3.841001750000000000e+06,3.905892000000000000e+06,3.975969750000000000e+06,4.050376750000000000e+06,4.127698250000000000e+06,4.237817000000000000e+06,4.535969500000000000e+06,4.826307000000000000e+06,5.097252000000000000e+06,5.334735000000000000e+06,5.495161500000000000e+06,5.489973500000000000e+06,5.378008000000000000e+06,5.253875000000000000e+06,4.850791000000000000e+06,3.482177000000000000e+06,1.220869125000000000e+06,7.752813281250000000e+04
2.838559250000000000e+06,2.836663000000000000e+06,2.830486500000000000e+06,2.819211250000000000e+06,2.801938000000000000e+06,2.828169750000000000e+06,2.856652500000000000e+06,2.880441000000000000e+06,2.896487500000000000e+06,2.902047250000000000e+06,2.894727750000000000e+06,2.872654750000000000e+06,2.835090750000000000e+06,2.782033750000000000e+06,2.713868750000000000e+06,2.631619500000000000e+06,2.536918000000000000e+06,2.431556000000000000e+06,2.317457000000000000e+06,2.210678500000000000e+06,2.115823750000000000e+06,2.015276000000000000e+06,1.910162375000000000e+06,1.801600625000000000e+06,1.690515500000000000e+06,1.577748375000000000e+06,1.463982875000000000e+06,1.349706625000000000e+06,1.235361500000000000e+06,1.121284250000000000e+06,1.007788000000000000e+06,8.950665000000000000e+05,7.833407500000000000e+05,6.732234375000000000e+05,5.656658750000000000e+05,4.612405000000000000e+05,3.603085312500000000e+05,2.651829375000000000e+05,1.798724062500000000e+05,1.059854843750000000e+05,4.636674609375000000e+04
2.422246750000000000e+06,2.424783000000000000e+06,2.431099250000000000e+06,2.439095000000000000e+06,2.446574500000000000e+06,2.457261250000000000e+06,2.546077500000000000e+06,2.628380750000000000e+06,2.702087000000000000e+06,2.767960250000000000e+06,2.827114250000000000e+06,2.880689000000000000e+06,2.927711500000000000e+06,2.966117500000000000e+06,2.993928250000000000e+06,3.009753750000000000e+06,3.051179000000000000e+06,3.106911750000000000e+06,3.150672000000000000e+06,3.179720750000000000e+06,3.191421250000000000e+06,3.183667000000000000e+06,3.154966750000000000e+06,3.104189250000000000e+06,3.030556250000000000e+06,2.933663000000000000e+06,2.813453500000000000e+06,2.670222500000000000e+06,2.504615250000000000e+06,2.317402500000000000e+06,2.109880000000000000e+06,1.884612000000000000e+06,1.645327625000000000e+06,1.394843250000000000e+06,1.135044375000000000e+06,8.745241875000000000e+05,6.324320625000000000e+05,4.161047500000000000e+05,2.100179218750000000e+05,4.995309375000000000e+04,2.214878662109375000e+03
3.164873250000000000e+06,3.158735500000000000e+06,3.140505500000000000e+06,3.110305750000000000e+06,3.068144250000000000e+06,3.014522000000000000e+06,2.966378750000000000e+06,2.906942250000000000e+06,2.837305500000000000e+06,2.759613250000000000e+06,2.676218000000000000e+06,2.589560500000000000e+06,2.501474000000000000e+06,2.432909500000000000e+06,2.379988000000000000e+06,2.326701000000000000e+06,2.274480750000000000e+06,2.224810500000000000e+06,2.178850000000000000e+06,2.137205500000000000e+06,2.182030000000000000e+06,2.247422250000000000e+06,2.309267750000000000e+06,2.368172250000000000e+06,2.423929250000000000e+06,2.475731500000000000e+06,2.521997000000000000e+06,2.560202000000000000e+06,2.586944000000000000e+06,2.662307250000000000e+06,2.729100500000000000e+06,2.774238000000000000e+06,2.787291500000000000e+06,2.749026750000000000e+06,2.628725000000000000e+06,2.408426000000000000e+06,2.103175000000000000e+06,1.695848875000000000e+06,1.072674500000000000e+06,3.581984062500000000e+05,3.450176171875000000e+04
4.310248437500000000e+05,4.307453750000000000e+05,4.296009687500000000e+05,4.287580937500000000e+05,4.261933437500000000e+05,4.211587187500000000e+05,4.130439687500000000e+05,4.014993125000000000e+05,3.870982500000000000e+05,3.731040312500000000e+05,3.588897187500000000e+05,3.443533750000000000e+05,3.298843437500000000e+05,3.156281562500000000e+05,3.017543437500000000e+05,2.884923125000000000e+05,2.794491562500000000e+05,2.705422500000000000e+05,2.618377187500000000e+05,2.532811250000000000e+05,2.447945937500000000e+05,2.362838750000000000e+05,2.276403750000000000e+05,2.205395312500000000e+05,2.205149062500000000e+05,2.189610781250000000e+05,2.158044062500000000e+05,2.109781406250000000e+05,2.044282031250000000e+05,1.961576562500000000e+05,1.861938281250000000e+05,1.745257343750000000e+05,1.642355625000000000e+05,1.550465937500000000e+05,1.451514062500000000e+05,1.342152031250000000e+05,1.203004609375000000e+05,1.035081015625000000e+05,9.010020312500000000e+04,8.079407812500000000e+04,5.340433203125000000e+04
2.598770250000000000e+06,2.593467750000000000e+06,2.577952000000000000e+06,2.552489000000000000e+06,2.517097000000000000e+06,2.471750250000000000e+06,2.420775000000000000e+06,2.363933000000000000e+06,2.298673000000000000e+06,2.227044500000000000e+06,2.151603750000000000e+06,2.088989000000000000e+06,2.027110875000000000e+06,1.965883250000000000e+06,1.907181250000000000e+06,1.860759625000000000e+06,1.829751125000000000e+06,1.800961875000000000e+06,1.774866500000000000e+06,1.751205375000000000e+06,1.729450375000000000e+06,1.730123875000000000e+06,1.732560500000000000e+06,1.731020750000000000e+06,1.723982250000000000e+06,1.709659250000000000e+06,1.686086250000000000e+06,1.651188250000000000e+06,1.678212500000000000e+06,1.691987625000000000e+06,1.677893250000000000e+06,1.632110625000000000e+06,1.551708125000000000e+06,1.433017375000000000e+06,1.271390500000000000e+06,1.123992750000000000e+06,9.473740000000000000e+05,7.399493750000000000e+05,4.710257500000000000e+05,1.724199062500000000e+05,2.084313671875000000e+04
4.266545625000000000e+05,4.241501875000000000e+05,4.171334375000000000e+05,4.063150000000000000e+05,3.923734375000000000e+05,3.759722187500000000e+05,3.577740937500000000e+05,3.384500625000000000e+05,3.192189375000000000e+05,3.007477812500000000e+05,2.831317500000000000e+05,2.670537500000000000e+05,2.527056406250000000e+05,2.417283593750000000e+05,2.322443906250000000e+05,2.240754375000000000e+05,2.170086875000000000e+05,2.120147968750000000e+05,2.086994218750000000e+05,2.054508593750000000e+05,2.020348593750000000e+05,1.982549062500000000e+05,1.948122968750000000e+05,1.928740312500000000e+05,1.897577187500000000e+05,1.854099218750000000e+05,1.797969687500000000e+05,1.729217031250000000e+05,1.648028437500000000e+05,1.644067031250000000e+05,1.616561562500000000e+05,1.563871718750000000e+05,1.485667500000000000e+05,1.383849375000000000e+05,1.262734609375000000e+05,1.153934609375000000e+05,1.044946250000000000e+05,9.121764843750000000e+04,8.000917187500000000e+04,7.150395312500000000e+04,4.797979296875000000e+04
2.776490429687500000e+04,2.789314453125000000e+04,2.824533984375000000e+04,2.878610742187500000e+04,2.952525390625000000e+04,3.034864257812500000e+04,3.119772265625000000e+04,3.201667968750000000e+04,3.286965625000000000e+04,3.371583593750000000e+04,3.450060937500000000e+04,3.522052734375000000e+04,3.604596875000000000e+04,3.687119140625000000e+04,3.756359765625000000e+04,3.811158984375000000e+04,3.874739062500000000e+04,3.945728515625000000e+04,3.998377734375000000e+04,4.033063671875000000e+04,4.050218750000000000e+04,4.084845703125000000e+04,4.134277734375000000e+04,4.161648437500000000e+04,4.167683984375000000e+04,4.153034375000000000e+04,4.118040625000000000e+04,4.118758984375000000e+04,4.263129296875000000e+04,4.370300781250000000e+04,4.440367578125000000e+04,4.468805078125000000e+04,4.447787109375000000e+04,4.382576562500000000e+04,4.346278515625000000e+04,4.435007812500000000e+04,4.429675000000000000e+04,4.317922265625000000e+04,4.555351953125000000e+04,5.386067968750000000e+04,4.639488671875000000e+04
1.187240332031250000e+04,1.190943359375000000e+04,1.200351464843750000e+04,1.212625683593750000e+04,1.226415429687500000e+04,1.241239648437500000e+04,1.249945312500000000e+04,1.249795800781250000e+04,1.252244238281250000e+04,1.244549902343750000e+04,1.227217382812500000e+04,1.214553808593750000e+04,1.197953906250000000e+04,1.173295605468750000e+04,1.142740722656250000e+04,1.120517285156250000e+04,1.102237011718750000e+04,1.080946484375000000e+04,1.058905859375000000e+04,1.037749707031250000e+04,1.018824707031250000e+04,1.003043652343750000e+04,1.020470800781250000e+04,1.052006152343750000e+04,1.086441210937500000e+04,1.125210839843750000e+04,1.169578125000000000e+04,1.220590917968750000e+04,1.279861718750000000e+04,1.351682128906250000e+04,1.441437695312500000e+04,1.553508203125000000e+04,1.729943554687500000e+04,1.964794140625000000e+04,2.336312500000000000e+04,2.881832617187500000e+04,3.423798046875000000e+04,3.977975781250000000e+04,5.916864062500000000e+04,1.095252656250000000e+05,1.172582890625000000e+05
5.520344500000000000e+06,5.526317000000000000e+06,5.542128500000000000e+06,5.558610500000000000e+06,5.567284500000000000e+06,5.559782500000000000e+06,5.528244500000000000e+06,5.466315500000000000e+06,5.375268000000000000e+06,5.260649500000000000e+06,5.155945000000000000e+06,5.047668500000000000e+06,4.925721000000000000e+06,4.790730500000000000e+06,4.643796500000000000e+06,4.486626500000000000e+06,4.321348500000000000e+06,4.187069250000000000e+06,4.061766500000000000e+06,3.925711750000000000e+06,3.779978000000000000e+06,3.625336000000000000e+06,3.462249500000000000e+06,3.291089250000000000e+06,3.130028250000000000e+06,3.079182750000000000e+06,2.998030500000000000e+06,2.886842000000000000e+06,2.745999250000000000e+06,2.575991500000000000e+06,2.377745000000000000e+06,2.153444000000000000e+06,1.906657500000000000e+06,1.695431750000000000e+06,1.467095250000000000e+06,1.218260125000000000e+06,9.600608750000000000e+05,6.985230625000000000e+05,4.186487500000000000e+05,1.531343593750000000e+05,2.338228320312500000e+04
1.876030750000000000e+06,1.868672625000000000e+06,1.847475375000000000e+06,1.813670000000000000e+06,1.768455125000000000e+06,1.719203125000000000e+06,1.661188125000000000e+06,1.595467375000000000e+06,1.524041375000000000e+06,1.449487000000000000e+06,1.374453625000000000e+06,1.304304375000000000e+06,1.247020750000000000e+06,1.192614500000000000e+06,1.142275750000000000e+06,1.096811125000000000e+06,1.056454375000000000e+06,1.031140312500000000e+06,1.016379500000000000e+06,1.004395062500000000e+06,9.948833125000000000e+05,9.873008750000000000e+05,9.808643750000000000e+05,9.746624375000000000e+05,1.015341125000000000e+06,1.050693750000000000e+06,1.079316125000000000e+06,1.099695250000000000e+06,1.110077625000000000e+06,1.108495625000000000e+06,1.092890125000000000e+06,1.061201875000000000e+06,1.027451437500000000e+06,9.916957500000000000e+05,9.360101250000000000e+05,8.567872500000000000e+05,7.508441875000000000e+05,6.170818125000000000e+05,4.560391875000000000e+05,2.741472500000000000e+05,1.090932968750000000e+05
3.381906000000000000e+06,3.361192750000000000e+06,3.301663500000000000e+06,3.206608750000000000e+06,3.079337750000000000e+06,2.924007000000000000e+06,2.746087000000000000e+06,2.559569000000000000e+06,2.397448750000000000e+06,2.229117500000000000e+06,2.064250000000000000e+06,1.911733250000000000e+06,1.774717250000000000e+06,1.653245750000000000e+06,1.599290000000000000e+06,1.561743375000000000e+06,1.524007375000000000e+06,1.486618375000000000e+06,1.449305250000000000e+06,1.411260250000000000e+06,1.371243500000000000e+06,1.328188125000000000e+06,1.281281375000000000e+06,1.229688750000000000e+06,1.172951250000000000e+06,1.110771500000000000e+06,1.043666437500000000e+06,9.882129375000000000e+05,9.273185000000000000e+05,8.608594375000000000e+05,7.888342500000000000e+05,7.116061250000000000e+05,6.298628125000000000e+05,5.439830625000000000e+05,4.540232500000000000e+05,3.620814687500000000e+05,2.737760312500000000e+05,1.913502031250000000e+05,1.090645546875000000e+05,3.775952343750000000e+04,6.911173339843750000e+03
2.477359000000000000e+06,2.475619750000000000e+06,2.469878750000000000e+06,2.459120750000000000e+06,2.442153750000000000e+06,2.417760500000000000e+06,2.384830000000000000e+06,2.342578000000000000e+06,2.294195500000000000e+06,2.257426500000000000e+06,2.213791750000000000e+06,2.164915750000000000e+06,2.112146500000000000e+06,2.056788250000000000e+06,2.014217750000000000e+06,1.988576125000000000e+06,1.960505375000000000e+06,1.931657250000000000e+06,1.903392625000000000e+06,1.876593000000000000e+06,1.851971000000000000e+06,1.897308500000000000e+06,1.956408750000000000e+06,2.010815125000000000e+06,2.060571375000000000e+06,2.105138500000000000e+06,2.143224250000000000e+06,2.172632250000000000e+06,2.190428250000000000e+06,2.191891250000000000e+06,2.178542000000000000e+06,2.188706000000000000e+06,2.172617000000000000e+06,2.117096500000000000e+06,2.001410875000000000e+06,1.814648750000000000e+06,1.569922250000000000e+06,1.257347250000000000e+06,7.999698750000000000e+05,2.836370000000000000e+05,3.602027734375000000e+04
3.606965250000000000e+06,3.614599500000000000e+06,3.635780750000000000e+06,3.667885000000000000e+06,3.708251500000000000e+06,3.754204500000000000e+06,3.805875750000000000e+06,3.871603000000000000e+06,3.937306000000000000e+06,4.003194750000000000e+06,4.069557500000000000e+06,4.136694000000000000e+06,4.204505500000000000e+06,4.272710500000000000e+06,4.375200500000000000e+06,4.478186500000000000e+06,4.581221500000000000e+06,4.684835000000000000e+06,4.789493000000000000e+06,4.895548500000000000e+06,5.003324000000000000e+06,5.166144500000000000e+06,5.346476000000000000e+06,5.529467500000000000e+06,5.714383500000000000e+06,5.900032500000000000e+06,6.084395000000000000e+06,6.264286000000000000e+06,6.645342500000000000e+06,7.158846000000000000e+06,7.644715500000000000e+06,8.079470500000000000e+06,8.435248000000000000e+06,8.638090000000000000e+06,8.545648000000000000e+06,8.468914000000000000e+06,8.160546000000000000e+06,7.377403500000000000e+06,5.097027500000000000e+06,1.579449250000000000e+06,4.275019531250000000e+04
2.540050781250000000e+05,2.532893593750000000e+05,2.512417656250000000e+05,2.479994843750000000e+05,2.436883906250000000e+05,2.384290000000000000e+05,2.323419218750000000e+05,2.265177968750000000e+05,2.202036093750000000e+05,2.135562968750000000e+05,2.067922968750000000e+05,2.001406406250000000e+05,1.937572968750000000e+05,1.889135937500000000e+05,1.850835937500000000e+05,1.816727968750000000e+05,1.787338750000000000e+05,1.763146250000000000e+05,1.744296562500000000e+05,1.740864531250000000e+05,1.754856250000000000e+05,1.770850781250000000e+05,1.788082812500000000e+05,1.805537500000000000e+05,1.821758125000000000e+05,1.834995156250000000e+05,1.843147343750000000e+05,1.924552343750000000e+05,2.000438125000000000e+05,2.058432500000000000e+05,2.092474218750000000e+05,2.096020468750000000e+05,2.062435781250000000e+05,1.981808437500000000e+05,1.859917187500000000e+05,1.731581093750000000e+05,1.551439843750000000e+05,1.305950859375000000e+05,9.249434375000000000e+04,4.325104687500000000e+04,1.164394921875000000e+04
4.936265000000000000e+05,4.933187187500000000e+05,4.923826562500000000e+05,4.907854062500000000e+05,4.884806562500000000e+05,4.873216562500000000e+05,4.857594375000000000e+05,4.835030312500000000e+05,4.805101250000000000e+05,4.768009375000000000e+05,4.724189687500000000e+05,4.674201250000000000e+05,4.617753750000000000e+05,4.554201562500000000e+05,4.527518125000000000e+05,4.500680625000000000e+05,4.460527812500000000e+05,4.406148750000000000e+05,4.336770625000000000e+05,4.251717187500000000e+05,4.150408750000000000e+05,4.032559687500000000e+05,3.989593437500000000e+05,3.985332500000000000e+05,3.946044375000000000e+05,3.872234687500000000e+05,3.764702187500000000e+05,3.624625000000000000e+05,3.453532500000000000e+05,3.253567812500000000e+05,3.027241250000000000e+05,2.776890000000000000e+05,2.561246250000000000e+05,2.344724062500000000e+05,2.114461718750000000e+05,1.868879687500000000e+05,1.596229687500000000e+05,1.301471562500000000e+05,1.028114296875000000e+05,7.776469531250000000e+04,4.493156640625000000e+04
9.261789000000000000e+06,9.234226000000000000e+06,9.154873000000000000e+06,9.028836000000000000e+06,8.861314000000000000e+06,8.657562000000000000e+06,8.422849000000000000e+06,8.162583500000000000e+06,7.883765000000000000e+06,7.673222000000000000e+06,7.486474500000000000e+06,7.300360000000000000e+06,7.117627000000000000e+06,6.939907500000000000e+06,6.769035500000000000e+06,6.605725000000000000e+06,6.449063500000000000e+06,6.298106000000000000e+06,6.151131500000000000e+06,6.005196000000000000e+06,5.857243000000000000e+06,5.703863000000000000e+06,5.541331000000000000e+06,5.365960000000000000e+06,5.174215000000000000e+06,4.962748000000000000e+06,4.728695000000000000e+06,4.469881500000000000e+06,4.228388000000000000e+06,3.990130500000000000e+06,3.722945000000000000e+06,3.425509750000000000e+06,3.097730000000000000e+06,2.738901250000000000e+06,2.347746750000000000e+06,1.930290750000000000e+06,1.506274125000000000e+06,1.087291000000000000e+06,6.582090000000000000e+05,2.663478125000000000e+05,5.692083593750000000e+04
3.774710156250000000e+04,3.768916015625000000e+04,3.752105468750000000e+04,3.724603125000000000e+04,3.686378125000000000e+04,3.637428906250000000e+04,3.578087500000000000e+04,3.509308203125000000e+04,3.442497265625000000e+04,3.375223437500000000e+04,3.307536328125000000e+04,3.243886132812500000e+04,3.190211328125000000e+04,3.161987890625000000e+04,3.140921679687500000e+04,3.128191992187500000e+04,3.123899414062500000e+04,3.127847070312500000e+04,3.165992968750000000e+04,3.210929882812500000e+04,3.258611718750000000e+04,3.307233203125000000e+04,3.354528125000000000e+04,3.397829687500000000e+04,3.461578515625000000e+04,3.537694531250000000e+04,3.597372656250000000e+04,3.635255468750000000e+04,3.645206640625000000e+04,3.619021484375000000e+04,3.606722265625000000e+04,3.704284375000000000e+04,3.720744531250000000e+04,3.632993359375000000e+04,3.405562890625000000e+04,3.031859570312500000e+04,2.666353515625000000e+04,2.259817968750000000e+04,1.543488085937500000e+04,5.913239746093750000e+03,1.458406982421875000e+03
1.607078750000000000e+06,1.598784250000000000e+06,1.575565500000000000e+06,1.539619875000000000e+06,1.492954375000000000e+06,1.437612375000000000e+06,1.379339000000000000e+06,1.318704000000000000e+06,1.256031250000000000e+06,1.193839250000000000e+06,1.142358000000000000e+06,1.098375375000000000e+06,1.059583625000000000e+06,1.026135375000000000e+06,1.010327000000000000e+06,9.959518750000000000e+05,9.823016250000000000e+05,9.684174375000000000e+05,9.648479375000000000e+05,9.632993125000000000e+05,9.562631875000000000e+05,9.432790625000000000e+05,9.241344375000000000e+05,8.986168750000000000e+05,8.798975625000000000e+05,8.805047500000000000e+05,8.690570000000000000e+05,8.459720625000000000e+05,8.117294375000000000e+05,7.668360000000000000e+05,7.119362500000000000e+05,6.480083125000000000e+05,5.764102500000000000e+05,5.125250937500000000e+05,4.449966250000000000e+05,3.713729062500000000e+05,2.951260312500000000e+05,2.179280468750000000e+05,1.345127656250000000e+05,5.337703125000000000e+04,1.123738867187500000e+04
9.231205000000000000e+06,9.226830000000000000e+06,9.214897000000000000e+06,9.221035000000000000e+06,9.253869000000000000e+06,9.296075000000000000e+06,9.347661000000000000e+06,9.408829000000000000e+06,9.480985000000000000e+06,9.566328000000000000e+06,9.667252000000000000e+06,9.786144000000000000e+06,9.923602000000000000e+06,1.007932700000000000e+07,1.025308200000000000e+07,1.044449900000000000e+07,1.065296500000000000e+07,1.087782500000000000e+07,1.111837400000000000e+07,1.137383100000000000e+07,1.164333900000000000e+07,1.192605200000000000e+07,1.222111500000000000e+07,1.252735700000000000e+07,1.284227700000000000e+07,1.316265100000000000e+07,1.348379000000000000e+07,1.381017200000000000e+07,1.436099000000000000e+07,1.492225800000000000e+07,1.546688400000000000e+07,1.596587500000000000e+07,1.638494200000000000e+07,1.659339800000000000e+07,1.632107700000000000e+07,1.541521300000000000e+07,1.404729000000000000e+07,1.190800200000000000e+07,7.375029000000000000e+06,1.760272750000000000e+06,5.103628417968750000e+03
1.233379375000000000e+06,1.236470625000000000e+06,1.245251875000000000e+06,1.258973500000000000e+06,1.276874750000000000e+06,1.298188875000000000e+06,1.329111875000000000e+06,1.366689750000000000e+06,1.406101125000000000e+06,1.446411500000000000e+06,1.486711125000000000e+06,1.526153750000000000e+06,1.578862625000000000e+06,1.639641375000000000e+06,1.697262125000000000e+06,1.751432500000000000e+06,1.802241625000000000e+06,1.849809875000000000e+06,1.894353000000000000e+06,1.965401750000000000e+06,2.081729375000000000e+06,2.193506750000000000e+06,2.301487000000000000e+06,2.406341250000000000e+06,2.508152500000000000e+06,2.606707500000000000e+06,2.701162000000000000e+06,2.789754500000000000e+06,2.869748500000000000e+06,2.935010500000000000e+06,2.992419500000000000e+06,3.084310500000000000e+06,3.152551750000000000e+06,3.172226250000000000e+06,3.095334250000000000e+06,2.894068250000000000e+06,2.597065250000000000e+06,2.158415250000000000e+06,1.323388750000000000e+06,3.208718125000000000e+05,1.707982666015625000e+03
2.915409000000000000e+06,2.920681000000000000e+06,2.936334250000000000e+06,2.975665000000000000e+06,3.016007000000000000e+06,3.048702250000000000e+06,3.065718000000000000e+06,3.073236250000000000e+06,3.108522250000000000e+06,3.113226750000000000e+06,3.088759000000000000e+06,3.037832000000000000e+06,3.027929750000000000e+06,3.097367250000000000e+06,3.121921750000000000e+06,3.110309500000000000e+06,3.072576000000000000e+06,3.018037000000000000e+06,2.954042500000000000e+06,2.885557750000000000e+06,2.816605000000000000e+06,2.749311250000000000e+06,2.684238500000000000e+06,2.658278250000000000e+06,2.639849000000000000e+06,2.622128750000000000e+06,2.602461750000000000e+06,2.577189250000000000e+06,2.542086000000000000e+06,2.491488500000000000e+06,2.419213250000000000e+06,2.319599500000000000e+06,2.187573750000000000e+06,2.014808375000000000e+06,1.789566750000000000e+06,1.512771875000000000e+06,1.209166500000000000e+06,8.849110625000000000e+05,4.989127187500000000e+05,1.374747812500000000e+05,8.082817382812500000e+03
3.808371000000000000e+06,3.804289250000000000e+06,3.792813000000000000e+06,3.779125500000000000e+06,3.761323250000000000e+06,3.739379750000000000e+06,3.713635750000000000e+06,3.684668750000000000e+06,3.654255000000000000e+06,3.625010500000000000e+06,3.608868250000000000e+06,3.602803500000000000e+06,3.604757750000000000e+06,3.615260000000000000e+06,3.637022000000000000e+06,3.693204750000000000e+06,3.757836500000000000e+06,3.830732000000000000e+06,3.911457000000000000e+06,4.031897750000000000e+06,4.174065500000000000e+06,4.319758000000000000e+06,4.468055500000000000e+06,4.617800000000000000e+06,4.856655000000000000e+06,5.096468500000000000e+06,5.331850500000000000e+06,5.560901000000000000e+06,5.780185500000000000e+06,6.249134500000000000e+06,6.826074000000000000e+06,7.359539500000000000e+06,7.830953000000000000e+06,8.169745500000000000e+06,8.223750000000000000e+06,8.212283000000000000e+06,8.088772500000000000e+06,7.506786500000000000e+06,5.161637500000000000e+06,1.398022625000000000e+06,5.604060546875000000e+03
3.665945000000000000e+06,3.667089250000000000e+06,3.668044250000000000e+06,3.664887250000000000e+06,3.653627500000000000e+06,3.630439750000000000e+06,3.591868250000000000e+06,3.557559250000000000e+06,3.564205000000000000e+06,3.552463500000000000e+06,3.530037750000000000e+06,3.503707500000000000e+06,3.474605500000000000e+06,3.441285250000000000e+06,3.402564500000000000e+06,3.357851500000000000e+06,3.307063250000000000e+06,3.250085750000000000e+06,3.186343750000000000e+06,3.114651250000000000e+06,3.033816250000000000e+06,2.942836000000000000e+06,2.840893500000000000e+06,2.727298750000000000e+06,2.630112500000000000e+06,2.533455250000000000e+06,2.423974000000000000e+06,2.301039500000000000e+06,2.164206250000000000e+06,2.013277625000000000e+06,1.848388250000000000e+06,1.670425750000000000e+06,1.481004625000000000e+06,1.281536750000000000e+06,1.073249875000000000e+06,8.608596875000000000e+05,6.549559375000000000e+05,4.614182812500000000e+05,2.740335937500000000e+05,1.119406484375000000e+05,2.740728906250000000e+04
2.322580000000000000e+06,2.316186750000000000e+06,2.297072000000000000e+06,2.265141000000000000e+06,2.223840750000000000e+06,2.170681250000000000e+06,2.104626500000000000e+06,2.026140000000000000e+06,1.938054625000000000e+06,1.844448875000000000e+06,1.751137125000000000e+06,1.667631500000000000e+06,1.587142500000000000e+06,1.511103750000000000e+06,1.441012500000000000e+06,1.377947500000000000e+06,1.332860500000000000e+06,1.297414375000000000e+06,1.268456125000000000e+06,1.245771375000000000e+06,1.229056750000000000e+06,1.221013750000000000e+06,1.233873875000000000e+06,1.249080375000000000e+06,1.265675000000000000e+06,1.282426375000000000e+06,1.297790375000000000e+06,1.309869000000000000e+06,1.388942875000000000e+06,1.461190125000000000e+06,1.517660125000000000e+06,1.552643750000000000e+06,1.559783750000000000e+06,1.530411125000000000e+06,1.473929125000000000e+06,1.411562875000000000e+06,1.298312875000000000e+06,1.118166000000000000e+06,8.280132500000000000e+05,4.335650625000000000e+05,1.217843359375000000e+05
6.382058500000000000e+06,6.376624500000000000e+06,6.363760500000000000e+06,6.354987500000000000e+06,6.335815000000000000e+06,6.302020000000000000e+06,6.249450000000000000e+06,6.174476000000000000e+06,6.076737500000000000e+06,5.957859500000000000e+06,5.819665500000000000e+06,5.664057500000000000e+06,5.492345000000000000e+06,5.305735500000000000e+06,5.105749000000000000e+06,4.894201000000000000e+06,4.825091500000000000e+06,4.741362500000000000e+06,4.632412500000000000e+06,4.499941500000000000e+06,4.345932500000000000e+06,4.172474000000000000e+06,3.981661000000000000e+06,3.775628000000000000e+06,3.556327500000000000e+06,3.325657000000000000e+06,3.085451500000000000e+06,2.860030000000000000e+06,2.664944250000000000e+06,2.461754750000000000e+06,2.250292000000000000e+06,2.030541125000000000e+06,1.802843500000000000e+06,1.568183750000000000e+06,1.328107500000000000e+06,1.084903500000000000e+06,8.433720000000000000e+05,6.104973125000000000e+05,3.897590625000000000e+05,1.922622343750000000e+05,6.100869140625000000e+04
7.095471000000000000e+06,7.093968000000000000e+06,7.086377500000000000e+06,7.067718500000000000e+06,7.032767500000000000e+06,6.976534000000000000e+06,6.954376000000000000e+06,6.900803000000000000e+06,6.815237000000000000e+06,6.701131000000000000e+06,6.562144500000000000e+06,6.401788000000000000e+06,6.221665000000000000e+06,6.022823500000000000e+06,5.806874000000000000e+06,5.655251000000000000e+06,5.623855000000000000e+06,5.555951000000000000e+06,5.454276500000000000e+06,5.321545000000000000e+06,5.160784500000000000e+06,4.975103000000000000e+06,4.767515500000000000e+06,4.540957000000000000e+06,4.297914500000000000e+06,4.040660000000000000e+06,3.857780750000000000e+06,3.662600500000000000e+06,3.453599750000000000e+06,3.229687500000000000e+06,2.989981000000000000e+06,2.733558000000000000e+06,2.459870500000000000e+06,2.169997750000000000e+06,1.866671750000000000e+06,1.551981625000000000e+06,1.228457250000000000e+06,9.069112500000000000e+05,6.035161250000000000e+05,3.295579687500000000e+05,1.191946796875000000e+05
7.596146000000000000e+06,7.559295000000000000e+06,7.454942000000000000e+06,7.291504000000000000e+06,7.077116500000000000e+06,6.820540000000000000e+06,6.531726500000000000e+06,6.222201500000000000e+06,5.906334000000000000e+06,5.599714500000000000e+06,5.350208000000000000e+06,5.318166000000000000e+06,5.302821500000000000e+06,5.305958500000000000e+06,5.329303000000000000e+06,5.373595000000000000e+06,5.437701000000000000e+06,5.519291500000000000e+06,5.615329000000000000e+06,5.722273500000000000e+06,5.835715500000000000e+06,5.969535000000000000e+06,6.192071500000000000e+06,6.421341000000000000e+06,6.653097500000000000e+06,6.882722500000000000e+06,7.104287000000000000e+06,7.309961500000000000e+06,7.489761500000000000e+06,7.626748500000000000e+06,7.700667500000000000e+06,7.689287500000000000e+06,7.568556500000000000e+06,7.292067500000000000e+06,6.786357000000000000e+06,6.024689000000000000e+06,5.080097500000000000e+06,3.934742500000000000e+06,2.330974750000000000e+06,6.622833750000000000e+05,3.378622656250000000e+04
4.088231000000000000e+06,4.090067750000000000e+06,4.095558500000000000e+06,4.104562250000000000e+06,4.116822000000000000e+06,4.132000750000000000e+06,4.149718750000000000e+06,4.169612000000000000e+06,4.191623500000000000e+06,4.215953500000000000e+06,4.242931500000000000e+06,4.282997000000000000e+06,4.329111000000000000e+06,4.378716000000000000e+06,4.432069500000000000e+06,4.489417000000000000e+06,4.563964500000000000e+06,4.658883000000000000e+06,4.757700000000000000e+06,4.860365500000000000e+06,4.966808000000000000e+06,5.101920000000000000e+06,5.271564000000000000e+06,5.442817000000000000e+06,5.614289500000000000e+06,5.784070000000000000e+06,5.990204000000000000e+06,6.261435500000000000e+06,6.517277500000000000e+06,6.744220500000000000e+06,6.925107000000000000e+06,7.162785000000000000e+06,7.723924000000000000e+06,8.119019000000000000e+06,8.210208500000000000e+06,7.897802000000000000e+06,7.345047000000000000e+06,6.648054500000000000e+06,4.696209500000000000e+06,1.604516500000000000e+06,7.737646093750000000e+04
4.089248250000000000e+06,4.085069500000000000e+06,4.072514750000000000e+06,4.051389250000000000e+06,4.021335500000000000e+06,3.981904500000000000e+06,3.932625750000000000e+06,3.879360000000000000e+06,3.848519250000000000e+06,3.808007000000000000e+06,3.757547000000000000e+06,3.697339750000000000e+06,3.628175250000000000e+06,3.551270250000000000e+06,3.468141500000000000e+06,3.380539500000000000e+06,3.377831000000000000e+06,3.413386500000000000e+06,3.435366000000000000e+06,3.446545250000000000e+06,3.449685000000000000e+06,3.447308500000000000e+06,3.441608500000000000e+06,3.434442500000000000e+06,3.426766250000000000e+06,3.419033000000000000e+06,3.410860500000000000e+06,3.429667250000000000e+06,3.486901250000000000e+06,3.542672000000000000e+06,3.590176750000000000e+06,3.621084250000000000e+06,3.625277000000000000e+06,3.579365250000000000e+06,3.442028250000000000e+06,3.188284750000000000e+06,2.835638750000000000e+06,2.347448750000000000e+06,1.535631000000000000e+06,5.513222500000000000e+05,6.797223437500000000e+04
1.170178906250000000e+05,1.169893046875000000e+05,1.168881875000000000e+05,1.166898671875000000e+05,1.163684375000000000e+05,1.158978515625000000e+05,1.152529687500000000e+05,1.144136171875000000e+05,1.133955156250000000e+05,1.122355859375000000e+05,1.109714296875000000e+05,1.108332968750000000e+05,1.114425468750000000e+05,1.120226015625000000e+05,1.125922421875000000e+05,1.131771328125000000e+05,1.138100234375000000e+05,1.145257187500000000e+05,1.153549687500000000e+05,1.163214609375000000e+05,1.174493125000000000e+05,1.187582031250000000e+05,1.202636953125000000e+05,1.219798046875000000e+05,1.239077500000000000e+05,1.260439296875000000e+05,1.283850156250000000e+05,1.309283984375000000e+05,1.344089843750000000e+05,1.400234375000000000e+05,1.460912656250000000e+05,1.526157343750000000e+05,1.596669218750000000e+05,1.661777656250000000e+05,1.692782187500000000e+05,1.674634843750000000e+05,1.634147343750000000e+05,1.521488593750000000e+05,1.049395781250000000e+05,3.094394335937500000e+04,1.796770141601562500e+03
6.321273500000000000e+06,6.307806500000000000e+06,6.268445500000000000e+06,6.204165500000000000e+06,6.115660000000000000e+06,6.013086000000000000e+06,5.948185500000000000e+06,5.861871000000000000e+06,5.757340500000000000e+06,5.640857000000000000e+06,5.519828000000000000e+06,5.402162500000000000e+06,5.292825500000000000e+06,5.221589000000000000e+06,5.331429500000000000e+06,5.435312500000000000e+06,5.538341000000000000e+06,5.644719500000000000e+06,5.757418500000000000e+06,5.877998000000000000e+06,6.007304000000000000e+06,6.145446000000000000e+06,6.291910500000000000e+06,6.445666500000000000e+06,6.604641500000000000e+06,6.766125000000000000e+06,6.926372500000000000e+06,7.160900000000000000e+06,7.449252000000000000e+06,7.737036000000000000e+06,8.007866000000000000e+06,8.242933000000000000e+06,8.419591000000000000e+06,8.471873000000000000e+06,8.272782000000000000e+06,7.749138000000000000e+06,6.973453500000000000e+06,5.820163500000000000e+06,3.622838750000000000e+06,9.641336875000000000e+05,2.015481445312500000e+04
4.681121875000000000e+05,4.657777187500000000e+05,4.591013125000000000e+05,4.485541875000000000e+05,4.346038750000000000e+05,4.177376562500000000e+05,3.984788125000000000e+05,3.774185312500000000e+05,3.554351250000000000e+05,3.335279375000000000e+05,3.126352500000000000e+05,2.935748750000000000e+05,2.766630625000000000e+05,2.619894843750000000e+05,2.496566093750000000e+05,2.396550937500000000e+05,2.318263750000000000e+05,2.260254843750000000e+05,2.220767343750000000e+05,2.197436718750000000e+05,2.198701093750000000e+05,2.235050312500000000e+05,2.285023281250000000e+05,2.347212187500000000e+05,2.420614531250000000e+05,2.504291718750000000e+05,2.597466093750000000e+05,2.699672500000000000e+05,2.810272812500000000e+05,2.928044062500000000e+05,3.051362812500000000e+05,3.177654375000000000e+05,3.303172812500000000e+05,3.416419062500000000e+05,3.494624687500000000e+05,3.511961562500000000e+05,3.441259687500000000e+05,3.217949062500000000e+05,2.673583437500000000e+05,1.744108750000000000e+05,7.486378125000000000e+04
8.086915000000000000e+05,8.107783750000000000e+05,8.161824375000000000e+05,8.234815000000000000e+05,8.311440625000000000e+05,8.376171875000000000e+05,8.443632500000000000e+05,8.555153750000000000e+05,8.611991875000000000e+05,8.607340000000000000e+05,8.571235000000000000e+05,8.609360625000000000e+05,8.559015000000000000e+05,8.433641250000000000e+05,8.247446250000000000e+05,8.015944375000000000e+05,7.943636875000000000e+05,7.968751250000000000e+05,7.933341875000000000e+05,7.858974375000000000e+05,7.764686250000000000e+05,7.664161250000000000e+05,7.566555625000000000e+05,7.478971250000000000e+05,7.403588125000000000e+05,7.340529375000000000e+05,7.287415000000000000e+05,7.238659375000000000e+05,7.236730000000000000e+05,7.324416875000000000e+05,7.400135000000000000e+05,7.444835000000000000e+05,7.435720625000000000e+05,7.322490625000000000e+05,7.017698125000000000e+05,6.470263125000000000e+05,5.724671250000000000e+05,4.711033437500000000e+05,3.031147812500000000e+05,1.015991093750000000e+05,1.083008886718750000e+04
8.258943125000000000e+05,8.299971875000000000e+05,8.415244375000000000e+05,8.593148750000000000e+05,8.822116875000000000e+05,9.090698750000000000e+05,9.424054375000000000e+05,9.775006875000000000e+05,1.013377250000000000e+06,1.049264500000000000e+06,1.092438750000000000e+06,1.134396125000000000e+06,1.173982500000000000e+06,1.210880375000000000e+06,1.252786000000000000e+06,1.296672625000000000e+06,1.336503750000000000e+06,1.372405375000000000e+06,1.404434500000000000e+06,1.432543875000000000e+06,1.468115875000000000e+06,1.507299000000000000e+06,1.540870375000000000e+06,1.568180875000000000e+06,1.588098250000000000e+06,1.599270500000000000e+06,1.600082375000000000e+06,1.596389625000000000e+06,1.650731625000000000e+06,1.683016500000000000e+06,1.688145250000000000e+06,1.661357125000000000e+06,1.598646250000000000e+06,1.494548500000000000e+06,1.341882250000000000e+06,1.196216625000000000e+06,1.017561875000000000e+06,8.018236875000000000e+05,5.083263437500000000e+05,1.805210312500000000e+05,2.099793554687500000e+04
3.134671750000000000e+06,3.135458000000000000e+06,3.136429250000000000e+06,3.135289750000000000e+06,3.129591250000000000e+06,3.116886750000000000e+06,3.094868750000000000e+06,3.061706750000000000e+06,3.018146750000000000e+06,2.973206250000000000e+06,2.938923750000000000e+06,2.899936250000000000e+06,2.857198750000000000e+06,2.811267750000000000e+06,2.762934750000000000e+06,2.713109750000000000e+06,2.694646250000000000e+06,2.682079500000000000e+06,2.667004250000000000e+06,2.649694500000000000e+06,2.630358000000000000e+06,2.608786750000000000e+06,2.593077750000000000e+06,2.693056500000000000e+06,2.777654500000000000e+06,2.844856000000000000e+06,2.891931750000000000e+06,2.915342500000000000e+06,2.910940500000000000e+06,2.873176000000000000e+06,2.796265250000000000e+06,2.720447500000000000e+06,2.634661500000000000e+06,2.494672750000000000e+06,2.281554250000000000e+06,1.990666125000000000e+06,1.647525250000000000e+06,1.253581750000000000e+06,7.441103750000000000e+05,2.289715625000000000e+05,1.917432226562500000e+04
8.239443750000000000e+05,8.262973750000000000e+05,8.323930625000000000e+05,8.407121250000000000e+05,8.496929375000000000e+05,8.577965625000000000e+05,8.635628750000000000e+05,8.657757500000000000e+05,8.669722500000000000e+05,8.741313125000000000e+05,8.792075000000000000e+05,8.832745000000000000e+05,8.866580000000000000e+05,8.893513750000000000e+05,8.914101250000000000e+05,8.930566250000000000e+05,9.005181875000000000e+05,9.373009375000000000e+05,9.727994375000000000e+05,1.007435687500000000e+06,1.041589875000000000e+06,1.075618375000000000e+06,1.109847500000000000e+06,1.144549750000000000e+06,1.179843500000000000e+06,1.215765875000000000e+06,1.252281625000000000e+06,1.289270125000000000e+06,1.342041000000000000e+06,1.410371625000000000e+06,1.482395125000000000e+06,1.557064125000000000e+06,1.633050125000000000e+06,1.701019000000000000e+06,1.739176500000000000e+06,1.731315625000000000e+06,1.681665250000000000e+06,1.547749250000000000e+06,1.147236250000000000e+06,5.069022812500000000e+05,1.025570078125000000e+05
1.022383562500000000e+06,1.021541000000000000e+06,1.018861312500000000e+06,1.013954687500000000e+06,1.007474625000000000e+06,9.999906875000000000e+05,9.890552500000000000e+05,9.744059375000000000e+05,9.565936250000000000e+05,9.424931875000000000e+05,9.284868750000000000e+05,9.141941250000000000e+05,9.003383750000000000e+05,8.936553125000000000e+05,8.917829375000000000e+05,8.900902500000000000e+05,8.887411875000000000e+05,8.877726875000000000e+05,8.923645625000000000e+05,9.044643750000000000e+05,9.145765625000000000e+05,9.222285625000000000e+05,9.268120000000000000e+05,9.276085625000000000e+05,9.237956250000000000e+05,9.193430625000000000e+05,9.454905625000000000e+05,9.612046250000000000e+05,9.648719375000000000e+05,9.546079375000000000e+05,9.285701250000000000e+05,8.855200625000000000e+05,8.249540625000000000e+05,7.462689375000000000e+05,6.722848750000000000e+05,5.786548750000000000e+05,4.729492500000000000e+05,3.560057187500000000e+05,2.086369062500000000e+05,5.966442187500000000e+04,3.477946777343750000e+03
1.781829750000000000e+06,1.773085750000000000e+06,1.748410625000000000e+06,1.710020000000000000e+06,1.660021875000000000e+06,1.600479625000000000e+06,1.537115000000000000e+06,1.468719875000000000e+06,1.397151750000000000e+06,1.324955000000000000e+06,1.254819625000000000e+06,1.193896875000000000e+06,1.141570625000000000e+06,1.094142000000000000e+06,1.052118750000000000e+06,1.015558687500000000e+06,9.939830000000000000e+05,9.763383750000000000e+05,9.607551875000000000e+05,9.463353750000000000e+05,9.320540625000000000e+05,9.264844375000000000e+05,9.232118125000000000e+05,9.153876875000000000e+05,9.022375625000000000e+05,8.830081250000000000e+05,8.570507500000000000e+05,8.285067500000000000e+05,8.294257500000000000e+05,8.163080625000000000e+05,7.884631875000000000e+05,7.456746875000000000e+05,6.883230625000000000e+05,6.166527500000000000e+05,5.310935000000000000e+05,4.543820937500000000e+05,3.705954687500000000e+05,2.806914375000000000e+05,1.744407500000000000e+05,6.465901562500000000e+04,1.021997558593750000e+04
7.202243500000000000e+06,7.196453000000000000e+06,7.176824000000000000e+06,7.139628000000000000e+06,7.081032000000000000e+06,6.997482500000000000e+06,6.886020500000000000e+06,6.745076000000000000e+06,6.579690500000000000e+06,6.398468000000000000e+06,6.209768000000000000e+06,6.114985000000000000e+06,6.061124500000000000e+06,6.004474500000000000e+06,5.946273500000000000e+06,5.887854500000000000e+06,5.830259500000000000e+06,5.774355000000000000e+06,5.719722000000000000e+06,5.664113500000000000e+06,5.604966500000000000e+06,5.539010000000000000e+06,5.462316000000000000e+06,5.370741500000000000e+06,5.259738000000000000e+06,5.124664000000000000e+06,4.961083500000000000e+06,4.847975500000000000e+06,4.711656500000000000e+06,4.538405500000000000e+06,4.322319000000000000e+06,4.058606000000000000e+06,3.743784000000000000e+06,3.373756750000000000e+06,2.943942000000000000e+06,2.459286500000000000e+06,1.943889625000000000e+06,1.414651875000000000e+06,8.538364375000000000e+05,3.302570000000000000e+05,5.993748437500000000e+04
6.251510000000000000e+06,6.247919500000000000e+06,6.235493000000000000e+06,6.211490500000000000e+06,6.195432500000000000e+06,6.184156000000000000e+06,6.155466500000000000e+06,6.104484500000000000e+06,6.029136500000000000e+06,5.929344500000000000e+06,5.805746000000000000e+06,5.659767000000000000e+06,5.494098500000000000e+06,5.312009000000000000e+06,5.116846500000000000e+06,4.917390000000000000e+06,4.835384500000000000e+06,4.731337500000000000e+06,4.609105000000000000e+06,4.471552500000000000e+06,4.321117500000000000e+06,4.159275750000000000e+06,3.986714250000000000e+06,3.803865500000000000e+06,3.610620250000000000e+06,3.406744250000000000e+06,3.192041500000000000e+06,2.966434250000000000e+06,2.730132250000000000e+06,2.487663000000000000e+06,2.284693500000000000e+06,2.071831250000000000e+06,1.848981250000000000e+06,1.616245875000000000e+06,1.373827875000000000e+06,1.123942750000000000e+06,8.737968125000000000e+05,6.301050000000000000e+05,3.894286250000000000e+05,1.692306093750000000e+05,4.131801171875000000e+04
1.918092578125000000e+04,1.922383789062500000e+04,1.934307421875000000e+04,1.954742187500000000e+04,1.985066992187500000e+04,2.019869531250000000e+04,2.057179882812500000e+04,2.095043359375000000e+04,2.131971289062500000e+04,2.167943750000000000e+04,2.223959375000000000e+04,2.275211132812500000e+04,2.320242187500000000e+04,2.357709375000000000e+04,2.388072851562500000e+04,2.450358007812500000e+04,2.499141796875000000e+04,2.533844531250000000e+04,2.554201757812500000e+04,2.560317382812500000e+04,2.552402734375000000e+04,2.657437890625000000e+04,2.737030273437500000e+04,2.790739648437500000e+04,2.819398046875000000e+04,2.823981640625000000e+04,2.805447070312500000e+04,2.764679882812500000e+04,2.702646875000000000e+04,2.620510156250000000e+04,2.576168750000000000e+04,2.529192187500000000e+04,2.467168750000000000e+04,2.390942578125000000e+04,2.306012695312500000e+04,2.208519726562500000e+04,2.072013671875000000e+04,1.896189062500000000e+04,1.770487500000000000e+04,1.712303906250000000e+04,1.370803613281250000e+04
2.848935000000000000e+06,2.839084250000000000e+06,2.811183750000000000e+06,2.768247500000000000e+06,2.711709250000000000e+06,2.643614250000000000e+06,2.565985750000000000e+06,2.480891000000000000e+06,2.391096750000000000e+06,2.299719500000000000e+06,2.209760750000000000e+06,2.123991250000000000e+06,2.044135625000000000e+06,1.971401375000000000e+06,1.906975000000000000e+06,1.853629000000000000e+06,1.814703250000000000e+06,1.784847875000000000e+06,1.764057750000000000e+06,1.751935000000000000e+06,1.748101750000000000e+06,1.752076625000000000e+06,1.766480125000000000e+06,1.800654250000000000e+06,1.840977250000000000e+06,1.886760125000000000e+06,1.937245750000000000e+06,1.991603250000000000e+06,2.070444000000000000e+06,2.167017250000000000e+06,2.259698250000000000e+06,2.344392000000000000e+06,2.416937250000000000e+06,2.618887250000000000e+06,2.791881750000000000e+06,2.841272000000000000e+06,2.781874500000000000e+06,2.628761500000000000e+06,1.958655625000000000e+06,6.401216250000000000e+05,1.292941503906250000e+04
1.411073250000000000e+06,1.410136625000000000e+06,1.407261250000000000e+06,1.402297875000000000e+06,1.395051375000000000e+06,1.385306125000000000e+06,1.375837875000000000e+06,1.372390250000000000e+06,1.366604750000000000e+06,1.358612500000000000e+06,1.348636125000000000e+06,1.336977125000000000e+06,1.323892250000000000e+06,1.309658625000000000e+06,1.294637750000000000e+06,1.285644750000000000e+06,1.323948875000000000e+06,1.359197875000000000e+06,1.391845250000000000e+06,1.422385250000000000e+06,1.451325500000000000e+06,1.479169500000000000e+06,1.506386250000000000e+06,1.533386125000000000e+06,1.560425625000000000e+06,1.587658125000000000e+06,1.648735125000000000e+06,1.718272750000000000e+06,1.793812875000000000e+06,1.873911500000000000e+06,1.956476750000000000e+06,2.039374375000000000e+06,2.120028750000000000e+06,2.184585750000000000e+06,2.202209000000000000e+06,2.151887500000000000e+06,2.044038500000000000e+06,1.827934875000000000e+06,1.274455375000000000e+06,4.640538125000000000e+05,5.213332421875000000e+04
1.461893437500000000e+05,1.459149843750000000e+05,1.450809375000000000e+05,1.436618593750000000e+05,1.418781875000000000e+05,1.400299843750000000e+05,1.375368750000000000e+05,1.343662500000000000e+05,1.306473984375000000e+05,1.265977734375000000e+05,1.224334765625000000e+05,1.183549921875000000e+05,1.144686718750000000e+05,1.121100625000000000e+05,1.100648984375000000e+05,1.082663281250000000e+05,1.067575000000000000e+05,1.055790937500000000e+05,1.047500625000000000e+05,1.042568359375000000e+05,1.040804765625000000e+05,1.073665468750000000e+05,1.119138984375000000e+05,1.165402890625000000e+05,1.212146484375000000e+05,1.258854843750000000e+05,1.304715546875000000e+05,1.348554687500000000e+05,1.388978593750000000e+05,1.424434531250000000e+05,1.453079687500000000e+05,1.509927968750000000e+05,1.564157968750000000e+05,1.610355468750000000e+05,1.651015468750000000e+05,1.676546406250000000e+05,1.644855625000000000e+05,1.543394531250000000e+05,1.481904218750000000e+05,1.476511718750000000e+05,1.027441015625000000e+05
5.300373750000000000e+05,5.300427500000000000e+05,5.299313125000000000e+05,5.294950625000000000e+05,5.285097500000000000e+05,5.281798125000000000e+05,5.381024375000000000e+05,5.476316250000000000e+05,5.560851250000000000e+05,5.628245000000000000e+05,5.672654375000000000e+05,5.689215625000000000e+05,5.676183750000000000e+05,5.633598125000000000e+05,5.562051250000000000e+05,5.463317500000000000e+05,5.340358750000000000e+05,5.196303750000000000e+05,5.034336875000000000e+05,4.857585937500000000e+05,4.670916562500000000e+05,4.529417812500000000e+05,4.378637500000000000e+05,4.219947812500000000e+05,4.054055625000000000e+05,3.881425312500000000e+05,3.702125937500000000e+05,3.515705937500000000e+05,3.321679687500000000e+05,3.119514062500000000e+05,2.908643750000000000e+05,2.687686875000000000e+05,2.455002968750000000e+05,2.211512343750000000e+05,1.960928281250000000e+05,1.701861250000000000e+05,1.424494531250000000e+05,1.135956718750000000e+05,8.757646093750000000e+04,6.443762500000000000e+04,3.654550781250000000e+04
8.278801250000000000e+05,8.326834375000000000e+05,8.457120625000000000e+05,8.647711875000000000e+05,8.875805625000000000e+05,9.142006250000000000e+05,9.428578750000000000e+05,9.686396875000000000e+05,9.957408125000000000e+05,1.024912125000000000e+06,1.050406875000000000e+06,1.079196750000000000e+06,1.115792750000000000e+06,1.147837500000000000e+06,1.175498250000000000e+06,1.215491000000000000e+06,1.259253875000000000e+06,1.297865250000000000e+06,1.332178500000000000e+06,1.362744250000000000e+06,1.389964000000000000e+06,1.465121750000000000e+06,1.548612625000000000e+06,1.625070750000000000e+06,1.693963500000000000e+06,1.754289000000000000e+06,1.804424250000000000e+06,1.841950000000000000e+06,1.863932875000000000e+06,1.866046375000000000e+06,1.843565250000000000e+06,1.841262625000000000e+06,1.812094375000000000e+06,1.745268000000000000e+06,1.624667750000000000e+06,1.443991875000000000e+06,1.219409625000000000e+06,9.476781875000000000e+05,5.700919375000000000e+05,1.704835781250000000e+05,1.163862890625000000e+04
2.922708125000000000e+05,2.926784687500000000e+05,2.938524687500000000e+05,2.957144375000000000e+05,2.981804062500000000e+05,3.011616250000000000e+05,3.045657812500000000e+05,3.088609687500000000e+05,3.136112500000000000e+05,3.185604375000000000e+05,3.236097187500000000e+05,3.286573750000000000e+05,3.337763125000000000e+05,3.395711875000000000e+05,3.448675312500000000e+05,3.494765000000000000e+05,3.532000937500000000e+05,3.574482500000000000e+05,3.612869062500000000e+05,3.634935625000000000e+05,3.638590937500000000e+05,3.628795000000000000e+05,3.633324375000000000e+05,3.610200312500000000e+05,3.558051875000000000e+05,3.475880625000000000e+05,3.394680625000000000e+05,3.312807500000000000e+05,3.190427812500000000e+05,3.028165937500000000e+05,2.827488437500000000e+05,2.688489375000000000e+05,2.583753125000000000e+05,2.403622343750000000e+05,2.151418437500000000e+05,1.836729531250000000e+05,1.519389218750000000e+05,1.220892265625000000e+05,8.722715625000000000e+04,4.822530078125000000e+04,1.843513671875000000e+04
1.305762734375000000e+05,1.309128125000000000e+05,1.317510000000000000e+05,1.328225468750000000e+05,1.338535625000000000e+05,1.345755468750000000e+05,1.347354687500000000e+05,1.342497812500000000e+05,1.338662343750000000e+05,1.328858750000000000e+05,1.315572656250000000e+05,1.300999453125000000e+05,1.285886562500000000e+05,1.270346406250000000e+05,1.254574843750000000e+05,1.238985781250000000e+05,1.236731171875000000e+05,1.236972343750000000e+05,1.238382656250000000e+05,1.241240000000000000e+05,1.245800312500000000e+05,1.252237265625000000e+05,1.260638593750000000e+05,1.271037578125000000e+05,1.310490078125000000e+05,1.381418281250000000e+05,1.453597968750000000e+05,1.526427500000000000e+05,1.598809531250000000e+05,1.668064062500000000e+05,1.730590937500000000e+05,1.782222343750000000e+05,1.818163281250000000e+05,1.889699687500000000e+05,1.926025937500000000e+05,1.906261562500000000e+05,1.832462031250000000e+05,1.663200312500000000e+05,1.220288437500000000e+05,5.293122265625000000e+04,1.131584667968750000e+04
5.523729500000000000e+06,5.495928500000000000e+06,5.417512000000000000e+06,5.336435500000000000e+06,5.248852500000000000e+06,5.142062000000000000e+06,5.018770500000000000e+06,4.882422000000000000e+06,4.738805000000000000e+06,4.595327000000000000e+06,4.460014500000000000e+06,4.340865000000000000e+06,4.241011500000000000e+06,4.161329250000000000e+06,4.103083000000000000e+06,4.066524250000000000e+06,4.050236500000000000e+06,4.052692750000000000e+06,4.071988250000000000e+06,4.157423500000000000e+06,4.281937500000000000e+06,4.423562500000000000e+06,4.580116000000000000e+06,4.749119000000000000e+06,4.928433500000000000e+06,5.115849000000000000e+06,5.309173000000000000e+06,5.506450000000000000e+06,5.704457500000000000e+06,5.894535000000000000e+06,6.065737000000000000e+06,6.208803500000000000e+06,6.314796000000000000e+06,6.334578000000000000e+06,6.163814000000000000e+06,5.757947500000000000e+06,5.212274500000000000e+06,4.410828500000000000e+06,2.710399250000000000e+06,6.584890000000000000e+05,7.700347167968750000e+03
7.621246000000000000e+06,7.586114000000000000e+06,7.484487000000000000e+06,7.322329000000000000e+06,7.164500000000000000e+06,6.971410000000000000e+06,6.740835500000000000e+06,6.475768500000000000e+06,6.183317500000000000e+06,5.872944000000000000e+06,5.554144000000000000e+06,5.235905000000000000e+06,4.923803500000000000e+06,4.621759000000000000e+06,4.333628000000000000e+06,4.061835000000000000e+06,3.806966500000000000e+06,3.569449500000000000e+06,3.348781000000000000e+06,3.143183000000000000e+06,2.950844250000000000e+06,2.769675000000000000e+06,2.597366500000000000e+06,2.431735500000000000e+06,2.270787500000000000e+06,2.128511500000000000e+06,2.002399000000000000e+06,1.875277625000000000e+06,1.745757000000000000e+06,1.612878125000000000e+06,1.475906000000000000e+06,1.334414625000000000e+06,1.188337125000000000e+06,1.038178125000000000e+06,8.850391250000000000e+05,7.302521875000000000e+05,5.759431875000000000e+05,4.261168750000000000e+05,2.853730000000000000e+05,1.593560625000000000e+05,6.328671484375000000e+04
1.847993281250000000e+05,1.840428437500000000e+05,1.818513437500000000e+05,1.783418281250000000e+05,1.736346875000000000e+05,1.678572968750000000e+05,1.625476875000000000e+05,1.582126406250000000e+05,1.531489843750000000e+05,1.475879375000000000e+05,1.417764843750000000e+05,1.359607500000000000e+05,1.302966328125000000e+05,1.248999375000000000e+05,1.198938593750000000e+05,1.153730937500000000e+05,1.113883671875000000e+05,1.079866328125000000e+05,1.051873125000000000e+05,1.029692421875000000e+05,1.013072421875000000e+05,1.001614062500000000e+05,1.006251093750000000e+05,1.020559296875000000e+05,1.039902734375000000e+05,1.063740703125000000e+05,1.091412109375000000e+05,1.122075390625000000e+05,1.154629218750000000e+05,1.187184140625000000e+05,1.217376718750000000e+05,1.242233203125000000e+05,1.258103281250000000e+05,1.257935937500000000e+05,1.230158671875000000e+05,1.166200546875000000e+05,1.066249062500000000e+05,9.186132812500000000e+04,6.737764062500000000e+04,3.503069921875000000e+04,1.250407519531250000e+04
2.430602031250000000e+05,2.425279218750000000e+05,2.409582187500000000e+05,2.383894062500000000e+05,2.348588906250000000e+05,2.304058593750000000e+05,2.250737500000000000e+05,2.189196093750000000e+05,2.120844375000000000e+05,2.047553906250000000e+05,1.971160312500000000e+05,1.893411406250000000e+05,1.815728750000000000e+05,1.739355625000000000e+05,1.665487343750000000e+05,1.595115937500000000e+05,1.528984375000000000e+05,1.467787187500000000e+05,1.411999687500000000e+05,1.388603125000000000e+05,1.379129531250000000e+05,1.373832656250000000e+05,1.372953437500000000e+05,1.376710000000000000e+05,1.385097656250000000e+05,1.398022343750000000e+05,1.415187812500000000e+05,1.435989218750000000e+05,1.459621875000000000e+05,1.484691406250000000e+05,1.509389218750000000e+05,1.554521406250000000e+05,1.617345781250000000e+05,1.678389531250000000e+05,1.732140781250000000e+05,1.765788906250000000e+05,1.748825781250000000e+05,1.654064062500000000e+05,1.485815781250000000e+05,1.207782578125000000e+05,6.785638281250000000e+04
4.054107250000000000e+06,4.056219250000000000e+06,4.061574500000000000e+06,4.068308250000000000e+06,4.083308750000000000e+06,4.097945500000000000e+06,4.108045250000000000e+06,4.111002250000000000e+06,4.105124000000000000e+06,4.115283750000000000e+06,4.120113500000000000e+06,4.113234000000000000e+06,4.096121750000000000e+06,4.097595750000000000e+06,4.111370250000000000e+06,4.115891250000000000e+06,4.113908250000000000e+06,4.107946250000000000e+06,4.105708000000000000e+06,4.154265500000000000e+06,4.196773500000000000e+06,4.233865000000000000e+06,4.265031000000000000e+06,4.289091500000000000e+06,4.303275500000000000e+06,4.304005500000000000e+06,4.348344500000000000e+06,4.501542500000000000e+06,4.616884500000000000e+06,4.681820500000000000e+06,4.681935500000000000e+06,4.603011000000000000e+06,4.432150000000000000e+06,4.149890000000000000e+06,3.815596000000000000e+06,3.418326500000000000e+06,2.915199750000000000e+06,2.290671750000000000e+06,1.402242875000000000e+06,4.048416875000000000e+05,1.157695605468750000e+04
4.433233000000000000e+06,4.420533000000000000e+06,4.383724500000000000e+06,4.324750000000000000e+06,4.245565000000000000e+06,4.148142250000000000e+06,4.037613000000000000e+06,3.918247750000000000e+06,3.788121000000000000e+06,3.650784500000000000e+06,3.509740250000000000e+06,3.368327000000000000e+06,3.229041500000000000e+06,3.093940250000000000e+06,2.965016000000000000e+06,2.843669000000000000e+06,2.730556500000000000e+06,2.638443000000000000e+06,2.559845500000000000e+06,2.488247000000000000e+06,2.423070750000000000e+06,2.363238500000000000e+06,2.307213250000000000e+06,2.253348500000000000e+06,2.203661000000000000e+06,2.178292000000000000e+06,2.145865250000000000e+06,2.103342250000000000e+06,2.047497125000000000e+06,1.974630750000000000e+06,1.881132250000000000e+06,1.867727125000000000e+06,1.825497625000000000e+06,1.731973375000000000e+06,1.578335250000000000e+06,1.364143500000000000e+06,1.142525500000000000e+06,9.122030625000000000e+05,6.005212500000000000e+05,2.338832812500000000e+05,3.081058398437500000e+04
4.909034500000000000e+06,4.926315500000000000e+06,4.975306000000000000e+06,5.051727500000000000e+06,5.151292500000000000e+06,5.283274000000000000e+06,5.469412000000000000e+06,5.670112500000000000e+06,5.878996000000000000e+06,6.089463000000000000e+06,6.302728500000000000e+06,6.615004500000000000e+06,6.906715500000000000e+06,7.175438000000000000e+06,7.418847500000000000e+06,7.636169000000000000e+06,7.828661000000000000e+06,8.225613500000000000e+06,8.684346000000000000e+06,9.100223000000000000e+06,9.478390000000000000e+06,9.822450000000000000e+06,1.013437100000000000e+07,1.041521500000000000e+07,1.066168600000000000e+07,1.086845400000000000e+07,1.102693900000000000e+07,1.112418400000000000e+07,1.114456000000000000e+07,1.111939000000000000e+07,1.116113400000000000e+07,1.108282100000000000e+07,1.085151800000000000e+07,1.040960000000000000e+07,9.668916000000000000e+06,8.590915000000000000e+06,7.251872500000000000e+06,5.631818000000000000e+06,3.423722250000000000e+06,1.070697625000000000e+06,7.509930468750000000e+04
6.622668500000000000e+06,6.641070000000000000e+06,6.690533500000000000e+06,6.762102500000000000e+06,6.846536000000000000e+06,6.934523000000000000e+06,7.016886500000000000e+06,7.085380500000000000e+06,7.138569000000000000e+06,7.179078500000000000e+06,7.278507500000000000e+06,7.398322500000000000e+06,7.509150500000000000e+06,7.608833500000000000e+06,7.695728500000000000e+06,7.769747000000000000e+06,7.832524500000000000e+06,8.071591000000000000e+06,8.475497000000000000e+06,8.854793000000000000e+06,9.211221000000000000e+06,9.547360000000000000e+06,9.866457000000000000e+06,1.017166400000000000e+07,1.046548800000000000e+07,1.075004700000000000e+07,1.102743400000000000e+07,1.145660400000000000e+07,1.201413500000000000e+07,1.260528300000000000e+07,1.321813600000000000e+07,1.384951700000000000e+07,1.450121000000000000e+07,1.506956600000000000e+07,1.528568800000000000e+07,1.500459300000000000e+07,1.445343900000000000e+07,1.317580200000000000e+07,8.713466000000000000e+06,2.221177000000000000e+06,1.659201562500000000e+04
1.810519000000000000e+06,1.808258000000000000e+06,1.801449375000000000e+06,1.789966125000000000e+06,1.773606250000000000e+06,1.752142000000000000e+06,1.725363750000000000e+06,1.693157250000000000e+06,1.665776500000000000e+06,1.635653500000000000e+06,1.601320625000000000e+06,1.563480625000000000e+06,1.522974625000000000e+06,1.480734750000000000e+06,1.437763625000000000e+06,1.402315875000000000e+06,1.377039000000000000e+06,1.351778875000000000e+06,1.327467250000000000e+06,1.304813750000000000e+06,1.284446875000000000e+06,1.266742125000000000e+06,1.251843125000000000e+06,1.239780875000000000e+06,1.270834375000000000e+06,1.311190250000000000e+06,1.351635500000000000e+06,1.391250500000000000e+06,1.428592000000000000e+06,1.460855750000000000e+06,1.484449125000000000e+06,1.494944250000000000e+06,1.487243875000000000e+06,1.486173875000000000e+06,1.468846375000000000e+06,1.408064375000000000e+06,1.299500500000000000e+06,1.123177125000000000e+06,8.100265625000000000e+05,3.769202187500000000e+05,8.306914062500000000e+04
3.499977000000000000e+06,3.501733250000000000e+06,3.505128250000000000e+06,3.507162500000000000e+06,3.504726750000000000e+06,3.494765000000000000e+06,3.474417500000000000e+06,3.441441250000000000e+06,3.397067250000000000e+06,3.344489000000000000e+06,3.286875500000000000e+06,3.227132500000000000e+06,3.182500000000000000e+06,3.214071250000000000e+06,3.241689250000000000e+06,3.265504750000000000e+06,3.286108500000000000e+06,3.304153500000000000e+06,3.319798250000000000e+06,3.332404500000000000e+06,3.341193750000000000e+06,3.344932250000000000e+06,3.341918500000000000e+06,3.330212500000000000e+06,3.307206000000000000e+06,3.272091250000000000e+06,3.280481000000000000e+06,3.273153750000000000e+06,3.244981250000000000e+06,3.189763000000000000e+06,3.100944750000000000e+06,2.972610000000000000e+06,2.799660750000000000e+06,2.574794000000000000e+06,2.288519750000000000e+06,1.942824875000000000e+06,1.561486250000000000e+06,1.154622250000000000e+06,6.912602500000000000e+05,2.477545312500000000e+05,3.804865625000000000e+04
1.511099125000000000e+06,1.497113375000000000e+06,1.458026000000000000e+06,1.398416625000000000e+06,1.323044750000000000e+06,1.236649500000000000e+06,1.143783375000000000e+06,1.048699125000000000e+06,9.554250000000000000e+05,8.675566875000000000e+05,7.881006250000000000e+05,7.193104375000000000e+05,6.697993750000000000e+05,6.312021875000000000e+05,6.012453125000000000e+05,5.793510000000000000e+05,5.645844375000000000e+05,5.561116875000000000e+05,5.531406875000000000e+05,5.548529375000000000e+05,5.604509375000000000e+05,5.692901875000000000e+05,5.808492500000000000e+05,5.946073125000000000e+05,6.101871250000000000e+05,6.272388750000000000e+05,6.454771250000000000e+05,6.647332500000000000e+05,6.847224375000000000e+05,7.107727500000000000e+05,7.462136875000000000e+05,7.839845000000000000e+05,8.243449375000000000e+05,8.622052500000000000e+05,8.839179375000000000e+05,8.814240625000000000e+05,8.648049375000000000e+05,8.079314375000000000e+05,5.723247500000000000e+05,1.911918437500000000e+05,1.502783007812500000e+04
8.131499375000000000e+05,8.103281875000000000e+05,8.020130625000000000e+05,7.884313750000000000e+05,7.698310625000000000e+05,7.465034375000000000e+05,7.187991250000000000e+05,6.871838125000000000e+05,6.526401250000000000e+05,6.163970625000000000e+05,5.796101250000000000e+05,5.528568750000000000e+05,5.272632500000000000e+05,5.019874062500000000e+05,4.773724375000000000e+05,4.536748125000000000e+05,4.310158125000000000e+05,4.095025000000000000e+05,3.891407187500000000e+05,3.697958750000000000e+05,3.513259062500000000e+05,3.335558125000000000e+05,3.162821875000000000e+05,2.993079375000000000e+05,2.824476562500000000e+05,2.655278750000000000e+05,2.484062343750000000e+05,2.327830625000000000e+05,2.191472031250000000e+05,2.049984218750000000e+05,1.902328125000000000e+05,1.747649531250000000e+05,1.585366406250000000e+05,1.415683281250000000e+05,1.239640781250000000e+05,1.057811250000000000e+05,8.705179687500000000e+04,6.818111718750000000e+04,4.993168750000000000e+04,3.265937304687500000e+04,1.731294335937500000e+04
2.515135937500000000e+04,2.519844335937500000e+04,2.531075585937500000e+04,2.544208789062500000e+04,2.554491796875000000e+04,2.557316210937500000e+04,2.548454687500000000e+04,2.535849218750000000e+04,2.518353515625000000e+04,2.489361718750000000e+04,2.453480078125000000e+04,2.414837109375000000e+04,2.374944531250000000e+04,2.334187695312500000e+04,2.308091992187500000e+04,2.296090625000000000e+04,2.282752539062500000e+04,2.269369726562500000e+04,2.256794531250000000e+04,2.245271875000000000e+04,2.234939648437500000e+04,2.225780273437500000e+04,2.258729687500000000e+04,2.342116015625000000e+04,2.422405078125000000e+04,2.499701562500000000e+04,2.573792187500000000e+04,2.644068359375000000e+04,2.710019335937500000e+04,2.772394726562500000e+04,2.832054687500000000e+04,2.885311328125000000e+04,3.013871289062500000e+04,3.159671679687500000e+04,3.355967187500000000e+04,3.599267968750000000e+04,3.763565234375000000e+04,3.837165625000000000e+04,4.383754296875000000e+04,5.752989843750000000e+04,5.214826562500000000e+04
1.499470500000000000e+06,1.497040125000000000e+06,1.489350375000000000e+06,1.475639000000000000e+06,1.455037375000000000e+06,1.426703875000000000e+06,1.391786750000000000e+06,1.350176625000000000e+06,1.300496625000000000e+06,1.244527875000000000e+06,1.184126250000000000e+06,1.122881625000000000e+06,1.065648625000000000e+06,1.006722312500000000e+06,9.471323125000000000e+05,8.878208125000000000e+05,8.367703750000000000e+05,7.886698750000000000e+05,7.408819375000000000e+05,6.938140625000000000e+05,6.478025000000000000e+05,6.143865000000000000e+05,5.798550000000000000e+05,5.444016875000000000e+05,5.082467500000000000e+05,4.715305625000000000e+05,4.468365937500000000e+05,4.316887812500000000e+05,4.106245625000000000e+05,3.843153750000000000e+05,3.534135000000000000e+05,3.186781562500000000e+05,2.809860625000000000e+05,2.462780781250000000e+05,2.133905625000000000e+05,1.784965000000000000e+05,1.428737187500000000e+05,1.072371640625000000e+05,6.976182812500000000e+04,3.309096484375000000e+04,1.096610156250000000e+04
5.835191250000000000e+05,5.845230000000000000e+05,5.871177500000000000e+05,5.906448750000000000e+05,5.944189375000000000e+05,5.977488125000000000e+05,5.999583125000000000e+05,6.004481250000000000e+05,5.991129375000000000e+05,6.003523750000000000e+05,6.028115000000000000e+05,6.037557500000000000e+05,6.031017500000000000e+05,6.006656250000000000e+05,5.963031875000000000e+05,5.899566250000000000e+05,5.816527500000000000e+05,5.773404375000000000e+05,5.868977500000000000e+05,5.923743750000000000e+05,5.937777500000000000e+05,5.911643125000000000e+05,5.846310000000000000e+05,5.742843750000000000e+05,5.602512500000000000e+05,5.426740625000000000e+05,5.217032500000000000e+05,4.975014375000000000e+05,4.725713125000000000e+05,4.532710312500000000e+05,4.317355937500000000e+05,4.077425000000000000e+05,3.809411250000000000e+05,3.516278437500000000e+05,3.209075000000000000e+05,2.882363750000000000e+05,2.497827656250000000e+05,2.065880468750000000e+05,1.718075156250000000e+05,1.459447187500000000e+05,8.969582031250000000e+04
6.891449500000000000e+06,6.897310500000000000e+06,6.913534000000000000e+06,6.938052500000000000e+06,6.968767000000000000e+06,7.003559500000000000e+06,7.040299500000000000e+06,7.076956500000000000e+06,7.112525500000000000e+06,7.146607500000000000e+06,7.199097000000000000e+06,7.273201500000000000e+06,7.345306500000000000e+06,7.413691500000000000e+06,7.476583500000000000e+06,7.532094000000000000e+06,7.578171500000000000e+06,7.612664500000000000e+06,7.633012500000000000e+06,7.636094500000000000e+06,7.618658500000000000e+06,7.577028000000000000e+06,7.507175500000000000e+06,7.512781000000000000e+06,7.625844500000000000e+06,7.686983000000000000e+06,7.686989000000000000e+06,7.616349000000000000e+06,7.465735500000000000e+06,7.225765000000000000e+06,6.888313000000000000e+06,6.448859000000000000e+06,5.907337000000000000e+06,5.384686500000000000e+06,4.811210500000000000e+06,4.130986000000000000e+06,3.371216500000000000e+06,2.544505000000000000e+06,1.599191375000000000e+06,6.423507500000000000e+05,1.133653671875000000e+05
3.509130500000000000e+06,3.518731000000000000e+06,3.543137750000000000e+06,3.575467500000000000e+06,3.608601250000000000e+06,3.635387250000000000e+06,3.648863000000000000e+06,3.650078250000000000e+06,3.643402500000000000e+06,3.618469500000000000e+06,3.578520000000000000e+06,3.526421000000000000e+06,3.462749750000000000e+06,3.397088750000000000e+06,3.340361500000000000e+06,3.268793750000000000e+06,3.183822000000000000e+06,3.087008000000000000e+06,2.979718250000000000e+06,2.870691000000000000e+06,2.785817250000000000e+06,2.687510500000000000e+06,2.577007250000000000e+06,2.455515750000000000e+06,2.324069500000000000e+06,2.183665750000000000e+06,2.075975375000000000e+06,2.016338125000000000e+06,1.931262625000000000e+06,1.822249000000000000e+06,1.691049125000000000e+06,1.539829375000000000e+06,1.371436250000000000e+06,1.195999000000000000e+06,1.047955062500000000e+06,8.892491875000000000e+05,7.208888125000000000e+05,5.460783750000000000e+05,3.660233750000000000e+05,1.875728125000000000e+05,5.823532031250000000e+04
2.062681250000000000e+05,2.045133750000000000e+05,1.996320781250000000e+05,1.922037187500000000e+05,1.828082500000000000e+05,1.720986562500000000e+05,1.608106875000000000e+05,1.492066406250000000e+05,1.377692343750000000e+05,1.269466953125000000e+05,1.171607812500000000e+05,1.087698046875000000e+05,1.020756796875000000e+05,9.670567968750000000e+04,9.253895312500000000e+04,8.946375781250000000e+04,8.731231250000000000e+04,8.598481250000000000e+04,8.565939843750000000e+04,8.575085937500000000e+04,8.610393750000000000e+04,8.657908593750000000e+04,8.705024218750000000e+04,8.769705468750000000e+04,8.865299218750000000e+04,8.920511718750000000e+04,8.922335937500000000e+04,8.857985937500000000e+04,8.732318750000000000e+04,8.664214062500000000e+04,8.469256250000000000e+04,8.133299218750000000e+04,7.648325000000000000e+04,7.309847656250000000e+04,6.977810937500000000e+04,6.285942578125000000e+04,5.331620703125000000e+04,4.266949218750000000e+04,2.910471289062500000e+04,1.157132714843750000e+04,2.377398437500000000e+03
5.309577734375000000e+04,5.322368750000000000e+04,5.356816015625000000e+04,5.406940625000000000e+04,5.482053906250000000e+04,5.567089062500000000e+04,5.650276953125000000e+04,5.724826562500000000e+04,5.790537890625000000e+04,5.851132421875000000e+04,5.910397265625000000e+04,5.971739843750000000e+04,6.061906250000000000e+04,6.172044531250000000e+04,6.281525000000000000e+04,6.388985546875000000e+04,6.493673437500000000e+04,6.594803125000000000e+04,6.691042187500000000e+04,6.804532031250000000e+04,6.976117968750000000e+04,7.134145312500000000e+04,7.275332812500000000e+04,7.396153906250000000e+04,7.492764062500000000e+04,7.561110156250000000e+04,7.597035937500000000e+04,7.986292187500000000e+04,8.319185937500000000e+04,8.587439843750000000e+04,8.782680468750000000e+04,8.887896875000000000e+04,8.879982812500000000e+04,8.760787500000000000e+04,8.795108593750000000e+04,8.921173437500000000e+04,8.805271875000000000e+04,8.411403906250000000e+04,8.563728125000000000e+04,9.607067187500000000e+04,7.681840625000000000e+04
8.323517187500000000e+04,8.297125781250000000e+04,8.222100000000000000e+04,8.104298437500000000e+04,7.949267968750000000e+04,7.762454687500000000e+04,7.549382031250000000e+04,7.315950000000000000e+04,7.070167968750000000e+04,6.821323437500000000e+04,6.593322656250000000e+04,6.397068750000000000e+04,6.217142578125000000e+04,6.054639843750000000e+04,5.910942578125000000e+04,5.786060156250000000e+04,5.690100781250000000e+04,5.647243750000000000e+04,5.612388281250000000e+04,5.582496875000000000e+04,5.554228125000000000e+04,5.524385546875000000e+04,5.489880078125000000e+04,5.529589062500000000e+04,5.554490234375000000e+04,5.561789062500000000e+04,5.549230859375000000e+04,5.514621875000000000e+04,5.456187890625000000e+04,5.559630468750000000e+04,5.766939453125000000e+04,5.926147265625000000e+04,6.022268359375000000e+04,6.063249609375000000e+04,6.091552343750000000e+04,6.243155859375000000e+04,6.407301171875000000e+04,6.433833593750000000e+04,7.257490625000000000e+04,9.683294531250000000e+04,8.763215625000000000e+04
7.197239375000000000e+05,7.195656875000000000e+05,7.187741875000000000e+05,7.169325000000000000e+05,7.161066875000000000e+05,7.134039375000000000e+05,7.081203125000000000e+05,6.996731875000000000e+05,6.881721875000000000e+05,6.741186250000000000e+05,6.580100000000000000e+05,6.403018750000000000e+05,6.212320625000000000e+05,6.009483125000000000e+05,5.796173750000000000e+05,5.597177500000000000e+05,5.420431250000000000e+05,5.233951250000000000e+05,5.039230312500000000e+05,4.837129062500000000e+05,4.628521875000000000e+05,4.414023125000000000e+05,4.194017187500000000e+05,3.968888437500000000e+05,3.766150000000000000e+05,3.680660937500000000e+05,3.568585000000000000e+05,3.429909062500000000e+05,3.264882500000000000e+05,3.074156562500000000e+05,2.858733125000000000e+05,2.619796875000000000e+05,2.359225312500000000e+05,2.140090937500000000e+05,1.925766406250000000e+05,1.696093750000000000e+05,1.441860781250000000e+05,1.165995859375000000e+05,8.950932031250000000e+04,6.275624609375000000e+04,3.274350585937500000e+04
1.372977000000000000e+06,1.380108750000000000e+06,1.400004875000000000e+06,1.430380375000000000e+06,1.470585125000000000e+06,1.520952750000000000e+06,1.575269375000000000e+06,1.631044125000000000e+06,1.692580500000000000e+06,1.757708250000000000e+06,1.823009750000000000e+06,1.894879625000000000e+06,1.978562125000000000e+06,2.060243500000000000e+06,2.138895000000000000e+06,2.246557250000000000e+06,2.349018500000000000e+06,2.445382500000000000e+06,2.535410000000000000e+06,2.669743250000000000e+06,2.796181500000000000e+06,2.911825250000000000e+06,3.016152500000000000e+06,3.108396250000000000e+06,3.249941750000000000e+06,3.486928250000000000e+06,3.698437250000000000e+06,3.879614250000000000e+06,4.024396750000000000e+06,4.123409000000000000e+06,4.165833000000000000e+06,4.140337750000000000e+06,4.082402750000000000e+06,4.021645500000000000e+06,3.846569000000000000e+06,3.533167250000000000e+06,3.093764250000000000e+06,2.507278000000000000e+06,1.643301875000000000e+06,6.322426875000000000e+05,9.238646093750000000e+04
5.523729500000000000e+06,5.495928500000000000e+06,5.417512000000000000e+06,5.336435500000000000e+06,5.248852500000000000e+06,5.142062000000000000e+06,5.018770500000000000e+06,4.882422000000000000e+06,4.738805000000000000e+06,4.595327000000000000e+06,4.460014500000000000e+06,4.340865000000000000e+06,4.241011500000000000e+06,4.161329250000000000e+06,4.103083000000000000e+06,4.066524250000000000e+06,4.050236500000000000e+06,4.052692750000000000e+06,4.071988250000000000e+06,4.157423500000000000e+06,4.281937500000000000e+06,4.423562500000000000e+06,4.580116000000000000e+06,4.749119000000000000e+06,4.928433500000000000e+06,5.115849000000000000e+06,5.309173000000000000e+06,5.506450000000000000e+06,5.704457500000000000e+06,5.894535000000000000e+06,6.065737000000000000e+06,6.208803500000000000e+06,6.314796000000000000e+06,6.334578000000000000e+06,6.163814000000000000e+06,5.757947500000000000e+06,5.212274500000000000e+06,4.410828500000000000e+06,2.710399250000000000e+06,6.584890000000000000e+05,7.700347167968750000e+03
9.135235000000000000e+05,9.135675000000000000e+05,9.132652500000000000e+05,9.118456250000000000e+05,9.084471875000000000e+05,9.021991875000000000e+05,8.922934375000000000e+05,8.780806875000000000e+05,8.685250625000000000e+05,8.542975625000000000e+05,8.353341875000000000e+05,8.121228125000000000e+05,7.854887500000000000e+05,7.647138125000000000e+05,7.445357500000000000e+05,7.218193750000000000e+05,6.977626875000000000e+05,6.734574375000000000e+05,6.497764375000000000e+05,6.273251250000000000e+05,6.072102500000000000e+05,6.101211875000000000e+05,6.127433125000000000e+05,6.156174375000000000e+05,6.189006875000000000e+05,6.225550000000000000e+05,6.262982500000000000e+05,6.295428750000000000e+05,6.315322500000000000e+05,6.311507500000000000e+05,6.270858125000000000e+05,6.221145625000000000e+05,6.236906250000000000e+05,6.184891875000000000e+05,6.035428750000000000e+05,5.748751250000000000e+05,5.268282500000000000e+05,4.553412187500000000e+05,3.603894375000000000e+05,2.412243125000000000e+05,1.087848046875000000e+05
3.463656562500000000e+05,3.469170000000000000e+05,3.495132812500000000e+05,3.533118437500000000e+05,3.578564687500000000e+05,3.626837812500000000e+05,3.673353437500000000e+05,3.713923125000000000e+05,3.747113437500000000e+05,3.774337187500000000e+05,3.853028437500000000e+05,3.924063125000000000e+05,3.986531562500000000e+05,4.039291562500000000e+05,4.081563125000000000e+05,4.113484375000000000e+05,4.304490000000000000e+05,4.524957500000000000e+05,4.723085312500000000e+05,4.900527812500000000e+05,5.059111875000000000e+05,5.201053437500000000e+05,5.328828750000000000e+05,5.444763125000000000e+05,5.550555000000000000e+05,5.714721250000000000e+05,5.935710625000000000e+05,6.163186250000000000e+05,6.395187500000000000e+05,6.625212500000000000e+05,6.844463750000000000e+05,7.040147500000000000e+05,7.195258125000000000e+05,7.271149375000000000e+05,7.199047500000000000e+05,6.922753125000000000e+05,6.428231875000000000e+05,5.621740625000000000e+05,4.178930625000000000e+05,2.205859218750000000e+05,7.189897656250000000e+04
3.620356500000000000e+06,3.621027750000000000e+06,3.622294250000000000e+06,3.622892500000000000e+06,3.621428750000000000e+06,3.616451250000000000e+06,3.606516500000000000e+06,3.590306750000000000e+06,3.615892000000000000e+06,3.700948750000000000e+06,3.777168500000000000e+06,3.842222500000000000e+06,3.894890000000000000e+06,3.934662750000000000e+06,3.961400000000000000e+06,3.975668250000000000e+06,3.978728500000000000e+06,3.971965250000000000e+06,3.956713000000000000e+06,3.934117750000000000e+06,3.905202000000000000e+06,3.913759500000000000e+06,3.935111000000000000e+06,3.952360000000000000e+06,3.963728750000000000e+06,3.967024500000000000e+06,3.959271250000000000e+06,3.936371250000000000e+06,3.893579750000000000e+06,3.824167500000000000e+06,3.720776000000000000e+06,3.576102750000000000e+06,3.383207500000000000e+06,3.131579000000000000e+06,2.807000500000000000e+06,2.408797500000000000e+06,1.962085625000000000e+06,1.474918750000000000e+06,9.054373125000000000e+05,3.450272812500000000e+05,6.149023828125000000e+04
2.583273750000000000e+05,2.582497187500000000e+05,2.579785625000000000e+05,2.574453281250000000e+05,2.565730000000000000e+05,2.552838906250000000e+05,2.535061875000000000e+05,2.511875156250000000e+05,2.483763281250000000e+05,2.451824062500000000e+05,2.417232187500000000e+05,2.381110625000000000e+05,2.343644062500000000e+05,2.306671093750000000e+05,2.287979062500000000e+05,2.265566875000000000e+05,2.238967656250000000e+05,2.207695937500000000e+05,2.171234843750000000e+05,2.129026875000000000e+05,2.080516093750000000e+05,2.025257656250000000e+05,1.962919218750000000e+05,1.904686406250000000e+05,1.897163437500000000e+05,1.875348906250000000e+05,1.838708593750000000e+05,1.786838281250000000e+05,1.719532968750000000e+05,1.636921718750000000e+05,1.539386718750000000e+05,1.427348750000000000e+05,1.301560781250000000e+05,1.205461953125000000e+05,1.102219843750000000e+05,9.898240625000000000e+04,8.609953906250000000e+04,7.169836718750000000e+04,5.796466796875000000e+04,4.481234765625000000e+04,2.668161914062500000e+04
7.027166500000000000e+06,7.008788500000000000e+06,6.955022000000000000e+06,6.867962500000000000e+06,6.757338000000000000e+06,6.630638500000000000e+06,6.479062000000000000e+06,6.304302500000000000e+06,6.110490000000000000e+06,5.903076500000000000e+06,5.687392000000000000e+06,5.468421000000000000e+06,5.249587500000000000e+06,5.033525500000000000e+06,4.822780500000000000e+06,4.619085500000000000e+06,4.423152500000000000e+06,4.235596000000000000e+06,4.056316250000000000e+06,3.884228500000000000e+06,3.718206500000000000e+06,3.556639250000000000e+06,3.493676750000000000e+06,3.430402750000000000e+06,3.356785500000000000e+06,3.270039250000000000e+06,3.167313250000000000e+06,3.045768250000000000e+06,2.902724250000000000e+06,2.735699000000000000e+06,2.542765750000000000e+06,2.323578250000000000e+06,2.085323875000000000e+06,1.875404625000000000e+06,1.637288250000000000e+06,1.372253250000000000e+06,1.093217250000000000e+06,8.056536875000000000e+05,4.895101562500000000e+05,1.839966562500000000e+05,3.047012890625000000e+04
3.285922000000000000e+06,3.276755000000000000e+06,3.250026250000000000e+06,3.206911000000000000e+06,3.148610750000000000e+06,3.076356000000000000e+06,2.991412250000000000e+06,2.895151000000000000e+06,2.789689500000000000e+06,2.677547250000000000e+06,2.561185750000000000e+06,2.442942250000000000e+06,2.324713000000000000e+06,2.216630000000000000e+06,2.112707000000000000e+06,2.012243125000000000e+06,1.915891625000000000e+06,1.824235750000000000e+06,1.737511250000000000e+06,1.655488625000000000e+06,1.577900875000000000e+06,1.504193375000000000e+06,1.433577500000000000e+06,1.380241625000000000e+06,1.328395375000000000e+06,1.275221125000000000e+06,1.219636250000000000e+06,1.160510375000000000e+06,1.096774375000000000e+06,1.027408375000000000e+06,9.970114375000000000e+05,9.631138750000000000e+05,9.110302500000000000e+05,8.398501875000000000e+05,7.490626875000000000e+05,6.400963125000000000e+05,5.483948125000000000e+05,4.427545625000000000e+05,3.207582187500000000e+05,1.820256875000000000e+05,6.218716015625000000e+04
1.683236914062500000e+04,1.685857421875000000e+04,1.693359179687500000e+04,1.705164257812500000e+04,1.720649218750000000e+04,1.739153320312500000e+04,1.763989843750000000e+04,1.791005468750000000e+04,1.819314843750000000e+04,1.848183203125000000e+04,1.876889257812500000e+04,1.908533398437500000e+04,1.941981054687500000e+04,1.972872070312500000e+04,2.000371289062500000e+04,2.028000390625000000e+04,2.062029492187500000e+04,2.089633007812500000e+04,2.110055859375000000e+04,2.125512109375000000e+04,2.156595117187500000e+04,2.176224023437500000e+04,2.183711718750000000e+04,2.178428906250000000e+04,2.185980273437500000e+04,2.193683789062500000e+04,2.182151562500000000e+04,2.150902343750000000e+04,2.099596093750000000e+04,2.089339843750000000e+04,2.124233007812500000e+04,2.118267382812500000e+04,2.070583007812500000e+04,1.980978710937500000e+04,1.849559179687500000e+04,1.728470312500000000e+04,1.611171093750000000e+04,1.462330175781250000e+04,1.278478613281250000e+04,1.052090136718750000e+04,7.859805664062500000e+03
4.681908500000000000e+06,4.681411000000000000e+06,4.679193000000000000e+06,4.674092500000000000e+06,4.664891500000000000e+06,4.650358500000000000e+06,4.629293000000000000e+06,4.600710500000000000e+06,4.565280500000000000e+06,4.524633500000000000e+06,4.494262500000000000e+06,4.468055000000000000e+06,4.441173000000000000e+06,4.414338000000000000e+06,4.388336500000000000e+06,4.364024500000000000e+06,4.342312500000000000e+06,4.324152000000000000e+06,4.310341000000000000e+06,4.301433000000000000e+06,4.318092500000000000e+06,4.369661000000000000e+06,4.427326500000000000e+06,4.491452500000000000e+06,4.561891500000000000e+06,4.638285500000000000e+06,4.719967000000000000e+06,4.805811000000000000e+06,5.050772000000000000e+06,5.400483000000000000e+06,5.742936500000000000e+06,6.066456000000000000e+06,6.357484000000000000e+06,6.563868500000000000e+06,6.573836000000000000e+06,6.609167000000000000e+06,6.530935000000000000e+06,6.106844000000000000e+06,4.366655000000000000e+06,1.402457625000000000e+06,4.326925390625000000e+04
4.494173125000000000e+05,4.512343750000000000e+05,4.563390625000000000e+05,4.642160937500000000e+05,4.743523750000000000e+05,4.862323125000000000e+05,4.993346875000000000e+05,5.131349687500000000e+05,5.310562500000000000e+05,5.689831250000000000e+05,6.057930625000000000e+05,6.401876250000000000e+05,6.716738750000000000e+05,7.002091250000000000e+05,7.257833750000000000e+05,7.485616250000000000e+05,7.689391250000000000e+05,7.873568750000000000e+05,8.042587500000000000e+05,8.200743750000000000e+05,8.352418750000000000e+05,8.501038750000000000e+05,8.742004375000000000e+05,9.007965625000000000e+05,9.292861875000000000e+05,9.600114375000000000e+05,9.932840625000000000e+05,1.029331812500000000e+06,1.068270125000000000e+06,1.109555250000000000e+06,1.152352875000000000e+06,1.195507375000000000e+06,1.237397500000000000e+06,1.271665250000000000e+06,1.284984875000000000e+06,1.266246375000000000e+06,1.212976000000000000e+06,1.099273000000000000e+06,8.308698750000000000e+05,4.151373125000000000e+05,1.106455703125000000e+05
1.372977000000000000e+06,1.380108750000000000e+06,1.400004875000000000e+06,1.430380375000000000e+06,1.470585125000000000e+06,1.520952750000000000e+06,1.575269375000000000e+06,1.631044125000000000e+06,1.692580500000000000e+06,1.757708250000000000e+06,1.823009750000000000e+06,1.894879625000000000e+06,1.978562125000000000e+06,2.060243500000000000e+06,2.138895000000000000e+06,2.246557250000000000e+06,2.349018500000000000e+06,2.445382500000000000e+06,2.535410000000000000e+06,2.669743250000000000e+06,2.796181500000000000e+06,2.911825250000000000e+06,3.016152500000000000e+06,3.108396250000000000e+06,3.249941750000000000e+06,3.486928250000000000e+06,3.698437250000000000e+06,3.879614250000000000e+06,4.024396750000000000e+06,4.123409000000000000e+06,4.165833000000000000e+06,4.140337750000000000e+06,4.082402750000000000e+06,4.021645500000000000e+06,3.846569000000000000e+06,3.533167250000000000e+06,3.093764250000000000e+06,2.507278000000000000e+06,1.643301875000000000e+06,6.322426875000000000e+05,9.238646093750000000e+04
1.925060000000000000e+06,1.916343875000000000e+06,1.891133125000000000e+06,1.850902125000000000e+06,1.797197750000000000e+06,1.731619875000000000e+06,1.655884500000000000e+06,1.579607500000000000e+06,1.497018750000000000e+06,1.410430000000000000e+06,1.322099500000000000e+06,1.234134625000000000e+06,1.147991875000000000e+06,1.064787125000000000e+06,9.855679375000000000e+05,9.110131875000000000e+05,8.413676875000000000e+05,7.768272500000000000e+05,7.173522500000000000e+05,6.653277500000000000e+05,6.355663750000000000e+05,6.063023125000000000e+05,5.774115000000000000e+05,5.487322500000000000e+05,5.200497500000000000e+05,4.911173437500000000e+05,4.616990937500000000e+05,4.315885000000000000e+05,4.006086562500000000e+05,3.686834687500000000e+05,3.360832812500000000e+05,3.103215937500000000e+05,2.833579687500000000e+05,2.551324687500000000e+05,2.258398750000000000e+05,1.953292656250000000e+05,1.628944687500000000e+05,1.291666093750000000e+05,9.716517968750000000e+04,6.712378125000000000e+04,3.544065625000000000e+04
4.094634500000000000e+06,4.092291750000000000e+06,4.082883750000000000e+06,4.062233000000000000e+06,4.025785000000000000e+06,3.969110000000000000e+06,3.888343750000000000e+06,3.780813750000000000e+06,3.649925000000000000e+06,3.546872250000000000e+06,3.418387250000000000e+06,3.268766000000000000e+06,3.102992750000000000e+06,2.926253750000000000e+06,2.743712250000000000e+06,2.560087750000000000e+06,2.443942750000000000e+06,2.344097250000000000e+06,2.235116500000000000e+06,2.121354500000000000e+06,2.006269125000000000e+06,1.892024250000000000e+06,1.779725250000000000e+06,1.669977875000000000e+06,1.562668750000000000e+06,1.457380125000000000e+06,1.353534000000000000e+06,1.250446625000000000e+06,1.157962125000000000e+06,1.078501250000000000e+06,9.976115000000000000e+05,9.143068125000000000e+05,8.276598125000000000e+05,7.374739375000000000e+05,6.443523125000000000e+05,5.478970000000000000e+05,4.463955937500000000e+05,3.425048750000000000e+05,2.449878437500000000e+05,1.548751093750000000e+05,6.932678906250000000e+04
2.834640500000000000e+06,2.841859500000000000e+06,2.861419750000000000e+06,2.889957000000000000e+06,2.923984500000000000e+06,2.960075500000000000e+06,2.995004750000000000e+06,3.026047000000000000e+06,3.052867750000000000e+06,3.076622250000000000e+06,3.126102500000000000e+06,3.277801750000000000e+06,3.423689500000000000e+06,3.562976250000000000e+06,3.694845750000000000e+06,3.819209000000000000e+06,3.936885750000000000e+06,4.048596000000000000e+06,4.154669000000000000e+06,4.254909500000000000e+06,4.348889500000000000e+06,4.435588000000000000e+06,4.518646000000000000e+06,4.659654000000000000e+06,4.796003500000000000e+06,4.924099000000000000e+06,5.039128000000000000e+06,5.134498500000000000e+06,5.202233000000000000e+06,5.230684500000000000e+06,5.206494000000000000e+06,5.115672000000000000e+06,4.943943500000000000e+06,4.668776500000000000e+06,4.258372000000000000e+06,3.704800000000000000e+06,3.049772500000000000e+06,2.301495250000000000e+06,1.365014375000000000e+06,4.285853437500000000e+05,3.693899218750000000e+04
9.602628906250000000e+04,9.556255468750000000e+04,9.424463281250000000e+04,9.218047656250000000e+04,8.947953125000000000e+04,8.625663281250000000e+04,8.263407031250000000e+04,7.874528906250000000e+04,7.476474218750000000e+04,7.088090625000000000e+04,6.726942968750000000e+04,6.548086328125000000e+04,6.430912500000000000e+04,6.344823437500000000e+04,6.290407031250000000e+04,6.267083984375000000e+04,6.272115625000000000e+04,6.302260546875000000e+04,6.353544531250000000e+04,6.421007031250000000e+04,6.499110937500000000e+04,6.582867187500000000e+04,6.667785156250000000e+04,6.749176562500000000e+04,6.823388281250000000e+04,6.886953906250000000e+04,7.036879687500000000e+04,7.205975781250000000e+04,7.372805468750000000e+04,7.538385156250000000e+04,7.704142968750000000e+04,7.859888281250000000e+04,7.986091406250000000e+04,8.096907031250000000e+04,8.259384375000000000e+04,8.445033593750000000e+04,8.368052343750000000e+04,8.017299218750000000e+04,8.464115625000000000e+04,1.012475781250000000e+05,8.282421093750000000e+04
6.389762000000000000e+06,6.354697500000000000e+06,6.255065000000000000e+06,6.099519000000000000e+06,5.896947500000000000e+06,5.656277000000000000e+06,5.386317500000000000e+06,5.095784000000000000e+06,4.794636500000000000e+06,4.493159000000000000e+06,4.200843500000000000e+06,3.925905000000000000e+06,3.672199750000000000e+06,3.441457000000000000e+06,3.235220000000000000e+06,3.053431000000000000e+06,2.894142750000000000e+06,2.755485500000000000e+06,2.655879750000000000e+06,2.572488250000000000e+06,2.499161250000000000e+06,2.432848250000000000e+06,2.370352500000000000e+06,2.308513750000000000e+06,2.244369500000000000e+06,2.175039500000000000e+06,2.097892500000000000e+06,2.045284375000000000e+06,2.031975500000000000e+06,1.995295000000000000e+06,1.932121875000000000e+06,1.839831500000000000e+06,1.716725750000000000e+06,1.562137625000000000e+06,1.376374250000000000e+06,1.211779250000000000e+06,1.027490812500000000e+06,8.180803125000000000e+05,5.832671250000000000e+05,3.289519062500000000e+05,1.149475390625000000e+05
4.021295250000000000e+06,3.985735250000000000e+06,3.886616000000000000e+06,3.735746750000000000e+06,3.545165250000000000e+06,3.326738250000000000e+06,3.091841750000000000e+06,2.851120250000000000e+06,2.614395500000000000e+06,2.390536000000000000e+06,2.187358750000000000e+06,2.031103000000000000e+06,1.932885375000000000e+06,1.854060125000000000e+06,1.794717500000000000e+06,1.754183625000000000e+06,1.730536750000000000e+06,1.721849500000000000e+06,1.726110250000000000e+06,1.741067500000000000e+06,1.764286875000000000e+06,1.793599250000000000e+06,1.827048000000000000e+06,1.862520500000000000e+06,1.898089125000000000e+06,1.943070250000000000e+06,2.007853000000000000e+06,2.070919125000000000e+06,2.129427750000000000e+06,2.179003500000000000e+06,2.214405750000000000e+06,2.229529500000000000e+06,2.217424000000000000e+06,2.165713000000000000e+06,2.055196125000000000e+06,1.875158250000000000e+06,1.634905625000000000e+06,1.324403750000000000e+06,8.770295000000000000e+05,3.631328437500000000e+05,7.297033593750000000e+04
3.208848000000000000e+06,3.207325000000000000e+06,3.202855500000000000e+06,3.195503500000000000e+06,3.185240750000000000e+06,3.171972250000000000e+06,3.155559750000000000e+06,3.135865500000000000e+06,3.112971500000000000e+06,3.087145000000000000e+06,3.071036000000000000e+06,3.062197500000000000e+06,3.051274000000000000e+06,3.038554500000000000e+06,3.024481500000000000e+06,3.009584750000000000e+06,2.994429750000000000e+06,2.991416000000000000e+06,3.017529250000000000e+06,3.042940000000000000e+06,3.068334750000000000e+06,3.094331000000000000e+06,3.121448750000000000e+06,3.150114500000000000e+06,3.180345250000000000e+06,3.332814750000000000e+06,3.513964000000000000e+06,3.693295500000000000e+06,3.869258000000000000e+06,4.036250500000000000e+06,4.186396250000000000e+06,4.310846500000000000e+06,4.399475500000000000e+06,4.490131000000000000e+06,4.554297500000000000e+06,4.474149500000000000e+06,4.267470500000000000e+06,3.823431750000000000e+06,2.635437000000000000e+06,8.674380625000000000e+05,4.992883203125000000e+04
3.522760750000000000e+06,3.503761500000000000e+06,3.450195000000000000e+06,3.366956000000000000e+06,3.258789250000000000e+06,3.135607250000000000e+06,3.016288000000000000e+06,2.885825500000000000e+06,2.749123750000000000e+06,2.611947750000000000e+06,2.480558000000000000e+06,2.369356250000000000e+06,2.301076250000000000e+06,2.242230750000000000e+06,2.194517500000000000e+06,2.158813000000000000e+06,2.134742500000000000e+06,2.121606500000000000e+06,2.177701750000000000e+06,2.271618250000000000e+06,2.366309500000000000e+06,2.462060500000000000e+06,2.559132500000000000e+06,2.657437000000000000e+06,2.756969000000000000e+06,2.857629000000000000e+06,2.959349500000000000e+06,3.062270500000000000e+06,3.165899750000000000e+06,3.311850500000000000e+06,3.492720000000000000e+06,3.684566000000000000e+06,3.888800250000000000e+06,4.080731500000000000e+06,4.193486250000000000e+06,4.186111500000000000e+06,4.104459750000000000e+06,3.818182500000000000e+06,2.651399250000000000e+06,7.928068750000000000e+05,2.562800781250000000e+04
5.795525625000000000e+05,5.801290625000000000e+05,5.817823750000000000e+05,5.865283125000000000e+05,5.925555625000000000e+05,5.995058125000000000e+05,6.070254375000000000e+05,6.147961875000000000e+05,6.228013125000000000e+05,6.312075000000000000e+05,6.401926875000000000e+05,6.499226250000000000e+05,6.603798125000000000e+05,6.714540000000000000e+05,6.830370625000000000e+05,6.950269375000000000e+05,7.208041250000000000e+05,7.573703750000000000e+05,7.943482500000000000e+05,8.314728125000000000e+05,8.684373750000000000e+05,9.048761250000000000e+05,9.403567500000000000e+05,9.743681250000000000e+05,1.006198875000000000e+06,1.035010437500000000e+06,1.059746375000000000e+06,1.079067625000000000e+06,1.107257250000000000e+06,1.137196250000000000e+06,1.158895375000000000e+06,1.168935250000000000e+06,1.163401250000000000e+06,1.136034750000000000e+06,1.077691000000000000e+06,9.830000625000000000e+05,8.557778750000000000e+05,6.923729375000000000e+05,4.649895000000000000e+05,2.051117812500000000e+05,4.888872265625000000e+04
6.824222000000000000e+06,6.831760000000000000e+06,6.853687500000000000e+06,6.888536500000000000e+06,6.934437000000000000e+06,6.989319000000000000e+06,7.051092500000000000e+06,7.117790500000000000e+06,7.187611000000000000e+06,7.259249500000000000e+06,7.332136000000000000e+06,7.406407500000000000e+06,7.482206000000000000e+06,7.559762000000000000e+06,7.639651000000000000e+06,7.722496000000000000e+06,7.808696000000000000e+06,7.898615500000000000e+06,8.039497500000000000e+06,8.272692000000000000e+06,8.521111000000000000e+06,8.784119000000000000e+06,9.061418000000000000e+06,9.352727000000000000e+06,9.657430000000000000e+06,9.974872000000000000e+06,1.030386500000000000e+07,1.064230600000000000e+07,1.098573400000000000e+07,1.131898200000000000e+07,1.162223900000000000e+07,1.187449400000000000e+07,1.205165500000000000e+07,1.206487000000000000e+07,1.173648400000000000e+07,1.097307100000000000e+07,9.890665000000000000e+06,8.298583500000000000e+06,5.200248000000000000e+06,1.417856250000000000e+06,3.960308984375000000e+04
3.788818437500000000e+05,3.786055937500000000e+05,3.776699375000000000e+05,3.758913750000000000e+05,3.730709062500000000e+05,3.690122187500000000e+05,3.641084687500000000e+05,3.578767812500000000e+05,3.502299687500000000e+05,3.414861562500000000e+05,3.319688750000000000e+05,3.219890937500000000e+05,3.117560937500000000e+05,3.027614375000000000e+05,2.940202812500000000e+05,2.853751875000000000e+05,2.769650937500000000e+05,2.689276562500000000e+05,2.613533281250000000e+05,2.565601093750000000e+05,2.522017031250000000e+05,2.480884531250000000e+05,2.441564531250000000e+05,2.403205781250000000e+05,2.369791718750000000e+05,2.366965468750000000e+05,2.356059531250000000e+05,2.334150312500000000e+05,2.297866093750000000e+05,2.242704843750000000e+05,2.220392343750000000e+05,2.248815468750000000e+05,2.225662500000000000e+05,2.139830781250000000e+05,1.975627343750000000e+05,1.730950625000000000e+05,1.503303593750000000e+05,1.231560078125000000e+05,8.169698437500000000e+04,3.075725781250000000e+04,4.910895996093750000e+03
3.492957000000000000e+06,3.497973250000000000e+06,3.512467750000000000e+06,3.535611000000000000e+06,3.566572250000000000e+06,3.604518000000000000e+06,3.648610500000000000e+06,3.697962000000000000e+06,3.829192250000000000e+06,3.991284250000000000e+06,4.159930500000000000e+06,4.331309000000000000e+06,4.501924500000000000e+06,4.668327000000000000e+06,4.826848000000000000e+06,4.973982500000000000e+06,5.106533500000000000e+06,5.221213500000000000e+06,5.314907000000000000e+06,5.384818000000000000e+06,5.428193500000000000e+06,5.444065500000000000e+06,5.512389500000000000e+06,5.551551000000000000e+06,5.557360500000000000e+06,5.525700000000000000e+06,5.452478500000000000e+06,5.333628500000000000e+06,5.165211000000000000e+06,4.942683000000000000e+06,4.662085000000000000e+06,4.322009500000000000e+06,3.923563500000000000e+06,3.464687250000000000e+06,2.940155500000000000e+06,2.364638500000000000e+06,1.787192625000000000e+06,1.227313750000000000e+06,6.371337500000000000e+05,1.438254531250000000e+05,2.139276855468750000e+03
2.356390750000000000e+06,2.365157250000000000e+06,2.389064750000000000e+06,2.424544500000000000e+06,2.468024000000000000e+06,2.515898250000000000e+06,2.564514250000000000e+06,2.610453750000000000e+06,2.653324500000000000e+06,2.694578750000000000e+06,2.742375500000000000e+06,2.858522500000000000e+06,2.979642250000000000e+06,3.103353000000000000e+06,3.227108250000000000e+06,3.349023500000000000e+06,3.468185750000000000e+06,3.583654250000000000e+06,3.694000000000000000e+06,3.797089750000000000e+06,3.890589000000000000e+06,3.971906000000000000e+06,4.038204250000000000e+06,4.086446000000000000e+06,4.132492000000000000e+06,4.213673500000000000e+06,4.273847500000000000e+06,4.306887000000000000e+06,4.305989000000000000e+06,4.263013000000000000e+06,4.169430000000000000e+06,4.017357750000000000e+06,3.799960000000000000e+06,3.508351500000000000e+06,3.131790000000000000e+06,2.672962250000000000e+06,2.159877500000000000e+06,1.607873875000000000e+06,9.881557500000000000e+05,3.910711875000000000e+05,7.663347656250000000e+04
4.428579000000000000e+06,4.421092500000000000e+06,4.399263500000000000e+06,4.363876000000000000e+06,4.315568000000000000e+06,4.254923000000000000e+06,4.182547500000000000e+06,4.099265500000000000e+06,4.007358750000000000e+06,3.909996500000000000e+06,3.810428000000000000e+06,3.711843500000000000e+06,3.643006250000000000e+06,3.578392750000000000e+06,3.518903000000000000e+06,3.465986000000000000e+06,3.420552250000000000e+06,3.383569500000000000e+06,3.355633000000000000e+06,3.379214500000000000e+06,3.413682500000000000e+06,3.454639750000000000e+06,3.501656250000000000e+06,3.554058250000000000e+06,3.610439500000000000e+06,3.668955250000000000e+06,3.866265500000000000e+06,4.107962750000000000e+06,4.340219000000000000e+06,4.552774000000000000e+06,4.732135500000000000e+06,4.863162500000000000e+06,4.929139000000000000e+06,4.893893000000000000e+06,4.869748500000000000e+06,4.662194000000000000e+06,4.297457000000000000e+06,3.685822250000000000e+06,2.390643750000000000e+06,6.844518750000000000e+05,1.783237109375000000e+04
1.612845500000000000e+06,1.606252000000000000e+06,1.587092000000000000e+06,1.556232875000000000e+06,1.514553625000000000e+06,1.463045625000000000e+06,1.402882250000000000e+06,1.335563000000000000e+06,1.263883875000000000e+06,1.191206875000000000e+06,1.120656625000000000e+06,1.054938125000000000e+06,9.988571250000000000e+05,9.523006875000000000e+05,9.120994375000000000e+05,8.785406875000000000e+05,8.514572500000000000e+05,8.306970625000000000e+05,8.159412500000000000e+05,8.066541875000000000e+05,8.128456250000000000e+05,8.228968125000000000e+05,8.363842500000000000e+05,8.528410625000000000e+05,8.718095000000000000e+05,8.927904375000000000e+05,9.153178750000000000e+05,9.736398750000000000e+05,1.047722312500000000e+06,1.122275625000000000e+06,1.195144125000000000e+06,1.264642250000000000e+06,1.329339000000000000e+06,1.378040500000000000e+06,1.407996625000000000e+06,1.424955875000000000e+06,1.419040625000000000e+06,1.342176000000000000e+06,9.288096875000000000e+05,2.460671093750000000e+05,1.386592407226562500e+03
1.100036484375000000e+05,1.100547890625000000e+05,1.101521406250000000e+05,1.102037500000000000e+05,1.101118750000000000e+05,1.097784218750000000e+05,1.091100078125000000e+05,1.080304765625000000e+05,1.065594921875000000e+05,1.047717343750000000e+05,1.029779843750000000e+05,1.010501562500000000e+05,9.897485156250000000e+04,9.677389062500000000e+04,9.447440625000000000e+04,9.216762500000000000e+04,9.028995312500000000e+04,8.834264843750000000e+04,8.634331250000000000e+04,8.429389843750000000e+04,8.219518750000000000e+04,8.078806250000000000e+04,7.933866406250000000e+04,7.770596093750000000e+04,7.586153125000000000e+04,7.377246093750000000e+04,7.238632031250000000e+04,7.092108593750000000e+04,6.892229687500000000e+04,6.634352343750000000e+04,6.314265625000000000e+04,6.219570312500000000e+04,6.154626171875000000e+04,5.935196875000000000e+04,5.556738671875000000e+04,5.017065625000000000e+04,4.521795703125000000e+04,3.983555468750000000e+04,3.343808203125000000e+04,2.569070507812500000e+04,1.565590625000000000e+04
9.080364000000000000e+06,9.068004000000000000e+06,9.029628000000000000e+06,8.962881000000000000e+06,8.865145000000000000e+06,8.733866000000000000e+06,8.566845000000000000e+06,8.362833500000000000e+06,8.341968000000000000e+06,8.293102000000000000e+06,8.206439500000000000e+06,8.084341500000000000e+06,7.929056500000000000e+06,7.743237500000000000e+06,7.530553000000000000e+06,7.295435500000000000e+06,7.042544500000000000e+06,6.776500000000000000e+06,6.501051000000000000e+06,6.218594000000000000e+06,5.931121500000000000e+06,5.644596000000000000e+06,5.433363000000000000e+06,5.215769500000000000e+06,4.990011000000000000e+06,4.754115500000000000e+06,4.506046500000000000e+06,4.243704000000000000e+06,3.965136000000000000e+06,3.668480500000000000e+06,3.352331750000000000e+06,3.016688500000000000e+06,2.662992500000000000e+06,2.292256000000000000e+06,1.904992500000000000e+06,1.509401875000000000e+06,1.127634125000000000e+06,7.716660625000000000e+05,4.249082812500000000e+05,1.338067656250000000e+05,1.562622851562500000e+04
9.242386250000000000e+05,9.265280000000000000e+05,9.330860000000000000e+05,9.434229375000000000e+05,9.570250000000000000e+05,9.733644375000000000e+05,9.919091875000000000e+05,1.012143000000000000e+06,1.035041125000000000e+06,1.061649375000000000e+06,1.089132375000000000e+06,1.117227250000000000e+06,1.146964000000000000e+06,1.184864875000000000e+06,1.222377625000000000e+06,1.259281750000000000e+06,1.297119625000000000e+06,1.349722500000000000e+06,1.400719000000000000e+06,1.450106000000000000e+06,1.497880000000000000e+06,1.560189250000000000e+06,1.633973125000000000e+06,1.705309500000000000e+06,1.774343375000000000e+06,1.841182500000000000e+06,1.905972250000000000e+06,2.065118250000000000e+06,2.241727250000000000e+06,2.414937000000000000e+06,2.581641250000000000e+06,2.740026250000000000e+06,2.889155500000000000e+06,3.007670750000000000e+06,3.140098750000000000e+06,3.217695250000000000e+06,3.253342250000000000e+06,3.137184500000000000e+06,2.264714750000000000e+06,7.045126875000000000e+05,2.287552929687500000e+04
5.579141875000000000e+05,5.537665000000000000e+05,5.420386875000000000e+05,5.238254062500000000e+05,5.002443750000000000e+05,4.724298750000000000e+05,4.415245937500000000e+05,4.086783750000000000e+05,3.751362187500000000e+05,3.457365312500000000e+05,3.174939687500000000e+05,2.912635937500000000e+05,2.673623750000000000e+05,2.458099531250000000e+05,2.266334375000000000e+05,2.097219375000000000e+05,1.947887187500000000e+05,1.865764062500000000e+05,1.814458750000000000e+05,1.762064843750000000e+05,1.707177500000000000e+05,1.648563281250000000e+05,1.585175781250000000e+05,1.515903125000000000e+05,1.440265468750000000e+05,1.357982812500000000e+05,1.269117187500000000e+05,1.177709531250000000e+05,1.101325546875000000e+05,1.018813125000000000e+05,9.303243750000000000e+04,8.366419531250000000e+04,7.390158593750000000e+04,6.378816406250000000e+04,5.327699609375000000e+04,4.264681640625000000e+04,3.273538671875000000e+04,2.367962304687500000e+04,1.405937792968750000e+04,5.186543457031250000e+03,1.684103759765625000e+03
3.166123000000000000e+06,3.164939500000000000e+06,3.160410500000000000e+06,3.150940250000000000e+06,3.134868250000000000e+06,3.120351500000000000e+06,3.159578250000000000e+06,3.186084000000000000e+06,3.200074500000000000e+06,3.205141000000000000e+06,3.205032750000000000e+06,3.203276500000000000e+06,3.200976000000000000e+06,3.198211250000000000e+06,3.195349750000000000e+06,3.193134000000000000e+06,3.192598250000000000e+06,3.194847250000000000e+06,3.200659750000000000e+06,3.210274750000000000e+06,3.263551000000000000e+06,3.343959000000000000e+06,3.434441750000000000e+06,3.534637000000000000e+06,3.643704750000000000e+06,3.760490500000000000e+06,3.883342000000000000e+06,4.009936500000000000e+06,4.136832500000000000e+06,4.256716500000000000e+06,4.360365000000000000e+06,4.437594000000000000e+06,4.476922000000000000e+06,4.446860500000000000e+06,4.289503500000000000e+06,3.975711500000000000e+06,3.543231250000000000e+06,2.940756000000000000e+06,1.889635000000000000e+06,6.353759375000000000e+05,6.816773437500000000e+04
4.456531500000000000e+06,4.450158000000000000e+06,4.431500500000000000e+06,4.401165000000000000e+06,4.359668000000000000e+06,4.307471000000000000e+06,4.245017000000000000e+06,4.174277500000000000e+06,4.100570000000000000e+06,4.020666500000000000e+06,3.936464750000000000e+06,3.849802750000000000e+06,3.761469750000000000e+06,3.671759000000000000e+06,3.581021750000000000e+06,3.489246500000000000e+06,3.410766250000000000e+06,3.330330500000000000e+06,3.245890250000000000e+06,3.156369750000000000e+06,3.060702000000000000e+06,2.957848500000000000e+06,2.860586250000000000e+06,2.765503750000000000e+06,2.657634000000000000e+06,2.536317750000000000e+06,2.401183500000000000e+06,2.252243500000000000e+06,2.126204500000000000e+06,1.983232125000000000e+06,1.820802625000000000e+06,1.640770750000000000e+06,1.447347875000000000e+06,1.343594250000000000e+06,1.195340875000000000e+06,1.008410625000000000e+06,7.974870000000000000e+05,6.024460625000000000e+05,4.043970937500000000e+05,1.920373281250000000e+05,4.746895312500000000e+04
5.702736000000000000e+06,5.715040500000000000e+06,5.749788500000000000e+06,5.803717500000000000e+06,5.873558000000000000e+06,5.956039500000000000e+06,6.047896500000000000e+06,6.146051000000000000e+06,6.249306000000000000e+06,6.357591000000000000e+06,6.470849500000000000e+06,6.588825500000000000e+06,6.709544000000000000e+06,6.830080000000000000e+06,7.112227000000000000e+06,7.471300000000000000e+06,7.823246500000000000e+06,8.162051500000000000e+06,8.480988000000000000e+06,8.772536000000000000e+06,9.028657000000000000e+06,9.240973000000000000e+06,9.400862000000000000e+06,9.499540000000000000e+06,9.527939000000000000e+06,9.544655000000000000e+06,9.617034000000000000e+06,9.608402000000000000e+06,9.503273000000000000e+06,9.284413000000000000e+06,8.935291000000000000e+06,8.445033000000000000e+06,7.808727000000000000e+06,7.014786500000000000e+06,6.045291000000000000e+06,4.928960500000000000e+06,3.773660750000000000e+06,2.621719000000000000e+06,1.370337250000000000e+06,3.122739375000000000e+05,4.691861328125000000e+03
2.554635500000000000e+06,2.545267500000000000e+06,2.518217500000000000e+06,2.475050750000000000e+06,2.417335250000000000e+06,2.346665250000000000e+06,2.264683500000000000e+06,2.173165500000000000e+06,2.074686000000000000e+06,1.972248250000000000e+06,1.868792500000000000e+06,1.767066125000000000e+06,1.668929750000000000e+06,1.575752750000000000e+06,1.488794375000000000e+06,1.416833125000000000e+06,1.351327000000000000e+06,1.291981375000000000e+06,1.238576625000000000e+06,1.190394875000000000e+06,1.146688625000000000e+06,1.106494375000000000e+06,1.068661250000000000e+06,1.036677312500000000e+06,1.012680562500000000e+06,9.863301875000000000e+05,9.563255000000000000e+05,9.213954375000000000e+05,8.803081250000000000e+05,8.318721875000000000e+05,7.986243125000000000e+05,7.752376250000000000e+05,7.341061875000000000e+05,6.737455625000000000e+05,5.922577500000000000e+05,4.918624687500000000e+05,4.009330625000000000e+05,3.059105625000000000e+05,1.854657968750000000e+05,5.646814453125000000e+04,3.228582031250000000e+03
1.742327750000000000e+06,1.744292875000000000e+06,1.749866250000000000e+06,1.758510000000000000e+06,1.769636625000000000e+06,1.782635125000000000e+06,1.796895250000000000e+06,1.811870375000000000e+06,1.827502625000000000e+06,1.846196875000000000e+06,1.869519125000000000e+06,1.894482250000000000e+06,1.921005375000000000e+06,1.948842625000000000e+06,1.979423500000000000e+06,2.022387625000000000e+06,2.065444500000000000e+06,2.108053500000000000e+06,2.149488750000000000e+06,2.195435250000000000e+06,2.256245750000000000e+06,2.311436000000000000e+06,2.359243000000000000e+06,2.397715250000000000e+06,2.433958250000000000e+06,2.490913500000000000e+06,2.527965250000000000e+06,2.541491500000000000e+06,2.527702750000000000e+06,2.482236250000000000e+06,2.523328750000000000e+06,2.547392500000000000e+06,2.503999250000000000e+06,2.384032750000000000e+06,2.176319000000000000e+06,1.887780125000000000e+06,1.623861375000000000e+06,1.297205875000000000e+06,8.486092500000000000e+05,3.319546250000000000e+05,4.963900390625000000e+04
2.069056250000000000e+06,2.069654000000000000e+06,2.070884625000000000e+06,2.071790000000000000e+06,2.071294250000000000e+06,2.069179000000000000e+06,2.067025250000000000e+06,2.060261500000000000e+06,2.048254125000000000e+06,2.030814250000000000e+06,2.007845250000000000e+06,1.982158750000000000e+06,1.954822625000000000e+06,1.921290125000000000e+06,1.881592000000000000e+06,1.835916250000000000e+06,1.795821875000000000e+06,1.750812750000000000e+06,1.699370000000000000e+06,1.641909750000000000e+06,1.587635875000000000e+06,1.537081125000000000e+06,1.478911875000000000e+06,1.413723375000000000e+06,1.342059000000000000e+06,1.283122375000000000e+06,1.220917875000000000e+06,1.149207375000000000e+06,1.068873250000000000e+06,9.807958125000000000e+05,9.229782500000000000e+05,8.728354375000000000e+05,8.027846875000000000e+05,7.150179375000000000e+05,6.115562500000000000e+05,4.987045312500000000e+05,4.038100625000000000e+05,3.051211250000000000e+05,1.946909687500000000e+05,8.171050781250000000e+04,1.771171289062500000e+04
2.794472250000000000e+06,2.795648500000000000e+06,2.797965000000000000e+06,2.799345250000000000e+06,2.797475000000000000e+06,2.789930750000000000e+06,2.787791500000000000e+06,2.778280000000000000e+06,2.756478500000000000e+06,2.720855250000000000e+06,2.670467750000000000e+06,2.629592500000000000e+06,2.576171000000000000e+06,2.506116500000000000e+06,2.421478750000000000e+06,2.324772000000000000e+06,2.229284500000000000e+06,2.145247500000000000e+06,2.051157625000000000e+06,1.949955125000000000e+06,1.844224875000000000e+06,1.735944625000000000e+06,1.626558875000000000e+06,1.517198250000000000e+06,1.413024875000000000e+06,1.357126500000000000e+06,1.293272875000000000e+06,1.222069375000000000e+06,1.143973000000000000e+06,1.059235375000000000e+06,9.681178750000000000e+05,8.710847500000000000e+05,7.689306875000000000e+05,6.653320625000000000e+05,5.769553750000000000e+05,4.844419062500000000e+05,3.895105937500000000e+05,2.934339062500000000e+05,1.931313281250000000e+05,9.398996093750000000e+04,2.866115820312500000e+04
8.079598125000000000e+05,8.101820625000000000e+05,8.160280625000000000e+05,8.241593750000000000e+05,8.331646250000000000e+05,8.437046875000000000e+05,8.568473125000000000e+05,8.668042500000000000e+05,8.733266875000000000e+05,8.801313125000000000e+05,8.934657500000000000e+05,9.043400625000000000e+05,9.130176250000000000e+05,9.226710625000000000e+05,9.467115625000000000e+05,9.671435000000000000e+05,9.847193125000000000e+05,1.000171312500000000e+06,1.014131312500000000e+06,1.077523125000000000e+06,1.142248625000000000e+06,1.202667375000000000e+06,1.259684625000000000e+06,1.314083875000000000e+06,1.366363750000000000e+06,1.416860250000000000e+06,1.465653750000000000e+06,1.512491750000000000e+06,1.582044125000000000e+06,1.664435125000000000e+06,1.747621250000000000e+06,1.828621375000000000e+06,1.903308875000000000e+06,1.959643500000000000e+06,1.973859250000000000e+06,1.926769500000000000e+06,1.816707250000000000e+06,1.606953500000000000e+06,1.157170250000000000e+06,5.101355625000000000e+05,1.033107656250000000e+05
1.278271796875000000e+05,1.271151406250000000e+05,1.251020625000000000e+05,1.219687343750000000e+05,1.178967578125000000e+05,1.130742578125000000e+05,1.076988203125000000e+05,1.019822109375000000e+05,9.618828125000000000e+04,9.071619531250000000e+04,8.596432031250000000e+04,8.185156250000000000e+04,7.842765625000000000e+04,7.566403906250000000e+04,7.354132812500000000e+04,7.201738281250000000e+04,7.150885937500000000e+04,7.157174218750000000e+04,7.197117968750000000e+04,7.262399218750000000e+04,7.344042187500000000e+04,7.433747656250000000e+04,7.599310937500000000e+04,7.798187500000000000e+04,7.978905468750000000e+04,8.134004687500000000e+04,8.255628125000000000e+04,8.335811718750000000e+04,8.546829687500000000e+04,9.014999218750000000e+04,9.400479687500000000e+04,9.679896093750000000e+04,9.822121875000000000e+04,9.822472656250000000e+04,9.720333593750000000e+04,9.960802343750000000e+04,9.935755468750000000e+04,9.589598437500000000e+04,9.885998437500000000e+04,1.132172421875000000e+05,9.044557812500000000e+04
3.141489500000000000e+06,3.156541000000000000e+06,3.196826250000000000e+06,3.254715750000000000e+06,3.322271250000000000e+06,3.393872000000000000e+06,3.471968250000000000e+06,3.535682250000000000e+06,3.582651500000000000e+06,3.625654750000000000e+06,3.673008250000000000e+06,3.705527250000000000e+06,3.722218250000000000e+06,3.754534750000000000e+06,3.784327000000000000e+06,3.788871500000000000e+06,3.769619750000000000e+06,3.761893000000000000e+06,3.769328250000000000e+06,3.747342500000000000e+06,3.698098500000000000e+06,3.623832750000000000e+06,3.526743000000000000e+06,3.561970500000000000e+06,3.583664500000000000e+06,3.559834000000000000e+06,3.493056000000000000e+06,3.385584000000000000e+06,3.239624500000000000e+06,3.057090750000000000e+06,2.840143000000000000e+06,2.625862250000000000e+06,2.423613250000000000e+06,2.191281750000000000e+06,1.927169875000000000e+06,1.632828750000000000e+06,1.316851875000000000e+06,9.874941250000000000e+05,6.417977500000000000e+05,3.076988125000000000e+05,8.900876562500000000e+04
3.093268250000000000e+06,3.067978750000000000e+06,2.997369750000000000e+06,2.889230000000000000e+06,2.751364750000000000e+06,2.591737500000000000e+06,2.420421000000000000e+06,2.261722000000000000e+06,2.102808750000000000e+06,1.951330375000000000e+06,1.814659250000000000e+06,1.699190625000000000e+06,1.614278125000000000e+06,1.566429500000000000e+06,1.533688125000000000e+06,1.515129875000000000e+06,1.508973250000000000e+06,1.513194000000000000e+06,1.546693625000000000e+06,1.644194625000000000e+06,1.741720125000000000e+06,1.838046250000000000e+06,1.932104000000000000e+06,2.022412875000000000e+06,2.107526750000000000e+06,2.185830000000000000e+06,2.255320000000000000e+06,2.313591500000000000e+06,2.412272000000000000e+06,2.501156000000000000e+06,2.572476500000000000e+06,2.618368750000000000e+06,2.629974750000000000e+06,2.588414750000000000e+06,2.461615250000000000e+06,2.234644000000000000e+06,1.933319000000000000e+06,1.540970375000000000e+06,9.263908125000000000e+05,2.507126093750000000e+05,8.904571289062500000e+03
5.200992000000000000e+06,5.193357000000000000e+06,5.171348000000000000e+06,5.147235000000000000e+06,5.111129500000000000e+06,5.061436000000000000e+06,4.996601000000000000e+06,4.915414500000000000e+06,4.818642000000000000e+06,4.708316000000000000e+06,4.586712500000000000e+06,4.456268000000000000e+06,4.319670500000000000e+06,4.232337000000000000e+06,4.137404500000000000e+06,4.036926000000000000e+06,3.933042250000000000e+06,3.828048500000000000e+06,3.723952750000000000e+06,3.622208750000000000e+06,3.602449750000000000e+06,3.659763250000000000e+06,3.706321750000000000e+06,3.743604500000000000e+06,3.771919250000000000e+06,3.790818250000000000e+06,3.798768250000000000e+06,3.792858000000000000e+06,3.769085750000000000e+06,3.720525750000000000e+06,3.732173500000000000e+06,3.714008000000000000e+06,3.652498500000000000e+06,3.525777250000000000e+06,3.299495500000000000e+06,2.957992750000000000e+06,2.528482000000000000e+06,1.997711250000000000e+06,1.241010625000000000e+06,4.159377500000000000e+05,4.480629296875000000e+04
9.475666250000000000e+05,9.463213750000000000e+05,9.426078750000000000e+05,9.364365625000000000e+05,9.277991875000000000e+05,9.166819375000000000e+05,9.046682500000000000e+05,8.911874375000000000e+05,8.755711875000000000e+05,8.582015625000000000e+05,8.394886250000000000e+05,8.198612500000000000e+05,7.997181875000000000e+05,7.794468125000000000e+05,7.594451875000000000e+05,7.423135625000000000e+05,7.288496875000000000e+05,7.162518125000000000e+05,7.047664375000000000e+05,6.945226875000000000e+05,6.856326875000000000e+05,6.780883125000000000e+05,6.717701250000000000e+05,6.732488125000000000e+05,6.775125000000000000e+05,6.817922500000000000e+05,6.855090625000000000e+05,6.878478750000000000e+05,6.878305625000000000e+05,6.840328125000000000e+05,7.160226250000000000e+05,7.389234375000000000e+05,7.492229375000000000e+05,7.423410000000000000e+05,7.120501250000000000e+05,6.593904375000000000e+05,6.104833125000000000e+05,5.323470000000000000e+05,4.023087187500000000e+05,2.164770625000000000e+05,6.262617578125000000e+04
3.326660500000000000e+06,3.321411250000000000e+06,3.313913000000000000e+06,3.300582500000000000e+06,3.280447250000000000e+06,3.252404750000000000e+06,3.215330000000000000e+06,3.168201500000000000e+06,3.110508000000000000e+06,3.042274250000000000e+06,2.963943500000000000e+06,2.876382000000000000e+06,2.780779250000000000e+06,2.732287750000000000e+06,2.725024000000000000e+06,2.699927000000000000e+06,2.658796500000000000e+06,2.603631250000000000e+06,2.536489750000000000e+06,2.459298000000000000e+06,2.373812500000000000e+06,2.281439500000000000e+06,2.183223750000000000e+06,2.079981125000000000e+06,1.972159875000000000e+06,1.881490000000000000e+06,1.796446000000000000e+06,1.706008500000000000e+06,1.609646375000000000e+06,1.506823250000000000e+06,1.397045000000000000e+06,1.279818125000000000e+06,1.154802250000000000e+06,1.022180812500000000e+06,8.826471250000000000e+05,7.369783750000000000e+05,5.869316875000000000e+05,4.368781562500000000e+05,2.911355000000000000e+05,1.558595000000000000e+05,5.603449218750000000e+04
5.556201250000000000e+05,5.594526875000000000e+05,5.698569375000000000e+05,5.851263125000000000e+05,6.060780000000000000e+05,6.288234375000000000e+05,6.510378125000000000e+05,6.745316875000000000e+05,6.945420625000000000e+05,7.115463750000000000e+05,7.299505000000000000e+05,7.421079375000000000e+05,7.501261250000000000e+05,7.613182500000000000e+05,7.644788750000000000e+05,7.602296250000000000e+05,7.528399375000000000e+05,7.501823750000000000e+05,7.406469375000000000e+05,7.254400000000000000e+05,7.056673750000000000e+05,6.822220000000000000e+05,6.558073750000000000e+05,6.472898125000000000e+05,6.416635625000000000e+05,6.304003125000000000e+05,6.139441875000000000e+05,5.925403125000000000e+05,5.663988125000000000e+05,5.356763125000000000e+05,5.005424687500000000e+05,4.611292500000000000e+05,4.285231250000000000e+05,3.951450937500000000e+05,3.585148125000000000e+05,3.180072812500000000e+05,2.715317187500000000e+05,2.197587812500000000e+05,1.691064531250000000e+05,1.197038593750000000e+05,6.134726171875000000e+04
1.828645625000000000e+06,1.814450375000000000e+06,1.774885250000000000e+06,1.714618625000000000e+06,1.638384000000000000e+06,1.552616875000000000e+06,1.467382750000000000e+06,1.379315500000000000e+06,1.292128000000000000e+06,1.209381375000000000e+06,1.134435000000000000e+06,1.070193000000000000e+06,1.017112250000000000e+06,9.745788750000000000e+05,9.421328125000000000e+05,9.190227500000000000e+05,9.040363750000000000e+05,9.276807500000000000e+05,9.572663125000000000e+05,9.908628750000000000e+05,1.027647437500000000e+06,1.066914125000000000e+06,1.108080000000000000e+06,1.150461875000000000e+06,1.193529625000000000e+06,1.236743250000000000e+06,1.279544125000000000e+06,1.321404750000000000e+06,1.377396125000000000e+06,1.447484000000000000e+06,1.517699750000000000e+06,1.585825500000000000e+06,1.649248250000000000e+06,1.695931875000000000e+06,1.699679875000000000e+06,1.644062000000000000e+06,1.542256500000000000e+06,1.357386250000000000e+06,9.088120000000000000e+05,2.900465625000000000e+05,2.056458398437500000e+04
2.274064500000000000e+06,2.277588250000000000e+06,2.286801000000000000e+06,2.299469250000000000e+06,2.313269000000000000e+06,2.325964250000000000e+06,2.335543000000000000e+06,2.340565500000000000e+06,2.342576250000000000e+06,2.344856750000000000e+06,2.350788000000000000e+06,2.363538750000000000e+06,2.383696250000000000e+06,2.410572000000000000e+06,2.443532750000000000e+06,2.481924750000000000e+06,2.524989250000000000e+06,2.571886250000000000e+06,2.625434750000000000e+06,2.720847500000000000e+06,2.822245250000000000e+06,2.928070500000000000e+06,3.036572250000000000e+06,3.145623750000000000e+06,3.252471250000000000e+06,3.353859250000000000e+06,3.445749000000000000e+06,3.523145000000000000e+06,3.580142250000000000e+06,3.608460500000000000e+06,3.598889750000000000e+06,3.542051750000000000e+06,3.428799000000000000e+06,3.244211000000000000e+06,2.967143000000000000e+06,2.594193250000000000e+06,2.154981000000000000e+06,1.653005500000000000e+06,1.025067375000000000e+06,3.886955937500000000e+05,6.959082031250000000e+04
1.513509843750000000e+05,1.513291875000000000e+05,1.512458593750000000e+05,1.510603281250000000e+05,1.507200937500000000e+05,1.501684375000000000e+05,1.493509531250000000e+05,1.482230625000000000e+05,1.467739375000000000e+05,1.459567187500000000e+05,1.454028281250000000e+05,1.445206093750000000e+05,1.433354375000000000e+05,1.418750468750000000e+05,1.406620625000000000e+05,1.409470156250000000e+05,1.407789218750000000e+05,1.401909687500000000e+05,1.392070781250000000e+05,1.378360468750000000e+05,1.360770000000000000e+05,1.346106406250000000e+05,1.374529218750000000e+05,1.392841875000000000e+05,1.401077343750000000e+05,1.399148906250000000e+05,1.386839062500000000e+05,1.363825625000000000e+05,1.329792031250000000e+05,1.284546406250000000e+05,1.227969453125000000e+05,1.160790000000000000e+05,1.112110859375000000e+05,1.054036250000000000e+05,9.880189062500000000e+04,9.120332031250000000e+04,8.164650781250000000e+04,7.018419531250000000e+04,5.976791796875000000e+04,5.056224218750000000e+04,3.305136718750000000e+04
8.233284375000000000e+04,8.262475781250000000e+04,8.340735156250000000e+04,8.453276562500000000e+04,8.584613281250000000e+04,8.745666406250000000e+04,8.900101562500000000e+04,9.027568750000000000e+04,9.125364062500000000e+04,9.229155468750000000e+04,9.322824218750000000e+04,9.401133593750000000e+04,9.470664843750000000e+04,9.602732031250000000e+04,9.711325000000000000e+04,9.797550000000000000e+04,9.934810156250000000e+04,1.012525390625000000e+05,1.029199375000000000e+05,1.043878203125000000e+05,1.067553750000000000e+05,1.101282031250000000e+05,1.132145859375000000e+05,1.160534140625000000e+05,1.186645546875000000e+05,1.244013906250000000e+05,1.341725781250000000e+05,1.432882187500000000e+05,1.516703750000000000e+05,1.591281875000000000e+05,1.653969062500000000e+05,1.700973906250000000e+05,1.752117187500000000e+05,1.818341562500000000e+05,1.854445312500000000e+05,1.844040156250000000e+05,1.772696250000000000e+05,1.612809531250000000e+05,1.298525390625000000e+05,8.196295312500000000e+04,3.587325390625000000e+04
2.324174250000000000e+06,2.325612750000000000e+06,2.329004750000000000e+06,2.332826750000000000e+06,2.335425750000000000e+06,2.335084750000000000e+06,2.338612000000000000e+06,2.346184000000000000e+06,2.346552750000000000e+06,2.338684500000000000e+06,2.321824000000000000e+06,2.295540000000000000e+06,2.261676000000000000e+06,2.249677500000000000e+06,2.225090000000000000e+06,2.188631500000000000e+06,2.141453750000000000e+06,2.084779250000000000e+06,2.019823625000000000e+06,1.947722500000000000e+06,1.895964000000000000e+06,1.878275250000000000e+06,1.845950125000000000e+06,1.800416750000000000e+06,1.742750125000000000e+06,1.673845500000000000e+06,1.594424500000000000e+06,1.505056125000000000e+06,1.406315000000000000e+06,1.298757875000000000e+06,1.183080250000000000e+06,1.071929000000000000e+06,9.694693750000000000e+05,8.602093125000000000e+05,7.440217500000000000e+05,6.217552500000000000e+05,4.964438125000000000e+05,3.708588125000000000e+05,2.438047343750000000e+05,1.232108359375000000e+05,4.147651953125000000e+04
4.896640000000000000e+06,4.874157500000000000e+06,4.808653000000000000e+06,4.711725000000000000e+06,4.595800500000000000e+06,4.446049500000000000e+06,4.264359000000000000e+06,4.055095750000000000e+06,3.829871750000000000e+06,3.603219250000000000e+06,3.388339750000000000e+06,3.200702000000000000e+06,3.073084500000000000e+06,2.966601500000000000e+06,2.881846500000000000e+06,2.818796250000000000e+06,2.776220000000000000e+06,2.752829500000000000e+06,2.746846250000000000e+06,2.827594500000000000e+06,2.974394000000000000e+06,3.127915250000000000e+06,3.287025500000000000e+06,3.450001000000000000e+06,3.615162000000000000e+06,3.780504500000000000e+06,3.943788250000000000e+06,4.102735000000000000e+06,4.289660500000000000e+06,4.550981500000000000e+06,4.815021500000000000e+06,5.072765500000000000e+06,5.313010500000000000e+06,5.494903000000000000e+06,5.532875000000000000e+06,5.368543000000000000e+06,5.032143500000000000e+06,4.405622000000000000e+06,2.942118000000000000e+06,9.422729375000000000e+05,6.161189062500000000e+04
3.620356500000000000e+06,3.621027750000000000e+06,3.622294250000000000e+06,3.622892500000000000e+06,3.621428750000000000e+06,3.616451250000000000e+06,3.606516500000000000e+06,3.590306750000000000e+06,3.615892000000000000e+06,3.700948750000000000e+06,3.777168500000000000e+06,3.842222500000000000e+06,3.894890000000000000e+06,3.934662750000000000e+06,3.961400000000000000e+06,3.975668250000000000e+06,3.978728500000000000e+06,3.971965250000000000e+06,3.956713000000000000e+06,3.934117750000000000e+06,3.905202000000000000e+06,3.913759500000000000e+06,3.935111000000000000e+06,3.952360000000000000e+06,3.963728750000000000e+06,3.967024500000000000e+06,3.959271250000000000e+06,3.936371250000000000e+06,3.893579750000000000e+06,3.824167500000000000e+06,3.720776000000000000e+06,3.576102750000000000e+06,3.383207500000000000e+06,3.131579000000000000e+06,2.807000500000000000e+06,2.408797500000000000e+06,1.962085625000000000e+06,1.474918750000000000e+06,9.054373125000000000e+05,3.450272812500000000e+05,6.149023828125000000e+04
3.084530250000000000e+06,3.075987250000000000e+06,3.051612500000000000e+06,3.013074750000000000e+06,2.961841750000000000e+06,2.903271500000000000e+06,2.837473250000000000e+06,2.763297500000000000e+06,2.682418000000000000e+06,2.597040500000000000e+06,2.509723500000000000e+06,2.435870750000000000e+06,2.366167750000000000e+06,2.297465000000000000e+06,2.230658000000000000e+06,2.166178000000000000e+06,2.127194750000000000e+06,2.086832250000000000e+06,2.044531625000000000e+06,1.999528500000000000e+06,1.950915750000000000e+06,1.918519375000000000e+06,1.887585375000000000e+06,1.846206625000000000e+06,1.793908375000000000e+06,1.730264750000000000e+06,1.655017125000000000e+06,1.580952875000000000e+06,1.561061125000000000e+06,1.516608125000000000e+06,1.447810500000000000e+06,1.355271500000000000e+06,1.240295375000000000e+06,1.104881750000000000e+06,9.585402500000000000e+05,8.306738750000000000e+05,6.894512500000000000e+05,5.366750000000000000e+05,3.730115312500000000e+05,2.024194531250000000e+05,6.735967187500000000e+04
7.596146000000000000e+06,7.559295000000000000e+06,7.454942000000000000e+06,7.291504000000000000e+06,7.077116500000000000e+06,6.820540000000000000e+06,6.531726500000000000e+06,6.222201500000000000e+06,5.906334000000000000e+06,5.599714500000000000e+06,5.350208000000000000e+06,5.318166000000000000e+06,5.302821500000000000e+06,5.305958500000000000e+06,5.329303000000000000e+06,5.373595000000000000e+06,5.437701000000000000e+06,5.519291500000000000e+06,5.615329000000000000e+06,5.722273500000000000e+06,5.835715500000000000e+06,5.969535000000000000e+06,6.192071500000000000e+06,6.421341000000000000e+06,6.653097500000000000e+06,6.882722500000000000e+06,7.104287000000000000e+06,7.309961500000000000e+06,7.489761500000000000e+06,7.626748500000000000e+06,7.700667500000000000e+06,7.689287500000000000e+06,7.568556500000000000e+06,7.292067500000000000e+06,6.786357000000000000e+06,6.024689000000000000e+06,5.080097500000000000e+06,3.934742500000000000e+06,2.330974750000000000e+06,6.622833750000000000e+05,3.378622656250000000e+04
1.156949687500000000e+05,1.159607421875000000e+05,1.166230937500000000e+05,1.174686171875000000e+05,1.182781718750000000e+05,1.188370625000000000e+05,1.191198437500000000e+05,1.189448125000000000e+05,1.181830156250000000e+05,1.170384609375000000e+05,1.157116796875000000e+05,1.143832343750000000e+05,1.132693046875000000e+05,1.127047265625000000e+05,1.122282421875000000e+05,1.118765078125000000e+05,1.116949453125000000e+05,1.117295000000000000e+05,1.123504453125000000e+05,1.139491171875000000e+05,1.157712187500000000e+05,1.178223437500000000e+05,1.201019375000000000e+05,1.226061015625000000e+05,1.264712890625000000e+05,1.315491406250000000e+05,1.368176250000000000e+05,1.422642656250000000e+05,1.478597968750000000e+05,1.535138125000000000e+05,1.687380156250000000e+05,1.854811093750000000e+05,2.022640937500000000e+05,2.182022031250000000e+05,2.312801250000000000e+05,2.444151250000000000e+05,2.626248750000000000e+05,2.731852187500000000e+05,2.546612500000000000e+05,1.850506406250000000e+05,8.190256250000000000e+04
1.930498046875000000e+04,1.920356054687500000e+04,1.891644531250000000e+04,1.846959765625000000e+04,1.788905273437500000e+04,1.720068359375000000e+04,1.643004492187500000e+04,1.560270019531250000e+04,1.478602050781250000e+04,1.402104785156250000e+04,1.328413574218750000e+04,1.260189062500000000e+04,1.198778515625000000e+04,1.144919335937500000e+04,1.099394140625000000e+04,1.062555371093750000e+04,1.040331152343750000e+04,1.033069628906250000e+04,1.032939843750000000e+04,1.039642871093750000e+04,1.052850097656250000e+04,1.072218945312500000e+04,1.097372070312500000e+04,1.127919433593750000e+04,1.199676855468750000e+04,1.294478027343750000e+04,1.396441015625000000e+04,1.505891113281250000e+04,1.623334863281250000e+04,1.750796875000000000e+04,1.890742773437500000e+04,2.041062109375000000e+04,2.195542773437500000e+04,2.439931054687500000e+04,2.773735742187500000e+04,3.204287500000000000e+04,3.590464062500000000e+04,3.918652734375000000e+04,4.979779687500000000e+04,7.492804687500000000e+04,7.299126562500000000e+04
9.678602500000000000e+05,9.675753750000000000e+05,9.667410625000000000e+05,9.653553750000000000e+05,9.633816875000000000e+05,9.607586875000000000e+05,9.574100625000000000e+05,9.532596875000000000e+05,9.483002500000000000e+05,9.425868125000000000e+05,9.362101250000000000e+05,9.292975000000000000e+05,9.291742500000000000e+05,9.290886250000000000e+05,9.286167500000000000e+05,9.279067500000000000e+05,9.271133125000000000e+05,9.264200625000000000e+05,9.313399375000000000e+05,9.444777500000000000e+05,9.573860000000000000e+05,9.701784375000000000e+05,9.829025625000000000e+05,9.955513750000000000e+05,1.007917375000000000e+06,1.033464062500000000e+06,1.093699000000000000e+06,1.151034750000000000e+06,1.204232875000000000e+06,1.250804875000000000e+06,1.287520250000000000e+06,1.310594500000000000e+06,1.315774125000000000e+06,1.301490750000000000e+06,1.287034875000000000e+06,1.228906125000000000e+06,1.129845875000000000e+06,9.707075000000000000e+05,6.654908750000000000e+05,2.541453906250000000e+05,3.428976171875000000e+04
5.748133750000000000e+05,5.759870625000000000e+05,5.792600625000000000e+05,5.842556875000000000e+05,5.905925000000000000e+05,5.978871250000000000e+05,6.061566875000000000e+05,6.201531250000000000e+05,6.344868750000000000e+05,6.491827500000000000e+05,6.642756875000000000e+05,6.797880625000000000e+05,6.955746875000000000e+05,7.114058750000000000e+05,7.270551875000000000e+05,7.461667500000000000e+05,7.927876875000000000e+05,8.384980000000000000e+05,8.828968125000000000e+05,9.255376875000000000e+05,9.659289375000000000e+05,1.003533625000000000e+06,1.037762687500000000e+06,1.067961000000000000e+06,1.093319375000000000e+06,1.112942125000000000e+06,1.142140875000000000e+06,1.173481875000000000e+06,1.198118375000000000e+06,1.213727875000000000e+06,1.217724625000000000e+06,1.207101500000000000e+06,1.178592000000000000e+06,1.128614250000000000e+06,1.053396250000000000e+06,9.501136250000000000e+05,8.180810625000000000e+05,6.586010625000000000e+05,4.730610000000000000e+05,2.747742500000000000e+05,1.083125703125000000e+05
5.300373750000000000e+05,5.300427500000000000e+05,5.299313125000000000e+05,5.294950625000000000e+05,5.285097500000000000e+05,5.281798125000000000e+05,5.381024375000000000e+05,5.476316250000000000e+05,5.560851250000000000e+05,5.628245000000000000e+05,5.672654375000000000e+05,5.689215625000000000e+05,5.676183750000000000e+05,5.633598125000000000e+05,5.562051250000000000e+05,5.463317500000000000e+05,5.340358750000000000e+05,5.196303750000000000e+05,5.034336875000000000e+05,4.857585937500000000e+05,4.670916562500000000e+05,4.529417812500000000e+05,4.378637500000000000e+05,4.219947812500000000e+05,4.054055625000000000e+05,3.881425312500000000e+05,3.702125937500000000e+05,3.515705937500000000e+05,3.321679687500000000e+05,3.119514062500000000e+05,2.908643750000000000e+05,2.687686875000000000e+05,2.455002968750000000e+05,2.211512343750000000e+05,1.960928281250000000e+05,1.701861250000000000e+05,1.424494531250000000e+05,1.135956718750000000e+05,8.757646093750000000e+04,6.443762500000000000e+04,3.654550781250000000e+04
1.393320250000000000e+06,1.394558750000000000e+06,1.397840625000000000e+06,1.402345875000000000e+06,1.407100875000000000e+06,1.411061750000000000e+06,1.413189250000000000e+06,1.413904250000000000e+06,1.415594375000000000e+06,1.413019125000000000e+06,1.405847750000000000e+06,1.398087625000000000e+06,1.393122250000000000e+06,1.383473125000000000e+06,1.370046750000000000e+06,1.355789000000000000e+06,1.352669000000000000e+06,1.346499500000000000e+06,1.338280250000000000e+06,1.328724750000000000e+06,1.318382000000000000e+06,1.314939375000000000e+06,1.320791375000000000e+06,1.324049000000000000e+06,1.324153375000000000e+06,1.320252250000000000e+06,1.311155250000000000e+06,1.295284375000000000e+06,1.275258875000000000e+06,1.305254875000000000e+06,1.316774250000000000e+06,1.305636000000000000e+06,1.267854250000000000e+06,1.197843000000000000e+06,1.088010500000000000e+06,9.552526250000000000e+05,8.222022500000000000e+05,6.575880000000000000e+05,4.233875000000000000e+05,1.493264218750000000e+05,1.507302343750000000e+04
3.962918500000000000e+06,3.946643500000000000e+06,3.899605500000000000e+06,3.824505250000000000e+06,3.724076750000000000e+06,3.601100750000000000e+06,3.458417750000000000e+06,3.307479250000000000e+06,3.151812250000000000e+06,2.987772000000000000e+06,2.819758500000000000e+06,2.651960500000000000e+06,2.487038000000000000e+06,2.326914000000000000e+06,2.173484250000000000e+06,2.027926750000000000e+06,1.907888625000000000e+06,1.799319750000000000e+06,1.695294875000000000e+06,1.595421125000000000e+06,1.499264000000000000e+06,1.406233000000000000e+06,1.315601000000000000e+06,1.226671125000000000e+06,1.184164125000000000e+06,1.139807750000000000e+06,1.086585875000000000e+06,1.024812500000000000e+06,9.548602500000000000e+05,8.773008125000000000e+05,7.928766250000000000e+05,7.028334375000000000e+05,6.134476250000000000e+05,5.348326250000000000e+05,4.518694687500000000e+05,3.657389375000000000e+05,2.809900312500000000e+05,1.995678125000000000e+05,1.152437578125000000e+05,3.848042968750000000e+04,5.483573242187500000e+03
4.193426500000000000e+06,4.203582000000000000e+06,4.232858500000000000e+06,4.279505000000000000e+06,4.345308000000000000e+06,4.430659000000000000e+06,4.529639000000000000e+06,4.640265000000000000e+06,4.760124500000000000e+06,4.886516500000000000e+06,5.016681000000000000e+06,5.174568000000000000e+06,5.335071000000000000e+06,5.492392000000000000e+06,5.644417500000000000e+06,5.789298000000000000e+06,5.935060500000000000e+06,6.115262500000000000e+06,6.281741500000000000e+06,6.432691500000000000e+06,6.566114500000000000e+06,6.679354000000000000e+06,6.769102000000000000e+06,6.881811500000000000e+06,7.006637500000000000e+06,7.090070000000000000e+06,7.124334500000000000e+06,7.100276000000000000e+06,7.008022500000000000e+06,6.835160500000000000e+06,6.887558500000000000e+06,6.880937500000000000e+06,6.706618500000000000e+06,6.335312500000000000e+06,5.728544500000000000e+06,4.889762500000000000e+06,4.127621750000000000e+06,3.224815250000000000e+06,1.970737500000000000e+06,5.672378125000000000e+05,1.297453906250000000e+04
1.041364500000000000e+06,1.043740187500000000e+06,1.050241250000000000e+06,1.059898250000000000e+06,1.071718000000000000e+06,1.084704250000000000e+06,1.097874500000000000e+06,1.110612250000000000e+06,1.127748750000000000e+06,1.144079875000000000e+06,1.159798875000000000e+06,1.175104250000000000e+06,1.189971500000000000e+06,1.204264875000000000e+06,1.224063750000000000e+06,1.246938625000000000e+06,1.268509250000000000e+06,1.288684500000000000e+06,1.307235750000000000e+06,1.323734000000000000e+06,1.337686500000000000e+06,1.359566000000000000e+06,1.384240000000000000e+06,1.403413250000000000e+06,1.415782000000000000e+06,1.419897875000000000e+06,1.414175875000000000e+06,1.396899625000000000e+06,1.406814750000000000e+06,1.432705750000000000e+06,1.433459500000000000e+06,1.405278250000000000e+06,1.345219000000000000e+06,1.249687750000000000e+06,1.114189250000000000e+06,9.875155625000000000e+05,8.359186875000000000e+05,6.553423125000000000e+05,4.168580937500000000e+05,1.505734687500000000e+05,1.765947265625000000e+04
2.309575500000000000e+06,2.308422500000000000e+06,2.304725500000000000e+06,2.297997000000000000e+06,2.287628250000000000e+06,2.272950000000000000e+06,2.253287500000000000e+06,2.228071000000000000e+06,2.205977000000000000e+06,2.181746000000000000e+06,2.153085000000000000e+06,2.120612250000000000e+06,2.084886875000000000e+06,2.049077375000000000e+06,2.030349125000000000e+06,2.008604750000000000e+06,1.984702500000000000e+06,1.959606750000000000e+06,1.934228250000000000e+06,1.937208375000000000e+06,1.943743125000000000e+06,1.949055375000000000e+06,1.953844125000000000e+06,1.958661375000000000e+06,1.963604750000000000e+06,2.051064250000000000e+06,2.158862250000000000e+06,2.259709000000000000e+06,2.352118000000000000e+06,2.431939250000000000e+06,2.493519500000000000e+06,2.530465750000000000e+06,2.543774750000000000e+06,2.590620250000000000e+06,2.568623500000000000e+06,2.451859000000000000e+06,2.252979250000000000e+06,1.927282625000000000e+06,1.259357750000000000e+06,3.840480937500000000e+05,1.848532421875000000e+04
1.749750156250000000e+05,1.740040000000000000e+05,1.712399687500000000e+05,1.669019843750000000e+05,1.612046093750000000e+05,1.543603125000000000e+05,1.465819218750000000e+05,1.380886718750000000e+05,1.291485937500000000e+05,1.202880078125000000e+05,1.116472109375000000e+05,1.033539375000000000e+05,9.554421093750000000e+04,8.829319531250000000e+04,8.188620312500000000e+04,7.639392187500000000e+04,7.143408593750000000e+04,6.698825781250000000e+04,6.301895703125000000e+04,5.974328125000000000e+04,5.710794921875000000e+04,5.465357031250000000e+04,5.233057031250000000e+04,5.008814453125000000e+04,4.798036328125000000e+04,4.656741796875000000e+04,4.500323437500000000e+04,4.327416796875000000e+04,4.136826562500000000e+04,3.928864843750000000e+04,3.818098046875000000e+04,3.799720703125000000e+04,3.723204296875000000e+04,3.593519921875000000e+04,3.425294140625000000e+04,3.214618164062500000e+04,3.087378125000000000e+04,2.917770898437500000e+04,2.924264453125000000e+04,3.242101171875000000e+04,2.765630078125000000e+04
2.076761125000000000e+06,2.074804875000000000e+06,2.068611375000000000e+06,2.057420375000000000e+06,2.041221250000000000e+06,2.022608750000000000e+06,1.996292375000000000e+06,1.961290750000000000e+06,1.917737250000000000e+06,1.869378125000000000e+06,1.819341625000000000e+06,1.763992125000000000e+06,1.705158125000000000e+06,1.646936000000000000e+06,1.598048000000000000e+06,1.549362125000000000e+06,1.502547625000000000e+06,1.459121250000000000e+06,1.425834875000000000e+06,1.405545250000000000e+06,1.389124125000000000e+06,1.377007125000000000e+06,1.369230125000000000e+06,1.365635500000000000e+06,1.376026000000000000e+06,1.399634625000000000e+06,1.424061375000000000e+06,1.447802125000000000e+06,1.468851875000000000e+06,1.483897875000000000e+06,1.519925500000000000e+06,1.606255125000000000e+06,1.668690500000000000e+06,1.694001375000000000e+06,1.661379000000000000e+06,1.556468875000000000e+06,1.439097750000000000e+06,1.269680500000000000e+06,9.247447500000000000e+05,4.128980625000000000e+05,7.616057812500000000e+04
1.998845000000000000e+06,1.989216500000000000e+06,1.961579500000000000e+06,1.917861250000000000e+06,1.860050750000000000e+06,1.790189000000000000e+06,1.710357500000000000e+06,1.622738625000000000e+06,1.530269500000000000e+06,1.436203125000000000e+06,1.343577250000000000e+06,1.255075625000000000e+06,1.172269250000000000e+06,1.101909375000000000e+06,1.058367875000000000e+06,1.020034125000000000e+06,9.872521875000000000e+05,9.603778750000000000e+05,9.395424375000000000e+05,9.245106250000000000e+05,9.150334375000000000e+05,9.107338125000000000e+05,9.110996875000000000e+05,9.155759375000000000e+05,9.234820000000000000e+05,9.340453750000000000e+05,9.463622500000000000e+05,9.593592500000000000e+05,9.838476250000000000e+05,1.015413937500000000e+06,1.045800375000000000e+06,1.072324625000000000e+06,1.091602750000000000e+06,1.097137875000000000e+06,1.078188375000000000e+06,1.026110125000000000e+06,9.392885000000000000e+05,8.055361250000000000e+05,5.806691875000000000e+05,2.848876562500000000e+05,7.876829687500000000e+04
8.318384375000000000e+05,8.325510000000000000e+05,8.343063125000000000e+05,8.364616250000000000e+05,8.383243125000000000e+05,8.391998750000000000e+05,8.384323125000000000e+05,8.354726250000000000e+05,8.402017500000000000e+05,8.436932500000000000e+05,8.446095000000000000e+05,8.431566875000000000e+05,8.397201250000000000e+05,8.347716250000000000e+05,8.288106875000000000e+05,8.259486250000000000e+05,8.491195625000000000e+05,8.698951250000000000e+05,8.891281875000000000e+05,9.075070625000000000e+05,9.256429375000000000e+05,9.439066250000000000e+05,9.624417500000000000e+05,9.812685625000000000e+05,1.000018312500000000e+06,1.018125062500000000e+06,1.034735875000000000e+06,1.048617750000000000e+06,1.060522750000000000e+06,1.085647625000000000e+06,1.104557375000000000e+06,1.113990125000000000e+06,1.110306250000000000e+06,1.085535875000000000e+06,1.026053062500000000e+06,9.259438750000000000e+05,7.974339375000000000e+05,6.334586250000000000e+05,3.757999687500000000e+05,9.514773437500000000e+04,2.296214843750000000e+03
5.253816250000000000e+05,5.265980625000000000e+05,5.296731875000000000e+05,5.336776875000000000e+05,5.376360625000000000e+05,5.405787500000000000e+05,5.415888125000000000e+05,5.482983750000000000e+05,5.518530625000000000e+05,5.520075625000000000e+05,5.489696875000000000e+05,5.430353125000000000e+05,5.345518125000000000e+05,5.374938750000000000e+05,5.470371250000000000e+05,5.516903125000000000e+05,5.524166875000000000e+05,5.501661875000000000e+05,5.457416875000000000e+05,5.397422500000000000e+05,5.326848125000000000e+05,5.248908750000000000e+05,5.165091562500000000e+05,5.076118125000000000e+05,4.980786250000000000e+05,4.908911250000000000e+05,4.878265625000000000e+05,4.838099687500000000e+05,4.783532500000000000e+05,4.708887812500000000e+05,4.607896250000000000e+05,4.472144062500000000e+05,4.291849375000000000e+05,4.061069687500000000e+05,3.779268125000000000e+05,3.436464062500000000e+05,3.003768750000000000e+05,2.487835468750000000e+05,1.976703281250000000e+05,1.479563281250000000e+05,8.167910937500000000e+04
4.314130500000000000e+06,4.315080000000000000e+06,4.315426500000000000e+06,4.311199500000000000e+06,4.298288000000000000e+06,4.272628000000000000e+06,4.230382000000000000e+06,4.168451000000000000e+06,4.087758000000000000e+06,3.991489250000000000e+06,3.882806250000000000e+06,3.764609750000000000e+06,3.659682500000000000e+06,3.547939500000000000e+06,3.428318250000000000e+06,3.301842000000000000e+06,3.169683250000000000e+06,3.033028250000000000e+06,2.892780750000000000e+06,2.749454250000000000e+06,2.623384750000000000e+06,2.504544250000000000e+06,2.379402000000000000e+06,2.248324750000000000e+06,2.111588500000000000e+06,1.969509250000000000e+06,1.822503125000000000e+06,1.682919000000000000e+06,1.606822375000000000e+06,1.510304250000000000e+06,1.394543750000000000e+06,1.261477625000000000e+06,1.113927375000000000e+06,9.547073750000000000e+05,7.936080000000000000e+05,6.524401875000000000e+05,5.103525625000000000e+05,3.698277500000000000e+05,2.211406718750000000e+05,7.939753906250000000e+04,1.149417382812500000e+04
5.738593750000000000e+05,5.749468125000000000e+05,5.775600000000000000e+05,5.806874375000000000e+05,5.832930000000000000e+05,5.843503125000000000e+05,5.828778750000000000e+05,5.780711875000000000e+05,5.750971250000000000e+05,5.688623750000000000e+05,5.600820000000000000e+05,5.493833750000000000e+05,5.369477500000000000e+05,5.227710937500000000e+05,5.068910937500000000e+05,4.894561562500000000e+05,4.707218437500000000e+05,4.509426250000000000e+05,4.303207812500000000e+05,4.204688750000000000e+05,4.106095000000000000e+05,3.986698437500000000e+05,3.847715000000000000e+05,3.690389062500000000e+05,3.515723125000000000e+05,3.324751562500000000e+05,3.118619687500000000e+05,2.898595937500000000e+05,2.666167812500000000e+05,2.422925156250000000e+05,2.207441718750000000e+05,2.003534375000000000e+05,1.791277031250000000e+05,1.570429843750000000e+05,1.340066875000000000e+05,1.102676953125000000e+05,8.681809375000000000e+04,6.414684765625000000e+04,4.076907421875000000e+04,1.843444335937500000e+04,6.157812500000000000e+03
6.720400000000000000e+06,6.728468500000000000e+06,6.746909500000000000e+06,6.766605000000000000e+06,6.778095500000000000e+06,6.771950500000000000e+06,6.739138000000000000e+06,6.672019500000000000e+06,6.570496500000000000e+06,6.438865000000000000e+06,6.380939000000000000e+06,6.387180500000000000e+06,6.358796500000000000e+06,6.294338500000000000e+06,6.193414000000000000e+06,6.057970500000000000e+06,5.892230000000000000e+06,5.700626000000000000e+06,5.487129000000000000e+06,5.254977000000000000e+06,5.007257500000000000e+06,4.746636500000000000e+06,4.475368000000000000e+06,4.195491500000000000e+06,3.936236000000000000e+06,3.704284250000000000e+06,3.464342500000000000e+06,3.216294500000000000e+06,2.960111500000000000e+06,2.695702750000000000e+06,2.423269750000000000e+06,2.144025500000000000e+06,1.860116250000000000e+06,1.572920625000000000e+06,1.283029625000000000e+06,9.968323750000000000e+05,7.304583750000000000e+05,4.904592187500000000e+05,2.621751250000000000e+05,7.710119531250000000e+04,7.965530761718750000e+03
5.870396500000000000e+06,5.855201000000000000e+06,5.810540000000000000e+06,5.756336500000000000e+06,5.682872500000000000e+06,5.587462500000000000e+06,5.469734500000000000e+06,5.329855500000000000e+06,5.170752000000000000e+06,4.997031500000000000e+06,4.813506000000000000e+06,4.624985000000000000e+06,4.435204500000000000e+06,4.247440500000000000e+06,4.065059750000000000e+06,3.932764000000000000e+06,3.902232500000000000e+06,3.869356750000000000e+06,3.836992750000000000e+06,3.807184750000000000e+06,3.781811750000000000e+06,3.762017500000000000e+06,3.748168250000000000e+06,3.740210250000000000e+06,3.736899000000000000e+06,3.736334500000000000e+06,3.735679250000000000e+06,3.801187000000000000e+06,3.877100250000000000e+06,3.946386500000000000e+06,3.998990250000000000e+06,4.022868250000000000e+06,4.003897750000000000e+06,3.917608250000000000e+06,3.726422750000000000e+06,3.407043500000000000e+06,2.972574500000000000e+06,2.402308000000000000e+06,1.570352500000000000e+06,6.111401875000000000e+05,9.782147656250000000e+04
2.054501250000000000e+05,2.054588125000000000e+05,2.060186562500000000e+05,2.083282968750000000e+05,2.111679687500000000e+05,2.143023437500000000e+05,2.174962968750000000e+05,2.205294843750000000e+05,2.232991875000000000e+05,2.257793281250000000e+05,2.279569531250000000e+05,2.298347812500000000e+05,2.314529375000000000e+05,2.328717500000000000e+05,2.341572656250000000e+05,2.353872343750000000e+05,2.366505781250000000e+05,2.380365781250000000e+05,2.396193281250000000e+05,2.414500156250000000e+05,2.435763437500000000e+05,2.460250937500000000e+05,2.494032031250000000e+05,2.559437812500000000e+05,2.632991562500000000e+05,2.715082812500000000e+05,2.805864687500000000e+05,2.905066875000000000e+05,3.012110625000000000e+05,3.125213125000000000e+05,3.241788750000000000e+05,3.356190625000000000e+05,3.459745625000000000e+05,3.539760312500000000e+05,3.578488125000000000e+05,3.547410000000000000e+05,3.396989687500000000e+05,3.082041562500000000e+05,2.577989062500000000e+05,1.845518125000000000e+05,8.949992187500000000e+04
7.115149000000000000e+06,7.110593500000000000e+06,7.096679000000000000e+06,7.072773000000000000e+06,7.037989500000000000e+06,6.991304000000000000e+06,6.931660000000000000e+06,6.858178000000000000e+06,6.771344000000000000e+06,6.672596500000000000e+06,6.563654500000000000e+06,6.446485000000000000e+06,6.322980000000000000e+06,6.353746000000000000e+06,6.424481000000000000e+06,6.482096000000000000e+06,6.528093500000000000e+06,6.564407000000000000e+06,6.593055000000000000e+06,6.615817500000000000e+06,6.634433000000000000e+06,6.649961500000000000e+06,6.662711500000000000e+06,6.672480000000000000e+06,6.677276500000000000e+06,6.751238500000000000e+06,6.873431000000000000e+06,6.990776500000000000e+06,7.094337500000000000e+06,7.169178000000000000e+06,7.197309500000000000e+06,7.158378000000000000e+06,7.029771500000000000e+06,6.771026000000000000e+06,6.319816000000000000e+06,5.647662000000000000e+06,4.802323500000000000e+06,3.764738750000000000e+06,2.324174000000000000e+06,7.721434375000000000e+05,7.664668750000000000e+04
9.933425625000000000e+05,9.934777500000000000e+05,9.936433125000000000e+05,9.934304375000000000e+05,9.923877500000000000e+05,9.900482500000000000e+05,9.859538125000000000e+05,9.797212500000000000e+05,9.714761250000000000e+05,9.616490625000000000e+05,9.521280000000000000e+05,9.430423750000000000e+05,9.334931250000000000e+05,9.237048125000000000e+05,9.139466875000000000e+05,9.045020625000000000e+05,9.003621875000000000e+05,8.976179375000000000e+05,8.957135625000000000e+05,8.948383750000000000e+05,8.951881875000000000e+05,9.040194375000000000e+05,9.168148750000000000e+05,9.308020000000000000e+05,9.460409375000000000e+05,9.625414375000000000e+05,9.928378750000000000e+05,1.030580375000000000e+06,1.069012125000000000e+06,1.107084250000000000e+06,1.143331375000000000e+06,1.231874500000000000e+06,1.352006625000000000e+06,1.459706625000000000e+06,1.531695375000000000e+06,1.549083750000000000e+06,1.580434750000000000e+06,1.573249875000000000e+06,1.265887750000000000e+06,5.728235625000000000e+05,8.494713281250000000e+04
2.312786406250000000e+05,2.312214218750000000e+05,2.310284843750000000e+05,2.306596093750000000e+05,2.300663750000000000e+05,2.299580000000000000e+05,2.306849062500000000e+05,2.311721093750000000e+05,2.313108437500000000e+05,2.310102968750000000e+05,2.302009843750000000e+05,2.288410312500000000e+05,2.269455468750000000e+05,2.245632656250000000e+05,2.223900625000000000e+05,2.275933906250000000e+05,2.317592812500000000e+05,2.350086406250000000e+05,2.374906562500000000e+05,2.393815781250000000e+05,2.408556875000000000e+05,2.420741250000000000e+05,2.431825625000000000e+05,2.443094531250000000e+05,2.455288281250000000e+05,2.468885468750000000e+05,2.483951562500000000e+05,2.507927500000000000e+05,2.570302187500000000e+05,2.636010312500000000e+05,2.700913125000000000e+05,2.760876875000000000e+05,2.811185625000000000e+05,2.830901250000000000e+05,2.775645625000000000e+05,2.622123437500000000e+05,2.403553125000000000e+05,2.068125312500000000e+05,1.326442187500000000e+05,3.676141015625000000e+04,1.769307739257812500e+03
2.302426500000000000e+06,2.305482500000000000e+06,2.312988000000000000e+06,2.322145000000000000e+06,2.329930500000000000e+06,2.333301750000000000e+06,2.349116750000000000e+06,2.361169750000000000e+06,2.361043000000000000e+06,2.348166500000000000e+06,2.322616750000000000e+06,2.323417750000000000e+06,2.311820000000000000e+06,2.286598750000000000e+06,2.250733500000000000e+06,2.207423250000000000e+06,2.159939750000000000e+06,2.139284500000000000e+06,2.169523250000000000e+06,2.192642250000000000e+06,2.212652750000000000e+06,2.232556250000000000e+06,2.254477250000000000e+06,2.280157750000000000e+06,2.310317500000000000e+06,2.345230750000000000e+06,2.384673500000000000e+06,2.427766750000000000e+06,2.472916750000000000e+06,2.542096000000000000e+06,2.644088500000000000e+06,2.747479250000000000e+06,2.847010250000000000e+06,2.921745500000000000e+06,2.927078000000000000e+06,2.832378750000000000e+06,2.653179250000000000e+06,2.324799500000000000e+06,1.546705125000000000e+06,4.698029062500000000e+05,2.061791210937500000e+04
1.251976500000000000e+06,1.251667625000000000e+06,1.250769625000000000e+06,1.249258875000000000e+06,1.247051750000000000e+06,1.244039375000000000e+06,1.240115625000000000e+06,1.235562875000000000e+06,1.236280125000000000e+06,1.236466750000000000e+06,1.236343500000000000e+06,1.236187250000000000e+06,1.235920750000000000e+06,1.241694375000000000e+06,1.253432125000000000e+06,1.263496625000000000e+06,1.271372000000000000e+06,1.276519000000000000e+06,1.280292250000000000e+06,1.299062625000000000e+06,1.311204375000000000e+06,1.315927250000000000e+06,1.312465375000000000e+06,1.300063625000000000e+06,1.278068375000000000e+06,1.286666500000000000e+06,1.302249250000000000e+06,1.298800625000000000e+06,1.275520750000000000e+06,1.231759000000000000e+06,1.167220125000000000e+06,1.082546875000000000e+06,9.793627500000000000e+05,8.799530000000000000e+05,7.713310000000000000e+05,6.454571875000000000e+05,5.114845937500000000e+05,3.725036250000000000e+05,2.131638593750000000e+05,6.143592187500000000e+04,4.060618408203125000e+03
3.141489500000000000e+06,3.156541000000000000e+06,3.196826250000000000e+06,3.254715750000000000e+06,3.322271250000000000e+06,3.393872000000000000e+06,3.471968250000000000e+06,3.535682250000000000e+06,3.582651500000000000e+06,3.625654750000000000e+06,3.673008250000000000e+06,3.705527250000000000e+06,3.722218250000000000e+06,3.754534750000000000e+06,3.784327000000000000e+06,3.788871500000000000e+06,3.769619750000000000e+06,3.761893000000000000e+06,3.769328250000000000e+06,3.747342500000000000e+06,3.698098500000000000e+06,3.623832750000000000e+06,3.526743000000000000e+06,3.561970500000000000e+06,3.583664500000000000e+06,3.559834000000000000e+06,3.493056000000000000e+06,3.385584000000000000e+06,3.239624500000000000e+06,3.057090750000000000e+06,2.840143000000000000e+06,2.625862250000000000e+06,2.423613250000000000e+06,2.191281750000000000e+06,1.927169875000000000e+06,1.632828750000000000e+06,1.316851875000000000e+06,9.874941250000000000e+05,6.417977500000000000e+05,3.076988125000000000e+05,8.900876562500000000e+04
2.909293000000000000e+06,2.898158000000000000e+06,2.866390500000000000e+06,2.816062000000000000e+06,2.748977500000000000e+06,2.668991250000000000e+06,2.581594500000000000e+06,2.483407000000000000e+06,2.377761000000000000e+06,2.268933500000000000e+06,2.166756500000000000e+06,2.073441125000000000e+06,1.986990000000000000e+06,1.908301750000000000e+06,1.845286375000000000e+06,1.796995625000000000e+06,1.754973875000000000e+06,1.718547500000000000e+06,1.687179750000000000e+06,1.676928125000000000e+06,1.665573000000000000e+06,1.651629000000000000e+06,1.633548750000000000e+06,1.609663750000000000e+06,1.598670000000000000e+06,1.583441875000000000e+06,1.555353000000000000e+06,1.513339250000000000e+06,1.456457250000000000e+06,1.384020000000000000e+06,1.370654000000000000e+06,1.337422750000000000e+06,1.272373125000000000e+06,1.175100125000000000e+06,1.045764312500000000e+06,8.967953125000000000e+05,7.626843750000000000e+05,6.079460625000000000e+05,4.266057500000000000e+05,2.229850468750000000e+05,6.592887500000000000e+04
3.682990750000000000e+06,3.684937500000000000e+06,3.689482750000000000e+06,3.698535000000000000e+06,3.710547000000000000e+06,3.719042000000000000e+06,3.721515500000000000e+06,3.716520750000000000e+06,3.707087250000000000e+06,3.710279000000000000e+06,3.730635250000000000e+06,3.762816750000000000e+06,3.807621500000000000e+06,3.863462500000000000e+06,3.949084250000000000e+06,4.067575750000000000e+06,4.191319000000000000e+06,4.318435000000000000e+06,4.446507500000000000e+06,4.611744000000000000e+06,4.816344000000000000e+06,5.009100000000000000e+06,5.185596000000000000e+06,5.340866000000000000e+06,5.469108500000000000e+06,5.826024500000000000e+06,6.200237000000000000e+06,6.506461000000000000e+06,6.729207500000000000e+06,6.849479500000000000e+06,6.847534500000000000e+06,6.706836500000000000e+06,6.558540000000000000e+06,6.337519000000000000e+06,5.906552000000000000e+06,5.241152000000000000e+06,4.398521000000000000e+06,3.374674000000000000e+06,1.975780250000000000e+06,5.284465000000000000e+05,1.408155078125000000e+04
5.552640500000000000e+06,5.557533500000000000e+06,5.570987000000000000e+06,5.591050500000000000e+06,5.615660000000000000e+06,5.642676500000000000e+06,5.669926500000000000e+06,5.695387000000000000e+06,5.718622500000000000e+06,5.740172000000000000e+06,5.760642500000000000e+06,5.780644500000000000e+06,5.800315500000000000e+06,5.819615500000000000e+06,5.838612500000000000e+06,5.857410000000000000e+06,5.876096500000000000e+06,5.894815500000000000e+06,5.913407000000000000e+06,5.931207500000000000e+06,5.947476500000000000e+06,5.960819500000000000e+06,5.991479500000000000e+06,6.086461000000000000e+06,6.181093500000000000e+06,6.271007000000000000e+06,6.350385000000000000e+06,6.411431000000000000e+06,6.444745500000000000e+06,6.436882000000000000e+06,6.372483000000000000e+06,6.235114000000000000e+06,6.007752500000000000e+06,5.664704000000000000e+06,5.170613000000000000e+06,4.514284000000000000e+06,3.735543750000000000e+06,2.842666000000000000e+06,1.738053500000000000e+06,6.137672500000000000e+05,7.917427343750000000e+04
3.823109750000000000e+06,3.836093750000000000e+06,3.872779500000000000e+06,3.929698750000000000e+06,4.003313500000000000e+06,4.090043250000000000e+06,4.186292250000000000e+06,4.288622500000000000e+06,4.406222500000000000e+06,4.533597000000000000e+06,4.664025000000000000e+06,4.796726000000000000e+06,4.948458000000000000e+06,5.121511000000000000e+06,5.291851000000000000e+06,5.458358000000000000e+06,5.646412500000000000e+06,5.876015000000000000e+06,6.097845500000000000e+06,6.311961000000000000e+06,6.518414000000000000e+06,6.798888000000000000e+06,7.111849000000000000e+06,7.413726500000000000e+06,7.704506500000000000e+06,7.983773000000000000e+06,8.250303000000000000e+06,8.864391000000000000e+06,9.583725000000000000e+06,1.026928100000000000e+07,1.089823500000000000e+07,1.144467500000000000e+07,1.187895600000000000e+07,1.210349200000000000e+07,1.222937300000000000e+07,1.209730100000000000e+07,1.161695600000000000e+07,1.046619300000000000e+07,7.125723000000000000e+06,2.155209000000000000e+06,6.715117968750000000e+04
1.565314000000000000e+06,1.570711625000000000e+06,1.585798875000000000e+06,1.608919875000000000e+06,1.655157500000000000e+06,1.709030125000000000e+06,1.767953000000000000e+06,1.829417875000000000e+06,1.891736000000000000e+06,1.953712375000000000e+06,2.014144250000000000e+06,2.128945250000000000e+06,2.283623250000000000e+06,2.430276500000000000e+06,2.566677250000000000e+06,2.691432250000000000e+06,2.804371000000000000e+06,2.905464500000000000e+06,2.994713250000000000e+06,3.072113250000000000e+06,3.137654750000000000e+06,3.190914750000000000e+06,3.265933750000000000e+06,3.348289750000000000e+06,3.419673250000000000e+06,3.477552250000000000e+06,3.518714500000000000e+06,3.538916000000000000e+06,3.533331750000000000e+06,3.495519250000000000e+06,3.418506000000000000e+06,3.295559750000000000e+06,3.120501000000000000e+06,2.884569750000000000e+06,2.576357250000000000e+06,2.196690250000000000e+06,1.770646000000000000e+06,1.310132375000000000e+06,7.809756875000000000e+05,2.709794062500000000e+05,3.617735546875000000e+04
1.960530781250000000e+05,1.958328906250000000e+05,1.951731250000000000e+05,1.940733125000000000e+05,1.925318281250000000e+05,1.905469531250000000e+05,1.881179843750000000e+05,1.852490312500000000e+05,1.819763437500000000e+05,1.783548437500000000e+05,1.744397187500000000e+05,1.702828281250000000e+05,1.659095156250000000e+05,1.632189687500000000e+05,1.614216250000000000e+05,1.593268281250000000e+05,1.569100468750000000e+05,1.541487031250000000e+05,1.510187812500000000e+05,1.474928281250000000e+05,1.435456875000000000e+05,1.391562343750000000e+05,1.343075937500000000e+05,1.289875468750000000e+05,1.231916093750000000e+05,1.169219609375000000e+05,1.101897578125000000e+05,1.030172187500000000e+05,9.543587500000000000e+04,8.888228906250000000e+04,8.249127343750000000e+04,7.577484375000000000e+04,6.874021093750000000e+04,6.139295703125000000e+04,5.372953515625000000e+04,4.579101953125000000e+04,3.775266015625000000e+04,2.974634960937500000e+04,2.147208007812500000e+04,1.309350585937500000e+04,6.997132324218750000e+03
4.637793750000000000e+05,4.628521875000000000e+05,4.600244687500000000e+05,4.551865000000000000e+05,4.482072812500000000e+05,4.448724062500000000e+05,4.481049375000000000e+05,4.486230312500000000e+05,4.459350625000000000e+05,4.399133125000000000e+05,4.306618437500000000e+05,4.185165312500000000e+05,4.041034375000000000e+05,3.881392187500000000e+05,3.713122187500000000e+05,3.542061562500000000e+05,3.372571250000000000e+05,3.232571875000000000e+05,3.114288437500000000e+05,3.000241875000000000e+05,2.891195937500000000e+05,2.787083750000000000e+05,2.687120937500000000e+05,2.590405468750000000e+05,2.495699218750000000e+05,2.401649531250000000e+05,2.306877656250000000e+05,2.209983281250000000e+05,2.109709218750000000e+05,2.005387187500000000e+05,1.896447187500000000e+05,1.781350625000000000e+05,1.658103750000000000e+05,1.528249843750000000e+05,1.397483281250000000e+05,1.262984531250000000e+05,1.105572421875000000e+05,9.303110937500000000e+04,8.028017187500000000e+04,7.261625000000000000e+04,4.920061718750000000e+04
3.546610000000000000e+06,3.547719750000000000e+06,3.549434500000000000e+06,3.550756750000000000e+06,3.551883750000000000e+06,3.546050000000000000e+06,3.530143000000000000e+06,3.501684750000000000e+06,3.461693000000000000e+06,3.413178000000000000e+06,3.359852750000000000e+06,3.312535000000000000e+06,3.263299250000000000e+06,3.212557000000000000e+06,3.160879000000000000e+06,3.108726250000000000e+06,3.065662250000000000e+06,3.031050250000000000e+06,2.994707000000000000e+06,2.955758250000000000e+06,2.913256250000000000e+06,2.877427750000000000e+06,2.854081500000000000e+06,2.819930000000000000e+06,2.773046250000000000e+06,2.711419250000000000e+06,2.650356750000000000e+06,2.601452000000000000e+06,2.525475000000000000e+06,2.420458500000000000e+06,2.284954750000000000e+06,2.175996750000000000e+06,2.121439250000000000e+06,2.000575125000000000e+06,1.812256250000000000e+06,1.561027125000000000e+06,1.297801625000000000e+06,1.039061000000000000e+06,7.272238125000000000e+05,3.730187187500000000e+05,1.057798125000000000e+05
3.958123250000000000e+06,3.974818250000000000e+06,4.019655500000000000e+06,4.084257750000000000e+06,4.173936000000000000e+06,4.268737000000000000e+06,4.357386500000000000e+06,4.435416000000000000e+06,4.514170500000000000e+06,4.576028500000000000e+06,4.623055000000000000e+06,4.695108500000000000e+06,4.757145500000000000e+06,4.798164000000000000e+06,4.849801500000000000e+06,4.909975000000000000e+06,4.935101500000000000e+06,4.925229500000000000e+06,4.930937500000000000e+06,4.945286000000000000e+06,4.911268000000000000e+06,4.831148500000000000e+06,4.707976500000000000e+06,4.553915000000000000e+06,4.596915500000000000e+06,4.564112500000000000e+06,4.461052000000000000e+06,4.293685000000000000e+06,4.068368500000000000e+06,3.791586000000000000e+06,3.470293500000000000e+06,3.125395000000000000e+06,2.832799500000000000e+06,2.512140500000000000e+06,2.164768250000000000e+06,1.794483000000000000e+06,1.411707125000000000e+06,1.028320312500000000e+06,6.434075000000000000e+05,2.843839062500000000e+05,6.814190625000000000e+04
7.974880625000000000e+05,7.951449375000000000e+05,7.882552500000000000e+05,7.770348750000000000e+05,7.617118750000000000e+05,7.497252500000000000e+05,7.358174375000000000e+05,7.189045625000000000e+05,6.992100000000000000e+05,6.771720000000000000e+05,6.532645625000000000e+05,6.279785625000000000e+05,6.017119375000000000e+05,5.748310625000000000e+05,5.477271875000000000e+05,5.207497812500000000e+05,4.941774062500000000e+05,4.682834687500000000e+05,4.432687812500000000e+05,4.192284062500000000e+05,3.962420000000000000e+05,3.743235312500000000e+05,3.534292187500000000e+05,3.335041875000000000e+05,3.160186250000000000e+05,3.026601562500000000e+05,2.899546875000000000e+05,2.777315000000000000e+05,2.658342187500000000e+05,2.541784687500000000e+05,2.426810625000000000e+05,2.310389218750000000e+05,2.188126250000000000e+05,2.062217031250000000e+05,1.943409687500000000e+05,1.825077656250000000e+05,1.662566406250000000e+05,1.460049531250000000e+05,1.369000156250000000e+05,1.418840156250000000e+05,1.029534453125000000e+05
8.323517187500000000e+04,8.297125781250000000e+04,8.222100000000000000e+04,8.104298437500000000e+04,7.949267968750000000e+04,7.762454687500000000e+04,7.549382031250000000e+04,7.315950000000000000e+04,7.070167968750000000e+04,6.821323437500000000e+04,6.593322656250000000e+04,6.397068750000000000e+04,6.217142578125000000e+04,6.054639843750000000e+04,5.910942578125000000e+04,5.786060156250000000e+04,5.690100781250000000e+04,5.647243750000000000e+04,5.612388281250000000e+04,5.582496875000000000e+04,5.554228125000000000e+04,5.524385546875000000e+04,5.489880078125000000e+04,5.529589062500000000e+04,5.554490234375000000e+04,5.561789062500000000e+04,5.549230859375000000e+04,5.514621875000000000e+04,5.456187890625000000e+04,5.559630468750000000e+04,5.766939453125000000e+04,5.926147265625000000e+04,6.022268359375000000e+04,6.063249609375000000e+04,6.091552343750000000e+04,6.243155859375000000e+04,6.407301171875000000e+04,6.433833593750000000e+04,7.257490625000000000e+04,9.683294531250000000e+04,8.763215625000000000e+04
1.627245000000000000e+05,1.630923593750000000e+05,1.640871250000000000e+05,1.659477343750000000e+05,1.687689375000000000e+05,1.718593750000000000e+05,1.749729218750000000e+05,1.778764843750000000e+05,1.804527656250000000e+05,1.826566875000000000e+05,1.858187812500000000e+05,1.899934531250000000e+05,1.935280625000000000e+05,1.963124687500000000e+05,1.982478750000000000e+05,1.992778437500000000e+05,1.993938750000000000e+05,2.053535000000000000e+05,2.119743906250000000e+05,2.168091093750000000e+05,2.198738281250000000e+05,2.212070625000000000e+05,2.208659531250000000e+05,2.189120468750000000e+05,2.154070000000000000e+05,2.104155781250000000e+05,2.039989531250000000e+05,1.966253593750000000e+05,1.917036093750000000e+05,1.857356562500000000e+05,1.787123750000000000e+05,1.705323593750000000e+05,1.610377812500000000e+05,1.503289531250000000e+05,1.388362656250000000e+05,1.263228281250000000e+05,1.111843046875000000e+05,9.379071875000000000e+04,7.962709375000000000e+04,6.899534375000000000e+04,4.497547656250000000e+04
1.151013125000000000e+06,1.150369875000000000e+06,1.148304375000000000e+06,1.144548875000000000e+06,1.138781750000000000e+06,1.130664500000000000e+06,1.119874375000000000e+06,1.109233500000000000e+06,1.104876375000000000e+06,1.097736625000000000e+06,1.087945375000000000e+06,1.075774875000000000e+06,1.061593250000000000e+06,1.045842812500000000e+06,1.029037062500000000e+06,1.011721500000000000e+06,1.034027250000000000e+06,1.053505000000000000e+06,1.070361000000000000e+06,1.085355500000000000e+06,1.099188875000000000e+06,1.112392000000000000e+06,1.125317625000000000e+06,1.138187000000000000e+06,1.150863375000000000e+06,1.163017375000000000e+06,1.174005750000000000e+06,1.186993375000000000e+06,1.216716000000000000e+06,1.244317500000000000e+06,1.267148375000000000e+06,1.281786750000000000e+06,1.284015125000000000e+06,1.266709000000000000e+06,1.218992500000000000e+06,1.132773375000000000e+06,1.008015625000000000e+06,8.364496250000000000e+05,5.824605625000000000e+05,2.732299375000000000e+05,6.983828125000000000e+04
1.235372125000000000e+06,1.240905375000000000e+06,1.256186375000000000e+06,1.279227250000000000e+06,1.308011750000000000e+06,1.344556125000000000e+06,1.383492875000000000e+06,1.422029625000000000e+06,1.458713375000000000e+06,1.495187625000000000e+06,1.535934000000000000e+06,1.571483000000000000e+06,1.601125375000000000e+06,1.624342625000000000e+06,1.645554625000000000e+06,1.670366875000000000e+06,1.686692125000000000e+06,1.694712750000000000e+06,1.694548125000000000e+06,1.686223500000000000e+06,1.669748000000000000e+06,1.663859875000000000e+06,1.651529125000000000e+06,1.628579250000000000e+06,1.594539375000000000e+06,1.548939625000000000e+06,1.491373750000000000e+06,1.421538000000000000e+06,1.393968125000000000e+06,1.363660750000000000e+06,1.308460750000000000e+06,1.228052625000000000e+06,1.123351000000000000e+06,9.951819375000000000e+05,8.471913125000000000e+05,7.140788750000000000e+05,5.711996875000000000e+05,4.207030937500000000e+05,2.449160781250000000e+05,7.103217187500000000e+04,3.702752441406250000e+03
4.221103000000000000e+06,4.225780000000000000e+06,4.239284500000000000e+06,4.260812500000000000e+06,4.289543000000000000e+06,4.324641500000000000e+06,4.365265000000000000e+06,4.410590500000000000e+06,4.460036000000000000e+06,4.517477000000000000e+06,4.583037500000000000e+06,4.651859500000000000e+06,4.723524500000000000e+06,4.797647500000000000e+06,4.873854000000000000e+06,4.951741500000000000e+06,5.030845500000000000e+06,5.133174500000000000e+06,5.238168500000000000e+06,5.342194500000000000e+06,5.443835500000000000e+06,5.540960000000000000e+06,5.630718000000000000e+06,5.748082000000000000e+06,5.868289000000000000e+06,5.966942500000000000e+06,6.036543000000000000e+06,6.067956000000000000e+06,6.092578000000000000e+06,6.130436500000000000e+06,6.081960500000000000e+06,5.930631000000000000e+06,5.662791000000000000e+06,5.572703000000000000e+06,5.366521000000000000e+06,4.853858500000000000e+06,4.099604500000000000e+06,3.242475250000000000e+06,2.052018375000000000e+06,5.798820625000000000e+05,4.984855957031250000e+03
2.291159500000000000e+06,2.295616500000000000e+06,2.307666500000000000e+06,2.325109000000000000e+06,2.345547250000000000e+06,2.366503750000000000e+06,2.386415250000000000e+06,2.410616750000000000e+06,2.429698750000000000e+06,2.443505250000000000e+06,2.452436500000000000e+06,2.477052500000000000e+06,2.495541000000000000e+06,2.507764750000000000e+06,2.521697500000000000e+06,2.556478750000000000e+06,2.582680500000000000e+06,2.601099250000000000e+06,2.612408250000000000e+06,2.666918750000000000e+06,2.711719250000000000e+06,2.744691750000000000e+06,2.765726500000000000e+06,2.774401500000000000e+06,2.832828250000000000e+06,2.962760250000000000e+06,3.061532750000000000e+06,3.126089000000000000e+06,3.152784250000000000e+06,3.136749250000000000e+06,3.072865750000000000e+06,2.956707750000000000e+06,2.845289750000000000e+06,2.711510000000000000e+06,2.509729750000000000e+06,2.231983500000000000e+06,1.887191500000000000e+06,1.475694250000000000e+06,9.581176875000000000e+05,3.957922812500000000e+05,7.341423437500000000e+04
1.154359921875000000e+05,1.150860156250000000e+05,1.140281796875000000e+05,1.122235468750000000e+05,1.096231328125000000e+05,1.061954531250000000e+05,1.019465859375000000e+05,9.730107812500000000e+04,9.333116406250000000e+04,8.871385937500000000e+04,8.370181250000000000e+04,7.856764843750000000e+04,7.350745312500000000e+04,7.061846875000000000e+04,6.902960937500000000e+04,6.710424218750000000e+04,6.502751953125000000e+04,6.293629296875000000e+04,6.091390234375000000e+04,5.899071875000000000e+04,5.717186718750000000e+04,5.544364843750000000e+04,5.377949609375000000e+04,5.214627734375000000e+04,5.051369140625000000e+04,4.967365625000000000e+04,4.881916796875000000e+04,4.792398437500000000e+04,4.696489062500000000e+04,4.593389453125000000e+04,4.482457031250000000e+04,4.359705078125000000e+04,4.218873046875000000e+04,4.064083984375000000e+04,3.913789453125000000e+04,3.758343750000000000e+04,3.522829296875000000e+04,3.211289843750000000e+04,3.087890820312500000e+04,3.213946484375000000e+04,2.549211718750000000e+04
4.239395937500000000e+05,4.233445625000000000e+05,4.215540937500000000e+05,4.185532812500000000e+05,4.143234062500000000e+05,4.088475625000000000e+05,4.021159375000000000e+05,3.941426562500000000e+05,3.850849687500000000e+05,3.751820312500000000e+05,3.648534375000000000e+05,3.563107187500000000e+05,3.474861875000000000e+05,3.385365625000000000e+05,3.296221875000000000e+05,3.208880000000000000e+05,3.124545937500000000e+05,3.044389375000000000e+05,2.969179375000000000e+05,2.899115625000000000e+05,2.834329375000000000e+05,2.774429375000000000e+05,2.718559062500000000e+05,2.720236875000000000e+05,2.759846875000000000e+05,2.795734062500000000e+05,2.825048750000000000e+05,2.843921250000000000e+05,2.847719687500000000e+05,2.829949375000000000e+05,2.783363437500000000e+05,2.701109062500000000e+05,2.577073593750000000e+05,2.476510156250000000e+05,2.322226250000000000e+05,2.096147343750000000e+05,1.812169062500000000e+05,1.459765000000000000e+05,9.487217968750000000e+04,3.506868359375000000e+04,5.626615722656250000e+03
6.918741500000000000e+06,6.880008000000000000e+06,6.770643000000000000e+06,6.601075500000000000e+06,6.381872000000000000e+06,6.123640500000000000e+06,5.836934000000000000e+06,5.532279500000000000e+06,5.221316500000000000e+06,4.915952500000000000e+06,4.627370000000000000e+06,4.365361500000000000e+06,4.133807000000000000e+06,3.933738250000000000e+06,3.766143000000000000e+06,3.630349750000000000e+06,3.523608000000000000e+06,3.443304750000000000e+06,3.386382000000000000e+06,3.348955750000000000e+06,3.366885250000000000e+06,3.442966250000000000e+06,3.528853500000000000e+06,3.620932000000000000e+06,3.714854750000000000e+06,3.805567750000000000e+06,3.887098750000000000e+06,3.952441000000000000e+06,3.993417000000000000e+06,3.999149250000000000e+06,3.957704500000000000e+06,3.858109000000000000e+06,3.742826750000000000e+06,3.605861750000000000e+06,3.362658500000000000e+06,2.997329750000000000e+06,2.540189500000000000e+06,1.978403250000000000e+06,1.171018875000000000e+06,3.013233437500000000e+05,4.266892089843750000e+03
5.707966406250000000e+04,5.716599218750000000e+04,5.740596875000000000e+04,5.776764843750000000e+04,5.821562890625000000e+04,5.871241406250000000e+04,5.921966796875000000e+04,5.989171875000000000e+04,6.051833593750000000e+04,6.104954296875000000e+04,6.145371484375000000e+04,6.187699609375000000e+04,6.241378515625000000e+04,6.276350000000000000e+04,6.293324609375000000e+04,6.293929687500000000e+04,6.329216015625000000e+04,6.366271093750000000e+04,6.387970703125000000e+04,6.397510546875000000e+04,6.397853125000000000e+04,6.391205859375000000e+04,6.452053906250000000e+04,6.521609765625000000e+04,6.581482812500000000e+04,6.631857812500000000e+04,6.671514062500000000e+04,6.697404687500000000e+04,6.706162500000000000e+04,6.970017968750000000e+04,7.300181250000000000e+04,7.585674218750000000e+04,7.800850781250000000e+04,7.943114843750000000e+04,8.046708593750000000e+04,8.160198437500000000e+04,8.328467187500000000e+04,8.269353906250000000e+04,8.935845312500000000e+04,1.093467187500000000e+05,9.344172656250000000e+04
4.250987187500000000e+05,4.249622500000000000e+05,4.243078437500000000e+05,4.227008750000000000e+05,4.196905000000000000e+05,4.148849687500000000e+05,4.080052812500000000e+05,4.023328750000000000e+05,3.951192812500000000e+05,3.867836562500000000e+05,3.782875937500000000e+05,3.704926562500000000e+05,3.636175000000000000e+05,3.621330312500000000e+05,3.619170000000000000e+05,3.618700000000000000e+05,3.619286562500000000e+05,3.619909375000000000e+05,3.618890937500000000e+05,3.613772500000000000e+05,3.716621250000000000e+05,3.844951250000000000e+05,3.950367500000000000e+05,4.030378750000000000e+05,4.082559375000000000e+05,4.104434687500000000e+05,4.093525625000000000e+05,4.047528437500000000e+05,3.964449687500000000e+05,3.843087500000000000e+05,3.773914062500000000e+05,3.681183125000000000e+05,3.549841875000000000e+05,3.378316250000000000e+05,3.172120937500000000e+05,2.922952500000000000e+05,2.592521875000000000e+05,2.185859062500000000e+05,1.822421875000000000e+05,1.507449843750000000e+05,8.950579687500000000e+04
5.238594062500000000e+05,5.234850937500000000e+05,5.221423750000000000e+05,5.194706562500000000e+05,5.174331250000000000e+05,5.153926875000000000e+05,5.108335937500000000e+05,5.033106875000000000e+05,4.933568125000000000e+05,4.820135937500000000e+05,4.702705937500000000e+05,4.589727812500000000e+05,4.482658437500000000e+05,4.379744062500000000e+05,4.279418750000000000e+05,4.180301562500000000e+05,4.081060937500000000e+05,4.091896562500000000e+05,4.099440937500000000e+05,4.094844687500000000e+05,4.075734375000000000e+05,4.040198750000000000e+05,3.986780312500000000e+05,3.914137187500000000e+05,3.821392500000000000e+05,3.707952187500000000e+05,3.573519687500000000e+05,3.418178437500000000e+05,3.242431250000000000e+05,3.093356875000000000e+05,2.955419687500000000e+05,2.801441250000000000e+05,2.628668437500000000e+05,2.438738437500000000e+05,2.238907343750000000e+05,2.025172031250000000e+05,1.770442812500000000e+05,1.480850937500000000e+05,1.248929843750000000e+05,1.080041015625000000e+05,6.865537500000000000e+04
4.570711562500000000e+05,4.561487500000000000e+05,4.533261562500000000e+05,4.485048750000000000e+05,4.415805625000000000e+05,4.324607812500000000e+05,4.210809375000000000e+05,4.074440312500000000e+05,3.918704687500000000e+05,3.748520625000000000e+05,3.568695000000000000e+05,3.389757500000000000e+05,3.214905312500000000e+05,3.039088750000000000e+05,2.864643750000000000e+05,2.693500000000000000e+05,2.527026718750000000e+05,2.366476250000000000e+05,2.212567343750000000e+05,2.081723750000000000e+05,1.955755156250000000e+05,1.833602187500000000e+05,1.714853125000000000e+05,1.599078125000000000e+05,1.485672343750000000e+05,1.386323281250000000e+05,1.295089609375000000e+05,1.200642265625000000e+05,1.102846484375000000e+05,1.001639218750000000e+05,8.971546093750000000e+04,8.329705468750000000e+04,7.656791406250000000e+04,6.826299218750000000e+04,5.844098046875000000e+04,4.751377343750000000e+04,3.762077343750000000e+04,2.886055664062500000e+04,1.838171484375000000e+04,7.131830566406250000e+03,1.893357910156250000e+03
5.997271875000000000e+05,5.974643750000000000e+05,5.907491250000000000e+05,5.800586250000000000e+05,5.660158125000000000e+05,5.477824375000000000e+05,5.256108750000000000e+05,5.000993125000000000e+05,4.727695312500000000e+05,4.456371250000000000e+05,4.222132187500000000e+05,4.016391875000000000e+05,3.841615625000000000e+05,3.694997187500000000e+05,3.574269375000000000e+05,3.479574687500000000e+05,3.433432187500000000e+05,3.399353437500000000e+05,3.373420625000000000e+05,3.351118125000000000e+05,3.327696562500000000e+05,3.311555625000000000e+05,3.326397187500000000e+05,3.325089687500000000e+05,3.304962187500000000e+05,3.263651250000000000e+05,3.199205312500000000e+05,3.117278125000000000e+05,3.178848125000000000e+05,3.193129687500000000e+05,3.158179375000000000e+05,3.071611250000000000e+05,2.931392187500000000e+05,2.740620937500000000e+05,2.552299687500000000e+05,2.393616718750000000e+05,2.172915937500000000e+05,1.888002500000000000e+05,1.639645937500000000e+05,1.439440625000000000e+05,9.202500781250000000e+04
3.853695312500000000e+05,3.850345937500000000e+05,3.838022812500000000e+05,3.812930937500000000e+05,3.771189375000000000e+05,3.709290000000000000e+05,3.638597500000000000e+05,3.554488437500000000e+05,3.447326562500000000e+05,3.325621562500000000e+05,3.197467812500000000e+05,3.069960937500000000e+05,2.946425000000000000e+05,2.828589687500000000e+05,2.747350000000000000e+05,2.678829062500000000e+05,2.617165781250000000e+05,2.564120312500000000e+05,2.520738125000000000e+05,2.487048281250000000e+05,2.462987343750000000e+05,2.478319843750000000e+05,2.584017656250000000e+05,2.692911250000000000e+05,2.804830937500000000e+05,2.919005937500000000e+05,3.034018125000000000e+05,3.147700937500000000e+05,3.256693125000000000e+05,3.354167500000000000e+05,3.465757187500000000e+05,3.626033437500000000e+05,3.770299375000000000e+05,3.867886250000000000e+05,3.857185625000000000e+05,3.698543125000000000e+05,3.421325000000000000e+05,2.953885625000000000e+05,1.927087031250000000e+05,5.733371093750000000e+04,3.465811523437500000e+03
6.547426875000000000e+05,6.570941250000000000e+05,6.635660000000000000e+05,6.755772500000000000e+05,6.906567500000000000e+05,7.076055000000000000e+05,7.253282500000000000e+05,7.428101875000000000e+05,7.599161875000000000e+05,7.777150625000000000e+05,8.023101875000000000e+05,8.279516250000000000e+05,8.545325000000000000e+05,8.816378750000000000e+05,9.088476875000000000e+05,9.358855625000000000e+05,9.772893125000000000e+05,1.018502250000000000e+06,1.059120500000000000e+06,1.098993500000000000e+06,1.137964250000000000e+06,1.175950375000000000e+06,1.226796625000000000e+06,1.323716375000000000e+06,1.419637000000000000e+06,1.514444125000000000e+06,1.608078125000000000e+06,1.700577000000000000e+06,1.791686000000000000e+06,1.879621000000000000e+06,1.961941875000000000e+06,2.071171000000000000e+06,2.211491750000000000e+06,2.347076250000000000e+06,2.440333750000000000e+06,2.466689500000000000e+06,2.449665250000000000e+06,2.312090500000000000e+06,1.656091500000000000e+06,5.593254375000000000e+05,4.015644921875000000e+04
3.477827750000000000e+06,3.478735750000000000e+06,3.480537500000000000e+06,3.481647250000000000e+06,3.480296250000000000e+06,3.474630000000000000e+06,3.462804750000000000e+06,3.443206750000000000e+06,3.415819250000000000e+06,3.381629000000000000e+06,3.341771250000000000e+06,3.297457250000000000e+06,3.249482000000000000e+06,3.198521500000000000e+06,3.145413000000000000e+06,3.090977500000000000e+06,3.035908000000000000e+06,2.980935750000000000e+06,2.926499250000000000e+06,2.872559000000000000e+06,2.819016000000000000e+06,2.765346000000000000e+06,2.730943500000000000e+06,2.715853500000000000e+06,2.699205000000000000e+06,2.678819500000000000e+06,2.652093250000000000e+06,2.615870750000000000e+06,2.566645500000000000e+06,2.500019000000000000e+06,2.411353250000000000e+06,2.296378750000000000e+06,2.151349000000000000e+06,1.970851125000000000e+06,1.747819250000000000e+06,1.483392375000000000e+06,1.194153750000000000e+06,8.869358750000000000e+05,5.391472500000000000e+05,2.041075468750000000e+05,3.700792968750000000e+04
2.837861250000000000e+06,2.841173000000000000e+06,2.850136250000000000e+06,2.863204500000000000e+06,2.878745000000000000e+06,2.895081750000000000e+06,2.922213750000000000e+06,2.948178750000000000e+06,2.971695000000000000e+06,2.992915250000000000e+06,3.012064500000000000e+06,3.029381750000000000e+06,3.058229750000000000e+06,3.101766750000000000e+06,3.141968750000000000e+06,3.178677250000000000e+06,3.212084250000000000e+06,3.242508500000000000e+06,3.321593000000000000e+06,3.400438750000000000e+06,3.474628250000000000e+06,3.544683250000000000e+06,3.611194000000000000e+06,3.674713750000000000e+06,3.913307000000000000e+06,4.174150750000000000e+06,4.426820000000000000e+06,4.671364000000000000e+06,4.906732500000000000e+06,5.127344500000000000e+06,5.325311500000000000e+06,5.523981000000000000e+06,5.854418000000000000e+06,6.154740000000000000e+06,6.328668500000000000e+06,6.305880000000000000e+06,6.118031500000000000e+06,5.588556000000000000e+06,3.899377000000000000e+06,1.293248000000000000e+06,8.116244531250000000e+04
2.955400750000000000e+06,2.958554750000000000e+06,2.967341500000000000e+06,2.980674750000000000e+06,2.997391750000000000e+06,3.016283750000000000e+06,3.036121250000000000e+06,3.055686500000000000e+06,3.073865500000000000e+06,3.166122500000000000e+06,3.287590750000000000e+06,3.403782250000000000e+06,3.512570000000000000e+06,3.612539000000000000e+06,3.702446500000000000e+06,3.781742750000000000e+06,3.850705500000000000e+06,3.909748000000000000e+06,3.959473500000000000e+06,4.000675750000000000e+06,4.034121500000000000e+06,4.087875750000000000e+06,4.173245750000000000e+06,4.255672000000000000e+06,4.333562000000000000e+06,4.404886000000000000e+06,4.466590000000000000e+06,4.514072000000000000e+06,4.541544500000000000e+06,4.539301500000000000e+06,4.496085500000000000e+06,4.400507500000000000e+06,4.241131000000000000e+06,3.995497000000000000e+06,3.628372250000000000e+06,3.133459750000000000e+06,2.562382250000000000e+06,1.915659625000000000e+06,1.066181625000000000e+06,2.449846250000000000e+05,2.270313964843750000e+03
2.794472250000000000e+06,2.795648500000000000e+06,2.797965000000000000e+06,2.799345250000000000e+06,2.797475000000000000e+06,2.789930750000000000e+06,2.787791500000000000e+06,2.778280000000000000e+06,2.756478500000000000e+06,2.720855250000000000e+06,2.670467750000000000e+06,2.629592500000000000e+06,2.576171000000000000e+06,2.506116500000000000e+06,2.421478750000000000e+06,2.324772000000000000e+06,2.229284500000000000e+06,2.145247500000000000e+06,2.051157625000000000e+06,1.949955125000000000e+06,1.844224875000000000e+06,1.735944625000000000e+06,1.626558875000000000e+06,1.517198250000000000e+06,1.413024875000000000e+06,1.357126500000000000e+06,1.293272875000000000e+06,1.222069375000000000e+06,1.143973000000000000e+06,1.059235375000000000e+06,9.681178750000000000e+05,8.710847500000000000e+05,7.689306875000000000e+05,6.653320625000000000e+05,5.769553750000000000e+05,4.844419062500000000e+05,3.895105937500000000e+05,2.934339062500000000e+05,1.931313281250000000e+05,9.398996093750000000e+04,2.866115820312500000e+04
1.511508750000000000e+06,1.513651500000000000e+06,1.519005875000000000e+06,1.528031500000000000e+06,1.538842125000000000e+06,1.547568500000000000e+06,1.551884500000000000e+06,1.549695250000000000e+06,1.550300125000000000e+06,1.543319125000000000e+06,1.525795250000000000e+06,1.497693875000000000e+06,1.473470375000000000e+06,1.443471500000000000e+06,1.405521750000000000e+06,1.362122875000000000e+06,1.315736750000000000e+06,1.268579250000000000e+06,1.231495750000000000e+06,1.200199375000000000e+06,1.170650250000000000e+06,1.143980375000000000e+06,1.120874875000000000e+06,1.101848875000000000e+06,1.086979750000000000e+06,1.076187125000000000e+06,1.069220500000000000e+06,1.095410000000000000e+06,1.143144125000000000e+06,1.192492875000000000e+06,1.241288125000000000e+06,1.286935125000000000e+06,1.326305250000000000e+06,1.349158250000000000e+06,1.340223500000000000e+06,1.339500500000000000e+06,1.308728125000000000e+06,1.210773000000000000e+06,8.777038750000000000e+05,3.165173437500000000e+05,2.347944140625000000e+04
2.607689750000000000e+06,2.602750500000000000e+06,2.588181500000000000e+06,2.564335750000000000e+06,2.531548750000000000e+06,2.490150250000000000e+06,2.440477250000000000e+06,2.382915750000000000e+06,2.318214500000000000e+06,2.247351750000000000e+06,2.176862500000000000e+06,2.102638750000000000e+06,2.024982875000000000e+06,1.944866625000000000e+06,1.863258250000000000e+06,1.781030375000000000e+06,1.698919500000000000e+06,1.617623375000000000e+06,1.537665000000000000e+06,1.463097375000000000e+06,1.396362625000000000e+06,1.330488875000000000e+06,1.265389625000000000e+06,1.200941375000000000e+06,1.136835625000000000e+06,1.072721250000000000e+06,1.013675750000000000e+06,9.629706875000000000e+05,9.086958750000000000e+05,8.504040625000000000e+05,7.877191250000000000e+05,7.203245000000000000e+05,6.839960625000000000e+05,6.457833125000000000e+05,5.919558750000000000e+05,5.224161562500000000e+05,4.373703750000000000e+05,3.657014062500000000e+05,2.910688125000000000e+05,2.106085156250000000e+05,1.046982343750000000e+05
2.953076000000000000e+06,2.959861000000000000e+06,2.978542750000000000e+06,3.006481000000000000e+06,3.040888250000000000e+06,3.087023500000000000e+06,3.135173000000000000e+06,3.181460250000000000e+06,3.223237000000000000e+06,3.258318750000000000e+06,3.306204000000000000e+06,3.345250750000000000e+06,3.370535500000000000e+06,3.380291250000000000e+06,3.394542500000000000e+06,3.407990000000000000e+06,3.398935250000000000e+06,3.367418750000000000e+06,3.313966000000000000e+06,3.267944500000000000e+06,3.223228750000000000e+06,3.152320250000000000e+06,3.057305500000000000e+06,2.940355250000000000e+06,2.803725500000000000e+06,2.649718000000000000e+06,2.598855500000000000e+06,2.520238000000000000e+06,2.408727000000000000e+06,2.267340500000000000e+06,2.099324500000000000e+06,1.908073125000000000e+06,1.697495125000000000e+06,1.481512500000000000e+06,1.298318500000000000e+06,1.105182000000000000e+06,9.010350625000000000e+05,6.900441875000000000e+05,4.819784062500000000e+05,2.809629062500000000e+05,1.083863593750000000e+05
1.631950625000000000e+06,1.633045875000000000e+06,1.635654000000000000e+06,1.642202125000000000e+06,1.648898750000000000e+06,1.653596750000000000e+06,1.654730750000000000e+06,1.651163625000000000e+06,1.656483625000000000e+06,1.657656125000000000e+06,1.655780000000000000e+06,1.654987375000000000e+06,1.672920125000000000e+06,1.686464000000000000e+06,1.695172250000000000e+06,1.698702375000000000e+06,1.728060875000000000e+06,1.749768625000000000e+06,1.760940250000000000e+06,1.761299500000000000e+06,1.750469250000000000e+06,1.743123875000000000e+06,1.793719000000000000e+06,1.821648250000000000e+06,1.827333250000000000e+06,1.811308750000000000e+06,1.774182875000000000e+06,1.716686125000000000e+06,1.639708625000000000e+06,1.544262875000000000e+06,1.435277875000000000e+06,1.344742500000000000e+06,1.239527250000000000e+06,1.119562375000000000e+06,9.850676875000000000e+05,8.369121875000000000e+05,6.778119375000000000e+05,5.123036250000000000e+05,3.430445312500000000e+05,1.795007500000000000e+05,6.108469140625000000e+04
5.068101000000000000e+06,5.072826000000000000e+06,5.086009000000000000e+06,5.106043000000000000e+06,5.131197500000000000e+06,5.159663000000000000e+06,5.189592500000000000e+06,5.219210500000000000e+06,5.247524500000000000e+06,5.274050500000000000e+06,5.298390500000000000e+06,5.320188000000000000e+06,5.338729500000000000e+06,5.353174000000000000e+06,5.418208500000000000e+06,5.619731000000000000e+06,5.810468500000000000e+06,5.987919000000000000e+06,6.149471500000000000e+06,6.292251500000000000e+06,6.413253500000000000e+06,6.509091000000000000e+06,6.575973000000000000e+06,6.609855500000000000e+06,6.605895500000000000e+06,6.594172500000000000e+06,6.644831000000000000e+06,6.652352500000000000e+06,6.606043500000000000e+06,6.492966500000000000e+06,6.299765000000000000e+06,6.015350000000000000e+06,5.631273000000000000e+06,5.133419000000000000e+06,4.501816500000000000e+06,3.746757500000000000e+06,2.934785750000000000e+06,2.092265250000000000e+06,1.138658875000000000e+06,2.851575937500000000e+05,8.139016601562500000e+03
4.093662250000000000e+06,4.090913250000000000e+06,4.082786500000000000e+06,4.069419750000000000e+06,4.050909000000000000e+06,4.027324000000000000e+06,3.998721500000000000e+06,3.965216750000000000e+06,3.927526250000000000e+06,3.886726750000000000e+06,3.850700250000000000e+06,3.823779500000000000e+06,3.797111250000000000e+06,3.771416250000000000e+06,3.747470000000000000e+06,3.726016750000000000e+06,3.707730250000000000e+06,3.693325250000000000e+06,3.683407750000000000e+06,3.678392500000000000e+06,3.680878000000000000e+06,3.728470500000000000e+06,3.781774000000000000e+06,3.841001750000000000e+06,3.905892000000000000e+06,3.975969750000000000e+06,4.050376750000000000e+06,4.127698250000000000e+06,4.237817000000000000e+06,4.535969500000000000e+06,4.826307000000000000e+06,5.097252000000000000e+06,5.334735000000000000e+06,5.495161500000000000e+06,5.489973500000000000e+06,5.378008000000000000e+06,5.253875000000000000e+06,4.850791000000000000e+06,3.482177000000000000e+06,1.220869125000000000e+06,7.752813281250000000e+04
5.019545625000000000e+05,4.992313437500000000e+05,4.913159062500000000e+05,4.785343750000000000e+05,4.612452812500000000e+05,4.399401562500000000e+05,4.152975625000000000e+05,3.882380937500000000e+05,3.605689687500000000e+05,3.342632500000000000e+05,3.100865937500000000e+05,2.892521250000000000e+05,2.719604687500000000e+05,2.579912031250000000e+05,2.474279531250000000e+05,2.408847656250000000e+05,2.367983906250000000e+05,2.348774531250000000e+05,2.348147187500000000e+05,2.362635312500000000e+05,2.404373593750000000e+05,2.463315468750000000e+05,2.527400781250000000e+05,2.593575468750000000e+05,2.658777187500000000e+05,2.734290937500000000e+05,2.838044375000000000e+05,2.928778437500000000e+05,3.000967812500000000e+05,3.047146250000000000e+05,3.070760625000000000e+05,3.262477500000000000e+05,3.384755312500000000e+05,3.412845000000000000e+05,3.312470312500000000e+05,3.062441250000000000e+05,2.839502812500000000e+05,2.484208750000000000e+05,1.841221562500000000e+05,9.071811718750000000e+04,2.298592382812500000e+04
4.614933000000000000e+06,4.619401500000000000e+06,4.632713000000000000e+06,4.654654000000000000e+06,4.684952500000000000e+06,4.723317500000000000e+06,4.769475500000000000e+06,4.823170500000000000e+06,4.908987000000000000e+06,5.013816500000000000e+06,5.125976000000000000e+06,5.244452500000000000e+06,5.368037500000000000e+06,5.495402500000000000e+06,5.625246500000000000e+06,5.821212000000000000e+06,6.033511000000000000e+06,6.243403000000000000e+06,6.449797500000000000e+06,6.652113500000000000e+06,6.849741000000000000e+06,7.042392500000000000e+06,7.301537000000000000e+06,7.798980500000000000e+06,8.291023500000000000e+06,8.777683000000000000e+06,9.258221000000000000e+06,9.730775000000000000e+06,1.019069900000000000e+07,1.062194500000000000e+07,1.100285900000000000e+07,1.131152100000000000e+07,1.177407800000000000e+07,1.222365500000000000e+07,1.237449500000000000e+07,1.209077000000000000e+07,1.146057500000000000e+07,1.016815400000000000e+07,6.679426000000000000e+06,1.740686375000000000e+06,8.517416992187500000e+03
4.201030312500000000e+05,4.221628125000000000e+05,4.277077500000000000e+05,4.369584687500000000e+05,4.481096562500000000e+05,4.598171250000000000e+05,4.708916250000000000e+05,4.826568125000000000e+05,4.922934375000000000e+05,4.998128437500000000e+05,5.088363437500000000e+05,5.172726250000000000e+05,5.234962187500000000e+05,5.306088125000000000e+05,5.400258125000000000e+05,5.462423125000000000e+05,5.496738125000000000e+05,5.567961875000000000e+05,5.667433750000000000e+05,5.736944375000000000e+05,5.781276250000000000e+05,5.804442500000000000e+05,5.833583750000000000e+05,6.137290625000000000e+05,6.396925625000000000e+05,6.614493750000000000e+05,6.789463750000000000e+05,6.918033125000000000e+05,6.994275625000000000e+05,7.007085000000000000e+05,6.943208125000000000e+05,6.946653125000000000e+05,6.917226250000000000e+05,6.775866875000000000e+05,6.474090000000000000e+05,5.973876875000000000e+05,5.270461875000000000e+05,4.334536562500000000e+05,3.031806250000000000e+05,1.470594062500000000e+05,4.048552343750000000e+04
1.810519000000000000e+06,1.808258000000000000e+06,1.801449375000000000e+06,1.789966125000000000e+06,1.773606250000000000e+06,1.752142000000000000e+06,1.725363750000000000e+06,1.693157250000000000e+06,1.665776500000000000e+06,1.635653500000000000e+06,1.601320625000000000e+06,1.563480625000000000e+06,1.522974625000000000e+06,1.480734750000000000e+06,1.437763625000000000e+06,1.402315875000000000e+06,1.377039000000000000e+06,1.351778875000000000e+06,1.327467250000000000e+06,1.304813750000000000e+06,1.284446875000000000e+06,1.266742125000000000e+06,1.251843125000000000e+06,1.239780875000000000e+06,1.270834375000000000e+06,1.311190250000000000e+06,1.351635500000000000e+06,1.391250500000000000e+06,1.428592000000000000e+06,1.460855750000000000e+06,1.484449125000000000e+06,1.494944250000000000e+06,1.487243875000000000e+06,1.486173875000000000e+06,1.468846375000000000e+06,1.408064375000000000e+06,1.299500500000000000e+06,1.123177125000000000e+06,8.100265625000000000e+05,3.769202187500000000e+05,8.306914062500000000e+04
5.440575000000000000e+06,5.435469000000000000e+06,5.418704000000000000e+06,5.387756000000000000e+06,5.355884000000000000e+06,5.336262500000000000e+06,5.296459000000000000e+06,5.231769500000000000e+06,5.140671000000000000e+06,5.023961500000000000e+06,4.883425500000000000e+06,4.721880500000000000e+06,4.543868500000000000e+06,4.354533500000000000e+06,4.245544000000000000e+06,4.158201000000000000e+06,4.052864000000000000e+06,3.935740250000000000e+06,3.811581250000000000e+06,3.683345000000000000e+06,3.553319750000000000e+06,3.422341000000000000e+06,3.290060000000000000e+06,3.155763750000000000e+06,3.017864500000000000e+06,2.874505500000000000e+06,2.723747000000000000e+06,2.563617500000000000e+06,2.398165500000000000e+06,2.261592500000000000e+06,2.110985000000000000e+06,1.944367500000000000e+06,1.760520875000000000e+06,1.557247375000000000e+06,1.331274125000000000e+06,1.085664875000000000e+06,8.360165000000000000e+05,5.893520625000000000e+05,3.263377500000000000e+05,9.121787500000000000e+04,5.565702148437500000e+03
7.869401875000000000e+05,7.890498125000000000e+05,7.976305625000000000e+05,8.120095625000000000e+05,8.303995625000000000e+05,8.517891250000000000e+05,8.751570000000000000e+05,8.994990625000000000e+05,9.240999375000000000e+05,9.484207500000000000e+05,9.719258750000000000e+05,9.984275000000000000e+05,1.059627375000000000e+06,1.117409375000000000e+06,1.171278750000000000e+06,1.221083750000000000e+06,1.267147625000000000e+06,1.309859500000000000e+06,1.349617625000000000e+06,1.386805875000000000e+06,1.421806500000000000e+06,1.454792625000000000e+06,1.485731875000000000e+06,1.514483250000000000e+06,1.540436625000000000e+06,1.577525750000000000e+06,1.622385875000000000e+06,1.664606625000000000e+06,1.702194625000000000e+06,1.731852625000000000e+06,1.749574375000000000e+06,1.750559875000000000e+06,1.729287375000000000e+06,1.677101625000000000e+06,1.581578125000000000e+06,1.435362000000000000e+06,1.243159625000000000e+06,1.000581687500000000e+06,6.728478750000000000e+05,3.030002812500000000e+05,7.433469531250000000e+04
7.601517000000000000e+06,7.628176000000000000e+06,7.701911500000000000e+06,7.813378500000000000e+06,8.034747000000000000e+06,8.477705000000000000e+06,8.957320000000000000e+06,9.449741000000000000e+06,9.942176000000000000e+06,1.042881100000000000e+07,1.090367800000000000e+07,1.136066300000000000e+07,1.179424100000000000e+07,1.219914400000000000e+07,1.257009800000000000e+07,1.307730800000000000e+07,1.363770300000000000e+07,1.418284900000000000e+07,1.471192000000000000e+07,1.522515900000000000e+07,1.572437100000000000e+07,1.621078900000000000e+07,1.668492800000000000e+07,1.714728200000000000e+07,1.759281000000000000e+07,1.801421400000000000e+07,1.839965400000000000e+07,1.873033400000000000e+07,1.898187600000000000e+07,1.911096400000000000e+07,1.906712600000000000e+07,1.879943400000000000e+07,1.825709400000000000e+07,1.733078400000000000e+07,1.584444400000000000e+07,1.376826900000000000e+07,1.135004400000000000e+07,8.566094000000000000e+06,4.782645500000000000e+06,1.112704875000000000e+06,1.311463574218750000e+04
1.475343375000000000e+06,1.480132500000000000e+06,1.492904500000000000e+06,1.511129500000000000e+06,1.533080750000000000e+06,1.559923625000000000e+06,1.584438750000000000e+06,1.603920875000000000e+06,1.617604750000000000e+06,1.636209000000000000e+06,1.651715375000000000e+06,1.662197500000000000e+06,1.667845875000000000e+06,1.682141875000000000e+06,1.698288375000000000e+06,1.708376000000000000e+06,1.713593750000000000e+06,1.715168625000000000e+06,1.736726125000000000e+06,1.761081250000000000e+06,1.782316875000000000e+06,1.801657625000000000e+06,1.820194375000000000e+06,1.838884375000000000e+06,1.875169000000000000e+06,1.987988625000000000e+06,2.100651000000000000e+06,2.214253500000000000e+06,2.329345000000000000e+06,2.444105000000000000e+06,2.555593500000000000e+06,2.662075500000000000e+06,2.771562750000000000e+06,2.953948500000000000e+06,3.093510000000000000e+06,3.158605000000000000e+06,3.178937750000000000e+06,3.046273000000000000e+06,2.193676250000000000e+06,6.813163125000000000e+05,2.041307421875000000e+04
5.263082500000000000e+05,5.271953750000000000e+05,5.296229375000000000e+05,5.332026875000000000e+05,5.375126875000000000e+05,5.424231875000000000e+05,5.486900625000000000e+05,5.544723125000000000e+05,5.594152500000000000e+05,5.632788125000000000e+05,5.679225000000000000e+05,5.731465000000000000e+05,5.767770625000000000e+05,5.790121875000000000e+05,5.800812500000000000e+05,5.843987500000000000e+05,5.894055625000000000e+05,5.936018750000000000e+05,5.973278750000000000e+05,6.008519375000000000e+05,6.044063750000000000e+05,6.104183125000000000e+05,6.222304375000000000e+05,6.338626250000000000e+05,6.451185000000000000e+05,6.556793125000000000e+05,6.650388125000000000e+05,6.724439375000000000e+05,6.769707500000000000e+05,7.106489375000000000e+05,7.412658750000000000e+05,7.625265625000000000e+05,7.711387500000000000e+05,7.623728125000000000e+05,7.296309375000000000e+05,6.792801875000000000e+05,6.258530000000000000e+05,5.422811875000000000e+05,4.018422187500000000e+05,2.070367343750000000e+05,5.877185156250000000e+04
5.276218500000000000e+06,5.285516000000000000e+06,5.312104500000000000e+06,5.354006500000000000e+06,5.409221000000000000e+06,5.475734000000000000e+06,5.551522000000000000e+06,5.634625000000000000e+06,5.723756000000000000e+06,5.818053500000000000e+06,5.916694500000000000e+06,6.018876500000000000e+06,6.123667500000000000e+06,6.230080500000000000e+06,6.412498500000000000e+06,6.738403500000000000e+06,7.065129500000000000e+06,7.391158500000000000e+06,7.715308500000000000e+06,8.036926500000000000e+06,8.355387500000000000e+06,8.670485000000000000e+06,8.982400000000000000e+06,9.291275000000000000e+06,9.596956000000000000e+06,9.899105000000000000e+06,1.020569200000000000e+07,1.071086000000000000e+07,1.125027800000000000e+07,1.181561700000000000e+07,1.239443400000000000e+07,1.297736000000000000e+07,1.355502300000000000e+07,1.403200300000000000e+07,1.418080100000000000e+07,1.386253800000000000e+07,1.321102600000000000e+07,1.185455600000000000e+07,7.955222500000000000e+06,2.346138750000000000e+06,8.314952343750000000e+04
6.941643000000000000e+06,6.952715000000000000e+06,6.981001000000000000e+06,7.018814500000000000e+06,7.058194500000000000e+06,7.091058500000000000e+06,7.293679500000000000e+06,7.516526000000000000e+06,7.711058000000000000e+06,7.874415500000000000e+06,8.004288500000000000e+06,8.098634000000000000e+06,8.153802000000000000e+06,8.165736000000000000e+06,8.131237500000000000e+06,8.049671500000000000e+06,7.923223500000000000e+06,7.754593500000000000e+06,7.606301500000000000e+06,7.484618500000000000e+06,7.325983500000000000e+06,7.130754500000000000e+06,6.899855000000000000e+06,6.634604500000000000e+06,6.336178000000000000e+06,6.005970000000000000e+06,5.645580500000000000e+06,5.256780000000000000e+06,4.841680000000000000e+06,4.402346500000000000e+06,3.941559250000000000e+06,3.464284750000000000e+06,2.977330000000000000e+06,2.485406500000000000e+06,1.991270375000000000e+06,1.509622625000000000e+06,1.073159500000000000e+06,6.922881250000000000e+05,3.384535000000000000e+05,7.339568750000000000e+04,1.535995727539062500e+03
1.683236914062500000e+04,1.685857421875000000e+04,1.693359179687500000e+04,1.705164257812500000e+04,1.720649218750000000e+04,1.739153320312500000e+04,1.763989843750000000e+04,1.791005468750000000e+04,1.819314843750000000e+04,1.848183203125000000e+04,1.876889257812500000e+04,1.908533398437500000e+04,1.941981054687500000e+04,1.972872070312500000e+04,2.000371289062500000e+04,2.028000390625000000e+04,2.062029492187500000e+04,2.089633007812500000e+04,2.110055859375000000e+04,2.125512109375000000e+04,2.156595117187500000e+04,2.176224023437500000e+04,2.183711718750000000e+04,2.178428906250000000e+04,2.185980273437500000e+04,2.193683789062500000e+04,2.182151562500000000e+04,2.150902343750000000e+04,2.099596093750000000e+04,2.089339843750000000e+04,2.124233007812500000e+04,2.118267382812500000e+04,2.070583007812500000e+04,1.980978710937500000e+04,1.849559179687500000e+04,1.728470312500000000e+04,1.611171093750000000e+04,1.462330175781250000e+04,1.278478613281250000e+04,1.052090136718750000e+04,7.859805664062500000e+03
4.109116250000000000e+06,4.108441250000000000e+06,4.104011500000000000e+06,4.090931500000000000e+06,4.063487500000000000e+06,4.016689750000000000e+06,3.964982500000000000e+06,3.884378250000000000e+06,3.774636750000000000e+06,3.671792500000000000e+06,3.546567750000000000e+06,3.400156250000000000e+06,3.269680000000000000e+06,3.142221750000000000e+06,3.004844500000000000e+06,2.864419750000000000e+06,2.725529000000000000e+06,2.628579000000000000e+06,2.531312500000000000e+06,2.433818750000000000e+06,2.337144750000000000e+06,2.241221750000000000e+06,2.145183000000000000e+06,2.047864125000000000e+06,1.947972500000000000e+06,1.892319250000000000e+06,1.850761125000000000e+06,1.794015000000000000e+06,1.721016250000000000e+06,1.630957750000000000e+06,1.523347500000000000e+06,1.398375750000000000e+06,1.257110750000000000e+06,1.101130625000000000e+06,9.677420000000000000e+05,8.242265000000000000e+05,6.709905625000000000e+05,5.106275000000000000e+05,3.405152812500000000e+05,1.692933750000000000e+05,5.064322656250000000e+04
6.847788500000000000e+06,6.840362500000000000e+06,6.817265500000000000e+06,6.777105000000000000e+06,6.718350000000000000e+06,6.639426000000000000e+06,6.538812500000000000e+06,6.415326500000000000e+06,6.269993500000000000e+06,6.105170000000000000e+06,5.923324500000000000e+06,5.726951500000000000e+06,5.518141500000000000e+06,5.298864000000000000e+06,5.117252000000000000e+06,4.926573500000000000e+06,4.726578000000000000e+06,4.519002500000000000e+06,4.305413500000000000e+06,4.087037750000000000e+06,3.865131500000000000e+06,3.640706000000000000e+06,3.414550250000000000e+06,3.222593750000000000e+06,3.110914500000000000e+06,2.979599250000000000e+06,2.829740750000000000e+06,2.662433500000000000e+06,2.478917000000000000e+06,2.280571750000000000e+06,2.069014625000000000e+06,1.846314250000000000e+06,1.618958875000000000e+06,1.429791125000000000e+06,1.233255000000000000e+06,1.029688687500000000e+06,8.215143125000000000e+05,6.129073750000000000e+05,4.049280000000000000e+05,2.068302343750000000e+05,6.663328125000000000e+04
2.431445000000000000e+06,2.440927000000000000e+06,2.467824500000000000e+06,2.509753250000000000e+06,2.572298750000000000e+06,2.646216250000000000e+06,2.728618250000000000e+06,2.816729000000000000e+06,2.922549250000000000e+06,3.029354500000000000e+06,3.134236000000000000e+06,3.258014500000000000e+06,3.383276500000000000e+06,3.500999000000000000e+06,3.616692250000000000e+06,3.766096750000000000e+06,3.903961500000000000e+06,4.031178750000000000e+06,4.148672000000000000e+06,4.263064000000000000e+06,4.429272000000000000e+06,4.584271000000000000e+06,4.728660000000000000e+06,4.862566500000000000e+06,4.984484000000000000e+06,5.092089500000000000e+06,5.181656500000000000e+06,5.424353500000000000e+06,5.713969000000000000e+06,5.957913500000000000e+06,6.136768500000000000e+06,6.228256000000000000e+06,6.208347000000000000e+06,6.037683500000000000e+06,5.691399500000000000e+06,5.318328000000000000e+06,4.761155000000000000e+06,3.961265000000000000e+06,2.636032500000000000e+06,9.651244375000000000e+05,1.021426171875000000e+05
1.674389687500000000e+05,1.662689687500000000e+05,1.629680937500000000e+05,1.578645000000000000e+05,1.512971406250000000e+05,1.436068906250000000e+05,1.351288281250000000e+05,1.261903437500000000e+05,1.171484375000000000e+05,1.083558671875000000e+05,1.003892421875000000e+05,9.339576562500000000e+04,8.725868750000000000e+04,8.198820312500000000e+04,7.759715625000000000e+04,7.405919531250000000e+04,7.129857812500000000e+04,6.924772656250000000e+04,6.783278125000000000e+04,6.696363281250000000e+04,6.701482812500000000e+04,6.774745312500000000e+04,6.878326562500000000e+04,7.005234375000000000e+04,7.148840625000000000e+04,7.302146093750000000e+04,7.457359375000000000e+04,7.605846093750000000e+04,8.036847656250000000e+04,8.553995312500000000e+04,9.036720312500000000e+04,9.456393750000000000e+04,9.774369531250000000e+04,9.957885156250000000e+04,9.985250000000000000e+04,1.023842343750000000e+05,1.024805703125000000e+05,9.860459375000000000e+04,9.506037500000000000e+04,9.211747656250000000e+04,6.361317187500000000e+04
4.327443000000000000e+06,4.334147500000000000e+06,4.351174500000000000e+06,4.373446000000000000e+06,4.395510500000000000e+06,4.411815500000000000e+06,4.416958000000000000e+06,4.406070500000000000e+06,4.509017000000000000e+06,4.663522000000000000e+06,4.780916500000000000e+06,4.855547000000000000e+06,4.887420000000000000e+06,4.879711000000000000e+06,4.836460000000000000e+06,4.763430500000000000e+06,4.667960000000000000e+06,4.557204500000000000e+06,4.500085500000000000e+06,4.446634500000000000e+06,4.391579000000000000e+06,4.339098500000000000e+06,4.292694000000000000e+06,4.255763000000000000e+06,4.230309000000000000e+06,4.217939500000000000e+06,4.219874500000000000e+06,4.236714500000000000e+06,4.268309000000000000e+06,4.310736500000000000e+06,4.358865500000000000e+06,4.409388500000000000e+06,4.459611000000000000e+06,4.479441500000000000e+06,4.400138500000000000e+06,4.188637500000000000e+06,3.901054750000000000e+06,3.436359250000000000e+06,2.272732500000000000e+06,6.906956875000000000e+05,4.093337890625000000e+04
3.084530250000000000e+06,3.075987250000000000e+06,3.051612500000000000e+06,3.013074750000000000e+06,2.961841750000000000e+06,2.903271500000000000e+06,2.837473250000000000e+06,2.763297500000000000e+06,2.682418000000000000e+06,2.597040500000000000e+06,2.509723500000000000e+06,2.435870750000000000e+06,2.366167750000000000e+06,2.297465000000000000e+06,2.230658000000000000e+06,2.166178000000000000e+06,2.127194750000000000e+06,2.086832250000000000e+06,2.044531625000000000e+06,1.999528500000000000e+06,1.950915750000000000e+06,1.918519375000000000e+06,1.887585375000000000e+06,1.846206625000000000e+06,1.793908375000000000e+06,1.730264750000000000e+06,1.655017125000000000e+06,1.580952875000000000e+06,1.561061125000000000e+06,1.516608125000000000e+06,1.447810500000000000e+06,1.355271500000000000e+06,1.240295375000000000e+06,1.104881750000000000e+06,9.585402500000000000e+05,8.306738750000000000e+05,6.894512500000000000e+05,5.366750000000000000e+05,3.730115312500000000e+05,2.024194531250000000e+05,6.735967187500000000e+04
1.652642750000000000e+06,1.658981250000000000e+06,1.676380125000000000e+06,1.702402000000000000e+06,1.734598375000000000e+06,1.770517375000000000e+06,1.807711750000000000e+06,1.843935875000000000e+06,1.878965500000000000e+06,1.913804000000000000e+06,1.949498750000000000e+06,1.986997125000000000e+06,2.068028250000000000e+06,2.185200250000000000e+06,2.303367500000000000e+06,2.421253250000000000e+06,2.538452000000000000e+06,2.654577250000000000e+06,2.769161500000000000e+06,2.881632750000000000e+06,2.991369250000000000e+06,3.097882250000000000e+06,3.200807500000000000e+06,3.310254250000000000e+06,3.472438250000000000e+06,3.639144750000000000e+06,3.808898000000000000e+06,3.979470500000000000e+06,4.147418750000000000e+06,4.304767000000000000e+06,4.441245500000000000e+06,4.545551000000000000e+06,4.604898000000000000e+06,4.583740500000000000e+06,4.415947500000000000e+06,4.070182500000000000e+06,3.597552750000000000e+06,2.945684250000000000e+06,1.798670250000000000e+06,4.838330625000000000e+05,1.633905371093750000e+04
1.708876000000000000e+06,1.709296250000000000e+06,1.710335250000000000e+06,1.711571375000000000e+06,1.712499250000000000e+06,1.712570500000000000e+06,1.711231500000000000e+06,1.707992000000000000e+06,1.711765000000000000e+06,1.714196250000000000e+06,1.715199250000000000e+06,1.715050500000000000e+06,1.713874875000000000e+06,1.722596500000000000e+06,1.738266000000000000e+06,1.752228375000000000e+06,1.764555500000000000e+06,1.775358250000000000e+06,1.798648625000000000e+06,1.836696500000000000e+06,1.870416000000000000e+06,1.899330625000000000e+06,1.922710875000000000e+06,1.939655250000000000e+06,1.992877750000000000e+06,2.096067000000000000e+06,2.180910250000000000e+06,2.244304000000000000e+06,2.282710250000000000e+06,2.291780250000000000e+06,2.266937750000000000e+06,2.203882500000000000e+06,2.142097750000000000e+06,2.066306000000000000e+06,1.939949500000000000e+06,1.755035625000000000e+06,1.512729875000000000e+06,1.210770875000000000e+06,8.249960625000000000e+05,3.893437500000000000e+05,9.731728125000000000e+04
3.835417750000000000e+06,3.823923000000000000e+06,3.790693500000000000e+06,3.737517250000000000e+06,3.666087250000000000e+06,3.578043000000000000e+06,3.477560750000000000e+06,3.367018500000000000e+06,3.246177750000000000e+06,3.118466500000000000e+06,2.987353000000000000e+06,2.856224500000000000e+06,2.727645750000000000e+06,2.605609500000000000e+06,2.495926250000000000e+06,2.394031250000000000e+06,2.301014250000000000e+06,2.217973500000000000e+06,2.145605000000000000e+06,2.095371250000000000e+06,2.056743375000000000e+06,2.027770500000000000e+06,2.008182125000000000e+06,1.997655375000000000e+06,2.016649250000000000e+06,2.044368750000000000e+06,2.078055625000000000e+06,2.116739750000000000e+06,2.167525750000000000e+06,2.256279000000000000e+06,2.340274750000000000e+06,2.414676000000000000e+06,2.473971500000000000e+06,2.653824750000000000e+06,2.822844500000000000e+06,2.869878250000000000e+06,2.795859000000000000e+06,2.615708500000000000e+06,2.022645625000000000e+06,8.474345625000000000e+05,9.746911718750000000e+04
3.058613671875000000e+04,3.065777539062500000e+04,3.085124609375000000e+04,3.113397656250000000e+04,3.147300585937500000e+04,3.183520312500000000e+04,3.218750585937500000e+04,3.249980273437500000e+04,3.276985156250000000e+04,3.301205468750000000e+04,3.324105859375000000e+04,3.347017968750000000e+04,3.370193750000000000e+04,3.393362890625000000e+04,3.416290625000000000e+04,3.438975781250000000e+04,3.523710156250000000e+04,3.644613671875000000e+04,3.767055859375000000e+04,3.890901171875000000e+04,4.015972265625000000e+04,4.141911328125000000e+04,4.268150781250000000e+04,4.393918750000000000e+04,4.517685937500000000e+04,4.637485546875000000e+04,4.750473046875000000e+04,4.852580078125000000e+04,4.938885937500000000e+04,5.096653515625000000e+04,5.266921484375000000e+04,5.418778125000000000e+04,5.536803515625000000e+04,5.601466796875000000e+04,5.588888671875000000e+04,5.464593750000000000e+04,5.173781250000000000e+04,4.673916796875000000e+04,3.962705078125000000e+04,3.005150976562500000e+04,1.776597460937500000e+04
4.430034000000000000e+06,4.415532500000000000e+06,4.372039000000000000e+06,4.299242000000000000e+06,4.196863000000000000e+06,4.065157500000000000e+06,3.905272000000000000e+06,3.719846500000000000e+06,3.516535500000000000e+06,3.305327750000000000e+06,3.095588250000000000e+06,2.895492000000000000e+06,2.709343250000000000e+06,2.539532750000000000e+06,2.448048750000000000e+06,2.372309000000000000e+06,2.308654750000000000e+06,2.258705750000000000e+06,2.223169500000000000e+06,2.201531750000000000e+06,2.193119000000000000e+06,2.196889000000000000e+06,2.211433500000000000e+06,2.235178750000000000e+06,2.266185500000000000e+06,2.302237750000000000e+06,2.340740000000000000e+06,2.378622750000000000e+06,2.437288000000000000e+06,2.516259750000000000e+06,2.588760250000000000e+06,2.647389750000000000e+06,2.683062250000000000e+06,2.678392500000000000e+06,2.604870750000000000e+06,2.442145250000000000e+06,2.193708250000000000e+06,1.834175875000000000e+06,1.251240000000000000e+06,5.265391875000000000e+05,1.015722421875000000e+05
1.305480125000000000e+06,1.299596750000000000e+06,1.282885875000000000e+06,1.256736375000000000e+06,1.222514375000000000e+06,1.181570625000000000e+06,1.135246875000000000e+06,1.084913500000000000e+06,1.032844500000000000e+06,9.819920625000000000e+05,9.322990625000000000e+05,8.853867500000000000e+05,8.419875625000000000e+05,8.024188125000000000e+05,7.670202500000000000e+05,7.393490625000000000e+05,7.157824375000000000e+05,6.952895000000000000e+05,6.774298125000000000e+05,6.615395625000000000e+05,6.488814375000000000e+05,6.411921250000000000e+05,6.327749375000000000e+05,6.229214375000000000e+05,6.109785000000000000e+05,5.963058125000000000e+05,5.867221250000000000e+05,5.742285625000000000e+05,5.562386250000000000e+05,5.323690625000000000e+05,5.023575312500000000e+05,4.799602187500000000e+05,4.669468750000000000e+05,4.409487812500000000e+05,4.018982812500000000e+05,3.504631250000000000e+05,2.937992812500000000e+05,2.410412656250000000e+05,1.795193750000000000e+05,1.093435546875000000e+05,4.515428515625000000e+04
2.313061750000000000e+06,2.313136250000000000e+06,2.313249750000000000e+06,2.313197000000000000e+06,2.312733000000000000e+06,2.311584000000000000e+06,2.309459500000000000e+06,2.306089250000000000e+06,2.308065000000000000e+06,2.310326500000000000e+06,2.311972250000000000e+06,2.313109000000000000e+06,2.313822500000000000e+06,2.314215500000000000e+06,2.314444500000000000e+06,2.314695750000000000e+06,2.331374750000000000e+06,2.350847000000000000e+06,2.370453500000000000e+06,2.390253500000000000e+06,2.410310500000000000e+06,2.430508500000000000e+06,2.455872000000000000e+06,2.511618250000000000e+06,2.564961000000000000e+06,2.614636000000000000e+06,2.658781250000000000e+06,2.694711750000000000e+06,2.719031000000000000e+06,2.822371000000000000e+06,2.963106500000000000e+06,3.064583750000000000e+06,3.113726750000000000e+06,3.089080250000000000e+06,2.957918750000000000e+06,2.744517000000000000e+06,2.517676500000000000e+06,2.160034500000000000e+06,1.514419250000000000e+06,6.314520625000000000e+05,9.948400000000000000e+04
4.853838500000000000e+06,4.845886500000000000e+06,4.822178500000000000e+06,4.782451000000000000e+06,4.726084000000000000e+06,4.652434000000000000e+06,4.561113500000000000e+06,4.452404000000000000e+06,4.342922500000000000e+06,4.235115500000000000e+06,4.120510250000000000e+06,4.004075750000000000e+06,3.889059500000000000e+06,3.797060500000000000e+06,3.731716250000000000e+06,3.670048000000000000e+06,3.613573250000000000e+06,3.563639250000000000e+06,3.527477000000000000e+06,3.546729000000000000e+06,3.565752000000000000e+06,3.583620250000000000e+06,3.598539500000000000e+06,3.608158500000000000e+06,3.609282750000000000e+06,3.674975500000000000e+06,3.821999500000000000e+06,3.936348000000000000e+06,4.010913250000000000e+06,4.036799000000000000e+06,4.004347000000000000e+06,3.904279500000000000e+06,3.728639500000000000e+06,3.535554250000000000e+06,3.311927750000000000e+06,2.989060250000000000e+06,2.570781000000000000e+06,2.050381125000000000e+06,1.371328625000000000e+06,5.976486250000000000e+05,1.178878046875000000e+05
1.611780468750000000e+05,1.608321093750000000e+05,1.597916562500000000e+05,1.580367343750000000e+05,1.555376875000000000e+05,1.522683281250000000e+05,1.482167500000000000e+05,1.434016562500000000e+05,1.379536562500000000e+05,1.320712500000000000e+05,1.270431796875000000e+05,1.219150390625000000e+05,1.167635078125000000e+05,1.117163046875000000e+05,1.069033281250000000e+05,1.024300468750000000e+05,9.917317187500000000e+04,9.679021875000000000e+04,9.474321093750000000e+04,9.306538281250000000e+04,9.177875000000000000e+04,9.088392968750000000e+04,9.036227343750000000e+04,9.018667187500000000e+04,9.273689062500000000e+04,9.688382031250000000e+04,1.011638046875000000e+05,1.055158203125000000e+05,1.098324375000000000e+05,1.138769765625000000e+05,1.173396484375000000e+05,1.198959296875000000e+05,1.211993515625000000e+05,1.232612578125000000e+05,1.232110390625000000e+05,1.188349296875000000e+05,1.111507265625000000e+05,9.774903906250000000e+04,6.560846093750000000e+04,2.057712304687500000e+04,1.807787841796875000e+03
6.731463750000000000e+05,6.736651250000000000e+05,6.748663750000000000e+05,6.761685625000000000e+05,6.769457500000000000e+05,6.778707500000000000e+05,6.774805625000000000e+05,6.747175000000000000e+05,6.693686875000000000e+05,6.615023125000000000e+05,6.515633125000000000e+05,6.432116875000000000e+05,6.323195625000000000e+05,6.188983750000000000e+05,6.030390000000000000e+05,5.868732500000000000e+05,5.730975000000000000e+05,5.567248125000000000e+05,5.380962500000000000e+05,5.175457812500000000e+05,4.970943750000000000e+05,4.817210625000000000e+05,4.639324062500000000e+05,4.441132187500000000e+05,4.225955937500000000e+05,3.996748437500000000e+05,3.788821875000000000e+05,3.733482500000000000e+05,3.633203125000000000e+05,3.492153125000000000e+05,3.314212812500000000e+05,3.101760937500000000e+05,2.856631875000000000e+05,2.591471093750000000e+05,2.401675625000000000e+05,2.197698125000000000e+05,1.950284531250000000e+05,1.659951093750000000e+05,1.416880625000000000e+05,1.228744218750000000e+05,7.789939843750000000e+04
4.366489500000000000e+06,4.367772500000000000e+06,4.369965500000000000e+06,4.375038500000000000e+06,4.406251000000000000e+06,4.434714500000000000e+06,4.455189000000000000e+06,4.462943500000000000e+06,4.455650500000000000e+06,4.432659500000000000e+06,4.393876000000000000e+06,4.339847500000000000e+06,4.281692500000000000e+06,4.363202500000000000e+06,4.417186500000000000e+06,4.447259500000000000e+06,4.458603000000000000e+06,4.456448500000000000e+06,4.445680500000000000e+06,4.430635000000000000e+06,4.415337000000000000e+06,4.402920500000000000e+06,4.395730500000000000e+06,4.395752000000000000e+06,4.403790000000000000e+06,4.420182500000000000e+06,4.479418500000000000e+06,4.594472500000000000e+06,4.728541500000000000e+06,4.877378000000000000e+06,5.034931000000000000e+06,5.195468000000000000e+06,5.352374500000000000e+06,5.467602500000000000e+06,5.456255500000000000e+06,5.266222000000000000e+06,4.942656000000000000e+06,4.358990000000000000e+06,2.900141750000000000e+06,8.795281875000000000e+05,4.228131250000000000e+04
6.172352500000000000e+05,6.161258750000000000e+05,6.139107500000000000e+05,6.105300625000000000e+05,6.045969375000000000e+05,5.954806875000000000e+05,5.826945000000000000e+05,5.660295000000000000e+05,5.463515000000000000e+05,5.250615625000000000e+05,5.034779062500000000e+05,4.829635000000000000e+05,4.687870625000000000e+05,4.557215000000000000e+05,4.440067500000000000e+05,4.338556875000000000e+05,4.254024687500000000e+05,4.187726250000000000e+05,4.139785625000000000e+05,4.108673125000000000e+05,4.172759062500000000e+05,4.337989687500000000e+05,4.508400625000000000e+05,4.681991562500000000e+05,4.855391875000000000e+05,5.024093125000000000e+05,5.182220312500000000e+05,5.322326875000000000e+05,5.435400000000000000e+05,5.509066250000000000e+05,5.643800000000000000e+05,5.769465625000000000e+05,5.831941250000000000e+05,5.798105625000000000e+05,5.620025625000000000e+05,5.259699375000000000e+05,4.710776250000000000e+05,3.938621562500000000e+05,2.804559687500000000e+05,1.409649062500000000e+05,4.253287109375000000e+04
2.595784500000000000e+06,2.603638250000000000e+06,2.624151500000000000e+06,2.652420000000000000e+06,2.698775500000000000e+06,2.758513250000000000e+06,2.811525000000000000e+06,2.851492500000000000e+06,2.875957500000000000e+06,2.941509750000000000e+06,2.988757500000000000e+06,3.015065750000000000e+06,3.022504500000000000e+06,3.013978500000000000e+06,3.071497750000000000e+06,3.173823750000000000e+06,3.249748750000000000e+06,3.306588000000000000e+06,3.350716000000000000e+06,3.387167750000000000e+06,3.420535500000000000e+06,3.454193750000000000e+06,3.490459500000000000e+06,3.531269750000000000e+06,3.577385750000000000e+06,3.629099750000000000e+06,3.716516250000000000e+06,3.850836750000000000e+06,4.002092000000000000e+06,4.167538500000000000e+06,4.343143000000000000e+06,4.527757500000000000e+06,4.721814500000000000e+06,4.892934000000000000e+06,4.957909000000000000e+06,4.872253000000000000e+06,4.705887000000000000e+06,4.315025500000000000e+06,2.928893750000000000e+06,8.577678750000000000e+05,3.304303515625000000e+04
1.467925250000000000e+06,1.461165750000000000e+06,1.441847000000000000e+06,1.411316750000000000e+06,1.370894000000000000e+06,1.324857250000000000e+06,1.274603000000000000e+06,1.218671500000000000e+06,1.159045500000000000e+06,1.098082000000000000e+06,1.038209312500000000e+06,9.817080625000000000e+05,9.372705000000000000e+05,8.961641250000000000e+05,8.585725000000000000e+05,8.245301875000000000e+05,7.936000000000000000e+05,7.652615000000000000e+05,7.388802500000000000e+05,7.180256875000000000e+05,7.008153750000000000e+05,6.824777500000000000e+05,6.624603125000000000e+05,6.402134375000000000e+05,6.153202500000000000e+05,5.874305000000000000e+05,5.563026250000000000e+05,5.264274375000000000e+05,5.118372500000000000e+05,4.900203750000000000e+05,4.608187812500000000e+05,4.244579375000000000e+05,3.815746562500000000e+05,3.326902187500000000e+05,2.781319062500000000e+05,2.291984375000000000e+05,1.806569843750000000e+05,1.319775625000000000e+05,7.683678125000000000e+04,2.356471875000000000e+04,2.427074462890625000e+03
9.436840000000000000e+05,9.447098750000000000e+05,9.483172500000000000e+05,9.529377500000000000e+05,9.572498750000000000e+05,9.599478750000000000e+05,9.597754375000000000e+05,9.556717500000000000e+05,9.497151875000000000e+05,9.416546250000000000e+05,9.307090000000000000e+05,9.175237500000000000e+05,9.037089375000000000e+05,8.937083125000000000e+05,8.816766250000000000e+05,8.680520625000000000e+05,8.533788750000000000e+05,8.487767500000000000e+05,8.431031875000000000e+05,8.367220625000000000e+05,8.301303125000000000e+05,8.300425625000000000e+05,8.392643750000000000e+05,8.477780000000000000e+05,8.558603750000000000e+05,8.636555625000000000e+05,8.711175625000000000e+05,9.244641875000000000e+05,9.817186875000000000e+05,1.034141437500000000e+06,1.079747500000000000e+06,1.115866375000000000e+06,1.139196125000000000e+06,1.146010750000000000e+06,1.164135125000000000e+06,1.148156875000000000e+06,1.095121500000000000e+06,9.814341250000000000e+05,7.197706250000000000e+05,3.223334375000000000e+05,6.411216015625000000e+04
1.192233500000000000e+06,1.186530125000000000e+06,1.170275750000000000e+06,1.144536750000000000e+06,1.111784125000000000e+06,1.073215750000000000e+06,1.028190000000000000e+06,9.779673125000000000e+05,9.245606875000000000e+05,8.738255625000000000e+05,8.237209375000000000e+05,7.766770000000000000e+05,7.358565625000000000e+05,7.026743125000000000e+05,6.729368125000000000e+05,6.467671875000000000e+05,6.258661875000000000e+05,6.125293750000000000e+05,6.001574375000000000e+05,5.882572500000000000e+05,5.762094375000000000e+05,5.637016875000000000e+05,5.584793125000000000e+05,5.504542500000000000e+05,5.393818750000000000e+05,5.250376250000000000e+05,5.072420000000000000e+05,4.859132187500000000e+05,4.729321250000000000e+05,4.679042812500000000e+05,4.556115937500000000e+05,4.358915000000000000e+05,4.087000312500000000e+05,3.744759062500000000e+05,3.341367187500000000e+05,3.003065000000000000e+05,2.625933750000000000e+05,2.186759843750000000e+05,1.748270781250000000e+05,1.307627187500000000e+05,7.047346875000000000e+04
4.771247500000000000e+05,4.754708750000000000e+05,4.706650937500000000e+05,4.629462812500000000e+05,4.525604687500000000e+05,4.397609375000000000e+05,4.248088125000000000e+05,4.079860312500000000e+05,3.897148437500000000e+05,3.709203750000000000e+05,3.535210000000000000e+05,3.359190937500000000e+05,3.183968437500000000e+05,3.011801562500000000e+05,2.844907187500000000e+05,2.684830000000000000e+05,2.532265937500000000e+05,2.387842812500000000e+05,2.251667968750000000e+05,2.123128906250000000e+05,2.001587812500000000e+05,1.895637343750000000e+05,1.845767031250000000e+05,1.791710468750000000e+05,1.732636718750000000e+05,1.667592656250000000e+05,1.595632187500000000e+05,1.515877656250000000e+05,1.427523281250000000e+05,1.329889375000000000e+05,1.222549531250000000e+05,1.105965078125000000e+05,9.992122656250000000e+04,8.940731250000000000e+04,7.778725000000000000e+04,6.518667968750000000e+04,5.244183593750000000e+04,3.971079687500000000e+04,2.520188476562500000e+04,1.053585156250000000e+04,3.329107421875000000e+03
4.259773000000000000e+06,4.246867000000000000e+06,4.209459500000000000e+06,4.149389250000000000e+06,4.068394750000000000e+06,3.968196750000000000e+06,3.850573500000000000e+06,3.717519250000000000e+06,3.572241750000000000e+06,3.446852750000000000e+06,3.321046500000000000e+06,3.191780250000000000e+06,3.061210750000000000e+06,2.930961000000000000e+06,2.802795500000000000e+06,2.677905250000000000e+06,2.556622000000000000e+06,2.439212500000000000e+06,2.377944500000000000e+06,2.344622500000000000e+06,2.301998750000000000e+06,2.250130750000000000e+06,2.188838750000000000e+06,2.117781000000000000e+06,2.036637250000000000e+06,1.945061000000000000e+06,1.842834375000000000e+06,1.729993500000000000e+06,1.606725625000000000e+06,1.473489250000000000e+06,1.361047500000000000e+06,1.240033375000000000e+06,1.110058625000000000e+06,9.712184375000000000e+05,8.231894375000000000e+05,6.685211250000000000e+05,5.152465625000000000e+05,3.673073125000000000e+05,2.164661718750000000e+05,8.040303125000000000e+04,1.509484179687500000e+04
5.721104375000000000e+05,5.727331875000000000e+05,5.744847500000000000e+05,5.774466875000000000e+05,5.817525625000000000e+05,5.867652500000000000e+05,5.922373125000000000e+05,5.979266250000000000e+05,6.036543125000000000e+05,6.092876250000000000e+05,6.147086250000000000e+05,6.218600000000000000e+05,6.299485625000000000e+05,6.375625625000000000e+05,6.446631875000000000e+05,6.512539375000000000e+05,6.573819375000000000e+05,6.670281875000000000e+05,6.782962500000000000e+05,6.889917500000000000e+05,6.991543125000000000e+05,7.087595625000000000e+05,7.177164375000000000e+05,7.288261250000000000e+05,7.467081875000000000e+05,7.628394375000000000e+05,7.766196250000000000e+05,7.871883125000000000e+05,7.934976250000000000e+05,7.939821875000000000e+05,8.271703750000000000e+05,8.569608125000000000e+05,8.709931875000000000e+05,8.639973750000000000e+05,8.288373125000000000e+05,7.608568125000000000e+05,6.991155625000000000e+05,6.057928125000000000e+05,4.527966875000000000e+05,2.397321718750000000e+05,6.972575000000000000e+04
7.986606250000000000e+05,8.006617500000000000e+05,8.063755625000000000e+05,8.153568125000000000e+05,8.278242500000000000e+05,8.441450625000000000e+05,8.626282500000000000e+05,8.827182500000000000e+05,9.038442500000000000e+05,9.254291875000000000e+05,9.538017500000000000e+05,9.816085625000000000e+05,1.008099000000000000e+06,1.032680500000000000e+06,1.063943375000000000e+06,1.095918375000000000e+06,1.123679250000000000e+06,1.146727000000000000e+06,1.164618250000000000e+06,1.196564625000000000e+06,1.222291375000000000e+06,1.239860125000000000e+06,1.248865625000000000e+06,1.248901875000000000e+06,1.239508250000000000e+06,1.264493625000000000e+06,1.292464875000000000e+06,1.302618750000000000e+06,1.293881125000000000e+06,1.264979625000000000e+06,1.214810875000000000e+06,1.143032125000000000e+06,1.050197625000000000e+06,9.594570000000000000e+05,8.558385000000000000e+05,7.295581875000000000e+05,5.896726875000000000e+05,4.383997187500000000e+05,2.560975625000000000e+05,7.515135937500000000e+04,4.813257324218750000e+03
2.922708125000000000e+05,2.926784687500000000e+05,2.938524687500000000e+05,2.957144375000000000e+05,2.981804062500000000e+05,3.011616250000000000e+05,3.045657812500000000e+05,3.088609687500000000e+05,3.136112500000000000e+05,3.185604375000000000e+05,3.236097187500000000e+05,3.286573750000000000e+05,3.337763125000000000e+05,3.395711875000000000e+05,3.448675312500000000e+05,3.494765000000000000e+05,3.532000937500000000e+05,3.574482500000000000e+05,3.612869062500000000e+05,3.634935625000000000e+05,3.638590937500000000e+05,3.628795000000000000e+05,3.633324375000000000e+05,3.610200312500000000e+05,3.558051875000000000e+05,3.475880625000000000e+05,3.394680625000000000e+05,3.312807500000000000e+05,3.190427812500000000e+05,3.028165937500000000e+05,2.827488437500000000e+05,2.688489375000000000e+05,2.583753125000000000e+05,2.403622343750000000e+05,2.151418437500000000e+05,1.836729531250000000e+05,1.519389218750000000e+05,1.220892265625000000e+05,8.722715625000000000e+04,4.822530078125000000e+04,1.843513671875000000e+04
2.024617625000000000e+06,2.024889375000000000e+06,2.025880750000000000e+06,2.027769500000000000e+06,2.033731000000000000e+06,2.041814625000000000e+06,2.051564875000000000e+06,2.062943000000000000e+06,2.075945375000000000e+06,2.090677750000000000e+06,2.111463250000000000e+06,2.144174750000000000e+06,2.179074000000000000e+06,2.215989500000000000e+06,2.254830250000000000e+06,2.303456750000000000e+06,2.370485500000000000e+06,2.437587750000000000e+06,2.504358000000000000e+06,2.570285250000000000e+06,2.634732750000000000e+06,2.730507000000000000e+06,2.830875500000000000e+06,2.925469000000000000e+06,3.012508000000000000e+06,3.089793500000000000e+06,3.154409750000000000e+06,3.222097250000000000e+06,3.421981250000000000e+06,3.589404250000000000e+06,3.711813500000000000e+06,3.775235000000000000e+06,3.765024250000000000e+06,3.656090750000000000e+06,3.433777500000000000e+06,3.192766500000000000e+06,2.839804250000000000e+06,2.338002250000000000e+06,1.488854000000000000e+06,4.359815312500000000e+05,1.103206738281250000e+04
1.318242500000000000e+06,1.316048875000000000e+06,1.310759750000000000e+06,1.301061000000000000e+06,1.285643125000000000e+06,1.263417125000000000e+06,1.233504750000000000e+06,1.195420250000000000e+06,1.155864500000000000e+06,1.110981750000000000e+06,1.059991125000000000e+06,1.004690000000000000e+06,9.469859375000000000e+05,8.961870000000000000e+05,8.454825000000000000e+05,7.952696875000000000e+05,7.465876250000000000e+05,7.002266250000000000e+05,6.565858750000000000e+05,6.156410625000000000e+05,5.819966875000000000e+05,5.516832500000000000e+05,5.223342187500000000e+05,4.936641562500000000e+05,4.653492812500000000e+05,4.370622187500000000e+05,4.085184687500000000e+05,3.795000937500000000e+05,3.613611562500000000e+05,3.466564062500000000e+05,3.281061250000000000e+05,3.056794687500000000e+05,2.794719375000000000e+05,2.498772968750000000e+05,2.175331250000000000e+05,1.910352343750000000e+05,1.633042031250000000e+05,1.331264062500000000e+05,1.033689453125000000e+05,7.354502343750000000e+04,3.825957421875000000e+04
1.420360500000000000e+06,1.412489000000000000e+06,1.390567500000000000e+06,1.357088625000000000e+06,1.314488375000000000e+06,1.265157000000000000e+06,1.211449875000000000e+06,1.155695500000000000e+06,1.100220625000000000e+06,1.047340375000000000e+06,9.993488750000000000e+05,9.583433750000000000e+05,9.248105625000000000e+05,8.985006875000000000e+05,8.792560000000000000e+05,8.666673750000000000e+05,8.599321250000000000e+05,8.582473750000000000e+05,8.607793750000000000e+05,8.666168125000000000e+05,8.748040000000000000e+05,8.844488125000000000e+05,9.012627500000000000e+05,9.248449375000000000e+05,9.489325000000000000e+05,9.726685000000000000e+05,9.950378750000000000e+05,1.014827375000000000e+06,1.030606812500000000e+06,1.040435062500000000e+06,1.042079375000000000e+06,1.032884875000000000e+06,1.009866812500000000e+06,9.691201875000000000e+05,9.057268750000000000e+05,8.163279375000000000e+05,7.015217500000000000e+05,5.611075625000000000e+05,3.867246250000000000e+05,1.940542343750000000e+05,5.879774218750000000e+04
4.525340000000000000e+06,4.529278500000000000e+06,4.551721500000000000e+06,4.608838000000000000e+06,4.681067000000000000e+06,4.763885000000000000e+06,4.852705000000000000e+06,4.943185500000000000e+06,5.034266000000000000e+06,5.126898000000000000e+06,5.222099000000000000e+06,5.320781000000000000e+06,5.422642500000000000e+06,5.526768500000000000e+06,5.632261500000000000e+06,5.738509500000000000e+06,5.845261000000000000e+06,5.952283000000000000e+06,6.059045000000000000e+06,6.164555000000000000e+06,6.267690500000000000e+06,6.366712000000000000e+06,6.459260500000000000e+06,6.551406000000000000e+06,6.725809000000000000e+06,6.896373500000000000e+06,7.056843500000000000e+06,7.198527000000000000e+06,7.310508500000000000e+06,7.375867500000000000e+06,7.374719000000000000e+06,7.286025500000000000e+06,7.087766000000000000e+06,6.741216500000000000e+06,6.188004000000000000e+06,5.410518500000000000e+06,4.477992500000000000e+06,3.390591500000000000e+06,1.954727625000000000e+06,5.162083750000000000e+05,1.570390527343750000e+04
4.037254000000000000e+06,4.023739000000000000e+06,3.985092750000000000e+06,3.924196000000000000e+06,3.843949750000000000e+06,3.747252750000000000e+06,3.650145500000000000e+06,3.546189750000000000e+06,3.435801500000000000e+06,3.322773500000000000e+06,3.210872000000000000e+06,3.103662500000000000e+06,3.003249250000000000e+06,2.911050000000000000e+06,2.828527250000000000e+06,2.756454000000000000e+06,2.694675500000000000e+06,2.643047750000000000e+06,2.600943250000000000e+06,2.582510750000000000e+06,2.639404000000000000e+06,2.698750000000000000e+06,2.758550250000000000e+06,2.816382000000000000e+06,2.869088000000000000e+06,2.912956250000000000e+06,2.943696500000000000e+06,2.956416500000000000e+06,2.945721500000000000e+06,2.905143500000000000e+06,2.829902750000000000e+06,2.784632000000000000e+06,2.699165500000000000e+06,2.561528750000000000e+06,2.354732000000000000e+06,2.072257125000000000e+06,1.731529000000000000e+06,1.332985000000000000e+06,8.205636875000000000e+05,2.812375937500000000e+05,3.115430078125000000e+04
1.305762734375000000e+05,1.309128125000000000e+05,1.317510000000000000e+05,1.328225468750000000e+05,1.338535625000000000e+05,1.345755468750000000e+05,1.347354687500000000e+05,1.342497812500000000e+05,1.338662343750000000e+05,1.328858750000000000e+05,1.315572656250000000e+05,1.300999453125000000e+05,1.285886562500000000e+05,1.270346406250000000e+05,1.254574843750000000e+05,1.238985781250000000e+05,1.236731171875000000e+05,1.236972343750000000e+05,1.238382656250000000e+05,1.241240000000000000e+05,1.245800312500000000e+05,1.252237265625000000e+05,1.260638593750000000e+05,1.271037578125000000e+05,1.310490078125000000e+05,1.381418281250000000e+05,1.453597968750000000e+05,1.526427500000000000e+05,1.598809531250000000e+05,1.668064062500000000e+05,1.730590937500000000e+05,1.782222343750000000e+05,1.818163281250000000e+05,1.889699687500000000e+05,1.926025937500000000e+05,1.906261562500000000e+05,1.832462031250000000e+05,1.663200312500000000e+05,1.220288437500000000e+05,5.293122265625000000e+04,1.131584667968750000e+04
2.054065625000000000e+06,2.052398375000000000e+06,2.046657500000000000e+06,2.035516625000000000e+06,2.017568125000000000e+06,1.991547000000000000e+06,1.956501375000000000e+06,1.913701625000000000e+06,1.871622875000000000e+06,1.825428375000000000e+06,1.778896000000000000e+06,1.735462250000000000e+06,1.696548250000000000e+06,1.663093500000000000e+06,1.650821500000000000e+06,1.643467625000000000e+06,1.641355000000000000e+06,1.644780750000000000e+06,1.653761000000000000e+06,1.671739375000000000e+06,1.716940625000000000e+06,1.765382500000000000e+06,1.816724250000000000e+06,1.870491750000000000e+06,1.926117750000000000e+06,1.982909625000000000e+06,2.114957750000000000e+06,2.285276000000000000e+06,2.455609750000000000e+06,2.622131250000000000e+06,2.779428000000000000e+06,2.921903500000000000e+06,3.043494000000000000e+06,3.171895250000000000e+06,3.297505750000000000e+06,3.325461000000000000e+06,3.269188750000000000e+06,3.027832500000000000e+06,2.135062500000000000e+06,6.836098750000000000e+05,2.789676171875000000e+04
1.009198046875000000e+05,1.008846875000000000e+05,1.007439843750000000e+05,1.004386093750000000e+05,9.990608593750000000e+04,9.908581250000000000e+04,9.846928125000000000e+04,9.754799218750000000e+04,9.626486718750000000e+04,9.472471875000000000e+04,9.303350000000000000e+04,9.129063281250000000e+04,8.954668750000000000e+04,8.783202343750000000e+04,8.726282812500000000e+04,8.677646093750000000e+04,8.633389843750000000e+04,8.597100781250000000e+04,8.571107031250000000e+04,8.555696093750000000e+04,8.550858593750000000e+04,8.709049218750000000e+04,9.101881250000000000e+04,9.481666406250000000e+04,9.843873437500000000e+04,1.018174765625000000e+05,1.048570156250000000e+05,1.074270156250000000e+05,1.093654531250000000e+05,1.104347656250000000e+05,1.106291718750000000e+05,1.122644375000000000e+05,1.126325937500000000e+05,1.110887890625000000e+05,1.066170234375000000e+05,9.864883593750000000e+04,8.775753125000000000e+04,7.333942187500000000e+04,5.112833984375000000e+04,2.389575390625000000e+04,7.718736816406250000e+03
9.868780000000000000e+05,9.805070625000000000e+05,9.624857500000000000e+05,9.343955000000000000e+05,8.978305000000000000e+05,8.544808125000000000e+05,8.061746875000000000e+05,7.549054375000000000e+05,7.030313750000000000e+05,6.529587500000000000e+05,6.143906250000000000e+05,5.808210625000000000e+05,5.522808125000000000e+05,5.283343125000000000e+05,5.086264375000000000e+05,4.926575625000000000e+05,4.796768750000000000e+05,4.829639687500000000e+05,4.944049375000000000e+05,5.046129687500000000e+05,5.128827187500000000e+05,5.185943125000000000e+05,5.212384062500000000e+05,5.202888750000000000e+05,5.154114062500000000e+05,5.063519062500000000e+05,4.946019062500000000e+05,4.882906875000000000e+05,4.779921875000000000e+05,4.634159687500000000e+05,4.443437500000000000e+05,4.205485625000000000e+05,3.918508437500000000e+05,3.584364687500000000e+05,3.209196875000000000e+05,2.794465937500000000e+05,2.333435312500000000e+05,1.841491562500000000e+05,1.371920156250000000e+05,9.346860937500000000e+04,4.786296093750000000e+04
6.382058500000000000e+06,6.376624500000000000e+06,6.363760500000000000e+06,6.354987500000000000e+06,6.335815000000000000e+06,6.302020000000000000e+06,6.249450000000000000e+06,6.174476000000000000e+06,6.076737500000000000e+06,5.957859500000000000e+06,5.819665500000000000e+06,5.664057500000000000e+06,5.492345000000000000e+06,5.305735500000000000e+06,5.105749000000000000e+06,4.894201000000000000e+06,4.825091500000000000e+06,4.741362500000000000e+06,4.632412500000000000e+06,4.499941500000000000e+06,4.345932500000000000e+06,4.172474000000000000e+06,3.981661000000000000e+06,3.775628000000000000e+06,3.556327500000000000e+06,3.325657000000000000e+06,3.085451500000000000e+06,2.860030000000000000e+06,2.664944250000000000e+06,2.461754750000000000e+06,2.250292000000000000e+06,2.030541125000000000e+06,1.802843500000000000e+06,1.568183750000000000e+06,1.328107500000000000e+06,1.084903500000000000e+06,8.433720000000000000e+05,6.104973125000000000e+05,3.897590625000000000e+05,1.922622343750000000e+05,6.100869140625000000e+04
1.565314000000000000e+06,1.570711625000000000e+06,1.585798875000000000e+06,1.608919875000000000e+06,1.655157500000000000e+06,1.709030125000000000e+06,1.767953000000000000e+06,1.829417875000000000e+06,1.891736000000000000e+06,1.953712375000000000e+06,2.014144250000000000e+06,2.128945250000000000e+06,2.283623250000000000e+06,2.430276500000000000e+06,2.566677250000000000e+06,2.691432250000000000e+06,2.804371000000000000e+06,2.905464500000000000e+06,2.994713250000000000e+06,3.072113250000000000e+06,3.137654750000000000e+06,3.190914750000000000e+06,3.265933750000000000e+06,3.348289750000000000e+06,3.419673250000000000e+06,3.477552250000000000e+06,3.518714500000000000e+06,3.538916000000000000e+06,3.533331750000000000e+06,3.495519250000000000e+06,3.418506000000000000e+06,3.295559750000000000e+06,3.120501000000000000e+06,2.884569750000000000e+06,2.576357250000000000e+06,2.196690250000000000e+06,1.770646000000000000e+06,1.310132375000000000e+06,7.809756875000000000e+05,2.709794062500000000e+05,3.617735546875000000e+04
2.264346750000000000e+06,2.267025500000000000e+06,2.273649500000000000e+06,2.281790500000000000e+06,2.288756500000000000e+06,2.291771000000000000e+06,2.288136750000000000e+06,2.276342500000000000e+06,2.270363000000000000e+06,2.251930750000000000e+06,2.220451000000000000e+06,2.176100500000000000e+06,2.140593000000000000e+06,2.097621250000000000e+06,2.043967000000000000e+06,1.982573750000000000e+06,1.916507000000000000e+06,1.855476500000000000e+06,1.811382250000000000e+06,1.765787875000000000e+06,1.721057125000000000e+06,1.678797750000000000e+06,1.639981000000000000e+06,1.605269625000000000e+06,1.574543125000000000e+06,1.547362875000000000e+06,1.587008875000000000e+06,1.627304875000000000e+06,1.664890375000000000e+06,1.696306250000000000e+06,1.717037125000000000e+06,1.721786000000000000e+06,1.704638625000000000e+06,1.654309500000000000e+06,1.599410375000000000e+06,1.507150875000000000e+06,1.366614125000000000e+06,1.156087250000000000e+06,7.763479375000000000e+05,2.775144062500000000e+05,2.743966796875000000e+04
3.719958750000000000e+06,3.714355250000000000e+06,3.697917750000000000e+06,3.670996500000000000e+06,3.633754250000000000e+06,3.586279000000000000e+06,3.528681250000000000e+06,3.461291250000000000e+06,3.385801250000000000e+06,3.308556750000000000e+06,3.241862250000000000e+06,3.174183750000000000e+06,3.107247250000000000e+06,3.042510500000000000e+06,2.981646000000000000e+06,2.945166500000000000e+06,2.924908750000000000e+06,2.909397750000000000e+06,2.899564500000000000e+06,2.895797000000000000e+06,2.909441000000000000e+06,2.967380750000000000e+06,3.028701000000000000e+06,3.093493750000000000e+06,3.161381500000000000e+06,3.231641750000000000e+06,3.330510750000000000e+06,3.592519500000000000e+06,3.850545750000000000e+06,4.098253250000000000e+06,4.326505500000000000e+06,4.525280000000000000e+06,4.683338000000000000e+06,4.765327000000000000e+06,4.884549500000000000e+06,4.842530000000000000e+06,4.663542500000000000e+06,4.216938500000000000e+06,2.889093500000000000e+06,8.927128125000000000e+05,3.450445312500000000e+04
2.132222500000000000e+06,2.135500500000000000e+06,2.142808250000000000e+06,2.149903000000000000e+06,2.156436750000000000e+06,2.157779500000000000e+06,2.146035250000000000e+06,2.118022000000000000e+06,2.079397875000000000e+06,2.034520875000000000e+06,1.982695000000000000e+06,1.928143625000000000e+06,1.878972125000000000e+06,1.837562375000000000e+06,1.795482250000000000e+06,1.753982000000000000e+06,1.717352125000000000e+06,1.699354000000000000e+06,1.681473000000000000e+06,1.663652625000000000e+06,1.645584875000000000e+06,1.628764500000000000e+06,1.635246750000000000e+06,1.635968375000000000e+06,1.629774000000000000e+06,1.615277625000000000e+06,1.590965750000000000e+06,1.556236125000000000e+06,1.596933875000000000e+06,1.613144250000000000e+06,1.601897000000000000e+06,1.560359750000000000e+06,1.486330000000000000e+06,1.378504000000000000e+06,1.263655125000000000e+06,1.147191625000000000e+06,9.972648750000000000e+05,8.123819375000000000e+05,5.948486875000000000e+05,3.484859375000000000e+05,1.254904140625000000e+05
8.316525000000000000e+05,8.295196875000000000e+05,8.235494375000000000e+05,8.143403125000000000e+05,8.024498125000000000e+05,7.884143750000000000e+05,7.727677500000000000e+05,7.560595000000000000e+05,7.389060000000000000e+05,7.275705000000000000e+05,7.173173125000000000e+05,7.084858750000000000e+05,7.013475000000000000e+05,6.959778125000000000e+05,6.924893750000000000e+05,6.951880000000000000e+05,7.049208750000000000e+05,7.153930625000000000e+05,7.263233125000000000e+05,7.373013125000000000e+05,7.478398750000000000e+05,7.573910000000000000e+05,7.653466250000000000e+05,8.024603750000000000e+05,8.369155000000000000e+05,8.660303125000000000e+05,8.886358750000000000e+05,9.033871250000000000e+05,9.087731875000000000e+05,9.028760000000000000e+05,8.837088750000000000e+05,8.497014375000000000e+05,8.126011875000000000e+05,7.700585000000000000e+05,7.058313125000000000e+05,6.181911875000000000e+05,5.143515312500000000e+05,3.939740937500000000e+05,2.334423437500000000e+05,6.527346875000000000e+04,2.982386962890625000e+03
7.073783593750000000e+04,7.072196093750000000e+04,7.066120312500000000e+04,7.053277343750000000e+04,7.031114843750000000e+04,6.996962500000000000e+04,6.948179687500000000e+04,6.882503125000000000e+04,6.822375781250000000e+04,6.773509375000000000e+04,6.710835156250000000e+04,6.635672656250000000e+04,6.548781250000000000e+04,6.450900000000000000e+04,6.343214843750000000e+04,6.275073828125000000e+04,6.240158984375000000e+04,6.192509375000000000e+04,6.133822656250000000e+04,6.065462500000000000e+04,5.988838281250000000e+04,5.904919140625000000e+04,6.025132421875000000e+04,6.199189843750000000e+04,6.341523046875000000e+04,6.451996484375000000e+04,6.529501953125000000e+04,6.571657031250000000e+04,6.575573437500000000e+04,6.538211718750000000e+04,6.481230859375000000e+04,6.537504687500000000e+04,6.551909765625000000e+04,6.517870312500000000e+04,6.445003515625000000e+04,6.307523437500000000e+04,5.991617578125000000e+04,5.480940625000000000e+04,5.104034375000000000e+04,4.907373828125000000e+04,3.585083593750000000e+04
5.359393000000000000e+06,5.346913500000000000e+06,5.310508500000000000e+06,5.251676500000000000e+06,5.171879000000000000e+06,5.072574500000000000e+06,4.955254000000000000e+06,4.821581500000000000e+06,4.674471000000000000e+06,4.517575500000000000e+06,4.354563000000000000e+06,4.200998500000000000e+06,4.048523750000000000e+06,3.898926250000000000e+06,3.755106000000000000e+06,3.619473000000000000e+06,3.493820250000000000e+06,3.379835750000000000e+06,3.278690000000000000e+06,3.190859000000000000e+06,3.135721500000000000e+06,3.097670500000000000e+06,3.072489250000000000e+06,3.060100000000000000e+06,3.059926000000000000e+06,3.071234250000000000e+06,3.094000500000000000e+06,3.177077000000000000e+06,3.268706250000000000e+06,3.364398000000000000e+06,3.458206000000000000e+06,3.544995000000000000e+06,3.776917250000000000e+06,4.093339750000000000e+06,4.298501500000000000e+06,4.330463000000000000e+06,4.215968000000000000e+06,4.086932500000000000e+06,3.083802750000000000e+06,1.067817250000000000e+06,3.704001171875000000e+04
4.321688500000000000e+06,4.335788500000000000e+06,4.374813000000000000e+06,4.433815000000000000e+06,4.507803500000000000e+06,4.591744000000000000e+06,4.680568500000000000e+06,4.831459000000000000e+06,5.106173500000000000e+06,5.383151000000000000e+06,5.660898000000000000e+06,5.937670500000000000e+06,6.209491500000000000e+06,6.471086000000000000e+06,6.717013500000000000e+06,6.943452000000000000e+06,7.148868000000000000e+06,7.356688000000000000e+06,7.674076500000000000e+06,7.980875000000000000e+06,8.271477500000000000e+06,8.540107000000000000e+06,8.781103000000000000e+06,8.988786000000000000e+06,9.155899000000000000e+06,9.274769000000000000e+06,9.336569000000000000e+06,9.330713000000000000e+06,9.245828000000000000e+06,9.066426000000000000e+06,8.776891000000000000e+06,8.364715500000000000e+06,7.821066500000000000e+06,7.127803500000000000e+06,6.258074000000000000e+06,5.229810000000000000e+06,4.134367750000000000e+06,2.999431500000000000e+06,1.717803750000000000e+06,5.493983125000000000e+05,6.322471093750000000e+04
2.216877250000000000e+06,2.222196500000000000e+06,2.235289750000000000e+06,2.253644250000000000e+06,2.266633500000000000e+06,2.267100000000000000e+06,2.248637250000000000e+06,2.208107000000000000e+06,2.151447250000000000e+06,2.079029125000000000e+06,1.997240500000000000e+06,1.911484625000000000e+06,1.823900625000000000e+06,1.739060500000000000e+06,1.659557250000000000e+06,1.579707625000000000e+06,1.500863375000000000e+06,1.424243750000000000e+06,1.350522875000000000e+06,1.289044375000000000e+06,1.232285125000000000e+06,1.176394000000000000e+06,1.121111250000000000e+06,1.066116625000000000e+06,1.013142625000000000e+06,9.736827500000000000e+05,9.302688750000000000e+05,8.825181875000000000e+05,8.300901250000000000e+05,7.727523125000000000e+05,7.379288125000000000e+05,7.117053125000000000e+05,6.701605000000000000e+05,6.138780000000000000e+05,5.439385000000000000e+05,4.631940312500000000e+05,3.950543125000000000e+05,3.184091875000000000e+05,2.342220625000000000e+05,1.434905937500000000e+05,5.990537109375000000e+04
2.935424687500000000e+05,2.925669375000000000e+05,2.896390000000000000e+05,2.847358437500000000e+05,2.778385000000000000e+05,2.689653750000000000e+05,2.581958281250000000e+05,2.457126250000000000e+05,2.320580312500000000e+05,2.179338593750000000e+05,2.039857500000000000e+05,1.907640625000000000e+05,1.792669531250000000e+05,1.697778437500000000e+05,1.612793281250000000e+05,1.538524375000000000e+05,1.474977031250000000e+05,1.422109687500000000e+05,1.379401562500000000e+05,1.345640937500000000e+05,1.319599843750000000e+05,1.299880546875000000e+05,1.329444375000000000e+05,1.365480312500000000e+05,1.401211406250000000e+05,1.434847500000000000e+05,1.464259687500000000e+05,1.487002968750000000e+05,1.500308906250000000e+05,1.500992812500000000e+05,1.485673437500000000e+05,1.453576250000000000e+05,1.439537343750000000e+05,1.403985625000000000e+05,1.339992031250000000e+05,1.241707187500000000e+05,1.106882500000000000e+05,9.314805468750000000e+04,7.007601562500000000e+04,4.232476953125000000e+04,1.887246875000000000e+04
1.793363375000000000e+06,1.789693625000000000e+06,1.779091250000000000e+06,1.762103875000000000e+06,1.739213000000000000e+06,1.710856375000000000e+06,1.677450125000000000e+06,1.639438250000000000e+06,1.597589500000000000e+06,1.552902000000000000e+06,1.510771500000000000e+06,1.470572500000000000e+06,1.429999500000000000e+06,1.389680875000000000e+06,1.350318500000000000e+06,1.312447625000000000e+06,1.281616250000000000e+06,1.259117250000000000e+06,1.237609750000000000e+06,1.216984500000000000e+06,1.197088625000000000e+06,1.177552625000000000e+06,1.166767500000000000e+06,1.163387125000000000e+06,1.156632500000000000e+06,1.145555000000000000e+06,1.129064750000000000e+06,1.105932500000000000e+06,1.081559125000000000e+06,1.100499875000000000e+06,1.101475625000000000e+06,1.082021000000000000e+06,1.040006937500000000e+06,9.731243125000000000e+05,8.788066875000000000e+05,7.796776875000000000e+05,6.736952500000000000e+05,5.449211875000000000e+05,3.803236562500000000e+05,1.893064531250000000e+05,5.347780468750000000e+04
3.660640000000000000e+05,3.683323750000000000e+05,3.742955625000000000e+05,3.826225312500000000e+05,3.919209375000000000e+05,4.019747812500000000e+05,4.111134687500000000e+05,4.169940000000000000e+05,4.205578750000000000e+05,4.229668125000000000e+05,4.216078125000000000e+05,4.167812500000000000e+05,4.121757187500000000e+05,4.059494375000000000e+05,3.962372187500000000e+05,3.835915625000000000e+05,3.687155312500000000e+05,3.555031875000000000e+05,3.426057500000000000e+05,3.281747500000000000e+05,3.127076875000000000e+05,2.965838437500000000e+05,2.800829687500000000e+05,2.634328750000000000e+05,2.491009843750000000e+05,2.430334218750000000e+05,2.353502968750000000e+05,2.261858906250000000e+05,2.156610468750000000e+05,2.038926718750000000e+05,1.909891875000000000e+05,1.769758593750000000e+05,1.618510312500000000e+05,1.512222343750000000e+05,1.405565156250000000e+05,1.294148750000000000e+05,1.158579453125000000e+05,9.991228906250000000e+04,8.769321875000000000e+04,7.998825000000000000e+04,5.415178906250000000e+04
6.104374609375000000e+04,6.080596484375000000e+04,6.012791796875000000e+04,5.905962500000000000e+04,5.764933593750000000e+04,5.594594921875000000e+04,5.400082421875000000e+04,5.187058593750000000e+04,4.991298828125000000e+04,4.800614453125000000e+04,4.613869921875000000e+04,4.439089062500000000e+04,4.279095703125000000e+04,4.134280859375000000e+04,4.005276171875000000e+04,3.943269531250000000e+04,3.893686718750000000e+04,3.850024609375000000e+04,3.810487500000000000e+04,3.772668359375000000e+04,3.733904687500000000e+04,3.691862890625000000e+04,3.759207421875000000e+04,3.860260156250000000e+04,3.939421093750000000e+04,3.995773046875000000e+04,4.028402734375000000e+04,4.036600390625000000e+04,4.019915234375000000e+04,3.979357031250000000e+04,3.916137890625000000e+04,3.881232421875000000e+04,3.884707421875000000e+04,3.881288671875000000e+04,3.895623437500000000e+04,3.919530468750000000e+04,3.853494140625000000e+04,3.692154687500000000e+04,3.826331640625000000e+04,4.430276953125000000e+04,3.736638281250000000e+04
2.550194750000000000e+06,2.548066000000000000e+06,2.541246250000000000e+06,2.529001250000000000e+06,2.510538000000000000e+06,2.485069000000000000e+06,2.451871000000000000e+06,2.410444750000000000e+06,2.361575250000000000e+06,2.306783750000000000e+06,2.247599750000000000e+06,2.185495000000000000e+06,2.121569250000000000e+06,2.056760625000000000e+06,1.992032000000000000e+06,1.928267125000000000e+06,1.885941500000000000e+06,1.877377250000000000e+06,1.868332000000000000e+06,1.859217375000000000e+06,1.850434375000000000e+06,1.842111375000000000e+06,1.834096375000000000e+06,1.826099750000000000e+06,1.817285125000000000e+06,1.806551500000000000e+06,1.792394375000000000e+06,1.772774750000000000e+06,1.745317000000000000e+06,1.733256125000000000e+06,1.723202875000000000e+06,1.698676625000000000e+06,1.654501125000000000e+06,1.582405875000000000e+06,1.470339375000000000e+06,1.311906125000000000e+06,1.114551625000000000e+06,8.753403125000000000e+05,5.555782500000000000e+05,2.048965625000000000e+05,2.905677539062500000e+04
9.261789000000000000e+06,9.234226000000000000e+06,9.154873000000000000e+06,9.028836000000000000e+06,8.861314000000000000e+06,8.657562000000000000e+06,8.422849000000000000e+06,8.162583500000000000e+06,7.883765000000000000e+06,7.673222000000000000e+06,7.486474500000000000e+06,7.300360000000000000e+06,7.117627000000000000e+06,6.939907500000000000e+06,6.769035500000000000e+06,6.605725000000000000e+06,6.449063500000000000e+06,6.298106000000000000e+06,6.151131500000000000e+06,6.005196000000000000e+06,5.857243000000000000e+06,5.703863000000000000e+06,5.541331000000000000e+06,5.365960000000000000e+06,5.174215000000000000e+06,4.962748000000000000e+06,4.728695000000000000e+06,4.469881500000000000e+06,4.228388000000000000e+06,3.990130500000000000e+06,3.722945000000000000e+06,3.425509750000000000e+06,3.097730000000000000e+06,2.738901250000000000e+06,2.347746750000000000e+06,1.930290750000000000e+06,1.506274125000000000e+06,1.087291000000000000e+06,6.582090000000000000e+05,2.663478125000000000e+05,5.692083593750000000e+04
6.194979000000000000e+06,6.182827000000000000e+06,6.146807000000000000e+06,6.087195000000000000e+06,6.004162000000000000e+06,5.898177500000000000e+06,5.770308000000000000e+06,5.622767000000000000e+06,5.462390000000000000e+06,5.298362500000000000e+06,5.139596500000000000e+06,5.131864500000000000e+06,5.141754000000000000e+06,5.159178000000000000e+06,5.183313500000000000e+06,5.213012000000000000e+06,5.246202500000000000e+06,5.280429000000000000e+06,5.312338000000000000e+06,5.337361000000000000e+06,5.350476500000000000e+06,5.346742500000000000e+06,5.321334500000000000e+06,5.269376000000000000e+06,5.243249000000000000e+06,5.222563500000000000e+06,5.167435000000000000e+06,5.072276000000000000e+06,4.931566500000000000e+06,4.739765000000000000e+06,4.491976000000000000e+06,4.185680750000000000e+06,3.820806250000000000e+06,3.395481250000000000e+06,2.906140500000000000e+06,2.365391750000000000e+06,1.814008125000000000e+06,1.271503875000000000e+06,7.035791875000000000e+05,2.095567500000000000e+05,1.864478906250000000e+04
5.387628000000000000e+06,5.384813000000000000e+06,5.373122500000000000e+06,5.347330500000000000e+06,5.302143000000000000e+06,5.232664500000000000e+06,5.134779500000000000e+06,5.006091000000000000e+06,4.851864500000000000e+06,4.681333000000000000e+06,4.503235000000000000e+06,4.325166000000000000e+06,4.240113000000000000e+06,4.161430750000000000e+06,4.080169500000000000e+06,3.997001000000000000e+06,3.912756500000000000e+06,3.828150250000000000e+06,3.742956500000000000e+06,3.655676000000000000e+06,3.564690250000000000e+06,3.468252500000000000e+06,3.364496750000000000e+06,3.251580750000000000e+06,3.127805000000000000e+06,2.991615500000000000e+06,2.843160500000000000e+06,2.732996750000000000e+06,2.609000750000000000e+06,2.469636250000000000e+06,2.313563000000000000e+06,2.139595750000000000e+06,1.946940000000000000e+06,1.736054125000000000e+06,1.508752250000000000e+06,1.266560500000000000e+06,1.011783812500000000e+06,7.532121250000000000e+05,5.030680000000000000e+05,2.716690625000000000e+05,9.563218750000000000e+04
1.208070410156250000e+04,1.198933593750000000e+04,1.173544726562500000e+04,1.134897363281250000e+04,1.085915136718750000e+04,1.029444531250000000e+04,9.705863281250000000e+03,9.096254882812500000e+03,8.489277343750000000e+03,7.908738281250000000e+03,7.378381347656250000e+03,6.941410156250000000e+03,6.582770507812500000e+03,6.294391113281250000e+03,6.075499023437500000e+03,5.951437011718750000e+03,5.900631347656250000e+03,5.899015136718750000e+03,5.941427734375000000e+03,6.047789550781250000e+03,6.234453125000000000e+03,6.447364257812500000e+03,6.685548828125000000e+03,6.948095703125000000e+03,7.300091308593750000e+03,7.757259765625000000e+03,8.254373046875000000e+03,8.800053710937500000e+03,9.406985351562500000e+03,1.010471191406250000e+04,1.152979101562500000e+04,1.329168554687500000e+04,1.527473730468750000e+04,1.763891601562500000e+04,2.088712109375000000e+04,2.515598828125000000e+04,3.054039257812500000e+04,3.636637890625000000e+04,5.377387109375000000e+04,9.897522656250000000e+04,1.101428984375000000e+05
3.682990750000000000e+06,3.684937500000000000e+06,3.689482750000000000e+06,3.698535000000000000e+06,3.710547000000000000e+06,3.719042000000000000e+06,3.721515500000000000e+06,3.716520750000000000e+06,3.707087250000000000e+06,3.710279000000000000e+06,3.730635250000000000e+06,3.762816750000000000e+06,3.807621500000000000e+06,3.863462500000000000e+06,3.949084250000000000e+06,4.067575750000000000e+06,4.191319000000000000e+06,4.318435000000000000e+06,4.446507500000000000e+06,4.611744000000000000e+06,4.816344000000000000e+06,5.009100000000000000e+06,5.185596000000000000e+06,5.340866000000000000e+06,5.469108500000000000e+06,5.826024500000000000e+06,6.200237000000000000e+06,6.506461000000000000e+06,6.729207500000000000e+06,6.849479500000000000e+06,6.847534500000000000e+06,6.706836500000000000e+06,6.558540000000000000e+06,6.337519000000000000e+06,5.906552000000000000e+06,5.241152000000000000e+06,4.398521000000000000e+06,3.374674000000000000e+06,1.975780250000000000e+06,5.284465000000000000e+05,1.408155078125000000e+04
2.072312500000000000e+05,2.065772187500000000e+05,2.047225156250000000e+05,2.018251562500000000e+05,1.980413125000000000e+05,1.935280156250000000e+05,1.884450156250000000e+05,1.829611562500000000e+05,1.773040468750000000e+05,1.717304687500000000e+05,1.664907500000000000e+05,1.618135937500000000e+05,1.577918593750000000e+05,1.544540625000000000e+05,1.518326718750000000e+05,1.499289687500000000e+05,1.487005781250000000e+05,1.481056718750000000e+05,1.480927812500000000e+05,1.524581406250000000e+05,1.574690000000000000e+05,1.629728906250000000e+05,1.689401250000000000e+05,1.753327031250000000e+05,1.821048281250000000e+05,1.892004843750000000e+05,1.965497343750000000e+05,2.040667343750000000e+05,2.116087343750000000e+05,2.188161093750000000e+05,2.252273750000000000e+05,2.340335781250000000e+05,2.448951562500000000e+05,2.539070937500000000e+05,2.569956875000000000e+05,2.515236406250000000e+05,2.396407343750000000e+05,2.150850468750000000e+05,1.458216875000000000e+05,4.436803906250000000e+04,2.617571777343750000e+03
1.656263000000000000e+06,1.649761250000000000e+06,1.631104750000000000e+06,1.601479375000000000e+06,1.562088000000000000e+06,1.514278750000000000e+06,1.459621625000000000e+06,1.402663875000000000e+06,1.349321875000000000e+06,1.296759250000000000e+06,1.248496125000000000e+06,1.207601750000000000e+06,1.174794875000000000e+06,1.149736500000000000e+06,1.132193000000000000e+06,1.121749625000000000e+06,1.128515500000000000e+06,1.143158625000000000e+06,1.162357500000000000e+06,1.185344000000000000e+06,1.211261000000000000e+06,1.239339875000000000e+06,1.268888125000000000e+06,1.299134750000000000e+06,1.363498875000000000e+06,1.452554875000000000e+06,1.540331125000000000e+06,1.625115500000000000e+06,1.704532875000000000e+06,1.774276375000000000e+06,1.828970125000000000e+06,1.862853250000000000e+06,1.869829625000000000e+06,1.893697000000000000e+06,1.866639875000000000e+06,1.765816250000000000e+06,1.604379875000000000e+06,1.352972250000000000e+06,8.577888125000000000e+05,2.361272187500000000e+05,5.978735839843750000e+03
7.221148750000000000e+05,7.178817500000000000e+05,7.059476250000000000e+05,6.875030625000000000e+05,6.637682500000000000e+05,6.359628125000000000e+05,6.052810625000000000e+05,5.744973125000000000e+05,5.441576875000000000e+05,5.144380625000000000e+05,4.864345000000000000e+05,4.611106875000000000e+05,4.388387500000000000e+05,4.197156250000000000e+05,4.038491562500000000e+05,3.911980937500000000e+05,3.815256875000000000e+05,3.746126562500000000e+05,3.702094375000000000e+05,3.680014375000000000e+05,3.676817187500000000e+05,3.689693437500000000e+05,3.781364062500000000e+05,3.934066250000000000e+05,4.099466250000000000e+05,4.275820000000000000e+05,4.460872187500000000e+05,4.651778125000000000e+05,4.844346250000000000e+05,5.030122500000000000e+05,5.198197500000000000e+05,5.335849375000000000e+05,5.428335625000000000e+05,5.575624375000000000e+05,5.645230000000000000e+05,5.551602500000000000e+05,5.297554375000000000e+05,4.766599375000000000e+05,3.474640000000000000e+05,1.499451250000000000e+05,2.869786718750000000e+04
1.295246953125000000e+05,1.296467031250000000e+05,1.300755234375000000e+05,1.307473046875000000e+05,1.315632187500000000e+05,1.324421406250000000e+05,1.332998437500000000e+05,1.340522500000000000e+05,1.346268281250000000e+05,1.354336250000000000e+05,1.363816250000000000e+05,1.369570937500000000e+05,1.371156718750000000e+05,1.368291875000000000e+05,1.375803593750000000e+05,1.378769687500000000e+05,1.375699687500000000e+05,1.366829375000000000e+05,1.353155312500000000e+05,1.357281406250000000e+05,1.353928437500000000e+05,1.343723281250000000e+05,1.327302343750000000e+05,1.305269375000000000e+05,1.278173593750000000e+05,1.298620234375000000e+05,1.320927656250000000e+05,1.332309218750000000e+05,1.333288281250000000e+05,1.324636093750000000e+05,1.307059140625000000e+05,1.279722421875000000e+05,1.240798203125000000e+05,1.227204296875000000e+05,1.227604843750000000e+05,1.231787968750000000e+05,1.204077265625000000e+05,1.141821328125000000e+05,1.184585078125000000e+05,1.400774687500000000e+05,1.136896875000000000e+05
3.713962500000000000e+06,3.715257250000000000e+06,3.718063500000000000e+06,3.732474000000000000e+06,3.753204000000000000e+06,3.772860000000000000e+06,3.788161500000000000e+06,3.796041500000000000e+06,3.794596500000000000e+06,3.782802000000000000e+06,3.773327250000000000e+06,3.797695250000000000e+06,3.806714000000000000e+06,3.800620000000000000e+06,3.780126750000000000e+06,3.746762500000000000e+06,3.702813750000000000e+06,3.770592750000000000e+06,3.870789750000000000e+06,3.949207250000000000e+06,4.009972500000000000e+06,4.057123750000000000e+06,4.094490750000000000e+06,4.125531500000000000e+06,4.152655250000000000e+06,4.177705750000000000e+06,4.201610500000000000e+06,4.249724500000000000e+06,4.365153500000000000e+06,4.486529000000000000e+06,4.607138500000000000e+06,4.718878500000000000e+06,4.811448000000000000e+06,4.850260000000000000e+06,4.765659500000000000e+06,4.513278000000000000e+06,4.122659250000000000e+06,3.509585500000000000e+06,2.266908250000000000e+06,6.676613750000000000e+05,2.714841210937500000e+04
3.719172750000000000e+06,3.714184500000000000e+06,3.698692250000000000e+06,3.671815500000000000e+06,3.632646750000000000e+06,3.580357500000000000e+06,3.514288500000000000e+06,3.434211500000000000e+06,3.342096250000000000e+06,3.241114000000000000e+06,3.175245500000000000e+06,3.123878750000000000e+06,3.068370000000000000e+06,3.009438250000000000e+06,2.947987750000000000e+06,2.884978750000000000e+06,2.821292000000000000e+06,2.757796500000000000e+06,2.694917750000000000e+06,2.632430750000000000e+06,2.570031000000000000e+06,2.507030250000000000e+06,2.442388000000000000e+06,2.374968000000000000e+06,2.303265250000000000e+06,2.225665250000000000e+06,2.140495250000000000e+06,2.068712500000000000e+06,2.000875375000000000e+06,1.921299250000000000e+06,1.827419000000000000e+06,1.716979625000000000e+06,1.588115500000000000e+06,1.438677250000000000e+06,1.266319750000000000e+06,1.072113750000000000e+06,8.637969375000000000e+05,6.466738750000000000e+05,4.146968750000000000e+05,1.911362656250000000e+05,5.359822656250000000e+04
3.774710156250000000e+04,3.768916015625000000e+04,3.752105468750000000e+04,3.724603125000000000e+04,3.686378125000000000e+04,3.637428906250000000e+04,3.578087500000000000e+04,3.509308203125000000e+04,3.442497265625000000e+04,3.375223437500000000e+04,3.307536328125000000e+04,3.243886132812500000e+04,3.190211328125000000e+04,3.161987890625000000e+04,3.140921679687500000e+04,3.128191992187500000e+04,3.123899414062500000e+04,3.127847070312500000e+04,3.165992968750000000e+04,3.210929882812500000e+04,3.258611718750000000e+04,3.307233203125000000e+04,3.354528125000000000e+04,3.397829687500000000e+04,3.461578515625000000e+04,3.537694531250000000e+04,3.597372656250000000e+04,3.635255468750000000e+04,3.645206640625000000e+04,3.619021484375000000e+04,3.606722265625000000e+04,3.704284375000000000e+04,3.720744531250000000e+04,3.632993359375000000e+04,3.405562890625000000e+04,3.031859570312500000e+04,2.666353515625000000e+04,2.259817968750000000e+04,1.543488085937500000e+04,5.913239746093750000e+03,1.458406982421875000e+03
5.268306875000000000e+05,5.271940625000000000e+05,5.279370000000000000e+05,5.284928125000000000e+05,5.282676250000000000e+05,5.266791875000000000e+05,5.257665625000000000e+05,5.225339687500000000e+05,5.170270312500000000e+05,5.098620937500000000e+05,5.016626562500000000e+05,4.930102187500000000e+05,4.880569375000000000e+05,4.836635000000000000e+05,4.790536875000000000e+05,4.744372812500000000e+05,4.700526250000000000e+05,4.662990937500000000e+05,4.703543125000000000e+05,4.745919062500000000e+05,4.791588750000000000e+05,4.841640000000000000e+05,4.896721250000000000e+05,4.957145000000000000e+05,5.121996562500000000e+05,5.445183125000000000e+05,5.765313750000000000e+05,6.080849375000000000e+05,6.387956875000000000e+05,6.675401250000000000e+05,6.927893125000000000e+05,7.129846875000000000e+05,7.324372500000000000e+05,7.599486250000000000e+05,7.679355000000000000e+05,7.479138125000000000e+05,7.062998125000000000e+05,6.248591250000000000e+05,4.111117187500000000e+05,1.138091171875000000e+05,3.060700683593750000e+03
9.613978906250000000e+04,9.528857812500000000e+04,9.291778125000000000e+04,8.930892187500000000e+04,8.474762500000000000e+04,7.951788281250000000e+04,7.389670312500000000e+04,6.814842968750000000e+04,6.258502343750000000e+04,5.766640234375000000e+04,5.321302734375000000e+04,4.939072265625000000e+04,4.621969140625000000e+04,4.365596875000000000e+04,4.166295312500000000e+04,4.018912109375000000e+04,3.916604296875000000e+04,3.894656640625000000e+04,3.900531640625000000e+04,3.928830859375000000e+04,3.973786718750000000e+04,4.030351953125000000e+04,4.094101953125000000e+04,4.160319921875000000e+04,4.224662109375000000e+04,4.304269921875000000e+04,4.537317578125000000e+04,4.755908203125000000e+04,4.951873828125000000e+04,5.114175390625000000e+04,5.229806250000000000e+04,5.283562109375000000e+04,5.258946484375000000e+04,5.134652734375000000e+04,5.069364843750000000e+04,4.909937109375000000e+04,4.614488281250000000e+04,4.140208203125000000e+04,3.392280078125000000e+04,2.323511132812500000e+04,1.236834179687500000e+04
6.847788500000000000e+06,6.840362500000000000e+06,6.817265500000000000e+06,6.777105000000000000e+06,6.718350000000000000e+06,6.639426000000000000e+06,6.538812500000000000e+06,6.415326500000000000e+06,6.269993500000000000e+06,6.105170000000000000e+06,5.923324500000000000e+06,5.726951500000000000e+06,5.518141500000000000e+06,5.298864000000000000e+06,5.117252000000000000e+06,4.926573500000000000e+06,4.726578000000000000e+06,4.519002500000000000e+06,4.305413500000000000e+06,4.087037750000000000e+06,3.865131500000000000e+06,3.640706000000000000e+06,3.414550250000000000e+06,3.222593750000000000e+06,3.110914500000000000e+06,2.979599250000000000e+06,2.829740750000000000e+06,2.662433500000000000e+06,2.478917000000000000e+06,2.280571750000000000e+06,2.069014625000000000e+06,1.846314250000000000e+06,1.618958875000000000e+06,1.429791125000000000e+06,1.233255000000000000e+06,1.029688687500000000e+06,8.215143125000000000e+05,6.129073750000000000e+05,4.049280000000000000e+05,2.068302343750000000e+05,6.663328125000000000e+04
8.563234375000000000e+04,8.551536718750000000e+04,8.517396875000000000e+04,8.461929687500000000e+04,8.385918750000000000e+04,8.289929687500000000e+04,8.174415625000000000e+04,8.039942968750000000e+04,7.888498437500000000e+04,7.723104687500000000e+04,7.547115625000000000e+04,7.364152343750000000e+04,7.177491406250000000e+04,6.990353125000000000e+04,6.806210937500000000e+04,6.628185937500000000e+04,6.458782812500000000e+04,6.300563281250000000e+04,6.155539843750000000e+04,6.024834375000000000e+04,5.909492578125000000e+04,5.829257031250000000e+04,5.827811328125000000e+04,5.847510937500000000e+04,5.888375000000000000e+04,5.950404296875000000e+04,6.033016015625000000e+04,6.134670703125000000e+04,6.254342578125000000e+04,6.394033984375000000e+04,6.556114843750000000e+04,6.731000000000000000e+04,6.899565625000000000e+04,7.076863281250000000e+04,7.331926562500000000e+04,7.636700781250000000e+04,7.696996875000000000e+04,7.497956250000000000e+04,8.149691406250000000e+04,1.011513593750000000e+05,8.402483593750000000e+04
2.698182000000000000e+06,2.684745750000000000e+06,2.646420500000000000e+06,2.586236000000000000e+06,2.507267000000000000e+06,2.412605500000000000e+06,2.305339750000000000e+06,2.188609250000000000e+06,2.066293375000000000e+06,1.942582000000000000e+06,1.834252625000000000e+06,1.733591625000000000e+06,1.639214000000000000e+06,1.552174375000000000e+06,1.473548125000000000e+06,1.403777125000000000e+06,1.342480000000000000e+06,1.289285625000000000e+06,1.243492375000000000e+06,1.203879750000000000e+06,1.212887250000000000e+06,1.223531125000000000e+06,1.232906000000000000e+06,1.239675250000000000e+06,1.242344500000000000e+06,1.239246750000000000e+06,1.228662875000000000e+06,1.208923125000000000e+06,1.178363250000000000e+06,1.135416500000000000e+06,1.092405375000000000e+06,1.048898375000000000e+06,9.906887500000000000e+05,9.155191875000000000e+05,8.205776875000000000e+05,7.060225625000000000e+05,5.779830625000000000e+05,4.391541250000000000e+05,2.802028750000000000e+05,1.206906250000000000e+05,2.972502148437500000e+04
2.429084500000000000e+06,2.441200500000000000e+06,2.474181750000000000e+06,2.522989750000000000e+06,2.582561500000000000e+06,2.650166750000000000e+06,2.724386250000000000e+06,2.793714250000000000e+06,2.857538250000000000e+06,2.918187250000000000e+06,2.978072250000000000e+06,3.046025750000000000e+06,3.125800750000000000e+06,3.206477500000000000e+06,3.287048750000000000e+06,3.367137500000000000e+06,3.447189000000000000e+06,3.542297000000000000e+06,3.656780500000000000e+06,3.772074750000000000e+06,3.888198750000000000e+06,4.005130250000000000e+06,4.122793000000000000e+06,4.267224000000000000e+06,4.454918000000000000e+06,4.641891500000000000e+06,4.826165500000000000e+06,5.004720500000000000e+06,5.172992000000000000e+06,5.451976500000000000e+06,5.916054000000000000e+06,6.333970000000000000e+06,6.680306000000000000e+06,6.893849000000000000e+06,6.859258500000000000e+06,6.686519500000000000e+06,6.450546000000000000e+06,5.834508500000000000e+06,4.045823500000000000e+06,1.273596625000000000e+06,3.844464453125000000e+04
9.515810937500000000e+04,9.496895312500000000e+04,9.440595312500000000e+04,9.347538281250000000e+04,9.218342968750000000e+04,9.053670312500000000e+04,8.854281250000000000e+04,8.621279687500000000e+04,8.357942187500000000e+04,8.068825781250000000e+04,7.758534375000000000e+04,7.431647656250000000e+04,7.092470312500000000e+04,6.745139062500000000e+04,6.393707421875000000e+04,6.041860156250000000e+04,5.692802343750000000e+04,5.349550390625000000e+04,5.014515234375000000e+04,4.775131640625000000e+04,4.567510546875000000e+04,4.358241796875000000e+04,4.148307031250000000e+04,3.938578125000000000e+04,3.729396484375000000e+04,3.520915625000000000e+04,3.313058203125000000e+04,3.105458203125000000e+04,2.897743945312500000e+04,2.689435351562500000e+04,2.480081445312500000e+04,2.270655468750000000e+04,2.115013476562500000e+04,1.958489257812500000e+04,1.800275000000000000e+04,1.638244531250000000e+04,1.468030566406250000e+04,1.288863867187500000e+04,1.107644726562500000e+04,9.214748046875000000e+03,7.099063964843750000e+03
3.577995312500000000e+05,3.574989062500000000e+05,3.566241875000000000e+05,3.551950625000000000e+05,3.532112812500000000e+05,3.506623750000000000e+05,3.475363125000000000e+05,3.438323125000000000e+05,3.396206562500000000e+05,3.350941875000000000e+05,3.321565625000000000e+05,3.290749375000000000e+05,3.259635625000000000e+05,3.229326562500000000e+05,3.201141875000000000e+05,3.194304375000000000e+05,3.204367187500000000e+05,3.217042812500000000e+05,3.233201875000000000e+05,3.253300625000000000e+05,3.277671562500000000e+05,3.342358437500000000e+05,3.423428125000000000e+05,3.505837187500000000e+05,3.588681875000000000e+05,3.670544062500000000e+05,3.749213750000000000e+05,3.821458125000000000e+05,4.066430312500000000e+05,4.315066875000000000e+05,4.531310937500000000e+05,4.699685625000000000e+05,4.802624062500000000e+05,4.801062812500000000e+05,4.626207812500000000e+05,4.422746562500000000e+05,4.103582500000000000e+05,3.562871875000000000e+05,2.376724062500000000e+05,7.384404687500000000e+04,3.990631591796875000e+03
1.340850125000000000e+06,1.338766625000000000e+06,1.332439125000000000e+06,1.321659250000000000e+06,1.306149500000000000e+06,1.285626750000000000e+06,1.259857000000000000e+06,1.228751375000000000e+06,1.197308875000000000e+06,1.171380000000000000e+06,1.141613125000000000e+06,1.108881375000000000e+06,1.073980125000000000e+06,1.037708625000000000e+06,1.000956312500000000e+06,9.645853125000000000e+05,9.536385000000000000e+05,9.576123125000000000e+05,9.590742500000000000e+05,9.590811250000000000e+05,9.585988125000000000e+05,9.584340625000000000e+05,9.592220625000000000e+05,9.614735000000000000e+05,9.654776250000000000e+05,9.713913750000000000e+05,9.798178750000000000e+05,1.010692500000000000e+06,1.046612250000000000e+06,1.086886750000000000e+06,1.130518875000000000e+06,1.177035625000000000e+06,1.226180375000000000e+06,1.269854875000000000e+06,1.287782125000000000e+06,1.267961250000000000e+06,1.224010750000000000e+06,1.120015875000000000e+06,7.723661250000000000e+05,2.429858437500000000e+05,1.442247656250000000e+04
2.628980250000000000e+06,2.630613000000000000e+06,2.633243000000000000e+06,2.633203500000000000e+06,2.626700500000000000e+06,2.616918000000000000e+06,2.600007750000000000e+06,2.565925000000000000e+06,2.516146250000000000e+06,2.454804750000000000e+06,2.385950500000000000e+06,2.313230500000000000e+06,2.257825000000000000e+06,2.199641750000000000e+06,2.139284250000000000e+06,2.077947500000000000e+06,2.016892625000000000e+06,1.957320000000000000e+06,1.913169000000000000e+06,1.883114750000000000e+06,1.852519500000000000e+06,1.821303250000000000e+06,1.789016875000000000e+06,1.755038500000000000e+06,1.718291125000000000e+06,1.699968125000000000e+06,1.733178500000000000e+06,1.751716375000000000e+06,1.753172125000000000e+06,1.734652375000000000e+06,1.693117000000000000e+06,1.625766875000000000e+06,1.530412000000000000e+06,1.429655875000000000e+06,1.325529500000000000e+06,1.188421750000000000e+06,1.017966625000000000e+06,8.133834375000000000e+05,5.650709375000000000e+05,2.887895625000000000e+05,8.601370312500000000e+04
3.708797812500000000e+05,3.700374687500000000e+05,3.677274687500000000e+05,3.642540937500000000e+05,3.599025312500000000e+05,3.549502187500000000e+05,3.496765625000000000e+05,3.443666250000000000e+05,3.392746875000000000e+05,3.346535625000000000e+05,3.330150312500000000e+05,3.342367500000000000e+05,3.363821250000000000e+05,3.393717500000000000e+05,3.431321562500000000e+05,3.475527187500000000e+05,3.524587187500000000e+05,3.576519375000000000e+05,3.706505625000000000e+05,3.900889062500000000e+05,4.085930000000000000e+05,4.259067812500000000e+05,4.417655937500000000e+05,4.558601875000000000e+05,4.678289062500000000e+05,4.772687500000000000e+05,4.837050312500000000e+05,4.865811250000000000e+05,4.852830937500000000e+05,4.807641250000000000e+05,4.797833125000000000e+05,4.734101875000000000e+05,4.605160625000000000e+05,4.394365625000000000e+05,4.078627187500000000e+05,3.646476250000000000e+05,3.114020312500000000e+05,2.479369531250000000e+05,1.670274062500000000e+05,7.715178906250000000e+04,2.122801367187500000e+04
2.453283000000000000e+06,2.456202750000000000e+06,2.463851000000000000e+06,2.478580000000000000e+06,2.500634000000000000e+06,2.523194000000000000e+06,2.543583250000000000e+06,2.559319750000000000e+06,2.569032000000000000e+06,2.587565250000000000e+06,2.612943500000000000e+06,2.629382500000000000e+06,2.636357000000000000e+06,2.633578000000000000e+06,2.656033000000000000e+06,2.679155750000000000e+06,2.688218500000000000e+06,2.684196250000000000e+06,2.668120250000000000e+06,2.640971500000000000e+06,2.709775000000000000e+06,2.780511250000000000e+06,2.826777750000000000e+06,2.849747750000000000e+06,2.850057000000000000e+06,2.828029250000000000e+06,2.783560750000000000e+06,2.716072500000000000e+06,2.624850000000000000e+06,2.522764750000000000e+06,2.440898750000000000e+06,2.333511750000000000e+06,2.197348250000000000e+06,2.028945500000000000e+06,1.824753875000000000e+06,1.583731250000000000e+06,1.310408625000000000e+06,1.010651187500000000e+06,6.840173125000000000e+05,3.554468437500000000e+05,1.170929062500000000e+05
2.024617625000000000e+06,2.024889375000000000e+06,2.025880750000000000e+06,2.027769500000000000e+06,2.033731000000000000e+06,2.041814625000000000e+06,2.051564875000000000e+06,2.062943000000000000e+06,2.075945375000000000e+06,2.090677750000000000e+06,2.111463250000000000e+06,2.144174750000000000e+06,2.179074000000000000e+06,2.215989500000000000e+06,2.254830250000000000e+06,2.303456750000000000e+06,2.370485500000000000e+06,2.437587750000000000e+06,2.504358000000000000e+06,2.570285250000000000e+06,2.634732750000000000e+06,2.730507000000000000e+06,2.830875500000000000e+06,2.925469000000000000e+06,3.012508000000000000e+06,3.089793500000000000e+06,3.154409750000000000e+06,3.222097250000000000e+06,3.421981250000000000e+06,3.589404250000000000e+06,3.711813500000000000e+06,3.775235000000000000e+06,3.765024250000000000e+06,3.656090750000000000e+06,3.433777500000000000e+06,3.192766500000000000e+06,2.839804250000000000e+06,2.338002250000000000e+06,1.488854000000000000e+06,4.359815312500000000e+05,1.103206738281250000e+04
3.173795000000000000e+06,3.184077250000000000e+06,3.213154750000000000e+06,3.258294250000000000e+06,3.316680500000000000e+06,3.385447500000000000e+06,3.461708250000000000e+06,3.552069500000000000e+06,3.649799500000000000e+06,3.749190000000000000e+06,3.848775250000000000e+06,3.964677000000000000e+06,4.093012750000000000e+06,4.217005500000000000e+06,4.335454500000000000e+06,4.477423500000000000e+06,4.639770500000000000e+06,4.792875500000000000e+06,4.937024500000000000e+06,5.072758500000000000e+06,5.272579500000000000e+06,5.481340000000000000e+06,5.678125000000000000e+06,5.863099500000000000e+06,6.035091500000000000e+06,6.192169500000000000e+06,6.519184500000000000e+06,6.972197000000000000e+06,7.388729000000000000e+06,7.750140000000000000e+06,8.032305000000000000e+06,8.207956500000000000e+06,8.247546500000000000e+06,8.114084000000000000e+06,7.977018000000000000e+06,7.526179500000000000e+06,6.804004000000000000e+06,5.690614000000000000e+06,3.576189750000000000e+06,9.306019375000000000e+05,6.167510253906250000e+03
3.493481750000000000e+06,3.507065500000000000e+06,3.544311750000000000e+06,3.600031500000000000e+06,3.659192250000000000e+06,3.710927250000000000e+06,3.744898750000000000e+06,3.754950500000000000e+06,3.749574000000000000e+06,3.726699750000000000e+06,3.694835250000000000e+06,3.661482500000000000e+06,3.629072250000000000e+06,3.604804500000000000e+06,3.595238250000000000e+06,3.586938000000000000e+06,3.581835000000000000e+06,3.581885500000000000e+06,3.588391000000000000e+06,3.626716750000000000e+06,3.682324750000000000e+06,3.744195250000000000e+06,3.812593750000000000e+06,3.887657750000000000e+06,3.975992000000000000e+06,4.134132000000000000e+06,4.297494500000000000e+06,4.465899500000000000e+06,4.638222000000000000e+06,4.809310000000000000e+06,5.162508500000000000e+06,5.668239000000000000e+06,6.169005000000000000e+06,6.617847500000000000e+06,6.894661500000000000e+06,6.940751000000000000e+06,7.199718000000000000e+06,7.161996000000000000e+06,5.458717000000000000e+06,1.933649375000000000e+06,1.041602734375000000e+05
3.544846000000000000e+06,3.540557250000000000e+06,3.527587250000000000e+06,3.505588250000000000e+06,3.474042500000000000e+06,3.432363250000000000e+06,3.379991500000000000e+06,3.316558250000000000e+06,3.242739500000000000e+06,3.168574000000000000e+06,3.114762000000000000e+06,3.052745250000000000e+06,2.983226000000000000e+06,2.906884000000000000e+06,2.824666750000000000e+06,2.737459500000000000e+06,2.645882750000000000e+06,2.574578750000000000e+06,2.577072750000000000e+06,2.562162750000000000e+06,2.530536000000000000e+06,2.482829250000000000e+06,2.419582500000000000e+06,2.341250500000000000e+06,2.248275750000000000e+06,2.141091000000000000e+06,2.020241250000000000e+06,1.886475875000000000e+06,1.756766375000000000e+06,1.636344875000000000e+06,1.503650000000000000e+06,1.359183250000000000e+06,1.204163375000000000e+06,1.039001000000000000e+06,8.632335625000000000e+05,6.813035625000000000e+05,5.063590937500000000e+05,3.434043750000000000e+05,1.784984218750000000e+05,4.217795312500000000e+04,1.327671997070312500e+03
1.124385000000000000e+06,1.122976875000000000e+06,1.118981500000000000e+06,1.112689000000000000e+06,1.104344375000000000e+06,1.094178000000000000e+06,1.082430500000000000e+06,1.069388625000000000e+06,1.055549625000000000e+06,1.041568187500000000e+06,1.028165687500000000e+06,1.047272250000000000e+06,1.071520000000000000e+06,1.096381000000000000e+06,1.121959750000000000e+06,1.148369125000000000e+06,1.175648500000000000e+06,1.203804500000000000e+06,1.232806750000000000e+06,1.262564250000000000e+06,1.292922000000000000e+06,1.323731875000000000e+06,1.354848750000000000e+06,1.408674250000000000e+06,1.467996250000000000e+06,1.530541500000000000e+06,1.596129500000000000e+06,1.664468375000000000e+06,1.734915875000000000e+06,1.805222625000000000e+06,1.872359250000000000e+06,1.932849000000000000e+06,1.982459625000000000e+06,2.006918000000000000e+06,1.977712750000000000e+06,1.877316625000000000e+06,1.718693875000000000e+06,1.468010000000000000e+06,9.604306250000000000e+05,3.038974375000000000e+05,2.135631445312500000e+04
9.602005000000000000e+06,9.630563000000000000e+06,9.709216000000000000e+06,9.826656000000000000e+06,9.970866000000000000e+06,1.012951900000000000e+07,1.029034100000000000e+07,1.044159700000000000e+07,1.057390500000000000e+07,1.067999300000000000e+07,1.075398200000000000e+07,1.079193600000000000e+07,1.079528300000000000e+07,1.076807100000000000e+07,1.071463100000000000e+07,1.074319600000000000e+07,1.079790000000000000e+07,1.083443500000000000e+07,1.085411200000000000e+07,1.085720000000000000e+07,1.084416400000000000e+07,1.081338400000000000e+07,1.076120000000000000e+07,1.068342600000000000e+07,1.057311600000000000e+07,1.042228100000000000e+07,1.022190200000000000e+07,9.961660000000000000e+06,9.630853000000000000e+06,9.216902000000000000e+06,8.708008000000000000e+06,8.097247500000000000e+06,7.382478000000000000e+06,6.555329500000000000e+06,5.602026000000000000e+06,4.547756000000000000e+06,3.480909500000000000e+06,2.433370000000000000e+06,1.319483750000000000e+06,3.635720000000000000e+05,2.334095312500000000e+04
2.523967000000000000e+06,2.522870750000000000e+06,2.518742500000000000e+06,2.510154750000000000e+06,2.495542750000000000e+06,2.474911500000000000e+06,2.461018000000000000e+06,2.436801500000000000e+06,2.401306000000000000e+06,2.354486000000000000e+06,2.296638000000000000e+06,2.228409250000000000e+06,2.155241500000000000e+06,2.098240000000000000e+06,2.030079250000000000e+06,1.952484375000000000e+06,1.867473000000000000e+06,1.777049625000000000e+06,1.683040500000000000e+06,1.586987000000000000e+06,1.501651000000000000e+06,1.457356625000000000e+06,1.404536500000000000e+06,1.344905875000000000e+06,1.279689750000000000e+06,1.209836500000000000e+06,1.136026500000000000e+06,1.058684875000000000e+06,9.781588125000000000e+05,8.946859375000000000e+05,8.085273750000000000e+05,7.302918125000000000e+05,6.584611875000000000e+05,5.837186875000000000e+05,5.057869062500000000e+05,4.247192187500000000e+05,3.415575312500000000e+05,2.578709375000000000e+05,1.737127656250000000e+05,9.284399218750000000e+04,3.419719531250000000e+04
1.154662625000000000e+06,1.149298000000000000e+06,1.133700500000000000e+06,1.108599375000000000e+06,1.074792250000000000e+06,1.033230125000000000e+06,9.850641875000000000e+05,9.317488750000000000e+05,8.758467500000000000e+05,8.203150000000000000e+05,7.714385625000000000e+05,7.385033750000000000e+05,7.100606250000000000e+05,6.862435625000000000e+05,6.672638750000000000e+05,6.532025625000000000e+05,6.439031875000000000e+05,6.392078125000000000e+05,6.388357500000000000e+05,6.423088750000000000e+05,6.491301250000000000e+05,6.588568125000000000e+05,6.710844375000000000e+05,6.853943125000000000e+05,7.014401875000000000e+05,7.188778125000000000e+05,7.374092500000000000e+05,7.664915000000000000e+05,8.027855000000000000e+05,8.421692500000000000e+05,8.841023125000000000e+05,9.283191250000000000e+05,9.746400000000000000e+05,1.017839875000000000e+06,1.044766437500000000e+06,1.046374937500000000e+06,1.027775000000000000e+06,9.614600625000000000e+05,7.205057500000000000e+05,3.162246562500000000e+05,6.315579296875000000e+04
8.946068125000000000e+05,8.905675000000000000e+05,8.790215625000000000e+05,8.628106250000000000e+05,8.421011250000000000e+05,8.169941875000000000e+05,7.881665625000000000e+05,7.563396250000000000e+05,7.225516875000000000e+05,6.880124375000000000e+05,6.539092500000000000e+05,6.213450625000000000e+05,5.909455625000000000e+05,5.631106250000000000e+05,5.382436875000000000e+05,5.165558125000000000e+05,5.051060000000000000e+05,5.068858437500000000e+05,5.103962187500000000e+05,5.155980625000000000e+05,5.224035625000000000e+05,5.306226875000000000e+05,5.399500625000000000e+05,5.500009375000000000e+05,5.602706875000000000e+05,5.701539375000000000e+05,5.789285625000000000e+05,5.891583750000000000e+05,6.068971875000000000e+05,6.223297500000000000e+05,6.337586250000000000e+05,6.392160625000000000e+05,6.364778750000000000e+05,6.221866250000000000e+05,5.916178125000000000e+05,5.418303750000000000e+05,4.742503125000000000e+05,3.869652812500000000e+05,2.666435312500000000e+05,1.276131484375000000e+05,3.700069140625000000e+04
2.667702000000000000e+06,2.672059250000000000e+06,2.683666250000000000e+06,2.700228000000000000e+06,2.719369500000000000e+06,2.738692750000000000e+06,2.755831750000000000e+06,2.768687000000000000e+06,2.777206250000000000e+06,2.782555750000000000e+06,2.791474500000000000e+06,2.801036750000000000e+06,2.810267500000000000e+06,2.819384500000000000e+06,2.828687250000000000e+06,2.838606250000000000e+06,2.857818250000000000e+06,2.886251000000000000e+06,2.916452250000000000e+06,2.948500500000000000e+06,2.982429000000000000e+06,3.017912000000000000e+06,3.082124250000000000e+06,3.149914500000000000e+06,3.215463000000000000e+06,3.276439250000000000e+06,3.329665250000000000e+06,3.414983500000000000e+06,3.503857000000000000e+06,3.564489250000000000e+06,3.585950750000000000e+06,3.557098750000000000e+06,3.700651000000000000e+06,3.782859750000000000e+06,3.699584750000000000e+06,3.418350750000000000e+06,3.023887000000000000e+06,2.587385250000000000e+06,1.752034625000000000e+06,5.848852500000000000e+05,2.404205664062500000e+04
2.122918000000000000e+06,2.127213500000000000e+06,2.138972500000000000e+06,2.156333750000000000e+06,2.180600000000000000e+06,2.209508000000000000e+06,2.238272500000000000e+06,2.264482000000000000e+06,2.286420750000000000e+06,2.312781000000000000e+06,2.332690000000000000e+06,2.344681750000000000e+06,2.354612000000000000e+06,2.369002750000000000e+06,2.371904000000000000e+06,2.363364000000000000e+06,2.363272250000000000e+06,2.363011750000000000e+06,2.349017500000000000e+06,2.322292250000000000e+06,2.292394500000000000e+06,2.284548750000000000e+06,2.260328000000000000e+06,2.220845000000000000e+06,2.166894500000000000e+06,2.099094250000000000e+06,2.064365250000000000e+06,2.073957875000000000e+06,2.053366750000000000e+06,2.002403875000000000e+06,1.920857375000000000e+06,1.808768375000000000e+06,1.666861000000000000e+06,1.506398375000000000e+06,1.364086375000000000e+06,1.194617625000000000e+06,9.991841875000000000e+05,7.795674375000000000e+05,5.300279375000000000e+05,2.644554687500000000e+05,7.540042968750000000e+04
3.286668000000000000e+06,3.289551000000000000e+06,3.296193250000000000e+06,3.303067500000000000e+06,3.306204250000000000e+06,3.301490250000000000e+06,3.284943500000000000e+06,3.253071500000000000e+06,3.204147000000000000e+06,3.137906250000000000e+06,3.054929500000000000e+06,2.956675250000000000e+06,2.845691750000000000e+06,2.725048750000000000e+06,2.597952000000000000e+06,2.468911250000000000e+06,2.373409000000000000e+06,2.276500750000000000e+06,2.179639250000000000e+06,2.083811125000000000e+06,1.989908750000000000e+06,1.898270000000000000e+06,1.808742250000000000e+06,1.721031000000000000e+06,1.634318000000000000e+06,1.547623500000000000e+06,1.459865375000000000e+06,1.369845000000000000e+06,1.276395375000000000e+06,1.178251375000000000e+06,1.074358500000000000e+06,9.645150625000000000e+05,8.492156250000000000e+05,7.280858750000000000e+05,6.000390625000000000e+05,4.689022500000000000e+05,3.457792500000000000e+05,2.332466718750000000e+05,1.191422734375000000e+05,2.761737304687500000e+04,1.209650878906250000e+03
4.376253515625000000e+04,4.370138671875000000e+04,4.352240234375000000e+04,4.323147265625000000e+04,4.283368359375000000e+04,4.233364062500000000e+04,4.173579687500000000e+04,4.104545312500000000e+04,4.027592968750000000e+04,3.944553515625000000e+04,3.857302734375000000e+04,3.767711328125000000e+04,3.677288281250000000e+04,3.607487500000000000e+04,3.551207421875000000e+04,3.496343359375000000e+04,3.443593359375000000e+04,3.393709765625000000e+04,3.347148046875000000e+04,3.303861328125000000e+04,3.263759179687500000e+04,3.226302343750000000e+04,3.190523437500000000e+04,3.250436914062500000e+04,3.334564843750000000e+04,3.410811718750000000e+04,3.476436718750000000e+04,3.527794140625000000e+04,3.560627343750000000e+04,3.569649218750000000e+04,3.548956640625000000e+04,3.491801953125000000e+04,3.435796093750000000e+04,3.404048046875000000e+04,3.331473437500000000e+04,3.204299218750000000e+04,2.999174609375000000e+04,2.700303906250000000e+04,2.316789257812500000e+04,1.829682226562500000e+04,1.192027343750000000e+04
1.358936093750000000e+05,1.366706093750000000e+05,1.388309687500000000e+05,1.421201718750000000e+05,1.466814218750000000e+05,1.520248593750000000e+05,1.577592031250000000e+05,1.636003281250000000e+05,1.700453437500000000e+05,1.766394218750000000e+05,1.831917656250000000e+05,1.899684531250000000e+05,1.980388750000000000e+05,2.057832187500000000e+05,2.130529218750000000e+05,2.210995156250000000e+05,2.300893906250000000e+05,2.381963437500000000e+05,2.453526406250000000e+05,2.514831406250000000e+05,2.609367031250000000e+05,2.691524687500000000e+05,2.757153750000000000e+05,2.805030000000000000e+05,2.833469062500000000e+05,2.840606562500000000e+05,2.963625000000000000e+05,3.063604687500000000e+05,3.120974062500000000e+05,3.129673750000000000e+05,3.083574375000000000e+05,2.978114687500000000e+05,2.810813437500000000e+05,2.614776406250000000e+05,2.401685000000000000e+05,2.113741250000000000e+05,1.773330781250000000e+05,1.379787031250000000e+05,8.577928125000000000e+04,2.928814453125000000e+04,4.079759277343750000e+03
1.531164625000000000e+06,1.528819250000000000e+06,1.521994750000000000e+06,1.510891250000000000e+06,1.495598875000000000e+06,1.476154375000000000e+06,1.452592500000000000e+06,1.427419000000000000e+06,1.400621375000000000e+06,1.371216375000000000e+06,1.340178625000000000e+06,1.308588500000000000e+06,1.282086125000000000e+06,1.260254250000000000e+06,1.239231625000000000e+06,1.219682750000000000e+06,1.203261250000000000e+06,1.202417125000000000e+06,1.202755125000000000e+06,1.204420750000000000e+06,1.207475750000000000e+06,1.219063250000000000e+06,1.246169625000000000e+06,1.271868250000000000e+06,1.295409750000000000e+06,1.315761750000000000e+06,1.331553625000000000e+06,1.392586375000000000e+06,1.471227625000000000e+06,1.533331500000000000e+06,1.573966250000000000e+06,1.587827375000000000e+06,1.569588125000000000e+06,1.510834500000000000e+06,1.451096375000000000e+06,1.348255875000000000e+06,1.197224125000000000e+06,9.862383750000000000e+05,6.534901250000000000e+05,2.433182968750000000e+05,2.983907617187500000e+04
1.066590125000000000e+06,1.067577250000000000e+06,1.070238125000000000e+06,1.074084750000000000e+06,1.078586875000000000e+06,1.083179125000000000e+06,1.088326750000000000e+06,1.093813875000000000e+06,1.097823000000000000e+06,1.099865500000000000e+06,1.099489875000000000e+06,1.096299375000000000e+06,1.091716250000000000e+06,1.085566375000000000e+06,1.075733250000000000e+06,1.062143750000000000e+06,1.044836937500000000e+06,1.025905812500000000e+06,1.007462750000000000e+06,9.849870625000000000e+05,9.586541250000000000e+05,9.286416250000000000e+05,8.957231875000000000e+05,8.679338750000000000e+05,8.357415000000000000e+05,7.993169375000000000e+05,7.588283750000000000e+05,7.144456875000000000e+05,6.782121250000000000e+05,6.375783125000000000e+05,5.913923125000000000e+05,5.400184375000000000e+05,4.892787812500000000e+05,4.647122500000000000e+05,4.268708125000000000e+05,3.764565937500000000e+05,3.142130312500000000e+05,2.589006875000000000e+05,2.072352500000000000e+05,1.540154843750000000e+05,8.032981250000000000e+04
3.067417250000000000e+06,3.062068250000000000e+06,3.046354000000000000e+06,3.020731500000000000e+06,2.985614250000000000e+06,2.941391750000000000e+06,2.888447000000000000e+06,2.827210750000000000e+06,2.758528750000000000e+06,2.683520250000000000e+06,2.603355250000000000e+06,2.519229250000000000e+06,2.479897750000000000e+06,2.449648250000000000e+06,2.414379250000000000e+06,2.374521250000000000e+06,2.330517500000000000e+06,2.282933750000000000e+06,2.232259500000000000e+06,2.178769750000000000e+06,2.122734000000000000e+06,2.064175875000000000e+06,2.002874500000000000e+06,1.938526625000000000e+06,1.870480125000000000e+06,1.797961625000000000e+06,1.733093375000000000e+06,1.680031375000000000e+06,1.619822500000000000e+06,1.550324000000000000e+06,1.469342125000000000e+06,1.375089250000000000e+06,1.266201750000000000e+06,1.140332250000000000e+06,9.941132500000000000e+05,8.291254375000000000e+05,6.561955625000000000e+05,4.792617500000000000e+05,2.832498125000000000e+05,9.902389843750000000e+04,1.530384570312500000e+04
2.214033750000000000e+06,2.206504500000000000e+06,2.184356500000000000e+06,2.148265750000000000e+06,2.098955250000000000e+06,2.037223625000000000e+06,1.963969625000000000e+06,1.880295625000000000e+06,1.789540625000000000e+06,1.696121375000000000e+06,1.599074875000000000e+06,1.500610000000000000e+06,1.402391625000000000e+06,1.305785000000000000e+06,1.212059875000000000e+06,1.122181000000000000e+06,1.036757312500000000e+06,9.563087500000000000e+05,8.845561250000000000e+05,8.201639375000000000e+05,7.598720625000000000e+05,7.035098125000000000e+05,6.507791875000000000e+05,6.013815000000000000e+05,5.549406875000000000e+05,5.156783125000000000e+05,4.809375312500000000e+05,4.467075312500000000e+05,4.127788437500000000e+05,3.790250000000000000e+05,3.453495937500000000e+05,3.277357187500000000e+05,3.112761875000000000e+05,2.900721562500000000e+05,2.652984375000000000e+05,2.368852500000000000e+05,2.098881718750000000e+05,1.837763593750000000e+05,1.661180625000000000e+05,1.606376875000000000e+05,1.117191484375000000e+05
6.585421250000000000e+05,6.570058750000000000e+05,6.525489375000000000e+05,6.452881250000000000e+05,6.352736250000000000e+05,6.225775000000000000e+05,6.073595000000000000e+05,5.899290625000000000e+05,5.767825625000000000e+05,5.632415000000000000e+05,5.492661250000000000e+05,5.358678750000000000e+05,5.253546250000000000e+05,5.241251875000000000e+05,5.233276875000000000e+05,5.233510312500000000e+05,5.244010625000000000e+05,5.265906250000000000e+05,5.372550000000000000e+05,5.665830000000000000e+05,5.948826875000000000e+05,6.224173125000000000e+05,6.494179375000000000e+05,6.760299375000000000e+05,7.023568125000000000e+05,7.284588125000000000e+05,7.543568750000000000e+05,7.800463125000000000e+05,8.053535625000000000e+05,8.417060625000000000e+05,8.846760625000000000e+05,9.286846250000000000e+05,9.731465000000000000e+05,1.011852312500000000e+06,1.029793312500000000e+06,1.017203000000000000e+06,9.815307500000000000e+05,8.964715000000000000e+05,6.344189375000000000e+05,2.322885156250000000e+05,2.809679296875000000e+04
1.828645625000000000e+06,1.814450375000000000e+06,1.774885250000000000e+06,1.714618625000000000e+06,1.638384000000000000e+06,1.552616875000000000e+06,1.467382750000000000e+06,1.379315500000000000e+06,1.292128000000000000e+06,1.209381375000000000e+06,1.134435000000000000e+06,1.070193000000000000e+06,1.017112250000000000e+06,9.745788750000000000e+05,9.421328125000000000e+05,9.190227500000000000e+05,9.040363750000000000e+05,9.276807500000000000e+05,9.572663125000000000e+05,9.908628750000000000e+05,1.027647437500000000e+06,1.066914125000000000e+06,1.108080000000000000e+06,1.150461875000000000e+06,1.193529625000000000e+06,1.236743250000000000e+06,1.279544125000000000e+06,1.321404750000000000e+06,1.377396125000000000e+06,1.447484000000000000e+06,1.517699750000000000e+06,1.585825500000000000e+06,1.649248250000000000e+06,1.695931875000000000e+06,1.699679875000000000e+06,1.644062000000000000e+06,1.542256500000000000e+06,1.357386250000000000e+06,9.088120000000000000e+05,2.900465625000000000e+05,2.056458398437500000e+04
7.382905000000000000e+05,7.380718125000000000e+05,7.373511875000000000e+05,7.360141875000000000e+05,7.339287500000000000e+05,7.309515625000000000e+05,7.269341875000000000e+05,7.217365000000000000e+05,7.208817500000000000e+05,7.192418125000000000e+05,7.164155625000000000e+05,7.123089375000000000e+05,7.068263125000000000e+05,6.998883125000000000e+05,6.914489375000000000e+05,6.814888750000000000e+05,6.700069375000000000e+05,6.591006875000000000e+05,6.697048125000000000e+05,6.767304375000000000e+05,6.800774375000000000e+05,6.796763750000000000e+05,6.754766250000000000e+05,6.674410000000000000e+05,6.555383750000000000e+05,6.397464375000000000e+05,6.200431250000000000e+05,5.964054375000000000e+05,5.734833125000000000e+05,5.552330000000000000e+05,5.334950000000000000e+05,5.077790937500000000e+05,4.774962812500000000e+05,4.426482187500000000e+05,4.039866562500000000e+05,3.609095312500000000e+05,3.101818125000000000e+05,2.530681406250000000e+05,2.009960937500000000e+05,1.543160156250000000e+05,8.652968750000000000e+04
3.067417250000000000e+06,3.062068250000000000e+06,3.046354000000000000e+06,3.020731500000000000e+06,2.985614250000000000e+06,2.941391750000000000e+06,2.888447000000000000e+06,2.827210750000000000e+06,2.758528750000000000e+06,2.683520250000000000e+06,2.603355250000000000e+06,2.519229250000000000e+06,2.479897750000000000e+06,2.449648250000000000e+06,2.414379250000000000e+06,2.374521250000000000e+06,2.330517500000000000e+06,2.282933750000000000e+06,2.232259500000000000e+06,2.178769750000000000e+06,2.122734000000000000e+06,2.064175875000000000e+06,2.002874500000000000e+06,1.938526625000000000e+06,1.870480125000000000e+06,1.797961625000000000e+06,1.733093375000000000e+06,1.680031375000000000e+06,1.619822500000000000e+06,1.550324000000000000e+06,1.469342125000000000e+06,1.375089250000000000e+06,1.266201750000000000e+06,1.140332250000000000e+06,9.941132500000000000e+05,8.291254375000000000e+05,6.561955625000000000e+05,4.792617500000000000e+05,2.832498125000000000e+05,9.902389843750000000e+04,1.530384570312500000e+04
4.366137000000000000e+06,4.380907500000000000e+06,4.421139500000000000e+06,4.480489500000000000e+06,4.552416500000000000e+06,4.630299000000000000e+06,4.707553000000000000e+06,4.803054000000000000e+06,4.897089000000000000e+06,4.983918500000000000e+06,5.064997000000000000e+06,5.146002500000000000e+06,5.282495500000000000e+06,5.409942500000000000e+06,5.526173000000000000e+06,5.630143500000000000e+06,5.777363500000000000e+06,5.965732000000000000e+06,6.134849500000000000e+06,6.284245500000000000e+06,6.413311000000000000e+06,6.521023000000000000e+06,6.962170500000000000e+06,7.374059000000000000e+06,7.732585000000000000e+06,8.031644000000000000e+06,8.263402500000000000e+06,8.417912000000000000e+06,8.483677000000000000e+06,8.444593000000000000e+06,8.488791000000000000e+06,8.455979000000000000e+06,8.285348500000000000e+06,7.934019500000000000e+06,7.340305500000000000e+06,6.480796000000000000e+06,5.418164500000000000e+06,4.154683250000000000e+06,2.501027500000000000e+06,7.892221875000000000e+05,6.200106640625000000e+04
8.424703000000000000e+06,8.372002000000000000e+06,8.221836500000000000e+06,7.984740500000000000e+06,7.671123000000000000e+06,7.292932500000000000e+06,6.864620000000000000e+06,6.403347500000000000e+06,6.154504000000000000e+06,5.932873000000000000e+06,5.679805500000000000e+06,5.418953500000000000e+06,5.166049000000000000e+06,4.929830500000000000e+06,4.716361500000000000e+06,4.527800500000000000e+06,4.362053000000000000e+06,4.215404500000000000e+06,4.100962000000000000e+06,4.031941750000000000e+06,3.964717250000000000e+06,3.895035500000000000e+06,3.819308500000000000e+06,3.734067500000000000e+06,3.636648500000000000e+06,3.524683250000000000e+06,3.396128000000000000e+06,3.249426000000000000e+06,3.083263750000000000e+06,2.896831000000000000e+06,2.689689750000000000e+06,2.461755000000000000e+06,2.213604750000000000e+06,1.947082125000000000e+06,1.665225375000000000e+06,1.371758500000000000e+06,1.073114500000000000e+06,7.801616250000000000e+05,5.017557500000000000e+05,2.525524062500000000e+05,8.180858593750000000e+04
5.552640500000000000e+06,5.557533500000000000e+06,5.570987000000000000e+06,5.591050500000000000e+06,5.615660000000000000e+06,5.642676500000000000e+06,5.669926500000000000e+06,5.695387000000000000e+06,5.718622500000000000e+06,5.740172000000000000e+06,5.760642500000000000e+06,5.780644500000000000e+06,5.800315500000000000e+06,5.819615500000000000e+06,5.838612500000000000e+06,5.857410000000000000e+06,5.876096500000000000e+06,5.894815500000000000e+06,5.913407000000000000e+06,5.931207500000000000e+06,5.947476500000000000e+06,5.960819500000000000e+06,5.991479500000000000e+06,6.086461000000000000e+06,6.181093500000000000e+06,6.271007000000000000e+06,6.350385000000000000e+06,6.411431000000000000e+06,6.444745500000000000e+06,6.436882000000000000e+06,6.372483000000000000e+06,6.235114000000000000e+06,6.007752500000000000e+06,5.664704000000000000e+06,5.170613000000000000e+06,4.514284000000000000e+06,3.735543750000000000e+06,2.842666000000000000e+06,1.738053500000000000e+06,6.137672500000000000e+05,7.917427343750000000e+04
1.929085156250000000e+05,1.930971406250000000e+05,1.935760781250000000e+05,1.951823437500000000e+05,1.972180937500000000e+05,1.992947812500000000e+05,2.011752187500000000e+05,2.026527343750000000e+05,2.037348125000000000e+05,2.045559687500000000e+05,2.052556562500000000e+05,2.059646875000000000e+05,2.067210156250000000e+05,2.075203437500000000e+05,2.136059687500000000e+05,2.219558125000000000e+05,2.301980937500000000e+05,2.383688906250000000e+05,2.464903750000000000e+05,2.545589687500000000e+05,2.625639687500000000e+05,2.704835312500000000e+05,2.782817812500000000e+05,2.859043750000000000e+05,2.932393437500000000e+05,3.001412500000000000e+05,3.119124375000000000e+05,3.243383437500000000e+05,3.364898750000000000e+05,3.476849687500000000e+05,3.570598750000000000e+05,3.636100625000000000e+05,3.661703437500000000e+05,3.623117187500000000e+05,3.479402812500000000e+05,3.208637500000000000e+05,2.835673750000000000e+05,2.333511406250000000e+05,1.527504531250000000e+05,5.701057421875000000e+04,9.914724609375000000e+03
6.074420000000000000e+06,6.064512000000000000e+06,6.034316000000000000e+06,5.982606500000000000e+06,5.907793500000000000e+06,5.808287000000000000e+06,5.684239000000000000e+06,5.578585000000000000e+06,5.445816000000000000e+06,5.287896500000000000e+06,5.108057000000000000e+06,4.910578000000000000e+06,4.699818500000000000e+06,4.516494500000000000e+06,4.345330000000000000e+06,4.162390250000000000e+06,3.971706750000000000e+06,3.776825750000000000e+06,3.580364500000000000e+06,3.383794250000000000e+06,3.188124250000000000e+06,2.993744500000000000e+06,2.886831750000000000e+06,2.777849750000000000e+06,2.654872250000000000e+06,2.518568500000000000e+06,2.369441250000000000e+06,2.207995250000000000e+06,2.034845875000000000e+06,1.850813625000000000e+06,1.657090375000000000e+06,1.455890125000000000e+06,1.262998125000000000e+06,1.088910250000000000e+06,9.086783750000000000e+05,7.250185000000000000e+05,5.477607500000000000e+05,3.807385000000000000e+05,2.111549843750000000e+05,6.273609765625000000e+04,5.552012207031250000e+03
1.185022500000000000e+06,1.186321500000000000e+06,1.190178125000000000e+06,1.196524500000000000e+06,1.205286625000000000e+06,1.216390250000000000e+06,1.229765125000000000e+06,1.245349625000000000e+06,1.263090750000000000e+06,1.282947750000000000e+06,1.310134625000000000e+06,1.340513750000000000e+06,1.373088250000000000e+06,1.407589250000000000e+06,1.443749250000000000e+06,1.481303000000000000e+06,1.528303750000000000e+06,1.582752000000000000e+06,1.637885500000000000e+06,1.693415375000000000e+06,1.749040250000000000e+06,1.804482250000000000e+06,1.881636500000000000e+06,1.966323500000000000e+06,2.049756250000000000e+06,2.131297750000000000e+06,2.210060000000000000e+06,2.284803000000000000e+06,2.425555750000000000e+06,2.624192750000000000e+06,2.808039250000000000e+06,2.968639250000000000e+06,3.096005250000000000e+06,3.165242500000000000e+06,3.129771000000000000e+06,3.081421750000000000e+06,2.956474750000000000e+06,2.665339750000000000e+06,1.887465250000000000e+06,7.013851250000000000e+05,7.314129687500000000e+04
8.636164000000000000e+06,8.644649000000000000e+06,8.667057000000000000e+06,8.698380000000000000e+06,8.733370000000000000e+06,8.766889000000000000e+06,8.794197000000000000e+06,8.811606000000000000e+06,8.820901000000000000e+06,9.078208000000000000e+06,9.384630000000000000e+06,9.695370000000000000e+06,1.000994000000000000e+07,1.032500200000000000e+07,1.063727900000000000e+07,1.094473300000000000e+07,1.124672800000000000e+07,1.154230700000000000e+07,1.182975000000000000e+07,1.210633100000000000e+07,1.236873400000000000e+07,1.265436000000000000e+07,1.308418000000000000e+07,1.350668100000000000e+07,1.391227000000000000e+07,1.428956400000000000e+07,1.462385700000000000e+07,1.489575900000000000e+07,1.508178800000000000e+07,1.514620700000000000e+07,1.504846300000000000e+07,1.474911100000000000e+07,1.421040100000000000e+07,1.336017300000000000e+07,1.208782400000000000e+07,1.038498400000000000e+07,8.437422000000000000e+06,6.260295000000000000e+06,3.471061500000000000e+06,8.305001250000000000e+05,1.368907421875000000e+04
3.522760750000000000e+06,3.503761500000000000e+06,3.450195000000000000e+06,3.366956000000000000e+06,3.258789250000000000e+06,3.135607250000000000e+06,3.016288000000000000e+06,2.885825500000000000e+06,2.749123750000000000e+06,2.611947750000000000e+06,2.480558000000000000e+06,2.369356250000000000e+06,2.301076250000000000e+06,2.242230750000000000e+06,2.194517500000000000e+06,2.158813000000000000e+06,2.134742500000000000e+06,2.121606500000000000e+06,2.177701750000000000e+06,2.271618250000000000e+06,2.366309500000000000e+06,2.462060500000000000e+06,2.559132500000000000e+06,2.657437000000000000e+06,2.756969000000000000e+06,2.857629000000000000e+06,2.959349500000000000e+06,3.062270500000000000e+06,3.165899750000000000e+06,3.311850500000000000e+06,3.492720000000000000e+06,3.684566000000000000e+06,3.888800250000000000e+06,4.080731500000000000e+06,4.193486250000000000e+06,4.186111500000000000e+06,4.104459750000000000e+06,3.818182500000000000e+06,2.651399250000000000e+06,7.928068750000000000e+05,2.562800781250000000e+04
1.881288250000000000e+06,1.887291000000000000e+06,1.903589500000000000e+06,1.927526750000000000e+06,1.956356125000000000e+06,1.988128500000000000e+06,2.024579500000000000e+06,2.057745625000000000e+06,2.086344375000000000e+06,2.110110000000000000e+06,2.130170750000000000e+06,2.151143500000000000e+06,2.166471250000000000e+06,2.176084750000000000e+06,2.179980000000000000e+06,2.179365750000000000e+06,2.185203500000000000e+06,2.185094750000000000e+06,2.179152750000000000e+06,2.167158500000000000e+06,2.148817250000000000e+06,2.135219250000000000e+06,2.122723250000000000e+06,2.100050000000000000e+06,2.065939375000000000e+06,2.019057375000000000e+06,1.963033500000000000e+06,1.921795875000000000e+06,1.859354625000000000e+06,1.773966250000000000e+06,1.664344250000000000e+06,1.542441125000000000e+06,1.493159750000000000e+06,1.392272250000000000e+06,1.236630750000000000e+06,1.031879437500000000e+06,8.213648125000000000e+05,6.225197500000000000e+05,3.692156562500000000e+05,9.988478125000000000e+04,1.507661254882812500e+03
1.088423250000000000e+06,1.082131750000000000e+06,1.064586250000000000e+06,1.037723250000000000e+06,1.003424062500000000e+06,9.635425625000000000e+05,9.199264375000000000e+05,8.744306250000000000e+05,8.307495625000000000e+05,7.916488750000000000e+05,7.559087500000000000e+05,7.252826250000000000e+05,7.001880625000000000e+05,6.820116250000000000e+05,6.749590000000000000e+05,6.721237500000000000e+05,6.729705000000000000e+05,6.769012500000000000e+05,6.853149375000000000e+05,7.054374375000000000e+05,7.256095625000000000e+05,7.450447500000000000e+05,7.629555625000000000e+05,7.784583750000000000e+05,7.982982500000000000e+05,8.495940000000000000e+05,8.936056875000000000e+05,9.288576250000000000e+05,9.537440625000000000e+05,9.664903750000000000e+05,9.652696250000000000e+05,9.481543750000000000e+05,9.265093125000000000e+05,9.056142500000000000e+05,8.664903125000000000e+05,8.051184375000000000e+05,7.161179375000000000e+05,5.974847500000000000e+05,4.530980937500000000e+05,2.854046875000000000e+05,1.174493984375000000e+05
6.148359000000000000e+06,6.110214500000000000e+06,6.001048500000000000e+06,5.829050500000000000e+06,5.602771500000000000e+06,5.331098000000000000e+06,5.023201500000000000e+06,4.688706000000000000e+06,4.339842500000000000e+06,3.989639000000000000e+06,3.649919500000000000e+06,3.330589750000000000e+06,3.113490750000000000e+06,2.913903750000000000e+06,2.729175500000000000e+06,2.560460000000000000e+06,2.407062750000000000e+06,2.268222750000000000e+06,2.142540500000000000e+06,2.027657500000000000e+06,1.921192125000000000e+06,1.820868375000000000e+06,1.724489750000000000e+06,1.629982750000000000e+06,1.535786875000000000e+06,1.449363500000000000e+06,1.377897500000000000e+06,1.302932000000000000e+06,1.223497500000000000e+06,1.139106000000000000e+06,1.049496125000000000e+06,9.546418125000000000e+05,8.547935625000000000e+05,7.507631875000000000e+05,6.439575625000000000e+05,5.355303125000000000e+05,4.263790625000000000e+05,3.196518750000000000e+05,2.212187187500000000e+05,1.340274062500000000e+05,6.021160546875000000e+04
3.520046250000000000e+05,3.528679375000000000e+05,3.551517187500000000e+05,3.583800000000000000e+05,3.620640312500000000e+05,3.657134375000000000e+05,3.703298437500000000e+05,3.743794062500000000e+05,3.773664375000000000e+05,3.795119062500000000e+05,3.810462187500000000e+05,3.821840937500000000e+05,3.844036562500000000e+05,3.882383125000000000e+05,3.915312500000000000e+05,3.943102187500000000e+05,3.966700000000000000e+05,3.987100937500000000e+05,4.004919375000000000e+05,4.067545312500000000e+05,4.133031250000000000e+05,4.192717812500000000e+05,4.245654375000000000e+05,4.290514375000000000e+05,4.324782500000000000e+05,4.345355625000000000e+05,4.440346875000000000e+05,4.630894687500000000e+05,4.783669687500000000e+05,4.886850312500000000e+05,4.926938750000000000e+05,4.889892500000000000e+05,4.762122812500000000e+05,4.524888750000000000e+05,4.278765000000000000e+05,3.941987187500000000e+05,3.482031875000000000e+05,2.877014375000000000e+05,2.008990156250000000e+05,9.541609375000000000e+04,2.611465625000000000e+04
5.238594062500000000e+05,5.234850937500000000e+05,5.221423750000000000e+05,5.194706562500000000e+05,5.174331250000000000e+05,5.153926875000000000e+05,5.108335937500000000e+05,5.033106875000000000e+05,4.933568125000000000e+05,4.820135937500000000e+05,4.702705937500000000e+05,4.589727812500000000e+05,4.482658437500000000e+05,4.379744062500000000e+05,4.279418750000000000e+05,4.180301562500000000e+05,4.081060937500000000e+05,4.091896562500000000e+05,4.099440937500000000e+05,4.094844687500000000e+05,4.075734375000000000e+05,4.040198750000000000e+05,3.986780312500000000e+05,3.914137187500000000e+05,3.821392500000000000e+05,3.707952187500000000e+05,3.573519687500000000e+05,3.418178437500000000e+05,3.242431250000000000e+05,3.093356875000000000e+05,2.955419687500000000e+05,2.801441250000000000e+05,2.628668437500000000e+05,2.438738437500000000e+05,2.238907343750000000e+05,2.025172031250000000e+05,1.770442812500000000e+05,1.480850937500000000e+05,1.248929843750000000e+05,1.080041015625000000e+05,6.865537500000000000e+04
3.825373500000000000e+06,3.823939500000000000e+06,3.819249750000000000e+06,3.810588000000000000e+06,3.797118000000000000e+06,3.777951000000000000e+06,3.752209250000000000e+06,3.730150500000000000e+06,3.723259500000000000e+06,3.708264750000000000e+06,3.684418000000000000e+06,3.651415250000000000e+06,3.609865500000000000e+06,3.560854500000000000e+06,3.505592000000000000e+06,3.445342500000000000e+06,3.381323750000000000e+06,3.314699500000000000e+06,3.302471000000000000e+06,3.320995500000000000e+06,3.331318000000000000e+06,3.333912750000000000e+06,3.328518250000000000e+06,3.314469000000000000e+06,3.290026500000000000e+06,3.252938000000000000e+06,3.200377750000000000e+06,3.128871750000000000e+06,3.034684750000000000e+06,2.913234250000000000e+06,2.760110250000000000e+06,2.615292750000000000e+06,2.459113750000000000e+06,2.262616500000000000e+06,2.014435500000000000e+06,1.713626500000000000e+06,1.381351625000000000e+06,1.022245000000000000e+06,5.907561250000000000e+05,1.686707812500000000e+05,8.759913085937500000e+03
4.859370000000000000e+06,4.861105500000000000e+06,4.865936000000000000e+06,4.873186000000000000e+06,4.882055500000000000e+06,4.891661000000000000e+06,4.901066000000000000e+06,4.909370000000000000e+06,4.916243500000000000e+06,4.921746000000000000e+06,4.931069000000000000e+06,4.958306000000000000e+06,4.984790000000000000e+06,5.010439500000000000e+06,5.035351500000000000e+06,5.059761500000000000e+06,5.087280500000000000e+06,5.161491500000000000e+06,5.234728500000000000e+06,5.307269500000000000e+06,5.379452500000000000e+06,5.451410000000000000e+06,5.548678000000000000e+06,5.710139500000000000e+06,5.866853000000000000e+06,6.017073500000000000e+06,6.157900000000000000e+06,6.284811500000000000e+06,6.447524000000000000e+06,6.903830500000000000e+06,7.302399500000000000e+06,7.617882000000000000e+06,7.821097000000000000e+06,7.849248000000000000e+06,7.592887500000000000e+06,7.211469500000000000e+06,6.693130500000000000e+06,5.797111500000000000e+06,3.874129500000000000e+06,1.245888250000000000e+06,6.683330468750000000e+04
2.399963750000000000e+06,2.402969250000000000e+06,2.412557750000000000e+06,2.427753250000000000e+06,2.446054750000000000e+06,2.465552000000000000e+06,2.484253250000000000e+06,2.500167500000000000e+06,2.511743000000000000e+06,2.523927250000000000e+06,2.532382000000000000e+06,2.532764500000000000e+06,2.524047000000000000e+06,2.511200750000000000e+06,2.500453500000000000e+06,2.476971000000000000e+06,2.440733500000000000e+06,2.392202250000000000e+06,2.359886000000000000e+06,2.312024500000000000e+06,2.249498000000000000e+06,2.173386000000000000e+06,2.091826875000000000e+06,2.027536375000000000e+06,1.946875500000000000e+06,1.851571250000000000e+06,1.743369875000000000e+06,1.624034750000000000e+06,1.535536750000000000e+06,1.477608250000000000e+06,1.394246125000000000e+06,1.288123500000000000e+06,1.162333250000000000e+06,1.020565187500000000e+06,8.697353125000000000e+05,7.451051250000000000e+05,6.121635000000000000e+05,4.729006875000000000e+05,3.310698437500000000e+05,1.887673437500000000e+05,6.960310156250000000e+04
3.420248750000000000e+06,3.417374000000000000e+06,3.408022500000000000e+06,3.390930250000000000e+06,3.364724000000000000e+06,3.328059000000000000e+06,3.279739750000000000e+06,3.218988000000000000e+06,3.147074000000000000e+06,3.066446750000000000e+06,2.979602750000000000e+06,2.888898000000000000e+06,2.795459000000000000e+06,2.699855500000000000e+06,2.602725000000000000e+06,2.508652500000000000e+06,2.479603750000000000e+06,2.442621500000000000e+06,2.397791000000000000e+06,2.344946500000000000e+06,2.283892750000000000e+06,2.214458250000000000e+06,2.136490250000000000e+06,2.049865750000000000e+06,1.954584625000000000e+06,1.850737625000000000e+06,1.738572000000000000e+06,1.618548375000000000e+06,1.491301500000000000e+06,1.385208125000000000e+06,1.275543000000000000e+06,1.159609875000000000e+06,1.037629562500000000e+06,9.101579375000000000e+05,7.780543750000000000e+05,6.425092500000000000e+05,5.059835312500000000e+05,3.722746875000000000e+05,2.434090781250000000e+05,1.252873125000000000e+05,4.314437109375000000e+04
4.720747500000000000e+05,4.727702187500000000e+05,4.747116250000000000e+05,4.776371875000000000e+05,4.819825000000000000e+05,4.874448750000000000e+05,4.931162500000000000e+05,4.986776562500000000e+05,5.040493125000000000e+05,5.115349062500000000e+05,5.188910312500000000e+05,5.262636875000000000e+05,5.356597500000000000e+05,5.478694375000000000e+05,5.598952500000000000e+05,5.717989375000000000e+05,5.894273750000000000e+05,6.089451875000000000e+05,6.279495000000000000e+05,6.465045625000000000e+05,6.687461875000000000e+05,6.990791250000000000e+05,7.284056875000000000e+05,7.568324375000000000e+05,7.844442500000000000e+05,8.112962500000000000e+05,8.589676250000000000e+05,9.316550625000000000e+05,1.003944562500000000e+06,1.075034500000000000e+06,1.143629250000000000e+06,1.208993625000000000e+06,1.270758125000000000e+06,1.321683625000000000e+06,1.389635875000000000e+06,1.424062875000000000e+06,1.440454000000000000e+06,1.390812875000000000e+06,1.011646687500000000e+06,3.265185000000000000e+05,1.488629882812500000e+04
3.865988250000000000e+06,3.858398000000000000e+06,3.835947500000000000e+06,3.799118750000000000e+06,3.748399000000000000e+06,3.684287250000000000e+06,3.607303250000000000e+06,3.518072250000000000e+06,3.418058000000000000e+06,3.309202000000000000e+06,3.193423250000000000e+06,3.072565250000000000e+06,2.948108250000000000e+06,2.821341250000000000e+06,2.693515500000000000e+06,2.567685500000000000e+06,2.459046750000000000e+06,2.350170750000000000e+06,2.241394000000000000e+06,2.132756250000000000e+06,2.024299125000000000e+06,1.915904250000000000e+06,1.807327125000000000e+06,1.698347500000000000e+06,1.588664250000000000e+06,1.478008125000000000e+06,1.396130875000000000e+06,1.333918625000000000e+06,1.261136125000000000e+06,1.177698625000000000e+06,1.083742375000000000e+06,9.798899375000000000e+05,8.673602500000000000e+05,7.474799375000000000e+05,6.330768125000000000e+05,5.273753125000000000e+05,4.196028437500000000e+05,3.113499687500000000e+05,1.969334531250000000e+05,8.420954687500000000e+04,1.919003320312500000e+04
1.326993375000000000e+06,1.329915500000000000e+06,1.337600500000000000e+06,1.348348375000000000e+06,1.360388625000000000e+06,1.371924625000000000e+06,1.381179500000000000e+06,1.386575875000000000e+06,1.388033875000000000e+06,1.386365625000000000e+06,1.382419125000000000e+06,1.376991125000000000e+06,1.370336000000000000e+06,1.362483625000000000e+06,1.353535500000000000e+06,1.343711500000000000e+06,1.333337625000000000e+06,1.322765500000000000e+06,1.312237125000000000e+06,1.308894875000000000e+06,1.319163375000000000e+06,1.330896125000000000e+06,1.343733875000000000e+06,1.357213500000000000e+06,1.370492125000000000e+06,1.382524500000000000e+06,1.391949750000000000e+06,1.396986000000000000e+06,1.395487375000000000e+06,1.384212750000000000e+06,1.359567625000000000e+06,1.318327250000000000e+06,1.257644875000000000e+06,1.171337750000000000e+06,1.049608375000000000e+06,8.930901250000000000e+05,7.209575625000000000e+05,5.339481875000000000e+05,2.939712500000000000e+05,6.961402343750000000e+04,1.954155395507812500e+03
3.395354000000000000e+06,3.405681500000000000e+06,3.433713000000000000e+06,3.474881750000000000e+06,3.540619250000000000e+06,3.625575750000000000e+06,3.711594000000000000e+06,3.792294500000000000e+06,3.863648750000000000e+06,3.923146500000000000e+06,4.022902750000000000e+06,4.116020750000000000e+06,4.186047750000000000e+06,4.231514000000000000e+06,4.251248500000000000e+06,4.245161500000000000e+06,4.238370500000000000e+06,4.351200000000000000e+06,4.420133500000000000e+06,4.447789000000000000e+06,4.436891000000000000e+06,4.389853500000000000e+06,4.308804500000000000e+06,4.195763500000000000e+06,4.052212750000000000e+06,3.879571250000000000e+06,3.679296000000000000e+06,3.452951000000000000e+06,3.203611000000000000e+06,2.993063000000000000e+06,2.760301750000000000e+06,2.506218750000000000e+06,2.232687250000000000e+06,1.940656875000000000e+06,1.630144500000000000e+06,1.307974250000000000e+06,9.929348125000000000e+05,6.938172500000000000e+05,3.943170000000000000e+05,1.346614218750000000e+05,2.016147070312500000e+04
1.027721937500000000e+06,1.032090437500000000e+06,1.043922062500000000e+06,1.061112750000000000e+06,1.083722125000000000e+06,1.109930625000000000e+06,1.134793625000000000e+06,1.158529500000000000e+06,1.181095500000000000e+06,1.196501625000000000e+06,1.212592875000000000e+06,1.223760000000000000e+06,1.225384000000000000e+06,1.229462250000000000e+06,1.232755625000000000e+06,1.228008000000000000e+06,1.217526625000000000e+06,1.207220250000000000e+06,1.210336875000000000e+06,1.210150875000000000e+06,1.208580625000000000e+06,1.206962250000000000e+06,1.206134750000000000e+06,1.206701750000000000e+06,1.208664375000000000e+06,1.255135625000000000e+06,1.311696125000000000e+06,1.367189875000000000e+06,1.420221750000000000e+06,1.467780500000000000e+06,1.505908500000000000e+06,1.529799750000000000e+06,1.533944875000000000e+06,1.528734250000000000e+06,1.518204500000000000e+06,1.459201000000000000e+06,1.349941500000000000e+06,1.167062000000000000e+06,8.198123125000000000e+05,3.380229375000000000e+05,5.332058593750000000e+04
1.469036875000000000e+05,1.470377968750000000e+05,1.473068281250000000e+05,1.474929062500000000e+05,1.473717812500000000e+05,1.467315937500000000e+05,1.453879843750000000e+05,1.435705625000000000e+05,1.410899531250000000e+05,1.382051562500000000e+05,1.352247656250000000e+05,1.324234687500000000e+05,1.299093203125000000e+05,1.281939921875000000e+05,1.270430703125000000e+05,1.262452109375000000e+05,1.258272812500000000e+05,1.258147656250000000e+05,1.262072968750000000e+05,1.281609921875000000e+05,1.304696015625000000e+05,1.330146406250000000e+05,1.357316093750000000e+05,1.385442500000000000e+05,1.421921406250000000e+05,1.473757031250000000e+05,1.522778281250000000e+05,1.567141093750000000e+05,1.604731406250000000e+05,1.633084218750000000e+05,1.734555000000000000e+05,1.845524375000000000e+05,1.928727031250000000e+05,1.976853125000000000e+05,1.985597500000000000e+05,1.964728125000000000e+05,1.950459375000000000e+05,1.856396562500000000e+05,1.769720000000000000e+05,1.699266093750000000e+05,1.141216406250000000e+05
1.393320250000000000e+06,1.394558750000000000e+06,1.397840625000000000e+06,1.402345875000000000e+06,1.407100875000000000e+06,1.411061750000000000e+06,1.413189250000000000e+06,1.413904250000000000e+06,1.415594375000000000e+06,1.413019125000000000e+06,1.405847750000000000e+06,1.398087625000000000e+06,1.393122250000000000e+06,1.383473125000000000e+06,1.370046750000000000e+06,1.355789000000000000e+06,1.352669000000000000e+06,1.346499500000000000e+06,1.338280250000000000e+06,1.328724750000000000e+06,1.318382000000000000e+06,1.314939375000000000e+06,1.320791375000000000e+06,1.324049000000000000e+06,1.324153375000000000e+06,1.320252250000000000e+06,1.311155250000000000e+06,1.295284375000000000e+06,1.275258875000000000e+06,1.305254875000000000e+06,1.316774250000000000e+06,1.305636000000000000e+06,1.267854250000000000e+06,1.197843000000000000e+06,1.088010500000000000e+06,9.552526250000000000e+05,8.222022500000000000e+05,6.575880000000000000e+05,4.233875000000000000e+05,1.493264218750000000e+05,1.507302343750000000e+04
2.681420250000000000e+06,2.691193500000000000e+06,2.717330250000000000e+06,2.754928250000000000e+06,2.798973250000000000e+06,2.844418250000000000e+06,2.886266500000000000e+06,2.920053750000000000e+06,2.953792500000000000e+06,2.981977750000000000e+06,3.006699500000000000e+06,3.030356750000000000e+06,3.053428250000000000e+06,3.082430000000000000e+06,3.122327750000000000e+06,3.160379000000000000e+06,3.197166500000000000e+06,3.233348750000000000e+06,3.276421750000000000e+06,3.347442750000000000e+06,3.416759000000000000e+06,3.483936000000000000e+06,3.548188500000000000e+06,3.608454750000000000e+06,3.724975500000000000e+06,3.834591750000000000e+06,3.929545000000000000e+06,4.004643000000000000e+06,4.053486750000000000e+06,4.182986500000000000e+06,4.414517500000000000e+06,4.566214000000000000e+06,4.617183500000000000e+06,4.533048000000000000e+06,4.261402000000000000e+06,3.923447750000000000e+06,3.502728000000000000e+06,2.888925250000000000e+06,1.813695375000000000e+06,4.875081875000000000e+05,4.457648925781250000e+03
3.493481750000000000e+06,3.507065500000000000e+06,3.544311750000000000e+06,3.600031500000000000e+06,3.659192250000000000e+06,3.710927250000000000e+06,3.744898750000000000e+06,3.754950500000000000e+06,3.749574000000000000e+06,3.726699750000000000e+06,3.694835250000000000e+06,3.661482500000000000e+06,3.629072250000000000e+06,3.604804500000000000e+06,3.595238250000000000e+06,3.586938000000000000e+06,3.581835000000000000e+06,3.581885500000000000e+06,3.588391000000000000e+06,3.626716750000000000e+06,3.682324750000000000e+06,3.744195250000000000e+06,3.812593750000000000e+06,3.887657750000000000e+06,3.975992000000000000e+06,4.134132000000000000e+06,4.297494500000000000e+06,4.465899500000000000e+06,4.638222000000000000e+06,4.809310000000000000e+06,5.162508500000000000e+06,5.668239000000000000e+06,6.169005000000000000e+06,6.617847500000000000e+06,6.894661500000000000e+06,6.940751000000000000e+06,7.199718000000000000e+06,7.161996000000000000e+06,5.458717000000000000e+06,1.933649375000000000e+06,1.041602734375000000e+05
1.847993281250000000e+05,1.840428437500000000e+05,1.818513437500000000e+05,1.783418281250000000e+05,1.736346875000000000e+05,1.678572968750000000e+05,1.625476875000000000e+05,1.582126406250000000e+05,1.531489843750000000e+05,1.475879375000000000e+05,1.417764843750000000e+05,1.359607500000000000e+05,1.302966328125000000e+05,1.248999375000000000e+05,1.198938593750000000e+05,1.153730937500000000e+05,1.113883671875000000e+05,1.079866328125000000e+05,1.051873125000000000e+05,1.029692421875000000e+05,1.013072421875000000e+05,1.001614062500000000e+05,1.006251093750000000e+05,1.020559296875000000e+05,1.039902734375000000e+05,1.063740703125000000e+05,1.091412109375000000e+05,1.122075390625000000e+05,1.154629218750000000e+05,1.187184140625000000e+05,1.217376718750000000e+05,1.242233203125000000e+05,1.258103281250000000e+05,1.257935937500000000e+05,1.230158671875000000e+05,1.166200546875000000e+05,1.066249062500000000e+05,9.186132812500000000e+04,6.737764062500000000e+04,3.503069921875000000e+04,1.250407519531250000e+04
4.439919500000000000e+06,4.437527500000000000e+06,4.428753000000000000e+06,4.410784500000000000e+06,4.380606500000000000e+06,4.337495000000000000e+06,4.286071500000000000e+06,4.215250500000000000e+06,4.128552000000000000e+06,4.032492000000000000e+06,3.933524500000000000e+06,3.838507500000000000e+06,3.770047250000000000e+06,3.706221000000000000e+06,3.648031750000000000e+06,3.596057000000000000e+06,3.550057750000000000e+06,3.536465250000000000e+06,3.535854750000000000e+06,3.535097750000000000e+06,3.531982500000000000e+06,3.523875000000000000e+06,3.528392250000000000e+06,3.559943750000000000e+06,3.571732000000000000e+06,3.559830250000000000e+06,3.520320000000000000e+06,3.449511000000000000e+06,3.449572500000000000e+06,3.495571500000000000e+06,3.471375500000000000e+06,3.371440500000000000e+06,3.192793250000000000e+06,2.933014750000000000e+06,2.607415000000000000e+06,2.301223000000000000e+06,1.934737750000000000e+06,1.509372750000000000e+06,9.915256250000000000e+05,4.318067812500000000e+05,9.046588281250000000e+04
6.731463750000000000e+05,6.736651250000000000e+05,6.748663750000000000e+05,6.761685625000000000e+05,6.769457500000000000e+05,6.778707500000000000e+05,6.774805625000000000e+05,6.747175000000000000e+05,6.693686875000000000e+05,6.615023125000000000e+05,6.515633125000000000e+05,6.432116875000000000e+05,6.323195625000000000e+05,6.188983750000000000e+05,6.030390000000000000e+05,5.868732500000000000e+05,5.730975000000000000e+05,5.567248125000000000e+05,5.380962500000000000e+05,5.175457812500000000e+05,4.970943750000000000e+05,4.817210625000000000e+05,4.639324062500000000e+05,4.441132187500000000e+05,4.225955937500000000e+05,3.996748437500000000e+05,3.788821875000000000e+05,3.733482500000000000e+05,3.633203125000000000e+05,3.492153125000000000e+05,3.314212812500000000e+05,3.101760937500000000e+05,2.856631875000000000e+05,2.591471093750000000e+05,2.401675625000000000e+05,2.197698125000000000e+05,1.950284531250000000e+05,1.659951093750000000e+05,1.416880625000000000e+05,1.228744218750000000e+05,7.789939843750000000e+04
5.336732500000000000e+06,5.337585000000000000e+06,5.340019500000000000e+06,5.343728500000000000e+06,5.348277000000000000e+06,5.353142500000000000e+06,5.357752500000000000e+06,5.361542500000000000e+06,5.364231000000000000e+06,5.365785000000000000e+06,5.366307500000000000e+06,5.366054000000000000e+06,5.365399000000000000e+06,5.398250500000000000e+06,5.437533000000000000e+06,5.477113500000000000e+06,5.517632000000000000e+06,5.559836500000000000e+06,5.604496500000000000e+06,5.652319000000000000e+06,5.727477500000000000e+06,5.856329500000000000e+06,5.988923000000000000e+06,6.126064000000000000e+06,6.268000000000000000e+06,6.414682500000000000e+06,6.565739000000000000e+06,6.720378000000000000e+06,7.106118000000000000e+06,7.613146000000000000e+06,8.111430000000000000e+06,8.587738000000000000e+06,9.027563000000000000e+06,9.356731000000000000e+06,9.408495000000000000e+06,9.335423000000000000e+06,9.233439000000000000e+06,8.662949000000000000e+06,6.109389500000000000e+06,1.830100125000000000e+06,3.543685546875000000e+04
4.258086250000000000e+05,4.261414687500000000e+05,4.270043437500000000e+05,4.281684687500000000e+05,4.293805312500000000e+05,4.303742500000000000e+05,4.319624687500000000e+05,4.329604375000000000e+05,4.331572500000000000e+05,4.325514687500000000e+05,4.311657187500000000e+05,4.307727187500000000e+05,4.308678437500000000e+05,4.300958125000000000e+05,4.284868125000000000e+05,4.266605937500000000e+05,4.288804062500000000e+05,4.301423125000000000e+05,4.306101875000000000e+05,4.304519062500000000e+05,4.335156875000000000e+05,4.405032187500000000e+05,4.466662187500000000e+05,4.522257812500000000e+05,4.573675625000000000e+05,4.622505000000000000e+05,4.920480000000000000e+05,5.237108750000000000e+05,5.544158125000000000e+05,5.840273750000000000e+05,6.122023125000000000e+05,6.387355625000000000e+05,6.634843125000000000e+05,7.042250000000000000e+05,7.426666875000000000e+05,7.685274375000000000e+05,7.840791250000000000e+05,7.664740000000000000e+05,6.089783125000000000e+05,2.900159062500000000e+05,6.265214062500000000e+04
5.051930625000000000e+05,5.028494375000000000e+05,4.969363750000000000e+05,4.878492187500000000e+05,4.752243750000000000e+05,4.592163437500000000e+05,4.401585000000000000e+05,4.186278750000000000e+05,3.959767812500000000e+05,3.767290312500000000e+05,3.581708437500000000e+05,3.415339062500000000e+05,3.272380937500000000e+05,3.153137500000000000e+05,3.057962500000000000e+05,3.024375000000000000e+05,3.010288437500000000e+05,3.011789375000000000e+05,3.027246250000000000e+05,3.054165625000000000e+05,3.089635000000000000e+05,3.130800937500000000e+05,3.174864062500000000e+05,3.317603437500000000e+05,3.489850937500000000e+05,3.655164375000000000e+05,3.808972812500000000e+05,3.945501250000000000e+05,4.057879062500000000e+05,4.137150312500000000e+05,4.173202812500000000e+05,4.154490625000000000e+05,4.126408437500000000e+05,4.100868750000000000e+05,3.992609687500000000e+05,3.776860000000000000e+05,3.430960312500000000e+05,2.930979375000000000e+05,2.238625312500000000e+05,1.368311093750000000e+05,5.602369140625000000e+04
1.004632300000000000e+07,9.970327000000000000e+06,9.757826000000000000e+06,9.432161000000000000e+06,9.016687000000000000e+06,8.534650000000000000e+06,8.009052000000000000e+06,7.462588500000000000e+06,6.918762000000000000e+06,6.400458500000000000e+06,5.928674500000000000e+06,5.521028000000000000e+06,5.180377500000000000e+06,4.903274000000000000e+06,4.687210000000000000e+06,4.527741000000000000e+06,4.417469000000000000e+06,4.349496000000000000e+06,4.316930500000000000e+06,4.312364000000000000e+06,4.328294000000000000e+06,4.401892500000000000e+06,4.513792500000000000e+06,4.635385500000000000e+06,4.760602500000000000e+06,4.882827000000000000e+06,4.994601500000000000e+06,5.087652500000000000e+06,5.152403500000000000e+06,5.176518000000000000e+06,5.146371500000000000e+06,5.048221000000000000e+06,4.868651000000000000e+06,4.587119500000000000e+06,4.175359500000000000e+06,3.628231500000000000e+06,2.986317250000000000e+06,2.259164000000000000e+06,1.364754750000000000e+06,4.713129687500000000e+05,6.039714062500000000e+04
3.093268250000000000e+06,3.067978750000000000e+06,2.997369750000000000e+06,2.889230000000000000e+06,2.751364750000000000e+06,2.591737500000000000e+06,2.420421000000000000e+06,2.261722000000000000e+06,2.102808750000000000e+06,1.951330375000000000e+06,1.814659250000000000e+06,1.699190625000000000e+06,1.614278125000000000e+06,1.566429500000000000e+06,1.533688125000000000e+06,1.515129875000000000e+06,1.508973250000000000e+06,1.513194000000000000e+06,1.546693625000000000e+06,1.644194625000000000e+06,1.741720125000000000e+06,1.838046250000000000e+06,1.932104000000000000e+06,2.022412875000000000e+06,2.107526750000000000e+06,2.185830000000000000e+06,2.255320000000000000e+06,2.313591500000000000e+06,2.412272000000000000e+06,2.501156000000000000e+06,2.572476500000000000e+06,2.618368750000000000e+06,2.629974750000000000e+06,2.588414750000000000e+06,2.461615250000000000e+06,2.234644000000000000e+06,1.933319000000000000e+06,1.540970375000000000e+06,9.263908125000000000e+05,2.507126093750000000e+05,8.904571289062500000e+03
5.275611875000000000e+05,5.269863750000000000e+05,5.252850625000000000e+05,5.224749375000000000e+05,5.185575625000000000e+05,5.135254375000000000e+05,5.073690937500000000e+05,5.000935312500000000e+05,4.918235937500000000e+05,4.827612500000000000e+05,4.731212500000000000e+05,4.631256562500000000e+05,4.529632500000000000e+05,4.459475937500000000e+05,4.391056875000000000e+05,4.324347500000000000e+05,4.260790000000000000e+05,4.201921875000000000e+05,4.149038437500000000e+05,4.102987812500000000e+05,4.101008750000000000e+05,4.123437500000000000e+05,4.151482500000000000e+05,4.185576875000000000e+05,4.225423750000000000e+05,4.270350625000000000e+05,4.319000937500000000e+05,4.453599062500000000e+05,4.728627500000000000e+05,4.995062812500000000e+05,5.242852812500000000e+05,5.458063750000000000e+05,5.622973750000000000e+05,5.700825000000000000e+05,5.668260625000000000e+05,5.658380000000000000e+05,5.485438125000000000e+05,5.032237812500000000e+05,3.906346250000000000e+05,2.050080156250000000e+05,5.805648828125000000e+04
1.225053250000000000e+06,1.225654125000000000e+06,1.227097875000000000e+06,1.228825750000000000e+06,1.230259750000000000e+06,1.230813375000000000e+06,1.235088125000000000e+06,1.256377250000000000e+06,1.276161500000000000e+06,1.294288875000000000e+06,1.310618375000000000e+06,1.324979000000000000e+06,1.336900000000000000e+06,1.345779875000000000e+06,1.351056500000000000e+06,1.352298375000000000e+06,1.349223500000000000e+06,1.341589875000000000e+06,1.329169125000000000e+06,1.311734875000000000e+06,1.289093750000000000e+06,1.261080750000000000e+06,1.230037375000000000e+06,1.210945750000000000e+06,1.186719125000000000e+06,1.156851000000000000e+06,1.120841500000000000e+06,1.078206250000000000e+06,1.028502937500000000e+06,9.713136875000000000e+05,9.063228750000000000e+05,8.334334375000000000e+05,7.528266250000000000e+05,6.647539375000000000e+05,5.695163750000000000e+05,4.687107812500000000e+05,3.665417187500000000e+05,2.663269375000000000e+05,1.662570000000000000e+05,7.489051562500000000e+04,2.171326562500000000e+04
4.221103000000000000e+06,4.225780000000000000e+06,4.239284500000000000e+06,4.260812500000000000e+06,4.289543000000000000e+06,4.324641500000000000e+06,4.365265000000000000e+06,4.410590500000000000e+06,4.460036000000000000e+06,4.517477000000000000e+06,4.583037500000000000e+06,4.651859500000000000e+06,4.723524500000000000e+06,4.797647500000000000e+06,4.873854000000000000e+06,4.951741500000000000e+06,5.030845500000000000e+06,5.133174500000000000e+06,5.238168500000000000e+06,5.342194500000000000e+06,5.443835500000000000e+06,5.540960000000000000e+06,5.630718000000000000e+06,5.748082000000000000e+06,5.868289000000000000e+06,5.966942500000000000e+06,6.036543000000000000e+06,6.067956000000000000e+06,6.092578000000000000e+06,6.130436500000000000e+06,6.081960500000000000e+06,5.930631000000000000e+06,5.662791000000000000e+06,5.572703000000000000e+06,5.366521000000000000e+06,4.853858500000000000e+06,4.099604500000000000e+06,3.242475250000000000e+06,2.052018375000000000e+06,5.798820625000000000e+05,4.984855957031250000e+03
9.748169375000000000e+05,9.741807500000000000e+05,9.722927500000000000e+05,9.691133750000000000e+05,9.645453750000000000e+05,9.584744375000000000e+05,9.508039375000000000e+05,9.414966250000000000e+05,9.384725000000000000e+05,9.387176250000000000e+05,9.377678125000000000e+05,9.359457500000000000e+05,9.335640625000000000e+05,9.309364375000000000e+05,9.284306250000000000e+05,9.427370000000000000e+05,9.811348125000000000e+05,1.017224250000000000e+06,1.051502000000000000e+06,1.084463875000000000e+06,1.116525875000000000e+06,1.148061125000000000e+06,1.179402500000000000e+06,1.210812250000000000e+06,1.242454250000000000e+06,1.274428625000000000e+06,1.306839375000000000e+06,1.359707875000000000e+06,1.421553750000000000e+06,1.487674125000000000e+06,1.557094000000000000e+06,1.630023125000000000e+06,1.707416750000000000e+06,1.778625375000000000e+06,1.814717250000000000e+06,1.800168875000000000e+06,1.760130625000000000e+06,1.640430500000000000e+06,1.146166750000000000e+06,3.633549687500000000e+05,2.209100195312500000e+04
6.207534500000000000e+06,6.186373500000000000e+06,6.124257000000000000e+06,6.023137500000000000e+06,5.885029500000000000e+06,5.712224000000000000e+06,5.507452500000000000e+06,5.274335000000000000e+06,5.020510000000000000e+06,4.755583500000000000e+06,4.488679500000000000e+06,4.317311000000000000e+06,4.163209000000000000e+06,4.013201750000000000e+06,3.871068750000000000e+06,3.740042500000000000e+06,3.622326250000000000e+06,3.520062500000000000e+06,3.434464250000000000e+06,3.365350500000000000e+06,3.312402250000000000e+06,3.274612000000000000e+06,3.250299000000000000e+06,3.237536750000000000e+06,3.233542250000000000e+06,3.246444000000000000e+06,3.310523000000000000e+06,3.379692750000000000e+06,3.448697000000000000e+06,3.509319750000000000e+06,3.551604250000000000e+06,3.564383500000000000e+06,3.535131250000000000e+06,3.440850750000000000e+06,3.245411750000000000e+06,2.930679750000000000e+06,2.520906500000000000e+06,2.000442500000000000e+06,1.239819375000000000e+06,4.003497812500000000e+05,3.558708984375000000e+04
6.193612500000000000e+04,6.219307812500000000e+04,6.287783984375000000e+04,6.385181250000000000e+04,6.512720312500000000e+04,6.651192968750000000e+04,6.774659375000000000e+04,6.871028906250000000e+04,6.964540625000000000e+04,7.019535156250000000e+04,7.036843750000000000e+04,7.081857031250000000e+04,7.090975781250000000e+04,7.057332812500000000e+04,7.053879687500000000e+04,7.039626562500000000e+04,6.980236718750000000e+04,6.884707031250000000e+04,6.864364843750000000e+04,6.844049218750000000e+04,6.791614843750000000e+04,6.716739062500000000e+04,6.627867187500000000e+04,6.581817968750000000e+04,6.822454687500000000e+04,7.029453906250000000e+04,7.211261718750000000e+04,7.372763281250000000e+04,7.516722656250000000e+04,7.641530468750000000e+04,7.742789062500000000e+04,7.807946875000000000e+04,8.010395312500000000e+04,8.237723437500000000e+04,8.424521093750000000e+04,8.516390625000000000e+04,8.371613281250000000e+04,7.892893750000000000e+04,7.211560937500000000e+04,6.233941406250000000e+04,4.009909375000000000e+04
1.100379875000000000e+06,1.100289250000000000e+06,1.099841250000000000e+06,1.098739875000000000e+06,1.096663125000000000e+06,1.093280625000000000e+06,1.088270500000000000e+06,1.081365625000000000e+06,1.072661000000000000e+06,1.062468750000000000e+06,1.051115375000000000e+06,1.039929937500000000e+06,1.036664250000000000e+06,1.032424937500000000e+06,1.027158250000000000e+06,1.020795875000000000e+06,1.013223812500000000e+06,1.004333375000000000e+06,9.939464375000000000e+05,9.817728125000000000e+05,9.675134375000000000e+05,9.618034375000000000e+05,9.774217500000000000e+05,9.872980625000000000e+05,9.907117500000000000e+05,9.869030000000000000e+05,9.751018125000000000e+05,9.545565625000000000e+05,9.245760000000000000e+05,8.845386250000000000e+05,8.339920625000000000e+05,7.812310000000000000e+05,7.323810625000000000e+05,6.732426875000000000e+05,6.026114375000000000e+05,5.201995625000000000e+05,4.280398437500000000e+05,3.280430937500000000e+05,2.173757031250000000e+05,1.040447812500000000e+05,2.992245898437500000e+04
5.281263125000000000e+05,5.255070000000000000e+05,5.178810937500000000e+05,5.055284375000000000e+05,4.887497812500000000e+05,4.692100312500000000e+05,4.463120312500000000e+05,4.206551250000000000e+05,3.937526562500000000e+05,3.673631875000000000e+05,3.435324375000000000e+05,3.244739062500000000e+05,3.087613125000000000e+05,2.962139375000000000e+05,2.867114062500000000e+05,2.800660312500000000e+05,2.789057812500000000e+05,2.797638125000000000e+05,2.823655312500000000e+05,2.863808437500000000e+05,2.914433125000000000e+05,3.004380625000000000e+05,3.116670000000000000e+05,3.228550937500000000e+05,3.336822500000000000e+05,3.437930312500000000e+05,3.527757500000000000e+05,3.734775937500000000e+05,3.997895312500000000e+05,4.225589375000000000e+05,4.404409375000000000e+05,4.518600937500000000e+05,4.550960937500000000e+05,4.477028750000000000e+05,4.416673125000000000e+05,4.250788437500000000e+05,3.932051562500000000e+05,3.412512812500000000e+05,2.549725000000000000e+05,1.369720625000000000e+05,4.412153906250000000e+04
2.211804296875000000e+04,2.220226367187500000e+04,2.243927343750000000e+04,2.280562500000000000e+04,2.327782617187500000e+04,2.383226757812500000e+04,2.444516601562500000e+04,2.509358203125000000e+04,2.588364453125000000e+04,2.674793554687500000e+04,2.762801367187500000e+04,2.851693750000000000e+04,2.940511132812500000e+04,3.062062109375000000e+04,3.182368359375000000e+04,3.298523828125000000e+04,3.410204296875000000e+04,3.517136328125000000e+04,3.673201562500000000e+04,3.829073437500000000e+04,3.977673046875000000e+04,4.119094140625000000e+04,4.253467578125000000e+04,4.380820312500000000e+04,4.566417578125000000e+04,4.901135937500000000e+04,5.225661718750000000e+04,5.537335546875000000e+04,5.832697265625000000e+04,6.107004687500000000e+04,6.354075390625000000e+04,6.559600781250000000e+04,6.702650781250000000e+04,6.988878125000000000e+04,7.287559375000000000e+04,7.545317968750000000e+04,7.584345312500000000e+04,7.335557812500000000e+04,7.256109375000000000e+04,7.426587500000000000e+04,5.512520703125000000e+04
1.323767125000000000e+06,1.325026375000000000e+06,1.328516750000000000e+06,1.333745625000000000e+06,1.340157250000000000e+06,1.347153375000000000e+06,1.354113750000000000e+06,1.362931375000000000e+06,1.372289625000000000e+06,1.380239000000000000e+06,1.386400875000000000e+06,1.390493750000000000e+06,1.397472500000000000e+06,1.406523250000000000e+06,1.412817000000000000e+06,1.416498000000000000e+06,1.417876875000000000e+06,1.430331625000000000e+06,1.443145625000000000e+06,1.453657375000000000e+06,1.462426500000000000e+06,1.469992500000000000e+06,1.489575250000000000e+06,1.519974125000000000e+06,1.548931750000000000e+06,1.576780750000000000e+06,1.603612500000000000e+06,1.629195375000000000e+06,1.680240750000000000e+06,1.796276125000000000e+06,1.904025125000000000e+06,1.999025875000000000e+06,2.075746750000000000e+06,2.117935500000000000e+06,2.093388125000000000e+06,2.058374625000000000e+06,1.988351000000000000e+06,1.810417375000000000e+06,1.285806500000000000e+06,4.512190625000000000e+05,3.152828710937500000e+04
5.699392500000000000e+06,5.707126000000000000e+06,5.727966500000000000e+06,5.758162000000000000e+06,5.793772500000000000e+06,5.830777500000000000e+06,5.865182500000000000e+06,5.893378000000000000e+06,5.914764000000000000e+06,5.937716000000000000e+06,5.998573500000000000e+06,6.056670000000000000e+06,6.111698500000000000e+06,6.162878000000000000e+06,6.209735000000000000e+06,6.252245000000000000e+06,6.374154000000000000e+06,6.504875000000000000e+06,6.628016500000000000e+06,6.743264500000000000e+06,6.850268000000000000e+06,6.948142000000000000e+06,7.176302500000000000e+06,7.617328500000000000e+06,8.027424000000000000e+06,8.400164000000000000e+06,8.726859000000000000e+06,8.995892000000000000e+06,9.192955000000000000e+06,9.296511000000000000e+06,9.335117000000000000e+06,9.473364000000000000e+06,9.480874000000000000e+06,9.293778000000000000e+06,8.813129000000000000e+06,7.985964500000000000e+06,6.874500500000000000e+06,5.440763500000000000e+06,3.344926750000000000e+06,1.039083437500000000e+06,6.996609375000000000e+04
3.865988250000000000e+06,3.858398000000000000e+06,3.835947500000000000e+06,3.799118750000000000e+06,3.748399000000000000e+06,3.684287250000000000e+06,3.607303250000000000e+06,3.518072250000000000e+06,3.418058000000000000e+06,3.309202000000000000e+06,3.193423250000000000e+06,3.072565250000000000e+06,2.948108250000000000e+06,2.821341250000000000e+06,2.693515500000000000e+06,2.567685500000000000e+06,2.459046750000000000e+06,2.350170750000000000e+06,2.241394000000000000e+06,2.132756250000000000e+06,2.024299125000000000e+06,1.915904250000000000e+06,1.807327125000000000e+06,1.698347500000000000e+06,1.588664250000000000e+06,1.478008125000000000e+06,1.396130875000000000e+06,1.333918625000000000e+06,1.261136125000000000e+06,1.177698625000000000e+06,1.083742375000000000e+06,9.798899375000000000e+05,8.673602500000000000e+05,7.474799375000000000e+05,6.330768125000000000e+05,5.273753125000000000e+05,4.196028437500000000e+05,3.113499687500000000e+05,1.969334531250000000e+05,8.420954687500000000e+04,1.919003320312500000e+04
3.660640000000000000e+05,3.683323750000000000e+05,3.742955625000000000e+05,3.826225312500000000e+05,3.919209375000000000e+05,4.019747812500000000e+05,4.111134687500000000e+05,4.169940000000000000e+05,4.205578750000000000e+05,4.229668125000000000e+05,4.216078125000000000e+05,4.167812500000000000e+05,4.121757187500000000e+05,4.059494375000000000e+05,3.962372187500000000e+05,3.835915625000000000e+05,3.687155312500000000e+05,3.555031875000000000e+05,3.426057500000000000e+05,3.281747500000000000e+05,3.127076875000000000e+05,2.965838437500000000e+05,2.800829687500000000e+05,2.634328750000000000e+05,2.491009843750000000e+05,2.430334218750000000e+05,2.353502968750000000e+05,2.261858906250000000e+05,2.156610468750000000e+05,2.038926718750000000e+05,1.909891875000000000e+05,1.769758593750000000e+05,1.618510312500000000e+05,1.512222343750000000e+05,1.405565156250000000e+05,1.294148750000000000e+05,1.158579453125000000e+05,9.991228906250000000e+04,8.769321875000000000e+04,7.998825000000000000e+04,5.415178906250000000e+04
1.967742125000000000e+06,1.957894625000000000e+06,1.929879875000000000e+06,1.887735250000000000e+06,1.833040375000000000e+06,1.766957000000000000e+06,1.691470250000000000e+06,1.608766500000000000e+06,1.521646625000000000e+06,1.433301500000000000e+06,1.351006125000000000e+06,1.276681125000000000e+06,1.207668625000000000e+06,1.144750000000000000e+06,1.088675125000000000e+06,1.039636937500000000e+06,1.003615062500000000e+06,9.748449375000000000e+05,9.501111250000000000e+05,9.284758750000000000e+05,9.089016250000000000e+05,8.903077500000000000e+05,8.715758750000000000e+05,8.629463125000000000e+05,8.513981875000000000e+05,8.355191250000000000e+05,8.143287500000000000e+05,7.869783125000000000e+05,7.526830000000000000e+05,7.165525625000000000e+05,7.056227500000000000e+05,6.796253125000000000e+05,6.379606250000000000e+05,5.798876250000000000e+05,5.043170312500000000e+05,4.172737500000000000e+05,3.404295625000000000e+05,2.567744062500000000e+05,1.523393906250000000e+05,4.321535937500000000e+04,1.756296752929687500e+03
1.967637750000000000e+06,1.967909750000000000e+06,1.968501375000000000e+06,1.969039375000000000e+06,1.969108625000000000e+06,1.968259875000000000e+06,1.966019375000000000e+06,1.961916625000000000e+06,1.955686125000000000e+06,1.950396375000000000e+06,1.947195375000000000e+06,1.941578375000000000e+06,1.933087625000000000e+06,1.921173000000000000e+06,1.905323375000000000e+06,1.885025125000000000e+06,1.861911375000000000e+06,1.846661250000000000e+06,1.824341250000000000e+06,1.794401375000000000e+06,1.756357125000000000e+06,1.709855000000000000e+06,1.654672625000000000e+06,1.606101125000000000e+06,1.555092250000000000e+06,1.492294500000000000e+06,1.417953875000000000e+06,1.332572375000000000e+06,1.236853375000000000e+06,1.151130750000000000e+06,1.097908875000000000e+06,1.022689000000000000e+06,9.274324375000000000e+05,8.142921875000000000e+05,6.852227500000000000e+05,5.542481875000000000e+05,4.393693125000000000e+05,3.227245937500000000e+05,1.934278281250000000e+05,6.525512500000000000e+04,6.903272460937500000e+03
4.971949500000000000e+06,4.984386500000000000e+06,5.015417000000000000e+06,5.055077500000000000e+06,5.092945000000000000e+06,5.118493000000000000e+06,5.121491000000000000e+06,5.093150000000000000e+06,5.033162500000000000e+06,4.946158000000000000e+06,4.836914500000000000e+06,4.709848000000000000e+06,4.566719500000000000e+06,4.408342500000000000e+06,4.236033000000000000e+06,4.051953000000000000e+06,3.858979000000000000e+06,3.713167000000000000e+06,3.565590250000000000e+06,3.413419250000000000e+06,3.257452000000000000e+06,3.098370500000000000e+06,2.936746500000000000e+06,2.773120750000000000e+06,2.607712000000000000e+06,2.440660000000000000e+06,2.272006500000000000e+06,2.101662500000000000e+06,1.929590125000000000e+06,1.755722125000000000e+06,1.580121250000000000e+06,1.403066875000000000e+06,1.225176250000000000e+06,1.047364937500000000e+06,8.707953750000000000e+05,6.977025625000000000e+05,5.324881250000000000e+05,3.792577187500000000e+05,2.383797031250000000e+05,1.174901093750000000e+05,4.014584375000000000e+04
4.704952000000000000e+06,4.723393500000000000e+06,4.792397500000000000e+06,4.897313500000000000e+06,5.029731000000000000e+06,5.181058000000000000e+06,5.342516500000000000e+06,5.505344000000000000e+06,5.706993500000000000e+06,5.960831500000000000e+06,6.193566000000000000e+06,6.396641000000000000e+06,6.564701000000000000e+06,6.694163500000000000e+06,7.109533000000000000e+06,7.478474500000000000e+06,7.765300500000000000e+06,7.971345500000000000e+06,8.099435000000000000e+06,8.153890000000000000e+06,8.139593000000000000e+06,8.060922000000000000e+06,7.921739500000000000e+06,7.725775500000000000e+06,7.479710500000000000e+06,7.301684000000000000e+06,7.075283500000000000e+06,6.799165500000000000e+06,6.472118500000000000e+06,6.092313500000000000e+06,5.658444500000000000e+06,5.171148500000000000e+06,4.633212000000000000e+06,4.046322000000000000e+06,3.411004750000000000e+06,2.741627000000000000e+06,2.077812750000000000e+06,1.442162000000000000e+06,8.072386875000000000e+05,2.615634375000000000e+05,3.098991601562500000e+04
3.592059750000000000e+06,3.564573500000000000e+06,3.486656250000000000e+06,3.365273750000000000e+06,3.207684500000000000e+06,3.021503500000000000e+06,2.814679000000000000e+06,2.599217750000000000e+06,2.391873000000000000e+06,2.188917250000000000e+06,1.998996250000000000e+06,1.829006250000000000e+06,1.679986500000000000e+06,1.550488625000000000e+06,1.439283750000000000e+06,1.348422500000000000e+06,1.283538875000000000e+06,1.227279500000000000e+06,1.177529750000000000e+06,1.132040000000000000e+06,1.088589750000000000e+06,1.045399375000000000e+06,1.001081375000000000e+06,9.861185000000000000e+05,9.760873125000000000e+05,9.559765000000000000e+05,9.254571875000000000e+05,8.846147500000000000e+05,8.337372500000000000e+05,7.734230000000000000e+05,7.045448125000000000e+05,6.303261250000000000e+05,5.667681250000000000e+05,4.973232500000000000e+05,4.216490625000000000e+05,3.413603125000000000e+05,2.617586406250000000e+05,1.850515937500000000e+05,1.049531718750000000e+05,3.329962500000000000e+04,4.395509765625000000e+03
1.696770250000000000e+06,1.685925125000000000e+06,1.655731750000000000e+06,1.609580000000000000e+06,1.550741000000000000e+06,1.485349750000000000e+06,1.414241500000000000e+06,1.339905250000000000e+06,1.265466750000000000e+06,1.194135000000000000e+06,1.131658875000000000e+06,1.080140125000000000e+06,1.038173312500000000e+06,1.005490375000000000e+06,9.856183750000000000e+05,9.782456875000000000e+05,9.779913750000000000e+05,9.840313750000000000e+05,1.000221750000000000e+06,1.028761250000000000e+06,1.060060750000000000e+06,1.093382750000000000e+06,1.128140375000000000e+06,1.180679750000000000e+06,1.238504750000000000e+06,1.295708875000000000e+06,1.352033250000000000e+06,1.407436750000000000e+06,1.486982875000000000e+06,1.633996875000000000e+06,1.777587500000000000e+06,1.916205125000000000e+06,2.049047875000000000e+06,2.159705500000000000e+06,2.209466250000000000e+06,2.281286750000000000e+06,2.329852250000000000e+06,2.272091250000000000e+06,1.629349000000000000e+06,4.457194375000000000e+05,1.458610717773437500e+03
2.993641250000000000e+06,2.986955250000000000e+06,2.967144750000000000e+06,2.934439500000000000e+06,2.888982250000000000e+06,2.830942750000000000e+06,2.763945500000000000e+06,2.687387000000000000e+06,2.601320750000000000e+06,2.509010500000000000e+06,2.413731250000000000e+06,2.318612750000000000e+06,2.225778000000000000e+06,2.141946750000000000e+06,2.069270250000000000e+06,2.002407875000000000e+06,1.942272875000000000e+06,1.889767875000000000e+06,1.845449125000000000e+06,1.818599000000000000e+06,1.807473750000000000e+06,1.803330000000000000e+06,1.806058125000000000e+06,1.815482500000000000e+06,1.831207375000000000e+06,1.877614375000000000e+06,1.936058875000000000e+06,1.999374500000000000e+06,2.067090750000000000e+06,2.136948500000000000e+06,2.235938000000000000e+06,2.462918750000000000e+06,2.694554000000000000e+06,2.911162250000000000e+06,3.057416750000000000e+06,3.097646750000000000e+06,3.251852000000000000e+06,3.311463250000000000e+06,2.559066500000000000e+06,8.516209375000000000e+05,2.055324609375000000e+04
8.002209375000000000e+05,7.996513125000000000e+05,7.974895625000000000e+05,7.928455000000000000e+05,7.847150625000000000e+05,7.721647500000000000e+05,7.544793125000000000e+05,7.313450000000000000e+05,7.036070625000000000e+05,6.728104375000000000e+05,6.406288750000000000e+05,6.087225000000000000e+05,5.780959375000000000e+05,5.494150625000000000e+05,5.233291250000000000e+05,5.015471562500000000e+05,4.900230625000000000e+05,4.815681875000000000e+05,4.761390312500000000e+05,4.735128750000000000e+05,4.734507187500000000e+05,4.756591875000000000e+05,4.797878125000000000e+05,4.854561562500000000e+05,4.922011250000000000e+05,4.995016875000000000e+05,5.067488125000000000e+05,5.132170000000000000e+05,5.180574375000000000e+05,5.201007812500000000e+05,5.180297500000000000e+05,5.104446562500000000e+05,4.959015000000000000e+05,4.720954687500000000e+05,4.357470312500000000e+05,3.857318750000000000e+05,3.253662812500000000e+05,2.546158593750000000e+05,1.631168125000000000e+05,6.558863281250000000e+04,1.434237500000000000e+04
5.323580000000000000e+06,5.315446000000000000e+06,5.291987000000000000e+06,5.254487000000000000e+06,5.204095500000000000e+06,5.141876500000000000e+06,5.068854000000000000e+06,4.986141500000000000e+06,4.895819500000000000e+06,4.800597000000000000e+06,4.717983000000000000e+06,4.639797000000000000e+06,4.563873500000000000e+06,4.491921500000000000e+06,4.425810000000000000e+06,4.367077000000000000e+06,4.316730500000000000e+06,4.293637000000000000e+06,4.297729000000000000e+06,4.310535000000000000e+06,4.332333500000000000e+06,4.362932500000000000e+06,4.401655500000000000e+06,4.447561500000000000e+06,4.558487500000000000e+06,4.679606000000000000e+06,4.799566000000000000e+06,4.913608000000000000e+06,5.015260500000000000e+06,5.092782500000000000e+06,5.322623500000000000e+06,5.630904500000000000e+06,5.855724500000000000e+06,5.944061000000000000e+06,5.804757000000000000e+06,5.384721000000000000e+06,4.982281000000000000e+06,4.332465500000000000e+06,2.891275750000000000e+06,8.574973125000000000e+05,1.574092675781250000e+04
2.865810000000000000e+06,2.863976000000000000e+06,2.858277750000000000e+06,2.848285250000000000e+06,2.833435500000000000e+06,2.813086250000000000e+06,2.786569500000000000e+06,2.753278750000000000e+06,2.713093000000000000e+06,2.666265000000000000e+06,2.613206750000000000e+06,2.554499250000000000e+06,2.490877250000000000e+06,2.452351750000000000e+06,2.469143250000000000e+06,2.476228000000000000e+06,2.474469000000000000e+06,2.465001250000000000e+06,2.449183000000000000e+06,2.428497000000000000e+06,2.404464000000000000e+06,2.378553250000000000e+06,2.352130000000000000e+06,2.326447500000000000e+06,2.308993000000000000e+06,2.334543250000000000e+06,2.367587750000000000e+06,2.408905750000000000e+06,2.459085500000000000e+06,2.517272000000000000e+06,2.582159500000000000e+06,2.653272750000000000e+06,2.730436750000000000e+06,2.799754750000000000e+06,2.826521250000000000e+06,2.788264000000000000e+06,2.700476250000000000e+06,2.491541000000000000e+06,1.830551250000000000e+06,7.596504375000000000e+05,1.238728515625000000e+05
2.667702000000000000e+06,2.672059250000000000e+06,2.683666250000000000e+06,2.700228000000000000e+06,2.719369500000000000e+06,2.738692750000000000e+06,2.755831750000000000e+06,2.768687000000000000e+06,2.777206250000000000e+06,2.782555750000000000e+06,2.791474500000000000e+06,2.801036750000000000e+06,2.810267500000000000e+06,2.819384500000000000e+06,2.828687250000000000e+06,2.838606250000000000e+06,2.857818250000000000e+06,2.886251000000000000e+06,2.916452250000000000e+06,2.948500500000000000e+06,2.982429000000000000e+06,3.017912000000000000e+06,3.082124250000000000e+06,3.149914500000000000e+06,3.215463000000000000e+06,3.276439250000000000e+06,3.329665250000000000e+06,3.414983500000000000e+06,3.503857000000000000e+06,3.564489250000000000e+06,3.585950750000000000e+06,3.557098750000000000e+06,3.700651000000000000e+06,3.782859750000000000e+06,3.699584750000000000e+06,3.418350750000000000e+06,3.023887000000000000e+06,2.587385250000000000e+06,1.752034625000000000e+06,5.848852500000000000e+05,2.404205664062500000e+04
6.101191000000000000e+06,6.099545000000000000e+06,6.090731000000000000e+06,6.068353000000000000e+06,6.025762500000000000e+06,5.956646000000000000e+06,5.855534500000000000e+06,5.718897500000000000e+06,5.551640000000000000e+06,5.363174000000000000e+06,5.162618500000000000e+06,4.958196000000000000e+06,4.878477500000000000e+06,4.829580000000000000e+06,4.771690000000000000e+06,4.707874000000000000e+06,4.642118500000000000e+06,4.578538500000000000e+06,4.520332500000000000e+06,4.469256000000000000e+06,4.426873000000000000e+06,4.394078000000000000e+06,4.371069500000000000e+06,4.369421000000000000e+06,4.454735500000000000e+06,4.556391000000000000e+06,4.671818000000000000e+06,4.797201500000000000e+06,4.927167000000000000e+06,5.051504000000000000e+06,5.157328000000000000e+06,5.229863000000000000e+06,5.252118500000000000e+06,5.186192000000000000e+06,4.966890500000000000e+06,4.560171500000000000e+06,4.006245750000000000e+06,3.259511250000000000e+06,2.046742125000000000e+06,6.524585000000000000e+05,5.509491015625000000e+04
3.258746750000000000e+06,3.236189250000000000e+06,3.178596750000000000e+06,3.087048250000000000e+06,2.964937000000000000e+06,2.816560750000000000e+06,2.647265000000000000e+06,2.463666500000000000e+06,2.275137250000000000e+06,2.094484000000000000e+06,1.940896125000000000e+06,1.805240875000000000e+06,1.688607500000000000e+06,1.589290375000000000e+06,1.505873500000000000e+06,1.436494750000000000e+06,1.393648250000000000e+06,1.362432625000000000e+06,1.335254875000000000e+06,1.309882375000000000e+06,1.283966625000000000e+06,1.255613250000000000e+06,1.223359375000000000e+06,1.216743000000000000e+06,1.224044375000000000e+06,1.217823500000000000e+06,1.197379750000000000e+06,1.162412250000000000e+06,1.112837375000000000e+06,1.048869500000000000e+06,9.710730625000000000e+05,8.807371250000000000e+05,8.023433125000000000e+05,7.162529375000000000e+05,6.186113125000000000e+05,5.109201250000000000e+05,3.997556250000000000e+05,2.882294062500000000e+05,1.679012343750000000e+05,5.574977734375000000e+04,7.271157226562500000e+03
4.405841250000000000e+05,4.410628750000000000e+05,4.423252812500000000e+05,4.440939687500000000e+05,4.460779687500000000e+05,4.479820937500000000e+05,4.495157187500000000e+05,4.504155000000000000e+05,4.508315000000000000e+05,4.650437187500000000e+05,4.783330625000000000e+05,4.905085312500000000e+05,5.014729375000000000e+05,5.111896562500000000e+05,5.196541562500000000e+05,5.269674375000000000e+05,5.333493750000000000e+05,5.390333750000000000e+05,5.442433125000000000e+05,5.491819375000000000e+05,5.540418750000000000e+05,5.589563750000000000e+05,5.674405625000000000e+05,5.817121875000000000e+05,5.971210000000000000e+05,6.136175000000000000e+05,6.310323750000000000e+05,6.490017500000000000e+05,6.669652500000000000e+05,6.836543750000000000e+05,6.974441875000000000e+05,7.064712500000000000e+05,7.085673750000000000e+05,6.986381875000000000e+05,6.677319375000000000e+05,6.113255000000000000e+05,5.356741250000000000e+05,4.347001562500000000e+05,2.683948125000000000e+05,7.727849218750000000e+04,4.557372070312500000e+03
5.613468000000000000e+06,5.611164500000000000e+06,5.603649000000000000e+06,5.589714500000000000e+06,5.567946500000000000e+06,5.576359500000000000e+06,5.699147500000000000e+06,5.816141000000000000e+06,5.923390000000000000e+06,6.019955500000000000e+06,6.105993000000000000e+06,6.182627000000000000e+06,6.250997000000000000e+06,6.312288500000000000e+06,6.368036500000000000e+06,6.420231000000000000e+06,6.471117500000000000e+06,6.559078000000000000e+06,6.729943000000000000e+06,6.911648500000000000e+06,7.104596500000000000e+06,7.309391500000000000e+06,7.526909500000000000e+06,7.758257000000000000e+06,8.004054500000000000e+06,8.264920500000000000e+06,8.541467000000000000e+06,8.834103000000000000e+06,9.141498000000000000e+06,9.453428000000000000e+06,9.756138000000000000e+06,1.003892400000000000e+07,1.029145200000000000e+07,1.043522900000000000e+07,1.029473100000000000e+07,9.782324000000000000e+06,9.036040000000000000e+06,7.822052500000000000e+06,4.917978500000000000e+06,1.184253500000000000e+06,6.051643554687500000e+03
1.998845000000000000e+06,1.989216500000000000e+06,1.961579500000000000e+06,1.917861250000000000e+06,1.860050750000000000e+06,1.790189000000000000e+06,1.710357500000000000e+06,1.622738625000000000e+06,1.530269500000000000e+06,1.436203125000000000e+06,1.343577250000000000e+06,1.255075625000000000e+06,1.172269250000000000e+06,1.101909375000000000e+06,1.058367875000000000e+06,1.020034125000000000e+06,9.872521875000000000e+05,9.603778750000000000e+05,9.395424375000000000e+05,9.245106250000000000e+05,9.150334375000000000e+05,9.107338125000000000e+05,9.110996875000000000e+05,9.155759375000000000e+05,9.234820000000000000e+05,9.340453750000000000e+05,9.463622500000000000e+05,9.593592500000000000e+05,9.838476250000000000e+05,1.015413937500000000e+06,1.045800375000000000e+06,1.072324625000000000e+06,1.091602750000000000e+06,1.097137875000000000e+06,1.078188375000000000e+06,1.026110125000000000e+06,9.392885000000000000e+05,8.055361250000000000e+05,5.806691875000000000e+05,2.848876562500000000e+05,7.876829687500000000e+04
4.516872500000000000e+06,4.520955000000000000e+06,4.531625000000000000e+06,4.546412000000000000e+06,4.574724500000000000e+06,4.623056000000000000e+06,4.671558000000000000e+06,4.716177500000000000e+06,4.753393500000000000e+06,4.780106000000000000e+06,4.793397000000000000e+06,4.790665500000000000e+06,4.770204000000000000e+06,4.730870000000000000e+06,4.709138000000000000e+06,4.795028000000000000e+06,4.844667500000000000e+06,4.857743500000000000e+06,4.834783500000000000e+06,4.777232000000000000e+06,4.686800500000000000e+06,4.565434000000000000e+06,4.415237500000000000e+06,4.238355000000000000e+06,4.036773500000000000e+06,3.812501250000000000e+06,3.567579500000000000e+06,3.319827500000000000e+06,3.098290750000000000e+06,2.859449750000000000e+06,2.603693500000000000e+06,2.332503500000000000e+06,2.048347375000000000e+06,1.752280625000000000e+06,1.443887750000000000e+06,1.130589000000000000e+06,8.334049375000000000e+05,5.602123750000000000e+05,2.895720625000000000e+05,6.940939062500000000e+04,2.233448974609375000e+03
4.995651875000000000e+05,4.964835937500000000e+05,4.877575937500000000e+05,4.741031875000000000e+05,4.562134687500000000e+05,4.348208750000000000e+05,4.107366562500000000e+05,3.858653750000000000e+05,3.616490312500000000e+05,3.374674062500000000e+05,3.144688437500000000e+05,2.937144375000000000e+05,2.780137187500000000e+05,2.651515000000000000e+05,2.543412187500000000e+05,2.455649531250000000e+05,2.385993281250000000e+05,2.351339843750000000e+05,2.342757031250000000e+05,2.339040156250000000e+05,2.337194062500000000e+05,2.334328281250000000e+05,2.327709687500000000e+05,2.314408437500000000e+05,2.308149843750000000e+05,2.372779218750000000e+05,2.416540156250000000e+05,2.436532812500000000e+05,2.429687656250000000e+05,2.392809843750000000e+05,2.322891406250000000e+05,2.217639531250000000e+05,2.075838750000000000e+05,1.927381562500000000e+05,1.775889843750000000e+05,1.586277812500000000e+05,1.361232343750000000e+05,1.101012578125000000e+05,7.903379687500000000e+04,4.438032421875000000e+04,1.791914257812500000e+04
4.418461500000000000e+06,4.392350500000000000e+06,4.318924500000000000e+06,4.205415500000000000e+06,4.059908250000000000e+06,3.895956500000000000e+06,3.714162750000000000e+06,3.522263000000000000e+06,3.329424250000000000e+06,3.145148500000000000e+06,2.978357750000000000e+06,2.836718750000000000e+06,2.731430250000000000e+06,2.653132500000000000e+06,2.596865000000000000e+06,2.560815000000000000e+06,2.542085500000000000e+06,2.537719750000000000e+06,2.551435000000000000e+06,2.588741250000000000e+06,2.630139500000000000e+06,2.672495000000000000e+06,2.712766750000000000e+06,2.747663500000000000e+06,2.776084750000000000e+06,2.835210500000000000e+06,2.877050000000000000e+06,2.896978750000000000e+06,2.890048000000000000e+06,2.850530250000000000e+06,2.817392500000000000e+06,2.876129500000000000e+06,2.862430250000000000e+06,2.762921750000000000e+06,2.561995250000000000e+06,2.255794750000000000e+06,1.968822000000000000e+06,1.612414125000000000e+06,1.111082625000000000e+06,4.930580625000000000e+05,9.184267187500000000e+04
2.038770875000000000e+06,2.045072625000000000e+06,2.061528500000000000e+06,2.084072125000000000e+06,2.111535250000000000e+06,2.142519500000000000e+06,2.166372250000000000e+06,2.178344500000000000e+06,2.195572000000000000e+06,2.195216250000000000e+06,2.173272500000000000e+06,2.152542750000000000e+06,2.115712500000000000e+06,2.056105625000000000e+06,1.978036750000000000e+06,1.897518750000000000e+06,1.822500000000000000e+06,1.735194875000000000e+06,1.640302125000000000e+06,1.541471375000000000e+06,1.441673750000000000e+06,1.342858500000000000e+06,1.246178750000000000e+06,1.157764625000000000e+06,1.106129625000000000e+06,1.050839375000000000e+06,9.924235625000000000e+05,9.310282500000000000e+05,8.667205625000000000e+05,7.994881250000000000e+05,7.293415625000000000e+05,6.563585000000000000e+05,5.807991875000000000e+05,5.129011250000000000e+05,4.504361250000000000e+05,3.856706250000000000e+05,3.177679062500000000e+05,2.475689062500000000e+05,1.778600156250000000e+05,1.095006015625000000e+05,4.800660156250000000e+04
4.239395937500000000e+05,4.233445625000000000e+05,4.215540937500000000e+05,4.185532812500000000e+05,4.143234062500000000e+05,4.088475625000000000e+05,4.021159375000000000e+05,3.941426562500000000e+05,3.850849687500000000e+05,3.751820312500000000e+05,3.648534375000000000e+05,3.563107187500000000e+05,3.474861875000000000e+05,3.385365625000000000e+05,3.296221875000000000e+05,3.208880000000000000e+05,3.124545937500000000e+05,3.044389375000000000e+05,2.969179375000000000e+05,2.899115625000000000e+05,2.834329375000000000e+05,2.774429375000000000e+05,2.718559062500000000e+05,2.720236875000000000e+05,2.759846875000000000e+05,2.795734062500000000e+05,2.825048750000000000e+05,2.843921250000000000e+05,2.847719687500000000e+05,2.829949375000000000e+05,2.783363437500000000e+05,2.701109062500000000e+05,2.577073593750000000e+05,2.476510156250000000e+05,2.322226250000000000e+05,2.096147343750000000e+05,1.812169062500000000e+05,1.459765000000000000e+05,9.487217968750000000e+04,3.506868359375000000e+04,5.626615722656250000e+03
4.241240312500000000e+05,4.241074375000000000e+05,4.236793125000000000e+05,4.222237500000000000e+05,4.191120625000000000e+05,4.154549687500000000e+05,4.093651562500000000e+05,3.999435937500000000e+05,3.876802187500000000e+05,3.735546875000000000e+05,3.584939375000000000e+05,3.433050000000000000e+05,3.306668437500000000e+05,3.186030937500000000e+05,3.069310312500000000e+05,2.958761875000000000e+05,2.856432812500000000e+05,2.764215312500000000e+05,2.683099062500000000e+05,2.644674062500000000e+05,2.617805781250000000e+05,2.598063125000000000e+05,2.584609375000000000e+05,2.576342187500000000e+05,2.571388593750000000e+05,2.567471093750000000e+05,2.641871250000000000e+05,2.758093125000000000e+05,2.860176875000000000e+05,2.941852812500000000e+05,2.995599375000000000e+05,3.012221562500000000e+05,2.981519375000000000e+05,2.902748750000000000e+05,2.859736562500000000e+05,2.750116875000000000e+05,2.548178437500000000e+05,2.231783281250000000e+05,1.790682812500000000e+05,1.214885546875000000e+05,5.696398828125000000e+04
7.336458593750000000e+04,7.328318750000000000e+04,7.302265625000000000e+04,7.255404687500000000e+04,7.184566406250000000e+04,7.094199218750000000e+04,7.011472656250000000e+04,6.896475781250000000e+04,6.751551562500000000e+04,6.582846875000000000e+04,6.396767968750000000e+04,6.199583203125000000e+04,5.995468359375000000e+04,5.838106250000000000e+04,5.707187109375000000e+04,5.571224609375000000e+04,5.434140234375000000e+04,5.299982421875000000e+04,5.172139453125000000e+04,5.052902343750000000e+04,5.101080078125000000e+04,5.230621875000000000e+04,5.353453515625000000e+04,5.473279296875000000e+04,5.592901953125000000e+04,5.714403906250000000e+04,5.838962109375000000e+04,5.966656640625000000e+04,6.096603515625000000e+04,6.359696093750000000e+04,6.687659375000000000e+04,7.041317187500000000e+04,7.408722656250000000e+04,7.770598437500000000e+04,8.098387500000000000e+04,8.333596875000000000e+04,8.348396093750000000e+04,8.009938281250000000e+04,7.250485937500000000e+04,5.874208984375000000e+04,3.452777343750000000e+04
5.486850625000000000e+05,5.478401250000000000e+05,5.453321875000000000e+05,5.411976250000000000e+05,5.354711875000000000e+05,5.281892500000000000e+05,5.193935000000000000e+05,5.102142187500000000e+05,5.010396562500000000e+05,4.909263750000000000e+05,4.801257500000000000e+05,4.688835000000000000e+05,4.574034687500000000e+05,4.458710625000000000e+05,4.344747500000000000e+05,4.233893125000000000e+05,4.127687187500000000e+05,4.027660000000000000e+05,3.935049687500000000e+05,3.850671250000000000e+05,3.775317500000000000e+05,3.709485000000000000e+05,3.738349375000000000e+05,3.807380937500000000e+05,3.884750000000000000e+05,3.970950937500000000e+05,4.066208750000000000e+05,4.170326875000000000e+05,4.282350000000000000e+05,4.398205312500000000e+05,4.512294375000000000e+05,4.618449062500000000e+05,4.726930937500000000e+05,4.930697500000000000e+05,5.073271875000000000e+05,5.108909062500000000e+05,5.037348125000000000e+05,4.730936875000000000e+05,3.661564687500000000e+05,1.783663750000000000e+05,4.425053125000000000e+04
7.601517000000000000e+06,7.628176000000000000e+06,7.701911500000000000e+06,7.813378500000000000e+06,8.034747000000000000e+06,8.477705000000000000e+06,8.957320000000000000e+06,9.449741000000000000e+06,9.942176000000000000e+06,1.042881100000000000e+07,1.090367800000000000e+07,1.136066300000000000e+07,1.179424100000000000e+07,1.219914400000000000e+07,1.257009800000000000e+07,1.307730800000000000e+07,1.363770300000000000e+07,1.418284900000000000e+07,1.471192000000000000e+07,1.522515900000000000e+07,1.572437100000000000e+07,1.621078900000000000e+07,1.668492800000000000e+07,1.714728200000000000e+07,1.759281000000000000e+07,1.801421400000000000e+07,1.839965400000000000e+07,1.873033400000000000e+07,1.898187600000000000e+07,1.911096400000000000e+07,1.906712600000000000e+07,1.879943400000000000e+07,1.825709400000000000e+07,1.733078400000000000e+07,1.584444400000000000e+07,1.376826900000000000e+07,1.135004400000000000e+07,8.566094000000000000e+06,4.782645500000000000e+06,1.112704875000000000e+06,1.311463574218750000e+04
2.076952968750000000e+05,2.073734531250000000e+05,2.064733437500000000e+05,2.050826250000000000e+05,2.032795156250000000e+05,2.011962812500000000e+05,2.000697656250000000e+05,1.988370468750000000e+05,1.975414843750000000e+05,1.962466718750000000e+05,1.950424062500000000e+05,1.940344843750000000e+05,1.932692656250000000e+05,1.956024375000000000e+05,1.979976406250000000e+05,2.004439218750000000e+05,2.028967031250000000e+05,2.053005781250000000e+05,2.075850937500000000e+05,2.096587656250000000e+05,2.184265000000000000e+05,2.283440468750000000e+05,2.372188593750000000e+05,2.449201718750000000e+05,2.513056093750000000e+05,2.562171093750000000e+05,2.594702343750000000e+05,2.608538437500000000e+05,2.601500468750000000e+05,2.571457968750000000e+05,2.534538125000000000e+05,2.517822500000000000e+05,2.476092343750000000e+05,2.406783125000000000e+05,2.311903750000000000e+05,2.183066875000000000e+05,1.988105625000000000e+05,1.724828281250000000e+05,1.480069218750000000e+05,1.256707890625000000e+05,7.668213281250000000e+04
9.196159000000000000e+06,9.207911000000000000e+06,9.238175000000000000e+06,9.278737000000000000e+06,9.320740000000000000e+06,9.355074000000000000e+06,9.372748000000000000e+06,9.365846000000000000e+06,9.333619000000000000e+06,9.279746000000000000e+06,9.208420000000000000e+06,9.123997000000000000e+06,9.028765000000000000e+06,8.924367000000000000e+06,8.813116000000000000e+06,8.697922000000000000e+06,8.582058000000000000e+06,8.469014000000000000e+06,8.468149000000000000e+06,8.525520000000000000e+06,8.603282000000000000e+06,8.702242000000000000e+06,8.822940000000000000e+06,8.965711000000000000e+06,9.129773000000000000e+06,9.313817000000000000e+06,9.515600000000000000e+06,9.731520000000000000e+06,9.955455000000000000e+06,1.017141200000000000e+07,1.035903000000000000e+07,1.049728500000000000e+07,1.056300400000000000e+07,1.047681200000000000e+07,1.008449500000000000e+07,9.313443000000000000e+06,8.281382500000000000e+06,6.842740500000000000e+06,4.187693500000000000e+06,1.082567500000000000e+06,2.294867968750000000e+04
6.902430625000000000e+05,6.897375625000000000e+05,6.879056875000000000e+05,6.841468125000000000e+05,6.777919375000000000e+05,6.682151875000000000e+05,6.596293125000000000e+05,6.495085625000000000e+05,6.351978125000000000e+05,6.175752500000000000e+05,5.976739375000000000e+05,5.871755000000000000e+05,5.754807500000000000e+05,5.620961250000000000e+05,5.476875000000000000e+05,5.328806250000000000e+05,5.371921875000000000e+05,5.487684375000000000e+05,5.569003750000000000e+05,5.622231250000000000e+05,5.651784375000000000e+05,5.660195000000000000e+05,5.648301250000000000e+05,5.615686875000000000e+05,5.560708750000000000e+05,5.512450000000000000e+05,5.519721250000000000e+05,5.502333750000000000e+05,5.454900625000000000e+05,5.372250625000000000e+05,5.249107500000000000e+05,5.077890937500000000e+05,4.849695625000000000e+05,4.562227187500000000e+05,4.221912187500000000e+05,3.819940312500000000e+05,3.317351562500000000e+05,2.727890937500000000e+05,2.183492968750000000e+05,1.688654687500000000e+05,9.431231250000000000e+04
9.196159000000000000e+06,9.207911000000000000e+06,9.238175000000000000e+06,9.278737000000000000e+06,9.320740000000000000e+06,9.355074000000000000e+06,9.372748000000000000e+06,9.365846000000000000e+06,9.333619000000000000e+06,9.279746000000000000e+06,9.208420000000000000e+06,9.123997000000000000e+06,9.028765000000000000e+06,8.924367000000000000e+06,8.813116000000000000e+06,8.697922000000000000e+06,8.582058000000000000e+06,8.469014000000000000e+06,8.468149000000000000e+06,8.525520000000000000e+06,8.603282000000000000e+06,8.702242000000000000e+06,8.822940000000000000e+06,8.965711000000000000e+06,9.129773000000000000e+06,9.313817000000000000e+06,9.515600000000000000e+06,9.731520000000000000e+06,9.955455000000000000e+06,1.017141200000000000e+07,1.035903000000000000e+07,1.049728500000000000e+07,1.056300400000000000e+07,1.047681200000000000e+07,1.008449500000000000e+07,9.313443000000000000e+06,8.281382500000000000e+06,6.842740500000000000e+06,4.187693500000000000e+06,1.082567500000000000e+06,2.294867968750000000e+04
9.857379375000000000e+05,9.866150000000000000e+05,9.890570000000000000e+05,9.927520625000000000e+05,9.973627500000000000e+05,1.002540375000000000e+06,1.007937562500000000e+06,1.013232875000000000e+06,1.018269812500000000e+06,1.023004125000000000e+06,1.051673000000000000e+06,1.092710875000000000e+06,1.133288625000000000e+06,1.172682250000000000e+06,1.210179250000000000e+06,1.245131750000000000e+06,1.276952750000000000e+06,1.305037750000000000e+06,1.328773000000000000e+06,1.347531500000000000e+06,1.360665750000000000e+06,1.380205875000000000e+06,1.407954500000000000e+06,1.429842000000000000e+06,1.444555000000000000e+06,1.450788875000000000e+06,1.447244625000000000e+06,1.432653125000000000e+06,1.405836250000000000e+06,1.365729000000000000e+06,1.311427750000000000e+06,1.242015000000000000e+06,1.156760125000000000e+06,1.055828625000000000e+06,9.404405000000000000e+05,8.113292500000000000e+05,6.684463125000000000e+05,5.168220000000000000e+05,3.687769687500000000e+05,2.303086406250000000e+05,1.030168281250000000e+05
2.275915750000000000e+06,2.273553750000000000e+06,2.265221000000000000e+06,2.252694750000000000e+06,2.231469000000000000e+06,2.197974500000000000e+06,2.150095250000000000e+06,2.086787625000000000e+06,2.010762750000000000e+06,1.935644625000000000e+06,1.857865375000000000e+06,1.779318375000000000e+06,1.701921250000000000e+06,1.626569500000000000e+06,1.557874375000000000e+06,1.503395000000000000e+06,1.450662000000000000e+06,1.400108875000000000e+06,1.351730250000000000e+06,1.304951125000000000e+06,1.261660125000000000e+06,1.233637375000000000e+06,1.202643125000000000e+06,1.168008625000000000e+06,1.129082000000000000e+06,1.085214875000000000e+06,1.035863687500000000e+06,9.963556250000000000e+05,9.834898125000000000e+05,9.562505000000000000e+05,9.143462500000000000e+05,8.578368125000000000e+05,7.872943125000000000e+05,7.037983125000000000e+05,6.167183750000000000e+05,5.374973750000000000e+05,4.492165625000000000e+05,3.529674062500000000e+05,2.495485312500000000e+05,1.424467031250000000e+05,5.451430859375000000e+04
1.798680625000000000e+06,1.788005000000000000e+06,1.758123750000000000e+06,1.712312625000000000e+06,1.653882750000000000e+06,1.586138125000000000e+06,1.512336000000000000e+06,1.435658500000000000e+06,1.359261125000000000e+06,1.286156875000000000e+06,1.230707750000000000e+06,1.198528250000000000e+06,1.173382250000000000e+06,1.154758750000000000e+06,1.142241875000000000e+06,1.135127375000000000e+06,1.132228625000000000e+06,1.132274625000000000e+06,1.133908875000000000e+06,1.135663500000000000e+06,1.135976250000000000e+06,1.133427625000000000e+06,1.126743250000000000e+06,1.114656375000000000e+06,1.096119250000000000e+06,1.077358625000000000e+06,1.063034375000000000e+06,1.040875250000000000e+06,1.009807687500000000e+06,9.687322500000000000e+05,9.166529375000000000e+05,8.530811250000000000e+05,7.780206250000000000e+05,6.908949375000000000e+05,5.905028125000000000e+05,4.793572812500000000e+05,3.667546562500000000e+05,2.564213906250000000e+05,1.378238750000000000e+05,3.459895703125000000e+04,1.643078002929687500e+03
7.249379375000000000e+05,7.269759375000000000e+05,7.326070625000000000e+05,7.395772500000000000e+05,7.458417500000000000e+05,7.493887500000000000e+05,7.483258125000000000e+05,7.411185625000000000e+05,7.283315625000000000e+05,7.157549375000000000e+05,6.993026875000000000e+05,6.802463750000000000e+05,6.589526875000000000e+05,6.354305000000000000e+05,6.097783750000000000e+05,5.822980000000000000e+05,5.556787500000000000e+05,5.322622500000000000e+05,5.073757500000000000e+05,4.813320937500000000e+05,4.544371250000000000e+05,4.269702812500000000e+05,3.991789062500000000e+05,3.712876875000000000e+05,3.474387500000000000e+05,3.336925000000000000e+05,3.175184062500000000e+05,2.991897187500000000e+05,2.789753750000000000e+05,2.571301875000000000e+05,2.339129531250000000e+05,2.096007031250000000e+05,1.845080625000000000e+05,1.633382812500000000e+05,1.427922500000000000e+05,1.216646875000000000e+05,1.000615390625000000e+05,7.825262500000000000e+04,5.632284375000000000e+04,3.476190234375000000e+04,1.701268750000000000e+04
4.201030312500000000e+05,4.221628125000000000e+05,4.277077500000000000e+05,4.369584687500000000e+05,4.481096562500000000e+05,4.598171250000000000e+05,4.708916250000000000e+05,4.826568125000000000e+05,4.922934375000000000e+05,4.998128437500000000e+05,5.088363437500000000e+05,5.172726250000000000e+05,5.234962187500000000e+05,5.306088125000000000e+05,5.400258125000000000e+05,5.462423125000000000e+05,5.496738125000000000e+05,5.567961875000000000e+05,5.667433750000000000e+05,5.736944375000000000e+05,5.781276250000000000e+05,5.804442500000000000e+05,5.833583750000000000e+05,6.137290625000000000e+05,6.396925625000000000e+05,6.614493750000000000e+05,6.789463750000000000e+05,6.918033125000000000e+05,6.994275625000000000e+05,7.007085000000000000e+05,6.943208125000000000e+05,6.946653125000000000e+05,6.917226250000000000e+05,6.775866875000000000e+05,6.474090000000000000e+05,5.973876875000000000e+05,5.270461875000000000e+05,4.334536562500000000e+05,3.031806250000000000e+05,1.470594062500000000e+05,4.048552343750000000e+04
2.781432750000000000e+06,2.782120750000000000e+06,2.782764500000000000e+06,2.781082750000000000e+06,2.774706000000000000e+06,2.761303250000000000e+06,2.738698750000000000e+06,2.705195000000000000e+06,2.661704250000000000e+06,2.610605000000000000e+06,2.554248750000000000e+06,2.513955250000000000e+06,2.475697000000000000e+06,2.435162750000000000e+06,2.393045750000000000e+06,2.350240250000000000e+06,2.307787750000000000e+06,2.266755750000000000e+06,2.227959250000000000e+06,2.191835750000000000e+06,2.177479000000000000e+06,2.229614750000000000e+06,2.280610750000000000e+06,2.330689000000000000e+06,2.379370750000000000e+06,2.425765000000000000e+06,2.468329750000000000e+06,2.504638000000000000e+06,2.531414500000000000e+06,2.542859750000000000e+06,2.535482000000000000e+06,2.565229500000000000e+06,2.568691000000000000e+06,2.526716000000000000e+06,2.406069500000000000e+06,2.190103500000000000e+06,1.903752000000000000e+06,1.526379875000000000e+06,9.135950000000000000e+05,2.318917968750000000e+05,4.213404785156250000e+03
5.670933203125000000e+04,5.672210937500000000e+04,5.675966406250000000e+04,5.681993750000000000e+04,5.689988671875000000e+04,5.699569921875000000e+04,5.710300390625000000e+04,5.724083593750000000e+04,5.756514453125000000e+04,5.790499609375000000e+04,5.825575000000000000e+04,5.861393750000000000e+04,5.897698437500000000e+04,5.934347265625000000e+04,5.971347656250000000e+04,6.045800781250000000e+04,6.136155078125000000e+04,6.226306250000000000e+04,6.316410156250000000e+04,6.406632421875000000e+04,6.497189062500000000e+04,6.625119531250000000e+04,6.815907031250000000e+04,7.004225781250000000e+04,7.189015625000000000e+04,7.368713281250000000e+04,7.540564062500000000e+04,7.700124218750000000e+04,8.173921875000000000e+04,8.723320312500000000e+04,9.226764843750000000e+04,9.658371093750000000e+04,9.984655468750000000e+04,1.015347734375000000e+05,1.008697265625000000e+05,1.013932031250000000e+05,9.940642968750000000e+04,9.302943750000000000e+04,7.901948437500000000e+04,5.529271484375000000e+04,2.776056054687500000e+04
7.211741500000000000e+06,7.181200500000000000e+06,7.092414500000000000e+06,6.949576000000000000e+06,6.756940000000000000e+06,6.519000000000000000e+06,6.240632000000000000e+06,5.927491500000000000e+06,5.602833000000000000e+06,5.397002000000000000e+06,5.171724500000000000e+06,4.934856000000000000e+06,4.691437000000000000e+06,4.445439500000000000e+06,4.201445000000000000e+06,3.963099250000000000e+06,3.732384000000000000e+06,3.511122000000000000e+06,3.300120250000000000e+06,3.098710250000000000e+06,2.906001750000000000e+06,2.756102250000000000e+06,2.627372500000000000e+06,2.499894250000000000e+06,2.371307250000000000e+06,2.239406000000000000e+06,2.102386000000000000e+06,1.959002500000000000e+06,1.808315625000000000e+06,1.649950125000000000e+06,1.483987000000000000e+06,1.311540250000000000e+06,1.134594000000000000e+06,9.547067500000000000e+05,7.729679375000000000e+05,5.943454375000000000e+05,4.301415625000000000e+05,2.846433750000000000e+05,1.477672031250000000e+05,3.972725781250000000e+04,3.389063476562500000e+03
1.277215375000000000e+06,1.274645250000000000e+06,1.266709875000000000e+06,1.252887750000000000e+06,1.232566750000000000e+06,1.208597750000000000e+06,1.185233375000000000e+06,1.153758875000000000e+06,1.114901375000000000e+06,1.070317125000000000e+06,1.021933125000000000e+06,9.866098125000000000e+05,9.501868125000000000e+05,9.118494375000000000e+05,8.731080625000000000e+05,8.352169375000000000e+05,7.990176875000000000e+05,7.766631250000000000e+05,7.751213750000000000e+05,7.711849375000000000e+05,7.655832500000000000e+05,7.586279375000000000e+05,7.502715000000000000e+05,7.402622500000000000e+05,7.281016250000000000e+05,7.131544375000000000e+05,6.947196875000000000e+05,6.720750000000000000e+05,6.445064375000000000e+05,6.251238750000000000e+05,6.002343750000000000e+05,5.689083125000000000e+05,5.304426250000000000e+05,4.838400312500000000e+05,4.277895312500000000e+05,3.626589687500000000e+05,2.922432187500000000e+05,2.182599687500000000e+05,1.350391093750000000e+05,5.331137890625000000e+04,1.152864843750000000e+04
1.919422625000000000e+06,1.916167875000000000e+06,1.905960000000000000e+06,1.888008250000000000e+06,1.861577000000000000e+06,1.842149250000000000e+06,1.812836750000000000e+06,1.772390125000000000e+06,1.721881000000000000e+06,1.663713125000000000e+06,1.600384125000000000e+06,1.534330750000000000e+06,1.467303375000000000e+06,1.400731125000000000e+06,1.343879750000000000e+06,1.326236375000000000e+06,1.306487875000000000e+06,1.286537125000000000e+06,1.267932750000000000e+06,1.251732125000000000e+06,1.238841375000000000e+06,1.229872125000000000e+06,1.225170375000000000e+06,1.224966000000000000e+06,1.229203875000000000e+06,1.237697250000000000e+06,1.250196375000000000e+06,1.278388625000000000e+06,1.326364125000000000e+06,1.381475875000000000e+06,1.442612250000000000e+06,1.509241500000000000e+06,1.581022375000000000e+06,1.648128750000000000e+06,1.685773375000000000e+06,1.677730125000000000e+06,1.636637125000000000e+06,1.514196500000000000e+06,1.076475000000000000e+06,3.756756875000000000e+05,3.288894140625000000e+04
1.187399250000000000e+06,1.191597250000000000e+06,1.202837750000000000e+06,1.219009500000000000e+06,1.237928500000000000e+06,1.257384125000000000e+06,1.278763500000000000e+06,1.297412375000000000e+06,1.311834000000000000e+06,1.322623375000000000e+06,1.330921500000000000e+06,1.345754875000000000e+06,1.357851625000000000e+06,1.366935875000000000e+06,1.372852125000000000e+06,1.383454625000000000e+06,1.399141250000000000e+06,1.411561375000000000e+06,1.421298750000000000e+06,1.428868875000000000e+06,1.442499625000000000e+06,1.470907125000000000e+06,1.496766625000000000e+06,1.520548750000000000e+06,1.542374000000000000e+06,1.562174875000000000e+06,1.585712250000000000e+06,1.688320750000000000e+06,1.783970875000000000e+06,1.869388250000000000e+06,1.940087750000000000e+06,1.990238125000000000e+06,2.012894750000000000e+06,1.996400125000000000e+06,2.002387500000000000e+06,1.947995125000000000e+06,1.825549000000000000e+06,1.601431125000000000e+06,1.161556250000000000e+06,5.252423750000000000e+05,1.021047500000000000e+05
2.605692343750000000e+05,2.592845312500000000e+05,2.557232031250000000e+05,2.503077187500000000e+05,2.434464062500000000e+05,2.355429687500000000e+05,2.270038125000000000e+05,2.184476875000000000e+05,2.104295468750000000e+05,2.029209218750000000e+05,1.963132500000000000e+05,1.909796562500000000e+05,1.869874531250000000e+05,1.851034531250000000e+05,1.846295937500000000e+05,1.851898593750000000e+05,1.866564375000000000e+05,1.888889531250000000e+05,1.923289843750000000e+05,1.975550937500000000e+05,2.030883906250000000e+05,2.088200156250000000e+05,2.146575000000000000e+05,2.204938281250000000e+05,2.274405156250000000e+05,2.365896718750000000e+05,2.453435156250000000e+05,2.534670156250000000e+05,2.606615156250000000e+05,2.664587500000000000e+05,2.760063125000000000e+05,2.950618125000000000e+05,3.100171875000000000e+05,3.188952500000000000e+05,3.189916562500000000e+05,3.075442812500000000e+05,2.958699375000000000e+05,2.734978125000000000e+05,2.297651093750000000e+05,1.579489062500000000e+05,7.069296875000000000e+04
3.178864648437500000e+04,3.177253515625000000e+04,3.171694335937500000e+04,3.160867187500000000e+04,3.143259960937500000e+04,3.117302539062500000e+04,3.081490820312500000e+04,3.034624804687500000e+04,2.977107421875000000e+04,2.910351562500000000e+04,2.854651367187500000e+04,2.798652343750000000e+04,2.735996679687500000e+04,2.667736718750000000e+04,2.595208398437500000e+04,2.519902929687500000e+04,2.474949609375000000e+04,2.433770312500000000e+04,2.389640234375000000e+04,2.344035937500000000e+04,2.298366796875000000e+04,2.253780273437500000e+04,2.245160351562500000e+04,2.311939062500000000e+04,2.372082812500000000e+04,2.427409375000000000e+04,2.479272070312500000e+04,2.528435937500000000e+04,2.575637890625000000e+04,2.622696093750000000e+04,2.671391992187500000e+04,2.777255468750000000e+04,2.913504296875000000e+04,3.070802343750000000e+04,3.285926953125000000e+04,3.556334765625000000e+04,3.749283203125000000e+04,3.852398437500000000e+04,4.469860156250000000e+04,5.994650781250000000e+04,5.465549609375000000e+04
5.158721500000000000e+06,5.165919500000000000e+06,5.184008500000000000e+06,5.207282500000000000e+06,5.229695000000000000e+06,5.260486500000000000e+06,5.311807000000000000e+06,5.344602500000000000e+06,5.355001000000000000e+06,5.341898000000000000e+06,5.305063500000000000e+06,5.280331500000000000e+06,5.271206500000000000e+06,5.232187000000000000e+06,5.165828000000000000e+06,5.075090500000000000e+06,4.963162000000000000e+06,4.832964500000000000e+06,4.686763500000000000e+06,4.526030000000000000e+06,4.490089000000000000e+06,4.430192500000000000e+06,4.341933000000000000e+06,4.226446500000000000e+06,4.084255000000000000e+06,3.915760500000000000e+06,3.721473000000000000e+06,3.502148000000000000e+06,3.258948500000000000e+06,2.993503000000000000e+06,2.708095250000000000e+06,2.432513250000000000e+06,2.177785000000000000e+06,1.908411000000000000e+06,1.624555250000000000e+06,1.329893500000000000e+06,1.035255875000000000e+06,7.480651250000000000e+05,4.610592500000000000e+05,1.990051406250000000e+05,4.911005078125000000e+04
6.235456875000000000e+05,6.253109375000000000e+05,6.299415625000000000e+05,6.363861875000000000e+05,6.435525000000000000e+05,6.503445625000000000e+05,6.571580625000000000e+05,6.623289375000000000e+05,6.649953750000000000e+05,6.657079375000000000e+05,6.650397500000000000e+05,6.665571875000000000e+05,6.687473750000000000e+05,6.700445000000000000e+05,6.704904375000000000e+05,6.702488125000000000e+05,6.767148125000000000e+05,6.829933750000000000e+05,6.888639375000000000e+05,6.945485625000000000e+05,7.002601875000000000e+05,7.151962500000000000e+05,7.330781875000000000e+05,7.508591875000000000e+05,7.686706875000000000e+05,7.865807500000000000e+05,8.045854375000000000e+05,8.525161875000000000e+05,9.177063750000000000e+05,9.816280625000000000e+05,1.042686312500000000e+06,1.099061375000000000e+06,1.148623375000000000e+06,1.182899000000000000e+06,1.220656125000000000e+06,1.239168250000000000e+06,1.229409625000000000e+06,1.155200500000000000e+06,8.537597500000000000e+05,3.318555625000000000e+05,3.858318750000000000e+04
1.983035000000000000e+06,1.985554375000000000e+06,1.990834750000000000e+06,1.996656750000000000e+06,2.007921375000000000e+06,2.011229875000000000e+06,2.002188500000000000e+06,1.977573750000000000e+06,1.938850000000000000e+06,1.908710000000000000e+06,1.870562875000000000e+06,1.827982000000000000e+06,1.782985625000000000e+06,1.736729125000000000e+06,1.694432250000000000e+06,1.673438375000000000e+06,1.652134250000000000e+06,1.632484500000000000e+06,1.615901250000000000e+06,1.603089875000000000e+06,1.594598500000000000e+06,1.590696250000000000e+06,1.628762875000000000e+06,1.700932375000000000e+06,1.775873375000000000e+06,1.853786000000000000e+06,1.934523375000000000e+06,2.017527750000000000e+06,2.101568250000000000e+06,2.183162250000000000e+06,2.257656750000000000e+06,2.343294500000000000e+06,2.471452500000000000e+06,2.584134750000000000e+06,2.639385250000000000e+06,2.606831000000000000e+06,2.500242750000000000e+06,2.248732250000000000e+06,1.522592375000000000e+06,4.496243437500000000e+05,1.326416699218750000e+04
2.684128125000000000e+05,2.684986562500000000e+05,2.686132500000000000e+05,2.685192187500000000e+05,2.684495312500000000e+05,2.701853750000000000e+05,2.710829375000000000e+05,2.707656250000000000e+05,2.691373750000000000e+05,2.662820000000000000e+05,2.623224062500000000e+05,2.574125781250000000e+05,2.577061718750000000e+05,2.620056875000000000e+05,2.644118125000000000e+05,2.651647812500000000e+05,2.646273437500000000e+05,2.631646562500000000e+05,2.611127187500000000e+05,2.587613593750000000e+05,2.563729218750000000e+05,2.541540781250000000e+05,2.522610312500000000e+05,2.508227343750000000e+05,2.539305781250000000e+05,2.579946250000000000e+05,2.630595625000000000e+05,2.691733125000000000e+05,2.763717500000000000e+05,2.845967812500000000e+05,2.937476250000000000e+05,3.035948125000000000e+05,3.137704062500000000e+05,3.232697500000000000e+05,3.301511875000000000e+05,3.320208750000000000e+05,3.259523437500000000e+05,3.060973750000000000e+05,2.588794375000000000e+05,1.779209375000000000e+05,8.356807812500000000e+04
5.309577734375000000e+04,5.322368750000000000e+04,5.356816015625000000e+04,5.406940625000000000e+04,5.482053906250000000e+04,5.567089062500000000e+04,5.650276953125000000e+04,5.724826562500000000e+04,5.790537890625000000e+04,5.851132421875000000e+04,5.910397265625000000e+04,5.971739843750000000e+04,6.061906250000000000e+04,6.172044531250000000e+04,6.281525000000000000e+04,6.388985546875000000e+04,6.493673437500000000e+04,6.594803125000000000e+04,6.691042187500000000e+04,6.804532031250000000e+04,6.976117968750000000e+04,7.134145312500000000e+04,7.275332812500000000e+04,7.396153906250000000e+04,7.492764062500000000e+04,7.561110156250000000e+04,7.597035937500000000e+04,7.986292187500000000e+04,8.319185937500000000e+04,8.587439843750000000e+04,8.782680468750000000e+04,8.887896875000000000e+04,8.879982812500000000e+04,8.760787500000000000e+04,8.795108593750000000e+04,8.921173437500000000e+04,8.805271875000000000e+04,8.411403906250000000e+04,8.563728125000000000e+04,9.607067187500000000e+04,7.681840625000000000e+04
4.224186500000000000e+06,4.235457500000000000e+06,4.266120000000000000e+06,4.311293000000000000e+06,4.365978500000000000e+06,4.425172000000000000e+06,4.483957000000000000e+06,4.537960000000000000e+06,4.586964500000000000e+06,4.680152000000000000e+06,4.785293500000000000e+06,4.893208500000000000e+06,5.003646000000000000e+06,5.115020000000000000e+06,5.225934000000000000e+06,5.335656000000000000e+06,5.588946000000000000e+06,5.963384500000000000e+06,6.331773000000000000e+06,6.692777000000000000e+06,7.044842500000000000e+06,7.386731000000000000e+06,7.717453500000000000e+06,8.035713000000000000e+06,8.339446000000000000e+06,8.719632000000000000e+06,9.216933000000000000e+06,9.725914000000000000e+06,1.023754500000000000e+07,1.073204600000000000e+07,1.118358900000000000e+07,1.156213900000000000e+07,1.183237900000000000e+07,1.190305200000000000e+07,1.160583500000000000e+07,1.084550800000000000e+07,9.715232000000000000e+06,8.065567000000000000e+06,5.093674000000000000e+06,1.537240000000000000e+06,8.978685937500000000e+04
5.822134500000000000e+06,5.831404000000000000e+06,5.863298000000000000e+06,5.910727000000000000e+06,5.968836000000000000e+06,6.032684000000000000e+06,6.097310000000000000e+06,6.158054500000000000e+06,6.213096500000000000e+06,6.262289500000000000e+06,6.305506000000000000e+06,6.342453000000000000e+06,6.406172000000000000e+06,6.504139500000000000e+06,6.587719000000000000e+06,6.653917000000000000e+06,6.700285500000000000e+06,6.724503500000000000e+06,6.724188500000000000e+06,6.696812500000000000e+06,6.846818000000000000e+06,7.043889500000000000e+06,7.182464000000000000e+06,7.257393500000000000e+06,7.263920500000000000e+06,7.197813500000000000e+06,7.055663000000000000e+06,6.835141500000000000e+06,6.535016500000000000e+06,6.204576500000000000e+06,5.902889000000000000e+06,5.522277500000000000e+06,5.061328500000000000e+06,4.515164500000000000e+06,3.875416250000000000e+06,3.158058000000000000e+06,2.422225500000000000e+06,1.692888500000000000e+06,9.118047500000000000e+05,2.363666250000000000e+05,9.705847656250000000e+03
3.180391000000000000e+06,3.190857500000000000e+06,3.219043500000000000e+06,3.259775000000000000e+06,3.317206500000000000e+06,3.379568250000000000e+06,3.438325250000000000e+06,3.487361000000000000e+06,3.547715500000000000e+06,3.594100500000000000e+06,3.616109250000000000e+06,3.613707000000000000e+06,3.627771500000000000e+06,3.613137750000000000e+06,3.574605500000000000e+06,3.517432750000000000e+06,3.447228000000000000e+06,3.376976250000000000e+06,3.332478500000000000e+06,3.283115750000000000e+06,3.233366750000000000e+06,3.186410750000000000e+06,3.144372250000000000e+06,3.108985000000000000e+06,3.080891750000000000e+06,3.060336000000000000e+06,3.047098500000000000e+06,3.164571750000000000e+06,3.298743000000000000e+06,3.435765250000000000e+06,3.569906750000000000e+06,3.694137750000000000e+06,3.799884500000000000e+06,3.859293000000000000e+06,3.853626250000000000e+06,3.858350250000000000e+06,3.774860500000000000e+06,3.497087000000000000e+06,2.568750500000000000e+06,9.830133750000000000e+05,8.867189062500000000e+04
5.175285000000000000e+05,5.182785000000000000e+05,5.203186250000000000e+05,5.233260312500000000e+05,5.269688125000000000e+05,5.309080625000000000e+05,5.348011875000000000e+05,5.383202500000000000e+05,5.413003125000000000e+05,5.436746250000000000e+05,5.453795625000000000e+05,5.463488750000000000e+05,5.465276875000000000e+05,5.492819375000000000e+05,5.508394375000000000e+05,5.510608125000000000e+05,5.498350625000000000e+05,5.470547500000000000e+05,5.426092500000000000e+05,5.363820625000000000e+05,5.282608125000000000e+05,5.226333750000000000e+05,5.164157187500000000e+05,5.075317500000000000e+05,4.958500625000000000e+05,4.812590625000000000e+05,4.636729375000000000e+05,4.430404062500000000e+05,4.230598437500000000e+05,4.173129062500000000e+05,4.054574375000000000e+05,3.872775312500000000e+05,3.626881875000000000e+05,3.320215000000000000e+05,2.960271250000000000e+05,2.613214531250000000e+05,2.275220468750000000e+05,1.888626250000000000e+05,1.499501718750000000e+05,1.106868125000000000e+05,6.011428125000000000e+04
3.719830500000000000e+06,3.719086000000000000e+06,3.716241250000000000e+06,3.710321750000000000e+06,3.700296750000000000e+06,3.685104000000000000e+06,3.670023000000000000e+06,3.650245000000000000e+06,3.623277750000000000e+06,3.589046000000000000e+06,3.547494250000000000e+06,3.498560000000000000e+06,3.441999250000000000e+06,3.377516000000000000e+06,3.304887250000000000e+06,3.224000500000000000e+06,3.146777500000000000e+06,3.070422000000000000e+06,2.984312000000000000e+06,2.888417250000000000e+06,2.782808750000000000e+06,2.667660000000000000e+06,2.543251250000000000e+06,2.414312500000000000e+06,2.304850750000000000e+06,2.182776250000000000e+06,2.048753625000000000e+06,1.903688500000000000e+06,1.748722000000000000e+06,1.585193500000000000e+06,1.475430500000000000e+06,1.370401875000000000e+06,1.240615750000000000e+06,1.089372625000000000e+06,9.201031250000000000e+05,7.390331250000000000e+05,5.893566250000000000e+05,4.400913437500000000e+05,2.815205937500000000e+05,1.225496875000000000e+05,2.715752734375000000e+04
2.497762968750000000e+05,2.496421406250000000e+05,2.492142031250000000e+05,2.484289375000000000e+05,2.475639687500000000e+05,2.464817812500000000e+05,2.448418906250000000e+05,2.425739218750000000e+05,2.397269375000000000e+05,2.366365468750000000e+05,2.346357812500000000e+05,2.323914375000000000e+05,2.299824218750000000e+05,2.274418906250000000e+05,2.253522812500000000e+05,2.248942812500000000e+05,2.240735781250000000e+05,2.228771562500000000e+05,2.212657343750000000e+05,2.191667812500000000e+05,2.170900625000000000e+05,2.166880156250000000e+05,2.152322343750000000e+05,2.126334375000000000e+05,2.088026093750000000e+05,2.036521875000000000e+05,1.971047343750000000e+05,1.891029375000000000e+05,1.883015312500000000e+05,1.854481093750000000e+05,1.796834843750000000e+05,1.709201875000000000e+05,1.591716093750000000e+05,1.444934687500000000e+05,1.269603125000000000e+05,1.116181250000000000e+05,9.495959375000000000e+04,7.652092968750000000e+04,5.514084765625000000e+04,3.148593164062500000e+04,1.344023535156250000e+04
1.424829843750000000e+05,1.423940000000000000e+05,1.421084218750000000e+05,1.415879218750000000e+05,1.407876875000000000e+05,1.396646250000000000e+05,1.381839218750000000e+05,1.363317500000000000e+05,1.341896718750000000e+05,1.318937031250000000e+05,1.295826562500000000e+05,1.273840078125000000e+05,1.253140937500000000e+05,1.233361718750000000e+05,1.214173984375000000e+05,1.195186875000000000e+05,1.175891015625000000e+05,1.155770234375000000e+05,1.134307890625000000e+05,1.119150859375000000e+05,1.110188203125000000e+05,1.099091406250000000e+05,1.085368593750000000e+05,1.068543671875000000e+05,1.048285000000000000e+05,1.024318750000000000e+05,9.964180468750000000e+04,9.644228125000000000e+04,9.282427343750000000e+04,8.879945312500000000e+04,8.438433593750000000e+04,7.955594531250000000e+04,7.427205468750000000e+04,6.862185156250000000e+04,6.284803515625000000e+04,5.687097265625000000e+04,4.999544140625000000e+04,4.243866015625000000e+04,3.667316406250000000e+04,3.280446093750000000e+04,2.314214648437500000e+04
9.092001000000000000e+06,9.090855000000000000e+06,9.085567000000000000e+06,9.072604000000000000e+06,9.048096000000000000e+06,9.008539000000000000e+06,8.951323000000000000e+06,8.875763000000000000e+06,8.789524000000000000e+06,8.704932000000000000e+06,8.634453000000000000e+06,8.589499000000000000e+06,8.571274000000000000e+06,8.575959000000000000e+06,8.599890000000000000e+06,8.638572000000000000e+06,8.686114000000000000e+06,8.736194000000000000e+06,8.781764000000000000e+06,8.876250000000000000e+06,9.031327000000000000e+06,9.170745000000000000e+06,9.285101000000000000e+06,9.364214000000000000e+06,9.397720000000000000e+06,9.374905000000000000e+06,9.285000000000000000e+06,9.117633000000000000e+06,8.862698000000000000e+06,8.510058000000000000e+06,8.051167000000000000e+06,7.482397000000000000e+06,6.805264000000000000e+06,6.018584500000000000e+06,5.118941000000000000e+06,4.133581250000000000e+06,3.140163250000000000e+06,2.175896000000000000e+06,1.184737000000000000e+06,3.441409687500000000e+05,2.833517382812500000e+04
2.828366875000000000e+05,2.828234062500000000e+05,2.828087812500000000e+05,2.828295625000000000e+05,2.829216875000000000e+05,2.831205312500000000e+05,2.834613125000000000e+05,2.839799687500000000e+05,2.847170625000000000e+05,2.857167187500000000e+05,2.874268125000000000e+05,2.901274375000000000e+05,2.932745625000000000e+05,2.968663125000000000e+05,3.009017812500000000e+05,3.053750937500000000e+05,3.102725312500000000e+05,3.155797812500000000e+05,3.212817500000000000e+05,3.273620000000000000e+05,3.338034687500000000e+05,3.405939062500000000e+05,3.513773125000000000e+05,3.629416562500000000e+05,3.750120937500000000e+05,3.875692187500000000e+05,4.006067500000000000e+05,4.141406875000000000e+05,4.281249687500000000e+05,4.485010937500000000e+05,4.880564375000000000e+05,5.286980625000000000e+05,5.703504375000000000e+05,6.094731875000000000e+05,6.365553750000000000e+05,6.463666250000000000e+05,6.790729375000000000e+05,6.904094375000000000e+05,5.614141875000000000e+05,2.512388750000000000e+05,3.939107031250000000e+04
6.237280000000000000e+06,6.216114500000000000e+06,6.154727000000000000e+06,6.056144000000000000e+06,5.923312500000000000e+06,5.759220000000000000e+06,5.567002000000000000e+06,5.350227500000000000e+06,5.145268000000000000e+06,4.943100500000000000e+06,4.733389000000000000e+06,4.522412500000000000e+06,4.314717000000000000e+06,4.114074250000000000e+06,3.924384000000000000e+06,3.748646000000000000e+06,3.588588000000000000e+06,3.506107250000000000e+06,3.511895000000000000e+06,3.521957750000000000e+06,3.538416250000000000e+06,3.562773000000000000e+06,3.595848250000000000e+06,3.638037750000000000e+06,3.689063250000000000e+06,3.748140250000000000e+06,3.814101000000000000e+06,3.885401250000000000e+06,4.031015750000000000e+06,4.205787000000000000e+06,4.386937000000000000e+06,4.568107500000000000e+06,4.742204000000000000e+06,4.872935500000000000e+06,4.880000000000000000e+06,4.714511000000000000e+06,4.422055500000000000e+06,3.888402000000000000e+06,2.543956500000000000e+06,7.138281875000000000e+05,2.023834179687500000e+04
3.499977000000000000e+06,3.501733250000000000e+06,3.505128250000000000e+06,3.507162500000000000e+06,3.504726750000000000e+06,3.494765000000000000e+06,3.474417500000000000e+06,3.441441250000000000e+06,3.397067250000000000e+06,3.344489000000000000e+06,3.286875500000000000e+06,3.227132500000000000e+06,3.182500000000000000e+06,3.214071250000000000e+06,3.241689250000000000e+06,3.265504750000000000e+06,3.286108500000000000e+06,3.304153500000000000e+06,3.319798250000000000e+06,3.332404500000000000e+06,3.341193750000000000e+06,3.344932250000000000e+06,3.341918500000000000e+06,3.330212500000000000e+06,3.307206000000000000e+06,3.272091250000000000e+06,3.280481000000000000e+06,3.273153750000000000e+06,3.244981250000000000e+06,3.189763000000000000e+06,3.100944750000000000e+06,2.972610000000000000e+06,2.799660750000000000e+06,2.574794000000000000e+06,2.288519750000000000e+06,1.942824875000000000e+06,1.561486250000000000e+06,1.154622250000000000e+06,6.912602500000000000e+05,2.477545312500000000e+05,3.804865625000000000e+04
5.092180000000000000e+05,5.087088437500000000e+05,5.074760625000000000e+05,5.054240937500000000e+05,5.023534062500000000e+05,4.981127500000000000e+05,4.925483125000000000e+05,4.855292500000000000e+05,4.770686562500000000e+05,4.672875312500000000e+05,4.576634687500000000e+05,4.471614375000000000e+05,4.357900000000000000e+05,4.237776875000000000e+05,4.113861562500000000e+05,4.012700000000000000e+05,3.912238750000000000e+05,3.812620937500000000e+05,3.716269062500000000e+05,3.624991875000000000e+05,3.574081562500000000e+05,3.531025000000000000e+05,3.492612812500000000e+05,3.459531250000000000e+05,3.431410937500000000e+05,3.434315312500000000e+05,3.470028125000000000e+05,3.501889375000000000e+05,3.526586250000000000e+05,3.538468437500000000e+05,3.530629062500000000e+05,3.706362812500000000e+05,3.862369687500000000e+05,3.942251875000000000e+05,3.915894687500000000e+05,3.751222500000000000e+05,3.547842500000000000e+05,3.256440625000000000e+05,2.734401875000000000e+05,1.904896093750000000e+05,8.620627343750000000e+04
6.398451000000000000e+06,6.396448000000000000e+06,6.390547500000000000e+06,6.380860000000000000e+06,6.367443000000000000e+06,6.350316000000000000e+06,6.329476500000000000e+06,6.304971500000000000e+06,6.277472500000000000e+06,6.248036000000000000e+06,6.241359000000000000e+06,6.249425000000000000e+06,6.259870500000000000e+06,6.273214000000000000e+06,6.290064000000000000e+06,6.310971000000000000e+06,6.336361000000000000e+06,6.366716500000000000e+06,6.402274000000000000e+06,6.442853500000000000e+06,6.488228000000000000e+06,6.537565500000000000e+06,6.600637000000000000e+06,6.888062000000000000e+06,7.176862000000000000e+06,7.462404500000000000e+06,7.737912500000000000e+06,7.993632000000000000e+06,8.216958500000000000e+06,8.387590000000000000e+06,8.481221000000000000e+06,8.471248000000000000e+06,8.381633000000000000e+06,8.340994000000000000e+06,8.078723500000000000e+06,7.530147500000000000e+06,6.713260500000000000e+06,5.545555500000000000e+06,3.628949500000000000e+06,1.256934250000000000e+06,1.056940937500000000e+05
2.321310781250000000e+05,2.321590156250000000e+05,2.322019687500000000e+05,2.321737656250000000e+05,2.319747812500000000e+05,2.318513437500000000e+05,2.317848750000000000e+05,2.313495468750000000e+05,2.306895468750000000e+05,2.300693281250000000e+05,2.305611562500000000e+05,2.324905625000000000e+05,2.349992812500000000e+05,2.379971562500000000e+05,2.417510468750000000e+05,2.485518437500000000e+05,2.553737187500000000e+05,2.620647656250000000e+05,2.684437187500000000e+05,2.771008125000000000e+05,2.873445312500000000e+05,2.962616562500000000e+05,3.035945937500000000e+05,3.090704375000000000e+05,3.124258750000000000e+05,3.302580312500000000e+05,3.453740937500000000e+05,3.559252187500000000e+05,3.614201562500000000e+05,3.613753125000000000e+05,3.553624687500000000e+05,3.430572812500000000e+05,3.283610625000000000e+05,3.139755625000000000e+05,2.928936562500000000e+05,2.644678750000000000e+05,2.287774531250000000e+05,1.860158906250000000e+05,1.353355312500000000e+05,7.961675000000000000e+04,3.358868750000000000e+04
1.287375125000000000e+06,1.286077125000000000e+06,1.281840750000000000e+06,1.276736250000000000e+06,1.270909625000000000e+06,1.260982125000000000e+06,1.245939750000000000e+06,1.225021250000000000e+06,1.198656000000000000e+06,1.167954500000000000e+06,1.134055000000000000e+06,1.098053250000000000e+06,1.068248750000000000e+06,1.042869000000000000e+06,1.015909437500000000e+06,9.879959375000000000e+05,9.597837500000000000e+05,9.319370000000000000e+05,9.049777500000000000e+05,8.792094375000000000e+05,8.900163750000000000e+05,9.020860000000000000e+05,9.122182500000000000e+05,9.206861250000000000e+05,9.274508125000000000e+05,9.322755625000000000e+05,9.346580625000000000e+05,9.337665000000000000e+05,9.285553750000000000e+05,9.277359375000000000e+05,9.351861250000000000e+05,9.359585000000000000e+05,9.268930000000000000e+05,9.039416875000000000e+05,8.620805625000000000e+05,7.965044375000000000e+05,7.038567500000000000e+05,5.813886250000000000e+05,4.232594062500000000e+05,2.378081562500000000e+05,8.418468750000000000e+04
5.618642000000000000e+06,5.598441500000000000e+06,5.540173000000000000e+06,5.447237000000000000e+06,5.322955500000000000e+06,5.170651000000000000e+06,4.993716500000000000e+06,4.795815500000000000e+06,4.582316500000000000e+06,4.363889500000000000e+06,4.165735500000000000e+06,3.967876000000000000e+06,3.774630000000000000e+06,3.589620000000000000e+06,3.416435500000000000e+06,3.257728000000000000e+06,3.114908000000000000e+06,2.989710250000000000e+06,2.915297000000000000e+06,2.854571750000000000e+06,2.807854000000000000e+06,2.774960750000000000e+06,2.755243500000000000e+06,2.747901750000000000e+06,2.751647500000000000e+06,2.764946750000000000e+06,2.836723250000000000e+06,2.987998250000000000e+06,3.144160250000000000e+06,3.299572250000000000e+06,3.446282500000000000e+06,3.575293250000000000e+06,3.676256000000000000e+06,3.718094250000000000e+06,3.701573000000000000e+06,3.638551250000000000e+06,3.475983750000000000e+06,3.118884250000000000e+06,2.116210500000000000e+06,6.191319375000000000e+05,1.246489453125000000e+04
3.606142250000000000e+06,3.608720750000000000e+06,3.616040250000000000e+06,3.627460250000000000e+06,3.642320500000000000e+06,3.659944000000000000e+06,3.679641000000000000e+06,3.700722500000000000e+06,3.722601000000000000e+06,3.744743250000000000e+06,3.766605500000000000e+06,3.787604750000000000e+06,3.806901750000000000e+06,3.823518000000000000e+06,3.836460250000000000e+06,3.844633750000000000e+06,3.863023250000000000e+06,3.958853000000000000e+06,4.045739000000000000e+06,4.121133750000000000e+06,4.182347000000000000e+06,4.226491000000000000e+06,4.250502500000000000e+06,4.251230500000000000e+06,4.225330500000000000e+06,4.169464000000000000e+06,4.080421750000000000e+06,3.955246250000000000e+06,3.791337250000000000e+06,3.586157750000000000e+06,3.408338500000000000e+06,3.197735750000000000e+06,2.944440250000000000e+06,2.643948750000000000e+06,2.288821250000000000e+06,1.885123250000000000e+06,1.464630000000000000e+06,1.039112125000000000e+06,5.671836250000000000e+05,1.443428437500000000e+05,4.556302246093750000e+03
3.450907250000000000e+06,3.447179750000000000e+06,3.435698500000000000e+06,3.415825750000000000e+06,3.386826750000000000e+06,3.348041000000000000e+06,3.299015750000000000e+06,3.239824500000000000e+06,3.173155250000000000e+06,3.103137250000000000e+06,3.033860250000000000e+06,2.969110250000000000e+06,2.971317500000000000e+06,3.010343000000000000e+06,3.054091000000000000e+06,3.103267000000000000e+06,3.158413500000000000e+06,3.220080750000000000e+06,3.288393250000000000e+06,3.362756500000000000e+06,3.442369750000000000e+06,3.526159750000000000e+06,3.612741750000000000e+06,3.700409500000000000e+06,3.835326500000000000e+06,4.005308750000000000e+06,4.181096000000000000e+06,4.358187000000000000e+06,4.530332000000000000e+06,4.686344000000000000e+06,4.812213000000000000e+06,4.892432000000000000e+06,4.909731000000000000e+06,4.826474000000000000e+06,4.578808500000000000e+06,4.138706500000000000e+06,3.560701250000000000e+06,2.813608250000000000e+06,1.642644125000000000e+06,3.907055937500000000e+05,3.831588867187500000e+03
1.708876000000000000e+06,1.709296250000000000e+06,1.710335250000000000e+06,1.711571375000000000e+06,1.712499250000000000e+06,1.712570500000000000e+06,1.711231500000000000e+06,1.707992000000000000e+06,1.711765000000000000e+06,1.714196250000000000e+06,1.715199250000000000e+06,1.715050500000000000e+06,1.713874875000000000e+06,1.722596500000000000e+06,1.738266000000000000e+06,1.752228375000000000e+06,1.764555500000000000e+06,1.775358250000000000e+06,1.798648625000000000e+06,1.836696500000000000e+06,1.870416000000000000e+06,1.899330625000000000e+06,1.922710875000000000e+06,1.939655250000000000e+06,1.992877750000000000e+06,2.096067000000000000e+06,2.180910250000000000e+06,2.244304000000000000e+06,2.282710250000000000e+06,2.291780250000000000e+06,2.266937750000000000e+06,2.203882500000000000e+06,2.142097750000000000e+06,2.066306000000000000e+06,1.939949500000000000e+06,1.755035625000000000e+06,1.512729875000000000e+06,1.210770875000000000e+06,8.249960625000000000e+05,3.893437500000000000e+05,9.731728125000000000e+04
3.189292750000000000e+06,3.197480750000000000e+06,3.220426500000000000e+06,3.255687500000000000e+06,3.300802000000000000e+06,3.353292750000000000e+06,3.410671500000000000e+06,3.470521500000000000e+06,3.569014250000000000e+06,3.670219000000000000e+06,3.770042250000000000e+06,3.866767500000000000e+06,3.959421500000000000e+06,4.047421750000000000e+06,4.130228000000000000e+06,4.207811000000000000e+06,4.280805500000000000e+06,4.474301500000000000e+06,4.682105000000000000e+06,4.884514500000000000e+06,5.083355000000000000e+06,5.280223000000000000e+06,5.476478000000000000e+06,5.673285000000000000e+06,5.870600000000000000e+06,6.067804500000000000e+06,6.263185000000000000e+06,6.453439500000000000e+06,6.633274500000000000e+06,6.835910500000000000e+06,7.127794500000000000e+06,7.401801500000000000e+06,7.639471500000000000e+06,7.781821500000000000e+06,7.710328000000000000e+06,7.347269000000000000e+06,6.740789500000000000e+06,5.748353000000000000e+06,3.678336250000000000e+06,1.012828937500000000e+06,2.100671093750000000e+04
1.354598281250000000e+05,1.357941250000000000e+05,1.366884375000000000e+05,1.379678593750000000e+05,1.394464531250000000e+05,1.409334531250000000e+05,1.422393593750000000e+05,1.431910156250000000e+05,1.437246562500000000e+05,1.438467812500000000e+05,1.435763281250000000e+05,1.429407187500000000e+05,1.419497812500000000e+05,1.406092031250000000e+05,1.389346406250000000e+05,1.369545625000000000e+05,1.347065000000000000e+05,1.323914531250000000e+05,1.317357500000000000e+05,1.309230312500000000e+05,1.299357578125000000e+05,1.287507812500000000e+05,1.273400312500000000e+05,1.256742500000000000e+05,1.237145546875000000e+05,1.214188984375000000e+05,1.187394062500000000e+05,1.156201015625000000e+05,1.120073281250000000e+05,1.078566953125000000e+05,1.031264765625000000e+05,9.774242187500000000e+04,9.161800000000000000e+04,8.478529687500000000e+04,7.741586718750000000e+04,6.943022656250000000e+04,6.028261328125000000e+04,5.022916406250000000e+04,4.131405859375000000e+04,3.358877734375000000e+04,2.188643945312500000e+04
4.343835546875000000e+04,4.347259375000000000e+04,4.357208984375000000e+04,4.375136718750000000e+04,4.402394921875000000e+04,4.435537500000000000e+04,4.473674609375000000e+04,4.516016796875000000e+04,4.562469140625000000e+04,4.613416015625000000e+04,4.669375000000000000e+04,4.737075000000000000e+04,4.830294921875000000e+04,4.928865625000000000e+04,5.032283203125000000e+04,5.139948046875000000e+04,5.251033203125000000e+04,5.394366015625000000e+04,5.563532421875000000e+04,5.732058984375000000e+04,5.898225781250000000e+04,6.059979296875000000e+04,6.214896875000000000e+04,6.450385156250000000e+04,6.686631250000000000e+04,6.904268750000000000e+04,7.098003125000000000e+04,7.261136718750000000e+04,7.386425781250000000e+04,7.835385156250000000e+04,8.313701562500000000e+04,8.705525781250000000e+04,8.977240625000000000e+04,9.111151562500000000e+04,9.115060937500000000e+04,9.237769531250000000e+04,9.245237500000000000e+04,8.930087500000000000e+04,8.961734375000000000e+04,9.601384375000000000e+04,7.321795312500000000e+04
4.200373437500000000e+05,4.194790625000000000e+05,4.177880937500000000e+05,4.148543125000000000e+05,4.105106562500000000e+05,4.045960000000000000e+05,3.970058437500000000e+05,3.877361250000000000e+05,3.769816250000000000e+05,3.651185937500000000e+05,3.526483750000000000e+05,3.401531562500000000e+05,3.280919687500000000e+05,3.168250000000000000e+05,3.066864687500000000e+05,2.978909062500000000e+05,2.912995312500000000e+05,2.888555000000000000e+05,2.876667187500000000e+05,2.876471250000000000e+05,2.887056875000000000e+05,2.907182812500000000e+05,2.935281250000000000e+05,2.969658125000000000e+05,3.008097187500000000e+05,3.048091875000000000e+05,3.086627187500000000e+05,3.119976562500000000e+05,3.143702187500000000e+05,3.151267187500000000e+05,3.135236250000000000e+05,3.087971250000000000e+05,3.001667187500000000e+05,2.861980000000000000e+05,2.646899687500000000e+05,2.349871406250000000e+05,1.995672187500000000e+05,1.579454843750000000e+05,1.017031953125000000e+05,4.059597656250000000e+04,9.325686523437500000e+03
1.606177750000000000e+06,1.600892125000000000e+06,1.585438000000000000e+06,1.560336750000000000e+06,1.526084000000000000e+06,1.483241625000000000e+06,1.440798250000000000e+06,1.424404250000000000e+06,1.400400375000000000e+06,1.370696000000000000e+06,1.337529500000000000e+06,1.303260750000000000e+06,1.269196125000000000e+06,1.236201500000000000e+06,1.205305875000000000e+06,1.177356375000000000e+06,1.152811125000000000e+06,1.132060875000000000e+06,1.132617500000000000e+06,1.143833500000000000e+06,1.159388250000000000e+06,1.178402125000000000e+06,1.199813125000000000e+06,1.222403750000000000e+06,1.244735625000000000e+06,1.265192875000000000e+06,1.281948250000000000e+06,1.292947875000000000e+06,1.295926750000000000e+06,1.288118250000000000e+06,1.266617250000000000e+06,1.228607500000000000e+06,1.171514625000000000e+06,1.091753875000000000e+06,9.847271250000000000e+05,8.503788750000000000e+05,6.971785625000000000e+05,5.285837500000000000e+05,3.317840937500000000e+05,1.360114218750000000e+05,3.057840429687500000e+04
7.990741250000000000e+05,7.973361875000000000e+05,7.922620625000000000e+05,7.840562500000000000e+05,7.729179375000000000e+05,7.598021250000000000e+05,7.448673750000000000e+05,7.277167500000000000e+05,7.086712500000000000e+05,6.881493125000000000e+05,6.665751250000000000e+05,6.443713750000000000e+05,6.219167500000000000e+05,5.995682500000000000e+05,5.776816875000000000e+05,5.565683125000000000e+05,5.390961250000000000e+05,5.237427812500000000e+05,5.095774062500000000e+05,4.967419375000000000e+05,4.853752812500000000e+05,4.755667500000000000e+05,4.673614375000000000e+05,4.615337500000000000e+05,4.629320937500000000e+05,4.656933437500000000e+05,4.698355937500000000e+05,4.753550625000000000e+05,4.821713437500000000e+05,4.898656250000000000e+05,5.153263125000000000e+05,5.553000625000000000e+05,5.957427500000000000e+05,6.330863750000000000e+05,6.582438125000000000e+05,6.642556875000000000e+05,6.885287500000000000e+05,6.933900625000000000e+05,5.722385000000000000e+05,2.793036562500000000e+05,5.421864843750000000e+04
3.950212500000000000e+06,3.948729750000000000e+06,3.942447750000000000e+06,3.927917250000000000e+06,3.901372250000000000e+06,3.860785500000000000e+06,3.814788250000000000e+06,3.748528250000000000e+06,3.665814250000000000e+06,3.573679000000000000e+06,3.494597250000000000e+06,3.428607500000000000e+06,3.367439500000000000e+06,3.311992500000000000e+06,3.267519500000000000e+06,3.263051500000000000e+06,3.261418750000000000e+06,3.262628000000000000e+06,3.265848250000000000e+06,3.269151000000000000e+06,3.311302750000000000e+06,3.355995250000000000e+06,3.389007750000000000e+06,3.407463500000000000e+06,3.408259250000000000e+06,3.388108000000000000e+06,3.355338000000000000e+06,3.453068750000000000e+06,3.504685500000000000e+06,3.503673500000000000e+06,3.443667000000000000e+06,3.319513500000000000e+06,3.128016000000000000e+06,2.866032750000000000e+06,2.597114000000000000e+06,2.295430250000000000e+06,1.934364375000000000e+06,1.515237375000000000e+06,1.008087437500000000e+06,4.607593125000000000e+05,1.105405859375000000e+05
6.139803500000000000e+06,6.131466500000000000e+06,6.105484500000000000e+06,6.060149500000000000e+06,5.993621000000000000e+06,5.904160500000000000e+06,5.790336000000000000e+06,5.651524000000000000e+06,5.491069000000000000e+06,5.343390000000000000e+06,5.185256000000000000e+06,5.019738000000000000e+06,4.850431500000000000e+06,4.680317000000000000e+06,4.512495500000000000e+06,4.349817000000000000e+06,4.194678000000000000e+06,4.054826500000000000e+06,3.966002500000000000e+06,3.885005250000000000e+06,3.812859000000000000e+06,3.749807250000000000e+06,3.695358750000000000e+06,3.648722250000000000e+06,3.607857500000000000e+06,3.570186750000000000e+06,3.659264250000000000e+06,3.773957750000000000e+06,3.871792750000000000e+06,3.942491250000000000e+06,3.973483250000000000e+06,3.951688750000000000e+06,3.864003000000000000e+06,3.685635750000000000e+06,3.487191500000000000e+06,3.181137250000000000e+06,2.772276500000000000e+06,2.228933250000000000e+06,1.343502375000000000e+06,3.321167500000000000e+05,1.899694091796875000e+03
5.067759000000000000e+06,5.066369000000000000e+06,5.062730500000000000e+06,5.057430000000000000e+06,5.050862000000000000e+06,5.043337500000000000e+06,5.035177500000000000e+06,5.026743000000000000e+06,5.018042000000000000e+06,5.009004500000000000e+06,4.999829000000000000e+06,5.001242000000000000e+06,5.031523000000000000e+06,5.056755000000000000e+06,5.074517500000000000e+06,5.082345000000000000e+06,5.077634000000000000e+06,5.057722000000000000e+06,5.028753000000000000e+06,5.033082000000000000e+06,5.010360500000000000e+06,4.958826000000000000e+06,4.877176500000000000e+06,4.764290000000000000e+06,4.619487500000000000e+06,4.442433500000000000e+06,4.233220500000000000e+06,4.172188000000000000e+06,4.059614750000000000e+06,3.889179250000000000e+06,3.660324750000000000e+06,3.374734750000000000e+06,3.036821250000000000e+06,2.650772000000000000e+06,2.244977750000000000e+06,1.868426125000000000e+06,1.475446125000000000e+06,1.073426500000000000e+06,6.282219375000000000e+05,1.989606406250000000e+05,1.537013867187500000e+04
1.220024750000000000e+06,1.224481875000000000e+06,1.236435000000000000e+06,1.257330000000000000e+06,1.282048750000000000e+06,1.307282375000000000e+06,1.332025000000000000e+06,1.357675750000000000e+06,1.376044625000000000e+06,1.392427875000000000e+06,1.407470500000000000e+06,1.410914000000000000e+06,1.409764750000000000e+06,1.412716125000000000e+06,1.404411875000000000e+06,1.386827125000000000e+06,1.361825625000000000e+06,1.342147875000000000e+06,1.323876750000000000e+06,1.298711250000000000e+06,1.267833000000000000e+06,1.231940375000000000e+06,1.191357250000000000e+06,1.146270750000000000e+06,1.096678750000000000e+06,1.053318125000000000e+06,1.035201687500000000e+06,1.007067687500000000e+06,9.686532500000000000e+05,9.197938125000000000e+05,8.605068750000000000e+05,7.911421875000000000e+05,7.124850000000000000e+05,6.256043125000000000e+05,5.472246250000000000e+05,4.678079687500000000e+05,3.832880625000000000e+05,2.949971562500000000e+05,2.019758125000000000e+05,1.083466093750000000e+05,3.889854296875000000e+04
1.386596875000000000e+06,1.380397250000000000e+06,1.362047875000000000e+06,1.334646625000000000e+06,1.299757125000000000e+06,1.253352875000000000e+06,1.195677875000000000e+06,1.127971625000000000e+06,1.060469375000000000e+06,9.940341250000000000e+05,9.261192500000000000e+05,8.605911875000000000e+05,7.991799375000000000e+05,7.506735000000000000e+05,7.093069375000000000e+05,6.706335625000000000e+05,6.348245625000000000e+05,6.017848750000000000e+05,5.711652500000000000e+05,5.423871250000000000e+05,5.234775000000000000e+05,5.150606250000000000e+05,5.039177187500000000e+05,4.899547500000000000e+05,4.731010937500000000e+05,4.532833125000000000e+05,4.304727500000000000e+05,4.047425000000000000e+05,3.762165000000000000e+05,3.451069375000000000e+05,3.133119687500000000e+05,2.861969375000000000e+05,2.572426718750000000e+05,2.264559218750000000e+05,1.937619843750000000e+05,1.595589687500000000e+05,1.253132421875000000e+05,9.187500781250000000e+04,5.732196875000000000e+04,2.446857031250000000e+04,6.930645019531250000e+03
3.207981750000000000e+06,3.203690250000000000e+06,3.189313250000000000e+06,3.162300500000000000e+06,3.119998500000000000e+06,3.059989500000000000e+06,2.980372000000000000e+06,2.880287250000000000e+06,2.762816250000000000e+06,2.639053000000000000e+06,2.519661500000000000e+06,2.395358250000000000e+06,2.268957500000000000e+06,2.142458750000000000e+06,2.017910000000000000e+06,1.897043250000000000e+06,1.781073625000000000e+06,1.683870250000000000e+06,1.598155000000000000e+06,1.515576625000000000e+06,1.436197750000000000e+06,1.359742125000000000e+06,1.285644000000000000e+06,1.213275375000000000e+06,1.141856000000000000e+06,1.096061375000000000e+06,1.068184500000000000e+06,1.031748250000000000e+06,9.862395625000000000e+05,9.312357500000000000e+05,8.664585000000000000e+05,7.920832500000000000e+05,7.088241250000000000e+05,6.285348125000000000e+05,5.520590625000000000e+05,4.677008125000000000e+05,3.779156250000000000e+05,2.843106562500000000e+05,1.824469062500000000e+05,8.010633593750000000e+04,1.954105273437500000e+04
1.994641875000000000e+06,1.990583375000000000e+06,1.979261625000000000e+06,1.961914750000000000e+06,1.939740000000000000e+06,1.913911125000000000e+06,1.885595250000000000e+06,1.855985250000000000e+06,1.826485375000000000e+06,1.801517625000000000e+06,1.791721250000000000e+06,1.786729750000000000e+06,1.786995000000000000e+06,1.792512375000000000e+06,1.803346250000000000e+06,1.819371750000000000e+06,1.840151375000000000e+06,1.865222250000000000e+06,1.894067375000000000e+06,1.926077875000000000e+06,2.033646750000000000e+06,2.144752500000000000e+06,2.258097250000000000e+06,2.373200750000000000e+06,2.489613750000000000e+06,2.606821750000000000e+06,2.724297750000000000e+06,2.841564500000000000e+06,2.957532250000000000e+06,3.068454250000000000e+06,3.202155500000000000e+06,3.382643750000000000e+06,3.567538000000000000e+06,3.732523750000000000e+06,3.817335000000000000e+06,3.782653500000000000e+06,3.660773500000000000e+06,3.344783750000000000e+06,2.305176750000000000e+06,7.232340000000000000e+05,3.668239843750000000e+04
5.641410000000000000e+06,5.602344500000000000e+06,5.492513500000000000e+06,5.323106500000000000e+06,5.105564500000000000e+06,4.851617500000000000e+06,4.573221000000000000e+06,4.282504500000000000e+06,4.019717250000000000e+06,3.772425250000000000e+06,3.545666000000000000e+06,3.349568500000000000e+06,3.185790750000000000e+06,3.052203000000000000e+06,2.947023750000000000e+06,2.867546500000000000e+06,2.809626500000000000e+06,2.769152750000000000e+06,2.741962000000000000e+06,2.785938000000000000e+06,2.857675250000000000e+06,2.927452250000000000e+06,2.991748750000000000e+06,3.046594500000000000e+06,3.088066500000000000e+06,3.112063500000000000e+06,3.114347000000000000e+06,3.090737000000000000e+06,3.037029000000000000e+06,2.948853500000000000e+06,2.826461000000000000e+06,2.730295000000000000e+06,2.595205000000000000e+06,2.414326000000000000e+06,2.178752250000000000e+06,1.886612750000000000e+06,1.551451875000000000e+06,1.179228250000000000e+06,7.441611250000000000e+05,3.013180000000000000e+05,5.786360156250000000e+04
8.877235000000000000e+05,8.855978125000000000e+05,8.796863750000000000e+05,8.706763750000000000e+05,8.597320625000000000e+05,8.473509375000000000e+05,8.339531875000000000e+05,8.201460000000000000e+05,8.065519375000000000e+05,7.938111250000000000e+05,7.825785625000000000e+05,7.734766875000000000e+05,7.666794375000000000e+05,7.621435625000000000e+05,7.601325625000000000e+05,7.632155625000000000e+05,7.680128750000000000e+05,7.741573750000000000e+05,7.812081875000000000e+05,7.886117500000000000e+05,7.957697500000000000e+05,8.035833750000000000e+05,8.155066250000000000e+05,8.249920625000000000e+05,8.311547500000000000e+05,8.330487500000000000e+05,8.296691875000000000e+05,8.254378125000000000e+05,8.227266875000000000e+05,8.101501875000000000e+05,7.861508125000000000e+05,7.495416875000000000e+05,7.177042500000000000e+05,7.033429375000000000e+05,6.599576250000000000e+05,5.859761250000000000e+05,4.879627187500000000e+05,3.958040937500000000e+05,2.717923750000000000e+05,1.165064218750000000e+05,1.964310351562500000e+04
5.130725000000000000e+06,5.150449000000000000e+06,5.203911500000000000e+06,5.282367000000000000e+06,5.376871000000000000e+06,5.478347000000000000e+06,5.577686000000000000e+06,5.666382000000000000e+06,5.741594000000000000e+06,5.803873500000000000e+06,5.853865500000000000e+06,6.093286000000000000e+06,6.360859000000000000e+06,6.603726000000000000e+06,6.813880000000000000e+06,6.985833000000000000e+06,7.117352500000000000e+06,7.206664500000000000e+06,7.252263000000000000e+06,7.252886500000000000e+06,7.207579500000000000e+06,7.167263000000000000e+06,7.171216000000000000e+06,7.132654000000000000e+06,7.047825500000000000e+06,6.913384500000000000e+06,6.726381000000000000e+06,6.484265000000000000e+06,6.185094000000000000e+06,5.827068500000000000e+06,5.409448500000000000e+06,4.933944500000000000e+06,4.404948500000000000e+06,3.826126000000000000e+06,3.200254000000000000e+06,2.544461250000000000e+06,1.901486000000000000e+06,1.295697125000000000e+06,7.003136875000000000e+05,2.050511250000000000e+05,1.764472265625000000e+04
2.736778250000000000e+06,2.720151000000000000e+06,2.672489250000000000e+06,2.597162500000000000e+06,2.497750000000000000e+06,2.382335500000000000e+06,2.258581500000000000e+06,2.121937000000000000e+06,1.979057500000000000e+06,1.837447875000000000e+06,1.703769000000000000e+06,1.583389250000000000e+06,1.477516250000000000e+06,1.385549625000000000e+06,1.306991375000000000e+06,1.241232000000000000e+06,1.197736125000000000e+06,1.161857250000000000e+06,1.132019500000000000e+06,1.106347875000000000e+06,1.082950250000000000e+06,1.060131750000000000e+06,1.036365812500000000e+06,1.010172562500000000e+06,9.803836875000000000e+05,9.868792500000000000e+05,9.845703750000000000e+05,9.717830000000000000e+05,9.474192500000000000e+05,9.106100000000000000e+05,8.607607500000000000e+05,7.978927500000000000e+05,7.227180000000000000e+05,6.517206250000000000e+05,5.767804375000000000e+05,4.904563750000000000e+05,3.966251250000000000e+05,2.971433125000000000e+05,1.846416406250000000e+05,7.128567968750000000e+04,1.272372363281250000e+04
1.550133250000000000e+06,1.545986625000000000e+06,1.534006250000000000e+06,1.514788750000000000e+06,1.488880750000000000e+06,1.457436125000000000e+06,1.425798125000000000e+06,1.389396875000000000e+06,1.349468250000000000e+06,1.307710875000000000e+06,1.265939125000000000e+06,1.225956375000000000e+06,1.188807750000000000e+06,1.162833250000000000e+06,1.141116250000000000e+06,1.122893625000000000e+06,1.108136875000000000e+06,1.096734625000000000e+06,1.088322875000000000e+06,1.082184375000000000e+06,1.077520875000000000e+06,1.084485375000000000e+06,1.092196375000000000e+06,1.097867375000000000e+06,1.100200375000000000e+06,1.097787000000000000e+06,1.089145375000000000e+06,1.072757125000000000e+06,1.054072875000000000e+06,1.071287750000000000e+06,1.070706750000000000e+06,1.049344875000000000e+06,1.004845312500000000e+06,9.341773125000000000e+05,8.334428750000000000e+05,7.209849375000000000e+05,6.075516250000000000e+05,4.747248125000000000e+05,2.981072500000000000e+05,1.026589687500000000e+05,1.075570800781250000e+04
4.583060312500000000e+05,4.562538125000000000e+05,4.504434375000000000e+05,4.413819687500000000e+05,4.295679062500000000e+05,4.155008125000000000e+05,3.996881250000000000e+05,3.826565000000000000e+05,3.650272187500000000e+05,3.474681875000000000e+05,3.306346250000000000e+05,3.156460625000000000e+05,3.048475937500000000e+05,2.952330937500000000e+05,2.868590312500000000e+05,2.796883125000000000e+05,2.735466562500000000e+05,2.682483125000000000e+05,2.635714062500000000e+05,2.592386406250000000e+05,2.549609062500000000e+05,2.571954062500000000e+05,2.607982343750000000e+05,2.630246250000000000e+05,2.636152187500000000e+05,2.623026250000000000e+05,2.588287343750000000e+05,2.529685937500000000e+05,2.445140468750000000e+05,2.332766250000000000e+05,2.191228593750000000e+05,2.033570000000000000e+05,1.892162968750000000e+05,1.722967031250000000e+05,1.520572812500000000e+05,1.286615468750000000e+05,1.037696328125000000e+05,7.782783593750000000e+04,4.738150000000000000e+04,1.670296679687500000e+04,3.083071777343750000e+03
3.208848000000000000e+06,3.207325000000000000e+06,3.202855500000000000e+06,3.195503500000000000e+06,3.185240750000000000e+06,3.171972250000000000e+06,3.155559750000000000e+06,3.135865500000000000e+06,3.112971500000000000e+06,3.087145000000000000e+06,3.071036000000000000e+06,3.062197500000000000e+06,3.051274000000000000e+06,3.038554500000000000e+06,3.024481500000000000e+06,3.009584750000000000e+06,2.994429750000000000e+06,2.991416000000000000e+06,3.017529250000000000e+06,3.042940000000000000e+06,3.068334750000000000e+06,3.094331000000000000e+06,3.121448750000000000e+06,3.150114500000000000e+06,3.180345250000000000e+06,3.332814750000000000e+06,3.513964000000000000e+06,3.693295500000000000e+06,3.869258000000000000e+06,4.036250500000000000e+06,4.186396250000000000e+06,4.310846500000000000e+06,4.399475500000000000e+06,4.490131000000000000e+06,4.554297500000000000e+06,4.474149500000000000e+06,4.267470500000000000e+06,3.823431750000000000e+06,2.635437000000000000e+06,8.674380625000000000e+05,4.992883203125000000e+04
6.667738000000000000e+06,6.656354000000000000e+06,6.620220500000000000e+06,6.555889000000000000e+06,6.459792000000000000e+06,6.328817000000000000e+06,6.160773000000000000e+06,6.098501500000000000e+06,6.023482500000000000e+06,5.910595000000000000e+06,5.771066000000000000e+06,5.615570500000000000e+06,5.448804000000000000e+06,5.273113000000000000e+06,5.091639000000000000e+06,4.907777000000000000e+06,4.724526000000000000e+06,4.544602500000000000e+06,4.369384500000000000e+06,4.198428500000000000e+06,4.073573250000000000e+06,3.974027500000000000e+06,3.872994000000000000e+06,3.767488250000000000e+06,3.654228500000000000e+06,3.529844250000000000e+06,3.391125250000000000e+06,3.235145000000000000e+06,3.059195250000000000e+06,2.860772750000000000e+06,2.638026500000000000e+06,2.391212000000000000e+06,2.122403250000000000e+06,1.832060250000000000e+06,1.519333375000000000e+06,1.194478875000000000e+06,8.844189375000000000e+05,5.977189375000000000e+05,3.100637187500000000e+05,7.806873437500000000e+04,4.305361328125000000e+03
6.720400000000000000e+06,6.728468500000000000e+06,6.746909500000000000e+06,6.766605000000000000e+06,6.778095500000000000e+06,6.771950500000000000e+06,6.739138000000000000e+06,6.672019500000000000e+06,6.570496500000000000e+06,6.438865000000000000e+06,6.380939000000000000e+06,6.387180500000000000e+06,6.358796500000000000e+06,6.294338500000000000e+06,6.193414000000000000e+06,6.057970500000000000e+06,5.892230000000000000e+06,5.700626000000000000e+06,5.487129000000000000e+06,5.254977000000000000e+06,5.007257500000000000e+06,4.746636500000000000e+06,4.475368000000000000e+06,4.195491500000000000e+06,3.936236000000000000e+06,3.704284250000000000e+06,3.464342500000000000e+06,3.216294500000000000e+06,2.960111500000000000e+06,2.695702750000000000e+06,2.423269750000000000e+06,2.144025500000000000e+06,1.860116250000000000e+06,1.572920625000000000e+06,1.283029625000000000e+06,9.968323750000000000e+05,7.304583750000000000e+05,4.904592187500000000e+05,2.621751250000000000e+05,7.710119531250000000e+04,7.965530761718750000e+03
5.786624500000000000e+06,5.767930500000000000e+06,5.714119500000000000e+06,5.632608500000000000e+06,5.549809000000000000e+06,5.443657000000000000e+06,5.314682000000000000e+06,5.164391500000000000e+06,4.996266500000000000e+06,4.815495000000000000e+06,4.650284000000000000e+06,4.532255500000000000e+06,4.406856500000000000e+06,4.276440000000000000e+06,4.143366500000000000e+06,4.009159000000000000e+06,3.873995000000000000e+06,3.784788000000000000e+06,3.784452000000000000e+06,3.758319500000000000e+06,3.707847750000000000e+06,3.634158250000000000e+06,3.538186250000000000e+06,3.420523500000000000e+06,3.281839250000000000e+06,3.122806750000000000e+06,2.944240250000000000e+06,2.747297750000000000e+06,2.533356250000000000e+06,2.318670250000000000e+06,2.123591250000000000e+06,1.914829250000000000e+06,1.693937750000000000e+06,1.461527250000000000e+06,1.217146875000000000e+06,9.658775000000000000e+05,7.231384375000000000e+05,4.955431562500000000e+05,2.666867187500000000e+05,7.256907031250000000e+04,4.498707031250000000e+03
4.768242500000000000e+06,4.778336500000000000e+06,4.804439500000000000e+06,4.843177500000000000e+06,4.896965000000000000e+06,4.946794000000000000e+06,4.984953500000000000e+06,5.005517000000000000e+06,5.044114000000000000e+06,5.072468500000000000e+06,5.090764500000000000e+06,5.104823000000000000e+06,5.154505500000000000e+06,5.224569000000000000e+06,5.291608500000000000e+06,5.358227500000000000e+06,5.426993000000000000e+06,5.501997500000000000e+06,5.659027500000000000e+06,5.817805000000000000e+06,5.979449500000000000e+06,6.144403500000000000e+06,6.312520500000000000e+06,6.483162500000000000e+06,6.654444500000000000e+06,6.955632500000000000e+06,7.450125500000000000e+06,7.942389500000000000e+06,8.423297000000000000e+06,8.873239000000000000e+06,9.266305000000000000e+06,9.573193000000000000e+06,9.761213000000000000e+06,9.924704000000000000e+06,9.992509000000000000e+06,9.689541000000000000e+06,9.054703000000000000e+06,7.869784500000000000e+06,5.132920500000000000e+06,1.390021125000000000e+06,1.228921484375000000e+04
3.327608500000000000e+06,3.327982750000000000e+06,3.327923000000000000e+06,3.324989000000000000e+06,3.316463750000000000e+06,3.299985500000000000e+06,3.273994750000000000e+06,3.238103500000000000e+06,3.219223500000000000e+06,3.223651250000000000e+06,3.220645000000000000e+06,3.213874750000000000e+06,3.204974750000000000e+06,3.194148000000000000e+06,3.213463250000000000e+06,3.332694250000000000e+06,3.432079000000000000e+06,3.512777250000000000e+06,3.575222500000000000e+06,3.619242250000000000e+06,3.644219750000000000e+06,3.649175000000000000e+06,3.632908500000000000e+06,3.594070750000000000e+06,3.531116500000000000e+06,3.442539250000000000e+06,3.327001250000000000e+06,3.243884750000000000e+06,3.136704000000000000e+06,3.000845750000000000e+06,2.833710250000000000e+06,2.633759500000000000e+06,2.400589000000000000e+06,2.132752000000000000e+06,1.827679250000000000e+06,1.491451750000000000e+06,1.146801625000000000e+06,8.057739375000000000e+05,4.468510625000000000e+05,1.296120546875000000e+05,9.659866210937500000e+03
3.914555000000000000e+06,3.908072500000000000e+06,3.888914000000000000e+06,3.857498250000000000e+06,3.814232500000000000e+06,3.759524500000000000e+06,3.693795250000000000e+06,3.617550750000000000e+06,3.531970250000000000e+06,3.445755000000000000e+06,3.353841000000000000e+06,3.257149500000000000e+06,3.156779750000000000e+06,3.053705750000000000e+06,2.948891750000000000e+06,2.843121250000000000e+06,2.736943000000000000e+06,2.630887500000000000e+06,2.525261250000000000e+06,2.429245000000000000e+06,2.341008250000000000e+06,2.251460000000000000e+06,2.160112750000000000e+06,2.066475000000000000e+06,1.969858000000000000e+06,1.869560500000000000e+06,1.783410750000000000e+06,1.699094500000000000e+06,1.605010625000000000e+06,1.500446125000000000e+06,1.384927625000000000e+06,1.263811625000000000e+06,1.209438125000000000e+06,1.123766375000000000e+06,1.006967562500000000e+06,8.611291875000000000e+05,7.027006875000000000e+05,5.617093750000000000e+05,4.009131875000000000e+05,2.201086875000000000e+05,7.044080468750000000e+04
1.930498046875000000e+04,1.920356054687500000e+04,1.891644531250000000e+04,1.846959765625000000e+04,1.788905273437500000e+04,1.720068359375000000e+04,1.643004492187500000e+04,1.560270019531250000e+04,1.478602050781250000e+04,1.402104785156250000e+04,1.328413574218750000e+04,1.260189062500000000e+04,1.198778515625000000e+04,1.144919335937500000e+04,1.099394140625000000e+04,1.062555371093750000e+04,1.040331152343750000e+04,1.033069628906250000e+04,1.032939843750000000e+04,1.039642871093750000e+04,1.052850097656250000e+04,1.072218945312500000e+04,1.097372070312500000e+04,1.127919433593750000e+04,1.199676855468750000e+04,1.294478027343750000e+04,1.396441015625000000e+04,1.505891113281250000e+04,1.623334863281250000e+04,1.750796875000000000e+04,1.890742773437500000e+04,2.041062109375000000e+04,2.195542773437500000e+04,2.439931054687500000e+04,2.773735742187500000e+04,3.204287500000000000e+04,3.590464062500000000e+04,3.918652734375000000e+04,4.979779687500000000e+04,7.492804687500000000e+04,7.299126562500000000e+04
4.343586000000000000e+06,4.347413500000000000e+06,4.357798500000000000e+06,4.372852500000000000e+06,4.390440000000000000e+06,4.408273000000000000e+06,4.423999000000000000e+06,4.435336500000000000e+06,4.452838000000000000e+06,4.465375000000000000e+06,4.469680000000000000e+06,4.465007500000000000e+06,4.451267000000000000e+06,4.457266000000000000e+06,4.454975500000000000e+06,4.443268000000000000e+06,4.423734000000000000e+06,4.402839000000000000e+06,4.419663000000000000e+06,4.429893000000000000e+06,4.435855000000000000e+06,4.439766500000000000e+06,4.443691000000000000e+06,4.489617000000000000e+06,4.568509500000000000e+06,4.648264500000000000e+06,4.730690500000000000e+06,4.817527500000000000e+06,4.909460000000000000e+06,5.115167000000000000e+06,5.516997000000000000e+06,5.919324500000000000e+06,6.324868500000000000e+06,6.688188500000000000e+06,6.882151500000000000e+06,6.959275500000000000e+06,7.214603500000000000e+06,7.208919000000000000e+06,5.344590000000000000e+06,1.539668625000000000e+06,5.527473632812500000e+03
4.062451000000000000e+06,4.049536750000000000e+06,4.012525750000000000e+06,3.953941000000000000e+06,3.882478500000000000e+06,3.810724500000000000e+06,3.725769750000000000e+06,3.629404750000000000e+06,3.525607000000000000e+06,3.419574250000000000e+06,3.316539500000000000e+06,3.221440000000000000e+06,3.136761000000000000e+06,3.063752500000000000e+06,3.003653500000000000e+06,2.956931000000000000e+06,2.923012250000000000e+06,2.901264750000000000e+06,2.912074500000000000e+06,2.988849500000000000e+06,3.073614250000000000e+06,3.164977250000000000e+06,3.260984750000000000e+06,3.359221000000000000e+06,3.456393500000000000e+06,3.548554000000000000e+06,3.630856250000000000e+06,3.697370250000000000e+06,3.741094750000000000e+06,3.752263750000000000e+06,3.720111500000000000e+06,3.707443500000000000e+06,3.666049500000000000e+06,3.552722250000000000e+06,3.331256750000000000e+06,2.984774750000000000e+06,2.543119000000000000e+06,1.992736375000000000e+06,1.194320000000000000e+06,3.308475625000000000e+05,1.141371191406250000e+04
5.652340625000000000e+05,5.655571250000000000e+05,5.661242500000000000e+05,5.662766250000000000e+05,5.653144375000000000e+05,5.625376875000000000e+05,5.616760000000000000e+05,5.581591250000000000e+05,5.512790000000000000e+05,5.412812500000000000e+05,5.284761875000000000e+05,5.132091562500000000e+05,5.023734687500000000e+05,4.898962500000000000e+05,4.745434687500000000e+05,4.566950937500000000e+05,4.368423437500000000e+05,4.154794375000000000e+05,3.955966562500000000e+05,3.889185000000000000e+05,3.785905000000000000e+05,3.652412812500000000e+05,3.494362187500000000e+05,3.316728437500000000e+05,3.123434062500000000e+05,2.917745625000000000e+05,2.702370625000000000e+05,2.479525156250000000e+05,2.251154218750000000e+05,2.053168437500000000e+05,1.860877500000000000e+05,1.662956250000000000e+05,1.460678437500000000e+05,1.253751171875000000e+05,1.040235390625000000e+05,8.248064843750000000e+04,6.234283203125000000e+04,4.390267578125000000e+04,2.462021484375000000e+04,7.594620605468750000e+03,1.450675048828125000e+03
2.760944000000000000e+06,2.773155000000000000e+06,2.806605500000000000e+06,2.856501000000000000e+06,2.917982000000000000e+06,2.986094750000000000e+06,3.055785750000000000e+06,3.122173500000000000e+06,3.182992750000000000e+06,3.254318250000000000e+06,3.437968000000000000e+06,3.613581250000000000e+06,3.777286250000000000e+06,3.924047250000000000e+06,4.048812250000000000e+06,4.148123750000000000e+06,4.220700000000000000e+06,4.265609500000000000e+06,4.282280000000000000e+06,4.270552500000000000e+06,4.265139500000000000e+06,4.274472000000000000e+06,4.257606000000000000e+06,4.213570500000000000e+06,4.141489000000000000e+06,4.040773250000000000e+06,3.911011750000000000e+06,3.751891000000000000e+06,3.563412250000000000e+06,3.345671500000000000e+06,3.099227750000000000e+06,2.825377500000000000e+06,2.526399000000000000e+06,2.205114000000000000e+06,1.864835875000000000e+06,1.512626375000000000e+06,1.162698875000000000e+06,8.272976250000000000e+05,5.059855937500000000e+05,2.251630781250000000e+05,6.122573437500000000e+04
1.367613750000000000e+06,1.369980750000000000e+06,1.376866750000000000e+06,1.387952500000000000e+06,1.402921375000000000e+06,1.421459875000000000e+06,1.443256625000000000e+06,1.468001000000000000e+06,1.495367875000000000e+06,1.525021875000000000e+06,1.556627000000000000e+06,1.594855625000000000e+06,1.642162000000000000e+06,1.690607500000000000e+06,1.739628500000000000e+06,1.788651625000000000e+06,1.837087750000000000e+06,1.884315625000000000e+06,1.943467125000000000e+06,2.013187625000000000e+06,2.078983750000000000e+06,2.139655250000000000e+06,2.193815500000000000e+06,2.239919500000000000e+06,2.275988500000000000e+06,2.318559000000000000e+06,2.438069500000000000e+06,2.535672000000000000e+06,2.605975500000000000e+06,2.642023500000000000e+06,2.636309500000000000e+06,2.582131250000000000e+06,2.474061250000000000e+06,2.314521000000000000e+06,2.149625250000000000e+06,1.908550375000000000e+06,1.610604625000000000e+06,1.250800375000000000e+06,7.502323125000000000e+05,2.124023281250000000e+05,8.081012207031250000e+03
4.909034500000000000e+06,4.926315500000000000e+06,4.975306000000000000e+06,5.051727500000000000e+06,5.151292500000000000e+06,5.283274000000000000e+06,5.469412000000000000e+06,5.670112500000000000e+06,5.878996000000000000e+06,6.089463000000000000e+06,6.302728500000000000e+06,6.615004500000000000e+06,6.906715500000000000e+06,7.175438000000000000e+06,7.418847500000000000e+06,7.636169000000000000e+06,7.828661000000000000e+06,8.225613500000000000e+06,8.684346000000000000e+06,9.100223000000000000e+06,9.478390000000000000e+06,9.822450000000000000e+06,1.013437100000000000e+07,1.041521500000000000e+07,1.066168600000000000e+07,1.086845400000000000e+07,1.102693900000000000e+07,1.112418400000000000e+07,1.114456000000000000e+07,1.111939000000000000e+07,1.116113400000000000e+07,1.108282100000000000e+07,1.085151800000000000e+07,1.040960000000000000e+07,9.668916000000000000e+06,8.590915000000000000e+06,7.251872500000000000e+06,5.631818000000000000e+06,3.423722250000000000e+06,1.070697625000000000e+06,7.509930468750000000e+04
1.734302125000000000e+06,1.728769875000000000e+06,1.712382000000000000e+06,1.685418125000000000e+06,1.648166750000000000e+06,1.600986375000000000e+06,1.544356500000000000e+06,1.479010750000000000e+06,1.406816750000000000e+06,1.330215500000000000e+06,1.251543750000000000e+06,1.172917625000000000e+06,1.095687875000000000e+06,1.020820937500000000e+06,9.492166250000000000e+05,8.891442500000000000e+05,8.327813125000000000e+05,7.794980000000000000e+05,7.293686250000000000e+05,6.821813750000000000e+05,6.377125000000000000e+05,5.956464375000000000e+05,5.555944375000000000e+05,5.171855625000000000e+05,4.897526875000000000e+05,4.713989375000000000e+05,4.505481250000000000e+05,4.270928437500000000e+05,4.009503437500000000e+05,3.721190000000000000e+05,3.406609687500000000e+05,3.067908125000000000e+05,2.708916562500000000e+05,2.403143437500000000e+05,2.095166406250000000e+05,1.770168125000000000e+05,1.434407187500000000e+05,1.093495468750000000e+05,7.375029687500000000e+04,3.811175000000000000e+04,1.384784863281250000e+04
9.515810937500000000e+04,9.496895312500000000e+04,9.440595312500000000e+04,9.347538281250000000e+04,9.218342968750000000e+04,9.053670312500000000e+04,8.854281250000000000e+04,8.621279687500000000e+04,8.357942187500000000e+04,8.068825781250000000e+04,7.758534375000000000e+04,7.431647656250000000e+04,7.092470312500000000e+04,6.745139062500000000e+04,6.393707421875000000e+04,6.041860156250000000e+04,5.692802343750000000e+04,5.349550390625000000e+04,5.014515234375000000e+04,4.775131640625000000e+04,4.567510546875000000e+04,4.358241796875000000e+04,4.148307031250000000e+04,3.938578125000000000e+04,3.729396484375000000e+04,3.520915625000000000e+04,3.313058203125000000e+04,3.105458203125000000e+04,2.897743945312500000e+04,2.689435351562500000e+04,2.480081445312500000e+04,2.270655468750000000e+04,2.115013476562500000e+04,1.958489257812500000e+04,1.800275000000000000e+04,1.638244531250000000e+04,1.468030566406250000e+04,1.288863867187500000e+04,1.107644726562500000e+04,9.214748046875000000e+03,7.099063964843750000e+03
1.796807125000000000e+06,1.798654000000000000e+06,1.803354375000000000e+06,1.809372125000000000e+06,1.815019000000000000e+06,1.820294750000000000e+06,1.827795000000000000e+06,1.830857125000000000e+06,1.830280750000000000e+06,1.830253125000000000e+06,1.843954375000000000e+06,1.859842875000000000e+06,1.878610500000000000e+06,1.908251625000000000e+06,1.958555000000000000e+06,2.009459625000000000e+06,2.060940375000000000e+06,2.113228250000000000e+06,2.207249250000000000e+06,2.297809750000000000e+06,2.384183250000000000e+06,2.465525500000000000e+06,2.540886750000000000e+06,2.650008750000000000e+06,2.850126250000000000e+06,3.034262000000000000e+06,3.199121250000000000e+06,3.340234750000000000e+06,3.452000500000000000e+06,3.525672250000000000e+06,3.551198250000000000e+06,3.529430500000000000e+06,3.543833000000000000e+06,3.486095000000000000e+06,3.316744500000000000e+06,3.014381750000000000e+06,2.604795750000000000e+06,2.068716375000000000e+06,1.251068125000000000e+06,3.410850625000000000e+05,9.214891601562500000e+03
1.883495625000000000e+05,1.877564843750000000e+05,1.860729843750000000e+05,1.834328281250000000e+05,1.804335000000000000e+05,1.772453281250000000e+05,1.735404531250000000e+05,1.694011093750000000e+05,1.649464687500000000e+05,1.603323593750000000e+05,1.557411406250000000e+05,1.513674062500000000e+05,1.493775156250000000e+05,1.476484062500000000e+05,1.461828593750000000e+05,1.450544062500000000e+05,1.442933750000000000e+05,1.439200625000000000e+05,1.439357187500000000e+05,1.461964375000000000e+05,1.523222812500000000e+05,1.584343437500000000e+05,1.645627656250000000e+05,1.707138593750000000e+05,1.768634531250000000e+05,1.829634531250000000e+05,1.889272031250000000e+05,1.946204375000000000e+05,1.998444531250000000e+05,2.041933593750000000e+05,2.071672031250000000e+05,2.119447656250000000e+05,2.165299531250000000e+05,2.181657500000000000e+05,2.138652187500000000e+05,2.018840000000000000e+05,1.839742656250000000e+05,1.570187500000000000e+05,1.036399375000000000e+05,3.428788671875000000e+04,3.821163330078125000e+03
7.245796500000000000e+06,7.210719500000000000e+06,7.112075000000000000e+06,6.959807500000000000e+06,6.763890500000000000e+06,6.534267000000000000e+06,6.280796500000000000e+06,6.013317000000000000e+06,5.742721500000000000e+06,5.480192000000000000e+06,5.236345500000000000e+06,5.020555500000000000e+06,4.835664500000000000e+06,4.715171500000000000e+06,4.629597500000000000e+06,4.571790500000000000e+06,4.539081000000000000e+06,4.528775500000000000e+06,4.537697500000000000e+06,4.561819000000000000e+06,4.596879000000000000e+06,4.638500500000000000e+06,4.682132000000000000e+06,4.744202500000000000e+06,4.954484000000000000e+06,5.152039500000000000e+06,5.328805500000000000e+06,5.475104000000000000e+06,5.579643500000000000e+06,5.627835000000000000e+06,5.603653000000000000e+06,5.491542000000000000e+06,5.277462500000000000e+06,5.066770500000000000e+06,4.761857500000000000e+06,4.298186500000000000e+06,3.695076750000000000e+06,2.935247000000000000e+06,1.875834750000000000e+06,6.719515625000000000e+05,7.224000781250000000e+04
5.375846484375000000e+04,5.366495703125000000e+04,5.340417578125000000e+04,5.308094921875000000e+04,5.270193750000000000e+04,5.225656250000000000e+04,5.176192578125000000e+04,5.123645312500000000e+04,5.070211328125000000e+04,5.018530468750000000e+04,4.971691796875000000e+04,4.961144531250000000e+04,4.977183203125000000e+04,4.999875000000000000e+04,5.029021875000000000e+04,5.063897656250000000e+04,5.102815234375000000e+04,5.204359765625000000e+04,5.323015234375000000e+04,5.434942578125000000e+04,5.537561328125000000e+04,5.628450390625000000e+04,5.705339062500000000e+04,5.765848828125000000e+04,6.065167187500000000e+04,6.354568359375000000e+04,6.609515625000000000e+04,6.826977343750000000e+04,7.004263281250000000e+04,7.141544531250000000e+04,7.239312500000000000e+04,7.288134375000000000e+04,7.349025000000000000e+04,7.542345312500000000e+04,7.802975781250000000e+04,8.115401562500000000e+04,8.212086718750000000e+04,8.066991406250000000e+04,8.797127343750000000e+04,1.105616640625000000e+05,9.411516406250000000e+04
2.814289375000000000e+05,2.818297187500000000e+05,2.828659687500000000e+05,2.842600937500000000e+05,2.857166562500000000e+05,2.869337187500000000e+05,2.876147187500000000e+05,2.874888750000000000e+05,2.864124687500000000e+05,2.859055000000000000e+05,2.843691562500000000e+05,2.816421250000000000e+05,2.778020312500000000e+05,2.729772500000000000e+05,2.676568437500000000e+05,2.634609687500000000e+05,2.584322812500000000e+05,2.527434843750000000e+05,2.465315781250000000e+05,2.398861562500000000e+05,2.328804375000000000e+05,2.255433593750000000e+05,2.203841562500000000e+05,2.149064375000000000e+05,2.087497812500000000e+05,2.018538125000000000e+05,1.941477500000000000e+05,1.855516562500000000e+05,1.759953906250000000e+05,1.718980156250000000e+05,1.685323125000000000e+05,1.625991250000000000e+05,1.539609687500000000e+05,1.426209375000000000e+05,1.287204218750000000e+05,1.143071015625000000e+05,1.010833203125000000e+05,8.555647656250000000e+04,6.906192968750000000e+04,5.135357812500000000e+04,2.913393554687500000e+04
4.160281250000000000e+06,4.152090250000000000e+06,4.127471750000000000e+06,4.086128000000000000e+06,4.027571750000000000e+06,3.951268500000000000e+06,3.856769500000000000e+06,3.743976000000000000e+06,3.614606250000000000e+06,3.471533000000000000e+06,3.317837500000000000e+06,3.156673750000000000e+06,2.990563000000000000e+06,2.821782000000000000e+06,2.652705750000000000e+06,2.570731250000000000e+06,2.487879250000000000e+06,2.395711000000000000e+06,2.296212250000000000e+06,2.190960750000000000e+06,2.081470375000000000e+06,1.968947125000000000e+06,1.854261250000000000e+06,1.738136125000000000e+06,1.621031000000000000e+06,1.504802375000000000e+06,1.417157625000000000e+06,1.327624500000000000e+06,1.235542125000000000e+06,1.140421375000000000e+06,1.041900375000000000e+06,9.398043750000000000e+05,8.342130625000000000e+05,7.255970000000000000e+05,6.147836250000000000e+05,5.029260000000000000e+05,3.922545625000000000e+05,2.859917812500000000e+05,1.859035468750000000e+05,9.644662500000000000e+04,3.489826171875000000e+04
2.317361500000000000e+06,2.318058750000000000e+06,2.319729250000000000e+06,2.321611750000000000e+06,2.322818750000000000e+06,2.322396000000000000e+06,2.319374750000000000e+06,2.312865000000000000e+06,2.302528250000000000e+06,2.288420250000000000e+06,2.283788250000000000e+06,2.275773250000000000e+06,2.264004250000000000e+06,2.248566500000000000e+06,2.229702500000000000e+06,2.224549500000000000e+06,2.221713000000000000e+06,2.214222250000000000e+06,2.202283750000000000e+06,2.185878250000000000e+06,2.172075000000000000e+06,2.180097250000000000e+06,2.179269750000000000e+06,2.168984000000000000e+06,2.148199750000000000e+06,2.115670500000000000e+06,2.069950000000000000e+06,2.083254750000000000e+06,2.104344000000000000e+06,2.093301250000000000e+06,2.046226500000000000e+06,1.960277125000000000e+06,1.834031125000000000e+06,1.664321625000000000e+06,1.472965750000000000e+06,1.268883625000000000e+06,1.037232500000000000e+06,7.788233750000000000e+05,4.486873125000000000e+05,1.158535937500000000e+05,2.429637451171875000e+03
2.967617500000000000e+06,2.965981750000000000e+06,2.961082500000000000e+06,2.952824000000000000e+06,2.941005000000000000e+06,2.925366000000000000e+06,2.905633000000000000e+06,2.881593250000000000e+06,2.853493250000000000e+06,2.821925750000000000e+06,2.787619250000000000e+06,2.751419000000000000e+06,2.714100000000000000e+06,2.749199000000000000e+06,2.798142000000000000e+06,2.843587500000000000e+06,2.886199500000000000e+06,2.926771250000000000e+06,2.966149500000000000e+06,3.005137250000000000e+06,3.044503750000000000e+06,3.084868250000000000e+06,3.126673750000000000e+06,3.170195750000000000e+06,3.215172750000000000e+06,3.261050250000000000e+06,3.364762750000000000e+06,3.476337500000000000e+06,3.592754250000000000e+06,3.708351500000000000e+06,3.815652000000000000e+06,3.906384000000000000e+06,3.970874500000000000e+06,3.978876000000000000e+06,3.871441500000000000e+06,3.616754750000000000e+06,3.252926250000000000e+06,2.721139250000000000e+06,1.703723125000000000e+06,4.703677187500000000e+05,1.586416210937500000e+04
1.227093375000000000e+06,1.227518500000000000e+06,1.227786125000000000e+06,1.226047375000000000e+06,1.220321000000000000e+06,1.216155875000000000e+06,1.207581750000000000e+06,1.190168125000000000e+06,1.165908375000000000e+06,1.150956625000000000e+06,1.129297500000000000e+06,1.103441000000000000e+06,1.074988375000000000e+06,1.063888375000000000e+06,1.048907500000000000e+06,1.030341125000000000e+06,1.009067687500000000e+06,9.856551875000000000e+05,9.603297500000000000e+05,9.406058750000000000e+05,9.456847500000000000e+05,9.437685625000000000e+05,9.350775000000000000e+05,9.196886875000000000e+05,8.975624375000000000e+05,8.686331250000000000e+05,8.328784375000000000e+05,7.903775625000000000e+05,7.413142500000000000e+05,6.859983750000000000e+05,6.328766875000000000e+05,5.827515000000000000e+05,5.275858125000000000e+05,4.673432812500000000e+05,4.018630312500000000e+05,3.320147812500000000e+05,2.608862187500000000e+05,1.904524531250000000e+05,1.175863750000000000e+05,4.907048437500000000e+04,1.223092187500000000e+04
1.419278125000000000e+06,1.414833000000000000e+06,1.401698375000000000e+06,1.380182750000000000e+06,1.350631375000000000e+06,1.321779625000000000e+06,1.294885625000000000e+06,1.260538125000000000e+06,1.219733250000000000e+06,1.174282250000000000e+06,1.125972375000000000e+06,1.076458750000000000e+06,1.026757062500000000e+06,9.775908125000000000e+05,9.296891250000000000e+05,8.836240000000000000e+05,8.397437500000000000e+05,7.983567500000000000e+05,7.595653750000000000e+05,7.231980000000000000e+05,6.890617500000000000e+05,6.568478750000000000e+05,6.261498125000000000e+05,5.965606250000000000e+05,5.676261875000000000e+05,5.388921875000000000e+05,5.151436250000000000e+05,4.938326562500000000e+05,4.715983437500000000e+05,4.480220312500000000e+05,4.227034062500000000e+05,3.952049687500000000e+05,3.650988750000000000e+05,3.322907500000000000e+05,2.970869687500000000e+05,2.592764375000000000e+05,2.177425625000000000e+05,1.734976250000000000e+05,1.316560468750000000e+05,9.286782031250000000e+04,4.957447265625000000e+04
8.907803000000000000e+06,8.898318000000000000e+06,8.869371000000000000e+06,8.819319000000000000e+06,8.745831000000000000e+06,8.646462000000000000e+06,8.519153000000000000e+06,8.362836500000000000e+06,8.179801500000000000e+06,7.975018000000000000e+06,7.754813000000000000e+06,7.526615000000000000e+06,7.297788500000000000e+06,7.075346500000000000e+06,6.866140000000000000e+06,6.675579500000000000e+06,6.507119000000000000e+06,6.363781500000000000e+06,6.247248000000000000e+06,6.157419000000000000e+06,6.096664000000000000e+06,6.125733500000000000e+06,6.184395500000000000e+06,6.272750000000000000e+06,6.390550500000000000e+06,6.537600500000000000e+06,6.714374000000000000e+06,6.922231000000000000e+06,7.161700000000000000e+06,7.427656000000000000e+06,7.713267500000000000e+06,8.019508500000000000e+06,8.352262000000000000e+06,8.654584000000000000e+06,8.772774000000000000e+06,8.631490000000000000e+06,8.380696000000000000e+06,7.740984500000000000e+06,5.162250500000000000e+06,1.270545000000000000e+06,3.041189941406250000e+03
1.520241250000000000e+06,1.520824125000000000e+06,1.522140750000000000e+06,1.523476625000000000e+06,1.528393500000000000e+06,1.533071750000000000e+06,1.535825625000000000e+06,1.535883125000000000e+06,1.533904500000000000e+06,1.531380000000000000e+06,1.529830125000000000e+06,1.530677000000000000e+06,1.543882625000000000e+06,1.562680125000000000e+06,1.584052500000000000e+06,1.607887250000000000e+06,1.633967625000000000e+06,1.662045250000000000e+06,1.691757375000000000e+06,1.746997500000000000e+06,1.801940375000000000e+06,1.855543750000000000e+06,1.906562875000000000e+06,1.953563750000000000e+06,1.994730625000000000e+06,2.035394125000000000e+06,2.165176000000000000e+06,2.279440250000000000e+06,2.373054500000000000e+06,2.439463000000000000e+06,2.471364250000000000e+06,2.461176750000000000e+06,2.401637500000000000e+06,2.335060000000000000e+06,2.241735750000000000e+06,2.075615625000000000e+06,1.834134375000000000e+06,1.505564375000000000e+06,1.040125625000000000e+06,4.768956875000000000e+05,1.050785859375000000e+05
3.416230312500000000e+05,3.413993437500000000e+05,3.406137500000000000e+05,3.406291250000000000e+05,3.404483437500000000e+05,3.392763750000000000e+05,3.367292812500000000e+05,3.325171562500000000e+05,3.266634687500000000e+05,3.208327500000000000e+05,3.175048125000000000e+05,3.127054062500000000e+05,3.066939687500000000e+05,2.997273125000000000e+05,2.920791250000000000e+05,2.840086562500000000e+05,2.851025000000000000e+05,2.873733437500000000e+05,2.880873750000000000e+05,2.875106250000000000e+05,2.858446875000000000e+05,2.831928437500000000e+05,2.795713750000000000e+05,2.749494062500000000e+05,2.692230312500000000e+05,2.622548750000000000e+05,2.538916718750000000e+05,2.448775156250000000e+05,2.381490625000000000e+05,2.297499843750000000e+05,2.194048750000000000e+05,2.068932343750000000e+05,1.920510937500000000e+05,1.746397031250000000e+05,1.543362500000000000e+05,1.313168750000000000e+05,1.067819296875000000e+05,8.130039843750000000e+04,5.304757812500000000e+04,2.472360742187500000e+04,8.312966796875000000e+03
7.751889375000000000e+05,7.770003125000000000e+05,7.817078125000000000e+05,7.880818125000000000e+05,7.947747500000000000e+05,8.004034375000000000e+05,8.036243750000000000e+05,8.068436875000000000e+05,8.060186250000000000e+05,8.008704375000000000e+05,7.952958125000000000e+05,7.891001250000000000e+05,7.783115625000000000e+05,7.643947500000000000e+05,7.566990000000000000e+05,7.438650625000000000e+05,7.267893125000000000e+05,7.083966875000000000e+05,6.991966875000000000e+05,6.854945000000000000e+05,6.682108125000000000e+05,6.480934375000000000e+05,6.257140625000000000e+05,6.202207500000000000e+05,6.229511250000000000e+05,6.193836875000000000e+05,6.100671250000000000e+05,5.953275625000000000e+05,5.753854375000000000e+05,5.503648125000000000e+05,5.203492500000000000e+05,4.881865312500000000e+05,4.627130625000000000e+05,4.327311875000000000e+05,3.984141875000000000e+05,3.588740312500000000e+05,3.111062500000000000e+05,2.556945781250000000e+05,2.015155781250000000e+05,1.487882500000000000e+05,7.917675781250000000e+04
5.748133750000000000e+05,5.759870625000000000e+05,5.792600625000000000e+05,5.842556875000000000e+05,5.905925000000000000e+05,5.978871250000000000e+05,6.061566875000000000e+05,6.201531250000000000e+05,6.344868750000000000e+05,6.491827500000000000e+05,6.642756875000000000e+05,6.797880625000000000e+05,6.955746875000000000e+05,7.114058750000000000e+05,7.270551875000000000e+05,7.461667500000000000e+05,7.927876875000000000e+05,8.384980000000000000e+05,8.828968125000000000e+05,9.255376875000000000e+05,9.659289375000000000e+05,1.003533625000000000e+06,1.037762687500000000e+06,1.067961000000000000e+06,1.093319375000000000e+06,1.112942125000000000e+06,1.142140875000000000e+06,1.173481875000000000e+06,1.198118375000000000e+06,1.213727875000000000e+06,1.217724625000000000e+06,1.207101500000000000e+06,1.178592000000000000e+06,1.128614250000000000e+06,1.053396250000000000e+06,9.501136250000000000e+05,8.180810625000000000e+05,6.586010625000000000e+05,4.730610000000000000e+05,2.747742500000000000e+05,1.083125703125000000e+05
3.708603750000000000e+06,3.707508750000000000e+06,3.704443750000000000e+06,3.714524000000000000e+06,3.719762500000000000e+06,3.714815750000000000e+06,3.694755750000000000e+06,3.655628750000000000e+06,3.596857000000000000e+06,3.559968500000000000e+06,3.524009500000000000e+06,3.467607250000000000e+06,3.394136000000000000e+06,3.307535000000000000e+06,3.211952250000000000e+06,3.181855250000000000e+06,3.209796000000000000e+06,3.218554250000000000e+06,3.214428500000000000e+06,3.202378500000000000e+06,3.186578500000000000e+06,3.169634750000000000e+06,3.152752000000000000e+06,3.136407250000000000e+06,3.119371000000000000e+06,3.099609500000000000e+06,3.074167750000000000e+06,3.088213000000000000e+06,3.102607750000000000e+06,3.102075750000000000e+06,3.078346750000000000e+06,3.022751000000000000e+06,2.926227750000000000e+06,2.773919500000000000e+06,2.544205500000000000e+06,2.229961000000000000e+06,1.855197125000000000e+06,1.419740750000000000e+06,8.534302500000000000e+05,2.714854375000000000e+05,2.490444531250000000e+04
5.414995625000000000e+05,5.412146250000000000e+05,5.400247500000000000e+05,5.373931875000000000e+05,5.327726875000000000e+05,5.256470000000000000e+05,5.174850937500000000e+05,5.069840312500000000e+05,4.932507187500000000e+05,4.771242812500000000e+05,4.594128437500000000e+05,4.408340000000000000e+05,4.217617187500000000e+05,4.024227812500000000e+05,3.830558125000000000e+05,3.638927500000000000e+05,3.484525000000000000e+05,3.335306562500000000e+05,3.188966875000000000e+05,3.046026562500000000e+05,2.906896875000000000e+05,2.771595000000000000e+05,2.639787812500000000e+05,2.511072656250000000e+05,2.390084218750000000e+05,2.364868593750000000e+05,2.328620000000000000e+05,2.280811562500000000e+05,2.220947968750000000e+05,2.149074062500000000e+05,2.065269218750000000e+05,1.968090937500000000e+05,1.855336406250000000e+05,1.775472656250000000e+05,1.717254062500000000e+05,1.659275156250000000e+05,1.561237031250000000e+05,1.421314531250000000e+05,1.384995000000000000e+05,1.505276093750000000e+05,1.141753125000000000e+05
4.609726250000000000e+05,4.612095312500000000e+05,4.616060312500000000e+05,4.616599687500000000e+05,4.608486875000000000e+05,4.586541875000000000e+05,4.545872500000000000e+05,4.482487812500000000e+05,4.397056562500000000e+05,4.304772187500000000e+05,4.226993750000000000e+05,4.134277500000000000e+05,4.027965937500000000e+05,3.908797500000000000e+05,3.777901562500000000e+05,3.636999062500000000e+05,3.488288125000000000e+05,3.333994062500000000e+05,3.176026250000000000e+05,3.124060000000000000e+05,3.061519687500000000e+05,2.984038437500000000e+05,2.893487187500000000e+05,2.791593125000000000e+05,2.679708437500000000e+05,2.558981250000000000e+05,2.430309062500000000e+05,2.294309687500000000e+05,2.151588125000000000e+05,2.012842343750000000e+05,1.907941406250000000e+05,1.798071406250000000e+05,1.681033125000000000e+05,1.557277031250000000e+05,1.430645000000000000e+05,1.297945625000000000e+05,1.141485625000000000e+05,9.639310156250000000e+04,8.224187500000000000e+04,7.204242187500000000e+04,4.718037890625000000e+04
1.782255375000000000e+06,1.785106125000000000e+06,1.792796000000000000e+06,1.803967750000000000e+06,1.817207125000000000e+06,1.831076125000000000e+06,1.844144875000000000e+06,1.855072250000000000e+06,1.863124000000000000e+06,1.867960250000000000e+06,1.924258000000000000e+06,1.984090000000000000e+06,2.036959375000000000e+06,2.082413375000000000e+06,2.120114500000000000e+06,2.150156500000000000e+06,2.173121250000000000e+06,2.189635750000000000e+06,2.200225750000000000e+06,2.205239750000000000e+06,2.204954500000000000e+06,2.199291000000000000e+06,2.187839000000000000e+06,2.170037250000000000e+06,2.174261500000000000e+06,2.176383750000000000e+06,2.170953500000000000e+06,2.155654750000000000e+06,2.127858500000000000e+06,2.084148500000000000e+06,2.020831000000000000e+06,1.934293375000000000e+06,1.821158500000000000e+06,1.676896625000000000e+06,1.495787375000000000e+06,1.277764875000000000e+06,1.034450437500000000e+06,7.720550000000000000e+05,4.741511562500000000e+05,1.820196250000000000e+05,3.263081835937500000e+04
3.908935250000000000e+06,3.905738250000000000e+06,3.896651750000000000e+06,3.882340250000000000e+06,3.864228000000000000e+06,3.856107500000000000e+06,3.846416000000000000e+06,3.835222000000000000e+06,3.823099500000000000e+06,3.811013500000000000e+06,3.800101000000000000e+06,3.791592000000000000e+06,3.786074500000000000e+06,3.783870250000000000e+06,3.816207250000000000e+06,3.869454000000000000e+06,3.924797000000000000e+06,3.981731750000000000e+06,4.039388500000000000e+06,4.096266750000000000e+06,4.150668750000000000e+06,4.200339000000000000e+06,4.420246000000000000e+06,4.638162500000000000e+06,4.834405500000000000e+06,5.002611000000000000e+06,5.135307000000000000e+06,5.223850500000000000e+06,5.258609500000000000e+06,5.227443000000000000e+06,5.117897000000000000e+06,5.031689500000000000e+06,4.893561000000000000e+06,4.648103000000000000e+06,4.257347500000000000e+06,3.710609500000000000e+06,3.057789250000000000e+06,2.301311500000000000e+06,1.304694375000000000e+06,3.119077187500000000e+05,2.591106201171875000e+03
4.966676953125000000e+04,4.964150390625000000e+04,4.957023046875000000e+04,4.945795703125000000e+04,4.931803125000000000e+04,4.921502734375000000e+04,4.908896484375000000e+04,4.894054296875000000e+04,4.878146093750000000e+04,4.863107421875000000e+04,4.851108203125000000e+04,4.844411328125000000e+04,4.866596484375000000e+04,4.900744140625000000e+04,4.942058593750000000e+04,4.990846875000000000e+04,5.046759765625000000e+04,5.131887500000000000e+04,5.254482812500000000e+04,5.379971875000000000e+04,5.506597265625000000e+04,5.632000390625000000e+04,5.755415234375000000e+04,5.969998046875000000e+04,6.169500390625000000e+04,6.348319531250000000e+04,6.499686718750000000e+04,6.615470312500000000e+04,6.747578906250000000e+04,7.170746093750000000e+04,7.504100781250000000e+04,7.722624218750000000e+04,7.799113281250000000e+04,7.701878906250000000e+04,7.393682031250000000e+04,7.114817968750000000e+04,6.687560156250000000e+04,5.992300000000000000e+04,4.929161718750000000e+04,3.447932421875000000e+04,1.848031640625000000e+04
2.122872968750000000e+05,2.126112343750000000e+05,2.134145781250000000e+05,2.144291875000000000e+05,2.153760781250000000e+05,2.160867812500000000e+05,2.171960312500000000e+05,2.174173593750000000e+05,2.167127656250000000e+05,2.151982343750000000e+05,2.130008125000000000e+05,2.102479218750000000e+05,2.084162031250000000e+05,2.064251250000000000e+05,2.039106093750000000e+05,2.009567343750000000e+05,1.976653593750000000e+05,1.941342187500000000e+05,1.904292187500000000e+05,1.883795000000000000e+05,1.865958125000000000e+05,1.844657656250000000e+05,1.819536562500000000e+05,1.790093750000000000e+05,1.755393281250000000e+05,1.714336718750000000e+05,1.670112031250000000e+05,1.692530937500000000e+05,1.696776093750000000e+05,1.679831250000000000e+05,1.638611718750000000e+05,1.570733750000000000e+05,1.474778750000000000e+05,1.348450156250000000e+05,1.221566718750000000e+05,1.080682734375000000e+05,9.172919531250000000e+04,7.301148437500000000e+04,4.861948046875000000e+04,2.094134570312500000e+04,5.595303222656250000e+03
2.911250000000000000e+06,2.912341000000000000e+06,2.914762500000000000e+06,2.917050750000000000e+06,2.917567500000000000e+06,2.914595000000000000e+06,2.911114500000000000e+06,2.904189500000000000e+06,2.889787000000000000e+06,2.867631500000000000e+06,2.837723500000000000e+06,2.800506250000000000e+06,2.773562750000000000e+06,2.739385500000000000e+06,2.699135750000000000e+06,2.654264000000000000e+06,2.606442000000000000e+06,2.571533250000000000e+06,2.545322750000000000e+06,2.518304250000000000e+06,2.492018500000000000e+06,2.467622500000000000e+06,2.445911500000000000e+06,2.440576500000000000e+06,2.460972500000000000e+06,2.482342000000000000e+06,2.503968500000000000e+06,2.524237250000000000e+06,2.540704000000000000e+06,2.548188500000000000e+06,2.698659000000000000e+06,2.823395500000000000e+06,2.909337750000000000e+06,2.931508000000000000e+06,2.845853250000000000e+06,2.654067500000000000e+06,2.475705750000000000e+06,2.158891250000000000e+06,1.442661375000000000e+06,4.205957187500000000e+05,6.148974609375000000e+03
2.246577750000000000e+06,2.252340250000000000e+06,2.268186750000000000e+06,2.290322500000000000e+06,2.314924500000000000e+06,2.338113500000000000e+06,2.356143250000000000e+06,2.373439500000000000e+06,2.383500250000000000e+06,2.383524750000000000e+06,2.374069750000000000e+06,2.374950000000000000e+06,2.367144500000000000e+06,2.351103500000000000e+06,2.328463000000000000e+06,2.325477500000000000e+06,2.319706750000000000e+06,2.310221500000000000e+06,2.299298000000000000e+06,2.288737750000000000e+06,2.298974500000000000e+06,2.326454750000000000e+06,2.355315500000000000e+06,2.386763250000000000e+06,2.421288000000000000e+06,2.459028500000000000e+06,2.499711000000000000e+06,2.617791250000000000e+06,2.795668000000000000e+06,2.972035500000000000e+06,3.141071250000000000e+06,3.295687250000000000e+06,3.427318000000000000e+06,3.509107000000000000e+06,3.539263000000000000e+06,3.548976500000000000e+06,3.467101500000000000e+06,3.195957750000000000e+06,2.305936000000000000e+06,8.515240625000000000e+05,7.769410156250000000e+04
3.854246875000000000e+04,3.853249609375000000e+04,3.850249218750000000e+04,3.845188281250000000e+04,3.837964453125000000e+04,3.828444921875000000e+04,3.816482812500000000e+04,3.801966406250000000e+04,3.785200000000000000e+04,3.766751953125000000e+04,3.747222656250000000e+04,3.730235546875000000e+04,3.795142968750000000e+04,3.861837500000000000e+04,3.930161718750000000e+04,4.000093750000000000e+04,4.071719531250000000e+04,4.145225390625000000e+04,4.220826562500000000e+04,4.298699609375000000e+04,4.379052343750000000e+04,4.462008203125000000e+04,4.547585156250000000e+04,4.635786718750000000e+04,4.726628125000000000e+04,4.820091015625000000e+04,4.934502343750000000e+04,5.131156250000000000e+04,5.346326953125000000e+04,5.584576562500000000e+04,5.851461718750000000e+04,6.141023437500000000e+04,6.437347265625000000e+04,6.760589062500000000e+04,7.192604687500000000e+04,7.715037500000000000e+04,8.002610937500000000e+04,8.027404687500000000e+04,9.130786718750000000e+04,1.205330312500000000e+05,1.037122968750000000e+05
5.979351500000000000e+06,5.969001000000000000e+06,5.938475000000000000e+06,5.888436500000000000e+06,5.819465000000000000e+06,5.738823000000000000e+06,5.656843000000000000e+06,5.558764500000000000e+06,5.446468500000000000e+06,5.323107000000000000e+06,5.192093000000000000e+06,5.057031000000000000e+06,4.921423000000000000e+06,4.788640000000000000e+06,4.661986000000000000e+06,4.544197000000000000e+06,4.437261500000000000e+06,4.370713000000000000e+06,4.327601000000000000e+06,4.297386000000000000e+06,4.280873000000000000e+06,4.278240500000000000e+06,4.289105500000000000e+06,4.312908500000000000e+06,4.348190500000000000e+06,4.393097000000000000e+06,4.445149000000000000e+06,4.666671500000000000e+06,4.926404500000000000e+06,5.181700000000000000e+06,5.418495000000000000e+06,5.620527000000000000e+06,5.769008000000000000e+06,5.814582000000000000e+06,5.679437500000000000e+06,5.530924500000000000e+06,5.220288000000000000e+06,4.615184500000000000e+06,3.086693750000000000e+06,8.944665625000000000e+05,1.781577148437500000e+04
7.095471000000000000e+06,7.093968000000000000e+06,7.086377500000000000e+06,7.067718500000000000e+06,7.032767500000000000e+06,6.976534000000000000e+06,6.954376000000000000e+06,6.900803000000000000e+06,6.815237000000000000e+06,6.701131000000000000e+06,6.562144500000000000e+06,6.401788000000000000e+06,6.221665000000000000e+06,6.022823500000000000e+06,5.806874000000000000e+06,5.655251000000000000e+06,5.623855000000000000e+06,5.555951000000000000e+06,5.454276500000000000e+06,5.321545000000000000e+06,5.160784500000000000e+06,4.975103000000000000e+06,4.767515500000000000e+06,4.540957000000000000e+06,4.297914500000000000e+06,4.040660000000000000e+06,3.857780750000000000e+06,3.662600500000000000e+06,3.453599750000000000e+06,3.229687500000000000e+06,2.989981000000000000e+06,2.733558000000000000e+06,2.459870500000000000e+06,2.169997750000000000e+06,1.866671750000000000e+06,1.551981625000000000e+06,1.228457250000000000e+06,9.069112500000000000e+05,6.035161250000000000e+05,3.295579687500000000e+05,1.191946796875000000e+05
3.388590250000000000e+06,3.389094500000000000e+06,3.389775750000000000e+06,3.389346750000000000e+06,3.420088750000000000e+06,3.458538000000000000e+06,3.497207250000000000e+06,3.532975500000000000e+06,3.563855500000000000e+06,3.588571250000000000e+06,3.605899750000000000e+06,3.614671250000000000e+06,3.613684000000000000e+06,3.601779250000000000e+06,3.577932750000000000e+06,3.541462500000000000e+06,3.492068000000000000e+06,3.429577250000000000e+06,3.353939250000000000e+06,3.265214250000000000e+06,3.163558750000000000e+06,3.049218250000000000e+06,2.922524750000000000e+06,2.787355750000000000e+06,2.675828000000000000e+06,2.552933250000000000e+06,2.418556250000000000e+06,2.272687500000000000e+06,2.115422000000000000e+06,1.946864500000000000e+06,1.767365750000000000e+06,1.578100875000000000e+06,1.380984125000000000e+06,1.177160000000000000e+06,9.669831875000000000e+05,7.557151250000000000e+05,5.568794375000000000e+05,3.756949062500000000e+05,1.992704375000000000e+05,5.505101171875000000e+04,4.535747558593750000e+03
2.307645000000000000e+05,2.304928906250000000e+05,2.296796562500000000e+05,2.283202500000000000e+05,2.264044062500000000e+05,2.239204218750000000e+05,2.208588750000000000e+05,2.172219843750000000e+05,2.152914687500000000e+05,2.162465468750000000e+05,2.168576718750000000e+05,2.171656875000000000e+05,2.171967812500000000e+05,2.169806718750000000e+05,2.165695625000000000e+05,2.160310937500000000e+05,2.154394843750000000e+05,2.148763906250000000e+05,2.144152187500000000e+05,2.141098125000000000e+05,2.140105937500000000e+05,2.141516562500000000e+05,2.183641875000000000e+05,2.232241875000000000e+05,2.287098437500000000e+05,2.348048906250000000e+05,2.414660937500000000e+05,2.486089531250000000e+05,2.561187968750000000e+05,2.637905000000000000e+05,2.713530312500000000e+05,2.782648750000000000e+05,2.837411875000000000e+05,2.868550000000000000e+05,2.865387812500000000e+05,2.807591250000000000e+05,2.655112812500000000e+05,2.382719843750000000e+05,2.010364843750000000e+05,1.519942812500000000e+05,8.140657812500000000e+04
2.470026750000000000e+06,2.470699750000000000e+06,2.472469500000000000e+06,2.474832750000000000e+06,2.477160500000000000e+06,2.478750250000000000e+06,2.478875500000000000e+06,2.476828500000000000e+06,2.471973750000000000e+06,2.463820000000000000e+06,2.452058750000000000e+06,2.436552000000000000e+06,2.419088500000000000e+06,2.491833500000000000e+06,2.553965000000000000e+06,2.604421000000000000e+06,2.642443250000000000e+06,2.667339000000000000e+06,2.678575000000000000e+06,2.675771000000000000e+06,2.658548000000000000e+06,2.626608000000000000e+06,2.579724000000000000e+06,2.517700000000000000e+06,2.458254750000000000e+06,2.407827500000000000e+06,2.342131750000000000e+06,2.260401750000000000e+06,2.162023750000000000e+06,2.046499625000000000e+06,1.913545375000000000e+06,1.763217625000000000e+06,1.596039500000000000e+06,1.412789500000000000e+06,1.214471000000000000e+06,1.004064375000000000e+06,7.888151875000000000e+05,5.756530000000000000e+05,3.640535000000000000e+05,1.701770625000000000e+05,4.960887109375000000e+04
4.572149000000000000e+06,4.576370500000000000e+06,4.587317000000000000e+06,4.602142500000000000e+06,4.617764000000000000e+06,4.631013000000000000e+06,4.638770000000000000e+06,4.638214000000000000e+06,4.628154000000000000e+06,4.608529500000000000e+06,4.579625500000000000e+06,4.542093000000000000e+06,4.497106000000000000e+06,4.495237000000000000e+06,4.589919500000000000e+06,4.669340000000000000e+06,4.736328000000000000e+06,4.793887500000000000e+06,4.845000000000000000e+06,4.892475500000000000e+06,4.938984000000000000e+06,4.986535000000000000e+06,5.036499500000000000e+06,5.089848000000000000e+06,5.146087500000000000e+06,5.204033500000000000e+06,5.261272000000000000e+06,5.400598500000000000e+06,5.557476000000000000e+06,5.711865500000000000e+06,5.851714500000000000e+06,5.961731500000000000e+06,6.022829500000000000e+06,5.994433500000000000e+06,5.806875500000000000e+06,5.413409500000000000e+06,4.832088000000000000e+06,4.001230000000000000e+06,2.623444000000000000e+06,9.390737500000000000e+05,1.051296562500000000e+05
2.518333250000000000e+06,2.513237250000000000e+06,2.497895500000000000e+06,2.474281750000000000e+06,2.445670500000000000e+06,2.406774500000000000e+06,2.356795000000000000e+06,2.295387500000000000e+06,2.224090000000000000e+06,2.145561750000000000e+06,2.063322000000000000e+06,1.997450500000000000e+06,1.929654500000000000e+06,1.861471625000000000e+06,1.794606250000000000e+06,1.730586250000000000e+06,1.674505750000000000e+06,1.644280125000000000e+06,1.616661250000000000e+06,1.592352375000000000e+06,1.571901875000000000e+06,1.555472875000000000e+06,1.542854125000000000e+06,1.552041625000000000e+06,1.616522125000000000e+06,1.678423375000000000e+06,1.736809375000000000e+06,1.789936875000000000e+06,1.835305500000000000e+06,1.868772750000000000e+06,1.885304375000000000e+06,1.879352000000000000e+06,1.872243125000000000e+06,1.862008500000000000e+06,1.803280625000000000e+06,1.682575000000000000e+06,1.503550250000000000e+06,1.250195500000000000e+06,8.456116875000000000e+05,3.455788750000000000e+05,6.152799218750000000e+04
1.099302250000000000e+06,1.102092750000000000e+06,1.114683000000000000e+06,1.132874500000000000e+06,1.154338500000000000e+06,1.176743875000000000e+06,1.197789750000000000e+06,1.215402875000000000e+06,1.229314625000000000e+06,1.240332375000000000e+06,1.249295125000000000e+06,1.256972625000000000e+06,1.274435500000000000e+06,1.320008625000000000e+06,1.362060000000000000e+06,1.400330000000000000e+06,1.435081750000000000e+06,1.466582375000000000e+06,1.494825875000000000e+06,1.519406125000000000e+06,1.539829500000000000e+06,1.555423375000000000e+06,1.565347875000000000e+06,1.568679875000000000e+06,1.564284500000000000e+06,1.550953750000000000e+06,1.543465750000000000e+06,1.539755500000000000e+06,1.525882875000000000e+06,1.499820500000000000e+06,1.459432125000000000e+06,1.402403500000000000e+06,1.326414000000000000e+06,1.229589750000000000e+06,1.110715750000000000e+06,9.688880625000000000e+05,8.044991250000000000e+05,6.224129375000000000e+05,4.297462187500000000e+05,2.371328750000000000e+05,8.498844531250000000e+04
3.063498250000000000e+06,3.060470500000000000e+06,3.050414250000000000e+06,3.031725750000000000e+06,3.002745000000000000e+06,2.961906750000000000e+06,2.930771250000000000e+06,2.884763250000000000e+06,2.824628000000000000e+06,2.753532250000000000e+06,2.674662000000000000e+06,2.591008750000000000e+06,2.504401000000000000e+06,2.416174750000000000e+06,2.327744750000000000e+06,2.240446000000000000e+06,2.155418250000000000e+06,2.102003250000000000e+06,2.086517875000000000e+06,2.068985375000000000e+06,2.049976000000000000e+06,2.029608500000000000e+06,2.007549250000000000e+06,1.983235750000000000e+06,1.955475000000000000e+06,1.922769875000000000e+06,1.883307250000000000e+06,1.834912875000000000e+06,1.775266750000000000e+06,1.718551875000000000e+06,1.670458625000000000e+06,1.605677000000000000e+06,1.520628250000000000e+06,1.410150625000000000e+06,1.267305500000000000e+06,1.090475875000000000e+06,8.897710625000000000e+05,6.684301875000000000e+05,4.042768750000000000e+05,1.388903437500000000e+05,1.710584179687500000e+04
8.581186875000000000e+05,8.565193125000000000e+05,8.521360000000000000e+05,8.455720000000000000e+05,8.374096250000000000e+05,8.282155625000000000e+05,8.185476875000000000e+05,8.089611250000000000e+05,8.005298750000000000e+05,7.941588125000000000e+05,7.896224375000000000e+05,7.874721250000000000e+05,7.877998125000000000e+05,7.904693750000000000e+05,7.953576875000000000e+05,8.022280625000000000e+05,8.129068125000000000e+05,8.247745625000000000e+05,8.372831875000000000e+05,8.498338125000000000e+05,8.617747500000000000e+05,8.747798125000000000e+05,8.889201250000000000e+05,9.001423125000000000e+05,9.075375625000000000e+05,9.101465625000000000e+05,9.141476250000000000e+05,9.149820625000000000e+05,9.070490625000000000e+05,8.889673750000000000e+05,8.672455000000000000e+05,8.444780625000000000e+05,8.049909375000000000e+05,7.474920625000000000e+05,7.079064375000000000e+05,6.687300625000000000e+05,5.908453125000000000e+05,4.784728125000000000e+05,3.688534062500000000e+05,2.286246875000000000e+05,8.645956250000000000e+04
2.672158007812500000e+04,2.656591601562500000e+04,2.612891406250000000e+04,2.545454492187500000e+04,2.458683789062500000e+04,2.357122070312500000e+04,2.245513476562500000e+04,2.128857226562500000e+04,2.012846875000000000e+04,1.903250195312500000e+04,1.809730859375000000e+04,1.747806445312500000e+04,1.701217968750000000e+04,1.668899218750000000e+04,1.650030273437500000e+04,1.643540625000000000e+04,1.647838085937500000e+04,1.661275390625000000e+04,1.697966015625000000e+04,1.802138476562500000e+04,1.910067382812500000e+04,2.020607812500000000e+04,2.132814453125000000e+04,2.245544726562500000e+04,2.358007226562500000e+04,2.469448046875000000e+04,2.579031250000000000e+04,2.685884179687500000e+04,2.855713281250000000e+04,3.044081445312500000e+04,3.245343945312500000e+04,3.456117968750000000e+04,3.669324218750000000e+04,3.881586718750000000e+04,4.097313671875000000e+04,4.293703125000000000e+04,4.373038671875000000e+04,4.288471093750000000e+04,4.236865625000000000e+04,4.203090625000000000e+04,3.085102148437500000e+04
3.425337500000000000e+06,3.417343250000000000e+06,3.394448750000000000e+06,3.358218000000000000e+06,3.310140500000000000e+06,3.251652500000000000e+06,3.185243750000000000e+06,3.125662500000000000e+06,3.060965750000000000e+06,2.992932500000000000e+06,2.923499000000000000e+06,2.854654250000000000e+06,2.787585500000000000e+06,2.723129750000000000e+06,2.662231500000000000e+06,2.616281000000000000e+06,2.595072250000000000e+06,2.575147750000000000e+06,2.556081500000000000e+06,2.536856000000000000e+06,2.516332500000000000e+06,2.493034250000000000e+06,2.465152250000000000e+06,2.474454000000000000e+06,2.534442250000000000e+06,2.575202750000000000e+06,2.593524250000000000e+06,2.586020250000000000e+06,2.549181000000000000e+06,2.479283250000000000e+06,2.372931250000000000e+06,2.228324250000000000e+06,2.076130875000000000e+06,1.918793625000000000e+06,1.715727000000000000e+06,1.466196625000000000e+06,1.186557250000000000e+06,8.816408750000000000e+05,5.166190000000000000e+05,1.542466875000000000e+05,9.518897460937500000e+03
2.801806250000000000e+06,2.806651750000000000e+06,2.820014750000000000e+06,2.839455500000000000e+06,2.862518000000000000e+06,2.886686500000000000e+06,2.909440500000000000e+06,2.928445250000000000e+06,2.942866000000000000e+06,2.955366500000000000e+06,2.977922500000000000e+06,2.995987000000000000e+06,3.008814500000000000e+06,3.015410250000000000e+06,3.014926750000000000e+06,3.035637750000000000e+06,3.050413000000000000e+06,3.054299250000000000e+06,3.046774250000000000e+06,3.027243500000000000e+06,3.029960500000000000e+06,3.033506250000000000e+06,3.017909750000000000e+06,2.982525500000000000e+06,2.926669500000000000e+06,2.849731500000000000e+06,2.864073750000000000e+06,2.884135500000000000e+06,2.858930250000000000e+06,2.787043000000000000e+06,2.667659750000000000e+06,2.501370750000000000e+06,2.290502750000000000e+06,2.080849750000000000e+06,1.862839125000000000e+06,1.602972000000000000e+06,1.311107375000000000e+06,9.928695625000000000e+05,6.310876250000000000e+05,2.638458750000000000e+05,5.374166406250000000e+04
3.393538750000000000e+06,3.391734500000000000e+06,3.385063000000000000e+06,3.371318250000000000e+06,3.348185000000000000e+06,3.313571250000000000e+06,3.265860250000000000e+06,3.224364250000000000e+06,3.175461000000000000e+06,3.120080750000000000e+06,3.064272250000000000e+06,3.013567250000000000e+06,2.970022750000000000e+06,2.934131500000000000e+06,2.931443750000000000e+06,2.950878500000000000e+06,2.976918250000000000e+06,3.010052000000000000e+06,3.050323500000000000e+06,3.097115250000000000e+06,3.149633500000000000e+06,3.216249500000000000e+06,3.423553750000000000e+06,3.633598750000000000e+06,3.846283250000000000e+06,4.061258500000000000e+06,4.278229500000000000e+06,4.497206000000000000e+06,4.717283500000000000e+06,4.933438500000000000e+06,5.138886500000000000e+06,5.468369000000000000e+06,5.847552500000000000e+06,6.222440500000000000e+06,6.489850000000000000e+06,6.583359000000000000e+06,6.573365000000000000e+06,6.238306000000000000e+06,4.415764000000000000e+06,1.332197500000000000e+06,3.738605078125000000e+04
5.253816250000000000e+05,5.265980625000000000e+05,5.296731875000000000e+05,5.336776875000000000e+05,5.376360625000000000e+05,5.405787500000000000e+05,5.415888125000000000e+05,5.482983750000000000e+05,5.518530625000000000e+05,5.520075625000000000e+05,5.489696875000000000e+05,5.430353125000000000e+05,5.345518125000000000e+05,5.374938750000000000e+05,5.470371250000000000e+05,5.516903125000000000e+05,5.524166875000000000e+05,5.501661875000000000e+05,5.457416875000000000e+05,5.397422500000000000e+05,5.326848125000000000e+05,5.248908750000000000e+05,5.165091562500000000e+05,5.076118125000000000e+05,4.980786250000000000e+05,4.908911250000000000e+05,4.878265625000000000e+05,4.838099687500000000e+05,4.783532500000000000e+05,4.708887812500000000e+05,4.607896250000000000e+05,4.472144062500000000e+05,4.291849375000000000e+05,4.061069687500000000e+05,3.779268125000000000e+05,3.436464062500000000e+05,3.003768750000000000e+05,2.487835468750000000e+05,1.976703281250000000e+05,1.479563281250000000e+05,8.167910937500000000e+04
3.345807812500000000e+04,3.355507812500000000e+04,3.382296484375000000e+04,3.422534375000000000e+04,3.472416406250000000e+04,3.528048828125000000e+04,3.585525000000000000e+04,3.641084375000000000e+04,3.692025390625000000e+04,3.736396093750000000e+04,3.772483203125000000e+04,3.946448828125000000e+04,4.131725390625000000e+04,4.295642578125000000e+04,4.436432812500000000e+04,4.553950000000000000e+04,4.649995312500000000e+04,4.726662109375000000e+04,4.786273046875000000e+04,4.831325390625000000e+04,4.864244531250000000e+04,4.886766015625000000e+04,4.975771093750000000e+04,5.065439062500000000e+04,5.151348046875000000e+04,5.232122656250000000e+04,5.305267968750000000e+04,5.366501171875000000e+04,5.410349609375000000e+04,5.427458203125000000e+04,5.406810156250000000e+04,5.337034375000000000e+04,5.206324609375000000e+04,4.992165625000000000e+04,4.658812890625000000e+04,4.194994140625000000e+04,3.642605078125000000e+04,2.990897460937500000e+04,2.070227929687500000e+04,9.920549804687500000e+03,3.962634521484375000e+03
2.554635500000000000e+06,2.545267500000000000e+06,2.518217500000000000e+06,2.475050750000000000e+06,2.417335250000000000e+06,2.346665250000000000e+06,2.264683500000000000e+06,2.173165500000000000e+06,2.074686000000000000e+06,1.972248250000000000e+06,1.868792500000000000e+06,1.767066125000000000e+06,1.668929750000000000e+06,1.575752750000000000e+06,1.488794375000000000e+06,1.416833125000000000e+06,1.351327000000000000e+06,1.291981375000000000e+06,1.238576625000000000e+06,1.190394875000000000e+06,1.146688625000000000e+06,1.106494375000000000e+06,1.068661250000000000e+06,1.036677312500000000e+06,1.012680562500000000e+06,9.863301875000000000e+05,9.563255000000000000e+05,9.213954375000000000e+05,8.803081250000000000e+05,8.318721875000000000e+05,7.986243125000000000e+05,7.752376250000000000e+05,7.341061875000000000e+05,6.737455625000000000e+05,5.922577500000000000e+05,4.918624687500000000e+05,4.009330625000000000e+05,3.059105625000000000e+05,1.854657968750000000e+05,5.646814453125000000e+04,3.228582031250000000e+03
6.285250625000000000e+05,6.287571875000000000e+05,6.294085000000000000e+05,6.303820625000000000e+05,6.315537500000000000e+05,6.327850625000000000e+05,6.339352500000000000e+05,6.348724375000000000e+05,6.354952500000000000e+05,6.357467500000000000e+05,6.356168125000000000e+05,6.351435000000000000e+05,6.571191250000000000e+05,6.800870625000000000e+05,7.017413750000000000e+05,7.220864375000000000e+05,7.412368750000000000e+05,7.593195000000000000e+05,7.764903125000000000e+05,7.929328750000000000e+05,8.088124375000000000e+05,8.242536250000000000e+05,8.393373750000000000e+05,8.540928750000000000e+05,8.788900000000000000e+05,9.078004375000000000e+05,9.374520000000000000e+05,9.673728125000000000e+05,9.968343125000000000e+05,1.024081687500000000e+06,1.046872187500000000e+06,1.062654875000000000e+06,1.068467750000000000e+06,1.056769750000000000e+06,1.013893875000000000e+06,9.329253125000000000e+05,8.233686250000000000e+05,6.745960000000000000e+05,4.217897187500000000e+05,1.258398359375000000e+05,8.321882812500000000e+03
4.933075500000000000e+06,4.916041500000000000e+06,4.866683500000000000e+06,4.787503500000000000e+06,4.680936000000000000e+06,4.549447000000000000e+06,4.416330000000000000e+06,4.266505000000000000e+06,4.101270000000000000e+06,3.925871500000000000e+06,3.745748500000000000e+06,3.566260250000000000e+06,3.391192000000000000e+06,3.223581250000000000e+06,3.092183500000000000e+06,2.984487500000000000e+06,2.885779500000000000e+06,2.797815250000000000e+06,2.721711250000000000e+06,2.657593750000000000e+06,2.605444750000000000e+06,2.564716500000000000e+06,2.640904500000000000e+06,2.724057750000000000e+06,2.808968250000000000e+06,2.894633500000000000e+06,2.979123750000000000e+06,3.059412500000000000e+06,3.131220250000000000e+06,3.187120500000000000e+06,3.218094500000000000e+06,3.253723250000000000e+06,3.305336000000000000e+06,3.304295500000000000e+06,3.206632250000000000e+06,2.985601250000000000e+06,2.662580500000000000e+06,2.199968750000000000e+06,1.390954375000000000e+06,4.167202187500000000e+05,2.138862890625000000e+04
3.656058250000000000e+06,3.667554000000000000e+06,3.703170000000000000e+06,3.755429250000000000e+06,3.818155750000000000e+06,3.885032500000000000e+06,3.949764000000000000e+06,4.014222250000000000e+06,4.077980500000000000e+06,4.131259250000000000e+06,4.174296750000000000e+06,4.230020000000000000e+06,4.288223500000000000e+06,4.332322500000000000e+06,4.361376500000000000e+06,4.432297500000000000e+06,4.488565500000000000e+06,4.525560000000000000e+06,4.544490500000000000e+06,4.613988000000000000e+06,4.683761500000000000e+06,4.727687500000000000e+06,4.746479000000000000e+06,4.740443500000000000e+06,4.776100500000000000e+06,4.976051000000000000e+06,5.118400000000000000e+06,5.199506000000000000e+06,5.214803000000000000e+06,5.157329000000000000e+06,5.019749500000000000e+06,4.796548000000000000e+06,4.551632000000000000e+06,4.290184500000000000e+06,3.912291500000000000e+06,3.410365000000000000e+06,2.820238500000000000e+06,2.145373250000000000e+06,1.290786250000000000e+06,4.170667812500000000e+05,3.790835156250000000e+04
1.091736625000000000e+06,1.091058000000000000e+06,1.088705375000000000e+06,1.084145125000000000e+06,1.079674875000000000e+06,1.072725000000000000e+06,1.062043625000000000e+06,1.047012250000000000e+06,1.027773687500000000e+06,1.004926250000000000e+06,9.791168125000000000e+05,9.510052500000000000e+05,9.283135000000000000e+05,9.038583750000000000e+05,8.777238125000000000e+05,8.503986875000000000e+05,8.223713125000000000e+05,7.941183750000000000e+05,7.660000000000000000e+05,7.469231875000000000e+05,7.281346875000000000e+05,7.087955625000000000e+05,6.889087500000000000e+05,6.684163125000000000e+05,6.470870625000000000e+05,6.246202500000000000e+05,6.064185625000000000e+05,6.080188125000000000e+05,6.040355625000000000e+05,5.936645000000000000e+05,5.760399375000000000e+05,5.503571875000000000e+05,5.159918125000000000e+05,4.722898750000000000e+05,4.287511562500000000e+05,3.827021875000000000e+05,3.277794687500000000e+05,2.635222500000000000e+05,1.854836562500000000e+05,9.765460156250000000e+04,3.266998437500000000e+04
8.907413125000000000e+05,8.912414375000000000e+05,8.922384375000000000e+05,8.929325625000000000e+05,8.924956875000000000e+05,8.901087500000000000e+05,8.849963125000000000e+05,8.782964375000000000e+05,8.719118125000000000e+05,8.627861875000000000e+05,8.516455000000000000e+05,8.391580000000000000e+05,8.256353125000000000e+05,8.112448125000000000e+05,7.961941250000000000e+05,7.807516875000000000e+05,7.720656250000000000e+05,7.653840625000000000e+05,7.585504375000000000e+05,7.517274375000000000e+05,7.450675625000000000e+05,7.386272500000000000e+05,7.323680000000000000e+05,7.262006875000000000e+05,7.351088750000000000e+05,7.591025625000000000e+05,7.804995000000000000e+05,7.984159375000000000e+05,8.116806250000000000e+05,8.183792500000000000e+05,8.162596250000000000e+05,8.031047500000000000e+05,7.768173750000000000e+05,7.539613750000000000e+05,7.133443125000000000e+05,6.465433750000000000e+05,5.599840000000000000e+05,4.487665625000000000e+05,2.752765937500000000e+05,7.875810156250000000e+04,3.960127197265625000e+03
1.170994625000000000e+06,1.171004625000000000e+06,1.170882125000000000e+06,1.170303500000000000e+06,1.168870000000000000e+06,1.166165250000000000e+06,1.163219125000000000e+06,1.160411875000000000e+06,1.155946000000000000e+06,1.150411750000000000e+06,1.144496875000000000e+06,1.141819750000000000e+06,1.144841625000000000e+06,1.147856500000000000e+06,1.150816500000000000e+06,1.153580375000000000e+06,1.170051500000000000e+06,1.184882000000000000e+06,1.197228000000000000e+06,1.206376625000000000e+06,1.220311000000000000e+06,1.243210375000000000e+06,1.258212500000000000e+06,1.264289250000000000e+06,1.260441250000000000e+06,1.245699375000000000e+06,1.281631875000000000e+06,1.307785375000000000e+06,1.310809000000000000e+06,1.289268625000000000e+06,1.242144750000000000e+06,1.169546500000000000e+06,1.072793250000000000e+06,9.815066250000000000e+05,8.725311875000000000e+05,7.393020000000000000e+05,5.924311875000000000e+05,4.353849062500000000e+05,2.494848125000000000e+05,7.036532031250000000e+04,4.059547363281250000e+03
3.404117578125000000e+04,3.405509375000000000e+04,3.408191406250000000e+04,3.409603125000000000e+04,3.406976953125000000e+04,3.397580859375000000e+04,3.378922656250000000e+04,3.349167187500000000e+04,3.309626171875000000e+04,3.280366406250000000e+04,3.248788281250000000e+04,3.216078515625000000e+04,3.183683789062500000e+04,3.152303710937500000e+04,3.139451953125000000e+04,3.143810546875000000e+04,3.148875781250000000e+04,3.155384570312500000e+04,3.163716406250000000e+04,3.173688867187500000e+04,3.228484570312500000e+04,3.288153125000000000e+04,3.345206640625000000e+04,3.399172265625000000e+04,3.449594531250000000e+04,3.495913671875000000e+04,3.586204296875000000e+04,3.809967968750000000e+04,4.023377734375000000e+04,4.227540234375000000e+04,4.423850390625000000e+04,4.605677343750000000e+04,4.759745312500000000e+04,4.896458593750000000e+04,5.271557031250000000e+04,5.755857812500000000e+04,6.123729296875000000e+04,6.349803906250000000e+04,7.520041406250000000e+04,1.052784140625000000e+05,9.693085937500000000e+04
2.538999500000000000e+06,2.541061250000000000e+06,2.543480750000000000e+06,2.540013500000000000e+06,2.525385750000000000e+06,2.500493000000000000e+06,2.451906250000000000e+06,2.376450500000000000e+06,2.279037500000000000e+06,2.171453000000000000e+06,2.062110375000000000e+06,1.953809000000000000e+06,1.849347500000000000e+06,1.749681125000000000e+06,1.658086000000000000e+06,1.580564875000000000e+06,1.508515500000000000e+06,1.442369750000000000e+06,1.381919625000000000e+06,1.326150750000000000e+06,1.287155750000000000e+06,1.249169500000000000e+06,1.210752625000000000e+06,1.170739500000000000e+06,1.127986375000000000e+06,1.094976375000000000e+06,1.061239000000000000e+06,1.019052500000000000e+06,9.677457500000000000e+05,9.069042500000000000e+05,8.607118125000000000e+05,8.332696875000000000e+05,7.837325625000000000e+05,7.126128125000000000e+05,6.205590625000000000e+05,5.165253125000000000e+05,4.255597500000000000e+05,3.259219375000000000e+05,2.075729843750000000e+05,8.046262500000000000e+04,1.239327343750000000e+04
4.676785000000000000e+06,4.662252000000000000e+06,4.620174500000000000e+06,4.552395000000000000e+06,4.460424000000000000e+06,4.345737500000000000e+06,4.210025000000000000e+06,4.055556250000000000e+06,3.887000250000000000e+06,3.710525750000000000e+06,3.532559000000000000e+06,3.359343750000000000e+06,3.194313500000000000e+06,3.039593000000000000e+06,2.897421250000000000e+06,2.768962000000000000e+06,2.653886000000000000e+06,2.551797750000000000e+06,2.473758500000000000e+06,2.433369750000000000e+06,2.401428750000000000e+06,2.375354000000000000e+06,2.352287500000000000e+06,2.329231500000000000e+06,2.303210000000000000e+06,2.271169500000000000e+06,2.230126250000000000e+06,2.177301000000000000e+06,2.110012750000000000e+06,2.025934500000000000e+06,1.923048000000000000e+06,1.799803250000000000e+06,1.655302750000000000e+06,1.489454125000000000e+06,1.303123375000000000e+06,1.098732750000000000e+06,8.816580000000000000e+05,6.595474375000000000e+05,4.388295312500000000e+05,2.343516250000000000e+05,8.503988281250000000e+04
2.062850750000000000e+06,2.068337500000000000e+06,2.082111750000000000e+06,2.099934750000000000e+06,2.117437500000000000e+06,2.130300250000000000e+06,2.134425500000000000e+06,2.127540750000000000e+06,2.114124250000000000e+06,2.091955125000000000e+06,2.064269875000000000e+06,2.033909000000000000e+06,2.001555750000000000e+06,1.969224500000000000e+06,1.943221000000000000e+06,1.913788250000000000e+06,1.880980625000000000e+06,1.844841375000000000e+06,1.805152875000000000e+06,1.773063375000000000e+06,1.741108625000000000e+06,1.702037000000000000e+06,1.655304875000000000e+06,1.600421375000000000e+06,1.540659000000000000e+06,1.493883250000000000e+06,1.434246625000000000e+06,1.361833125000000000e+06,1.276962375000000000e+06,1.180220250000000000e+06,1.114567000000000000e+06,1.057308750000000000e+06,9.747005000000000000e+05,8.688400000000000000e+05,7.418298750000000000e+05,5.997051875000000000e+05,4.811670625000000000e+05,3.584809062500000000e+05,2.201238437500000000e+05,8.146853906250000000e+04,1.258512988281250000e+04
2.833635312500000000e+05,2.843755312500000000e+05,2.872688437500000000e+05,2.918326875000000000e+05,2.978588125000000000e+05,3.051396250000000000e+05,3.136412812500000000e+05,3.249197812500000000e+05,3.369164687500000000e+05,3.493013125000000000e+05,3.617381875000000000e+05,3.758585625000000000e+05,3.919977812500000000e+05,4.073720312500000000e+05,4.218275625000000000e+05,4.352896875000000000e+05,4.485516562500000000e+05,4.667525312500000000e+05,4.836888750000000000e+05,4.995436562500000000e+05,5.145114062500000000e+05,5.287889375000000000e+05,5.425751250000000000e+05,5.560611875000000000e+05,5.693756250000000000e+05,6.034840000000000000e+05,6.405265625000000000e+05,6.785731875000000000e+05,7.177611250000000000e+05,7.575222500000000000e+05,7.969759375000000000e+05,8.357058125000000000e+05,8.735818750000000000e+05,9.043515625000000000e+05,9.415710000000000000e+05,9.618233750000000000e+05,9.728146250000000000e+05,9.427141250000000000e+05,6.903143125000000000e+05,2.274674062500000000e+05,1.228506152343750000e+04
1.237169625000000000e+06,1.240742625000000000e+06,1.250457875000000000e+06,1.264684750000000000e+06,1.281712625000000000e+06,1.301151875000000000e+06,1.324065750000000000e+06,1.345034375000000000e+06,1.363470000000000000e+06,1.381224750000000000e+06,1.405879875000000000e+06,1.427975000000000000e+06,1.448034875000000000e+06,1.466620750000000000e+06,1.494271875000000000e+06,1.526088875000000000e+06,1.556904375000000000e+06,1.587492250000000000e+06,1.618447500000000000e+06,1.650142250000000000e+06,1.689763625000000000e+06,1.746234375000000000e+06,1.803887625000000000e+06,1.862977000000000000e+06,1.923519875000000000e+06,1.985418875000000000e+06,2.048573500000000000e+06,2.112914250000000000e+06,2.279062500000000000e+06,2.462477000000000000e+06,2.645836500000000000e+06,2.826597000000000000e+06,3.003012250000000000e+06,3.151625000000000000e+06,3.214018250000000000e+06,3.300851000000000000e+06,3.361328000000000000e+06,3.271878000000000000e+06,2.380322500000000000e+06,7.278824375000000000e+05,1.666210546875000000e+04
4.921605500000000000e+06,4.917146500000000000e+06,4.904055000000000000e+06,4.882696500000000000e+06,4.853372000000000000e+06,4.816345000000000000e+06,4.771867000000000000e+06,4.720260000000000000e+06,4.662519000000000000e+06,4.600063500000000000e+06,4.534360000000000000e+06,4.490058000000000000e+06,4.453189500000000000e+06,4.416270500000000000e+06,4.380215500000000000e+06,4.345775000000000000e+06,4.313416000000000000e+06,4.283618000000000000e+06,4.256485500000000000e+06,4.231529500000000000e+06,4.208163500000000000e+06,4.185161000000000000e+06,4.160689250000000000e+06,4.221991000000000000e+06,4.327409500000000000e+06,4.419836000000000000e+06,4.493793000000000000e+06,4.542307500000000000e+06,4.557264000000000000e+06,4.527882000000000000e+06,4.442495000000000000e+06,4.290632500000000000e+06,4.063647500000000000e+06,3.829012750000000000e+06,3.530497000000000000e+06,3.116690250000000000e+06,2.616544000000000000e+06,2.023103750000000000e+06,1.219831500000000000e+06,3.620936250000000000e+05,1.812182226562500000e+04
2.244844250000000000e+06,2.241274500000000000e+06,2.229226500000000000e+06,2.206348500000000000e+06,2.170244000000000000e+06,2.118915500000000000e+06,2.063021875000000000e+06,2.003968000000000000e+06,1.927547875000000000e+06,1.839790750000000000e+06,1.746629750000000000e+06,1.653443000000000000e+06,1.563242750000000000e+06,1.477902250000000000e+06,1.416619500000000000e+06,1.393060875000000000e+06,1.370366750000000000e+06,1.351045875000000000e+06,1.336762125000000000e+06,1.328171000000000000e+06,1.325664625000000000e+06,1.329309375000000000e+06,1.338888875000000000e+06,1.354056750000000000e+06,1.374290500000000000e+06,1.398947625000000000e+06,1.427400750000000000e+06,1.478584375000000000e+06,1.546385500000000000e+06,1.621523125000000000e+06,1.702664875000000000e+06,1.789162250000000000e+06,1.880621250000000000e+06,1.965875000000000000e+06,2.016758000000000000e+06,2.014585250000000000e+06,1.972847750000000000e+06,1.835190500000000000e+06,1.332875000000000000e+06,5.132831562500000000e+05,6.706392187500000000e+04
4.521744500000000000e+06,4.534333500000000000e+06,4.569107500000000000e+06,4.621377500000000000e+06,4.686219000000000000e+06,4.758518500000000000e+06,4.842409500000000000e+06,4.931186000000000000e+06,5.013015000000000000e+06,5.083929500000000000e+06,5.142157500000000000e+06,5.219531500000000000e+06,5.273505500000000000e+06,5.301326000000000000e+06,5.300671500000000000e+06,5.312016000000000000e+06,5.308273000000000000e+06,5.267973500000000000e+06,5.192199500000000000e+06,5.082808000000000000e+06,4.968686500000000000e+06,4.870324000000000000e+06,4.733986500000000000e+06,4.562891500000000000e+06,4.360231000000000000e+06,4.129232250000000000e+06,3.873118500000000000e+06,3.706153750000000000e+06,3.573291250000000000e+06,3.389621500000000000e+06,3.159022250000000000e+06,2.886018750000000000e+06,2.576451000000000000e+06,2.237505750000000000e+06,1.919602500000000000e+06,1.624349750000000000e+06,1.313218000000000000e+06,9.919955625000000000e+05,6.652465000000000000e+05,3.422741250000000000e+05,1.023787265625000000e+05
1.121046375000000000e+06,1.116438375000000000e+06,1.103292250000000000e+06,1.082589625000000000e+06,1.055325375000000000e+06,1.022567625000000000e+06,9.854907500000000000e+05,9.487768750000000000e+05,9.124979375000000000e+05,8.769532500000000000e+05,8.443337500000000000e+05,8.165527500000000000e+05,7.940617500000000000e+05,7.766496250000000000e+05,7.641658750000000000e+05,7.563103750000000000e+05,7.546356875000000000e+05,7.627627500000000000e+05,7.736667500000000000e+05,7.867065000000000000e+05,8.011722500000000000e+05,8.163548750000000000e+05,8.315380000000000000e+05,8.459353125000000000e+05,8.586965000000000000e+05,8.955618125000000000e+05,9.411401250000000000e+05,9.814996250000000000e+05,1.014647750000000000e+06,1.038055562500000000e+06,1.048890000000000000e+06,1.044051687500000000e+06,1.020413062500000000e+06,9.888686875000000000e+05,9.539577500000000000e+05,8.919310000000000000e+05,7.991143750000000000e+05,6.702510625000000000e+05,4.920865000000000000e+05,2.716244687500000000e+05,9.045265625000000000e+04
3.618871250000000000e+06,3.622062750000000000e+06,3.629823500000000000e+06,3.639193250000000000e+06,3.647029500000000000e+06,3.650163750000000000e+06,3.645545750000000000e+06,3.630624500000000000e+06,3.605854000000000000e+06,3.578923500000000000e+06,3.560115750000000000e+06,3.537639750000000000e+06,3.512501750000000000e+06,3.485286750000000000e+06,3.456817750000000000e+06,3.451148500000000000e+06,3.457201500000000000e+06,3.463018000000000000e+06,3.469704500000000000e+06,3.477943000000000000e+06,3.496542000000000000e+06,3.567939500000000000e+06,3.638628750000000000e+06,3.708737000000000000e+06,3.777466000000000000e+06,3.843480000000000000e+06,3.916196500000000000e+06,4.197479000000000000e+06,4.460777500000000000e+06,4.695029500000000000e+06,4.885591000000000000e+06,5.015766500000000000e+06,5.067251500000000000e+06,5.032922000000000000e+06,4.997717500000000000e+06,4.769741500000000000e+06,4.368419000000000000e+06,3.707032500000000000e+06,2.373821750000000000e+06,6.439858750000000000e+05,7.520099121093750000e+03
