5.899175000000000000e+05,5.903197500000000000e+05,5.919465000000000000e+05,5.944965625000000000e+05,5.971311875000000000e+05,5.992612500000000000e+05,6.003448125000000000e+05,6.011594375000000000e+05,6.018000625000000000e+05,6.006068125000000000e+05,5.977296875000000000e+05,5.977840625000000000e+05,5.970681875000000000e+05,5.951758750000000000e+05,5.925925625000000000e+05,5.946596250000000000e+05,5.978005625000000000e+05,6.004536250000000000e+05,6.028784375000000000e+05,6.051519375000000000e+05,6.072670000000000000e+05,6.157201875000000000e+05,6.247298125000000000e+05,6.323875000000000000e+05,6.382521250000000000e+05,6.417761875000000000e+05,6.422973125000000000e+05,6.390308750000000000e+05,6.414876250000000000e+05,6.602648750000000000e+05,6.702758125000000000e+05,6.694959375000000000e+05,6.558754375000000000e+05,6.273903125000000000e+05,5.820694375000000000e+05,5.311108125000000000e+05,4.758270937500000000e+05,4.023470000000000000e+05,3.078131875000000000e+05,1.923208125000000000e+05,7.964251562500000000e+04
6.100225000000000000e+04,6.105719531250000000e+04,6.120791015625000000e+04,6.143121484375000000e+04,6.170212500000000000e+04,6.199487500000000000e+04,6.228378515625000000e+04,6.254509375000000000e+04,6.276769531250000000e+04,6.294925000000000000e+04,6.442361328125000000e+04,6.675905468750000000e+04,6.901803906250000000e+04,7.117496093750000000e+04,7.320746093750000000e+04,7.510244531250000000e+04,7.685653125000000000e+04,7.846717187500000000e+04,7.993112500000000000e+04,8.124294531250000000e+04,8.239492968750000000e+04,8.337236718750000000e+04,8.491117968750000000e+04,8.698890625000000000e+04,8.893200781250000000e+04,9.068271093750000000e+04,9.216957031250000000e+04,9.330164062500000000e+04,9.397644531250000000e+04,9.406296875000000000e+04,9.341593750000000000e+04,9.186267968750000000e+04,8.921276562500000000e+04,8.526612500000000000e+04,7.981870312500000000e+04,7.268734375000000000e+04,6.376307031250000000e+04,5.309422265625000000e+04,4.073100781250000000e+04,2.707498437500000000e+04,1.449160644531250000e+04
3.577434375000000000e+04,3.552598828125000000e+04,3.491852734375000000e+04,3.406052343750000000e+04,3.291764453125000000e+04,3.152823046875000000e+04,2.994048242187500000e+04,2.821515625000000000e+04,2.643568750000000000e+04,2.469430664062500000e+04,2.307960937500000000e+04,2.213063281250000000e+04,2.184954296875000000e+04,2.164681835937500000e+04,2.153891015625000000e+04,2.153625585937500000e+04,2.163812304687500000e+04,2.183708789062500000e+04,2.212152929687500000e+04,2.247658984375000000e+04,2.288295507812500000e+04,2.346793554687500000e+04,2.438523632812500000e+04,2.536058203125000000e+04,2.638814062500000000e+04,2.746477929687500000e+04,2.858981250000000000e+04,2.976600585937500000e+04,3.099528125000000000e+04,3.226883398437500000e+04,3.357375390625000000e+04,3.489509375000000000e+04,3.621277343750000000e+04,3.740325781250000000e+04,3.818892578125000000e+04,3.834324218750000000e+04,3.782855859375000000e+04,3.600956250000000000e+04,3.043125781250000000e+04,2.045321289062500000e+04,1.100912988281250000e+04
1.323767125000000000e+06,1.325026375000000000e+06,1.328516750000000000e+06,1.333745625000000000e+06,1.340157250000000000e+06,1.347153375000000000e+06,1.354113750000000000e+06,1.362931375000000000e+06,1.372289625000000000e+06,1.380239000000000000e+06,1.386400875000000000e+06,1.390493750000000000e+06,1.397472500000000000e+06,1.406523250000000000e+06,1.412817000000000000e+06,1.416498000000000000e+06,1.417876875000000000e+06,1.430331625000000000e+06,1.443145625000000000e+06,1.453657375000000000e+06,1.462426500000000000e+06,1.469992500000000000e+06,1.489575250000000000e+06,1.519974125000000000e+06,1.548931750000000000e+06,1.576780750000000000e+06,1.603612500000000000e+06,1.629195375000000000e+06,1.680240750000000000e+06,1.796276125000000000e+06,1.904025125000000000e+06,1.999025875000000000e+06,2.075746750000000000e+06,2.117935500000000000e+06,2.093388125000000000e+06,2.058374625000000000e+06,1.988351000000000000e+06,1.810417375000000000e+06,1.285806500000000000e+06,4.512190625000000000e+05,3.152828710937500000e+04
5.365313500000000000e+06,5.357937000000000000e+06,5.337887000000000000e+06,5.310060000000000000e+06,5.270363000000000000e+06,5.218110000000000000e+06,5.152566500000000000e+06,5.073107500000000000e+06,4.980015500000000000e+06,4.874257500000000000e+06,4.757075000000000000e+06,4.629980500000000000e+06,4.515893000000000000e+06,4.409214000000000000e+06,4.294663000000000000e+06,4.174094250000000000e+06,4.049364750000000000e+06,3.922431000000000000e+06,3.794977750000000000e+06,3.711564750000000000e+06,3.632097250000000000e+06,3.549140500000000000e+06,3.463174750000000000e+06,3.374382000000000000e+06,3.282000500000000000e+06,3.184848000000000000e+06,3.153020750000000000e+06,3.179795750000000000e+06,3.179602500000000000e+06,3.147583250000000000e+06,3.078064750000000000e+06,2.965365750000000000e+06,2.804413750000000000e+06,2.587605250000000000e+06,2.369085250000000000e+06,2.113467250000000000e+06,1.801799125000000000e+06,1.427677000000000000e+06,9.348033125000000000e+05,3.782500000000000000e+05,6.370581640625000000e+04
3.967983750000000000e+05,3.973981562500000000e+05,3.991691875000000000e+05,4.021683750000000000e+05,4.057992812500000000e+05,4.097048125000000000e+05,4.135165937500000000e+05,4.168632500000000000e+05,4.193909375000000000e+05,4.223515625000000000e+05,4.249850000000000000e+05,4.257345937500000000e+05,4.244667187500000000e+05,4.211546875000000000e+05,4.177398750000000000e+05,4.142180625000000000e+05,4.083586562500000000e+05,4.003496562500000000e+05,3.903974062500000000e+05,3.787205625000000000e+05,3.655284687500000000e+05,3.548071875000000000e+05,3.429530937500000000e+05,3.294789062500000000e+05,3.145162500000000000e+05,2.981765312500000000e+05,2.805547500000000000e+05,2.617332968750000000e+05,2.423951718750000000e+05,2.328324531250000000e+05,2.201446875000000000e+05,2.044109062500000000e+05,1.858253906250000000e+05,1.645994218750000000e+05,1.409117656250000000e+05,1.169984140625000000e+05,9.620258593750000000e+04,7.479340625000000000e+04,5.089772265625000000e+04,2.553776367187500000e+04,9.074516601562500000e+03
5.142728500000000000e+06,5.120713500000000000e+06,5.057115500000000000e+06,4.955122000000000000e+06,4.817758000000000000e+06,4.648392500000000000e+06,4.480536500000000000e+06,4.313514000000000000e+06,4.125396000000000000e+06,3.924491250000000000e+06,3.720047750000000000e+06,3.521368000000000000e+06,3.333754250000000000e+06,3.191853250000000000e+06,3.162483000000000000e+06,3.128255750000000000e+06,3.092990750000000000e+06,3.059340250000000000e+06,3.028463250000000000e+06,2.999814000000000000e+06,2.972008750000000000e+06,2.943022750000000000e+06,2.910323500000000000e+06,2.871034500000000000e+06,2.822247500000000000e+06,2.764539750000000000e+06,2.736033750000000000e+06,2.692652250000000000e+06,2.631031250000000000e+06,2.547702250000000000e+06,2.439245000000000000e+06,2.302767000000000000e+06,2.136037250000000000e+06,1.936495875000000000e+06,1.701310750000000000e+06,1.432679125000000000e+06,1.143138375000000000e+06,8.419406250000000000e+05,5.195472187500000000e+05,2.127700000000000000e+05,4.510032812500000000e+04
5.695730000000000000e+06,5.665664000000000000e+06,5.579966000000000000e+06,5.445643500000000000e+06,5.275532000000000000e+06,5.078753500000000000e+06,4.856069000000000000e+06,4.613958500000000000e+06,4.360204500000000000e+06,4.103143250000000000e+06,3.850681750000000000e+06,3.609890250000000000e+06,3.384481250000000000e+06,3.176525000000000000e+06,2.987963750000000000e+06,2.819332750000000000e+06,2.675801500000000000e+06,2.570253250000000000e+06,2.477680250000000000e+06,2.395790000000000000e+06,2.322258750000000000e+06,2.254507500000000000e+06,2.189701500000000000e+06,2.125005250000000000e+06,2.057651750000000000e+06,2.019642625000000000e+06,2.020431125000000000e+06,2.002320500000000000e+06,1.962276000000000000e+06,1.897393875000000000e+06,1.805115000000000000e+06,1.684310875000000000e+06,1.535418000000000000e+06,1.360470625000000000e+06,1.200065500000000000e+06,1.011913000000000000e+06,8.088535000000000000e+05,5.942782500000000000e+05,3.421217187500000000e+05,9.668874218750000000e+04,4.679151367187500000e+03
3.578392812500000000e+05,3.554951875000000000e+05,3.489081250000000000e+05,3.387577187500000000e+05,3.257285000000000000e+05,3.106839375000000000e+05,2.948258125000000000e+05,2.780605937500000000e+05,2.610218750000000000e+05,2.443538281250000000e+05,2.286748750000000000e+05,2.145337812500000000e+05,2.021145468750000000e+05,1.917451250000000000e+05,1.842925156250000000e+05,1.783654687500000000e+05,1.738220312500000000e+05,1.705206250000000000e+05,1.682927031250000000e+05,1.669207812500000000e+05,1.664671250000000000e+05,1.682907187500000000e+05,1.701958281250000000e+05,1.719585625000000000e+05,1.733509531250000000e+05,1.741301718750000000e+05,1.740420625000000000e+05,1.728302187500000000e+05,1.758664062500000000e+05,1.799872968750000000e+05,1.813745781250000000e+05,1.794985781250000000e+05,1.738999843750000000e+05,1.639117968750000000e+05,1.485943750000000000e+05,1.328978125000000000e+05,1.151978125000000000e+05,9.345397656250000000e+04,6.195560546875000000e+04,2.397932226562500000e+04,4.359439941406250000e+03
2.768647500000000000e+05,2.774304375000000000e+05,2.789535625000000000e+05,2.811477812500000000e+05,2.837059687500000000e+05,2.873965312500000000e+05,2.928840937500000000e+05,2.979021562500000000e+05,3.021013437500000000e+05,3.052121562500000000e+05,3.103119375000000000e+05,3.162465000000000000e+05,3.200567500000000000e+05,3.218906875000000000e+05,3.219124687500000000e+05,3.203193125000000000e+05,3.217864062500000000e+05,3.295608750000000000e+05,3.345389062500000000e+05,3.370914062500000000e+05,3.375508125000000000e+05,3.361296562500000000e+05,3.329345312500000000e+05,3.280289375000000000e+05,3.213767812500000000e+05,3.129048437500000000e+05,3.025172187500000000e+05,2.901012187500000000e+05,2.755580312500000000e+05,2.613065156250000000e+05,2.477861562500000000e+05,2.320760937500000000e+05,2.140668593750000000e+05,1.935694062500000000e+05,1.702988437500000000e+05,1.444407031250000000e+05,1.171837968750000000e+05,8.909742968750000000e+04,5.828416796875000000e+04,2.736693164062500000e+04,9.091272460937500000e+03
6.718611875000000000e+05,6.739021250000000000e+05,6.792794375000000000e+05,6.867946875000000000e+05,6.971292500000000000e+05,7.075065000000000000e+05,7.162273750000000000e+05,7.219579375000000000e+05,7.262791250000000000e+05,7.280181250000000000e+05,7.259465000000000000e+05,7.201296875000000000e+05,7.163343750000000000e+05,7.084882500000000000e+05,6.962978125000000000e+05,6.805570000000000000e+05,6.693226875000000000e+05,6.537506250000000000e+05,6.345127500000000000e+05,6.122436250000000000e+05,5.902191250000000000e+05,5.729507500000000000e+05,5.524580000000000000e+05,5.293275000000000000e+05,5.040086250000000000e+05,4.768709375000000000e+05,4.482014062500000000e+05,4.406749375000000000e+05,4.282354062500000000e+05,4.108315000000000000e+05,3.887797500000000000e+05,3.623079687500000000e+05,3.316599062500000000e+05,2.973735937500000000e+05,2.693003750000000000e+05,2.408882500000000000e+05,2.082574218750000000e+05,1.715670156250000000e+05,1.358670937500000000e+05,1.010221953125000000e+05,5.522592187500000000e+04
1.201655875000000000e+06,1.196533500000000000e+06,1.182736875000000000e+06,1.165790000000000000e+06,1.141889000000000000e+06,1.111012000000000000e+06,1.073374000000000000e+06,1.029598437500000000e+06,9.816153750000000000e+05,9.320044375000000000e+05,8.832652500000000000e+05,8.376352500000000000e+05,7.960592500000000000e+05,7.902712500000000000e+05,7.859910625000000000e+05,7.833291250000000000e+05,7.826758125000000000e+05,7.843246875000000000e+05,7.883078125000000000e+05,7.942779375000000000e+05,8.017375625000000000e+05,8.100681875000000000e+05,8.185255000000000000e+05,8.348908125000000000e+05,8.588278750000000000e+05,8.816895000000000000e+05,9.020460000000000000e+05,9.183037500000000000e+05,9.286515000000000000e+05,9.307984375000000000e+05,9.222721250000000000e+05,9.007883750000000000e+05,8.642990000000000000e+05,8.093148125000000000e+05,7.307654375000000000e+05,6.287301875000000000e+05,5.130034375000000000e+05,3.853953125000000000e+05,2.273702968750000000e+05,7.244126562500000000e+04,8.682241210937500000e+03
3.061399250000000000e+06,3.067752000000000000e+06,3.085112250000000000e+06,3.110640500000000000e+06,3.141293500000000000e+06,3.181961500000000000e+06,3.225742750000000000e+06,3.266407000000000000e+06,3.303392750000000000e+06,3.348515000000000000e+06,3.408549000000000000e+06,3.467759000000000000e+06,3.526571250000000000e+06,3.604786750000000000e+06,3.709106000000000000e+06,3.809803000000000000e+06,3.907571500000000000e+06,4.002970250000000000e+06,4.153810500000000000e+06,4.314632500000000000e+06,4.469591500000000000e+06,4.619229500000000000e+06,4.764035500000000000e+06,4.904197000000000000e+06,5.128039000000000000e+06,5.506311500000000000e+06,5.876172000000000000e+06,6.235257500000000000e+06,6.578965500000000000e+06,6.894944500000000000e+06,7.166617500000000000e+06,7.375026000000000000e+06,7.498741500000000000e+06,7.730582500000000000e+06,7.775566000000000000e+06,7.540610000000000000e+06,7.056826000000000000e+06,6.161536500000000000e+06,4.110263250000000000e+06,1.281194250000000000e+06,5.951702734375000000e+04
1.005070375000000000e+06,1.010561687500000000e+06,1.025261250000000000e+06,1.046837687500000000e+06,1.075458125000000000e+06,1.105215625000000000e+06,1.132881500000000000e+06,1.155568875000000000e+06,1.177302000000000000e+06,1.193549000000000000e+06,1.205037875000000000e+06,1.212393125000000000e+06,1.224382875000000000e+06,1.231193750000000000e+06,1.231517125000000000e+06,1.225124750000000000e+06,1.223005125000000000e+06,1.217219375000000000e+06,1.203798375000000000e+06,1.183038750000000000e+06,1.155268375000000000e+06,1.134367875000000000e+06,1.110645250000000000e+06,1.078298125000000000e+06,1.037821875000000000e+06,9.897229375000000000e+05,9.345430625000000000e+05,8.979916875000000000e+05,8.732128750000000000e+05,8.337160625000000000e+05,7.802687500000000000e+05,7.141421250000000000e+05,6.371620625000000000e+05,5.509530625000000000e+05,4.676501562500000000e+05,3.862962812500000000e+05,3.031418437500000000e+05,2.198859843750000000e+05,1.284207500000000000e+05,4.164346875000000000e+04,4.980808105468750000e+03
1.545637375000000000e+06,1.547175500000000000e+06,1.551605500000000000e+06,1.558634375000000000e+06,1.567953625000000000e+06,1.579246125000000000e+06,1.592193125000000000e+06,1.606476000000000000e+06,1.621741250000000000e+06,1.680045625000000000e+06,1.745860000000000000e+06,1.812772875000000000e+06,1.879690500000000000e+06,1.945542000000000000e+06,2.009220375000000000e+06,2.069683125000000000e+06,2.125971500000000000e+06,2.177082000000000000e+06,2.222003500000000000e+06,2.259731500000000000e+06,2.289219500000000000e+06,2.309349000000000000e+06,2.333944250000000000e+06,2.369674000000000000e+06,2.394649000000000000e+06,2.406844500000000000e+06,2.404084000000000000e+06,2.384001500000000000e+06,2.344149750000000000e+06,2.281676250000000000e+06,2.193786500000000000e+06,2.078203625000000000e+06,1.933307375000000000e+06,1.756705375000000000e+06,1.545280000000000000e+06,1.301922750000000000e+06,1.040579750000000000e+06,7.689378125000000000e+05,4.742966562500000000e+05,1.948738437500000000e+05,4.373827734375000000e+04
1.256417750000000000e+06,1.254843625000000000e+06,1.249675500000000000e+06,1.240106125000000000e+06,1.225263750000000000e+06,1.205870125000000000e+06,1.181475750000000000e+06,1.149869875000000000e+06,1.112224125000000000e+06,1.070595000000000000e+06,1.027026125000000000e+06,9.869451250000000000e+05,9.496886875000000000e+05,9.134145625000000000e+05,8.788633125000000000e+05,8.466223125000000000e+05,8.187221875000000000e+05,7.998351875000000000e+05,7.829670625000000000e+05,7.679749375000000000e+05,7.546441875000000000e+05,7.425823750000000000e+05,7.360345000000000000e+05,7.358525625000000000e+05,7.340113125000000000e+05,7.296925000000000000e+05,7.219806875000000000e+05,7.098826875000000000e+05,6.969544375000000000e+05,7.121959375000000000e+05,7.151606250000000000e+05,7.039811875000000000e+05,6.771350625000000000e+05,6.327446875000000000e+05,5.684850625000000000e+05,5.030373125000000000e+05,4.302593750000000000e+05,3.426903750000000000e+05,2.259458125000000000e+05,9.262385937500000000e+04,1.764396875000000000e+04
1.308451250000000000e+05,1.301550859375000000e+05,1.281902656250000000e+05,1.250880312500000000e+05,1.209773671875000000e+05,1.159987890625000000e+05,1.107012500000000000e+05,1.048634218750000000e+05,9.871616406250000000e+04,9.253839843750000000e+04,8.694755468750000000e+04,8.211435156250000000e+04,7.781923437500000000e+04,7.412027343750000000e+04,7.106586718750000000e+04,6.911774218750000000e+04,6.791452343750000000e+04,6.719050000000000000e+04,6.691075000000000000e+04,6.702369531250000000e+04,6.746988281250000000e+04,6.824147656250000000e+04,7.011092187500000000e+04,7.216527343750000000e+04,7.438111718750000000e+04,7.673376562500000000e+04,7.919937500000000000e+04,8.175896875000000000e+04,8.438166406250000000e+04,9.072512500000000000e+04,9.830570312500000000e+04,1.059169531250000000e+05,1.134008750000000000e+05,1.201210390625000000e+05,1.246559609375000000e+05,1.277130703125000000e+05,1.327445468750000000e+05,1.330636562500000000e+05,1.145045000000000000e+05,6.937253906250000000e+04,2.592848242187500000e+04
9.051437500000000000e+05,9.041948750000000000e+05,9.013875625000000000e+05,8.966823750000000000e+05,8.940384375000000000e+05,8.926400625000000000e+05,8.894443750000000000e+05,8.843181875000000000e+05,8.779200000000000000e+05,8.713785625000000000e+05,8.734610000000000000e+05,8.844060625000000000e+05,8.970625000000000000e+05,9.112235625000000000e+05,9.266872500000000000e+05,9.432818750000000000e+05,9.805772500000000000e+05,1.046811625000000000e+06,1.111052000000000000e+06,1.173275375000000000e+06,1.233331625000000000e+06,1.291185875000000000e+06,1.346946875000000000e+06,1.400674750000000000e+06,1.452361125000000000e+06,1.501947625000000000e+06,1.565566875000000000e+06,1.646831250000000000e+06,1.731078000000000000e+06,1.816174875000000000e+06,1.899111000000000000e+06,1.976444625000000000e+06,2.043922750000000000e+06,2.085885125000000000e+06,2.069993625000000000e+06,1.976299125000000000e+06,1.820895125000000000e+06,1.564335500000000000e+06,1.010655312500000000e+06,2.917112812500000000e+05,1.187860839843750000e+04
1.088423250000000000e+06,1.082131750000000000e+06,1.064586250000000000e+06,1.037723250000000000e+06,1.003424062500000000e+06,9.635425625000000000e+05,9.199264375000000000e+05,8.744306250000000000e+05,8.307495625000000000e+05,7.916488750000000000e+05,7.559087500000000000e+05,7.252826250000000000e+05,7.001880625000000000e+05,6.820116250000000000e+05,6.749590000000000000e+05,6.721237500000000000e+05,6.729705000000000000e+05,6.769012500000000000e+05,6.853149375000000000e+05,7.054374375000000000e+05,7.256095625000000000e+05,7.450447500000000000e+05,7.629555625000000000e+05,7.784583750000000000e+05,7.982982500000000000e+05,8.495940000000000000e+05,8.936056875000000000e+05,9.288576250000000000e+05,9.537440625000000000e+05,9.664903750000000000e+05,9.652696250000000000e+05,9.481543750000000000e+05,9.265093125000000000e+05,9.056142500000000000e+05,8.664903125000000000e+05,8.051184375000000000e+05,7.161179375000000000e+05,5.974847500000000000e+05,4.530980937500000000e+05,2.854046875000000000e+05,1.174493984375000000e+05
2.806400750000000000e+06,2.808761750000000000e+06,2.815569000000000000e+06,2.826363750000000000e+06,2.840640250000000000e+06,2.867832000000000000e+06,2.903375500000000000e+06,2.942597250000000000e+06,2.984423500000000000e+06,3.027725250000000000e+06,3.071445250000000000e+06,3.114624250000000000e+06,3.156496750000000000e+06,3.227392000000000000e+06,3.309201750000000000e+06,3.386562750000000000e+06,3.458752250000000000e+06,3.525084500000000000e+06,3.584876000000000000e+06,3.637389750000000000e+06,3.731647750000000000e+06,3.926454250000000000e+06,4.103234000000000000e+06,4.259723500000000000e+06,4.392810500000000000e+06,4.498813000000000000e+06,4.573181500000000000e+06,4.610302000000000000e+06,4.603795000000000000e+06,4.544893500000000000e+06,4.450069500000000000e+06,4.376231000000000000e+06,4.235304500000000000e+06,4.007675750000000000e+06,3.663455250000000000e+06,3.194460500000000000e+06,2.639982000000000000e+06,2.000882250000000000e+06,1.166599250000000000e+06,3.205256562500000000e+05,1.194258789062500000e+04
5.750347500000000000e+06,5.767730000000000000e+06,5.816382500000000000e+06,5.890522000000000000e+06,5.984036000000000000e+06,6.090894000000000000e+06,6.205485500000000000e+06,6.322905500000000000e+06,6.439504000000000000e+06,6.552772500000000000e+06,6.661089000000000000e+06,6.763728500000000000e+06,6.861169000000000000e+06,6.954205500000000000e+06,7.097059500000000000e+06,7.297550000000000000e+06,7.498197500000000000e+06,7.698659000000000000e+06,7.899252000000000000e+06,8.101135000000000000e+06,8.306107500000000000e+06,8.516097000000000000e+06,8.733105000000000000e+06,8.959382000000000000e+06,9.196234000000000000e+06,9.444773000000000000e+06,9.705698000000000000e+06,9.978894000000000000e+06,1.026218900000000000e+07,1.054383100000000000e+07,1.080826800000000000e+07,1.104124800000000000e+07,1.122755500000000000e+07,1.128705200000000000e+07,1.104983000000000000e+07,1.043003800000000000e+07,9.548831000000000000e+06,8.193185000000000000e+06,5.278749500000000000e+06,1.551864500000000000e+06,7.571770312500000000e+04
2.595784500000000000e+06,2.603638250000000000e+06,2.624151500000000000e+06,2.652420000000000000e+06,2.698775500000000000e+06,2.758513250000000000e+06,2.811525000000000000e+06,2.851492500000000000e+06,2.875957500000000000e+06,2.941509750000000000e+06,2.988757500000000000e+06,3.015065750000000000e+06,3.022504500000000000e+06,3.013978500000000000e+06,3.071497750000000000e+06,3.173823750000000000e+06,3.249748750000000000e+06,3.306588000000000000e+06,3.350716000000000000e+06,3.387167750000000000e+06,3.420535500000000000e+06,3.454193750000000000e+06,3.490459500000000000e+06,3.531269750000000000e+06,3.577385750000000000e+06,3.629099750000000000e+06,3.716516250000000000e+06,3.850836750000000000e+06,4.002092000000000000e+06,4.167538500000000000e+06,4.343143000000000000e+06,4.527757500000000000e+06,4.721814500000000000e+06,4.892934000000000000e+06,4.957909000000000000e+06,4.872253000000000000e+06,4.705887000000000000e+06,4.315025500000000000e+06,2.928893750000000000e+06,8.577678750000000000e+05,3.304303515625000000e+04
1.419278125000000000e+06,1.414833000000000000e+06,1.401698375000000000e+06,1.380182750000000000e+06,1.350631375000000000e+06,1.321779625000000000e+06,1.294885625000000000e+06,1.260538125000000000e+06,1.219733250000000000e+06,1.174282250000000000e+06,1.125972375000000000e+06,1.076458750000000000e+06,1.026757062500000000e+06,9.775908125000000000e+05,9.296891250000000000e+05,8.836240000000000000e+05,8.397437500000000000e+05,7.983567500000000000e+05,7.595653750000000000e+05,7.231980000000000000e+05,6.890617500000000000e+05,6.568478750000000000e+05,6.261498125000000000e+05,5.965606250000000000e+05,5.676261875000000000e+05,5.388921875000000000e+05,5.151436250000000000e+05,4.938326562500000000e+05,4.715983437500000000e+05,4.480220312500000000e+05,4.227034062500000000e+05,3.952049687500000000e+05,3.650988750000000000e+05,3.322907500000000000e+05,2.970869687500000000e+05,2.592764375000000000e+05,2.177425625000000000e+05,1.734976250000000000e+05,1.316560468750000000e+05,9.286782031250000000e+04,4.957447265625000000e+04
9.270885937500000000e+04,9.282746875000000000e+04,9.314617968750000000e+04,9.359997656250000000e+04,9.411545312500000000e+04,9.461559375000000000e+04,9.535352343750000000e+04,9.595382031250000000e+04,9.635025781250000000e+04,9.651896093750000000e+04,9.704581250000000000e+04,9.750813281250000000e+04,9.769150000000000000e+04,9.762142968750000000e+04,9.839139843750000000e+04,9.909125000000000000e+04,9.952663281250000000e+04,9.975810937500000000e+04,1.001277109375000000e+05,1.018030000000000000e+05,1.032188515625000000e+05,1.044162500000000000e+05,1.054159218750000000e+05,1.062239218750000000e+05,1.068142968750000000e+05,1.101987187500000000e+05,1.152090937500000000e+05,1.195421796875000000e+05,1.230644609375000000e+05,1.255725937500000000e+05,1.268221640625000000e+05,1.265081015625000000e+05,1.242922421875000000e+05,1.210006171875000000e+05,1.183601796875000000e+05,1.131760546875000000e+05,1.046009843750000000e+05,9.193212500000000000e+04,7.487322656250000000e+04,5.305937500000000000e+04,2.819207617187500000e+04
9.896836875000000000e+05,9.931758750000000000e+05,1.003115562500000000e+06,1.018698562500000000e+06,1.039120437500000000e+06,1.066391875000000000e+06,1.097720500000000000e+06,1.131743125000000000e+06,1.167575875000000000e+06,1.205771750000000000e+06,1.252159750000000000e+06,1.297645250000000000e+06,1.341568500000000000e+06,1.383446125000000000e+06,1.435956250000000000e+06,1.488113125000000000e+06,1.536247250000000000e+06,1.580195750000000000e+06,1.619789750000000000e+06,1.660714000000000000e+06,1.714862375000000000e+06,1.762609875000000000e+06,1.803413375000000000e+06,1.836567250000000000e+06,1.860848250000000000e+06,1.874790250000000000e+06,1.876596500000000000e+06,1.934421375000000000e+06,1.992573125000000000e+06,2.024700250000000000e+06,2.024755125000000000e+06,1.987126250000000000e+06,1.907113625000000000e+06,1.777445250000000000e+06,1.606718125000000000e+06,1.424821250000000000e+06,1.202314625000000000e+06,9.349788125000000000e+05,5.633318750000000000e+05,1.592531718750000000e+05,5.448518554687500000e+03
4.391157000000000000e+06,4.400553500000000000e+06,4.426514500000000000e+06,4.465508500000000000e+06,4.518325500000000000e+06,4.595789500000000000e+06,4.677251000000000000e+06,4.758290000000000000e+06,4.837168500000000000e+06,4.913867000000000000e+06,5.030441000000000000e+06,5.160400500000000000e+06,5.286680000000000000e+06,5.407735500000000000e+06,5.522241500000000000e+06,5.707761000000000000e+06,5.903173000000000000e+06,6.083935500000000000e+06,6.249101500000000000e+06,6.397282500000000000e+06,6.526768000000000000e+06,6.818507500000000000e+06,7.216858000000000000e+06,7.569432000000000000e+06,7.870196000000000000e+06,8.111972500000000000e+06,8.285987500000000000e+06,8.381600500000000000e+06,8.386975500000000000e+06,8.286435000000000000e+06,8.091933000000000000e+06,7.948021000000000000e+06,7.673583000000000000e+06,7.234761000000000000e+06,6.581108500000000000e+06,5.703536500000000000e+06,4.679183000000000000e+06,3.517345000000000000e+06,2.040866750000000000e+06,5.789704375000000000e+05,2.909234960937500000e+04
8.424703000000000000e+06,8.372002000000000000e+06,8.221836500000000000e+06,7.984740500000000000e+06,7.671123000000000000e+06,7.292932500000000000e+06,6.864620000000000000e+06,6.403347500000000000e+06,6.154504000000000000e+06,5.932873000000000000e+06,5.679805500000000000e+06,5.418953500000000000e+06,5.166049000000000000e+06,4.929830500000000000e+06,4.716361500000000000e+06,4.527800500000000000e+06,4.362053000000000000e+06,4.215404500000000000e+06,4.100962000000000000e+06,4.031941750000000000e+06,3.964717250000000000e+06,3.895035500000000000e+06,3.819308500000000000e+06,3.734067500000000000e+06,3.636648500000000000e+06,3.524683250000000000e+06,3.396128000000000000e+06,3.249426000000000000e+06,3.083263750000000000e+06,2.896831000000000000e+06,2.689689750000000000e+06,2.461755000000000000e+06,2.213604750000000000e+06,1.947082125000000000e+06,1.665225375000000000e+06,1.371758500000000000e+06,1.073114500000000000e+06,7.801616250000000000e+05,5.017557500000000000e+05,2.525524062500000000e+05,8.180858593750000000e+04
5.130725000000000000e+06,5.150449000000000000e+06,5.203911500000000000e+06,5.282367000000000000e+06,5.376871000000000000e+06,5.478347000000000000e+06,5.577686000000000000e+06,5.666382000000000000e+06,5.741594000000000000e+06,5.803873500000000000e+06,5.853865500000000000e+06,6.093286000000000000e+06,6.360859000000000000e+06,6.603726000000000000e+06,6.813880000000000000e+06,6.985833000000000000e+06,7.117352500000000000e+06,7.206664500000000000e+06,7.252263000000000000e+06,7.252886500000000000e+06,7.207579500000000000e+06,7.167263000000000000e+06,7.171216000000000000e+06,7.132654000000000000e+06,7.047825500000000000e+06,6.913384500000000000e+06,6.726381000000000000e+06,6.484265000000000000e+06,6.185094000000000000e+06,5.827068500000000000e+06,5.409448500000000000e+06,4.933944500000000000e+06,4.404948500000000000e+06,3.826126000000000000e+06,3.200254000000000000e+06,2.544461250000000000e+06,1.901486000000000000e+06,1.295697125000000000e+06,7.003136875000000000e+05,2.050511250000000000e+05,1.764472265625000000e+04
1.985242656250000000e+05,1.986027812500000000e+05,1.987698437500000000e+05,1.989151093750000000e+05,1.989219843750000000e+05,1.986721875000000000e+05,1.980500156250000000e+05,1.979703437500000000e+05,1.981964375000000000e+05,1.979440468750000000e+05,1.972300468750000000e+05,1.960719687500000000e+05,1.944451875000000000e+05,1.923099218750000000e+05,1.896374375000000000e+05,1.864155781250000000e+05,1.832357656250000000e+05,1.857766406250000000e+05,1.871344687500000000e+05,1.872958906250000000e+05,1.862566406250000000e+05,1.840319375000000000e+05,1.806530156250000000e+05,1.761585156250000000e+05,1.706001562500000000e+05,1.640373281250000000e+05,1.565357812500000000e+05,1.481685000000000000e+05,1.420190937500000000e+05,1.353541562500000000e+05,1.280469921875000000e+05,1.200678437500000000e+05,1.113670781250000000e+05,1.020247187500000000e+05,9.227407812500000000e+04,8.203692187500000000e+04,7.065401562500000000e+04,5.839990625000000000e+04,4.766629296875000000e+04,3.846013281250000000e+04,2.450578710937500000e+04
1.407336750000000000e+06,1.394017250000000000e+06,1.356530750000000000e+06,1.298726250000000000e+06,1.224649750000000000e+06,1.146240375000000000e+06,1.060791250000000000e+06,9.702638125000000000e+05,8.789785000000000000e+05,7.911734375000000000e+05,7.105200000000000000e+05,6.398187500000000000e+05,5.791821250000000000e+05,5.275838125000000000e+05,4.840917500000000000e+05,4.476121562500000000e+05,4.251969687500000000e+05,4.097616250000000000e+05,3.960826562500000000e+05,3.834973750000000000e+05,3.712950625000000000e+05,3.589183125000000000e+05,3.459581875000000000e+05,3.320249687500000000e+05,3.168957812500000000e+05,3.004153437500000000e+05,2.825043750000000000e+05,2.631896562500000000e+05,2.425407343750000000e+05,2.239270625000000000e+05,2.058718593750000000e+05,1.866939375000000000e+05,1.665029687500000000e+05,1.453294375000000000e+05,1.231037578125000000e+05,1.002027109375000000e+05,7.788972656250000000e+04,5.665070312500000000e+04,3.462109765625000000e+04,1.401382714843750000e+04,4.067260742187500000e+03
2.012239625000000000e+06,2.010092375000000000e+06,2.002480625000000000e+06,1.987513250000000000e+06,1.963267875000000000e+06,1.927965625000000000e+06,1.880127000000000000e+06,1.818917000000000000e+06,1.746160500000000000e+06,1.703646875000000000e+06,1.655591625000000000e+06,1.601405875000000000e+06,1.542314000000000000e+06,1.478765500000000000e+06,1.411502000000000000e+06,1.341565625000000000e+06,1.270155000000000000e+06,1.198442750000000000e+06,1.127279000000000000e+06,1.057085625000000000e+06,9.882353750000000000e+05,9.209373125000000000e+05,8.579410000000000000e+05,8.090168125000000000e+05,7.608242500000000000e+05,7.129392500000000000e+05,6.649636250000000000e+05,6.165335000000000000e+05,5.673303125000000000e+05,5.170996562500000000e+05,4.656739375000000000e+05,4.131249687500000000e+05,3.597436250000000000e+05,3.057310937500000000e+05,2.511702812500000000e+05,1.971949531250000000e+05,1.468054531250000000e+05,1.012163906250000000e+05,5.718762109375000000e+04,1.983646093750000000e+04,4.152193359375000000e+03
4.870302343750000000e+04,4.882236718750000000e+04,4.914869531250000000e+04,4.963340625000000000e+04,5.022700390625000000e+04,5.087967187500000000e+04,5.154183984375000000e+04,5.216844921875000000e+04,5.275491406250000000e+04,5.332099609375000000e+04,5.409295312500000000e+04,5.494431250000000000e+04,5.582176562500000000e+04,5.671811718750000000e+04,5.762739843750000000e+04,5.854731640625000000e+04,5.977030468750000000e+04,6.127208593750000000e+04,6.278015625000000000e+04,6.428692187500000000e+04,6.578338281250000000e+04,6.725475781250000000e+04,6.920311718750000000e+04,7.165129687500000000e+04,7.397134375000000000e+04,7.610642187500000000e+04,7.798203125000000000e+04,7.950061718750000000e+04,8.183607812500000000e+04,8.708641406250000000e+04,9.130329687500000000e+04,9.412971093750000000e+04,9.518896875000000000e+04,9.386386718750000000e+04,8.921016406250000000e+04,8.512783593750000000e+04,7.841828906250000000e+04,6.801492968750000000e+04,4.859582812500000000e+04,2.128941992187500000e+04,5.216183593750000000e+03
1.112170750000000000e+06,1.103632500000000000e+06,1.079712000000000000e+06,1.043787187500000000e+06,9.984866250000000000e+05,9.455089375000000000e+05,8.872662500000000000e+05,8.262360000000000000e+05,7.651187500000000000e+05,7.066132500000000000e+05,6.559093125000000000e+05,6.133284375000000000e+05,5.777740625000000000e+05,5.489515625000000000e+05,5.266761875000000000e+05,5.151394062500000000e+05,5.098920000000000000e+05,5.088774062500000000e+05,5.115248125000000000e+05,5.171776250000000000e+05,5.333598750000000000e+05,5.522340625000000000e+05,5.718328125000000000e+05,5.915836875000000000e+05,6.109558750000000000e+05,6.330237500000000000e+05,6.869526250000000000e+05,7.379030000000000000e+05,7.846251250000000000e+05,8.251718750000000000e+05,8.571601250000000000e+05,8.778892500000000000e+05,8.844319375000000000e+05,8.938353125000000000e+05,8.873335000000000000e+05,8.493954375000000000e+05,7.809352500000000000e+05,6.704923750000000000e+05,4.685281875000000000e+05,2.003590000000000000e+05,4.087355859375000000e+04
7.986606250000000000e+05,8.006617500000000000e+05,8.063755625000000000e+05,8.153568125000000000e+05,8.278242500000000000e+05,8.441450625000000000e+05,8.626282500000000000e+05,8.827182500000000000e+05,9.038442500000000000e+05,9.254291875000000000e+05,9.538017500000000000e+05,9.816085625000000000e+05,1.008099000000000000e+06,1.032680500000000000e+06,1.063943375000000000e+06,1.095918375000000000e+06,1.123679250000000000e+06,1.146727000000000000e+06,1.164618250000000000e+06,1.196564625000000000e+06,1.222291375000000000e+06,1.239860125000000000e+06,1.248865625000000000e+06,1.248901875000000000e+06,1.239508250000000000e+06,1.264493625000000000e+06,1.292464875000000000e+06,1.302618750000000000e+06,1.293881125000000000e+06,1.264979625000000000e+06,1.214810875000000000e+06,1.143032125000000000e+06,1.050197625000000000e+06,9.594570000000000000e+05,8.558385000000000000e+05,7.295581875000000000e+05,5.896726875000000000e+05,4.383997187500000000e+05,2.560975625000000000e+05,7.515135937500000000e+04,4.813257324218750000e+03
4.352044687500000000e+05,4.358392500000000000e+05,4.374250937500000000e+05,4.394446250000000000e+05,4.413455625000000000e+05,4.434933125000000000e+05,4.447342500000000000e+05,4.442314375000000000e+05,4.418704062500000000e+05,4.378062812500000000e+05,4.332623125000000000e+05,4.278677812500000000e+05,4.210806250000000000e+05,4.129245625000000000e+05,4.042009687500000000e+05,3.963808437500000000e+05,3.871684687500000000e+05,3.767447187500000000e+05,3.652739687500000000e+05,3.560578437500000000e+05,3.465111562500000000e+05,3.356830937500000000e+05,3.236976875000000000e+05,3.106662187500000000e+05,3.009895000000000000e+05,2.907754062500000000e+05,2.788816562500000000e+05,2.654053437500000000e+05,2.504455156250000000e+05,2.381276406250000000e+05,2.345600312500000000e+05,2.269562812500000000e+05,2.153607812500000000e+05,2.001565781250000000e+05,1.820990781250000000e+05,1.652885468750000000e+05,1.492600625000000000e+05,1.297447187500000000e+05,1.135549062500000000e+05,1.017055312500000000e+05,6.710648437500000000e+04
2.647546000000000000e+06,2.652643250000000000e+06,2.666373250000000000e+06,2.686165750000000000e+06,2.709265000000000000e+06,2.732861500000000000e+06,2.754212250000000000e+06,2.770847500000000000e+06,2.790613750000000000e+06,2.805205750000000000e+06,2.813231750000000000e+06,2.814858250000000000e+06,2.815593250000000000e+06,2.823489500000000000e+06,2.823969250000000000e+06,2.817463250000000000e+06,2.804399000000000000e+06,2.787527500000000000e+06,2.788377500000000000e+06,2.780250750000000000e+06,2.762877000000000000e+06,2.735635500000000000e+06,2.697601000000000000e+06,2.647730750000000000e+06,2.621161250000000000e+06,2.579975250000000000e+06,2.519051250000000000e+06,2.436868500000000000e+06,2.332109750000000000e+06,2.203665500000000000e+06,2.144386000000000000e+06,2.079683625000000000e+06,1.965796875000000000e+06,1.801968500000000000e+06,1.587987000000000000e+06,1.330198125000000000e+06,1.109707500000000000e+06,8.634395000000000000e+05,5.728379375000000000e+05,2.569420156250000000e+05,5.621103515625000000e+04
1.377908875000000000e+06,1.377237250000000000e+06,1.374739375000000000e+06,1.369544875000000000e+06,1.360694625000000000e+06,1.347258875000000000e+06,1.331230500000000000e+06,1.310279000000000000e+06,1.284180875000000000e+06,1.254737250000000000e+06,1.223782250000000000e+06,1.195606500000000000e+06,1.173708750000000000e+06,1.152840750000000000e+06,1.133648125000000000e+06,1.116716125000000000e+06,1.110863250000000000e+06,1.112047250000000000e+06,1.115550125000000000e+06,1.121460125000000000e+06,1.129806875000000000e+06,1.157784125000000000e+06,1.191043000000000000e+06,1.224987875000000000e+06,1.259194250000000000e+06,1.293032375000000000e+06,1.347328375000000000e+06,1.460151375000000000e+06,1.567380375000000000e+06,1.665286250000000000e+06,1.748921375000000000e+06,1.812505250000000000e+06,1.849552000000000000e+06,1.885364375000000000e+06,1.903148125000000000e+06,1.852589250000000000e+06,1.734559125000000000e+06,1.512996250000000000e+06,1.037193875000000000e+06,3.717938125000000000e+05,3.598098046875000000e+04
6.420571500000000000e+06,6.431554000000000000e+06,6.459995500000000000e+06,6.531295000000000000e+06,6.614176000000000000e+06,6.697496500000000000e+06,6.771004000000000000e+06,6.825620500000000000e+06,6.859966000000000000e+06,6.877202500000000000e+06,6.887047500000000000e+06,6.971533500000000000e+06,7.041418000000000000e+06,7.093230000000000000e+06,7.123930000000000000e+06,7.131637500000000000e+06,7.115630000000000000e+06,7.075281500000000000e+06,7.145968000000000000e+06,7.335643500000000000e+06,7.470061000000000000e+06,7.546780500000000000e+06,7.563756500000000000e+06,7.519020000000000000e+06,7.410706500000000000e+06,7.237263000000000000e+06,6.997716500000000000e+06,6.691925000000000000e+06,6.320614000000000000e+06,6.009467500000000000e+06,5.650860500000000000e+06,5.228440000000000000e+06,4.743045500000000000e+06,4.193442750000000000e+06,3.576250500000000000e+06,2.905106250000000000e+06,2.224920750000000000e+06,1.558385375000000000e+06,8.662492500000000000e+05,2.607577812500000000e+05,2.238857812500000000e+04
5.652340625000000000e+05,5.655571250000000000e+05,5.661242500000000000e+05,5.662766250000000000e+05,5.653144375000000000e+05,5.625376875000000000e+05,5.616760000000000000e+05,5.581591250000000000e+05,5.512790000000000000e+05,5.412812500000000000e+05,5.284761875000000000e+05,5.132091562500000000e+05,5.023734687500000000e+05,4.898962500000000000e+05,4.745434687500000000e+05,4.566950937500000000e+05,4.368423437500000000e+05,4.154794375000000000e+05,3.955966562500000000e+05,3.889185000000000000e+05,3.785905000000000000e+05,3.652412812500000000e+05,3.494362187500000000e+05,3.316728437500000000e+05,3.123434062500000000e+05,2.917745625000000000e+05,2.702370625000000000e+05,2.479525156250000000e+05,2.251154218750000000e+05,2.053168437500000000e+05,1.860877500000000000e+05,1.662956250000000000e+05,1.460678437500000000e+05,1.253751171875000000e+05,1.040235390625000000e+05,8.248064843750000000e+04,6.234283203125000000e+04,4.390267578125000000e+04,2.462021484375000000e+04,7.594620605468750000e+03,1.450675048828125000e+03
4.465906000000000000e+06,4.460837000000000000e+06,4.444480000000000000e+06,4.414762000000000000e+06,4.369380000000000000e+06,4.306071000000000000e+06,4.222851500000000000e+06,4.118422000000000000e+06,4.014415250000000000e+06,3.918042750000000000e+06,3.803924000000000000e+06,3.675003250000000000e+06,3.534024500000000000e+06,3.383752000000000000e+06,3.227208250000000000e+06,3.067368250000000000e+06,2.914869250000000000e+06,2.860130500000000000e+06,2.790883500000000000e+06,2.710356000000000000e+06,2.621352000000000000e+06,2.525912250000000000e+06,2.425345750000000000e+06,2.320533250000000000e+06,2.211646750000000000e+06,2.098512000000000000e+06,1.980706750000000000e+06,1.857604000000000000e+06,1.729266875000000000e+06,1.627629375000000000e+06,1.518291000000000000e+06,1.400030750000000000e+06,1.271936500000000000e+06,1.133123625000000000e+06,9.827926875000000000e+05,8.220468750000000000e+05,6.557824375000000000e+05,4.880192187500000000e+05,3.166252500000000000e+05,1.549556250000000000e+05,4.944123437500000000e+04
5.637140000000000000e+06,5.646273500000000000e+06,5.669733000000000000e+06,5.701051000000000000e+06,5.733297500000000000e+06,5.759410500000000000e+06,5.772506000000000000e+06,5.766403500000000000e+06,5.767891000000000000e+06,5.775326500000000000e+06,5.754875000000000000e+06,5.706220500000000000e+06,5.631196000000000000e+06,5.532823500000000000e+06,5.489580000000000000e+06,5.424959000000000000e+06,5.338084000000000000e+06,5.234630000000000000e+06,5.119526500000000000e+06,4.996658000000000000e+06,4.869384500000000000e+06,4.739674500000000000e+06,4.780418000000000000e+06,4.808910000000000000e+06,4.820366000000000000e+06,4.813804000000000000e+06,4.786667000000000000e+06,4.734505000000000000e+06,4.651946000000000000e+06,4.531418000000000000e+06,4.364812500000000000e+06,4.148178500000000000e+06,3.990876000000000000e+06,3.771946500000000000e+06,3.470090000000000000e+06,3.072741000000000000e+06,2.590135750000000000e+06,2.019971125000000000e+06,1.303283750000000000e+06,5.235425625000000000e+05,8.697869531250000000e+04
5.672930078125000000e+04,5.676873437500000000e+04,5.687824609375000000e+04,5.704419140625000000e+04,5.725242578125000000e+04,5.748846875000000000e+04,5.773762109375000000e+04,5.798572265625000000e+04,5.822483984375000000e+04,5.845077734375000000e+04,5.865939453125000000e+04,5.884614062500000000e+04,5.900246093750000000e+04,5.911788281250000000e+04,6.048389062500000000e+04,6.202626562500000000e+04,6.349484375000000000e+04,6.486566796875000000e+04,6.611339062500000000e+04,6.721071875000000000e+04,6.812934375000000000e+04,6.883946093750000000e+04,6.930978125000000000e+04,6.950821875000000000e+04,6.940114062500000000e+04,6.895456250000000000e+04,6.813339843750000000e+04,6.699554687500000000e+04,6.671960156250000000e+04,6.611114843750000000e+04,6.512077734375000000e+04,6.366953906250000000e+04,6.165686718750000000e+04,5.904976171875000000e+04,5.591086718750000000e+04,5.210896484375000000e+04,4.709431640625000000e+04,4.090420703125000000e+04,3.516728515625000000e+04,2.993781250000000000e+04,2.018866015625000000e+04
3.173795000000000000e+06,3.184077250000000000e+06,3.213154750000000000e+06,3.258294250000000000e+06,3.316680500000000000e+06,3.385447500000000000e+06,3.461708250000000000e+06,3.552069500000000000e+06,3.649799500000000000e+06,3.749190000000000000e+06,3.848775250000000000e+06,3.964677000000000000e+06,4.093012750000000000e+06,4.217005500000000000e+06,4.335454500000000000e+06,4.477423500000000000e+06,4.639770500000000000e+06,4.792875500000000000e+06,4.937024500000000000e+06,5.072758500000000000e+06,5.272579500000000000e+06,5.481340000000000000e+06,5.678125000000000000e+06,5.863099500000000000e+06,6.035091500000000000e+06,6.192169500000000000e+06,6.519184500000000000e+06,6.972197000000000000e+06,7.388729000000000000e+06,7.750140000000000000e+06,8.032305000000000000e+06,8.207956500000000000e+06,8.247546500000000000e+06,8.114084000000000000e+06,7.977018000000000000e+06,7.526179500000000000e+06,6.804004000000000000e+06,5.690614000000000000e+06,3.576189750000000000e+06,9.306019375000000000e+05,6.167510253906250000e+03
1.303610000000000000e+06,1.301681375000000000e+06,1.295941875000000000e+06,1.286668250000000000e+06,1.275018875000000000e+06,1.259768500000000000e+06,1.240777000000000000e+06,1.217986125000000000e+06,1.191850625000000000e+06,1.163140500000000000e+06,1.132664250000000000e+06,1.101237875000000000e+06,1.074839500000000000e+06,1.048665125000000000e+06,1.022893312500000000e+06,9.980561250000000000e+05,9.745926875000000000e+05,9.545293750000000000e+05,9.443436250000000000e+05,9.357617500000000000e+05,9.290800625000000000e+05,9.245056875000000000e+05,9.221538750000000000e+05,9.302943125000000000e+05,9.476442500000000000e+05,9.664991875000000000e+05,9.868616875000000000e+05,1.008666875000000000e+06,1.031602750000000000e+06,1.096565625000000000e+06,1.185272375000000000e+06,1.271444875000000000e+06,1.353455375000000000e+06,1.420732750000000000e+06,1.448176750000000000e+06,1.466646250000000000e+06,1.487450125000000000e+06,1.438478125000000000e+06,1.063544500000000000e+06,3.569687500000000000e+05,1.562696972656250000e+04
1.231448144531250000e+04,1.237825292968750000e+04,1.255218945312500000e+04,1.280858007812500000e+04,1.311805468750000000e+04,1.345028417968750000e+04,1.382930273437500000e+04,1.419090917968750000e+04,1.449253808593750000e+04,1.483150878906250000e+04,1.511938476562500000e+04,1.529466308593750000e+04,1.551364062500000000e+04,1.568765429687500000e+04,1.571994726562500000e+04,1.562317968750000000e+04,1.565177734375000000e+04,1.561333789062500000e+04,1.545259082031250000e+04,1.519326171875000000e+04,1.485698730468750000e+04,1.446128125000000000e+04,1.432964355468750000e+04,1.442728710937500000e+04,1.442145117187500000e+04,1.432678906250000000e+04,1.415347851562500000e+04,1.390675390625000000e+04,1.359030468750000000e+04,1.320591992187500000e+04,1.275440039062500000e+04,1.225310742187500000e+04,1.202350488281250000e+04,1.176706054687500000e+04,1.149868750000000000e+04,1.120310546875000000e+04,1.078632128906250000e+04,1.023548828125000000e+04,9.865970703125000000e+03,9.765677734375000000e+03,8.561723632812500000e+03
3.421973250000000000e+06,3.407621250000000000e+06,3.366432000000000000e+06,3.300742750000000000e+06,3.212644000000000000e+06,3.104382500000000000e+06,2.978654500000000000e+06,2.838850000000000000e+06,2.712001000000000000e+06,2.597957000000000000e+06,2.480254500000000000e+06,2.364937250000000000e+06,2.255584250000000000e+06,2.154300250000000000e+06,2.080279250000000000e+06,2.092269000000000000e+06,2.099335250000000000e+06,2.103583000000000000e+06,2.106130750000000000e+06,2.107045000000000000e+06,2.105673500000000000e+06,2.100937500000000000e+06,2.091441500000000000e+06,2.075493875000000000e+06,2.051401750000000000e+06,2.017406250000000000e+06,2.001934250000000000e+06,1.981125250000000000e+06,1.947563250000000000e+06,1.899122250000000000e+06,1.833655875000000000e+06,1.748823125000000000e+06,1.642301875000000000e+06,1.512553000000000000e+06,1.359046250000000000e+06,1.180934375000000000e+06,9.776937500000000000e+05,7.553527500000000000e+05,5.255496250000000000e+05,2.985490937500000000e+05,1.109104296875000000e+05
3.859869750000000000e+06,3.838650750000000000e+06,3.778404750000000000e+06,3.683910000000000000e+06,3.565554250000000000e+06,3.425022500000000000e+06,3.265505250000000000e+06,3.093244000000000000e+06,2.917045250000000000e+06,2.746576500000000000e+06,2.596178250000000000e+06,2.470397500000000000e+06,2.367371500000000000e+06,2.285522500000000000e+06,2.223592250000000000e+06,2.187115000000000000e+06,2.171529500000000000e+06,2.167040000000000000e+06,2.170716000000000000e+06,2.179320250000000000e+06,2.199851750000000000e+06,2.231163250000000000e+06,2.256599000000000000e+06,2.273069250000000000e+06,2.277748250000000000e+06,2.274277000000000000e+06,2.287593000000000000e+06,2.277631250000000000e+06,2.241373750000000000e+06,2.175769000000000000e+06,2.078222625000000000e+06,2.061678500000000000e+06,2.015113750000000000e+06,1.903597375000000000e+06,1.720835500000000000e+06,1.470789125000000000e+06,1.220914250000000000e+06,9.590727500000000000e+05,6.163155625000000000e+05,2.307680000000000000e+05,2.904576757812500000e+04
1.015777734375000000e+05,1.016178203125000000e+05,1.017112265625000000e+05,1.018106171875000000e+05,1.018630234375000000e+05,1.018146015625000000e+05,1.016145546875000000e+05,1.012236640625000000e+05,1.006665546875000000e+05,1.005825234375000000e+05,1.004593671875000000e+05,1.003551562500000000e+05,1.002918046875000000e+05,1.002732578125000000e+05,1.012520625000000000e+05,1.024440625000000000e+05,1.036265312500000000e+05,1.047939843750000000e+05,1.059291562500000000e+05,1.086341875000000000e+05,1.114517968750000000e+05,1.139871015625000000e+05,1.161761796875000000e+05,1.179462890625000000e+05,1.199990937500000000e+05,1.276109062500000000e+05,1.341122812500000000e+05,1.393274062500000000e+05,1.430727500000000000e+05,1.451787812500000000e+05,1.454794843750000000e+05,1.437465000000000000e+05,1.436715000000000000e+05,1.429362500000000000e+05,1.407040468750000000e+05,1.363805781250000000e+05,1.276212500000000000e+05,1.140555156250000000e+05,1.021058515625000000e+05,9.244560156250000000e+04,6.086730078125000000e+04
7.115149000000000000e+06,7.110593500000000000e+06,7.096679000000000000e+06,7.072773000000000000e+06,7.037989500000000000e+06,6.991304000000000000e+06,6.931660000000000000e+06,6.858178000000000000e+06,6.771344000000000000e+06,6.672596500000000000e+06,6.563654500000000000e+06,6.446485000000000000e+06,6.322980000000000000e+06,6.353746000000000000e+06,6.424481000000000000e+06,6.482096000000000000e+06,6.528093500000000000e+06,6.564407000000000000e+06,6.593055000000000000e+06,6.615817500000000000e+06,6.634433000000000000e+06,6.649961500000000000e+06,6.662711500000000000e+06,6.672480000000000000e+06,6.677276500000000000e+06,6.751238500000000000e+06,6.873431000000000000e+06,6.990776500000000000e+06,7.094337500000000000e+06,7.169178000000000000e+06,7.197309500000000000e+06,7.158378000000000000e+06,7.029771500000000000e+06,6.771026000000000000e+06,6.319816000000000000e+06,5.647662000000000000e+06,4.802323500000000000e+06,3.764738750000000000e+06,2.324174000000000000e+06,7.721434375000000000e+05,7.664668750000000000e+04
2.946611500000000000e+06,2.951918750000000000e+06,2.966241000000000000e+06,2.987062750000000000e+06,3.011738750000000000e+06,3.037530500000000000e+06,3.061648250000000000e+06,3.081371250000000000e+06,3.094783750000000000e+06,3.112241250000000000e+06,3.136218000000000000e+06,3.148850250000000000e+06,3.148990500000000000e+06,3.135864750000000000e+06,3.108917750000000000e+06,3.068104750000000000e+06,3.051958000000000000e+06,3.021074500000000000e+06,2.973472750000000000e+06,2.910154500000000000e+06,2.832166500000000000e+06,2.740529750000000000e+06,2.636228750000000000e+06,2.520225000000000000e+06,2.472164250000000000e+06,2.422926500000000000e+06,2.350711000000000000e+06,2.256100500000000000e+06,2.139818000000000000e+06,2.002667250000000000e+06,1.845766125000000000e+06,1.670850750000000000e+06,1.480484125000000000e+06,1.315800875000000000e+06,1.145093250000000000e+06,9.620820000000000000e+05,7.706551250000000000e+05,5.749176875000000000e+05,3.716850312500000000e+05,1.733741093750000000e+05,4.628643750000000000e+04
6.420571500000000000e+06,6.431554000000000000e+06,6.459995500000000000e+06,6.531295000000000000e+06,6.614176000000000000e+06,6.697496500000000000e+06,6.771004000000000000e+06,6.825620500000000000e+06,6.859966000000000000e+06,6.877202500000000000e+06,6.887047500000000000e+06,6.971533500000000000e+06,7.041418000000000000e+06,7.093230000000000000e+06,7.123930000000000000e+06,7.131637500000000000e+06,7.115630000000000000e+06,7.075281500000000000e+06,7.145968000000000000e+06,7.335643500000000000e+06,7.470061000000000000e+06,7.546780500000000000e+06,7.563756500000000000e+06,7.519020000000000000e+06,7.410706500000000000e+06,7.237263000000000000e+06,6.997716500000000000e+06,6.691925000000000000e+06,6.320614000000000000e+06,6.009467500000000000e+06,5.650860500000000000e+06,5.228440000000000000e+06,4.743045500000000000e+06,4.193442750000000000e+06,3.576250500000000000e+06,2.905106250000000000e+06,2.224920750000000000e+06,1.558385375000000000e+06,8.662492500000000000e+05,2.607577812500000000e+05,2.238857812500000000e+04
1.512617968750000000e+05,1.510845781250000000e+05,1.505544062500000000e+05,1.496640000000000000e+05,1.484018750000000000e+05,1.467612031250000000e+05,1.447465000000000000e+05,1.423859531250000000e+05,1.400364531250000000e+05,1.383523125000000000e+05,1.367765000000000000e+05,1.354894218750000000e+05,1.345570625000000000e+05,1.339906875000000000e+05,1.338064062500000000e+05,1.340085937500000000e+05,1.349233437500000000e+05,1.374334218750000000e+05,1.402217031250000000e+05,1.432546562500000000e+05,1.464904218750000000e+05,1.498829062500000000e+05,1.533812968750000000e+05,1.569247968750000000e+05,1.604322812500000000e+05,1.687422812500000000e+05,1.791383906250000000e+05,1.892484062500000000e+05,1.988062343750000000e+05,2.073609687500000000e+05,2.143479687500000000e+05,2.190964687500000000e+05,2.208490156250000000e+05,2.198323281250000000e+05,2.191373750000000000e+05,2.118206406250000000e+05,1.976507500000000000e+05,1.736293281250000000e+05,1.280295625000000000e+05,6.321087890625000000e+04,1.850020117187500000e+04
6.720400000000000000e+06,6.728468500000000000e+06,6.746909500000000000e+06,6.766605000000000000e+06,6.778095500000000000e+06,6.771950500000000000e+06,6.739138000000000000e+06,6.672019500000000000e+06,6.570496500000000000e+06,6.438865000000000000e+06,6.380939000000000000e+06,6.387180500000000000e+06,6.358796500000000000e+06,6.294338500000000000e+06,6.193414000000000000e+06,6.057970500000000000e+06,5.892230000000000000e+06,5.700626000000000000e+06,5.487129000000000000e+06,5.254977000000000000e+06,5.007257500000000000e+06,4.746636500000000000e+06,4.475368000000000000e+06,4.195491500000000000e+06,3.936236000000000000e+06,3.704284250000000000e+06,3.464342500000000000e+06,3.216294500000000000e+06,2.960111500000000000e+06,2.695702750000000000e+06,2.423269750000000000e+06,2.144025500000000000e+06,1.860116250000000000e+06,1.572920625000000000e+06,1.283029625000000000e+06,9.968323750000000000e+05,7.304583750000000000e+05,4.904592187500000000e+05,2.621751250000000000e+05,7.710119531250000000e+04,7.965530761718750000e+03
1.281273515625000000e+05,1.284631015625000000e+05,1.295414531250000000e+05,1.313060781250000000e+05,1.335340468750000000e+05,1.360843750000000000e+05,1.388152656250000000e+05,1.415912500000000000e+05,1.443527187500000000e+05,1.470857656250000000e+05,1.498253593750000000e+05,1.536293906250000000e+05,1.573392187500000000e+05,1.609127187500000000e+05,1.643073906250000000e+05,1.674921718750000000e+05,1.704505937500000000e+05,1.731651875000000000e+05,1.762365312500000000e+05,1.804275000000000000e+05,1.842115781250000000e+05,1.875118906250000000e+05,1.902292187500000000e+05,1.922515468750000000e+05,1.934297500000000000e+05,1.935985937500000000e+05,1.931838750000000000e+05,1.998002968750000000e+05,2.043513281250000000e+05,2.063575156250000000e+05,2.053167500000000000e+05,2.007746250000000000e+05,1.923637968750000000e+05,1.796173125000000000e+05,1.647622187500000000e+05,1.489644375000000000e+05,1.293522343750000000e+05,1.055479765625000000e+05,7.377981250000000000e+04,3.641041796875000000e+04,1.186040722656250000e+04
2.753252250000000000e+06,2.756239500000000000e+06,2.764586250000000000e+06,2.777332000000000000e+06,2.793470250000000000e+06,2.811955500000000000e+06,2.831708750000000000e+06,2.851644000000000000e+06,2.870852000000000000e+06,2.888529250000000000e+06,2.903870500000000000e+06,2.935411250000000000e+06,2.975438500000000000e+06,3.010154500000000000e+06,3.038021000000000000e+06,3.057565500000000000e+06,3.067388750000000000e+06,3.066152500000000000e+06,3.052592500000000000e+06,3.048999500000000000e+06,3.135246750000000000e+06,3.195910250000000000e+06,3.228672250000000000e+06,3.231473750000000000e+06,3.202707250000000000e+06,3.141181250000000000e+06,3.046271000000000000e+06,2.918048000000000000e+06,2.757176000000000000e+06,2.594919750000000000e+06,2.436672000000000000e+06,2.248507000000000000e+06,2.031516500000000000e+06,1.785479875000000000e+06,1.508794750000000000e+06,1.209349250000000000e+06,9.116620000000000000e+05,6.257681875000000000e+05,3.277882812500000000e+05,7.775597656250000000e+04,2.078804931640625000e+03
6.398451875000000000e+05,6.414515000000000000e+05,6.458934375000000000e+05,6.525841875000000000e+05,6.609233750000000000e+05,6.725106250000000000e+05,6.860986250000000000e+05,6.997147500000000000e+05,7.131868750000000000e+05,7.266566250000000000e+05,7.405903125000000000e+05,7.627075625000000000e+05,7.848405625000000000e+05,8.064560000000000000e+05,8.270117500000000000e+05,8.460253125000000000e+05,8.750035625000000000e+05,9.038521875000000000e+05,9.290248125000000000e+05,9.499716875000000000e+05,9.661239375000000000e+05,9.769618750000000000e+05,1.004405750000000000e+06,1.050574250000000000e+06,1.086332250000000000e+06,1.110835750000000000e+06,1.123262375000000000e+06,1.122830500000000000e+06,1.108857500000000000e+06,1.080768250000000000e+06,1.038166000000000000e+06,1.002895750000000000e+06,9.614306250000000000e+05,9.056977500000000000e+05,8.352457500000000000e+05,7.484790000000000000e+05,6.417186875000000000e+05,5.168572812500000000e+05,3.858121875000000000e+05,2.514310937500000000e+05,1.122369531250000000e+05
1.198830625000000000e+06,1.203085250000000000e+06,1.214498375000000000e+06,1.231995250000000000e+06,1.255661375000000000e+06,1.279857500000000000e+06,1.301741000000000000e+06,1.324369500000000000e+06,1.342024750000000000e+06,1.351431875000000000e+06,1.364888250000000000e+06,1.369084625000000000e+06,1.362615875000000000e+06,1.364182125000000000e+06,1.358089125000000000e+06,1.341893875000000000e+06,1.317862375000000000e+06,1.306861250000000000e+06,1.293245500000000000e+06,1.273204125000000000e+06,1.248598625000000000e+06,1.220674750000000000e+06,1.190145375000000000e+06,1.160856375000000000e+06,1.174841625000000000e+06,1.180748250000000000e+06,1.178392750000000000e+06,1.166978125000000000e+06,1.145431875000000000e+06,1.112160500000000000e+06,1.065491875000000000e+06,1.004177312500000000e+06,9.280604375000000000e+05,8.633288125000000000e+05,7.795029375000000000e+05,6.753831875000000000e+05,5.570729375000000000e+05,4.253022812500000000e+05,2.631171250000000000e+05,9.472538281250000000e+04,1.381857617187500000e+04
8.563234375000000000e+04,8.551536718750000000e+04,8.517396875000000000e+04,8.461929687500000000e+04,8.385918750000000000e+04,8.289929687500000000e+04,8.174415625000000000e+04,8.039942968750000000e+04,7.888498437500000000e+04,7.723104687500000000e+04,7.547115625000000000e+04,7.364152343750000000e+04,7.177491406250000000e+04,6.990353125000000000e+04,6.806210937500000000e+04,6.628185937500000000e+04,6.458782812500000000e+04,6.300563281250000000e+04,6.155539843750000000e+04,6.024834375000000000e+04,5.909492578125000000e+04,5.829257031250000000e+04,5.827811328125000000e+04,5.847510937500000000e+04,5.888375000000000000e+04,5.950404296875000000e+04,6.033016015625000000e+04,6.134670703125000000e+04,6.254342578125000000e+04,6.394033984375000000e+04,6.556114843750000000e+04,6.731000000000000000e+04,6.899565625000000000e+04,7.076863281250000000e+04,7.331926562500000000e+04,7.636700781250000000e+04,7.696996875000000000e+04,7.497956250000000000e+04,8.149691406250000000e+04,1.011513593750000000e+05,8.402483593750000000e+04
5.737940625000000000e+05,5.728300000000000000e+05,5.698770625000000000e+05,5.648272500000000000e+05,5.575666250000000000e+05,5.479941250000000000e+05,5.360381875000000000e+05,5.276263125000000000e+05,5.219946250000000000e+05,5.141190625000000000e+05,5.043836562500000000e+05,4.931904375000000000e+05,4.808114375000000000e+05,4.674755937500000000e+05,4.534483437500000000e+05,4.390116875000000000e+05,4.244374687500000000e+05,4.099866562500000000e+05,3.958466250000000000e+05,3.821015625000000000e+05,3.688136875000000000e+05,3.559750937500000000e+05,3.435157187500000000e+05,3.313468437500000000e+05,3.211573125000000000e+05,3.138496875000000000e+05,3.064916250000000000e+05,2.988349062500000000e+05,2.906256875000000000e+05,2.816262500000000000e+05,2.715893125000000000e+05,2.601345781250000000e+05,2.468044687500000000e+05,2.315235625000000000e+05,2.147097500000000000e+05,1.958494375000000000e+05,1.725330937500000000e+05,1.452468437500000000e+05,1.218698437500000000e+05,1.027847421875000000e+05,6.500759375000000000e+04
2.767019750000000000e+06,2.758921000000000000e+06,2.735173750000000000e+06,2.696455250000000000e+06,2.643386250000000000e+06,2.576685250000000000e+06,2.497285750000000000e+06,2.406571500000000000e+06,2.307828500000000000e+06,2.205330750000000000e+06,2.103235500000000000e+06,2.005333750000000000e+06,1.955950625000000000e+06,1.929523250000000000e+06,1.905736625000000000e+06,1.885810625000000000e+06,1.870452250000000000e+06,1.860314375000000000e+06,1.855590875000000000e+06,1.855747125000000000e+06,1.860059875000000000e+06,1.867469125000000000e+06,1.876562875000000000e+06,1.885711875000000000e+06,1.898358750000000000e+06,1.937145875000000000e+06,1.973022750000000000e+06,2.002884125000000000e+06,2.023177125000000000e+06,2.029513750000000000e+06,2.017059750000000000e+06,1.980718750000000000e+06,1.915317750000000000e+06,1.814129625000000000e+06,1.668851250000000000e+06,1.476338000000000000e+06,1.243890250000000000e+06,9.740888750000000000e+05,6.510175625000000000e+05,3.129725312500000000e+05,9.157338281250000000e+04
6.207534500000000000e+06,6.186373500000000000e+06,6.124257000000000000e+06,6.023137500000000000e+06,5.885029500000000000e+06,5.712224000000000000e+06,5.507452500000000000e+06,5.274335000000000000e+06,5.020510000000000000e+06,4.755583500000000000e+06,4.488679500000000000e+06,4.317311000000000000e+06,4.163209000000000000e+06,4.013201750000000000e+06,3.871068750000000000e+06,3.740042500000000000e+06,3.622326250000000000e+06,3.520062500000000000e+06,3.434464250000000000e+06,3.365350500000000000e+06,3.312402250000000000e+06,3.274612000000000000e+06,3.250299000000000000e+06,3.237536750000000000e+06,3.233542250000000000e+06,3.246444000000000000e+06,3.310523000000000000e+06,3.379692750000000000e+06,3.448697000000000000e+06,3.509319750000000000e+06,3.551604250000000000e+06,3.564383500000000000e+06,3.535131250000000000e+06,3.440850750000000000e+06,3.245411750000000000e+06,2.930679750000000000e+06,2.520906500000000000e+06,2.000442500000000000e+06,1.239819375000000000e+06,4.003497812500000000e+05,3.558708984375000000e+04
6.442293125000000000e+05,6.430410625000000000e+05,6.395060625000000000e+05,6.336430000000000000e+05,6.254461875000000000e+05,6.148993125000000000e+05,6.019879375000000000e+05,5.867267500000000000e+05,5.693152500000000000e+05,5.500763750000000000e+05,5.307111875000000000e+05,5.112794375000000000e+05,4.908150000000000000e+05,4.695884687500000000e+05,4.478964062500000000e+05,4.260059375000000000e+05,4.049005937500000000e+05,3.866858437500000000e+05,3.683039687500000000e+05,3.498755625000000000e+05,3.315080000000000000e+05,3.132570312500000000e+05,2.951311250000000000e+05,2.812941250000000000e+05,2.668740937500000000e+05,2.518136093750000000e+05,2.361088125000000000e+05,2.197498906250000000e+05,2.027320000000000000e+05,1.915045312500000000e+05,1.824975625000000000e+05,1.705935625000000000e+05,1.559739843750000000e+05,1.388339843750000000e+05,1.193292578125000000e+05,1.004439531250000000e+05,8.330284375000000000e+04,6.531373046875000000e+04,4.478985156250000000e+04,2.235659179687500000e+04,7.721896484375000000e+03
9.613978906250000000e+04,9.528857812500000000e+04,9.291778125000000000e+04,8.930892187500000000e+04,8.474762500000000000e+04,7.951788281250000000e+04,7.389670312500000000e+04,6.814842968750000000e+04,6.258502343750000000e+04,5.766640234375000000e+04,5.321302734375000000e+04,4.939072265625000000e+04,4.621969140625000000e+04,4.365596875000000000e+04,4.166295312500000000e+04,4.018912109375000000e+04,3.916604296875000000e+04,3.894656640625000000e+04,3.900531640625000000e+04,3.928830859375000000e+04,3.973786718750000000e+04,4.030351953125000000e+04,4.094101953125000000e+04,4.160319921875000000e+04,4.224662109375000000e+04,4.304269921875000000e+04,4.537317578125000000e+04,4.755908203125000000e+04,4.951873828125000000e+04,5.114175390625000000e+04,5.229806250000000000e+04,5.283562109375000000e+04,5.258946484375000000e+04,5.134652734375000000e+04,5.069364843750000000e+04,4.909937109375000000e+04,4.614488281250000000e+04,4.140208203125000000e+04,3.392280078125000000e+04,2.323511132812500000e+04,1.236834179687500000e+04
6.113925500000000000e+06,6.098506500000000000e+06,6.053433000000000000e+06,5.980374000000000000e+06,5.880896000000000000e+06,5.756513000000000000e+06,5.608736000000000000e+06,5.439251000000000000e+06,5.251157000000000000e+06,5.048451500000000000e+06,4.840611000000000000e+06,4.665374000000000000e+06,4.483095000000000000e+06,4.295901500000000000e+06,4.106187000000000000e+06,3.915937750000000000e+06,3.726467500000000000e+06,3.539143000000000000e+06,3.354864750000000000e+06,3.173790750000000000e+06,3.106784000000000000e+06,3.036226000000000000e+06,2.951068250000000000e+06,2.851755500000000000e+06,2.738543250000000000e+06,2.611572500000000000e+06,2.471025500000000000e+06,2.317205500000000000e+06,2.150551250000000000e+06,1.971765625000000000e+06,1.815005000000000000e+06,1.658902000000000000e+06,1.491070125000000000e+06,1.311377875000000000e+06,1.119630250000000000e+06,9.184455000000000000e+05,7.160334375000000000e+05,5.178763125000000000e+05,3.181831250000000000e+05,1.354346875000000000e+05,3.331170703125000000e+04
2.229258500000000000e+06,2.229695500000000000e+06,2.230490500000000000e+06,2.230659250000000000e+06,2.229033250000000000e+06,2.224375000000000000e+06,2.215478000000000000e+06,2.207794500000000000e+06,2.195785000000000000e+06,2.178998250000000000e+06,2.158250250000000000e+06,2.139108750000000000e+06,2.129103750000000000e+06,2.116374000000000000e+06,2.101848500000000000e+06,2.087047875000000000e+06,2.097686750000000000e+06,2.106892000000000000e+06,2.115792750000000000e+06,2.125262000000000000e+06,2.144498500000000000e+06,2.194819750000000000e+06,2.244678500000000000e+06,2.294850000000000000e+06,2.345793750000000000e+06,2.397738000000000000e+06,2.469299250000000000e+06,2.660180500000000000e+06,2.851114750000000000e+06,3.039703250000000000e+06,3.221907000000000000e+06,3.394766250000000000e+06,3.555872000000000000e+06,3.678308000000000000e+06,3.813813500000000000e+06,3.877900750000000000e+06,3.881892000000000000e+06,3.697346000000000000e+06,2.638848750000000000e+06,8.140379375000000000e+05,2.599618750000000000e+04
4.159357000000000000e+06,4.162433000000000000e+06,4.170002000000000000e+06,4.179189000000000000e+06,4.186759500000000000e+06,4.189310250000000000e+06,4.183447000000000000e+06,4.166100500000000000e+06,4.140939250000000000e+06,4.113302250000000000e+06,4.072867250000000000e+06,4.020163250000000000e+06,3.955594250000000000e+06,3.907681250000000000e+06,3.848235250000000000e+06,3.776323750000000000e+06,3.693437750000000000e+06,3.632908250000000000e+06,3.572993000000000000e+06,3.500434250000000000e+06,3.416725750000000000e+06,3.322968000000000000e+06,3.275515000000000000e+06,3.214157500000000000e+06,3.135491250000000000e+06,3.039697750000000000e+06,2.926593750000000000e+06,2.826992750000000000e+06,2.832799750000000000e+06,2.792613000000000000e+06,2.704770500000000000e+06,2.568245000000000000e+06,2.383270000000000000e+06,2.149718750000000000e+06,1.910266875000000000e+06,1.664190125000000000e+06,1.381725875000000000e+06,1.064353375000000000e+06,6.863015625000000000e+05,2.836486250000000000e+05,5.188014843750000000e+04
8.664029687500000000e+04,8.688028125000000000e+04,8.758056250000000000e+04,8.871271093750000000e+04,9.026729687500000000e+04,9.239046093750000000e+04,9.490255468750000000e+04,9.777300000000000000e+04,1.009554062500000000e+05,1.043931015625000000e+05,1.083345703125000000e+05,1.125492968750000000e+05,1.168556171875000000e+05,1.211992343750000000e+05,1.261054765625000000e+05,1.313424531250000000e+05,1.364416875000000000e+05,1.413482187500000000e+05,1.466079687500000000e+05,1.527511250000000000e+05,1.584785000000000000e+05,1.637260937500000000e+05,1.684238906250000000e+05,1.736067968750000000e+05,1.799722968750000000e+05,1.853560000000000000e+05,1.895994843750000000e+05,1.925052343750000000e+05,1.938536406250000000e+05,1.990296093750000000e+05,2.080290468750000000e+05,2.136304062500000000e+05,2.150684531250000000e+05,2.115836093750000000e+05,2.024227187500000000e+05,1.906423281250000000e+05,1.780597500000000000e+05,1.582267500000000000e+05,1.317817812500000000e+05,9.703089062500000000e+04,5.010430859375000000e+04
3.604051500000000000e+06,3.609826000000000000e+06,3.626745250000000000e+06,3.654204250000000000e+06,3.691601750000000000e+06,3.738339250000000000e+06,3.793820750000000000e+06,3.857431000000000000e+06,3.928322500000000000e+06,4.005509000000000000e+06,4.088004750000000000e+06,4.174832750000000000e+06,4.275729500000000000e+06,4.421503500000000000e+06,4.570110500000000000e+06,4.720301500000000000e+06,4.871004500000000000e+06,5.021141000000000000e+06,5.169747500000000000e+06,5.316027500000000000e+06,5.517385500000000000e+06,5.900267000000000000e+06,6.278320000000000000e+06,6.649534000000000000e+06,7.011220000000000000e+06,7.360107500000000000e+06,7.691638000000000000e+06,7.999440000000000000e+06,8.274725500000000000e+06,8.500523000000000000e+06,8.767040000000000000e+06,9.083575000000000000e+06,9.324118000000000000e+06,9.419600000000000000e+06,9.243218000000000000e+06,8.713109000000000000e+06,7.877800500000000000e+06,6.611730500000000000e+06,4.290100500000000000e+06,1.394335875000000000e+06,1.030946328125000000e+05
8.917022500000000000e+05,8.927081875000000000e+05,8.948339375000000000e+05,8.966333125000000000e+05,8.966193750000000000e+05,8.952181875000000000e+05,8.901186250000000000e+05,8.793388125000000000e+05,8.637798125000000000e+05,8.453931875000000000e+05,8.260613125000000000e+05,8.103876250000000000e+05,7.973573750000000000e+05,7.856875000000000000e+05,7.756496875000000000e+05,7.675339375000000000e+05,7.615929375000000000e+05,7.645869375000000000e+05,7.706832500000000000e+05,7.789061250000000000e+05,7.891916875000000000e+05,8.014318125000000000e+05,8.169643750000000000e+05,8.463645000000000000e+05,8.769543750000000000e+05,9.084635000000000000e+05,9.405265625000000000e+05,9.726691875000000000e+05,1.015244625000000000e+06,1.109628125000000000e+06,1.201189875000000000e+06,1.286714375000000000e+06,1.362160500000000000e+06,1.417232000000000000e+06,1.438066375000000000e+06,1.474665000000000000e+06,1.473265500000000000e+06,1.392629250000000000e+06,1.079478500000000000e+06,5.038382812500000000e+05,9.379118750000000000e+04
8.689260937500000000e+04,8.689394531250000000e+04,8.688453906250000000e+04,8.684222656250000000e+04,8.674250000000000000e+04,8.655905468750000000e+04,8.639496875000000000e+04,8.642981250000000000e+04,8.633203125000000000e+04,8.607095312500000000e+04,8.561897656250000000e+04,8.495260156250000000e+04,8.405372656250000000e+04,8.290903125000000000e+04,8.150965625000000000e+04,8.077195312500000000e+04,7.979156250000000000e+04,7.846382812500000000e+04,7.679443750000000000e+04,7.479508593750000000e+04,7.248057031250000000e+04,6.986900000000000000e+04,6.698087500000000000e+04,6.602678125000000000e+04,6.500873046875000000e+04,6.341000000000000000e+04,6.126106250000000000e+04,5.859536328125000000e+04,5.544890625000000000e+04,5.185837109375000000e+04,4.786433203125000000e+04,4.352161328125000000e+04,3.954620312500000000e+04,3.589432421875000000e+04,3.197862109375000000e+04,2.781031640625000000e+04,2.351875195312500000e+04,1.913776757812500000e+04,1.425428417968750000e+04,8.898343750000000000e+03,5.145527832031250000e+03
1.696770250000000000e+06,1.685925125000000000e+06,1.655731750000000000e+06,1.609580000000000000e+06,1.550741000000000000e+06,1.485349750000000000e+06,1.414241500000000000e+06,1.339905250000000000e+06,1.265466750000000000e+06,1.194135000000000000e+06,1.131658875000000000e+06,1.080140125000000000e+06,1.038173312500000000e+06,1.005490375000000000e+06,9.856183750000000000e+05,9.782456875000000000e+05,9.779913750000000000e+05,9.840313750000000000e+05,1.000221750000000000e+06,1.028761250000000000e+06,1.060060750000000000e+06,1.093382750000000000e+06,1.128140375000000000e+06,1.180679750000000000e+06,1.238504750000000000e+06,1.295708875000000000e+06,1.352033250000000000e+06,1.407436750000000000e+06,1.486982875000000000e+06,1.633996875000000000e+06,1.777587500000000000e+06,1.916205125000000000e+06,2.049047875000000000e+06,2.159705500000000000e+06,2.209466250000000000e+06,2.281286750000000000e+06,2.329852250000000000e+06,2.272091250000000000e+06,1.629349000000000000e+06,4.457194375000000000e+05,1.458610717773437500e+03
7.553473750000000000e+05,7.578011250000000000e+05,7.641493125000000000e+05,7.738460625000000000e+05,7.855166875000000000e+05,7.964080625000000000e+05,8.047301250000000000e+05,8.089478125000000000e+05,8.094266250000000000e+05,8.111924375000000000e+05,8.106637500000000000e+05,8.088295625000000000e+05,8.059101250000000000e+05,8.017976250000000000e+05,8.013198125000000000e+05,8.027115000000000000e+05,8.026055000000000000e+05,8.013307500000000000e+05,7.991028125000000000e+05,7.959659375000000000e+05,8.042603125000000000e+05,8.111289375000000000e+05,8.159356250000000000e+05,8.184996875000000000e+05,8.184300625000000000e+05,8.152313750000000000e+05,8.341355625000000000e+05,8.651126875000000000e+05,8.871731250000000000e+05,8.985088750000000000e+05,8.971076250000000000e+05,8.808943750000000000e+05,8.479540000000000000e+05,8.080423125000000000e+05,7.674220000000000000e+05,7.052091250000000000e+05,6.199471875000000000e+05,5.088805000000000000e+05,3.614545312500000000e+05,1.857167656250000000e+05,5.502185156250000000e+04
9.298716875000000000e+05,9.309436250000000000e+05,9.340341875000000000e+05,9.389565000000000000e+05,9.455246250000000000e+05,9.647597500000000000e+05,9.900991875000000000e+05,1.018571875000000000e+06,1.049788125000000000e+06,1.083388250000000000e+06,1.119002500000000000e+06,1.156250625000000000e+06,1.194755500000000000e+06,1.234132000000000000e+06,1.273977250000000000e+06,1.313952500000000000e+06,1.353816375000000000e+06,1.393322375000000000e+06,1.432257500000000000e+06,1.470464250000000000e+06,1.507780250000000000e+06,1.544025625000000000e+06,1.590764625000000000e+06,1.649585875000000000e+06,1.709564500000000000e+06,1.770218125000000000e+06,1.830751875000000000e+06,1.889904625000000000e+06,1.945935125000000000e+06,1.995481375000000000e+06,2.034353125000000000e+06,2.057369000000000000e+06,2.058390500000000000e+06,2.025616125000000000e+06,1.940014875000000000e+06,1.790114625000000000e+06,1.582572250000000000e+06,1.304039500000000000e+06,8.847215000000000000e+05,3.876146250000000000e+05,8.925191406250000000e+04
4.093662250000000000e+06,4.090913250000000000e+06,4.082786500000000000e+06,4.069419750000000000e+06,4.050909000000000000e+06,4.027324000000000000e+06,3.998721500000000000e+06,3.965216750000000000e+06,3.927526250000000000e+06,3.886726750000000000e+06,3.850700250000000000e+06,3.823779500000000000e+06,3.797111250000000000e+06,3.771416250000000000e+06,3.747470000000000000e+06,3.726016750000000000e+06,3.707730250000000000e+06,3.693325250000000000e+06,3.683407750000000000e+06,3.678392500000000000e+06,3.680878000000000000e+06,3.728470500000000000e+06,3.781774000000000000e+06,3.841001750000000000e+06,3.905892000000000000e+06,3.975969750000000000e+06,4.050376750000000000e+06,4.127698250000000000e+06,4.237817000000000000e+06,4.535969500000000000e+06,4.826307000000000000e+06,5.097252000000000000e+06,5.334735000000000000e+06,5.495161500000000000e+06,5.489973500000000000e+06,5.378008000000000000e+06,5.253875000000000000e+06,4.850791000000000000e+06,3.482177000000000000e+06,1.220869125000000000e+06,7.752813281250000000e+04
3.357207500000000000e+05,3.362085625000000000e+05,3.375913437500000000e+05,3.397417500000000000e+05,3.425256250000000000e+05,3.458043437500000000e+05,3.494368125000000000e+05,3.532813125000000000e+05,3.571939062500000000e+05,3.618409062500000000e+05,3.673172187500000000e+05,3.724351250000000000e+05,3.771349375000000000e+05,3.814082812500000000e+05,3.852558125000000000e+05,3.887086875000000000e+05,3.947284687500000000e+05,4.005966250000000000e+05,4.061380625000000000e+05,4.114320625000000000e+05,4.165513750000000000e+05,4.215214687500000000e+05,4.263218125000000000e+05,4.339263437500000000e+05,4.438338437500000000e+05,4.531405937500000000e+05,4.615128750000000000e+05,4.684517187500000000e+05,4.733384375000000000e+05,4.752184062500000000e+05,4.912396250000000000e+05,5.119921250000000000e+05,5.242438750000000000e+05,5.245790000000000000e+05,5.082457812500000000e+05,4.717335625000000000e+05,4.375919062500000000e+05,3.855147187500000000e+05,2.950574687500000000e+05,1.618647656250000000e+05,4.910381250000000000e+04
6.193612500000000000e+04,6.219307812500000000e+04,6.287783984375000000e+04,6.385181250000000000e+04,6.512720312500000000e+04,6.651192968750000000e+04,6.774659375000000000e+04,6.871028906250000000e+04,6.964540625000000000e+04,7.019535156250000000e+04,7.036843750000000000e+04,7.081857031250000000e+04,7.090975781250000000e+04,7.057332812500000000e+04,7.053879687500000000e+04,7.039626562500000000e+04,6.980236718750000000e+04,6.884707031250000000e+04,6.864364843750000000e+04,6.844049218750000000e+04,6.791614843750000000e+04,6.716739062500000000e+04,6.627867187500000000e+04,6.581817968750000000e+04,6.822454687500000000e+04,7.029453906250000000e+04,7.211261718750000000e+04,7.372763281250000000e+04,7.516722656250000000e+04,7.641530468750000000e+04,7.742789062500000000e+04,7.807946875000000000e+04,8.010395312500000000e+04,8.237723437500000000e+04,8.424521093750000000e+04,8.516390625000000000e+04,8.371613281250000000e+04,7.892893750000000000e+04,7.211560937500000000e+04,6.233941406250000000e+04,4.009909375000000000e+04
5.750347500000000000e+06,5.767730000000000000e+06,5.816382500000000000e+06,5.890522000000000000e+06,5.984036000000000000e+06,6.090894000000000000e+06,6.205485500000000000e+06,6.322905500000000000e+06,6.439504000000000000e+06,6.552772500000000000e+06,6.661089000000000000e+06,6.763728500000000000e+06,6.861169000000000000e+06,6.954205500000000000e+06,7.097059500000000000e+06,7.297550000000000000e+06,7.498197500000000000e+06,7.698659000000000000e+06,7.899252000000000000e+06,8.101135000000000000e+06,8.306107500000000000e+06,8.516097000000000000e+06,8.733105000000000000e+06,8.959382000000000000e+06,9.196234000000000000e+06,9.444773000000000000e+06,9.705698000000000000e+06,9.978894000000000000e+06,1.026218900000000000e+07,1.054383100000000000e+07,1.080826800000000000e+07,1.104124800000000000e+07,1.122755500000000000e+07,1.128705200000000000e+07,1.104983000000000000e+07,1.043003800000000000e+07,9.548831000000000000e+06,8.193185000000000000e+06,5.278749500000000000e+06,1.551864500000000000e+06,7.571770312500000000e+04
2.065115468750000000e+05,2.069883750000000000e+05,2.083467656250000000e+05,2.104717656250000000e+05,2.132411875000000000e+05,2.165279843750000000e+05,2.202023750000000000e+05,2.241358281250000000e+05,2.287821406250000000e+05,2.338020625000000000e+05,2.388092812500000000e+05,2.437162812500000000e+05,2.492408750000000000e+05,2.557202500000000000e+05,2.618479375000000000e+05,2.675900000000000000e+05,2.739214687500000000e+05,2.823603437500000000e+05,2.902358125000000000e+05,2.975940937500000000e+05,3.044844062500000000e+05,3.141615625000000000e+05,3.257958125000000000e+05,3.368259687500000000e+05,3.472953437500000000e+05,3.572255000000000000e+05,3.665825937500000000e+05,3.881465312500000000e+05,4.172031562500000000e+05,4.447153750000000000e+05,4.699383125000000000e+05,4.917174687500000000e+05,5.085151562500000000e+05,5.174681875000000000e+05,5.247060000000000000e+05,5.293211250000000000e+05,5.180213125000000000e+05,4.805708125000000000e+05,3.913191875000000000e+05,2.406048750000000000e+05,9.127079687500000000e+04
7.101268750000000000e+05,7.072330625000000000e+05,6.987993750000000000e+05,6.851979375000000000e+05,6.668247500000000000e+05,6.441243125000000000e+05,6.176056875000000000e+05,5.878947500000000000e+05,5.561395000000000000e+05,5.237103750000000000e+05,4.918657500000000000e+05,4.648466562500000000e+05,4.397769375000000000e+05,4.169376250000000000e+05,3.966358125000000000e+05,3.790361562500000000e+05,3.641235937500000000e+05,3.518836875000000000e+05,3.422144062500000000e+05,3.348818750000000000e+05,3.296605625000000000e+05,3.262907500000000000e+05,3.246649687500000000e+05,3.356418125000000000e+05,3.475588750000000000e+05,3.601140625000000000e+05,3.729077187500000000e+05,3.854200937500000000e+05,3.970039062500000000e+05,4.067588125000000000e+05,4.136171875000000000e+05,4.163013437500000000e+05,4.149922187500000000e+05,4.180748750000000000e+05,4.131231250000000000e+05,3.970333125000000000e+05,3.673901562500000000e+05,3.201409375000000000e+05,2.459154531250000000e+05,1.457729375000000000e+05,5.643956250000000000e+04
1.456713000000000000e+06,1.453684000000000000e+06,1.445147750000000000e+06,1.431879625000000000e+06,1.414613750000000000e+06,1.394074750000000000e+06,1.371002125000000000e+06,1.346199125000000000e+06,1.320821000000000000e+06,1.296233625000000000e+06,1.273828000000000000e+06,1.254924750000000000e+06,1.251320250000000000e+06,1.253092000000000000e+06,1.258792750000000000e+06,1.268410875000000000e+06,1.281673500000000000e+06,1.298286500000000000e+06,1.317870375000000000e+06,1.339904250000000000e+06,1.363812375000000000e+06,1.436460750000000000e+06,1.518368625000000000e+06,1.600360000000000000e+06,1.681471500000000000e+06,1.760502875000000000e+06,1.835863375000000000e+06,1.905469000000000000e+06,1.966595500000000000e+06,2.014602500000000000e+06,2.043960000000000000e+06,2.092362500000000000e+06,2.130966000000000000e+06,2.133317750000000000e+06,2.071404375000000000e+06,1.928652250000000000e+06,1.719748500000000000e+06,1.421650125000000000e+06,9.039961250000000000e+05,2.821223437500000000e+05,1.975875585937500000e+04
2.346617750000000000e+06,2.346179750000000000e+06,2.349071750000000000e+06,2.358862750000000000e+06,2.369266500000000000e+06,2.378290750000000000e+06,2.384044500000000000e+06,2.384975750000000000e+06,2.381302250000000000e+06,2.374342250000000000e+06,2.365581250000000000e+06,2.356541500000000000e+06,2.389495500000000000e+06,2.484256750000000000e+06,2.575466000000000000e+06,2.663150750000000000e+06,2.747832000000000000e+06,2.830066750000000000e+06,2.910328750000000000e+06,2.988903750000000000e+06,3.065947250000000000e+06,3.141592500000000000e+06,3.254780500000000000e+06,3.402967750000000000e+06,3.558698000000000000e+06,3.721249750000000000e+06,3.889699250000000000e+06,4.062840000000000000e+06,4.238536500000000000e+06,4.410510000000000000e+06,4.570523500000000000e+06,4.709902000000000000e+06,4.818785500000000000e+06,4.860758000000000000e+06,4.762255000000000000e+06,4.483715500000000000e+06,4.072526500000000000e+06,3.447602250000000000e+06,2.186913250000000000e+06,6.210050000000000000e+05,2.541470898437500000e+04
1.798680625000000000e+06,1.788005000000000000e+06,1.758123750000000000e+06,1.712312625000000000e+06,1.653882750000000000e+06,1.586138125000000000e+06,1.512336000000000000e+06,1.435658500000000000e+06,1.359261125000000000e+06,1.286156875000000000e+06,1.230707750000000000e+06,1.198528250000000000e+06,1.173382250000000000e+06,1.154758750000000000e+06,1.142241875000000000e+06,1.135127375000000000e+06,1.132228625000000000e+06,1.132274625000000000e+06,1.133908875000000000e+06,1.135663500000000000e+06,1.135976250000000000e+06,1.133427625000000000e+06,1.126743250000000000e+06,1.114656375000000000e+06,1.096119250000000000e+06,1.077358625000000000e+06,1.063034375000000000e+06,1.040875250000000000e+06,1.009807687500000000e+06,9.687322500000000000e+05,9.166529375000000000e+05,8.530811250000000000e+05,7.780206250000000000e+05,6.908949375000000000e+05,5.905028125000000000e+05,4.793572812500000000e+05,3.667546562500000000e+05,2.564213906250000000e+05,1.378238750000000000e+05,3.459895703125000000e+04,1.643078002929687500e+03
1.474535250000000000e+06,1.476704625000000000e+06,1.482311500000000000e+06,1.489861000000000000e+06,1.497728125000000000e+06,1.505375125000000000e+06,1.513982000000000000e+06,1.518036250000000000e+06,1.516222625000000000e+06,1.507665125000000000e+06,1.498292125000000000e+06,1.484552375000000000e+06,1.462429125000000000e+06,1.433033500000000000e+06,1.397562375000000000e+06,1.364699375000000000e+06,1.332288250000000000e+06,1.296014250000000000e+06,1.257252750000000000e+06,1.217071250000000000e+06,1.176377375000000000e+06,1.135690625000000000e+06,1.104055000000000000e+06,1.076906875000000000e+06,1.048379625000000000e+06,1.018099500000000000e+06,9.854738750000000000e+05,9.496526250000000000e+05,9.096976250000000000e+05,8.858347500000000000e+05,8.795743125000000000e+05,8.587310000000000000e+05,8.213735000000000000e+05,7.648876250000000000e+05,6.857048750000000000e+05,5.921772500000000000e+05,5.050961250000000000e+05,4.015648750000000000e+05,2.611818750000000000e+05,9.809096093750000000e+04,1.290889746093750000e+04
2.500677500000000000e+06,2.503212500000000000e+06,2.508812000000000000e+06,2.514115750000000000e+06,2.515518000000000000e+06,2.509427750000000000e+06,2.497588750000000000e+06,2.475834000000000000e+06,2.440599250000000000e+06,2.394434250000000000e+06,2.340276250000000000e+06,2.297706250000000000e+06,2.249224500000000000e+06,2.195665500000000000e+06,2.138226500000000000e+06,2.101926250000000000e+06,2.064811875000000000e+06,2.024560125000000000e+06,1.982575250000000000e+06,1.955471750000000000e+06,1.947699750000000000e+06,1.934927500000000000e+06,1.917514125000000000e+06,1.895495375000000000e+06,1.868266500000000000e+06,1.935206500000000000e+06,1.990887750000000000e+06,2.025173250000000000e+06,2.035846250000000000e+06,2.019739625000000000e+06,1.973406000000000000e+06,1.894031750000000000e+06,1.811193250000000000e+06,1.720376375000000000e+06,1.583540125000000000e+06,1.396243125000000000e+06,1.169740625000000000e+06,9.045141875000000000e+05,5.647932500000000000e+05,2.056990468750000000e+05,2.941532617187500000e+04
8.377895000000000000e+05,8.365749375000000000e+05,8.329119375000000000e+05,8.275577500000000000e+05,8.290547500000000000e+05,8.295232500000000000e+05,8.282918750000000000e+05,8.247751875000000000e+05,8.189584375000000000e+05,8.111751250000000000e+05,8.017945000000000000e+05,7.911932500000000000e+05,7.795818125000000000e+05,7.671205625000000000e+05,7.540248750000000000e+05,7.405347500000000000e+05,7.268901875000000000e+05,7.133504375000000000e+05,7.001091250000000000e+05,6.872478750000000000e+05,6.748391250000000000e+05,6.697158125000000000e+05,6.698015625000000000e+05,6.707171250000000000e+05,6.720515000000000000e+05,6.732995625000000000e+05,6.738143125000000000e+05,6.727603750000000000e+05,6.691656250000000000e+05,6.617172500000000000e+05,6.489681250000000000e+05,6.294441875000000000e+05,6.017035625000000000e+05,5.636532500000000000e+05,5.125196875000000000e+05,4.477732500000000000e+05,3.731572500000000000e+05,2.894870937500000000e+05,1.889013437500000000e+05,8.520778906250000000e+04,2.421861523437500000e+04
4.973242000000000000e+06,4.965183500000000000e+06,4.941034500000000000e+06,4.900292500000000000e+06,4.842017000000000000e+06,4.765171000000000000e+06,4.668912000000000000e+06,4.553079000000000000e+06,4.420681500000000000e+06,4.276743000000000000e+06,4.126676750000000000e+06,3.975963000000000000e+06,3.828184750000000000e+06,3.686142250000000000e+06,3.552900000000000000e+06,3.430869500000000000e+06,3.321422000000000000e+06,3.225912250000000000e+06,3.145044250000000000e+06,3.119381500000000000e+06,3.124045750000000000e+06,3.145292750000000000e+06,3.182191000000000000e+06,3.233686500000000000e+06,3.298424750000000000e+06,3.374806250000000000e+06,3.461007000000000000e+06,3.554949750000000000e+06,3.653637750000000000e+06,3.750810750000000000e+06,3.838679000000000000e+06,3.909641250000000000e+06,3.955657250000000000e+06,3.947436000000000000e+06,3.827061000000000000e+06,3.567236000000000000e+06,3.212213750000000000e+06,2.701866750000000000e+06,1.712655875000000000e+06,5.091614062500000000e+05,3.160546679687500000e+04
3.049737250000000000e+06,3.062486000000000000e+06,3.098624250000000000e+06,3.154991000000000000e+06,3.231830750000000000e+06,3.329743750000000000e+06,3.439390500000000000e+06,3.556812750000000000e+06,3.679579750000000000e+06,3.816313750000000000e+06,3.945716500000000000e+06,4.062314250000000000e+06,4.182085000000000000e+06,4.297013000000000000e+06,4.387235000000000000e+06,4.450858500000000000e+06,4.507686000000000000e+06,4.564820500000000000e+06,4.588467500000000000e+06,4.579641500000000000e+06,4.539490500000000000e+06,4.469150500000000000e+06,4.409378500000000000e+06,4.339078000000000000e+06,4.234178500000000000e+06,4.095551000000000000e+06,3.923979500000000000e+06,3.720226750000000000e+06,3.485307000000000000e+06,3.328851250000000000e+06,3.189809250000000000e+06,2.989239500000000000e+06,2.729755250000000000e+06,2.413782500000000000e+06,2.042817500000000000e+06,1.649607500000000000e+06,1.303942000000000000e+06,9.485452500000000000e+05,5.422909375000000000e+05,1.489973125000000000e+05,4.520059082031250000e+03
3.379916500000000000e+06,3.377696500000000000e+06,3.370097750000000000e+06,3.355472500000000000e+06,3.331994000000000000e+06,3.304414750000000000e+06,3.272459750000000000e+06,3.226710000000000000e+06,3.167527000000000000e+06,3.096769000000000000e+06,3.016515500000000000e+06,2.932556250000000000e+06,2.867596750000000000e+06,2.795320750000000000e+06,2.717248500000000000e+06,2.635100750000000000e+06,2.550609500000000000e+06,2.485058500000000000e+06,2.437114250000000000e+06,2.385623000000000000e+06,2.331833000000000000e+06,2.276488250000000000e+06,2.219826500000000000e+06,2.161816250000000000e+06,2.191747250000000000e+06,2.221841750000000000e+06,2.236172750000000000e+06,2.233080000000000000e+06,2.210293250000000000e+06,2.164306750000000000e+06,2.091281375000000000e+06,1.988174625000000000e+06,1.875491625000000000e+06,1.761600750000000000e+06,1.600983500000000000e+06,1.390241875000000000e+06,1.146725000000000000e+06,8.703823125000000000e+05,5.122129687500000000e+05,1.483678750000000000e+05,8.822455078125000000e+03
6.715271500000000000e+06,6.711690000000000000e+06,6.698892500000000000e+06,6.673574500000000000e+06,6.632273500000000000e+06,6.571542000000000000e+06,6.488116500000000000e+06,6.379374500000000000e+06,6.386507500000000000e+06,6.376935000000000000e+06,6.344849500000000000e+06,6.291843500000000000e+06,6.217307500000000000e+06,6.119989500000000000e+06,5.999371000000000000e+06,5.855983000000000000e+06,5.691317500000000000e+06,5.507280000000000000e+06,5.305755500000000000e+06,5.088378000000000000e+06,4.856961000000000000e+06,4.631807000000000000e+06,4.462453000000000000e+06,4.282037500000000000e+06,4.089558250000000000e+06,3.884074750000000000e+06,3.664793250000000000e+06,3.431104000000000000e+06,3.182683750000000000e+06,2.919385250000000000e+06,2.641593250000000000e+06,2.350957250000000000e+06,2.050322625000000000e+06,1.741948875000000000e+06,1.427498000000000000e+06,1.114828250000000000e+06,8.217950625000000000e+05,5.563349375000000000e+05,3.049748125000000000e+05,9.973401562500000000e+04,1.474804980468750000e+04
9.159378125000000000e+05,9.175252500000000000e+05,9.218507500000000000e+05,9.281882500000000000e+05,9.357548125000000000e+05,9.464351250000000000e+05,9.569685000000000000e+05,9.665441875000000000e+05,9.749842500000000000e+05,9.833074375000000000e+05,9.942257500000000000e+05,1.004684750000000000e+06,1.014501562500000000e+06,1.025101000000000000e+06,1.040816312500000000e+06,1.054205625000000000e+06,1.064832500000000000e+06,1.075313750000000000e+06,1.092792250000000000e+06,1.104709375000000000e+06,1.110434500000000000e+06,1.109394000000000000e+06,1.115652375000000000e+06,1.118961000000000000e+06,1.111549250000000000e+06,1.093062875000000000e+06,1.063297875000000000e+06,1.032145312500000000e+06,1.038788750000000000e+06,1.024092000000000000e+06,9.879036875000000000e+05,9.307919375000000000e+05,8.541682500000000000e+05,7.594102500000000000e+05,6.638446875000000000e+05,5.656110000000000000e+05,4.581883437500000000e+05,3.436013750000000000e+05,2.115472656250000000e+05,7.826405468750000000e+04,1.237263769531250000e+04
3.733332000000000000e+06,3.735912750000000000e+06,3.743114000000000000e+06,3.753785000000000000e+06,3.766540750000000000e+06,3.785248000000000000e+06,3.809611750000000000e+06,3.833046250000000000e+06,3.856124000000000000e+06,3.880642750000000000e+06,3.920628500000000000e+06,3.970385500000000000e+06,4.025642750000000000e+06,4.085198000000000000e+06,4.169237250000000000e+06,4.264847500000000000e+06,4.358399000000000000e+06,4.447595000000000000e+06,4.549414000000000000e+06,4.674982000000000000e+06,4.783718500000000000e+06,4.872058000000000000e+06,4.936368000000000000e+06,5.004578000000000000e+06,5.095161000000000000e+06,5.142885000000000000e+06,5.142917000000000000e+06,5.090454500000000000e+06,4.980886500000000000e+06,4.984114000000000000e+06,5.023577500000000000e+06,4.948555000000000000e+06,4.750889500000000000e+06,4.422683500000000000e+06,3.955570250000000000e+06,3.455690500000000000e+06,2.934837250000000000e+06,2.315048500000000000e+06,1.534999500000000000e+06,6.594426875000000000e+05,1.218920781250000000e+05
1.154359921875000000e+05,1.150860156250000000e+05,1.140281796875000000e+05,1.122235468750000000e+05,1.096231328125000000e+05,1.061954531250000000e+05,1.019465859375000000e+05,9.730107812500000000e+04,9.333116406250000000e+04,8.871385937500000000e+04,8.370181250000000000e+04,7.856764843750000000e+04,7.350745312500000000e+04,7.061846875000000000e+04,6.902960937500000000e+04,6.710424218750000000e+04,6.502751953125000000e+04,6.293629296875000000e+04,6.091390234375000000e+04,5.899071875000000000e+04,5.717186718750000000e+04,5.544364843750000000e+04,5.377949609375000000e+04,5.214627734375000000e+04,5.051369140625000000e+04,4.967365625000000000e+04,4.881916796875000000e+04,4.792398437500000000e+04,4.696489062500000000e+04,4.593389453125000000e+04,4.482457031250000000e+04,4.359705078125000000e+04,4.218873046875000000e+04,4.064083984375000000e+04,3.913789453125000000e+04,3.758343750000000000e+04,3.522829296875000000e+04,3.211289843750000000e+04,3.087890820312500000e+04,3.213946484375000000e+04,2.549211718750000000e+04
1.969494750000000000e+06,1.961741625000000000e+06,1.939990750000000000e+06,1.906517125000000000e+06,1.863585250000000000e+06,1.813423500000000000e+06,1.758207250000000000e+06,1.700064375000000000e+06,1.641236250000000000e+06,1.584006000000000000e+06,1.547499750000000000e+06,1.534170250000000000e+06,1.526654625000000000e+06,1.525167750000000000e+06,1.530064875000000000e+06,1.541437250000000000e+06,1.558911250000000000e+06,1.582088750000000000e+06,1.610452500000000000e+06,1.643272250000000000e+06,1.679718125000000000e+06,1.718942625000000000e+06,1.760064500000000000e+06,1.802079375000000000e+06,1.843825000000000000e+06,1.908787750000000000e+06,1.983758625000000000e+06,2.059185500000000000e+06,2.132626750000000000e+06,2.199396250000000000e+06,2.253619000000000000e+06,2.288927500000000000e+06,2.298246000000000000e+06,2.264214500000000000e+06,2.155927000000000000e+06,1.959783125000000000e+06,1.702488000000000000e+06,1.364651875000000000e+06,8.081603125000000000e+05,1.959958125000000000e+05,2.638790527343750000e+03
1.834566406250000000e+05,1.834901406250000000e+05,1.835714062500000000e+05,1.836684843750000000e+05,1.837460468750000000e+05,1.837660937500000000e+05,1.836887031250000000e+05,1.834729531250000000e+05,1.830789687500000000e+05,1.824690781250000000e+05,1.816083906250000000e+05,1.804658437500000000e+05,1.790160781250000000e+05,1.772383125000000000e+05,1.763720312500000000e+05,1.786222656250000000e+05,1.802621250000000000e+05,1.812418437500000000e+05,1.815207812500000000e+05,1.810675468750000000e+05,1.798534843750000000e+05,1.778521250000000000e+05,1.750384531250000000e+05,1.713886875000000000e+05,1.668775625000000000e+05,1.614819218750000000e+05,1.551818281250000000e+05,1.479622968750000000e+05,1.402076562500000000e+05,1.339051718750000000e+05,1.267481171875000000e+05,1.186805859375000000e+05,1.096572109375000000e+05,9.963079687500000000e+04,8.854624218750000000e+04,7.643016406250000000e+04,6.353570312500000000e+04,5.009778906250000000e+04,3.576151171875000000e+04,2.101333984375000000e+04,9.997772460937500000e+03
1.348613250000000000e+06,1.346989875000000000e+06,1.342011750000000000e+06,1.333468375000000000e+06,1.321107875000000000e+06,1.304666625000000000e+06,1.283896500000000000e+06,1.258630875000000000e+06,1.229190750000000000e+06,1.196193000000000000e+06,1.160283500000000000e+06,1.122112500000000000e+06,1.084834375000000000e+06,1.048174562500000000e+06,1.010274812500000000e+06,9.715375000000000000e+05,9.322885000000000000e+05,8.928540625000000000e+05,8.534643750000000000e+05,8.191560625000000000e+05,7.864526875000000000e+05,7.530815625000000000e+05,7.189889375000000000e+05,6.841058750000000000e+05,6.482923125000000000e+05,6.155738750000000000e+05,5.863798750000000000e+05,5.542935000000000000e+05,5.192221875000000000e+05,4.811047812500000000e+05,4.399570937500000000e+05,4.138354375000000000e+05,3.894471875000000000e+05,3.560938750000000000e+05,3.141472187500000000e+05,2.647822187500000000e+05,2.160023750000000000e+05,1.712085937500000000e+05,1.205316640625000000e+05,6.499528515625000000e+04,2.297997460937500000e+04
3.450907250000000000e+06,3.447179750000000000e+06,3.435698500000000000e+06,3.415825750000000000e+06,3.386826750000000000e+06,3.348041000000000000e+06,3.299015750000000000e+06,3.239824500000000000e+06,3.173155250000000000e+06,3.103137250000000000e+06,3.033860250000000000e+06,2.969110250000000000e+06,2.971317500000000000e+06,3.010343000000000000e+06,3.054091000000000000e+06,3.103267000000000000e+06,3.158413500000000000e+06,3.220080750000000000e+06,3.288393250000000000e+06,3.362756500000000000e+06,3.442369750000000000e+06,3.526159750000000000e+06,3.612741750000000000e+06,3.700409500000000000e+06,3.835326500000000000e+06,4.005308750000000000e+06,4.181096000000000000e+06,4.358187000000000000e+06,4.530332000000000000e+06,4.686344000000000000e+06,4.812213000000000000e+06,4.892432000000000000e+06,4.909731000000000000e+06,4.826474000000000000e+06,4.578808500000000000e+06,4.138706500000000000e+06,3.560701250000000000e+06,2.813608250000000000e+06,1.642644125000000000e+06,3.907055937500000000e+05,3.831588867187500000e+03
1.734302125000000000e+06,1.728769875000000000e+06,1.712382000000000000e+06,1.685418125000000000e+06,1.648166750000000000e+06,1.600986375000000000e+06,1.544356500000000000e+06,1.479010750000000000e+06,1.406816750000000000e+06,1.330215500000000000e+06,1.251543750000000000e+06,1.172917625000000000e+06,1.095687875000000000e+06,1.020820937500000000e+06,9.492166250000000000e+05,8.891442500000000000e+05,8.327813125000000000e+05,7.794980000000000000e+05,7.293686250000000000e+05,6.821813750000000000e+05,6.377125000000000000e+05,5.956464375000000000e+05,5.555944375000000000e+05,5.171855625000000000e+05,4.897526875000000000e+05,4.713989375000000000e+05,4.505481250000000000e+05,4.270928437500000000e+05,4.009503437500000000e+05,3.721190000000000000e+05,3.406609687500000000e+05,3.067908125000000000e+05,2.708916562500000000e+05,2.403143437500000000e+05,2.095166406250000000e+05,1.770168125000000000e+05,1.434407187500000000e+05,1.093495468750000000e+05,7.375029687500000000e+04,3.811175000000000000e+04,1.384784863281250000e+04
1.153659125000000000e+06,1.150769125000000000e+06,1.142297875000000000e+06,1.128503875000000000e+06,1.109620375000000000e+06,1.087508500000000000e+06,1.060973375000000000e+06,1.030225812500000000e+06,9.961218750000000000e+05,9.598431250000000000e+05,9.225678750000000000e+05,8.854028125000000000e+05,8.489710000000000000e+05,8.172010625000000000e+05,7.871908125000000000e+05,7.585483125000000000e+05,7.312893125000000000e+05,7.054243750000000000e+05,6.808410000000000000e+05,6.619960000000000000e+05,6.447892500000000000e+05,6.272541250000000000e+05,6.090280625000000000e+05,5.897436875000000000e+05,5.690498125000000000e+05,5.553161250000000000e+05,5.389244375000000000e+05,5.190330625000000000e+05,4.954377812500000000e+05,4.680645937500000000e+05,4.441897187500000000e+05,4.359988437500000000e+05,4.184877812500000000e+05,3.919436562500000000e+05,3.573177812500000000e+05,3.149882812500000000e+05,2.766580312500000000e+05,2.347563437500000000e+05,1.939778437500000000e+05,1.542945937500000000e+05,8.881050000000000000e+04
5.868606875000000000e+05,5.889595625000000000e+05,5.949072500000000000e+05,6.041833750000000000e+05,6.166844375000000000e+05,6.327647500000000000e+05,6.508113750000000000e+05,6.702648750000000000e+05,6.908880625000000000e+05,7.132058125000000000e+05,7.389817500000000000e+05,7.658983125000000000e+05,7.937364375000000000e+05,8.229408125000000000e+05,8.585365000000000000e+05,8.941045000000000000e+05,9.294231250000000000e+05,9.652069375000000000e+05,1.012320312500000000e+06,1.058165750000000000e+06,1.102435250000000000e+06,1.144798625000000000e+06,1.198013000000000000e+06,1.258372000000000000e+06,1.314636500000000000e+06,1.365949500000000000e+06,1.411169750000000000e+06,1.456938625000000000e+06,1.576147375000000000e+06,1.679881250000000000e+06,1.762773375000000000e+06,1.818498750000000000e+06,1.840084625000000000e+06,1.816590875000000000e+06,1.764473625000000000e+06,1.688518375000000000e+06,1.550629250000000000e+06,1.330266375000000000e+06,9.517773750000000000e+05,4.454098125000000000e+05,1.043640468750000000e+05
4.160281250000000000e+06,4.152090250000000000e+06,4.127471750000000000e+06,4.086128000000000000e+06,4.027571750000000000e+06,3.951268500000000000e+06,3.856769500000000000e+06,3.743976000000000000e+06,3.614606250000000000e+06,3.471533000000000000e+06,3.317837500000000000e+06,3.156673750000000000e+06,2.990563000000000000e+06,2.821782000000000000e+06,2.652705750000000000e+06,2.570731250000000000e+06,2.487879250000000000e+06,2.395711000000000000e+06,2.296212250000000000e+06,2.190960750000000000e+06,2.081470375000000000e+06,1.968947125000000000e+06,1.854261250000000000e+06,1.738136125000000000e+06,1.621031000000000000e+06,1.504802375000000000e+06,1.417157625000000000e+06,1.327624500000000000e+06,1.235542125000000000e+06,1.140421375000000000e+06,1.041900375000000000e+06,9.398043750000000000e+05,8.342130625000000000e+05,7.255970000000000000e+05,6.147836250000000000e+05,5.029260000000000000e+05,3.922545625000000000e+05,2.859917812500000000e+05,1.859035468750000000e+05,9.644662500000000000e+04,3.489826171875000000e+04
2.318642250000000000e+06,2.312894500000000000e+06,2.294781000000000000e+06,2.262141000000000000e+06,2.212660000000000000e+06,2.144857750000000000e+06,2.067064625000000000e+06,1.973205625000000000e+06,1.867178625000000000e+06,1.762782625000000000e+06,1.670516375000000000e+06,1.586164250000000000e+06,1.512558000000000000e+06,1.464585625000000000e+06,1.431364625000000000e+06,1.406871375000000000e+06,1.391169625000000000e+06,1.389569875000000000e+06,1.413751500000000000e+06,1.442100625000000000e+06,1.473909500000000000e+06,1.508541750000000000e+06,1.545489875000000000e+06,1.584076250000000000e+06,1.677087250000000000e+06,1.795483250000000000e+06,1.914380125000000000e+06,2.033848250000000000e+06,2.153394250000000000e+06,2.270212000000000000e+06,2.380358500000000000e+06,2.480838500000000000e+06,2.583096500000000000e+06,2.733084500000000000e+06,2.825724250000000000e+06,2.829438750000000000e+06,2.776425500000000000e+06,2.575513750000000000e+06,1.744916500000000000e+06,4.549756562500000000e+05,2.751619140625000000e+03
3.541713250000000000e+06,3.523943500000000000e+06,3.473321500000000000e+06,3.393967500000000000e+06,3.290088000000000000e+06,3.165938750000000000e+06,3.025790500000000000e+06,2.874000000000000000e+06,2.715958500000000000e+06,2.557459000000000000e+06,2.403928500000000000e+06,2.278244750000000000e+06,2.196796250000000000e+06,2.123627250000000000e+06,2.060447000000000000e+06,2.008359250000000000e+06,1.967538750000000000e+06,1.938170875000000000e+06,1.920094375000000000e+06,1.912554000000000000e+06,1.914730125000000000e+06,1.925720625000000000e+06,1.944512250000000000e+06,1.970008500000000000e+06,2.001071875000000000e+06,2.036461500000000000e+06,2.074870000000000000e+06,2.151560250000000000e+06,2.235299500000000000e+06,2.322277000000000000e+06,2.408248250000000000e+06,2.489140000000000000e+06,2.560479500000000000e+06,2.602109250000000000e+06,2.571030000000000000e+06,2.443861500000000000e+06,2.250627000000000000e+06,1.938673000000000000e+06,1.229733875000000000e+06,3.220176250000000000e+05,6.511931152343750000e+03
2.607689750000000000e+06,2.602750500000000000e+06,2.588181500000000000e+06,2.564335750000000000e+06,2.531548750000000000e+06,2.490150250000000000e+06,2.440477250000000000e+06,2.382915750000000000e+06,2.318214500000000000e+06,2.247351750000000000e+06,2.176862500000000000e+06,2.102638750000000000e+06,2.024982875000000000e+06,1.944866625000000000e+06,1.863258250000000000e+06,1.781030375000000000e+06,1.698919500000000000e+06,1.617623375000000000e+06,1.537665000000000000e+06,1.463097375000000000e+06,1.396362625000000000e+06,1.330488875000000000e+06,1.265389625000000000e+06,1.200941375000000000e+06,1.136835625000000000e+06,1.072721250000000000e+06,1.013675750000000000e+06,9.629706875000000000e+05,9.086958750000000000e+05,8.504040625000000000e+05,7.877191250000000000e+05,7.203245000000000000e+05,6.839960625000000000e+05,6.457833125000000000e+05,5.919558750000000000e+05,5.224161562500000000e+05,4.373703750000000000e+05,3.657014062500000000e+05,2.910688125000000000e+05,2.106085156250000000e+05,1.046982343750000000e+05
9.857379375000000000e+05,9.866150000000000000e+05,9.890570000000000000e+05,9.927520625000000000e+05,9.973627500000000000e+05,1.002540375000000000e+06,1.007937562500000000e+06,1.013232875000000000e+06,1.018269812500000000e+06,1.023004125000000000e+06,1.051673000000000000e+06,1.092710875000000000e+06,1.133288625000000000e+06,1.172682250000000000e+06,1.210179250000000000e+06,1.245131750000000000e+06,1.276952750000000000e+06,1.305037750000000000e+06,1.328773000000000000e+06,1.347531500000000000e+06,1.360665750000000000e+06,1.380205875000000000e+06,1.407954500000000000e+06,1.429842000000000000e+06,1.444555000000000000e+06,1.450788875000000000e+06,1.447244625000000000e+06,1.432653125000000000e+06,1.405836250000000000e+06,1.365729000000000000e+06,1.311427750000000000e+06,1.242015000000000000e+06,1.156760125000000000e+06,1.055828625000000000e+06,9.404405000000000000e+05,8.113292500000000000e+05,6.684463125000000000e+05,5.168220000000000000e+05,3.687769687500000000e+05,2.303086406250000000e+05,1.030168281250000000e+05
3.885093750000000000e+06,3.890037250000000000e+06,3.902370000000000000e+06,3.918150250000000000e+06,4.017024000000000000e+06,4.146725000000000000e+06,4.276506000000000000e+06,4.395704000000000000e+06,4.498231000000000000e+06,4.580969500000000000e+06,4.641206500000000000e+06,4.676639000000000000e+06,4.685162000000000000e+06,4.665089500000000000e+06,4.615397000000000000e+06,4.618719000000000000e+06,4.614135500000000000e+06,4.583876000000000000e+06,4.527118000000000000e+06,4.444015000000000000e+06,4.335398000000000000e+06,4.202652500000000000e+06,4.047647750000000000e+06,3.872568000000000000e+06,3.679306000000000000e+06,3.469791500000000000e+06,3.245838000000000000e+06,3.009031750000000000e+06,2.761022500000000000e+06,2.503199000000000000e+06,2.237188000000000000e+06,1.965414250000000000e+06,1.691069375000000000e+06,1.416618250000000000e+06,1.143781875000000000e+06,8.792155625000000000e+05,6.373968125000000000e+05,4.239486875000000000e+05,2.267867343750000000e+05,7.040006250000000000e+04,9.491732421875000000e+03
1.949234125000000000e+06,1.949127375000000000e+06,1.948586625000000000e+06,1.947167000000000000e+06,1.944320250000000000e+06,1.939452875000000000e+06,1.931976875000000000e+06,1.921407125000000000e+06,1.907905750000000000e+06,1.899969875000000000e+06,1.893029875000000000e+06,1.884894625000000000e+06,1.876008375000000000e+06,1.866781875000000000e+06,1.865112875000000000e+06,1.876274375000000000e+06,1.887301625000000000e+06,1.898778250000000000e+06,1.911223000000000000e+06,1.924992750000000000e+06,1.971238000000000000e+06,2.018927625000000000e+06,2.067098625000000000e+06,2.116083000000000000e+06,2.166021250000000000e+06,2.216916250000000000e+06,2.339521250000000000e+06,2.514619250000000000e+06,2.690905500000000000e+06,2.865939500000000000e+06,3.035874250000000000e+06,3.198766000000000000e+06,3.353952250000000000e+06,3.487386500000000000e+06,3.657661750000000000e+06,3.734875500000000000e+06,3.768000000000000000e+06,3.625723750000000000e+06,2.567043250000000000e+06,7.159927500000000000e+05,6.715746582031250000e+03
3.704200250000000000e+06,3.698461500000000000e+06,3.681056250000000000e+06,3.651352500000000000e+06,3.608493250000000000e+06,3.551664250000000000e+06,3.480314750000000000e+06,3.394551750000000000e+06,3.300582750000000000e+06,3.205933000000000000e+06,3.108402000000000000e+06,3.012494750000000000e+06,2.920846500000000000e+06,2.835344750000000000e+06,2.775583000000000000e+06,2.723532750000000000e+06,2.680199500000000000e+06,2.646571750000000000e+06,2.623178000000000000e+06,2.636344500000000000e+06,2.658900000000000000e+06,2.689250250000000000e+06,2.727085000000000000e+06,2.771929250000000000e+06,2.850621500000000000e+06,2.956141750000000000e+06,3.065900000000000000e+06,3.179735000000000000e+06,3.296782500000000000e+06,3.413419500000000000e+06,3.714350000000000000e+06,4.058049250000000000e+06,4.401083000000000000e+06,4.710870500000000000e+06,4.900958500000000000e+06,4.935003500000000000e+06,5.125249500000000000e+06,5.116592500000000000e+06,3.881344000000000000e+06,1.321519375000000000e+06,5.617222656250000000e+04
5.721104375000000000e+05,5.727331875000000000e+05,5.744847500000000000e+05,5.774466875000000000e+05,5.817525625000000000e+05,5.867652500000000000e+05,5.922373125000000000e+05,5.979266250000000000e+05,6.036543125000000000e+05,6.092876250000000000e+05,6.147086250000000000e+05,6.218600000000000000e+05,6.299485625000000000e+05,6.375625625000000000e+05,6.446631875000000000e+05,6.512539375000000000e+05,6.573819375000000000e+05,6.670281875000000000e+05,6.782962500000000000e+05,6.889917500000000000e+05,6.991543125000000000e+05,7.087595625000000000e+05,7.177164375000000000e+05,7.288261250000000000e+05,7.467081875000000000e+05,7.628394375000000000e+05,7.766196250000000000e+05,7.871883125000000000e+05,7.934976250000000000e+05,7.939821875000000000e+05,8.271703750000000000e+05,8.569608125000000000e+05,8.709931875000000000e+05,8.639973750000000000e+05,8.288373125000000000e+05,7.608568125000000000e+05,6.991155625000000000e+05,6.057928125000000000e+05,4.527966875000000000e+05,2.397321718750000000e+05,6.972575000000000000e+04
7.382905000000000000e+05,7.380718125000000000e+05,7.373511875000000000e+05,7.360141875000000000e+05,7.339287500000000000e+05,7.309515625000000000e+05,7.269341875000000000e+05,7.217365000000000000e+05,7.208817500000000000e+05,7.192418125000000000e+05,7.164155625000000000e+05,7.123089375000000000e+05,7.068263125000000000e+05,6.998883125000000000e+05,6.914489375000000000e+05,6.814888750000000000e+05,6.700069375000000000e+05,6.591006875000000000e+05,6.697048125000000000e+05,6.767304375000000000e+05,6.800774375000000000e+05,6.796763750000000000e+05,6.754766250000000000e+05,6.674410000000000000e+05,6.555383750000000000e+05,6.397464375000000000e+05,6.200431250000000000e+05,5.964054375000000000e+05,5.734833125000000000e+05,5.552330000000000000e+05,5.334950000000000000e+05,5.077790937500000000e+05,4.774962812500000000e+05,4.426482187500000000e+05,4.039866562500000000e+05,3.609095312500000000e+05,3.101818125000000000e+05,2.530681406250000000e+05,2.009960937500000000e+05,1.543160156250000000e+05,8.652968750000000000e+04
7.942410937500000000e+04,7.867477343750000000e+04,7.659885937500000000e+04,7.346178125000000000e+04,6.953092187500000000e+04,6.506800781250000000e+04,6.032305859375000000e+04,5.552824609375000000e+04,5.088181640625000000e+04,4.655390234375000000e+04,4.269554296875000000e+04,3.942655078125000000e+04,3.673569531250000000e+04,3.467677343750000000e+04,3.334758984375000000e+04,3.237474023437500000e+04,3.169057617187500000e+04,3.122862109375000000e+04,3.092611718750000000e+04,3.072373828125000000e+04,3.056083398437500000e+04,3.082167382812500000e+04,3.192000000000000000e+04,3.284969921875000000e+04,3.357627343750000000e+04,3.406748437500000000e+04,3.429450781250000000e+04,3.423565234375000000e+04,3.387264843750000000e+04,3.319625781250000000e+04,3.220181445312500000e+04,3.174633007812500000e+04,3.104375781250000000e+04,3.006760351562500000e+04,2.885009570312500000e+04,2.733966796875000000e+04,2.528797460937500000e+04,2.269166796875000000e+04,2.032386914062500000e+04,1.826614648437500000e+04,1.376583789062500000e+04
4.481196000000000000e+06,4.482526500000000000e+06,4.487951500000000000e+06,4.498788000000000000e+06,4.507462500000000000e+06,4.509771000000000000e+06,4.501696500000000000e+06,4.479768500000000000e+06,4.476245500000000000e+06,4.456314000000000000e+06,4.417019000000000000e+06,4.361147000000000000e+06,4.345102000000000000e+06,4.309660000000000000e+06,4.259828500000000000e+06,4.200791000000000000e+06,4.149664250000000000e+06,4.148022750000000000e+06,4.141078750000000000e+06,4.133331000000000000e+06,4.128535250000000000e+06,4.129081750000000000e+06,4.136178250000000000e+06,4.150422500000000000e+06,4.206919000000000000e+06,4.397860000000000000e+06,4.590639000000000000e+06,4.782209500000000000e+06,4.967396000000000000e+06,5.135276000000000000e+06,5.271589500000000000e+06,5.359369000000000000e+06,5.379291500000000000e+06,5.325921500000000000e+06,5.273574000000000000e+06,5.044893500000000000e+06,4.644391000000000000e+06,3.987285250000000000e+06,2.714052250000000000e+06,9.798272500000000000e+05,8.989300781250000000e+04
2.753550500000000000e+06,2.747700750000000000e+06,2.730462750000000000e+06,2.702278000000000000e+06,2.663577250000000000e+06,2.614809250000000000e+06,2.556465750000000000e+06,2.489175750000000000e+06,2.414412500000000000e+06,2.334125500000000000e+06,2.253353250000000000e+06,2.212555250000000000e+06,2.169203750000000000e+06,2.124201750000000000e+06,2.078605000000000000e+06,2.033487750000000000e+06,1.989855750000000000e+06,1.948761125000000000e+06,1.911098125000000000e+06,1.877486750000000000e+06,1.848531375000000000e+06,1.824650875000000000e+06,1.806088250000000000e+06,1.793033500000000000e+06,1.785400500000000000e+06,1.782996125000000000e+06,1.785544500000000000e+06,1.817736250000000000e+06,1.864977000000000000e+06,1.919551000000000000e+06,1.979364250000000000e+06,2.042915750000000000e+06,2.108788500000000000e+06,2.162762000000000000e+06,2.171216000000000000e+06,2.114266500000000000e+06,2.012920125000000000e+06,1.812151000000000000e+06,1.236203125000000000e+06,3.963341250000000000e+05,2.703532421875000000e+04
5.544350781250000000e+04,5.543369531250000000e+04,5.539781640625000000e+04,5.532380859375000000e+04,5.519744531250000000e+04,5.500347656250000000e+04,5.472669921875000000e+04,5.435430468750000000e+04,5.389024218750000000e+04,5.334925390625000000e+04,5.294281250000000000e+04,5.271240234375000000e+04,5.243839453125000000e+04,5.212877343750000000e+04,5.179484375000000000e+04,5.144898828125000000e+04,5.110299609375000000e+04,5.133579296875000000e+04,5.172059375000000000e+04,5.208572656250000000e+04,5.243766796875000000e+04,5.277710546875000000e+04,5.309850390625000000e+04,5.339255078125000000e+04,5.526747656250000000e+04,5.794322265625000000e+04,6.040528906250000000e+04,6.259238281250000000e+04,6.442466015625000000e+04,6.578223437500000000e+04,6.652275000000000000e+04,6.648407031250000000e+04,6.586646093750000000e+04,6.591706250000000000e+04,6.471979296875000000e+04,6.188992578125000000e+04,5.725736328125000000e+04,5.033473046875000000e+04,3.952111328125000000e+04,2.483774609375000000e+04,1.212945996093750000e+04
3.665945000000000000e+06,3.667089250000000000e+06,3.668044250000000000e+06,3.664887250000000000e+06,3.653627500000000000e+06,3.630439750000000000e+06,3.591868250000000000e+06,3.557559250000000000e+06,3.564205000000000000e+06,3.552463500000000000e+06,3.530037750000000000e+06,3.503707500000000000e+06,3.474605500000000000e+06,3.441285250000000000e+06,3.402564500000000000e+06,3.357851500000000000e+06,3.307063250000000000e+06,3.250085750000000000e+06,3.186343750000000000e+06,3.114651250000000000e+06,3.033816250000000000e+06,2.942836000000000000e+06,2.840893500000000000e+06,2.727298750000000000e+06,2.630112500000000000e+06,2.533455250000000000e+06,2.423974000000000000e+06,2.301039500000000000e+06,2.164206250000000000e+06,2.013277625000000000e+06,1.848388250000000000e+06,1.670425750000000000e+06,1.481004625000000000e+06,1.281536750000000000e+06,1.073249875000000000e+06,8.608596875000000000e+05,6.549559375000000000e+05,4.614182812500000000e+05,2.740335937500000000e+05,1.119406484375000000e+05,2.740728906250000000e+04
2.701897000000000000e+06,2.695266500000000000e+06,2.676234000000000000e+06,2.645990750000000000e+06,2.605633250000000000e+06,2.556205000000000000e+06,2.498739250000000000e+06,2.434336750000000000e+06,2.364797250000000000e+06,2.301987250000000000e+06,2.237431500000000000e+06,2.173058250000000000e+06,2.110197000000000000e+06,2.049902000000000000e+06,1.993299875000000000e+06,1.946183750000000000e+06,1.914587875000000000e+06,1.886224125000000000e+06,1.861094500000000000e+06,1.838678250000000000e+06,1.818340625000000000e+06,1.799126000000000000e+06,1.792817750000000000e+06,1.795473375000000000e+06,1.793370750000000000e+06,1.784692000000000000e+06,1.767412625000000000e+06,1.739324250000000000e+06,1.698128250000000000e+06,1.688892875000000000e+06,1.700380875000000000e+06,1.680742375000000000e+06,1.625631000000000000e+06,1.530495875000000000e+06,1.390402875000000000e+06,1.217262000000000000e+06,1.054986500000000000e+06,8.560298750000000000e+05,6.002101250000000000e+05,2.983083437500000000e+05,7.909568750000000000e+04
6.742529375000000000e+05,6.770181875000000000e+05,6.845785000000000000e+05,6.958328750000000000e+05,7.096763750000000000e+05,7.249943750000000000e+05,7.406600625000000000e+05,7.556161875000000000e+05,7.696603125000000000e+05,7.831108750000000000e+05,8.097398750000000000e+05,8.492138125000000000e+05,8.892806250000000000e+05,9.292607500000000000e+05,9.684455000000000000e+05,1.006427375000000000e+06,1.043229937500000000e+06,1.078912625000000000e+06,1.113489000000000000e+06,1.146894750000000000e+06,1.179052000000000000e+06,1.209838625000000000e+06,1.239083750000000000e+06,1.277096500000000000e+06,1.326176500000000000e+06,1.375651125000000000e+06,1.424639000000000000e+06,1.471762000000000000e+06,1.515167375000000000e+06,1.551554875000000000e+06,1.576858250000000000e+06,1.586399875000000000e+06,1.574893125000000000e+06,1.532482000000000000e+06,1.443628625000000000e+06,1.300998000000000000e+06,1.116137750000000000e+06,8.834154375000000000e+05,5.475952500000000000e+05,1.793500000000000000e+05,1.832411132812500000e+04
4.346872500000000000e+05,4.350889687500000000e+05,4.359605937500000000e+05,4.367764687500000000e+05,4.369982187500000000e+05,4.360991250000000000e+05,4.335865312500000000e+05,4.290702812500000000e+05,4.262941562500000000e+05,4.290191875000000000e+05,4.303448437500000000e+05,4.309485625000000000e+05,4.309978750000000000e+05,4.304400312500000000e+05,4.292685625000000000e+05,4.275996562500000000e+05,4.256755937500000000e+05,4.237487812500000000e+05,4.220191250000000000e+05,4.206076875000000000e+05,4.196282812500000000e+05,4.191672500000000000e+05,4.192825625000000000e+05,4.219326250000000000e+05,4.303188125000000000e+05,4.400448437500000000e+05,4.510740312500000000e+05,4.632918437500000000e+05,4.765101250000000000e+05,4.902689375000000000e+05,5.039485000000000000e+05,5.165595625000000000e+05,5.267466250000000000e+05,5.320619375000000000e+05,5.285836250000000000e+05,5.122499375000000000e+05,4.795123437500000000e+05,4.241640000000000000e+05,3.322414375000000000e+05,2.052722656250000000e+05,8.533147656250000000e+04
4.113483500000000000e+06,4.102892250000000000e+06,4.071390500000000000e+06,4.019036000000000000e+06,3.945692750000000000e+06,3.851338000000000000e+06,3.745473000000000000e+06,3.620026500000000000e+06,3.478812250000000000e+06,3.328072000000000000e+06,3.174051000000000000e+06,3.024561500000000000e+06,2.897476750000000000e+06,2.776524750000000000e+06,2.664353000000000000e+06,2.562985000000000000e+06,2.478312500000000000e+06,2.428378500000000000e+06,2.388598500000000000e+06,2.359034000000000000e+06,2.339593500000000000e+06,2.333090750000000000e+06,2.373303750000000000e+06,2.418263000000000000e+06,2.466925250000000000e+06,2.517754250000000000e+06,2.568650750000000000e+06,2.661640750000000000e+06,2.861384250000000000e+06,3.045078000000000000e+06,3.203374250000000000e+06,3.325090000000000000e+06,3.397462000000000000e+06,3.394965750000000000e+06,3.350843750000000000e+06,3.243128750000000000e+06,3.021162250000000000e+06,2.626030250000000000e+06,1.808133250000000000e+06,6.753116875000000000e+05,7.745217968750000000e+04
2.255578500000000000e+06,2.253124000000000000e+06,2.245327250000000000e+06,2.231426000000000000e+06,2.210588250000000000e+06,2.182005000000000000e+06,2.144970500000000000e+06,2.099068000000000000e+06,2.045294000000000000e+06,1.985448625000000000e+06,1.921346500000000000e+06,1.854714500000000000e+06,1.786669500000000000e+06,1.748785250000000000e+06,1.730702000000000000e+06,1.708708875000000000e+06,1.683413875000000000e+06,1.655488000000000000e+06,1.625399625000000000e+06,1.593256750000000000e+06,1.559117125000000000e+06,1.522808000000000000e+06,1.483927250000000000e+06,1.441990125000000000e+06,1.396266000000000000e+06,1.345937125000000000e+06,1.310957125000000000e+06,1.274496000000000000e+06,1.230869750000000000e+06,1.178334375000000000e+06,1.115181875000000000e+06,1.040235687500000000e+06,9.528396250000000000e+05,8.516104375000000000e+05,7.344470625000000000e+05,6.036803750000000000e+05,4.695141875000000000e+05,3.356980312500000000e+05,1.900327187500000000e+05,5.869524218750000000e+04,6.790199218750000000e+03
5.544350781250000000e+04,5.543369531250000000e+04,5.539781640625000000e+04,5.532380859375000000e+04,5.519744531250000000e+04,5.500347656250000000e+04,5.472669921875000000e+04,5.435430468750000000e+04,5.389024218750000000e+04,5.334925390625000000e+04,5.294281250000000000e+04,5.271240234375000000e+04,5.243839453125000000e+04,5.212877343750000000e+04,5.179484375000000000e+04,5.144898828125000000e+04,5.110299609375000000e+04,5.133579296875000000e+04,5.172059375000000000e+04,5.208572656250000000e+04,5.243766796875000000e+04,5.277710546875000000e+04,5.309850390625000000e+04,5.339255078125000000e+04,5.526747656250000000e+04,5.794322265625000000e+04,6.040528906250000000e+04,6.259238281250000000e+04,6.442466015625000000e+04,6.578223437500000000e+04,6.652275000000000000e+04,6.648407031250000000e+04,6.586646093750000000e+04,6.591706250000000000e+04,6.471979296875000000e+04,6.188992578125000000e+04,5.725736328125000000e+04,5.033473046875000000e+04,3.952111328125000000e+04,2.483774609375000000e+04,1.212945996093750000e+04
4.668637500000000000e+06,4.646081500000000000e+06,4.582674000000000000e+06,4.484868000000000000e+06,4.359115000000000000e+06,4.211780500000000000e+06,4.049084750000000000e+06,3.877124750000000000e+06,3.702492500000000000e+06,3.531921750000000000e+06,3.379355500000000000e+06,3.254358500000000000e+06,3.146511250000000000e+06,3.056264500000000000e+06,2.984259500000000000e+06,2.930176500000000000e+06,2.892315000000000000e+06,2.869003750000000000e+06,2.858177750000000000e+06,2.888261500000000000e+06,2.928295000000000000e+06,2.971295250000000000e+06,3.014061500000000000e+06,3.053064000000000000e+06,3.084440750000000000e+06,3.104027000000000000e+06,3.108050000000000000e+06,3.238973000000000000e+06,3.337335000000000000e+06,3.393211750000000000e+06,3.395797750000000000e+06,3.335362750000000000e+06,3.203894500000000000e+06,2.988442750000000000e+06,2.707069750000000000e+06,2.395265250000000000e+06,2.015048500000000000e+06,1.559448875000000000e+06,9.225743750000000000e+05,2.434117500000000000e+05,4.706766113281250000e+03
7.172147656250000000e+04,7.191417187500000000e+04,7.262757031250000000e+04,7.386703125000000000e+04,7.541496875000000000e+04,7.715902343750000000e+04,7.898653906250000000e+04,8.078771093750000000e+04,8.274744531250000000e+04,8.580803125000000000e+04,8.850942968750000000e+04,9.074414843750000000e+04,9.248810937500000000e+04,9.376070312500000000e+04,9.652608593750000000e+04,1.011464218750000000e+05,1.048955468750000000e+05,1.078896171875000000e+05,1.102490625000000000e+05,1.120938750000000000e+05,1.135411953125000000e+05,1.146775156250000000e+05,1.155607734375000000e+05,1.162381250000000000e+05,1.167204140625000000e+05,1.170031171875000000e+05,1.170573046875000000e+05,1.182535859375000000e+05,1.199364062500000000e+05,1.215215156250000000e+05,1.229641015625000000e+05,1.240642812500000000e+05,1.244972109375000000e+05,1.242915859375000000e+05,1.240198437500000000e+05,1.231570234375000000e+05,1.184186250000000000e+05,1.095801640625000000e+05,1.074422265625000000e+05,1.146234375000000000e+05,8.628310937500000000e+04
2.346993000000000000e+06,2.338061750000000000e+06,2.312519250000000000e+06,2.272251250000000000e+06,2.219145500000000000e+06,2.155084250000000000e+06,2.081939750000000000e+06,2.001628875000000000e+06,1.916667250000000000e+06,1.829872125000000000e+06,1.743964500000000000e+06,1.661449625000000000e+06,1.583860250000000000e+06,1.512249375000000000e+06,1.447639625000000000e+06,1.424294875000000000e+06,1.411468625000000000e+06,1.403951625000000000e+06,1.402053375000000000e+06,1.405719000000000000e+06,1.414857000000000000e+06,1.429237000000000000e+06,1.448469250000000000e+06,1.472079125000000000e+06,1.499421125000000000e+06,1.529712250000000000e+06,1.562013125000000000e+06,1.595198375000000000e+06,1.644784875000000000e+06,1.710755500000000000e+06,1.775931125000000000e+06,1.836701375000000000e+06,1.888795250000000000e+06,1.918075250000000000e+06,1.896113250000000000e+06,1.805675500000000000e+06,1.661303125000000000e+06,1.429036500000000000e+06,9.392989375000000000e+05,3.003937500000000000e+05,2.309110546875000000e+04
5.387628000000000000e+06,5.384813000000000000e+06,5.373122500000000000e+06,5.347330500000000000e+06,5.302143000000000000e+06,5.232664500000000000e+06,5.134779500000000000e+06,5.006091000000000000e+06,4.851864500000000000e+06,4.681333000000000000e+06,4.503235000000000000e+06,4.325166000000000000e+06,4.240113000000000000e+06,4.161430750000000000e+06,4.080169500000000000e+06,3.997001000000000000e+06,3.912756500000000000e+06,3.828150250000000000e+06,3.742956500000000000e+06,3.655676000000000000e+06,3.564690250000000000e+06,3.468252500000000000e+06,3.364496750000000000e+06,3.251580750000000000e+06,3.127805000000000000e+06,2.991615500000000000e+06,2.843160500000000000e+06,2.732996750000000000e+06,2.609000750000000000e+06,2.469636250000000000e+06,2.313563000000000000e+06,2.139595750000000000e+06,1.946940000000000000e+06,1.736054125000000000e+06,1.508752250000000000e+06,1.266560500000000000e+06,1.011783812500000000e+06,7.532121250000000000e+05,5.030680000000000000e+05,2.716690625000000000e+05,9.563218750000000000e+04
3.490442250000000000e+06,3.498424250000000000e+06,3.521278500000000000e+06,3.557368500000000000e+06,3.605045750000000000e+06,3.662635500000000000e+06,3.728425500000000000e+06,3.800625500000000000e+06,3.877049000000000000e+06,3.955234500000000000e+06,4.032649250000000000e+06,4.106750000000000000e+06,4.175367500000000000e+06,4.236501500000000000e+06,4.288129500000000000e+06,4.328428500000000000e+06,4.355845000000000000e+06,4.368854000000000000e+06,4.366048000000000000e+06,4.346182000000000000e+06,4.308065500000000000e+06,4.250551500000000000e+06,4.190518000000000000e+06,4.144829000000000000e+06,4.078686500000000000e+06,3.990448250000000000e+06,3.878470750000000000e+06,3.741109500000000000e+06,3.576811000000000000e+06,3.383936250000000000e+06,3.161159500000000000e+06,2.908152750000000000e+06,2.625688250000000000e+06,2.314042500000000000e+06,1.972975750000000000e+06,1.609117125000000000e+06,1.241902500000000000e+06,8.830840625000000000e+05,5.192091875000000000e+05,1.944203281250000000e+05,3.533171484375000000e+04
3.164873250000000000e+06,3.158735500000000000e+06,3.140505500000000000e+06,3.110305750000000000e+06,3.068144250000000000e+06,3.014522000000000000e+06,2.966378750000000000e+06,2.906942250000000000e+06,2.837305500000000000e+06,2.759613250000000000e+06,2.676218000000000000e+06,2.589560500000000000e+06,2.501474000000000000e+06,2.432909500000000000e+06,2.379988000000000000e+06,2.326701000000000000e+06,2.274480750000000000e+06,2.224810500000000000e+06,2.178850000000000000e+06,2.137205500000000000e+06,2.182030000000000000e+06,2.247422250000000000e+06,2.309267750000000000e+06,2.368172250000000000e+06,2.423929250000000000e+06,2.475731500000000000e+06,2.521997000000000000e+06,2.560202000000000000e+06,2.586944000000000000e+06,2.662307250000000000e+06,2.729100500000000000e+06,2.774238000000000000e+06,2.787291500000000000e+06,2.749026750000000000e+06,2.628725000000000000e+06,2.408426000000000000e+06,2.103175000000000000e+06,1.695848875000000000e+06,1.072674500000000000e+06,3.581984062500000000e+05,3.450176171875000000e+04
3.220576000000000000e+06,3.227022250000000000e+06,3.242852750000000000e+06,3.263329500000000000e+06,3.289886500000000000e+06,3.309425000000000000e+06,3.315763000000000000e+06,3.303836500000000000e+06,3.274592250000000000e+06,3.235052500000000000e+06,3.201150500000000000e+06,3.161366250000000000e+06,3.116265750000000000e+06,3.064932000000000000e+06,3.006715250000000000e+06,2.957162000000000000e+06,2.912870500000000000e+06,2.858615750000000000e+06,2.794332000000000000e+06,2.719617000000000000e+06,2.634144000000000000e+06,2.576880500000000000e+06,2.506309000000000000e+06,2.419157750000000000e+06,2.315967500000000000e+06,2.197497500000000000e+06,2.064806375000000000e+06,2.009732125000000000e+06,1.944557000000000000e+06,1.847716750000000000e+06,1.721828375000000000e+06,1.570327875000000000e+06,1.397572750000000000e+06,1.208271375000000000e+06,1.048734250000000000e+06,8.801064375000000000e+05,7.042246875000000000e+05,5.252023750000000000e+05,3.409146875000000000e+05,1.628860781250000000e+05,4.678964843750000000e+04
6.966099000000000000e+06,6.967390500000000000e+06,6.968940000000000000e+06,6.967027500000000000e+06,6.957742500000000000e+06,6.948396500000000000e+06,6.966188000000000000e+06,6.966478500000000000e+06,6.947915500000000000e+06,6.911901000000000000e+06,6.859995500000000000e+06,6.793667000000000000e+06,6.712738500000000000e+06,6.616439000000000000e+06,6.504364500000000000e+06,6.376493000000000000e+06,6.429521000000000000e+06,6.494343500000000000e+06,6.523206000000000000e+06,6.514736000000000000e+06,6.467841000000000000e+06,6.381727500000000000e+06,6.255832000000000000e+06,6.089842000000000000e+06,5.883604500000000000e+06,5.637278000000000000e+06,5.351537500000000000e+06,5.121148000000000000e+06,4.867483000000000000e+06,4.572775000000000000e+06,4.235187500000000000e+06,3.855589250000000000e+06,3.437328750000000000e+06,2.981725000000000000e+06,2.488220000000000000e+06,1.971526625000000000e+06,1.470972625000000000e+06,1.001842562500000000e+06,5.303209375000000000e+05,1.419326718750000000e+05,8.930794921875000000e+03
6.362548125000000000e+05,6.370675000000000000e+05,6.394418750000000000e+05,6.425588750000000000e+05,6.456810625000000000e+05,6.480593750000000000e+05,6.489616875000000000e+05,6.477411250000000000e+05,6.442499375000000000e+05,6.412668125000000000e+05,6.373179375000000000e+05,6.314077500000000000e+05,6.235777500000000000e+05,6.138425000000000000e+05,6.041849375000000000e+05,5.967725000000000000e+05,5.871578750000000000e+05,5.755723750000000000e+05,5.622260625000000000e+05,5.472830000000000000e+05,5.348923750000000000e+05,5.245948750000000000e+05,5.120224375000000000e+05,4.972950625000000000e+05,4.804707500000000000e+05,4.615814375000000000e+05,4.406343437500000000e+05,4.327670625000000000e+05,4.271054687500000000e+05,4.160606250000000000e+05,3.995679687500000000e+05,3.775645625000000000e+05,3.500792187500000000e+05,3.174092187500000000e+05,2.857201562500000000e+05,2.560036718750000000e+05,2.212415937500000000e+05,1.815129375000000000e+05,1.398134687500000000e+05,9.627176562500000000e+04,4.834007812500000000e+04
5.238594062500000000e+05,5.234850937500000000e+05,5.221423750000000000e+05,5.194706562500000000e+05,5.174331250000000000e+05,5.153926875000000000e+05,5.108335937500000000e+05,5.033106875000000000e+05,4.933568125000000000e+05,4.820135937500000000e+05,4.702705937500000000e+05,4.589727812500000000e+05,4.482658437500000000e+05,4.379744062500000000e+05,4.279418750000000000e+05,4.180301562500000000e+05,4.081060937500000000e+05,4.091896562500000000e+05,4.099440937500000000e+05,4.094844687500000000e+05,4.075734375000000000e+05,4.040198750000000000e+05,3.986780312500000000e+05,3.914137187500000000e+05,3.821392500000000000e+05,3.707952187500000000e+05,3.573519687500000000e+05,3.418178437500000000e+05,3.242431250000000000e+05,3.093356875000000000e+05,2.955419687500000000e+05,2.801441250000000000e+05,2.628668437500000000e+05,2.438738437500000000e+05,2.238907343750000000e+05,2.025172031250000000e+05,1.770442812500000000e+05,1.480850937500000000e+05,1.248929843750000000e+05,1.080041015625000000e+05,6.865537500000000000e+04
1.798319218750000000e+05,1.797549531250000000e+05,1.794970312500000000e+05,1.789957187500000000e+05,1.781803437500000000e+05,1.769934218750000000e+05,1.754059531250000000e+05,1.736563750000000000e+05,1.720134843750000000e+05,1.704010156250000000e+05,1.690987343750000000e+05,1.683678125000000000e+05,1.683705625000000000e+05,1.698506250000000000e+05,1.717430625000000000e+05,1.739716093750000000e+05,1.764410781250000000e+05,1.790425000000000000e+05,1.833008750000000000e+05,1.875747656250000000e+05,1.915046250000000000e+05,1.949447968750000000e+05,1.977533906250000000e+05,2.003866406250000000e+05,2.047472500000000000e+05,2.078541093750000000e+05,2.095060937500000000e+05,2.094902656250000000e+05,2.075946093750000000e+05,2.062218750000000000e+05,2.124391250000000000e+05,2.147759375000000000e+05,2.126282812500000000e+05,2.055949218750000000e+05,1.935274375000000000e+05,1.790441250000000000e+05,1.648905468750000000e+05,1.449119843750000000e+05,1.224112343750000000e+05,9.688809375000000000e+04,5.581051171875000000e+04
6.013919500000000000e+06,5.989389500000000000e+06,5.918515500000000000e+06,5.805514000000000000e+06,5.654750500000000000e+06,5.470695000000000000e+06,5.257891000000000000e+06,5.021086000000000000e+06,4.766714000000000000e+06,4.502006500000000000e+06,4.233849500000000000e+06,3.968515750000000000e+06,3.710294500000000000e+06,3.473645500000000000e+06,3.263652000000000000e+06,3.065517500000000000e+06,2.879841000000000000e+06,2.707136750000000000e+06,2.547226500000000000e+06,2.398978750000000000e+06,2.261250250000000000e+06,2.132523000000000000e+06,2.010973750000000000e+06,1.894843875000000000e+06,1.817313250000000000e+06,1.768112500000000000e+06,1.710575375000000000e+06,1.643261250000000000e+06,1.564764500000000000e+06,1.473876375000000000e+06,1.369643000000000000e+06,1.251881500000000000e+06,1.121245500000000000e+06,9.874396875000000000e+05,8.641459375000000000e+05,7.287877500000000000e+05,5.863375625000000000e+05,4.391438125000000000e+05,2.787269687500000000e+05,1.197838359375000000e+05,2.809405468750000000e+04
5.702736000000000000e+06,5.715040500000000000e+06,5.749788500000000000e+06,5.803717500000000000e+06,5.873558000000000000e+06,5.956039500000000000e+06,6.047896500000000000e+06,6.146051000000000000e+06,6.249306000000000000e+06,6.357591000000000000e+06,6.470849500000000000e+06,6.588825500000000000e+06,6.709544000000000000e+06,6.830080000000000000e+06,7.112227000000000000e+06,7.471300000000000000e+06,7.823246500000000000e+06,8.162051500000000000e+06,8.480988000000000000e+06,8.772536000000000000e+06,9.028657000000000000e+06,9.240973000000000000e+06,9.400862000000000000e+06,9.499540000000000000e+06,9.527939000000000000e+06,9.544655000000000000e+06,9.617034000000000000e+06,9.608402000000000000e+06,9.503273000000000000e+06,9.284413000000000000e+06,8.935291000000000000e+06,8.445033000000000000e+06,7.808727000000000000e+06,7.014786500000000000e+06,6.045291000000000000e+06,4.928960500000000000e+06,3.773660750000000000e+06,2.621719000000000000e+06,1.370337250000000000e+06,3.122739375000000000e+05,4.691861328125000000e+03
3.931929750000000000e+06,3.941666250000000000e+06,3.965790500000000000e+06,4.000399500000000000e+06,4.041684000000000000e+06,4.073237750000000000e+06,4.086221750000000000e+06,4.073695750000000000e+06,4.049654750000000000e+06,4.022119000000000000e+06,3.983640000000000000e+06,3.941274000000000000e+06,3.897147750000000000e+06,3.867031500000000000e+06,3.860239500000000000e+06,3.848496000000000000e+06,3.833032250000000000e+06,3.814957500000000000e+06,3.794458000000000000e+06,3.826251000000000000e+06,3.852770750000000000e+06,3.867381250000000000e+06,3.868040000000000000e+06,3.852338250000000000e+06,3.817267750000000000e+06,3.818427500000000000e+06,3.920471250000000000e+06,3.974377250000000000e+06,3.974124750000000000e+06,3.913088750000000000e+06,3.785117000000000000e+06,3.586698000000000000e+06,3.317465000000000000e+06,3.036706000000000000e+06,2.723756250000000000e+06,2.331974000000000000e+06,1.889638750000000000e+06,1.403939750000000000e+06,8.156311250000000000e+05,2.365944375000000000e+05,1.269852246093750000e+04
1.069309000000000000e+06,1.065184125000000000e+06,1.053225875000000000e+06,1.034697062500000000e+06,1.010382500000000000e+06,9.801046875000000000e+05,9.443980000000000000e+05,9.039751250000000000e+05,8.602639375000000000e+05,8.150570000000000000e+05,7.700951875000000000e+05,7.296283125000000000e+05,6.926388125000000000e+05,6.582412500000000000e+05,6.269165000000000000e+05,5.989026250000000000e+05,5.741048125000000000e+05,5.573699375000000000e+05,5.433840625000000000e+05,5.312145000000000000e+05,5.204399062500000000e+05,5.105655937500000000e+05,5.019821250000000000e+05,5.000788125000000000e+05,4.965664062500000000e+05,4.908466562500000000e+05,4.823210937500000000e+05,4.704309062500000000e+05,4.546379687500000000e+05,4.604691562500000000e+05,4.583646875000000000e+05,4.470514375000000000e+05,4.259676562500000000e+05,3.946700000000000000e+05,3.527851250000000000e+05,3.131764375000000000e+05,2.693173750000000000e+05,2.174249687500000000e+05,1.537738437500000000e+05,8.076908593750000000e+04,2.639421093750000000e+04
2.727870500000000000e+06,2.707323750000000000e+06,2.650144000000000000e+06,2.563159000000000000e+06,2.453216750000000000e+06,2.327029500000000000e+06,2.191055500000000000e+06,2.051397000000000000e+06,1.913622750000000000e+06,1.782833875000000000e+06,1.663751375000000000e+06,1.570702500000000000e+06,1.498820125000000000e+06,1.440253500000000000e+06,1.394354875000000000e+06,1.359954500000000000e+06,1.335062625000000000e+06,1.317694000000000000e+06,1.305829250000000000e+06,1.299665125000000000e+06,1.346031625000000000e+06,1.388678000000000000e+06,1.425751625000000000e+06,1.455183500000000000e+06,1.475157375000000000e+06,1.483891875000000000e+06,1.479716250000000000e+06,1.461225250000000000e+06,1.427157625000000000e+06,1.376505750000000000e+06,1.340187625000000000e+06,1.289945000000000000e+06,1.221916875000000000e+06,1.134493625000000000e+06,1.026372062500000000e+06,8.969401875000000000e+05,7.474453125000000000e+05,5.814666250000000000e+05,4.017997187500000000e+05,2.189341562500000000e+05,7.747680468750000000e+04
5.233314062500000000e+05,5.240187187500000000e+05,5.258025625000000000e+05,5.282496875000000000e+05,5.309138125000000000e+05,5.333451875000000000e+05,5.351007500000000000e+05,5.357858750000000000e+05,5.353673750000000000e+05,5.340235000000000000e+05,5.402071250000000000e+05,5.532677500000000000e+05,5.658331875000000000e+05,5.775214375000000000e+05,5.879721875000000000e+05,5.969150000000000000e+05,6.041820625000000000e+05,6.096207500000000000e+05,6.130490000000000000e+05,6.142343125000000000e+05,6.129483125000000000e+05,6.089611250000000000e+05,6.053676250000000000e+05,6.077058125000000000e+05,6.073580000000000000e+05,6.037236250000000000e+05,5.961844375000000000e+05,5.841249375000000000e+05,5.669442500000000000e+05,5.440350625000000000e+05,5.148858437500000000e+05,4.792925312500000000e+05,4.373607812500000000e+05,3.890060625000000000e+05,3.339663437500000000e+05,2.738051250000000000e+05,2.130788906250000000e+05,1.536698281250000000e+05,9.124128125000000000e+04,3.482697265625000000e+04,8.259524414062500000e+03
2.714139500000000000e+06,2.717934250000000000e+06,2.728191500000000000e+06,2.743028250000000000e+06,2.760373250000000000e+06,2.780465000000000000e+06,2.804403250000000000e+06,2.824737250000000000e+06,2.839883750000000000e+06,2.848903750000000000e+06,2.856764500000000000e+06,2.862729750000000000e+06,2.860818500000000000e+06,2.851448750000000000e+06,2.839666750000000000e+06,2.837484750000000000e+06,2.828900000000000000e+06,2.815534250000000000e+06,2.799027750000000000e+06,2.794504000000000000e+06,2.804646250000000000e+06,2.813607000000000000e+06,2.822911500000000000e+06,2.833901750000000000e+06,2.847379750000000000e+06,2.907320000000000000e+06,2.973786500000000000e+06,3.042175250000000000e+06,3.111959500000000000e+06,3.179448500000000000e+06,3.263862750000000000e+06,3.535804750000000000e+06,3.791613250000000000e+06,4.000157000000000000e+06,4.090998750000000000e+06,4.014830500000000000e+06,3.955986250000000000e+06,3.766621000000000000e+06,2.763639000000000000e+06,9.391631250000000000e+05,4.055326953125000000e+04
2.833708750000000000e+05,2.831804062500000000e+05,2.826149687500000000e+05,2.816732187500000000e+05,2.803451562500000000e+05,2.786181562500000000e+05,2.764822500000000000e+05,2.739411875000000000e+05,2.716659687500000000e+05,2.712330625000000000e+05,2.707504062500000000e+05,2.703396562500000000e+05,2.700686875000000000e+05,2.699839062500000000e+05,2.701455000000000000e+05,2.706055937500000000e+05,2.713955625000000000e+05,2.726424062500000000e+05,2.848401250000000000e+05,2.970943750000000000e+05,3.094349687500000000e+05,3.218857500000000000e+05,3.344609062500000000e+05,3.471565937500000000e+05,3.599416562500000000e+05,3.727610312500000000e+05,3.855107812500000000e+05,3.980226250000000000e+05,4.106698125000000000e+05,4.318769375000000000e+05,4.537711562500000000e+05,4.756011875000000000e+05,4.962171250000000000e+05,5.132825000000000000e+05,5.227710312500000000e+05,5.199970312500000000e+05,4.998279062500000000e+05,4.536341562500000000e+05,3.631704062500000000e+05,2.236109062500000000e+05,8.617237500000000000e+04
4.821884375000000000e+04,4.819516406250000000e+04,4.809500390625000000e+04,4.787058984375000000e+04,4.756797265625000000e+04,4.705292578125000000e+04,4.627129687500000000e+04,4.518755468750000000e+04,4.383417187500000000e+04,4.228030859375000000e+04,4.059339453125000000e+04,3.900380859375000000e+04,3.738655468750000000e+04,3.573227734375000000e+04,3.406407421875000000e+04,3.240423437500000000e+04,3.077169335937500000e+04,2.941003320312500000e+04,2.812179687500000000e+04,2.685390429687500000e+04,2.561076953125000000e+04,2.439287695312500000e+04,2.319707812500000000e+04,2.235758007812500000e+04,2.149955468750000000e+04,2.059526953125000000e+04,1.964124218750000000e+04,1.863376562500000000e+04,1.756938476562500000e+04,1.739190820312500000e+04,1.706459179687500000e+04,1.650445312500000000e+04,1.571630468750000000e+04,1.470852441406250000e+04,1.348964843750000000e+04,1.257098144531250000e+04,1.166187597656250000e+04,1.062228222656250000e+04,9.442912109375000000e+03,8.078906250000000000e+03,6.493570800781250000e+03
7.221080000000000000e+06,7.208072000000000000e+06,7.169614000000000000e+06,7.105913500000000000e+06,7.046988500000000000e+06,7.005093500000000000e+06,6.941171500000000000e+06,6.852265000000000000e+06,6.738842500000000000e+06,6.604299500000000000e+06,6.453822000000000000e+06,6.294003000000000000e+06,6.361858500000000000e+06,6.448161000000000000e+06,6.506433500000000000e+06,6.545827500000000000e+06,6.575043500000000000e+06,6.601782500000000000e+06,6.632154500000000000e+06,6.670351500000000000e+06,6.719636500000000000e+06,6.781916000000000000e+06,6.857961500000000000e+06,6.948008000000000000e+06,7.061467500000000000e+06,7.285281500000000000e+06,7.536816500000000000e+06,7.817659500000000000e+06,8.128308500000000000e+06,8.462381000000000000e+06,8.810806000000000000e+06,9.167917000000000000e+06,9.528979000000000000e+06,9.827136000000000000e+06,9.901163000000000000e+06,9.657610000000000000e+06,9.203911000000000000e+06,8.274896500000000000e+06,5.530680000000000000e+06,1.581248875000000000e+06,4.524751171875000000e+04
4.624536500000000000e+06,4.601286000000000000e+06,4.536340000000000000e+06,4.436621500000000000e+06,4.308893000000000000e+06,4.159984750000000000e+06,3.996943750000000000e+06,3.839509750000000000e+06,3.713767250000000000e+06,3.592961500000000000e+06,3.484733750000000000e+06,3.396494250000000000e+06,3.329816750000000000e+06,3.283424750000000000e+06,3.256246500000000000e+06,3.344692750000000000e+06,3.491775250000000000e+06,3.643104000000000000e+06,3.796862250000000000e+06,3.950947750000000000e+06,4.102427000000000000e+06,4.248470500000000000e+06,4.386443000000000000e+06,4.513213000000000000e+06,4.625219000000000000e+06,4.724018500000000000e+06,4.887725000000000000e+06,5.033770000000000000e+06,5.154011500000000000e+06,5.235639000000000000e+06,5.263752500000000000e+06,5.223465500000000000e+06,5.099902000000000000e+06,4.862629000000000000e+06,4.462622500000000000e+06,3.890261250000000000e+06,3.215064000000000000e+06,2.431719250000000000e+06,1.357666625000000000e+06,3.082901875000000000e+05,2.495876708984375000e+03
6.799178750000000000e+05,6.791403750000000000e+05,6.766170000000000000e+05,6.728060000000000000e+05,6.670883750000000000e+05,6.586296250000000000e+05,6.469739375000000000e+05,6.318123750000000000e+05,6.134785000000000000e+05,5.935310000000000000e+05,5.746025625000000000e+05,5.542965000000000000e+05,5.330053750000000000e+05,5.110226875000000000e+05,4.913465625000000000e+05,4.743658125000000000e+05,4.567479375000000000e+05,4.388061875000000000e+05,4.207715312500000000e+05,4.082304687500000000e+05,3.969698125000000000e+05,3.846281562500000000e+05,3.712995937500000000e+05,3.570432500000000000e+05,3.461076562500000000e+05,3.490682812500000000e+05,3.478765312500000000e+05,3.427122500000000000e+05,3.337416562500000000e+05,3.211998125000000000e+05,3.053325312500000000e+05,2.862921250000000000e+05,2.730172187500000000e+05,2.579220625000000000e+05,2.411579531250000000e+05,2.222023125000000000e+05,1.979127656250000000e+05,1.686813125000000000e+05,1.451193437500000000e+05,1.283137578125000000e+05,8.322223437500000000e+04
2.424118500000000000e+06,2.413496250000000000e+06,2.382977500000000000e+06,2.334576750000000000e+06,2.270363500000000000e+06,2.192523750000000000e+06,2.103396500000000000e+06,2.005597875000000000e+06,1.903049125000000000e+06,1.800197875000000000e+06,1.701161875000000000e+06,1.609479500000000000e+06,1.537367500000000000e+06,1.474542000000000000e+06,1.420113375000000000e+06,1.374030000000000000e+06,1.335538125000000000e+06,1.303882250000000000e+06,1.278043125000000000e+06,1.256581875000000000e+06,1.238030500000000000e+06,1.220886250000000000e+06,1.203601000000000000e+06,1.217346250000000000e+06,1.236801875000000000e+06,1.249429625000000000e+06,1.253258750000000000e+06,1.246329625000000000e+06,1.226651875000000000e+06,1.192229750000000000e+06,1.141268375000000000e+06,1.072753875000000000e+06,9.866346250000000000e+05,9.113799375000000000e+05,8.157614375000000000e+05,6.996075625000000000e+05,5.703626250000000000e+05,4.298958125000000000e+05,2.624075625000000000e+05,9.335325781250000000e+04,1.353968164062500000e+04
2.429084500000000000e+06,2.441200500000000000e+06,2.474181750000000000e+06,2.522989750000000000e+06,2.582561500000000000e+06,2.650166750000000000e+06,2.724386250000000000e+06,2.793714250000000000e+06,2.857538250000000000e+06,2.918187250000000000e+06,2.978072250000000000e+06,3.046025750000000000e+06,3.125800750000000000e+06,3.206477500000000000e+06,3.287048750000000000e+06,3.367137500000000000e+06,3.447189000000000000e+06,3.542297000000000000e+06,3.656780500000000000e+06,3.772074750000000000e+06,3.888198750000000000e+06,4.005130250000000000e+06,4.122793000000000000e+06,4.267224000000000000e+06,4.454918000000000000e+06,4.641891500000000000e+06,4.826165500000000000e+06,5.004720500000000000e+06,5.172992000000000000e+06,5.451976500000000000e+06,5.916054000000000000e+06,6.333970000000000000e+06,6.680306000000000000e+06,6.893849000000000000e+06,6.859258500000000000e+06,6.686519500000000000e+06,6.450546000000000000e+06,5.834508500000000000e+06,4.045823500000000000e+06,1.273596625000000000e+06,3.844464453125000000e+04
1.782255375000000000e+06,1.785106125000000000e+06,1.792796000000000000e+06,1.803967750000000000e+06,1.817207125000000000e+06,1.831076125000000000e+06,1.844144875000000000e+06,1.855072250000000000e+06,1.863124000000000000e+06,1.867960250000000000e+06,1.924258000000000000e+06,1.984090000000000000e+06,2.036959375000000000e+06,2.082413375000000000e+06,2.120114500000000000e+06,2.150156500000000000e+06,2.173121250000000000e+06,2.189635750000000000e+06,2.200225750000000000e+06,2.205239750000000000e+06,2.204954500000000000e+06,2.199291000000000000e+06,2.187839000000000000e+06,2.170037250000000000e+06,2.174261500000000000e+06,2.176383750000000000e+06,2.170953500000000000e+06,2.155654750000000000e+06,2.127858500000000000e+06,2.084148500000000000e+06,2.020831000000000000e+06,1.934293375000000000e+06,1.821158500000000000e+06,1.676896625000000000e+06,1.495787375000000000e+06,1.277764875000000000e+06,1.034450437500000000e+06,7.720550000000000000e+05,4.741511562500000000e+05,1.820196250000000000e+05,3.263081835937500000e+04
4.112264500000000000e+06,4.118186250000000000e+06,4.133742500000000000e+06,4.155509500000000000e+06,4.179968250000000000e+06,4.203568000000000000e+06,4.222792500000000000e+06,4.234530500000000000e+06,4.239035000000000000e+06,4.238554000000000000e+06,4.235375500000000000e+06,4.231651000000000000e+06,4.228368000000000000e+06,4.225984000000000000e+06,4.225039500000000000e+06,4.226253500000000000e+06,4.230529000000000000e+06,4.238820500000000000e+06,4.251889500000000000e+06,4.270189000000000000e+06,4.294178000000000000e+06,4.324211500000000000e+06,4.360545000000000000e+06,4.403386000000000000e+06,4.478498000000000000e+06,4.603850500000000000e+06,4.746334000000000000e+06,4.907634500000000000e+06,5.088821500000000000e+06,5.286878500000000000e+06,5.497425500000000000e+06,5.720561000000000000e+06,5.959090500000000000e+06,6.173699500000000000e+06,6.259948500000000000e+06,6.164115500000000000e+06,5.980551500000000000e+06,5.520663500000000000e+06,3.759127750000000000e+06,1.075186125000000000e+06,3.131343945312500000e+04
4.621572500000000000e+06,4.597275000000000000e+06,4.526944500000000000e+06,4.414069500000000000e+06,4.316757500000000000e+06,4.269443000000000000e+06,4.183317750000000000e+06,4.055481250000000000e+06,3.893847250000000000e+06,3.712106500000000000e+06,3.524448000000000000e+06,3.344063750000000000e+06,3.176319000000000000e+06,3.022449000000000000e+06,2.883322250000000000e+06,2.758686000000000000e+06,2.669190250000000000e+06,2.605589750000000000e+06,2.548164000000000000e+06,2.494001750000000000e+06,2.440117750000000000e+06,2.383972750000000000e+06,2.323442250000000000e+06,2.256494750000000000e+06,2.181606750000000000e+06,2.097474500000000000e+06,2.003089000000000000e+06,1.897857625000000000e+06,1.781403000000000000e+06,1.653690375000000000e+06,1.515006125000000000e+06,1.366178500000000000e+06,1.208610875000000000e+06,1.043870187500000000e+06,8.736536250000000000e+05,7.016133750000000000e+05,5.348898750000000000e+05,3.786239687500000000e+05,2.309400312500000000e+05,1.035387656250000000e+05,3.038327148437500000e+04
1.922522375000000000e+06,1.924266625000000000e+06,1.929034125000000000e+06,1.936070500000000000e+06,1.944553875000000000e+06,1.953605250000000000e+06,1.962300625000000000e+06,1.969696750000000000e+06,1.974971125000000000e+06,1.977400000000000000e+06,1.976301125000000000e+06,1.986794750000000000e+06,1.993792000000000000e+06,1.994581125000000000e+06,1.988319125000000000e+06,1.974335125000000000e+06,1.952140875000000000e+06,1.944176375000000000e+06,1.931866500000000000e+06,1.907461000000000000e+06,1.870882500000000000e+06,1.822301250000000000e+06,1.762105875000000000e+06,1.690826000000000000e+06,1.687836250000000000e+06,1.663084375000000000e+06,1.617057625000000000e+06,1.551062125000000000e+06,1.466658375000000000e+06,1.365659250000000000e+06,1.250126875000000000e+06,1.122514625000000000e+06,1.002709812500000000e+06,8.886812500000000000e+05,7.667094375000000000e+05,6.380871875000000000e+05,5.063012500000000000e+05,3.747512812500000000e+05,2.421048437500000000e+05,1.164157187500000000e+05,3.518799218750000000e+04
2.967147851562500000e+04,2.972178125000000000e+04,2.986688476562500000e+04,3.009750000000000000e+04,3.040374023437500000e+04,3.077534179687500000e+04,3.120183398437500000e+04,3.167266015625000000e+04,3.224548632812500000e+04,3.296533203125000000e+04,3.370215234375000000e+04,3.444327343750000000e+04,3.517939843750000000e+04,3.597961718750000000e+04,3.708611328125000000e+04,3.815668359375000000e+04,3.918897265625000000e+04,4.018146093750000000e+04,4.113490234375000000e+04,4.262463671875000000e+04,4.416765625000000000e+04,4.565610937500000000e+04,4.709837500000000000e+04,4.850263281250000000e+04,4.987733203125000000e+04,5.149033593750000000e+04,5.540834765625000000e+04,5.933281640625000000e+04,6.327373828125000000e+04,6.723636718750000000e+04,7.121646093750000000e+04,7.512435156250000000e+04,7.879305468750000000e+04,8.244878125000000000e+04,8.885244531250000000e+04,9.559283593750000000e+04,1.005181015625000000e+05,1.021360312500000000e+05,1.043853437500000000e+05,1.063703984375000000e+05,7.564735156250000000e+04
6.017559765625000000e+04,6.001493750000000000e+04,5.954298437500000000e+04,5.877252343750000000e+04,5.771510937500000000e+04,5.638308203125000000e+04,5.479128906250000000e+04,5.296084375000000000e+04,5.094308203125000000e+04,4.880629687500000000e+04,4.661853906250000000e+04,4.444458203125000000e+04,4.233037890625000000e+04,4.031219921875000000e+04,3.842510937500000000e+04,3.669474609375000000e+04,3.513480078125000000e+04,3.469662890625000000e+04,3.441154687500000000e+04,3.424050781250000000e+04,3.419599218750000000e+04,3.428519140625000000e+04,3.451013281250000000e+04,3.487133984375000000e+04,3.536653906250000000e+04,3.599162109375000000e+04,3.673926562500000000e+04,3.759783593750000000e+04,3.855593750000000000e+04,3.976891406250000000e+04,4.194798828125000000e+04,4.443884765625000000e+04,4.718366796875000000e+04,5.025837890625000000e+04,5.398657812500000000e+04,5.819866796875000000e+04,6.114716796875000000e+04,6.218775390625000000e+04,6.680764062500000000e+04,7.666987500000000000e+04,6.041871484375000000e+04
1.213173593750000000e+05,1.207621875000000000e+05,1.192005078125000000e+05,1.167870078125000000e+05,1.138545468750000000e+05,1.104794765625000000e+05,1.067231328125000000e+05,1.027176953125000000e+05,9.861608593750000000e+04,9.458350781250000000e+04,9.078499218750000000e+04,8.737472656250000000e+04,8.457459375000000000e+04,8.280467968750000000e+04,8.147598437500000000e+04,8.059830468750000000e+04,8.014678125000000000e+04,8.009683593750000000e+04,8.050270312500000000e+04,8.240167187500000000e+04,8.452320312500000000e+04,8.682617187500000000e+04,8.926631250000000000e+04,9.179141406250000000e+04,9.434684375000000000e+04,9.947448437500000000e+04,1.070634531250000000e+05,1.144650937500000000e+05,1.215390468750000000e+05,1.280373515625000000e+05,1.336420937500000000e+05,1.379780937500000000e+05,1.406184843750000000e+05,1.448633593750000000e+05,1.469538125000000000e+05,1.446808750000000000e+05,1.378768437500000000e+05,1.239706718750000000e+05,9.275565625000000000e+04,4.514812890625000000e+04,1.287070703125000000e+04
4.748235625000000000e+05,4.762793125000000000e+05,4.802975000000000000e+05,4.863177812500000000e+05,4.937474687500000000e+05,5.038196250000000000e+05,5.142553750000000000e+05,5.243750000000000000e+05,5.337925000000000000e+05,5.467155625000000000e+05,5.588180000000000000e+05,5.695005625000000000e+05,5.811419375000000000e+05,5.967934375000000000e+05,6.097236250000000000e+05,6.198196250000000000e+05,6.298731875000000000e+05,6.466390625000000000e+05,6.591130625000000000e+05,6.673293750000000000e+05,6.712978125000000000e+05,6.710012500000000000e+05,6.818161875000000000e+05,7.044532500000000000e+05,7.187580000000000000e+05,7.246055625000000000e+05,7.218253125000000000e+05,7.102085000000000000e+05,6.895639375000000000e+05,6.596223125000000000e+05,6.202409375000000000e+05,5.783625000000000000e+05,5.372546875000000000e+05,4.870491875000000000e+05,4.261290000000000000e+05,3.554464687500000000e+05,2.809443125000000000e+05,2.043788437500000000e+05,1.162562343750000000e+05,3.349755078125000000e+04,2.884228027343750000e+03
4.095634500000000000e+06,4.092869250000000000e+06,4.084539750000000000e+06,4.070509250000000000e+06,4.050557500000000000e+06,4.024416500000000000e+06,3.991803000000000000e+06,3.952519750000000000e+06,3.907138750000000000e+06,3.856712000000000000e+06,3.802340750000000000e+06,3.745152000000000000e+06,3.701720500000000000e+06,3.675180000000000000e+06,3.647668750000000000e+06,3.619935500000000000e+06,3.592744250000000000e+06,3.566952250000000000e+06,3.543326250000000000e+06,3.522432500000000000e+06,3.504853250000000000e+06,3.490946500000000000e+06,3.580871000000000000e+06,3.709006750000000000e+06,3.837366000000000000e+06,3.965508750000000000e+06,4.092246500000000000e+06,4.215313500000000000e+06,4.331060000000000000e+06,4.431224500000000000e+06,4.505281500000000000e+06,4.541886500000000000e+06,4.665307500000000000e+06,4.732943500000000000e+06,4.674740500000000000e+06,4.444885500000000000e+06,4.070645250000000000e+06,3.470229250000000000e+06,2.244290000000000000e+06,6.580312500000000000e+05,2.410364453125000000e+04
1.536581250000000000e+05,1.537519687500000000e+05,1.539594843750000000e+05,1.541541250000000000e+05,1.541964531250000000e+05,1.539434218750000000e+05,1.537758281250000000e+05,1.534735468750000000e+05,1.525127500000000000e+05,1.508427656250000000e+05,1.484466562500000000e+05,1.462221406250000000e+05,1.439164218750000000e+05,1.409239375000000000e+05,1.374057968750000000e+05,1.335314531250000000e+05,1.294711875000000000e+05,1.258234765625000000e+05,1.232420234375000000e+05,1.206593750000000000e+05,1.181975937500000000e+05,1.159338671875000000e+05,1.139076953125000000e+05,1.121428828125000000e+05,1.106178046875000000e+05,1.092926171875000000e+05,1.100976171875000000e+05,1.135733671875000000e+05,1.168688281250000000e+05,1.197792578125000000e+05,1.220405625000000000e+05,1.233003125000000000e+05,1.231364921875000000e+05,1.209868125000000000e+05,1.180050156250000000e+05,1.150582031250000000e+05,1.088171562500000000e+05,9.799132031250000000e+04,8.040364062500000000e+04,5.478834765625000000e+04,2.682536328125000000e+04
9.286865000000000000e+05,9.277373750000000000e+05,9.251000625000000000e+05,9.305308750000000000e+05,9.359543125000000000e+05,9.400691875000000000e+05,9.416131875000000000e+05,9.395121250000000000e+05,9.338590000000000000e+05,9.254298125000000000e+05,9.150233125000000000e+05,9.033770625000000000e+05,8.906860625000000000e+05,8.769114375000000000e+05,8.620663125000000000e+05,8.461783125000000000e+05,8.292531875000000000e+05,8.113033125000000000e+05,7.922571250000000000e+05,7.719155000000000000e+05,7.500788125000000000e+05,7.326222500000000000e+05,7.185078125000000000e+05,7.023418125000000000e+05,6.837010625000000000e+05,6.621699375000000000e+05,6.373751875000000000e+05,6.090100000000000000e+05,5.768195000000000000e+05,5.406284375000000000e+05,5.003610312500000000e+05,4.561605625000000000e+05,4.083798125000000000e+05,3.573412187500000000e+05,3.033442812500000000e+05,2.475930781250000000e+05,1.927862812500000000e+05,1.404088125000000000e+05,8.878699218750000000e+04,4.238203515625000000e+04,1.493053320312500000e+04
2.261193250000000000e+06,2.254918750000000000e+06,2.236212250000000000e+06,2.205048750000000000e+06,2.161356000000000000e+06,2.105246500000000000e+06,2.040706375000000000e+06,1.976779000000000000e+06,1.903693500000000000e+06,1.825961875000000000e+06,1.747959125000000000e+06,1.673554750000000000e+06,1.603908375000000000e+06,1.549877625000000000e+06,1.511863250000000000e+06,1.475707625000000000e+06,1.440945625000000000e+06,1.407039375000000000e+06,1.373207125000000000e+06,1.338325500000000000e+06,1.369260875000000000e+06,1.389211125000000000e+06,1.396845625000000000e+06,1.391267125000000000e+06,1.371931625000000000e+06,1.338476875000000000e+06,1.290866500000000000e+06,1.229527750000000000e+06,1.173721250000000000e+06,1.118360875000000000e+06,1.050454500000000000e+06,9.699888750000000000e+05,8.775665000000000000e+05,7.738073750000000000e+05,6.593316875000000000e+05,5.371639375000000000e+05,4.145451250000000000e+05,2.958401562500000000e+05,1.767254062500000000e+05,7.073278125000000000e+04,1.680191406250000000e+04
3.948866750000000000e+06,3.916030000000000000e+06,3.824276000000000000e+06,3.684310000000000000e+06,3.507165500000000000e+06,3.303753500000000000e+06,3.084503250000000000e+06,2.859108500000000000e+06,2.636467250000000000e+06,2.424498250000000000e+06,2.230031250000000000e+06,2.058373625000000000e+06,1.909800875000000000e+06,1.782446750000000000e+06,1.674660875000000000e+06,1.584165250000000000e+06,1.507843750000000000e+06,1.442822625000000000e+06,1.386404750000000000e+06,1.335977250000000000e+06,1.289081625000000000e+06,1.252232625000000000e+06,1.240181750000000000e+06,1.224842375000000000e+06,1.204910000000000000e+06,1.179199500000000000e+06,1.146684875000000000e+06,1.106604250000000000e+06,1.058343875000000000e+06,1.001605250000000000e+06,9.362941250000000000e+05,8.624455000000000000e+05,7.820897500000000000e+05,7.155071875000000000e+05,6.432646250000000000e+05,5.646371875000000000e+05,4.766031875000000000e+05,3.806210625000000000e+05,2.869813437500000000e+05,1.959674843750000000e+05,9.427178125000000000e+04
6.667738000000000000e+06,6.656354000000000000e+06,6.620220500000000000e+06,6.555889000000000000e+06,6.459792000000000000e+06,6.328817000000000000e+06,6.160773000000000000e+06,6.098501500000000000e+06,6.023482500000000000e+06,5.910595000000000000e+06,5.771066000000000000e+06,5.615570500000000000e+06,5.448804000000000000e+06,5.273113000000000000e+06,5.091639000000000000e+06,4.907777000000000000e+06,4.724526000000000000e+06,4.544602500000000000e+06,4.369384500000000000e+06,4.198428500000000000e+06,4.073573250000000000e+06,3.974027500000000000e+06,3.872994000000000000e+06,3.767488250000000000e+06,3.654228500000000000e+06,3.529844250000000000e+06,3.391125250000000000e+06,3.235145000000000000e+06,3.059195250000000000e+06,2.860772750000000000e+06,2.638026500000000000e+06,2.391212000000000000e+06,2.122403250000000000e+06,1.832060250000000000e+06,1.519333375000000000e+06,1.194478875000000000e+06,8.844189375000000000e+05,5.977189375000000000e+05,3.100637187500000000e+05,7.806873437500000000e+04,4.305361328125000000e+03
5.166570625000000000e+05,5.183682812500000000e+05,5.230413750000000000e+05,5.299725625000000000e+05,5.384428125000000000e+05,5.483460000000000000e+05,5.650583125000000000e+05,5.813118750000000000e+05,5.966278125000000000e+05,6.108795625000000000e+05,6.239490625000000000e+05,6.356990625000000000e+05,6.509548125000000000e+05,6.931448125000000000e+05,7.312848750000000000e+05,7.644903125000000000e+05,7.923443750000000000e+05,8.145041250000000000e+05,8.307291250000000000e+05,8.409049375000000000e+05,8.449788125000000000e+05,8.505903750000000000e+05,8.623019375000000000e+05,8.690036875000000000e+05,8.702703750000000000e+05,8.657743125000000000e+05,8.552399375000000000e+05,8.384170000000000000e+05,8.151549375000000000e+05,7.854139375000000000e+05,7.492290000000000000e+05,7.063395000000000000e+05,6.563812500000000000e+05,6.000765625000000000e+05,5.393800000000000000e+05,4.739667500000000000e+05,3.994835000000000000e+05,3.189195937500000000e+05,2.499905468750000000e+05,1.926069062500000000e+05,1.074607187500000000e+05
1.204798593750000000e+05,1.201868046875000000e+05,1.193543828125000000e+05,1.180483515625000000e+05,1.163297109375000000e+05,1.142561562500000000e+05,1.118835312500000000e+05,1.092690156250000000e+05,1.066562031250000000e+05,1.040506093750000000e+05,1.014595859375000000e+05,9.897247656250000000e+04,9.663658593750000000e+04,9.448049218750000000e+04,9.280660156250000000e+04,9.162085156250000000e+04,9.061137500000000000e+04,8.976716406250000000e+04,8.906446093750000000e+04,8.865486718750000000e+04,8.901882812500000000e+04,8.930921875000000000e+04,8.946212500000000000e+04,8.940821093750000000e+04,8.907521875000000000e+04,8.974332031250000000e+04,9.008069531250000000e+04,8.977612500000000000e+04,8.874446093750000000e+04,8.691385156250000000e+04,8.584450781250000000e+04,8.755277343750000000e+04,8.748514062500000000e+04,8.553630468750000000e+04,8.175212500000000000e+04,7.598004687500000000e+04,7.040835156250000000e+04,6.378483593750000000e+04,5.752777734375000000e+04,5.193045312500000000e+04,3.607655859375000000e+04
3.462253000000000000e+06,3.459784250000000000e+06,3.450207250000000000e+06,3.429942750000000000e+06,3.395317750000000000e+06,3.342944750000000000e+06,3.270037750000000000e+06,3.175066500000000000e+06,3.061608750000000000e+06,2.935869750000000000e+06,2.803749500000000000e+06,2.670481000000000000e+06,2.552351000000000000e+06,2.448580750000000000e+06,2.347699500000000000e+06,2.251582000000000000e+06,2.161877750000000000e+06,2.080133875000000000e+06,2.007324750000000000e+06,1.943667625000000000e+06,1.889321625000000000e+06,1.849670000000000000e+06,1.883374625000000000e+06,1.921440750000000000e+06,1.963996375000000000e+06,2.010817750000000000e+06,2.061250500000000000e+06,2.114077000000000000e+06,2.167350500000000000e+06,2.216923750000000000e+06,2.257511250000000000e+06,2.293782500000000000e+06,2.368610750000000000e+06,2.418899750000000000e+06,2.409338000000000000e+06,2.315603750000000000e+06,2.149263500000000000e+06,1.864644625000000000e+06,1.248749625000000000e+06,4.179182500000000000e+05,3.505562109375000000e+04
1.082732875000000000e+06,1.085668125000000000e+06,1.093797125000000000e+06,1.106062875000000000e+06,1.121365750000000000e+06,1.138581000000000000e+06,1.156575875000000000e+06,1.184945000000000000e+06,1.219175125000000000e+06,1.250995250000000000e+06,1.278990250000000000e+06,1.301900750000000000e+06,1.319108625000000000e+06,1.331485875000000000e+06,1.396793000000000000e+06,1.449269875000000000e+06,1.489150125000000000e+06,1.516805625000000000e+06,1.532750500000000000e+06,1.537634875000000000e+06,1.532119000000000000e+06,1.516692750000000000e+06,1.491691875000000000e+06,1.457398750000000000e+06,1.413872875000000000e+06,1.361131000000000000e+06,1.308285375000000000e+06,1.258800625000000000e+06,1.200293875000000000e+06,1.132170625000000000e+06,1.053924250000000000e+06,9.655611250000000000e+05,8.675624375000000000e+05,7.597736875000000000e+05,6.413835000000000000e+05,5.153210312500000000e+05,3.910941562500000000e+05,2.722297187500000000e+05,1.481453593750000000e+05,4.100163671875000000e+04,3.295271972656250000e+03
9.080364000000000000e+06,9.068004000000000000e+06,9.029628000000000000e+06,8.962881000000000000e+06,8.865145000000000000e+06,8.733866000000000000e+06,8.566845000000000000e+06,8.362833500000000000e+06,8.341968000000000000e+06,8.293102000000000000e+06,8.206439500000000000e+06,8.084341500000000000e+06,7.929056500000000000e+06,7.743237500000000000e+06,7.530553000000000000e+06,7.295435500000000000e+06,7.042544500000000000e+06,6.776500000000000000e+06,6.501051000000000000e+06,6.218594000000000000e+06,5.931121500000000000e+06,5.644596000000000000e+06,5.433363000000000000e+06,5.215769500000000000e+06,4.990011000000000000e+06,4.754115500000000000e+06,4.506046500000000000e+06,4.243704000000000000e+06,3.965136000000000000e+06,3.668480500000000000e+06,3.352331750000000000e+06,3.016688500000000000e+06,2.662992500000000000e+06,2.292256000000000000e+06,1.904992500000000000e+06,1.509401875000000000e+06,1.127634125000000000e+06,7.716660625000000000e+05,4.249082812500000000e+05,1.338067656250000000e+05,1.562622851562500000e+04
1.725279218750000000e+05,1.724791406250000000e+05,1.723191718750000000e+05,1.720205625000000000e+05,1.715498906250000000e+05,1.708716406250000000e+05,1.699517968750000000e+05,1.722430625000000000e+05,1.759387656250000000e+05,1.793447656250000000e+05,1.823311406250000000e+05,1.848062031250000000e+05,1.867725937500000000e+05,1.882829531250000000e+05,1.894018593750000000e+05,1.902151406250000000e+05,1.908267968750000000e+05,1.913394687500000000e+05,1.918460000000000000e+05,1.924243281250000000e+05,1.931447968750000000e+05,1.953335937500000000e+05,1.990123437500000000e+05,2.031340312500000000e+05,2.077123437500000000e+05,2.127503750000000000e+05,2.182209218750000000e+05,2.240460312500000000e+05,2.300976093750000000e+05,2.360485781250000000e+05,2.414749375000000000e+05,2.458563437500000000e+05,2.485566718750000000e+05,2.480486093750000000e+05,2.415960312500000000e+05,2.274626562500000000e+05,2.065710156250000000e+05,1.761288281250000000e+05,1.225682031250000000e+05,5.310348828125000000e+04,1.289376855468750000e+04
2.638437250000000000e+06,2.642437000000000000e+06,2.653830500000000000e+06,2.671687500000000000e+06,2.695046750000000000e+06,2.722913250000000000e+06,2.754256250000000000e+06,2.787984000000000000e+06,2.822695250000000000e+06,2.856796500000000000e+06,2.888677000000000000e+06,2.920217000000000000e+06,2.976446250000000000e+06,3.025573250000000000e+06,3.065789250000000000e+06,3.095512000000000000e+06,3.113450750000000000e+06,3.118392750000000000e+06,3.109337000000000000e+06,3.085551000000000000e+06,3.057627500000000000e+06,3.110793250000000000e+06,3.138270000000000000e+06,3.139168750000000000e+06,3.112790000000000000e+06,3.058605500000000000e+06,2.976253750000000000e+06,2.865594750000000000e+06,2.726760000000000000e+06,2.560033250000000000e+06,2.366217500000000000e+06,2.151368250000000000e+06,1.963608375000000000e+06,1.753249375000000000e+06,1.518492875000000000e+06,1.262202375000000000e+06,9.967546875000000000e+05,7.285505625000000000e+05,4.430443125000000000e+05,1.727389218750000000e+05,3.262022656250000000e+04
1.049471328125000000e+05,1.049398750000000000e+05,1.049291640625000000e+05,1.049293359375000000e+05,1.049527421875000000e+05,1.050110000000000000e+05,1.051159687500000000e+05,1.052814375000000000e+05,1.055304765625000000e+05,1.058931171875000000e+05,1.064026406250000000e+05,1.070923281250000000e+05,1.079679296875000000e+05,1.090215703125000000e+05,1.102467109375000000e+05,1.116310546875000000e+05,1.142873984375000000e+05,1.196432265625000000e+05,1.251354843750000000e+05,1.307278125000000000e+05,1.363775781250000000e+05,1.420382031250000000e+05,1.476583281250000000e+05,1.531785781250000000e+05,1.585287968750000000e+05,1.636287500000000000e+05,1.683719218750000000e+05,1.726163437500000000e+05,1.768202343750000000e+05,1.836811718750000000e+05,1.902781718750000000e+05,1.962082343750000000e+05,2.008533906250000000e+05,2.039114531250000000e+05,2.056264218750000000e+05,2.048283281250000000e+05,1.968272343750000000e+05,1.805872656250000000e+05,1.681487500000000000e+05,1.605276250000000000e+05,1.085539687500000000e+05
9.801715625000000000e+05,9.793733125000000000e+05,9.769094375000000000e+05,9.726074375000000000e+05,9.662310000000000000e+05,9.575142500000000000e+05,9.478388750000000000e+05,9.385147500000000000e+05,9.262838125000000000e+05,9.110742500000000000e+05,8.929659375000000000e+05,8.721984375000000000e+05,8.555941875000000000e+05,8.388211250000000000e+05,8.197925000000000000e+05,7.991398750000000000e+05,7.774885000000000000e+05,7.554419375000000000e+05,7.420293750000000000e+05,7.295486875000000000e+05,7.165398750000000000e+05,7.033027500000000000e+05,6.899535625000000000e+05,6.765090000000000000e+05,6.627580625000000000e+05,6.483824375000000000e+05,6.596909375000000000e+05,6.687505625000000000e+05,6.735103750000000000e+05,6.729319375000000000e+05,6.657903125000000000e+05,6.505787500000000000e+05,6.256983125000000000e+05,5.897546875000000000e+05,5.603048750000000000e+05,5.237152812500000000e+05,4.714900625000000000e+05,4.012832500000000000e+05,3.175016875000000000e+05,2.179698906250000000e+05,9.937451562500000000e+04
1.473219250000000000e+06,1.479446125000000000e+06,1.496714375000000000e+06,1.522943875000000000e+06,1.556066500000000000e+06,1.593987000000000000e+06,1.634552750000000000e+06,1.675700625000000000e+06,1.717037000000000000e+06,1.759211500000000000e+06,1.802911500000000000e+06,1.848749875000000000e+06,1.896497375000000000e+06,1.945465875000000000e+06,1.994931500000000000e+06,2.044276250000000000e+06,2.093036625000000000e+06,2.140725750000000000e+06,2.186688250000000000e+06,2.234124500000000000e+06,2.309142750000000000e+06,2.384166000000000000e+06,2.457782750000000000e+06,2.528308500000000000e+06,2.593486000000000000e+06,2.650661500000000000e+06,2.696642750000000000e+06,2.727585000000000000e+06,2.739161250000000000e+06,2.726013750000000000e+06,2.682426750000000000e+06,2.602625250000000000e+06,2.481154000000000000e+06,2.311441250000000000e+06,2.085956625000000000e+06,1.804204000000000000e+06,1.479475500000000000e+06,1.120912250000000000e+06,7.150747500000000000e+05,3.128495937500000000e+05,7.593764843750000000e+04
6.336081500000000000e+06,6.335887000000000000e+06,6.332223500000000000e+06,6.319946000000000000e+06,6.293531500000000000e+06,6.247463000000000000e+06,6.176581000000000000e+06,6.076731000000000000e+06,6.002348000000000000e+06,5.916532000000000000e+06,5.802295500000000000e+06,5.662358500000000000e+06,5.499175500000000000e+06,5.315385500000000000e+06,5.114211000000000000e+06,4.899481500000000000e+06,4.829158500000000000e+06,4.764933000000000000e+06,4.669953000000000000e+06,4.549547000000000000e+06,4.408667500000000000e+06,4.251394000000000000e+06,4.080899750000000000e+06,3.899742250000000000e+06,3.709305750000000000e+06,3.510401500000000000e+06,3.303305250000000000e+06,3.117331750000000000e+06,2.956607000000000000e+06,2.785361000000000000e+06,2.601347750000000000e+06,2.402261750000000000e+06,2.186021250000000000e+06,1.951201125000000000e+06,1.697087000000000000e+06,1.424198000000000000e+06,1.136938500000000000e+06,8.436590000000000000e+05,5.488138125000000000e+05,2.701477187500000000e+05,8.095309375000000000e+04
1.716186000000000000e+06,1.716948375000000000e+06,1.718759375000000000e+06,1.720726125000000000e+06,1.721807625000000000e+06,1.725069250000000000e+06,1.726751125000000000e+06,1.724603250000000000e+06,1.718080250000000000e+06,1.707926375000000000e+06,1.705785875000000000e+06,1.698839500000000000e+06,1.687608000000000000e+06,1.672733000000000000e+06,1.668848625000000000e+06,1.666289250000000000e+06,1.659808125000000000e+06,1.650122875000000000e+06,1.637708375000000000e+06,1.629251500000000000e+06,1.634761125000000000e+06,1.634870000000000000e+06,1.629284375000000000e+06,1.617510250000000000e+06,1.598728625000000000e+06,1.571962125000000000e+06,1.536348875000000000e+06,1.563968125000000000e+06,1.573443375000000000e+06,1.562370000000000000e+06,1.528298750000000000e+06,1.468961875000000000e+06,1.382689500000000000e+06,1.268406375000000000e+06,1.153620250000000000e+06,1.033384187500000000e+06,8.862870625000000000e+05,7.118626250000000000e+05,5.082863125000000000e+05,2.809729375000000000e+05,9.306663281250000000e+04
1.759938750000000000e+06,1.758010750000000000e+06,1.752310625000000000e+06,1.742928000000000000e+06,1.729918000000000000e+06,1.713316000000000000e+06,1.693152125000000000e+06,1.669498125000000000e+06,1.642793875000000000e+06,1.613703875000000000e+06,1.582909250000000000e+06,1.551091875000000000e+06,1.518826625000000000e+06,1.486647625000000000e+06,1.455109625000000000e+06,1.424706000000000000e+06,1.395838125000000000e+06,1.368913375000000000e+06,1.344232875000000000e+06,1.355340125000000000e+06,1.374767125000000000e+06,1.395490625000000000e+06,1.417526375000000000e+06,1.440807500000000000e+06,1.464894000000000000e+06,1.489140000000000000e+06,1.512538250000000000e+06,1.533575875000000000e+06,1.550254625000000000e+06,1.559075250000000000e+06,1.558340500000000000e+06,1.580040250000000000e+06,1.587597375000000000e+06,1.569780875000000000e+06,1.506931625000000000e+06,1.387741625000000000e+06,1.223257625000000000e+06,9.984233125000000000e+05,6.230572500000000000e+05,1.812465937500000000e+05,8.433353515625000000e+03
1.361219125000000000e+06,1.363839375000000000e+06,1.370316250000000000e+06,1.378459125000000000e+06,1.385988250000000000e+06,1.394952875000000000e+06,1.402099250000000000e+06,1.401789125000000000e+06,1.393654125000000000e+06,1.378525250000000000e+06,1.357292000000000000e+06,1.339482875000000000e+06,1.319912250000000000e+06,1.294263750000000000e+06,1.262701000000000000e+06,1.225724625000000000e+06,1.184139625000000000e+06,1.146951875000000000e+06,1.112943125000000000e+06,1.074103500000000000e+06,1.031141687500000000e+06,9.846746875000000000e+05,9.352246250000000000e+05,8.832551875000000000e+05,8.290865625000000000e+05,8.061138125000000000e+05,7.777765000000000000e+05,7.419380000000000000e+05,6.989997500000000000e+05,6.493090000000000000e+05,5.933026250000000000e+05,5.317736250000000000e+05,4.658594062500000000e+05,4.040047500000000000e+05,3.438349062500000000e+05,2.799357812500000000e+05,2.164808437500000000e+05,1.546618125000000000e+05,8.763582031250000000e+04,2.614641015625000000e+04,2.713171142578125000e+03
3.552712500000000000e+06,3.557462500000000000e+06,3.567822250000000000e+06,3.577148500000000000e+06,3.586789500000000000e+06,3.588083000000000000e+06,3.568325000000000000e+06,3.522793000000000000e+06,3.474512500000000000e+06,3.417238250000000000e+06,3.348892000000000000e+06,3.277154250000000000e+06,3.241135250000000000e+06,3.211351500000000000e+06,3.180218750000000000e+06,3.150570750000000000e+06,3.153072250000000000e+06,3.189268500000000000e+06,3.226618500000000000e+06,3.266631750000000000e+06,3.310211000000000000e+06,3.357817500000000000e+06,3.484342250000000000e+06,3.707929000000000000e+06,3.928868750000000000e+06,4.147759500000000000e+06,4.364286000000000000e+06,4.577130000000000000e+06,4.783319000000000000e+06,4.974359500000000000e+06,5.138981000000000000e+06,5.368378000000000000e+06,5.634790000000000000e+06,5.846107500000000000e+06,5.904099000000000000e+06,5.741497000000000000e+06,5.398303000000000000e+06,4.733666000000000000e+06,3.070372250000000000e+06,8.010255000000000000e+05,6.828566894531250000e+03
3.367877500000000000e+06,3.365478000000000000e+06,3.357548750000000000e+06,3.342599000000000000e+06,3.318834250000000000e+06,3.284414250000000000e+06,3.237677000000000000e+06,3.183528750000000000e+06,3.121828000000000000e+06,3.050424000000000000e+06,2.972431500000000000e+06,2.891095000000000000e+06,2.829500750000000000e+06,2.766760500000000000e+06,2.704104000000000000e+06,2.643408250000000000e+06,2.614002250000000000e+06,2.591807500000000000e+06,2.571728000000000000e+06,2.554410000000000000e+06,2.558175000000000000e+06,2.595029500000000000e+06,2.629469250000000000e+06,2.660978000000000000e+06,2.688083000000000000e+06,2.708679250000000000e+06,2.866378250000000000e+06,3.017977000000000000e+06,3.140025000000000000e+06,3.224105500000000000e+06,3.260310250000000000e+06,3.239044250000000000e+06,3.151603250000000000e+06,3.064796500000000000e+06,2.904474500000000000e+06,2.627839250000000000e+06,2.260988750000000000e+06,1.788683375000000000e+06,1.074282500000000000e+06,2.894866562500000000e+05,7.811147949218750000e+03
5.377892000000000000e+06,5.365950000000000000e+06,5.332622000000000000e+06,5.281533000000000000e+06,5.216191500000000000e+06,5.140047000000000000e+06,5.056540500000000000e+06,4.969162500000000000e+06,4.881621500000000000e+06,4.797830000000000000e+06,4.721851500000000000e+06,4.663580500000000000e+06,4.730049000000000000e+06,4.806345000000000000e+06,4.892736000000000000e+06,4.989270500000000000e+06,5.095485000000000000e+06,5.210724000000000000e+06,5.334285000000000000e+06,5.465445500000000000e+06,5.603291000000000000e+06,5.747164000000000000e+06,5.896661000000000000e+06,6.051257000000000000e+06,6.210370500000000000e+06,6.373308000000000000e+06,6.539242500000000000e+06,6.727600500000000000e+06,7.021039500000000000e+06,7.332053000000000000e+06,7.653309500000000000e+06,7.978782000000000000e+06,8.301927000000000000e+06,8.566022000000000000e+06,8.637711000000000000e+06,8.433813000000000000e+06,8.026283500000000000e+06,7.196842000000000000e+06,4.881351500000000000e+06,1.527607125000000000e+06,8.044661718750000000e+04
5.151647500000000000e+06,5.152421500000000000e+06,5.153284500000000000e+06,5.151897500000000000e+06,5.145794500000000000e+06,5.132473000000000000e+06,5.109480000000000000e+06,5.195268500000000000e+06,5.273254000000000000e+06,5.341768000000000000e+06,5.401049500000000000e+06,5.451282000000000000e+06,5.490757500000000000e+06,5.516996000000000000e+06,5.527863000000000000e+06,5.521755500000000000e+06,5.497553500000000000e+06,5.454348500000000000e+06,5.391175000000000000e+06,5.306862500000000000e+06,5.277471500000000000e+06,5.255473000000000000e+06,5.212650000000000000e+06,5.145247000000000000e+06,5.049637500000000000e+06,4.922382000000000000e+06,4.760478500000000000e+06,4.561596000000000000e+06,4.324059500000000000e+06,4.046982500000000000e+06,3.730588500000000000e+06,3.377206000000000000e+06,2.991295750000000000e+06,2.577279000000000000e+06,2.139392500000000000e+06,1.690435500000000000e+06,1.257779125000000000e+06,8.570669375000000000e+05,4.737171250000000000e+05,1.567426718750000000e+05,2.234448828125000000e+04
1.725279218750000000e+05,1.724791406250000000e+05,1.723191718750000000e+05,1.720205625000000000e+05,1.715498906250000000e+05,1.708716406250000000e+05,1.699517968750000000e+05,1.722430625000000000e+05,1.759387656250000000e+05,1.793447656250000000e+05,1.823311406250000000e+05,1.848062031250000000e+05,1.867725937500000000e+05,1.882829531250000000e+05,1.894018593750000000e+05,1.902151406250000000e+05,1.908267968750000000e+05,1.913394687500000000e+05,1.918460000000000000e+05,1.924243281250000000e+05,1.931447968750000000e+05,1.953335937500000000e+05,1.990123437500000000e+05,2.031340312500000000e+05,2.077123437500000000e+05,2.127503750000000000e+05,2.182209218750000000e+05,2.240460312500000000e+05,2.300976093750000000e+05,2.360485781250000000e+05,2.414749375000000000e+05,2.458563437500000000e+05,2.485566718750000000e+05,2.480486093750000000e+05,2.415960312500000000e+05,2.274626562500000000e+05,2.065710156250000000e+05,1.761288281250000000e+05,1.225682031250000000e+05,5.310348828125000000e+04,1.289376855468750000e+04
1.139085390625000000e+05,1.139164375000000000e+05,1.139233046875000000e+05,1.138991562500000000e+05,1.138091796875000000e+05,1.136154921875000000e+05,1.132788828125000000e+05,1.127615703125000000e+05,1.120400703125000000e+05,1.111030156250000000e+05,1.099454609375000000e+05,1.085692265625000000e+05,1.069801640625000000e+05,1.078076015625000000e+05,1.093904140625000000e+05,1.105058203125000000e+05,1.111550390625000000e+05,1.113459453125000000e+05,1.110942578125000000e+05,1.104215546875000000e+05,1.093497812500000000e+05,1.079002265625000000e+05,1.060921250000000000e+05,1.039424765625000000e+05,1.014656406250000000e+05,9.886746875000000000e+04,9.747912500000000000e+04,9.585602343750000000e+04,9.398371093750000000e+04,9.186873437500000000e+04,8.951832812500000000e+04,8.686028906250000000e+04,8.376904687500000000e+04,8.034153125000000000e+04,7.697677343750000000e+04,7.346533593750000000e+04,6.820942187500000000e+04,6.131538281250000000e+04,5.835933593750000000e+04,6.053318359375000000e+04,4.617187500000000000e+04
1.041804062500000000e+05,1.039119765625000000e+05,1.031359218750000000e+05,1.018932421875000000e+05,1.002222578125000000e+05,9.815997656250000000e+04,9.575683593750000000e+04,9.319810156250000000e+04,9.039482031250000000e+04,8.742785156250000000e+04,8.438094531250000000e+04,8.133758593750000000e+04,7.836084375000000000e+04,7.550407812500000000e+04,7.305544531250000000e+04,7.093319531250000000e+04,6.901625781250000000e+04,6.733076562500000000e+04,6.589091406250000000e+04,6.469234375000000000e+04,6.399978125000000000e+04,6.382684765625000000e+04,6.380956250000000000e+04,6.391949609375000000e+04,6.410946484375000000e+04,6.432202734375000000e+04,6.512990234375000000e+04,6.625344531250000000e+04,6.709556250000000000e+04,6.749831250000000000e+04,6.728120312500000000e+04,6.712842187500000000e+04,6.991665625000000000e+04,7.090218750000000000e+04,6.933725000000000000e+04,6.472994921875000000e+04,5.864451953125000000e+04,5.224445312500000000e+04,3.998988671875000000e+04,2.108910156250000000e+04,7.088258300781250000e+03
6.392014843750000000e+04,6.374992187500000000e+04,6.326615234375000000e+04,6.250372265625000000e+04,6.149442187500000000e+04,6.027138671875000000e+04,5.887238671875000000e+04,5.734394921875000000e+04,5.599316015625000000e+04,5.491001953125000000e+04,5.392891796875000000e+04,5.313864062500000000e+04,5.256298828125000000e+04,5.219485937500000000e+04,5.241677734375000000e+04,5.327089062500000000e+04,5.423950000000000000e+04,5.529524218750000000e+04,5.640288671875000000e+04,5.751693750000000000e+04,5.889827734375000000e+04,6.289824609375000000e+04,6.662124218750000000e+04,6.998871093750000000e+04,7.291655468750000000e+04,7.531328125000000000e+04,7.708078906250000000e+04,7.811767968750000000e+04,7.831743750000000000e+04,7.811870312500000000e+04,7.840097656250000000e+04,7.767445312500000000e+04,7.576704687500000000e+04,7.238855468750000000e+04,6.710180468750000000e+04,5.981438281250000000e+04,5.117667187500000000e+04,4.118189453125000000e+04,2.778634179687500000e+04,1.271916113281250000e+04,4.529187500000000000e+03
2.540050781250000000e+05,2.532893593750000000e+05,2.512417656250000000e+05,2.479994843750000000e+05,2.436883906250000000e+05,2.384290000000000000e+05,2.323419218750000000e+05,2.265177968750000000e+05,2.202036093750000000e+05,2.135562968750000000e+05,2.067922968750000000e+05,2.001406406250000000e+05,1.937572968750000000e+05,1.889135937500000000e+05,1.850835937500000000e+05,1.816727968750000000e+05,1.787338750000000000e+05,1.763146250000000000e+05,1.744296562500000000e+05,1.740864531250000000e+05,1.754856250000000000e+05,1.770850781250000000e+05,1.788082812500000000e+05,1.805537500000000000e+05,1.821758125000000000e+05,1.834995156250000000e+05,1.843147343750000000e+05,1.924552343750000000e+05,2.000438125000000000e+05,2.058432500000000000e+05,2.092474218750000000e+05,2.096020468750000000e+05,2.062435781250000000e+05,1.981808437500000000e+05,1.859917187500000000e+05,1.731581093750000000e+05,1.551439843750000000e+05,1.305950859375000000e+05,9.249434375000000000e+04,4.325104687500000000e+04,1.164394921875000000e+04
4.900593437500000000e+05,4.865695937500000000e+05,4.767389062500000000e+05,4.615169062500000000e+05,4.418785625000000000e+05,4.195002187500000000e+05,3.958605312500000000e+05,3.708345625000000000e+05,3.457492500000000000e+05,3.219669375000000000e+05,3.007053125000000000e+05,2.829535312500000000e+05,2.696344375000000000e+05,2.609703750000000000e+05,2.550748437500000000e+05,2.517087187500000000e+05,2.505418125000000000e+05,2.512424687500000000e+05,2.542886875000000000e+05,2.617083750000000000e+05,2.699374062500000000e+05,2.787341875000000000e+05,2.879055312500000000e+05,2.972365937500000000e+05,3.065471875000000000e+05,3.258634375000000000e+05,3.514533437500000000e+05,3.764555312500000000e+05,4.004443437500000000e+05,4.227062812500000000e+05,4.423308125000000000e+05,4.581070937500000000e+05,4.685573750000000000e+05,4.855480000000000000e+05,4.962375937500000000e+05,4.939470937500000000e+05,4.750094687500000000e+05,4.311048437500000000e+05,3.404222500000000000e+05,2.012717656250000000e+05,7.566189843750000000e+04
2.243269687500000000e+05,2.239183906250000000e+05,2.227308593750000000e+05,2.208095156250000000e+05,2.181890625000000000e+05,2.149002343750000000e+05,2.109756562500000000e+05,2.064605937500000000e+05,2.014744687500000000e+05,1.962810312500000000e+05,1.913764375000000000e+05,1.864904531250000000e+05,1.817423750000000000e+05,1.772281406250000000e+05,1.730505156250000000e+05,1.695274687500000000e+05,1.671326875000000000e+05,1.651372500000000000e+05,1.635553437500000000e+05,1.623572343750000000e+05,1.615054531250000000e+05,1.618364687500000000e+05,1.629929531250000000e+05,1.641647343750000000e+05,1.652262187500000000e+05,1.660302031250000000e+05,1.664033750000000000e+05,1.690170000000000000e+05,1.707650781250000000e+05,1.712507812500000000e+05,1.701795937500000000e+05,1.671829218750000000e+05,1.710662656250000000e+05,1.744858281250000000e+05,1.735605312500000000e+05,1.672778437500000000e+05,1.536107031250000000e+05,1.419362656250000000e+05,1.302351796875000000e+05,1.186958750000000000e+05,7.839946875000000000e+04
3.492957000000000000e+06,3.497973250000000000e+06,3.512467750000000000e+06,3.535611000000000000e+06,3.566572250000000000e+06,3.604518000000000000e+06,3.648610500000000000e+06,3.697962000000000000e+06,3.829192250000000000e+06,3.991284250000000000e+06,4.159930500000000000e+06,4.331309000000000000e+06,4.501924500000000000e+06,4.668327000000000000e+06,4.826848000000000000e+06,4.973982500000000000e+06,5.106533500000000000e+06,5.221213500000000000e+06,5.314907000000000000e+06,5.384818000000000000e+06,5.428193500000000000e+06,5.444065500000000000e+06,5.512389500000000000e+06,5.551551000000000000e+06,5.557360500000000000e+06,5.525700000000000000e+06,5.452478500000000000e+06,5.333628500000000000e+06,5.165211000000000000e+06,4.942683000000000000e+06,4.662085000000000000e+06,4.322009500000000000e+06,3.923563500000000000e+06,3.464687250000000000e+06,2.940155500000000000e+06,2.364638500000000000e+06,1.787192625000000000e+06,1.227313750000000000e+06,6.371337500000000000e+05,1.438254531250000000e+05,2.139276855468750000e+03
1.859062000000000000e+06,1.858123000000000000e+06,1.854758000000000000e+06,1.848066625000000000e+06,1.837091250000000000e+06,1.820875875000000000e+06,1.798520000000000000e+06,1.769313750000000000e+06,1.733582000000000000e+06,1.692265625000000000e+06,1.646355125000000000e+06,1.596841000000000000e+06,1.544476750000000000e+06,1.489909750000000000e+06,1.433805625000000000e+06,1.376764250000000000e+06,1.319274250000000000e+06,1.270269750000000000e+06,1.244811000000000000e+06,1.216541875000000000e+06,1.185665000000000000e+06,1.152247625000000000e+06,1.116233500000000000e+06,1.077531375000000000e+06,1.035952625000000000e+06,9.912844375000000000e+05,9.433098125000000000e+05,8.918181875000000000e+05,8.366705625000000000e+05,7.778695625000000000e+05,7.184478750000000000e+05,6.692533125000000000e+05,6.163790625000000000e+05,5.598498750000000000e+05,5.004168750000000000e+05,4.375545312500000000e+05,3.684201250000000000e+05,2.944824062500000000e+05,2.263596718750000000e+05,1.644699687500000000e+05,8.765506250000000000e+04
7.303480625000000000e+05,7.337931875000000000e+05,7.434948125000000000e+05,7.585043125000000000e+05,7.797752500000000000e+05,8.055313125000000000e+05,8.339995000000000000e+05,8.640527500000000000e+05,8.991190625000000000e+05,9.371815000000000000e+05,9.733323125000000000e+05,1.006309125000000000e+06,1.047760625000000000e+06,1.085436125000000000e+06,1.116888750000000000e+06,1.141756375000000000e+06,1.162392125000000000e+06,1.192049750000000000e+06,1.213061500000000000e+06,1.225690875000000000e+06,1.230207875000000000e+06,1.226784875000000000e+06,1.215511000000000000e+06,1.196451375000000000e+06,1.187002000000000000e+06,1.197991875000000000e+06,1.196620125000000000e+06,1.182204000000000000e+06,1.154096750000000000e+06,1.111626625000000000e+06,1.054310125000000000e+06,9.820958750000000000e+05,8.955134375000000000e+05,8.065851250000000000e+05,7.203330625000000000e+05,6.212475000000000000e+05,5.117862500000000000e+05,3.937083437500000000e+05,2.628000312500000000e+05,1.280501953125000000e+05,3.787050390625000000e+04
1.711371875000000000e+05,1.706127343750000000e+05,1.690776718750000000e+05,1.665855781250000000e+05,1.631886562500000000e+05,1.589421718750000000e+05,1.539082031250000000e+05,1.481663906250000000e+05,1.418888906250000000e+05,1.352955625000000000e+05,1.285982500000000000e+05,1.219918437500000000e+05,1.158997734375000000e+05,1.102975000000000000e+05,1.050672421875000000e+05,1.002805312500000000e+05,9.597588281250000000e+04,9.219034375000000000e+04,8.893982031250000000e+04,8.675023437500000000e+04,8.525142968750000000e+04,8.418400000000000000e+04,8.351998437500000000e+04,8.322835156250000000e+04,8.325953906250000000e+04,8.448728125000000000e+04,8.636550781250000000e+04,8.832100781250000000e+04,9.024240625000000000e+04,9.193388281250000000e+04,9.340179687500000000e+04,1.004669921875000000e+05,1.063405000000000000e+05,1.101182421875000000e+05,1.102020000000000000e+05,1.054809218750000000e+05,1.011698359375000000e+05,9.312004687500000000e+04,7.027022656250000000e+04,3.161718554687500000e+04,6.902895996093750000e+03
7.722091250000000000e+05,7.677557500000000000e+05,7.551349375000000000e+05,7.354906250000000000e+05,7.099928125000000000e+05,6.798164375000000000e+05,6.461238125000000000e+05,6.100720000000000000e+05,5.730105000000000000e+05,5.363383750000000000e+05,5.013390937500000000e+05,4.691144375000000000e+05,4.401457500000000000e+05,4.146208750000000000e+05,3.927183750000000000e+05,3.753728125000000000e+05,3.626913125000000000e+05,3.530130625000000000e+05,3.461063125000000000e+05,3.416241875000000000e+05,3.392275312500000000e+05,3.385585000000000000e+05,3.392320000000000000e+05,3.423943750000000000e+05,3.491414375000000000e+05,3.559394375000000000e+05,3.622688437500000000e+05,3.675336250000000000e+05,3.710473750000000000e+05,3.719229062500000000e+05,3.828822187500000000e+05,3.975058750000000000e+05,4.047642812500000000e+05,4.020270312500000000e+05,3.857007187500000000e+05,3.536166875000000000e+05,3.218087812500000000e+05,2.783564375000000000e+05,2.055963750000000000e+05,1.041096015625000000e+05,2.892760156250000000e+04
2.548834000000000000e+06,2.553484250000000000e+06,2.566523000000000000e+06,2.586480500000000000e+06,2.611788000000000000e+06,2.640825500000000000e+06,2.671963250000000000e+06,2.713581250000000000e+06,2.771309250000000000e+06,2.827517250000000000e+06,2.880618750000000000e+06,2.929270500000000000e+06,2.972589000000000000e+06,3.057215250000000000e+06,3.136620000000000000e+06,3.205542500000000000e+06,3.263851250000000000e+06,3.311451250000000000e+06,3.348238750000000000e+06,3.437730750000000000e+06,3.598930250000000000e+06,3.736351500000000000e+06,3.849382500000000000e+06,3.937090500000000000e+06,3.997609500000000000e+06,4.028601000000000000e+06,4.027081250000000000e+06,3.989322500000000000e+06,3.911275750000000000e+06,3.787573500000000000e+06,3.683093500000000000e+06,3.544460250000000000e+06,3.351119250000000000e+06,3.092084750000000000e+06,2.750521500000000000e+06,2.328069750000000000e+06,1.862748250000000000e+06,1.363145875000000000e+06,7.612608750000000000e+05,1.946692656250000000e+05,5.756603515625000000e+03
4.054107250000000000e+06,4.056219250000000000e+06,4.061574500000000000e+06,4.068308250000000000e+06,4.083308750000000000e+06,4.097945500000000000e+06,4.108045250000000000e+06,4.111002250000000000e+06,4.105124000000000000e+06,4.115283750000000000e+06,4.120113500000000000e+06,4.113234000000000000e+06,4.096121750000000000e+06,4.097595750000000000e+06,4.111370250000000000e+06,4.115891250000000000e+06,4.113908250000000000e+06,4.107946250000000000e+06,4.105708000000000000e+06,4.154265500000000000e+06,4.196773500000000000e+06,4.233865000000000000e+06,4.265031000000000000e+06,4.289091500000000000e+06,4.303275500000000000e+06,4.304005500000000000e+06,4.348344500000000000e+06,4.501542500000000000e+06,4.616884500000000000e+06,4.681820500000000000e+06,4.681935500000000000e+06,4.603011000000000000e+06,4.432150000000000000e+06,4.149890000000000000e+06,3.815596000000000000e+06,3.418326500000000000e+06,2.915199750000000000e+06,2.290671750000000000e+06,1.402242875000000000e+06,4.048416875000000000e+05,1.157695605468750000e+04
1.066590125000000000e+06,1.067577250000000000e+06,1.070238125000000000e+06,1.074084750000000000e+06,1.078586875000000000e+06,1.083179125000000000e+06,1.088326750000000000e+06,1.093813875000000000e+06,1.097823000000000000e+06,1.099865500000000000e+06,1.099489875000000000e+06,1.096299375000000000e+06,1.091716250000000000e+06,1.085566375000000000e+06,1.075733250000000000e+06,1.062143750000000000e+06,1.044836937500000000e+06,1.025905812500000000e+06,1.007462750000000000e+06,9.849870625000000000e+05,9.586541250000000000e+05,9.286416250000000000e+05,8.957231875000000000e+05,8.679338750000000000e+05,8.357415000000000000e+05,7.993169375000000000e+05,7.588283750000000000e+05,7.144456875000000000e+05,6.782121250000000000e+05,6.375783125000000000e+05,5.913923125000000000e+05,5.400184375000000000e+05,4.892787812500000000e+05,4.647122500000000000e+05,4.268708125000000000e+05,3.764565937500000000e+05,3.142130312500000000e+05,2.589006875000000000e+05,2.072352500000000000e+05,1.540154843750000000e+05,8.032981250000000000e+04
7.720886000000000000e+06,7.700184500000000000e+06,7.641865000000000000e+06,7.570286000000000000e+06,7.467024000000000000e+06,7.329998000000000000e+06,7.157363500000000000e+06,6.948076500000000000e+06,6.704697000000000000e+06,6.432149500000000000e+06,6.135939500000000000e+06,5.821920000000000000e+06,5.495136000000000000e+06,5.160399000000000000e+06,4.902073000000000000e+06,4.735910000000000000e+06,4.543873000000000000e+06,4.331481000000000000e+06,4.104074500000000000e+06,3.866235000000000000e+06,3.622258750000000000e+06,3.375685750000000000e+06,3.129245250000000000e+06,2.885187750000000000e+06,2.645021500000000000e+06,2.431545750000000000e+06,2.246610250000000000e+06,2.062783375000000000e+06,1.879572625000000000e+06,1.696578125000000000e+06,1.513592125000000000e+06,1.330984500000000000e+06,1.149630750000000000e+06,9.700964375000000000e+05,7.926416875000000000e+05,6.202689375000000000e+05,4.605778125000000000e+05,3.166746875000000000e+05,1.814242187500000000e+05,6.832306250000000000e+04,1.488783398437500000e+04
1.562913375000000000e+06,1.567550250000000000e+06,1.580346875000000000e+06,1.599640875000000000e+06,1.623769500000000000e+06,1.651059875000000000e+06,1.705358750000000000e+06,1.783602000000000000e+06,1.860996375000000000e+06,1.937327500000000000e+06,2.012401625000000000e+06,2.086001000000000000e+06,2.157707750000000000e+06,2.226990000000000000e+06,2.293311500000000000e+06,2.356581750000000000e+06,2.417330250000000000e+06,2.476157250000000000e+06,2.533584500000000000e+06,2.589997750000000000e+06,2.645776000000000000e+06,2.701156250000000000e+06,2.783783500000000000e+06,2.880783750000000000e+06,2.983074000000000000e+06,3.090560500000000000e+06,3.202693000000000000e+06,3.318184000000000000e+06,3.434796750000000000e+06,3.546733750000000000e+06,3.646390500000000000e+06,3.724976500000000000e+06,3.772110750000000000e+06,3.760077750000000000e+06,3.637763250000000000e+06,3.377527250000000000e+06,3.010130250000000000e+06,2.490751750000000000e+06,1.573685000000000000e+06,4.817249687500000000e+05,3.247366601562500000e+04
1.100036484375000000e+05,1.100547890625000000e+05,1.101521406250000000e+05,1.102037500000000000e+05,1.101118750000000000e+05,1.097784218750000000e+05,1.091100078125000000e+05,1.080304765625000000e+05,1.065594921875000000e+05,1.047717343750000000e+05,1.029779843750000000e+05,1.010501562500000000e+05,9.897485156250000000e+04,9.677389062500000000e+04,9.447440625000000000e+04,9.216762500000000000e+04,9.028995312500000000e+04,8.834264843750000000e+04,8.634331250000000000e+04,8.429389843750000000e+04,8.219518750000000000e+04,8.078806250000000000e+04,7.933866406250000000e+04,7.770596093750000000e+04,7.586153125000000000e+04,7.377246093750000000e+04,7.238632031250000000e+04,7.092108593750000000e+04,6.892229687500000000e+04,6.634352343750000000e+04,6.314265625000000000e+04,6.219570312500000000e+04,6.154626171875000000e+04,5.935196875000000000e+04,5.556738671875000000e+04,5.017065625000000000e+04,4.521795703125000000e+04,3.983555468750000000e+04,3.343808203125000000e+04,2.569070507812500000e+04,1.565590625000000000e+04
2.765655312500000000e+05,2.754603125000000000e+05,2.722555937500000000e+05,2.671189062500000000e+05,2.602227968750000000e+05,2.517487500000000000e+05,2.418901718750000000e+05,2.308662812500000000e+05,2.190348281250000000e+05,2.068180000000000000e+05,1.946135468750000000e+05,1.827768437500000000e+05,1.724700312500000000e+05,1.632612656250000000e+05,1.547798437500000000e+05,1.471195468750000000e+05,1.403079843750000000e+05,1.343704687500000000e+05,1.292949921875000000e+05,1.250155937500000000e+05,1.214667343750000000e+05,1.185606250000000000e+05,1.169989062500000000e+05,1.193814296875000000e+05,1.218902500000000000e+05,1.244178906250000000e+05,1.268273359375000000e+05,1.289480078125000000e+05,1.305859531250000000e+05,1.315350312500000000e+05,1.315676718750000000e+05,1.303731250000000000e+05,1.296850234375000000e+05,1.295445078125000000e+05,1.283157734375000000e+05,1.253688046875000000e+05,1.185349062500000000e+05,1.072317109375000000e+05,9.665813281250000000e+04,8.711794531250000000e+04,5.747294531250000000e+04
2.668855500000000000e+06,2.667558500000000000e+06,2.662791250000000000e+06,2.653059250000000000e+06,2.636770000000000000e+06,2.612393250000000000e+06,2.578594250000000000e+06,2.534544250000000000e+06,2.481888500000000000e+06,2.425596500000000000e+06,2.381635000000000000e+06,2.337017500000000000e+06,2.293091250000000000e+06,2.250575250000000000e+06,2.210323250000000000e+06,2.173033000000000000e+06,2.139083000000000000e+06,2.131732250000000000e+06,2.132108000000000000e+06,2.133696250000000000e+06,2.135907250000000000e+06,2.137773750000000000e+06,2.137945000000000000e+06,2.134880750000000000e+06,2.165110500000000000e+06,2.248498750000000000e+06,2.316128000000000000e+06,2.364120250000000000e+06,2.388112750000000000e+06,2.382975000000000000e+06,2.343412750000000000e+06,2.264831750000000000e+06,2.149861500000000000e+06,2.052327000000000000e+06,1.903425375000000000e+06,1.696960500000000000e+06,1.440468375000000000e+06,1.133238375000000000e+06,7.421917500000000000e+05,3.149370312500000000e+05,6.491291015625000000e+04
1.782255375000000000e+06,1.785106125000000000e+06,1.792796000000000000e+06,1.803967750000000000e+06,1.817207125000000000e+06,1.831076125000000000e+06,1.844144875000000000e+06,1.855072250000000000e+06,1.863124000000000000e+06,1.867960250000000000e+06,1.924258000000000000e+06,1.984090000000000000e+06,2.036959375000000000e+06,2.082413375000000000e+06,2.120114500000000000e+06,2.150156500000000000e+06,2.173121250000000000e+06,2.189635750000000000e+06,2.200225750000000000e+06,2.205239750000000000e+06,2.204954500000000000e+06,2.199291000000000000e+06,2.187839000000000000e+06,2.170037250000000000e+06,2.174261500000000000e+06,2.176383750000000000e+06,2.170953500000000000e+06,2.155654750000000000e+06,2.127858500000000000e+06,2.084148500000000000e+06,2.020831000000000000e+06,1.934293375000000000e+06,1.821158500000000000e+06,1.676896625000000000e+06,1.495787375000000000e+06,1.277764875000000000e+06,1.034450437500000000e+06,7.720550000000000000e+05,4.741511562500000000e+05,1.820196250000000000e+05,3.263081835937500000e+04
4.656364000000000000e+06,4.645507500000000000e+06,4.611890000000000000e+06,4.552646000000000000e+06,4.464568000000000000e+06,4.345521500000000000e+06,4.195402000000000000e+06,4.016880000000000000e+06,3.904204750000000000e+06,3.886078250000000000e+06,3.832767250000000000e+06,3.756432750000000000e+06,3.665598500000000000e+06,3.565704250000000000e+06,3.461245500000000000e+06,3.355415750000000000e+06,3.249716250000000000e+06,3.181978750000000000e+06,3.130678750000000000e+06,3.074077750000000000e+06,3.010168750000000000e+06,2.937291000000000000e+06,2.854101250000000000e+06,2.759387750000000000e+06,2.652231500000000000e+06,2.531905000000000000e+06,2.397960500000000000e+06,2.250328750000000000e+06,2.089177000000000000e+06,1.914894375000000000e+06,1.728294375000000000e+06,1.531309375000000000e+06,1.326826375000000000e+06,1.116851625000000000e+06,9.025381250000000000e+05,6.905983750000000000e+05,4.963035625000000000e+05,3.246965000000000000e+05,1.620405468750000000e+05,3.704788671875000000e+04,1.405624267578125000e+03
6.709288500000000000e+06,6.716425500000000000e+06,6.736322500000000000e+06,6.766651500000000000e+06,6.804992500000000000e+06,6.848824500000000000e+06,6.895514000000000000e+06,6.942304500000000000e+06,6.986207500000000000e+06,7.024101500000000000e+06,7.063453500000000000e+06,7.149405000000000000e+06,7.220361500000000000e+06,7.272472500000000000e+06,7.302017500000000000e+06,7.305773000000000000e+06,7.281148000000000000e+06,7.225827500000000000e+06,7.138042000000000000e+06,7.016683500000000000e+06,7.013709000000000000e+06,7.059870500000000000e+06,7.046557000000000000e+06,6.972605500000000000e+06,6.837773500000000000e+06,6.642513500000000000e+06,6.388001500000000000e+06,6.076247000000000000e+06,5.710024500000000000e+06,5.292769000000000000e+06,4.828971000000000000e+06,4.397350500000000000e+06,3.967390500000000000e+06,3.501157000000000000e+06,2.998791500000000000e+06,2.467186000000000000e+06,1.927325500000000000e+06,1.393728875000000000e+06,8.517356250000000000e+05,3.524355625000000000e+05,7.552121093750000000e+04
