6.017559765625000000e+04,6.001493750000000000e+04,5.954298437500000000e+04,5.877252343750000000e+04,5.771510937500000000e+04,5.638308203125000000e+04,5.479128906250000000e+04,5.296084375000000000e+04,5.094308203125000000e+04,4.880629687500000000e+04,4.661853906250000000e+04,4.444458203125000000e+04,4.233037890625000000e+04,4.031219921875000000e+04,3.842510937500000000e+04,3.669474609375000000e+04,3.513480078125000000e+04,3.469662890625000000e+04,3.441154687500000000e+04,3.424050781250000000e+04,3.419599218750000000e+04,3.428519140625000000e+04,3.451013281250000000e+04,3.487133984375000000e+04,3.536653906250000000e+04,3.599162109375000000e+04,3.673926562500000000e+04,3.759783593750000000e+04,3.855593750000000000e+04,3.976891406250000000e+04,4.194798828125000000e+04,4.443884765625000000e+04,4.718366796875000000e+04,5.025837890625000000e+04,5.398657812500000000e+04,5.819866796875000000e+04,6.114716796875000000e+04,6.218775390625000000e+04,6.680764062500000000e+04,7.666987500000000000e+04,6.041871484375000000e+04
4.173050312500000000e+05,4.166530937500000000e+05,4.147226875000000000e+05,4.115293750000000000e+05,4.070717500000000000e+05,4.013468437500000000e+05,3.943630937500000000e+05,3.861646250000000000e+05,3.769711875000000000e+05,3.671124687500000000e+05,3.569358125000000000e+05,3.499668750000000000e+05,3.515371875000000000e+05,3.527007500000000000e+05,3.536251562500000000e+05,3.544977187500000000e+05,3.554926875000000000e+05,3.567864375000000000e+05,3.585231562500000000e+05,3.607883125000000000e+05,3.636484062500000000e+05,3.671393125000000000e+05,3.712650937500000000e+05,3.760091562500000000e+05,3.874023437500000000e+05,4.009358125000000000e+05,4.159133125000000000e+05,4.323148437500000000e+05,4.500766250000000000e+05,4.689276250000000000e+05,4.884793437500000000e+05,5.080424062500000000e+05,5.265935625000000000e+05,5.417899375000000000e+05,5.494070000000000000e+05,5.447811875000000000e+05,5.233230312500000000e+05,4.758352500000000000e+05,3.800474375000000000e+05,2.317830312500000000e+05,8.924735156250000000e+04
7.897259000000000000e+06,7.864880500000000000e+06,7.824206500000000000e+06,7.755433000000000000e+06,7.656603000000000000e+06,7.525538500000000000e+06,7.360460000000000000e+06,7.160789000000000000e+06,6.930374000000000000e+06,6.676320000000000000e+06,6.407057000000000000e+06,6.131745000000000000e+06,5.856976000000000000e+06,5.588159000000000000e+06,5.331004000000000000e+06,5.089734500000000000e+06,4.866324500000000000e+06,4.662424500000000000e+06,4.517282000000000000e+06,4.425901500000000000e+06,4.349854500000000000e+06,4.285805000000000000e+06,4.229667500000000000e+06,4.177077000000000000e+06,4.123087750000000000e+06,4.062399750000000000e+06,3.989493250000000000e+06,3.898681250000000000e+06,3.784140750000000000e+06,3.639759250000000000e+06,3.459713250000000000e+06,3.239693250000000000e+06,2.977062750000000000e+06,2.667962250000000000e+06,2.307472500000000000e+06,1.902518250000000000e+06,1.481101000000000000e+06,1.057463000000000000e+06,6.067555625000000000e+05,2.017560937500000000e+05,2.630264843750000000e+04
1.191631640625000000e+05,1.192819062500000000e+05,1.195161875000000000e+05,1.196983046875000000e+05,1.203264062500000000e+05,1.204765937500000000e+05,1.198774765625000000e+05,1.183151406250000000e+05,1.172843515625000000e+05,1.152750468750000000e+05,1.122015390625000000e+05,1.082117890625000000e+05,1.053918906250000000e+05,1.018309218750000000e+05,9.752754687500000000e+04,9.273985156250000000e+04,8.770756250000000000e+04,8.263497656250000000e+04,8.065365625000000000e+04,7.852187500000000000e+04,7.608260156250000000e+04,7.348982812500000000e+04,7.083800000000000000e+04,6.819183593750000000e+04,6.557367968750000000e+04,6.298595312500000000e+04,6.041640234375000000e+04,5.783919140625000000e+04,5.522789062500000000e+04,5.332482421875000000e+04,5.188081250000000000e+04,5.040483203125000000e+04,4.880714843750000000e+04,4.711423437500000000e+04,4.551926171875000000e+04,4.389781640625000000e+04,4.135489843750000000e+04,3.788980859375000000e+04,3.664615625000000000e+04,3.847449609375000000e+04,3.050283007812500000e+04
5.978861718750000000e+04,5.986282031250000000e+04,6.005995312500000000e+04,6.033644921875000000e+04,6.064537500000000000e+04,6.094045312500000000e+04,6.135213281250000000e+04,6.170114453125000000e+04,6.195647656250000000e+04,6.214104687500000000e+04,6.228416406250000000e+04,6.280114062500000000e+04,6.332003515625000000e+04,6.379986718750000000e+04,6.423405078125000000e+04,6.461682812500000000e+04,6.543432031250000000e+04,6.628597656250000000e+04,6.701649218750000000e+04,6.761617187500000000e+04,6.807220312500000000e+04,6.837181250000000000e+04,6.903004687500000000e+04,6.995215625000000000e+04,7.063442968750000000e+04,7.106457812500000000e+04,7.122550000000000000e+04,7.109430468750000000e+04,7.065337500000000000e+04,7.346398437500000000e+04,7.639409375000000000e+04,7.873757031250000000e+04,8.027607031250000000e+04,8.111729687500000000e+04,8.186721875000000000e+04,8.476536718750000000e+04,8.724794531250000000e+04,8.765371875000000000e+04,9.907981250000000000e+04,1.319914531250000000e+05,1.180776015625000000e+05
8.203773125000000000e+05,8.189634375000000000e+05,8.148025000000000000e+05,8.079775625000000000e+05,7.985491250000000000e+05,7.865856250000000000e+05,7.721880000000000000e+05,7.555447500000000000e+05,7.372886250000000000e+05,7.183016875000000000e+05,6.994656875000000000e+05,6.816086875000000000e+05,6.651510625000000000e+05,6.503243125000000000e+05,6.549896875000000000e+05,6.631127500000000000e+05,6.723436875000000000e+05,6.827759375000000000e+05,6.943938125000000000e+05,7.069977500000000000e+05,7.203280625000000000e+05,7.340138125000000000e+05,7.475645625000000000e+05,7.603998750000000000e+05,7.717704375000000000e+05,7.808148125000000000e+05,7.877577500000000000e+05,8.049118750000000000e+05,8.183373750000000000e+05,8.260486875000000000e+05,8.257712500000000000e+05,8.152255625000000000e+05,7.921343750000000000e+05,7.525720625000000000e+05,6.906758750000000000e+05,6.050437500000000000e+05,5.035567187500000000e+05,3.863514687500000000e+05,2.322135468750000000e+05,7.374146093750000000e+04,7.945389648437500000e+03
3.243662812500000000e+05,3.246353437500000000e+05,3.253545625000000000e+05,3.263846250000000000e+05,3.275792187500000000e+05,3.287886562500000000e+05,3.299350312500000000e+05,3.319545000000000000e+05,3.337218125000000000e+05,3.352734062500000000e+05,3.366504687500000000e+05,3.378918125000000000e+05,3.389855312500000000e+05,3.398985937500000000e+05,3.422308437500000000e+05,3.456113125000000000e+05,3.486443437500000000e+05,3.512927812500000000e+05,3.534988437500000000e+05,3.551697812500000000e+05,3.569219375000000000e+05,3.625166562500000000e+05,3.668979062500000000e+05,3.698510937500000000e+05,3.710925000000000000e+05,3.703067500000000000e+05,3.671431562500000000e+05,3.711600000000000000e+05,3.808712812500000000e+05,3.849040625000000000e+05,3.822681250000000000e+05,3.721599687500000000e+05,3.540325312500000000e+05,3.269083750000000000e+05,2.953049062500000000e+05,2.599672500000000000e+05,2.181524531250000000e+05,1.694190781250000000e+05,1.026082265625000000e+05,3.053774609375000000e+04,2.304567138671875000e+03
2.122872968750000000e+05,2.126112343750000000e+05,2.134145781250000000e+05,2.144291875000000000e+05,2.153760781250000000e+05,2.160867812500000000e+05,2.171960312500000000e+05,2.174173593750000000e+05,2.167127656250000000e+05,2.151982343750000000e+05,2.130008125000000000e+05,2.102479218750000000e+05,2.084162031250000000e+05,2.064251250000000000e+05,2.039106093750000000e+05,2.009567343750000000e+05,1.976653593750000000e+05,1.941342187500000000e+05,1.904292187500000000e+05,1.883795000000000000e+05,1.865958125000000000e+05,1.844657656250000000e+05,1.819536562500000000e+05,1.790093750000000000e+05,1.755393281250000000e+05,1.714336718750000000e+05,1.670112031250000000e+05,1.692530937500000000e+05,1.696776093750000000e+05,1.679831250000000000e+05,1.638611718750000000e+05,1.570733750000000000e+05,1.474778750000000000e+05,1.348450156250000000e+05,1.221566718750000000e+05,1.080682734375000000e+05,9.172919531250000000e+04,7.301148437500000000e+04,4.861948046875000000e+04,2.094134570312500000e+04,5.595303222656250000e+03
5.997632500000000000e+06,5.995374000000000000e+06,5.988554500000000000e+06,5.976985500000000000e+06,5.960352000000000000e+06,5.938252500000000000e+06,5.910236500000000000e+06,5.875876000000000000e+06,5.835162500000000000e+06,5.788409500000000000e+06,5.736065500000000000e+06,5.678746000000000000e+06,5.617377500000000000e+06,5.553087500000000000e+06,5.487107500000000000e+06,5.420727000000000000e+06,5.355249000000000000e+06,5.292006000000000000e+06,5.232137500000000000e+06,5.294284000000000000e+06,5.380837500000000000e+06,5.469489000000000000e+06,5.560872000000000000e+06,5.655287500000000000e+06,5.751586500000000000e+06,5.847857500000000000e+06,5.940732500000000000e+06,6.024794500000000000e+06,6.092720500000000000e+06,6.131126500000000000e+06,6.124035000000000000e+06,6.069137000000000000e+06,6.082121000000000000e+06,6.001201500000000000e+06,5.752312000000000000e+06,5.292990500000000000e+06,4.664862500000000000e+06,3.807793250000000000e+06,2.373218250000000000e+06,6.828827500000000000e+05,2.518169140625000000e+04
4.343586000000000000e+06,4.347413500000000000e+06,4.357798500000000000e+06,4.372852500000000000e+06,4.390440000000000000e+06,4.408273000000000000e+06,4.423999000000000000e+06,4.435336500000000000e+06,4.452838000000000000e+06,4.465375000000000000e+06,4.469680000000000000e+06,4.465007500000000000e+06,4.451267000000000000e+06,4.457266000000000000e+06,4.454975500000000000e+06,4.443268000000000000e+06,4.423734000000000000e+06,4.402839000000000000e+06,4.419663000000000000e+06,4.429893000000000000e+06,4.435855000000000000e+06,4.439766500000000000e+06,4.443691000000000000e+06,4.489617000000000000e+06,4.568509500000000000e+06,4.648264500000000000e+06,4.730690500000000000e+06,4.817527500000000000e+06,4.909460000000000000e+06,5.115167000000000000e+06,5.516997000000000000e+06,5.919324500000000000e+06,6.324868500000000000e+06,6.688188500000000000e+06,6.882151500000000000e+06,6.959275500000000000e+06,7.214603500000000000e+06,7.208919000000000000e+06,5.344590000000000000e+06,1.539668625000000000e+06,5.527473632812500000e+03
2.833708750000000000e+05,2.831804062500000000e+05,2.826149687500000000e+05,2.816732187500000000e+05,2.803451562500000000e+05,2.786181562500000000e+05,2.764822500000000000e+05,2.739411875000000000e+05,2.716659687500000000e+05,2.712330625000000000e+05,2.707504062500000000e+05,2.703396562500000000e+05,2.700686875000000000e+05,2.699839062500000000e+05,2.701455000000000000e+05,2.706055937500000000e+05,2.713955625000000000e+05,2.726424062500000000e+05,2.848401250000000000e+05,2.970943750000000000e+05,3.094349687500000000e+05,3.218857500000000000e+05,3.344609062500000000e+05,3.471565937500000000e+05,3.599416562500000000e+05,3.727610312500000000e+05,3.855107812500000000e+05,3.980226250000000000e+05,4.106698125000000000e+05,4.318769375000000000e+05,4.537711562500000000e+05,4.756011875000000000e+05,4.962171250000000000e+05,5.132825000000000000e+05,5.227710312500000000e+05,5.199970312500000000e+05,4.998279062500000000e+05,4.536341562500000000e+05,3.631704062500000000e+05,2.236109062500000000e+05,8.617237500000000000e+04
6.267721250000000000e+05,6.259113125000000000e+05,6.233553750000000000e+05,6.191235625000000000e+05,6.132146250000000000e+05,6.056160625000000000e+05,5.963123750000000000e+05,5.853001875000000000e+05,5.726633750000000000e+05,5.585548125000000000e+05,5.455971875000000000e+05,5.344348750000000000e+05,5.220244375000000000e+05,5.085687187500000000e+05,4.943076250000000000e+05,4.794981875000000000e+05,4.643955625000000000e+05,4.492580625000000000e+05,4.343071875000000000e+05,4.197035625000000000e+05,4.196729687500000000e+05,4.191851250000000000e+05,4.179160312500000000e+05,4.160076875000000000e+05,4.134777187500000000e+05,4.102720312500000000e+05,4.062311562500000000e+05,4.010640625000000000e+05,3.944120937500000000e+05,3.857700625000000000e+05,3.745683125000000000e+05,3.681076562500000000e+05,3.602601875000000000e+05,3.484863125000000000e+05,3.317324062500000000e+05,3.084049687500000000e+05,2.759537187500000000e+05,2.333129687500000000e+05,1.825317656250000000e+05,1.232893281250000000e+05,5.773850390625000000e+04
5.671493750000000000e+05,5.685446250000000000e+05,5.724787500000000000e+05,5.785648750000000000e+05,5.882951250000000000e+05,6.003149375000000000e+05,6.136211875000000000e+05,6.276930625000000000e+05,6.419666250000000000e+05,6.558593750000000000e+05,6.755116875000000000e+05,6.939966875000000000e+05,7.102796250000000000e+05,7.241646250000000000e+05,7.354740625000000000e+05,7.462667500000000000e+05,7.622708125000000000e+05,7.747601250000000000e+05,7.838484375000000000e+05,7.896698125000000000e+05,7.923422500000000000e+05,7.918908125000000000e+05,7.882552500000000000e+05,7.813355000000000000e+05,7.803525000000000000e+05,7.941956875000000000e+05,8.024409375000000000e+05,8.043276875000000000e+05,7.990238750000000000e+05,7.855805000000000000e+05,7.630397500000000000e+05,7.304030000000000000e+05,6.868144375000000000e+05,6.331905625000000000e+05,5.889378125000000000e+05,5.342280625000000000e+05,4.660345000000000000e+05,3.840656250000000000e+05,2.936526562500000000e+05,1.952596875000000000e+05,8.950835937500000000e+04
2.052614625000000000e+06,2.061785250000000000e+06,2.085860875000000000e+06,2.119761750000000000e+06,2.164685750000000000e+06,2.208757250000000000e+06,2.246130250000000000e+06,2.271887250000000000e+06,2.289805750000000000e+06,2.305851000000000000e+06,2.319781000000000000e+06,2.335932500000000000e+06,2.355371500000000000e+06,2.377806750000000000e+06,2.417278750000000000e+06,2.458423750000000000e+06,2.501556750000000000e+06,2.546955000000000000e+06,2.594408750000000000e+06,2.661179000000000000e+06,2.736755500000000000e+06,2.810529500000000000e+06,2.880808750000000000e+06,2.945589750000000000e+06,3.010431250000000000e+06,3.108932750000000000e+06,3.190912500000000000e+06,3.251238000000000000e+06,3.284105000000000000e+06,3.282045250000000000e+06,3.371372000000000000e+06,3.485542750000000000e+06,3.515468000000000000e+06,3.440699500000000000e+06,3.235240250000000000e+06,2.902259500000000000e+06,2.590074250000000000e+06,2.153453500000000000e+06,1.486976875000000000e+06,6.440443125000000000e+05,1.161585468750000000e+05
2.753252250000000000e+06,2.756239500000000000e+06,2.764586250000000000e+06,2.777332000000000000e+06,2.793470250000000000e+06,2.811955500000000000e+06,2.831708750000000000e+06,2.851644000000000000e+06,2.870852000000000000e+06,2.888529250000000000e+06,2.903870500000000000e+06,2.935411250000000000e+06,2.975438500000000000e+06,3.010154500000000000e+06,3.038021000000000000e+06,3.057565500000000000e+06,3.067388750000000000e+06,3.066152500000000000e+06,3.052592500000000000e+06,3.048999500000000000e+06,3.135246750000000000e+06,3.195910250000000000e+06,3.228672250000000000e+06,3.231473750000000000e+06,3.202707250000000000e+06,3.141181250000000000e+06,3.046271000000000000e+06,2.918048000000000000e+06,2.757176000000000000e+06,2.594919750000000000e+06,2.436672000000000000e+06,2.248507000000000000e+06,2.031516500000000000e+06,1.785479875000000000e+06,1.508794750000000000e+06,1.209349250000000000e+06,9.116620000000000000e+05,6.257681875000000000e+05,3.277882812500000000e+05,7.775597656250000000e+04,2.078804931640625000e+03
8.757836000000000000e+06,8.743163000000000000e+06,8.699347000000000000e+06,8.626527000000000000e+06,8.524741000000000000e+06,8.394058000000000000e+06,8.234700000000000000e+06,8.047423500000000000e+06,7.836170000000000000e+06,7.606694500000000000e+06,7.364732500000000000e+06,7.115816000000000000e+06,6.864386500000000000e+06,6.749409500000000000e+06,6.659724000000000000e+06,6.567896000000000000e+06,6.476881500000000000e+06,6.389916000000000000e+06,6.309873000000000000e+06,6.238877000000000000e+06,6.179080500000000000e+06,6.132135500000000000e+06,6.099189500000000000e+06,6.081223000000000000e+06,6.078278500000000000e+06,6.090006500000000000e+06,6.115672500000000000e+06,6.227380000000000000e+06,6.413967500000000000e+06,6.626075500000000000e+06,6.856078500000000000e+06,7.097482500000000000e+06,7.343152500000000000e+06,7.541251500000000000e+06,7.572009500000000000e+06,7.360255500000000000e+06,6.969118000000000000e+06,6.206895000000000000e+06,4.142128000000000000e+06,1.206847000000000000e+06,3.848807031250000000e+04
6.253380500000000000e+06,6.234301500000000000e+06,6.179319000000000000e+06,6.090868000000000000e+06,5.970624000000000000e+06,5.820089000000000000e+06,5.641085500000000000e+06,5.436242000000000000e+06,5.210344000000000000e+06,4.970147500000000000e+06,4.723663000000000000e+06,4.479390500000000000e+06,4.242027000000000000e+06,4.014325000000000000e+06,3.799139500000000000e+06,3.597898250000000000e+06,3.410006250000000000e+06,3.275153250000000000e+06,3.161964500000000000e+06,3.054187000000000000e+06,2.948898000000000000e+06,2.843518750000000000e+06,2.735793750000000000e+06,2.623629250000000000e+06,2.505607000000000000e+06,2.380605750000000000e+06,2.247887250000000000e+06,2.107217500000000000e+06,1.958595375000000000e+06,1.802470875000000000e+06,1.639547500000000000e+06,1.470751250000000000e+06,1.297319375000000000e+06,1.121074125000000000e+06,9.444096250000000000e+05,7.696800000000000000e+05,5.994615625000000000e+05,4.383660000000000000e+05,2.926358437500000000e+05,1.672446406250000000e+05,6.982959375000000000e+04
3.923001171875000000e+04,3.934835937500000000e+04,3.968116015625000000e+04,4.019508984375000000e+04,4.085679687500000000e+04,4.163274218750000000e+04,4.268454687500000000e+04,4.381402343750000000e+04,4.498137109375000000e+04,4.617430468750000000e+04,4.738079687500000000e+04,4.859118750000000000e+04,5.028453125000000000e+04,5.194630468750000000e+04,5.355809765625000000e+04,5.510933593750000000e+04,5.659980468750000000e+04,5.805807031250000000e+04,6.028515625000000000e+04,6.243560546875000000e+04,6.451807031250000000e+04,6.654339843750000000e+04,6.852442968750000000e+04,7.047332812500000000e+04,7.239709375000000000e+04,7.637564843750000000e+04,8.180350000000000000e+04,8.730327343750000000e+04,9.286906250000000000e+04,9.840871875000000000e+04,1.037852734375000000e+05,1.088797109375000000e+05,1.135760937500000000e+05,1.190277031250000000e+05,1.248053515625000000e+05,1.278241015625000000e+05,1.288748359375000000e+05,1.241903750000000000e+05,9.458574218750000000e+04,3.889712109375000000e+04,6.685132812500000000e+03
2.387419500000000000e+06,2.377433000000000000e+06,2.348813250000000000e+06,2.303399750000000000e+06,2.242962000000000000e+06,2.183231750000000000e+06,2.121084000000000000e+06,2.049053375000000000e+06,1.969627750000000000e+06,1.886295375000000000e+06,1.802926875000000000e+06,1.723428500000000000e+06,1.649989000000000000e+06,1.628092750000000000e+06,1.629809125000000000e+06,1.631707125000000000e+06,1.635364375000000000e+06,1.641919000000000000e+06,1.651923875000000000e+06,1.665238000000000000e+06,1.681362125000000000e+06,1.699442000000000000e+06,1.718308750000000000e+06,1.736541625000000000e+06,1.752374000000000000e+06,1.766806875000000000e+06,1.802381250000000000e+06,1.832665750000000000e+06,1.854621375000000000e+06,1.863976625000000000e+06,1.855840500000000000e+06,1.825235500000000000e+06,1.767111875000000000e+06,1.672904875000000000e+06,1.529946875000000000e+06,1.334935500000000000e+06,1.104370375000000000e+06,8.392290625000000000e+05,4.959097812500000000e+05,1.478777500000000000e+05,1.080116503906250000e+04
1.795319625000000000e+06,1.794022500000000000e+06,1.789701875000000000e+06,1.783289125000000000e+06,1.777047125000000000e+06,1.765971500000000000e+06,1.748906250000000000e+06,1.725154625000000000e+06,1.696097000000000000e+06,1.664263875000000000e+06,1.632182000000000000e+06,1.615782250000000000e+06,1.602398875000000000e+06,1.591759625000000000e+06,1.584337750000000000e+06,1.580548125000000000e+06,1.580613625000000000e+06,1.603843375000000000e+06,1.635502625000000000e+06,1.669910875000000000e+06,1.706845375000000000e+06,1.746029125000000000e+06,1.787113875000000000e+06,1.833973000000000000e+06,1.971325125000000000e+06,2.108449750000000000e+06,2.244642750000000000e+06,2.378964500000000000e+06,2.509724500000000000e+06,2.632636000000000000e+06,2.742025250000000000e+06,2.832317750000000000e+06,2.965026250000000000e+06,3.093665000000000000e+06,3.145125250000000000e+06,3.084377000000000000e+06,2.935054750000000000e+06,2.618503250000000000e+06,1.749632875000000000e+06,5.154266875000000000e+05,1.913122070312500000e+04
2.804021875000000000e+05,2.788290625000000000e+05,2.742797187500000000e+05,2.669639687500000000e+05,2.571074218750000000e+05,2.456040312500000000e+05,2.324613750000000000e+05,2.179517031250000000e+05,2.029506406250000000e+05,1.884270937500000000e+05,1.758847500000000000e+05,1.656900000000000000e+05,1.574647031250000000e+05,1.510528750000000000e+05,1.463266093750000000e+05,1.435857656250000000e+05,1.430945000000000000e+05,1.436204218750000000e+05,1.449962812500000000e+05,1.470417812500000000e+05,1.495575468750000000e+05,1.532135312500000000e+05,1.585183906250000000e+05,1.637757031250000000e+05,1.688225312500000000e+05,1.734758906250000000e+05,1.775184375000000000e+05,1.806958906250000000e+05,1.916427031250000000e+05,2.024298125000000000e+05,2.106246250000000000e+05,2.153751250000000000e+05,2.158202968750000000e+05,2.104504843750000000e+05,1.996413750000000000e+05,1.867583906250000000e+05,1.676571562500000000e+05,1.400586250000000000e+05,9.038617968750000000e+04,2.722692773437500000e+04,1.653172607421875000e+03
7.239608125000000000e+05,7.219583750000000000e+05,7.160661875000000000e+05,7.064132500000000000e+05,6.931061875000000000e+05,6.762692500000000000e+05,6.560770625000000000e+05,6.328214375000000000e+05,6.073285000000000000e+05,5.807209375000000000e+05,5.554692500000000000e+05,5.310088125000000000e+05,5.079034062500000000e+05,4.865269687500000000e+05,4.672650625000000000e+05,4.505384375000000000e+05,4.386828437500000000e+05,4.291358125000000000e+05,4.219414375000000000e+05,4.169991562500000000e+05,4.142048750000000000e+05,4.168050312500000000e+05,4.221154062500000000e+05,4.288720312500000000e+05,4.368536562500000000e+05,4.457880312500000000e+05,4.605271250000000000e+05,4.789732812500000000e+05,4.970222187500000000e+05,5.136120000000000000e+05,5.274001875000000000e+05,5.564813125000000000e+05,6.006406250000000000e+05,6.328463125000000000e+05,6.419794375000000000e+05,6.202649375000000000e+05,5.885829375000000000e+05,5.406405000000000000e+05,3.861194687500000000e+05,1.329819218750000000e+05,8.478522460937500000e+03
5.997271875000000000e+05,5.974643750000000000e+05,5.907491250000000000e+05,5.800586250000000000e+05,5.660158125000000000e+05,5.477824375000000000e+05,5.256108750000000000e+05,5.000993125000000000e+05,4.727695312500000000e+05,4.456371250000000000e+05,4.222132187500000000e+05,4.016391875000000000e+05,3.841615625000000000e+05,3.694997187500000000e+05,3.574269375000000000e+05,3.479574687500000000e+05,3.433432187500000000e+05,3.399353437500000000e+05,3.373420625000000000e+05,3.351118125000000000e+05,3.327696562500000000e+05,3.311555625000000000e+05,3.326397187500000000e+05,3.325089687500000000e+05,3.304962187500000000e+05,3.263651250000000000e+05,3.199205312500000000e+05,3.117278125000000000e+05,3.178848125000000000e+05,3.193129687500000000e+05,3.158179375000000000e+05,3.071611250000000000e+05,2.931392187500000000e+05,2.740620937500000000e+05,2.552299687500000000e+05,2.393616718750000000e+05,2.172915937500000000e+05,1.888002500000000000e+05,1.639645937500000000e+05,1.439440625000000000e+05,9.202500781250000000e+04
2.647546000000000000e+06,2.652643250000000000e+06,2.666373250000000000e+06,2.686165750000000000e+06,2.709265000000000000e+06,2.732861500000000000e+06,2.754212250000000000e+06,2.770847500000000000e+06,2.790613750000000000e+06,2.805205750000000000e+06,2.813231750000000000e+06,2.814858250000000000e+06,2.815593250000000000e+06,2.823489500000000000e+06,2.823969250000000000e+06,2.817463250000000000e+06,2.804399000000000000e+06,2.787527500000000000e+06,2.788377500000000000e+06,2.780250750000000000e+06,2.762877000000000000e+06,2.735635500000000000e+06,2.697601000000000000e+06,2.647730750000000000e+06,2.621161250000000000e+06,2.579975250000000000e+06,2.519051250000000000e+06,2.436868500000000000e+06,2.332109750000000000e+06,2.203665500000000000e+06,2.144386000000000000e+06,2.079683625000000000e+06,1.965796875000000000e+06,1.801968500000000000e+06,1.587987000000000000e+06,1.330198125000000000e+06,1.109707500000000000e+06,8.634395000000000000e+05,5.728379375000000000e+05,2.569420156250000000e+05,5.621103515625000000e+04
3.785186750000000000e+06,3.775163750000000000e+06,3.745029000000000000e+06,3.694496750000000000e+06,3.623206500000000000e+06,3.530930750000000000e+06,3.417750250000000000e+06,3.284408750000000000e+06,3.160470500000000000e+06,3.027320500000000000e+06,2.884109750000000000e+06,2.735193000000000000e+06,2.583456250000000000e+06,2.431183000000000000e+06,2.280785750000000000e+06,2.134263000000000000e+06,1.994785750000000000e+06,1.937080750000000000e+06,1.872587500000000000e+06,1.802807500000000000e+06,1.729024875000000000e+06,1.652144750000000000e+06,1.572676875000000000e+06,1.490923375000000000e+06,1.406962250000000000e+06,1.320724500000000000e+06,1.232119625000000000e+06,1.151936750000000000e+06,1.082024375000000000e+06,1.008226687500000000e+06,9.300215000000000000e+05,8.471388125000000000e+05,7.595790000000000000e+05,6.675888125000000000e+05,5.716906875000000000e+05,4.730320625000000000e+05,3.740074687500000000e+05,2.772616250000000000e+05,1.839225937500000000e+05,9.907106250000000000e+04,3.854055078125000000e+04
3.699812500000000000e+06,3.703087500000000000e+06,3.710731000000000000e+06,3.719035250000000000e+06,3.723933250000000000e+06,3.721266000000000000e+06,3.707022500000000000e+06,3.684148250000000000e+06,3.696364750000000000e+06,3.687347750000000000e+06,3.655546000000000000e+06,3.600573000000000000e+06,3.523892000000000000e+06,3.427984500000000000e+06,3.478218000000000000e+06,3.490533500000000000e+06,3.466336250000000000e+06,3.411632500000000000e+06,3.332253250000000000e+06,3.233539750000000000e+06,3.120259250000000000e+06,2.996040250000000000e+06,2.863477750000000000e+06,2.724564000000000000e+06,2.580183250000000000e+06,2.464853000000000000e+06,2.350218500000000000e+06,2.228627000000000000e+06,2.098984000000000000e+06,1.959797750000000000e+06,1.809643875000000000e+06,1.647772750000000000e+06,1.474109750000000000e+06,1.287835500000000000e+06,1.087413125000000000e+06,8.766597500000000000e+05,6.687956875000000000e+05,4.693768125000000000e+05,2.648155625000000000e+05,8.592632031250000000e+04,1.145446875000000000e+04
1.512611375000000000e+06,1.515341750000000000e+06,1.522014750000000000e+06,1.530154500000000000e+06,1.537129000000000000e+06,1.540284375000000000e+06,1.537074625000000000e+06,1.525293500000000000e+06,1.521343375000000000e+06,1.561523625000000000e+06,1.586358625000000000e+06,1.594954000000000000e+06,1.587118500000000000e+06,1.563251875000000000e+06,1.524249250000000000e+06,1.471910875000000000e+06,1.408845000000000000e+06,1.337913500000000000e+06,1.285593125000000000e+06,1.227346875000000000e+06,1.164610750000000000e+06,1.098754125000000000e+06,1.031031875000000000e+06,9.626152500000000000e+05,8.943191250000000000e+05,8.267974375000000000e+05,7.605079375000000000e+05,6.956824375000000000e+05,6.324949375000000000e+05,5.710256250000000000e+05,5.113227500000000000e+05,4.533109375000000000e+05,3.968922500000000000e+05,3.423064687500000000e+05,2.901135625000000000e+05,2.402660781250000000e+05,1.918515000000000000e+05,1.458811250000000000e+05,1.065928828125000000e+05,7.384239062500000000e+04,4.003163671875000000e+04
2.304763500000000000e+06,2.300774500000000000e+06,2.288754000000000000e+06,2.268500500000000000e+06,2.239775000000000000e+06,2.256536500000000000e+06,2.266567000000000000e+06,2.265873750000000000e+06,2.254784250000000000e+06,2.235781250000000000e+06,2.211707250000000000e+06,2.185532250000000000e+06,2.159161500000000000e+06,2.133954750000000000e+06,2.111315750000000000e+06,2.092455500000000000e+06,2.078234500000000000e+06,2.069397125000000000e+06,2.066241875000000000e+06,2.068451125000000000e+06,2.086171625000000000e+06,2.126521750000000000e+06,2.173037750000000000e+06,2.224960500000000000e+06,2.280979000000000000e+06,2.339458000000000000e+06,2.398218500000000000e+06,2.454306250000000000e+06,2.503957000000000000e+06,2.541125500000000000e+06,2.558612000000000000e+06,2.548716500000000000e+06,2.503231250000000000e+06,2.406473250000000000e+06,2.233753250000000000e+06,1.976490375000000000e+06,1.660613000000000000e+06,1.280840000000000000e+06,7.488576875000000000e+05,1.999192812500000000e+05,7.572853027343750000e+03
8.662929000000000000e+06,8.638304000000000000e+06,8.570208000000000000e+06,8.466982000000000000e+06,8.336671000000000000e+06,8.187179000000000000e+06,8.026415500000000000e+06,7.862294500000000000e+06,7.701732500000000000e+06,7.551258500000000000e+06,7.642126500000000000e+06,7.760097500000000000e+06,7.894744000000000000e+06,8.042219000000000000e+06,8.198534000000000000e+06,8.358844500000000000e+06,8.516864000000000000e+06,8.665403000000000000e+06,8.797093000000000000e+06,8.904731000000000000e+06,8.980601000000000000e+06,9.017688000000000000e+06,9.014604000000000000e+06,9.106536000000000000e+06,9.151769000000000000e+06,9.142419000000000000e+06,9.070604000000000000e+06,8.928560000000000000e+06,8.708643000000000000e+06,8.402708000000000000e+06,8.003241000000000000e+06,7.504592500000000000e+06,6.903646000000000000e+06,6.196628500000000000e+06,5.379110000000000000e+06,4.463859000000000000e+06,3.498099000000000000e+06,2.517239750000000000e+06,1.494688250000000000e+06,5.583160625000000000e+05,9.115971875000000000e+04
5.323580000000000000e+06,5.315446000000000000e+06,5.291987000000000000e+06,5.254487000000000000e+06,5.204095500000000000e+06,5.141876500000000000e+06,5.068854000000000000e+06,4.986141500000000000e+06,4.895819500000000000e+06,4.800597000000000000e+06,4.717983000000000000e+06,4.639797000000000000e+06,4.563873500000000000e+06,4.491921500000000000e+06,4.425810000000000000e+06,4.367077000000000000e+06,4.316730500000000000e+06,4.293637000000000000e+06,4.297729000000000000e+06,4.310535000000000000e+06,4.332333500000000000e+06,4.362932500000000000e+06,4.401655500000000000e+06,4.447561500000000000e+06,4.558487500000000000e+06,4.679606000000000000e+06,4.799566000000000000e+06,4.913608000000000000e+06,5.015260500000000000e+06,5.092782500000000000e+06,5.322623500000000000e+06,5.630904500000000000e+06,5.855724500000000000e+06,5.944061000000000000e+06,5.804757000000000000e+06,5.384721000000000000e+06,4.982281000000000000e+06,4.332465500000000000e+06,2.891275750000000000e+06,8.574973125000000000e+05,1.574092675781250000e+04
4.321688500000000000e+06,4.335788500000000000e+06,4.374813000000000000e+06,4.433815000000000000e+06,4.507803500000000000e+06,4.591744000000000000e+06,4.680568500000000000e+06,4.831459000000000000e+06,5.106173500000000000e+06,5.383151000000000000e+06,5.660898000000000000e+06,5.937670500000000000e+06,6.209491500000000000e+06,6.471086000000000000e+06,6.717013500000000000e+06,6.943452000000000000e+06,7.148868000000000000e+06,7.356688000000000000e+06,7.674076500000000000e+06,7.980875000000000000e+06,8.271477500000000000e+06,8.540107000000000000e+06,8.781103000000000000e+06,8.988786000000000000e+06,9.155899000000000000e+06,9.274769000000000000e+06,9.336569000000000000e+06,9.330713000000000000e+06,9.245828000000000000e+06,9.066426000000000000e+06,8.776891000000000000e+06,8.364715500000000000e+06,7.821066500000000000e+06,7.127803500000000000e+06,6.258074000000000000e+06,5.229810000000000000e+06,4.134367750000000000e+06,2.999431500000000000e+06,1.717803750000000000e+06,5.493983125000000000e+05,6.322471093750000000e+04
2.597436250000000000e+06,2.584023250000000000e+06,2.546233750000000000e+06,2.487746000000000000e+06,2.412234250000000000e+06,2.362006250000000000e+06,2.311410750000000000e+06,2.254771250000000000e+06,2.193714250000000000e+06,2.130434500000000000e+06,2.067741625000000000e+06,2.008733000000000000e+06,1.954607500000000000e+06,1.905566750000000000e+06,1.861883750000000000e+06,1.823302000000000000e+06,1.788745375000000000e+06,1.756987750000000000e+06,1.726635625000000000e+06,1.710066875000000000e+06,1.703814375000000000e+06,1.694327500000000000e+06,1.679945375000000000e+06,1.659035250000000000e+06,1.630268250000000000e+06,1.592452125000000000e+06,1.544559250000000000e+06,1.485799625000000000e+06,1.415496750000000000e+06,1.333066375000000000e+06,1.238143500000000000e+06,1.130971375000000000e+06,1.012393312500000000e+06,8.828283125000000000e+05,7.422314375000000000e+05,5.942299375000000000e+05,4.489741562500000000e+05,3.111884062500000000e+05,1.716858281250000000e+05,5.205582812500000000e+04,5.931814453125000000e+03
2.014016406250000000e+05,2.010623281250000000e+05,2.000355625000000000e+05,1.982897343750000000e+05,1.957886250000000000e+05,1.928907343750000000e+05,1.891552812500000000e+05,1.845381250000000000e+05,1.791177812500000000e+05,1.730525937500000000e+05,1.667283437500000000e+05,1.604772812500000000e+05,1.539979062500000000e+05,1.473962656250000000e+05,1.407911718750000000e+05,1.351149531250000000e+05,1.296037812500000000e+05,1.241802187500000000e+05,1.189003437500000000e+05,1.142207890625000000e+05,1.104945781250000000e+05,1.067361562500000000e+05,1.029481093750000000e+05,9.912372656250000000e+04,9.583601562500000000e+04,9.349883593750000000e+04,9.081867187500000000e+04,8.778807812500000000e+04,8.439884375000000000e+04,8.066432812500000000e+04,8.099850000000000000e+04,8.109580468750000000e+04,7.998020312500000000e+04,7.776849218750000000e+04,7.486976562500000000e+04,7.207434375000000000e+04,7.024186718750000000e+04,6.683000781250000000e+04,6.880659375000000000e+04,8.049576562500000000e+04,6.725592187500000000e+04
9.203525000000000000e+04,9.223718750000000000e+04,9.276105468750000000e+04,9.347626562500000000e+04,9.441217187500000000e+04,9.538811718750000000e+04,9.615478906250000000e+04,9.657886718750000000e+04,9.664627343750000000e+04,9.664430468750000000e+04,9.679254687500000000e+04,9.672762500000000000e+04,9.646506250000000000e+04,9.600414062500000000e+04,9.590566406250000000e+04,9.609256250000000000e+04,9.603637500000000000e+04,9.577351562500000000e+04,9.533029687500000000e+04,9.497246093750000000e+04,9.569917968750000000e+04,9.611180468750000000e+04,9.620239062500000000e+04,9.595387500000000000e+04,9.532753125000000000e+04,9.427403906250000000e+04,9.597529687500000000e+04,9.850635156250000000e+04,9.994955468750000000e+04,1.001441953125000000e+05,9.891807812500000000e+04,9.611384375000000000e+04,9.160864843750000000e+04,8.623516406250000000e+04,8.127924218750000000e+04,7.439924218750000000e+04,6.563936718750000000e+04,5.479330078125000000e+04,4.048135937500000000e+04,2.305752148437500000e+04,9.843253906250000000e+03
3.864336500000000000e+06,3.853935500000000000e+06,3.824246000000000000e+06,3.777143000000000000e+06,3.714204750000000000e+06,3.636973000000000000e+06,3.547160750000000000e+06,3.446879750000000000e+06,3.346775250000000000e+06,3.256542000000000000e+06,3.166065000000000000e+06,3.079667000000000000e+06,2.998990250000000000e+06,2.941286500000000000e+06,2.905005250000000000e+06,2.871332750000000000e+06,2.839365500000000000e+06,2.807976250000000000e+06,2.795568500000000000e+06,2.804805500000000000e+06,2.803667500000000000e+06,2.790368750000000000e+06,2.763182500000000000e+06,2.720302250000000000e+06,2.660338750000000000e+06,2.702387750000000000e+06,2.718344750000000000e+06,2.697906250000000000e+06,2.640054750000000000e+06,2.544168500000000000e+06,2.410204500000000000e+06,2.239251250000000000e+06,2.033799250000000000e+06,1.843967375000000000e+06,1.638783875000000000e+06,1.403170750000000000e+06,1.144093125000000000e+06,8.670834375000000000e+05,5.640285625000000000e+05,2.593880312500000000e+05,6.624248437500000000e+04
3.207981750000000000e+06,3.203690250000000000e+06,3.189313250000000000e+06,3.162300500000000000e+06,3.119998500000000000e+06,3.059989500000000000e+06,2.980372000000000000e+06,2.880287250000000000e+06,2.762816250000000000e+06,2.639053000000000000e+06,2.519661500000000000e+06,2.395358250000000000e+06,2.268957500000000000e+06,2.142458750000000000e+06,2.017910000000000000e+06,1.897043250000000000e+06,1.781073625000000000e+06,1.683870250000000000e+06,1.598155000000000000e+06,1.515576625000000000e+06,1.436197750000000000e+06,1.359742125000000000e+06,1.285644000000000000e+06,1.213275375000000000e+06,1.141856000000000000e+06,1.096061375000000000e+06,1.068184500000000000e+06,1.031748250000000000e+06,9.862395625000000000e+05,9.312357500000000000e+05,8.664585000000000000e+05,7.920832500000000000e+05,7.088241250000000000e+05,6.285348125000000000e+05,5.520590625000000000e+05,4.677008125000000000e+05,3.779156250000000000e+05,2.843106562500000000e+05,1.824469062500000000e+05,8.010633593750000000e+04,1.954105273437500000e+04
2.123110000000000000e+06,2.118026000000000000e+06,2.103825000000000000e+06,2.081901875000000000e+06,2.053503000000000000e+06,2.019835625000000000e+06,1.982158375000000000e+06,1.941854500000000000e+06,1.906618875000000000e+06,1.884026250000000000e+06,1.863450250000000000e+06,1.846921250000000000e+06,1.835255375000000000e+06,1.828647875000000000e+06,1.849589375000000000e+06,1.882332375000000000e+06,1.917972750000000000e+06,1.956249125000000000e+06,1.996808250000000000e+06,2.039212625000000000e+06,2.092773125000000000e+06,2.233880750000000000e+06,2.372536750000000000e+06,2.509012250000000000e+06,2.643693000000000000e+06,2.776944000000000000e+06,2.909183750000000000e+06,3.041004500000000000e+06,3.172471000000000000e+06,3.301050250000000000e+06,3.449633250000000000e+06,3.666817750000000000e+06,3.902632250000000000e+06,4.136254500000000000e+06,4.307495500000000000e+06,4.375654500000000000e+06,4.372946500000000000e+06,4.160735750000000000e+06,3.050751000000000000e+06,1.091516875000000000e+06,8.569796093750000000e+04
1.252977625000000000e+06,1.244418125000000000e+06,1.220464125000000000e+06,1.183548875000000000e+06,1.136032125000000000e+06,1.083256625000000000e+06,1.024846937500000000e+06,9.632355000000000000e+05,9.012801875000000000e+05,8.426502500000000000e+05,7.920432500000000000e+05,7.490277500000000000e+05,7.140943750000000000e+05,6.881326875000000000e+05,6.731743125000000000e+05,6.640901250000000000e+05,6.600336875000000000e+05,6.613773125000000000e+05,6.726924375000000000e+05,6.854213750000000000e+05,6.985130625000000000e+05,7.109870625000000000e+05,7.266156250000000000e+05,7.478553125000000000e+05,7.648316875000000000e+05,7.765862500000000000e+05,7.821169375000000000e+05,7.804344375000000000e+05,7.916761250000000000e+05,8.156200625000000000e+05,8.238792500000000000e+05,8.143719375000000000e+05,7.854886875000000000e+05,7.348462500000000000e+05,6.591127500000000000e+05,5.833538125000000000e+05,4.947863125000000000e+05,3.887952812500000000e+05,2.435061093750000000e+05,8.253496875000000000e+04,8.927271484375000000e+03
1.041364500000000000e+06,1.043740187500000000e+06,1.050241250000000000e+06,1.059898250000000000e+06,1.071718000000000000e+06,1.084704250000000000e+06,1.097874500000000000e+06,1.110612250000000000e+06,1.127748750000000000e+06,1.144079875000000000e+06,1.159798875000000000e+06,1.175104250000000000e+06,1.189971500000000000e+06,1.204264875000000000e+06,1.224063750000000000e+06,1.246938625000000000e+06,1.268509250000000000e+06,1.288684500000000000e+06,1.307235750000000000e+06,1.323734000000000000e+06,1.337686500000000000e+06,1.359566000000000000e+06,1.384240000000000000e+06,1.403413250000000000e+06,1.415782000000000000e+06,1.419897875000000000e+06,1.414175875000000000e+06,1.396899625000000000e+06,1.406814750000000000e+06,1.432705750000000000e+06,1.433459500000000000e+06,1.405278250000000000e+06,1.345219000000000000e+06,1.249687750000000000e+06,1.114189250000000000e+06,9.875155625000000000e+05,8.359186875000000000e+05,6.553423125000000000e+05,4.168580937500000000e+05,1.505734687500000000e+05,1.765947265625000000e+04
6.432846250000000000e+05,6.443856875000000000e+05,6.470276250000000000e+05,6.516638125000000000e+05,6.561188750000000000e+05,6.588990000000000000e+05,6.587702500000000000e+05,6.547465625000000000e+05,6.516173125000000000e+05,6.451162500000000000e+05,6.359160625000000000e+05,6.248117500000000000e+05,6.169655000000000000e+05,6.102403125000000000e+05,6.016852500000000000e+05,5.917708750000000000e+05,5.810411250000000000e+05,5.784500625000000000e+05,5.763062500000000000e+05,5.732429375000000000e+05,5.695613125000000000e+05,5.654067500000000000e+05,5.607735625000000000e+05,5.674156875000000000e+05,5.872541875000000000e+05,6.036980625000000000e+05,6.162876875000000000e+05,6.242893125000000000e+05,6.267717500000000000e+05,6.223893125000000000e+05,6.096706250000000000e+05,5.873833750000000000e+05,5.692154375000000000e+05,5.429198750000000000e+05,5.008566562500000000e+05,4.413871250000000000e+05,3.698319687500000000e+05,2.855535937500000000e+05,1.701723437500000000e+05,4.858255859375000000e+04,2.973737304687500000e+03
4.222973000000000000e+06,4.218261500000000000e+06,4.203738000000000000e+06,4.178520250000000000e+06,4.141484500000000000e+06,4.099148750000000000e+06,4.044462250000000000e+06,3.975032250000000000e+06,3.891892500000000000e+06,3.797505500000000000e+06,3.694629000000000000e+06,3.600971000000000000e+06,3.510131500000000000e+06,3.415910500000000000e+06,3.320576500000000000e+06,3.226303500000000000e+06,3.155081500000000000e+06,3.099674000000000000e+06,3.046543250000000000e+06,2.996772500000000000e+06,2.951275250000000000e+06,2.919437750000000000e+06,2.929542250000000000e+06,2.938834000000000000e+06,2.946261750000000000e+06,2.950134500000000000e+06,2.947942500000000000e+06,2.936173750000000000e+06,3.065313750000000000e+06,3.174621250000000000e+06,3.243381750000000000e+06,3.260779750000000000e+06,3.215671250000000000e+06,3.089959000000000000e+06,2.870599750000000000e+06,2.644994500000000000e+06,2.331245000000000000e+06,1.905986000000000000e+06,1.237164250000000000e+06,4.293526250000000000e+05,3.994518359375000000e+04
1.166049296875000000e+05,1.169078359375000000e+05,1.177140156250000000e+05,1.188595000000000000e+05,1.204372343750000000e+05,1.221440937500000000e+05,1.236838906250000000e+05,1.248739921875000000e+05,1.256828281250000000e+05,1.270092656250000000e+05,1.278762812500000000e+05,1.282921953125000000e+05,1.282563437500000000e+05,1.292781875000000000e+05,1.298663984375000000e+05,1.298837968750000000e+05,1.294166562500000000e+05,1.292509531250000000e+05,1.303096875000000000e+05,1.308832968750000000e+05,1.310862968750000000e+05,1.310237109375000000e+05,1.307890546875000000e+05,1.308554140625000000e+05,1.369778906250000000e+05,1.426920781250000000e+05,1.480835000000000000e+05,1.531817031250000000e+05,1.579817968750000000e+05,1.623987031250000000e+05,1.662906562500000000e+05,1.693269843750000000e+05,1.749904531250000000e+05,1.817090156250000000e+05,1.876522343750000000e+05,1.914934687500000000e+05,1.894473593750000000e+05,1.789030312500000000e+05,1.638191250000000000e+05,1.416602812500000000e+05,8.502725781250000000e+04
2.381250250000000000e+06,2.383153250000000000e+06,2.385856500000000000e+06,2.384451750000000000e+06,2.373904000000000000e+06,2.349511500000000000e+06,2.313428250000000000e+06,2.257348000000000000e+06,2.182827750000000000e+06,2.096205125000000000e+06,2.003444125000000000e+06,1.909672125000000000e+06,1.826523375000000000e+06,1.745172000000000000e+06,1.666016250000000000e+06,1.590155375000000000e+06,1.518431000000000000e+06,1.452816000000000000e+06,1.404141250000000000e+06,1.358307500000000000e+06,1.314939750000000000e+06,1.273407250000000000e+06,1.232841500000000000e+06,1.196506625000000000e+06,1.173685875000000000e+06,1.146477000000000000e+06,1.113795250000000000e+06,1.074569250000000000e+06,1.027780187500000000e+06,9.952805625000000000e+05,9.884630000000000000e+05,9.612795000000000000e+05,9.127068750000000000e+05,8.423320625000000000e+05,7.502653125000000000e+05,6.589653125000000000e+05,5.651944375000000000e+05,4.549383437500000000e+05,3.257730312500000000e+05,1.803967812500000000e+05,6.072114843750000000e+04
1.088315156250000000e+05,1.092409296875000000e+05,1.103979765625000000e+05,1.121342031250000000e+05,1.140310703125000000e+05,1.157740859375000000e+05,1.170590781250000000e+05,1.178838125000000000e+05,1.181526250000000000e+05,1.177935234375000000e+05,1.169561093750000000e+05,1.158151250000000000e+05,1.151521562500000000e+05,1.140918671875000000e+05,1.126285781250000000e+05,1.107925234375000000e+05,1.093568671875000000e+05,1.081286093750000000e+05,1.065592890625000000e+05,1.046938906250000000e+05,1.025745781250000000e+05,1.010136328125000000e+05,1.000894687500000000e+05,9.878553906250000000e+04,9.712455468750000000e+04,9.511993750000000000e+04,9.277317187500000000e+04,9.218824218750000000e+04,9.403878125000000000e+04,9.494640625000000000e+04,9.489804687500000000e+04,9.380014062500000000e+04,9.150898437500000000e+04,8.809692187500000000e+04,8.629420312500000000e+04,8.544397656250000000e+04,8.247864062500000000e+04,7.712136718750000000e+04,7.616488281250000000e+04,8.224785937500000000e+04,6.399960546875000000e+04
1.401081250000000000e+05,1.399122812500000000e+05,1.392792968750000000e+05,1.381339687500000000e+05,1.364001093750000000e+05,1.340101093750000000e+05,1.309127421875000000e+05,1.270914375000000000e+05,1.234001328125000000e+05,1.212278828125000000e+05,1.186503203125000000e+05,1.158974140625000000e+05,1.130701015625000000e+05,1.102154921875000000e+05,1.073914843750000000e+05,1.046614062500000000e+05,1.020855468750000000e+05,9.972107812500000000e+04,9.759980468750000000e+04,9.571807812500000000e+04,9.406775000000000000e+04,9.262564843750000000e+04,9.135429687500000000e+04,9.021193750000000000e+04,8.914572656250000000e+04,8.947886718750000000e+04,8.997876562500000000e+04,9.050600781250000000e+04,9.098719531250000000e+04,9.136860937500000000e+04,9.159190625000000000e+04,9.149997656250000000e+04,9.086039843750000000e+04,8.970140625000000000e+04,8.843485937500000000e+04,8.672117968750000000e+04,8.241118750000000000e+04,7.549257031250000000e+04,7.315571875000000000e+04,7.691970312500000000e+04,5.839487890625000000e+04
2.193993000000000000e+06,2.192366000000000000e+06,2.186374000000000000e+06,2.174179000000000000e+06,2.153911250000000000e+06,2.123885000000000000e+06,2.082766625000000000e+06,2.029958250000000000e+06,1.968058625000000000e+06,1.901297250000000000e+06,1.833676000000000000e+06,1.768708500000000000e+06,1.708016750000000000e+06,1.652364750000000000e+06,1.602544250000000000e+06,1.575922875000000000e+06,1.580291625000000000e+06,1.589690250000000000e+06,1.604592375000000000e+06,1.624865500000000000e+06,1.650294750000000000e+06,1.680448250000000000e+06,1.714652375000000000e+06,1.752064500000000000e+06,1.791416875000000000e+06,1.831156625000000000e+06,1.869317000000000000e+06,1.903403000000000000e+06,1.939324750000000000e+06,2.000568750000000000e+06,2.053075750000000000e+06,2.090577375000000000e+06,2.105546750000000000e+06,2.084270125000000000e+06,2.004941000000000000e+06,1.853350500000000000e+06,1.636049375000000000e+06,1.338452625000000000e+06,8.804810000000000000e+05,3.367741562500000000e+05,5.095746875000000000e+04
1.370973625000000000e+06,1.372472625000000000e+06,1.380292375000000000e+06,1.391909500000000000e+06,1.406121875000000000e+06,1.421720125000000000e+06,1.437512625000000000e+06,1.452438500000000000e+06,1.466452375000000000e+06,1.480123750000000000e+06,1.494060250000000000e+06,1.508838875000000000e+06,1.524526000000000000e+06,1.540952000000000000e+06,1.617150750000000000e+06,1.695689875000000000e+06,1.774265125000000000e+06,1.852615125000000000e+06,1.930363250000000000e+06,2.006935125000000000e+06,2.081663000000000000e+06,2.153733000000000000e+06,2.222164000000000000e+06,2.285788250000000000e+06,2.362332250000000000e+06,2.465879500000000000e+06,2.565863500000000000e+06,2.658288750000000000e+06,2.738157750000000000e+06,2.797941000000000000e+06,2.828877500000000000e+06,2.822129750000000000e+06,2.768931500000000000e+06,2.652574750000000000e+06,2.447022500000000000e+06,2.147063250000000000e+06,1.788368250000000000e+06,1.368406625000000000e+06,7.942126875000000000e+05,2.190777343750000000e+05,1.227747949218750000e+04
4.676785000000000000e+06,4.662252000000000000e+06,4.620174500000000000e+06,4.552395000000000000e+06,4.460424000000000000e+06,4.345737500000000000e+06,4.210025000000000000e+06,4.055556250000000000e+06,3.887000250000000000e+06,3.710525750000000000e+06,3.532559000000000000e+06,3.359343750000000000e+06,3.194313500000000000e+06,3.039593000000000000e+06,2.897421250000000000e+06,2.768962000000000000e+06,2.653886000000000000e+06,2.551797750000000000e+06,2.473758500000000000e+06,2.433369750000000000e+06,2.401428750000000000e+06,2.375354000000000000e+06,2.352287500000000000e+06,2.329231500000000000e+06,2.303210000000000000e+06,2.271169500000000000e+06,2.230126250000000000e+06,2.177301000000000000e+06,2.110012750000000000e+06,2.025934500000000000e+06,1.923048000000000000e+06,1.799803250000000000e+06,1.655302750000000000e+06,1.489454125000000000e+06,1.303123375000000000e+06,1.098732750000000000e+06,8.816580000000000000e+05,6.595474375000000000e+05,4.388295312500000000e+05,2.343516250000000000e+05,8.503988281250000000e+04
2.109115000000000000e+06,2.097309500000000000e+06,2.063967625000000000e+06,2.012220750000000000e+06,1.945204500000000000e+06,1.866041250000000000e+06,1.777826125000000000e+06,1.683654250000000000e+06,1.587029000000000000e+06,1.491603625000000000e+06,1.400852000000000000e+06,1.317849500000000000e+06,1.244372125000000000e+06,1.217491250000000000e+06,1.196351250000000000e+06,1.181533875000000000e+06,1.172960250000000000e+06,1.170499625000000000e+06,1.173781375000000000e+06,1.182032250000000000e+06,1.194331875000000000e+06,1.209653500000000000e+06,1.226843375000000000e+06,1.244595250000000000e+06,1.261489000000000000e+06,1.279255750000000000e+06,1.313316250000000000e+06,1.344154000000000000e+06,1.369370500000000000e+06,1.385626875000000000e+06,1.389111250000000000e+06,1.375977375000000000e+06,1.342357000000000000e+06,1.281212125000000000e+06,1.181747375000000000e+06,1.041111500000000000e+06,8.727177500000000000e+05,6.752750000000000000e+05,4.094152812500000000e+05,1.330733593750000000e+05,1.498107128906250000e+04
4.747556875000000000e+05,4.747960312500000000e+05,4.747727812500000000e+05,4.744374687500000000e+05,4.735129062500000000e+05,4.717103437500000000e+05,4.687454375000000000e+05,4.696430625000000000e+05,4.693409375000000000e+05,4.671335625000000000e+05,4.628210312500000000e+05,4.563163437500000000e+05,4.477425000000000000e+05,4.373298750000000000e+05,4.279781250000000000e+05,4.303127500000000000e+05,4.291687812500000000e+05,4.250462812500000000e+05,4.184369062500000000e+05,4.098013750000000000e+05,3.995519687500000000e+05,3.880012812500000000e+05,3.753720937500000000e+05,3.618371875000000000e+05,3.474824062500000000e+05,3.323529062500000000e+05,3.164547500000000000e+05,2.997562500000000000e+05,2.857981250000000000e+05,2.728785625000000000e+05,2.592859375000000000e+05,2.448150000000000000e+05,2.291741093750000000e+05,2.124744375000000000e+05,1.953315000000000000e+05,1.773108281250000000e+05,1.558433593750000000e+05,1.313690781250000000e+05,1.123189140625000000e+05,9.923231250000000000e+04,6.452874609375000000e+04
2.810863750000000000e+06,2.801221000000000000e+06,2.773152250000000000e+06,2.727761500000000000e+06,2.666076000000000000e+06,2.589232000000000000e+06,2.498614000000000000e+06,2.396072000000000000e+06,2.285131500000000000e+06,2.170241250000000000e+06,2.055837125000000000e+06,1.946063125000000000e+06,1.871789375000000000e+06,1.832537375000000000e+06,1.795486125000000000e+06,1.762630500000000000e+06,1.735311000000000000e+06,1.714673000000000000e+06,1.701365375000000000e+06,1.695351875000000000e+06,1.696402875000000000e+06,1.703996250000000000e+06,1.717331125000000000e+06,1.735436125000000000e+06,1.757017250000000000e+06,1.780559750000000000e+06,1.820020125000000000e+06,1.876457000000000000e+06,1.933703500000000000e+06,1.987757500000000000e+06,2.033596875000000000e+06,2.065341375000000000e+06,2.076078000000000000e+06,2.051607000000000000e+06,1.968111000000000000e+06,1.811815375000000000e+06,1.594608875000000000e+06,1.299976500000000000e+06,8.300356250000000000e+05,2.796330937500000000e+05,2.846066601562500000e+04
2.936134500000000000e+06,2.934114000000000000e+06,2.927669500000000000e+06,2.915973000000000000e+06,2.897976500000000000e+06,2.872551500000000000e+06,2.838612500000000000e+06,2.795268000000000000e+06,2.763481250000000000e+06,2.726397000000000000e+06,2.678790750000000000e+06,2.621398750000000000e+06,2.555886500000000000e+06,2.484386500000000000e+06,2.444159750000000000e+06,2.397845000000000000e+06,2.347214000000000000e+06,2.294927500000000000e+06,2.243269500000000000e+06,2.193998500000000000e+06,2.148594750000000000e+06,2.107917500000000000e+06,2.140464250000000000e+06,2.179381000000000000e+06,2.218765500000000000e+06,2.258790500000000000e+06,2.298736750000000000e+06,2.336735500000000000e+06,2.370019750000000000e+06,2.393375250000000000e+06,2.400404500000000000e+06,2.384084000000000000e+06,2.351326500000000000e+06,2.330992000000000000e+06,2.250607250000000000e+06,2.092773750000000000e+06,1.867085250000000000e+06,1.549011500000000000e+06,1.012363687500000000e+06,3.482707812500000000e+05,3.302463281250000000e+04
1.307288359375000000e+05,1.304477578125000000e+05,1.296028359375000000e+05,1.281620078125000000e+05,1.260790156250000000e+05,1.235933125000000000e+05,1.206284218750000000e+05,1.169859375000000000e+05,1.127766562500000000e+05,1.087043828125000000e+05,1.047189453125000000e+05,1.006284296875000000e+05,9.659555468750000000e+04,9.298757031250000000e+04,9.025210156250000000e+04,8.762714843750000000e+04,8.513857812500000000e+04,8.278775000000000000e+04,8.054942968750000000e+04,7.837167968750000000e+04,7.678830468750000000e+04,7.539592187500000000e+04,7.379671093750000000e+04,7.193948437500000000e+04,6.977969531250000000e+04,6.727616406250000000e+04,6.439631640625000000e+04,6.112146093750000000e+04,5.939870312500000000e+04,5.790487500000000000e+04,5.554518359375000000e+04,5.231270312500000000e+04,4.824314062500000000e+04,4.335485937500000000e+04,3.763224609375000000e+04,3.234390820312500000e+04,2.723405859375000000e+04,2.187560351562500000e+04,1.522936718750000000e+04,7.634207031250000000e+03,3.324449951171875000e+03
9.639622000000000000e+06,9.648693000000000000e+06,9.673496000000000000e+06,9.710262000000000000e+06,9.755083000000000000e+06,9.803973000000000000e+06,1.007288600000000000e+07,1.036013300000000000e+07,1.065053200000000000e+07,1.093364300000000000e+07,1.119921300000000000e+07,1.143801000000000000e+07,1.164742500000000000e+07,1.182837100000000000e+07,1.198212900000000000e+07,1.211167400000000000e+07,1.222203000000000000e+07,1.231843300000000000e+07,1.240609200000000000e+07,1.249010800000000000e+07,1.257549900000000000e+07,1.266636000000000000e+07,1.276596800000000000e+07,1.288822300000000000e+07,1.317423000000000000e+07,1.349709200000000000e+07,1.386104300000000000e+07,1.427012900000000000e+07,1.472621700000000000e+07,1.521811500000000000e+07,1.572985700000000000e+07,1.625169700000000000e+07,1.677572000000000000e+07,1.718416800000000000e+07,1.719501400000000000e+07,1.665337400000000000e+07,1.576430800000000000e+07,1.408074300000000000e+07,9.308775000000000000e+06,2.594289000000000000e+06,6.349276171875000000e+04
2.232193750000000000e+05,2.237299375000000000e+05,2.258600312500000000e+05,2.289844218750000000e+05,2.326756718750000000e+05,2.365319218750000000e+05,2.401561250000000000e+05,2.431846562500000000e+05,2.454931562500000000e+05,2.471017812500000000e+05,2.505166093750000000e+05,2.538308437500000000e+05,2.562993593750000000e+05,2.578992656250000000e+05,2.586174218750000000e+05,2.584792968750000000e+05,2.575519375000000000e+05,2.559014218750000000e+05,2.535671718750000000e+05,2.579140937500000000e+05,2.622679375000000000e+05,2.653778750000000000e+05,2.671903437500000000e+05,2.676350625000000000e+05,2.665971250000000000e+05,2.639459375000000000e+05,2.595406093750000000e+05,2.532323906250000000e+05,2.448884531250000000e+05,2.344013906250000000e+05,2.245908593750000000e+05,2.155312656250000000e+05,2.043204375000000000e+05,1.907824218750000000e+05,1.748994218750000000e+05,1.564082187500000000e+05,1.346117187500000000e+05,1.098645156250000000e+05,8.446253125000000000e+04,5.870271093750000000e+04,3.084081445312500000e+04
2.921910312500000000e+05,2.920072500000000000e+05,2.912992500000000000e+05,2.898176562500000000e+05,2.873102187500000000e+05,2.835404062500000000e+05,2.841901250000000000e+05,2.832550000000000000e+05,2.801262187500000000e+05,2.753750000000000000e+05,2.695647187500000000e+05,2.631935000000000000e+05,2.564309218750000000e+05,2.493060625000000000e+05,2.418705468750000000e+05,2.342041093750000000e+05,2.264014687500000000e+05,2.185513593750000000e+05,2.106943906250000000e+05,2.028076093750000000e+05,1.948628125000000000e+05,1.868171875000000000e+05,1.786151562500000000e+05,1.711856406250000000e+05,1.650834375000000000e+05,1.586560312500000000e+05,1.518120000000000000e+05,1.444671406250000000e+05,1.365422187500000000e+05,1.279671171875000000e+05,1.186850390625000000e+05,1.086838281250000000e+05,9.799291406250000000e+04,8.661628906250000000e+04,7.452528125000000000e+04,6.191918750000000000e+04,4.943414453125000000e+04,3.733945703125000000e+04,2.475996875000000000e+04,1.261976269531250000e+04,5.550380859375000000e+03
2.888099500000000000e+06,2.878330000000000000e+06,2.850141750000000000e+06,2.805149500000000000e+06,2.744931000000000000e+06,2.671089500000000000e+06,2.585302000000000000e+06,2.489439250000000000e+06,2.386395500000000000e+06,2.279646000000000000e+06,2.172647750000000000e+06,2.068685000000000000e+06,1.970024750000000000e+06,1.882643375000000000e+06,1.810347250000000000e+06,1.746500375000000000e+06,1.691628500000000000e+06,1.646198750000000000e+06,1.610318000000000000e+06,1.583578125000000000e+06,1.565556375000000000e+06,1.555640875000000000e+06,1.562722875000000000e+06,1.585420750000000000e+06,1.613765375000000000e+06,1.646791125000000000e+06,1.683298625000000000e+06,1.721775250000000000e+06,1.760189000000000000e+06,1.814055750000000000e+06,1.946630750000000000e+06,2.067868750000000000e+06,2.169396750000000000e+06,2.231924000000000000e+06,2.219673750000000000e+06,2.123481500000000000e+06,2.045077500000000000e+06,1.853866000000000000e+06,1.315257125000000000e+06,4.570675000000000000e+05,2.647871289062500000e+04
1.695151875000000000e+05,1.696829218750000000e+05,1.700557343750000000e+05,1.704246875000000000e+05,1.705726718750000000e+05,1.702858593750000000e+05,1.694580468750000000e+05,1.696521562500000000e+05,1.689091093750000000e+05,1.673432968750000000e+05,1.650827031250000000e+05,1.622599375000000000e+05,1.589809843750000000e+05,1.553422031250000000e+05,1.514458125000000000e+05,1.474071250000000000e+05,1.464794375000000000e+05,1.468235000000000000e+05,1.469489687500000000e+05,1.469905468750000000e+05,1.470738906250000000e+05,1.472980625000000000e+05,1.477383750000000000e+05,1.484610937500000000e+05,1.495005781250000000e+05,1.508786875000000000e+05,1.526072500000000000e+05,1.546848281250000000e+05,1.575161250000000000e+05,1.639432500000000000e+05,1.713068125000000000e+05,1.796084062500000000e+05,1.888363906250000000e+05,1.982849062500000000e+05,2.061371406250000000e+05,2.107733125000000000e+05,2.117073125000000000e+05,2.037439531250000000e+05,1.671285468750000000e+05,9.569435937500000000e+04,3.318299609375000000e+04
2.524740937500000000e+05,2.529442656250000000e+05,2.540826093750000000e+05,2.554410156250000000e+05,2.565460156250000000e+05,2.573779218750000000e+05,2.575807656250000000e+05,2.562180312500000000e+05,2.533528437500000000e+05,2.494674531250000000e+05,2.464345781250000000e+05,2.427377187500000000e+05,2.385167968750000000e+05,2.338389375000000000e+05,2.313458906250000000e+05,2.286646875000000000e+05,2.255072656250000000e+05,2.220310625000000000e+05,2.192840781250000000e+05,2.192823593750000000e+05,2.186179531250000000e+05,2.173235000000000000e+05,2.153875312500000000e+05,2.127695000000000000e+05,2.131544218750000000e+05,2.197720937500000000e+05,2.241801562500000000e+05,2.262060000000000000e+05,2.256452187500000000e+05,2.222579062500000000e+05,2.158040781250000000e+05,2.060898906250000000e+05,1.970384687500000000e+05,1.874945625000000000e+05,1.744284218750000000e+05,1.573713906250000000e+05,1.362078906250000000e+05,1.109472890625000000e+05,8.082253906250000000e+04,4.687822656250000000e+04,1.937228320312500000e+04
7.243543500000000000e+06,7.225737500000000000e+06,7.173427000000000000e+06,7.087595000000000000e+06,6.968897000000000000e+06,6.850531500000000000e+06,6.746693000000000000e+06,6.612398000000000000e+06,6.451636000000000000e+06,6.272055500000000000e+06,6.082466500000000000e+06,5.891904500000000000e+06,5.704321500000000000e+06,5.727712000000000000e+06,5.770396000000000000e+06,5.786572500000000000e+06,5.778713500000000000e+06,5.748332500000000000e+06,5.696046000000000000e+06,5.621559500000000000e+06,5.523869500000000000e+06,5.402022500000000000e+06,5.255219000000000000e+06,5.082546500000000000e+06,4.924994000000000000e+06,4.784856000000000000e+06,4.618361000000000000e+06,4.424274000000000000e+06,4.201626500000000000e+06,3.949834250000000000e+06,3.668706500000000000e+06,3.358431750000000000e+06,3.019977250000000000e+06,2.655719250000000000e+06,2.269352000000000000e+06,1.865981625000000000e+06,1.455406250000000000e+06,1.052440875000000000e+06,6.662668750000000000e+05,3.195450312500000000e+05,9.347721875000000000e+04
6.051702734375000000e+04,6.066790625000000000e+04,6.106012500000000000e+04,6.159557421875000000e+04,6.217001562500000000e+04,6.295204687500000000e+04,6.402569921875000000e+04,6.482582812500000000e+04,6.528400781250000000e+04,6.537651171875000000e+04,6.619921875000000000e+04,6.676528906250000000e+04,6.681343750000000000e+04,6.636965625000000000e+04,6.547231640625000000e+04,6.674295312500000000e+04,6.832988281250000000e+04,6.913424218750000000e+04,6.929712500000000000e+04,6.896025781250000000e+04,6.825759375000000000e+04,6.730364843750000000e+04,6.619372656250000000e+04,6.500962500000000000e+04,6.380736328125000000e+04,6.372480468750000000e+04,6.387884375000000000e+04,6.418128125000000000e+04,6.464879296875000000e+04,6.531939062500000000e+04,6.623383593750000000e+04,6.731555468750000000e+04,6.839522656250000000e+04,6.963534375000000000e+04,7.172369531250000000e+04,7.441792968750000000e+04,7.488610937500000000e+04,7.298774218750000000e+04,7.968746093750000000e+04,9.994819531250000000e+04,8.380336718750000000e+04
4.834325312500000000e+05,4.834314062500000000e+05,4.832942187500000000e+05,4.828014687500000000e+05,4.817187500000000000e+05,4.815808125000000000e+05,4.825795937500000000e+05,4.824145937500000000e+05,4.810176250000000000e+05,4.785122500000000000e+05,4.750425937500000000e+05,4.707601562500000000e+05,4.657457500000000000e+05,4.600614062500000000e+05,4.537970312500000000e+05,4.583805312500000000e+05,4.682931250000000000e+05,4.767928125000000000e+05,4.840303125000000000e+05,4.901481875000000000e+05,4.952912500000000000e+05,4.995734687500000000e+05,5.030683437500000000e+05,5.058137500000000000e+05,5.077273750000000000e+05,5.086629375000000000e+05,5.154468750000000000e+05,5.250088125000000000e+05,5.335746875000000000e+05,5.402002500000000000e+05,5.437451250000000000e+05,5.427971875000000000e+05,5.357041250000000000e+05,5.200406250000000000e+05,4.924575937500000000e+05,4.506254375000000000e+05,3.947942500000000000e+05,3.235110312500000000e+05,2.285852343750000000e+05,1.188475859375000000e+05,4.000514062500000000e+04
2.674907812500000000e+05,2.657638437500000000e+05,2.609604062500000000e+05,2.536623125000000000e+05,2.444565468750000000e+05,2.339193437500000000e+05,2.226040625000000000e+05,2.110322187500000000e+05,1.996837343750000000e+05,1.892155781250000000e+05,1.803983750000000000e+05,1.729606093750000000e+05,1.669612187500000000e+05,1.623309218750000000e+05,1.590183125000000000e+05,1.569357187500000000e+05,1.559379531250000000e+05,1.558852812500000000e+05,1.566427343750000000e+05,1.583824687500000000e+05,1.621729375000000000e+05,1.664167187500000000e+05,1.710288437500000000e+05,1.759179531250000000e+05,1.810026562500000000e+05,1.861981250000000000e+05,1.914023750000000000e+05,1.975574218750000000e+05,2.124886562500000000e+05,2.272349687500000000e+05,2.413292031250000000e+05,2.540903437500000000e+05,2.646290937500000000e+05,2.713386250000000000e+05,2.715742500000000000e+05,2.758305000000000000e+05,2.725189062500000000e+05,2.560759531250000000e+05,2.124436718750000000e+05,1.341229531250000000e+05,5.278195703125000000e+04
1.009865859375000000e+05,1.006835390625000000e+05,9.980710156250000000e+04,9.840336718750000000e+04,9.651657812500000000e+04,9.419169531250000000e+04,9.147642187500000000e+04,8.842687500000000000e+04,8.514748437500000000e+04,8.176799218750000000e+04,7.841459375000000000e+04,7.544317968750000000e+04,7.275139062500000000e+04,7.028880468750000000e+04,6.810073437500000000e+04,6.621535937500000000e+04,6.463711718750000000e+04,6.337105859375000000e+04,6.297571875000000000e+04,6.282778906250000000e+04,6.290571093750000000e+04,6.317806640625000000e+04,6.360269531250000000e+04,6.413233593750000000e+04,6.570580468750000000e+04,6.729556250000000000e+04,6.875842187500000000e+04,6.999673437500000000e+04,7.089771875000000000e+04,7.157223437500000000e+04,7.601082812500000000e+04,7.941345312500000000e+04,8.143021093750000000e+04,8.165465625000000000e+04,7.960571093750000000e+04,7.628071875000000000e+04,7.295638281250000000e+04,6.662763281250000000e+04,5.642935546875000000e+04,4.123044921875000000e+04,2.209261523437500000e+04
1.512611375000000000e+06,1.515341750000000000e+06,1.522014750000000000e+06,1.530154500000000000e+06,1.537129000000000000e+06,1.540284375000000000e+06,1.537074625000000000e+06,1.525293500000000000e+06,1.521343375000000000e+06,1.561523625000000000e+06,1.586358625000000000e+06,1.594954000000000000e+06,1.587118500000000000e+06,1.563251875000000000e+06,1.524249250000000000e+06,1.471910875000000000e+06,1.408845000000000000e+06,1.337913500000000000e+06,1.285593125000000000e+06,1.227346875000000000e+06,1.164610750000000000e+06,1.098754125000000000e+06,1.031031875000000000e+06,9.626152500000000000e+05,8.943191250000000000e+05,8.267974375000000000e+05,7.605079375000000000e+05,6.956824375000000000e+05,6.324949375000000000e+05,5.710256250000000000e+05,5.113227500000000000e+05,4.533109375000000000e+05,3.968922500000000000e+05,3.423064687500000000e+05,2.901135625000000000e+05,2.402660781250000000e+05,1.918515000000000000e+05,1.458811250000000000e+05,1.065928828125000000e+05,7.384239062500000000e+04,4.003163671875000000e+04
4.133073750000000000e+06,4.130299500000000000e+06,4.120613000000000000e+06,4.101818500000000000e+06,4.071639000000000000e+06,4.027858750000000000e+06,3.968454500000000000e+06,3.891925750000000000e+06,3.799359500000000000e+06,3.693311250000000000e+06,3.576362500000000000e+06,3.468026500000000000e+06,3.360861750000000000e+06,3.246616500000000000e+06,3.126755250000000000e+06,3.002767250000000000e+06,2.876080000000000000e+06,2.748057250000000000e+06,2.619681500000000000e+06,2.491437250000000000e+06,2.363743500000000000e+06,2.236704000000000000e+06,2.110166750000000000e+06,2.049227375000000000e+06,1.984591000000000000e+06,1.910483375000000000e+06,1.826347375000000000e+06,1.731585875000000000e+06,1.625695625000000000e+06,1.508154000000000000e+06,1.378728375000000000e+06,1.238123625000000000e+06,1.089752500000000000e+06,9.618411875000000000e+05,8.216448750000000000e+05,6.707744375000000000e+05,5.190201562500000000e+05,3.693388750000000000e+05,2.062343750000000000e+05,5.786760937500000000e+04,3.772123291015625000e+03
1.695209843750000000e+05,1.682887031250000000e+05,1.648774687500000000e+05,1.597449843750000000e+05,1.534661406250000000e+05,1.462923593750000000e+05,1.386043750000000000e+05,1.307676406250000000e+05,1.231123828125000000e+05,1.159461562500000000e+05,1.095694687500000000e+05,1.045723593750000000e+05,1.006537343750000000e+05,9.772332031250000000e+04,9.573271093750000000e+04,9.465035937500000000e+04,9.491364843750000000e+04,9.576566406250000000e+04,9.709500000000000000e+04,9.878348437500000000e+04,1.011101250000000000e+05,1.042923203125000000e+05,1.074367656250000000e+05,1.104194453125000000e+05,1.131131562500000000e+05,1.161029062500000000e+05,1.199368203125000000e+05,1.229308750000000000e+05,1.248635546875000000e+05,1.254376015625000000e+05,1.243339453125000000e+05,1.297492343750000000e+05,1.321490937500000000e+05,1.305290078125000000e+05,1.235765078125000000e+05,1.108742031250000000e+05,9.772745312500000000e+04,8.217668750000000000e+04,5.541471875000000000e+04,2.039901757812500000e+04,3.095871093750000000e+03
9.988663750000000000e+05,9.995871250000000000e+05,1.001432937500000000e+06,1.003910625000000000e+06,1.006511375000000000e+06,1.008721937500000000e+06,1.010034875000000000e+06,1.009998125000000000e+06,1.008595812500000000e+06,1.006066625000000000e+06,1.002650500000000000e+06,9.985621250000000000e+05,9.938333125000000000e+05,9.884100000000000000e+05,9.822460000000000000e+05,9.769296250000000000e+05,9.777967500000000000e+05,9.775820625000000000e+05,9.761151250000000000e+05,9.731302500000000000e+05,9.683491250000000000e+05,9.614268750000000000e+05,9.519583125000000000e+05,9.395212500000000000e+05,9.236128125000000000e+05,9.186926250000000000e+05,9.310156250000000000e+05,9.355676875000000000e+05,9.311611875000000000e+05,9.165816250000000000e+05,8.906657500000000000e+05,8.523025000000000000e+05,8.006213125000000000e+05,7.352772500000000000e+05,6.812295000000000000e+05,6.155345625000000000e+05,5.344170625000000000e+05,4.377362812500000000e+05,3.304414375000000000e+05,2.144688906250000000e+05,9.627510937500000000e+04
3.065510000000000000e+05,3.056426562500000000e+05,3.030879062500000000e+05,2.991875625000000000e+05,2.938655312500000000e+05,2.871795625000000000e+05,2.791887500000000000e+05,2.699706875000000000e+05,2.596971093750000000e+05,2.486127812500000000e+05,2.376753593750000000e+05,2.265217812500000000e+05,2.152173437500000000e+05,2.039269843750000000e+05,1.928862968750000000e+05,1.833385156250000000e+05,1.739613125000000000e+05,1.648391406250000000e+05,1.560210625000000000e+05,1.477640156250000000e+05,1.409972187500000000e+05,1.342159843750000000e+05,1.274075078125000000e+05,1.205492265625000000e+05,1.136157968750000000e+05,1.079301171875000000e+05,1.023185703125000000e+05,9.625394531250000000e+04,8.975024218750000000e+04,8.283428906250000000e+04,7.578725000000000000e+04,7.281482031250000000e+04,6.844451562500000000e+04,6.278865625000000000e+04,5.598499609375000000e+04,4.819335156250000000e+04,4.140808984375000000e+04,3.482863281250000000e+04,2.786554101562500000e+04,2.029087304687500000e+04,1.218995703125000000e+04
4.294398437500000000e+05,4.291288125000000000e+05,4.281402812500000000e+05,4.263850000000000000e+05,4.237691250000000000e+05,4.201989062500000000e+05,4.155849062500000000e+05,4.098575937500000000e+05,4.030783125000000000e+05,3.953838125000000000e+05,3.869108750000000000e+05,3.777898750000000000e+05,3.681113125000000000e+05,3.579479687500000000e+05,3.473747500000000000e+05,3.364581562500000000e+05,3.252518750000000000e+05,3.159924687500000000e+05,3.115799375000000000e+05,3.065219062500000000e+05,3.007843125000000000e+05,2.943176562500000000e+05,2.870583750000000000e+05,2.789428750000000000e+05,2.698902812500000000e+05,2.598190468750000000e+05,2.486498593750000000e+05,2.363067031250000000e+05,2.227295781250000000e+05,2.078700000000000000e+05,1.917100000000000000e+05,1.786866406250000000e+05,1.645084218750000000e+05,1.489800468750000000e+05,1.319547031250000000e+05,1.134433515625000000e+05,9.383754687500000000e+04,7.343925000000000000e+04,5.167078125000000000e+04,2.949803515625000000e+04,1.311475097656250000e+04
1.847266000000000000e+06,1.846501250000000000e+06,1.844040125000000000e+06,1.839543250000000000e+06,1.832577875000000000e+06,1.822650500000000000e+06,1.809237125000000000e+06,1.791818000000000000e+06,1.776100125000000000e+06,1.763904625000000000e+06,1.746287625000000000e+06,1.722824875000000000e+06,1.693403125000000000e+06,1.658138375000000000e+06,1.619325125000000000e+06,1.596986500000000000e+06,1.566960250000000000e+06,1.529857500000000000e+06,1.486384250000000000e+06,1.437275750000000000e+06,1.383262625000000000e+06,1.324993500000000000e+06,1.314099000000000000e+06,1.295615875000000000e+06,1.266003625000000000e+06,1.226119000000000000e+06,1.176687125000000000e+06,1.118303875000000000e+06,1.051505750000000000e+06,9.766961250000000000e+05,8.943261250000000000e+05,8.074316250000000000e+05,7.331495000000000000e+05,6.523373750000000000e+05,5.640695625000000000e+05,4.690953437500000000e+05,3.716853437500000000e+05,2.737754687500000000e+05,1.689636406250000000e+05,6.815726562500000000e+04,1.496354882812500000e+04
6.486732500000000000e+06,6.485462500000000000e+06,6.482009000000000000e+06,6.476241500000000000e+06,6.467557500000000000e+06,6.455339000000000000e+06,6.439318500000000000e+06,6.419725500000000000e+06,6.396302500000000000e+06,6.368962000000000000e+06,6.417126000000000000e+06,6.475454000000000000e+06,6.522867500000000000e+06,6.557385500000000000e+06,6.576866500000000000e+06,6.579249000000000000e+06,6.562470000000000000e+06,6.587394000000000000e+06,6.746588000000000000e+06,6.855422500000000000e+06,6.914330000000000000e+06,6.923720000000000000e+06,6.884079000000000000e+06,6.795677000000000000e+06,6.658378500000000000e+06,6.471989500000000000e+06,6.236252500000000000e+06,5.950989000000000000e+06,5.616429500000000000e+06,5.232956500000000000e+06,4.818502500000000000e+06,4.446558500000000000e+06,4.032535000000000000e+06,3.575176250000000000e+06,3.071427500000000000e+06,2.528447000000000000e+06,1.973574625000000000e+06,1.421185625000000000e+06,8.431173125000000000e+05,3.104066875000000000e+05,4.957212109375000000e+04
5.870396500000000000e+06,5.855201000000000000e+06,5.810540000000000000e+06,5.756336500000000000e+06,5.682872500000000000e+06,5.587462500000000000e+06,5.469734500000000000e+06,5.329855500000000000e+06,5.170752000000000000e+06,4.997031500000000000e+06,4.813506000000000000e+06,4.624985000000000000e+06,4.435204500000000000e+06,4.247440500000000000e+06,4.065059750000000000e+06,3.932764000000000000e+06,3.902232500000000000e+06,3.869356750000000000e+06,3.836992750000000000e+06,3.807184750000000000e+06,3.781811750000000000e+06,3.762017500000000000e+06,3.748168250000000000e+06,3.740210250000000000e+06,3.736899000000000000e+06,3.736334500000000000e+06,3.735679250000000000e+06,3.801187000000000000e+06,3.877100250000000000e+06,3.946386500000000000e+06,3.998990250000000000e+06,4.022868250000000000e+06,4.003897750000000000e+06,3.917608250000000000e+06,3.726422750000000000e+06,3.407043500000000000e+06,2.972574500000000000e+06,2.402308000000000000e+06,1.570352500000000000e+06,6.111401875000000000e+05,9.782147656250000000e+04
5.757146875000000000e+05,5.756401250000000000e+05,5.748794375000000000e+05,5.724937500000000000e+05,5.680064375000000000e+05,5.617542500000000000e+05,5.512500625000000000e+05,5.361188750000000000e+05,5.173960625000000000e+05,4.998952500000000000e+05,4.821350000000000000e+05,4.652320000000000000e+05,4.497605625000000000e+05,4.372175937500000000e+05,4.298571875000000000e+05,4.236838750000000000e+05,4.188065312500000000e+05,4.152746250000000000e+05,4.131914687500000000e+05,4.184982812500000000e+05,4.238270312500000000e+05,4.288787500000000000e+05,4.332911875000000000e+05,4.366354687500000000e+05,4.384363437500000000e+05,4.456110937500000000e+05,4.642951250000000000e+05,4.784012812500000000e+05,4.870284375000000000e+05,4.891267500000000000e+05,4.836202812500000000e+05,4.695948750000000000e+05,4.463832187500000000e+05,4.192711875000000000e+05,3.897276875000000000e+05,3.488211562500000000e+05,2.983340937500000000e+05,2.379268125000000000e+05,1.595907656250000000e+05,7.194880468750000000e+04,1.891090039062500000e+04
1.679852625000000000e+06,1.679004250000000000e+06,1.675267000000000000e+06,1.666579125000000000e+06,1.650767250000000000e+06,1.625826500000000000e+06,1.590146500000000000e+06,1.542869500000000000e+06,1.485709625000000000e+06,1.430017250000000000e+06,1.380052375000000000e+06,1.326713125000000000e+06,1.271921250000000000e+06,1.217107125000000000e+06,1.163758875000000000e+06,1.113230375000000000e+06,1.066591250000000000e+06,1.055861000000000000e+06,1.055818125000000000e+06,1.056730875000000000e+06,1.059660000000000000e+06,1.065342500000000000e+06,1.074218625000000000e+06,1.086557000000000000e+06,1.102321000000000000e+06,1.121301125000000000e+06,1.143161875000000000e+06,1.167438000000000000e+06,1.206973750000000000e+06,1.263642750000000000e+06,1.324261750000000000e+06,1.387359000000000000e+06,1.451230250000000000e+06,1.505193875000000000e+06,1.524664500000000000e+06,1.493409750000000000e+06,1.422937000000000000e+06,1.273804375000000000e+06,8.553663125000000000e+05,2.512650625000000000e+05,9.202875000000000000e+03
6.894805500000000000e+06,6.873273000000000000e+06,6.807101500000000000e+06,6.692865000000000000e+06,6.527257000000000000e+06,6.308657500000000000e+06,6.038174000000000000e+06,5.721030000000000000e+06,5.374219500000000000e+06,5.067231500000000000e+06,4.776729000000000000e+06,4.506611000000000000e+06,4.263524000000000000e+06,4.048999000000000000e+06,3.865025000000000000e+06,3.712422500000000000e+06,3.590067500000000000e+06,3.636632500000000000e+06,3.709120500000000000e+06,3.794591500000000000e+06,3.891983750000000000e+06,3.999743000000000000e+06,4.115792750000000000e+06,4.237215000000000000e+06,4.360536000000000000e+06,4.481572500000000000e+06,4.595272500000000000e+06,4.770682500000000000e+06,4.974689000000000000e+06,5.166459500000000000e+06,5.331305500000000000e+06,5.452049000000000000e+06,5.508554500000000000e+06,5.459967000000000000e+06,5.238017500000000000e+06,4.804221500000000000e+06,4.196753500000000000e+06,3.374694750000000000e+06,2.068974750000000000e+06,5.907350000000000000e+05,2.437207421875000000e+04
4.429156875000000000e+05,4.429838437500000000e+05,4.431755000000000000e+05,4.434594375000000000e+05,4.437905937500000000e+05,4.441135625000000000e+05,4.443657187500000000e+05,4.444808125000000000e+05,4.444015937500000000e+05,4.440824375000000000e+05,4.434881875000000000e+05,4.425906250000000000e+05,4.413246250000000000e+05,4.396110000000000000e+05,4.373815937500000000e+05,4.345523125000000000e+05,4.310113125000000000e+05,4.266517500000000000e+05,4.213564375000000000e+05,4.149880000000000000e+05,4.083795000000000000e+05,4.055364687500000000e+05,4.014459062500000000e+05,3.958639687500000000e+05,3.885540937500000000e+05,3.792865000000000000e+05,3.678527187500000000e+05,3.540784375000000000e+05,3.378175937500000000e+05,3.189610312500000000e+05,2.974532812500000000e+05,2.733575937500000000e+05,2.468520000000000000e+05,2.180866562500000000e+05,1.871843906250000000e+05,1.547988281250000000e+05,1.224839218750000000e+05,9.107528125000000000e+04,5.943683593750000000e+04,3.012959375000000000e+04,1.192910839843750000e+04
4.446854500000000000e+06,4.447497500000000000e+06,4.448558000000000000e+06,4.448462500000000000e+06,4.445432000000000000e+06,4.437655500000000000e+06,4.423438000000000000e+06,4.401424000000000000e+06,4.371675000000000000e+06,4.335252500000000000e+06,4.312688500000000000e+06,4.287380500000000000e+06,4.258487000000000000e+06,4.227754500000000000e+06,4.196944500000000000e+06,4.167331500000000000e+06,4.139468250000000000e+06,4.140852000000000000e+06,4.145976000000000000e+06,4.150371500000000000e+06,4.152767250000000000e+06,4.151085000000000000e+06,4.142504750000000000e+06,4.123903250000000000e+06,4.116824750000000000e+06,4.123071500000000000e+06,4.104173250000000000e+06,4.054606500000000000e+06,3.968729250000000000e+06,3.840477000000000000e+06,3.672650500000000000e+06,3.668316750000000000e+06,3.573578250000000000e+06,3.376750000000000000e+06,3.064971250000000000e+06,2.640528500000000000e+06,2.201410500000000000e+06,1.748731375000000000e+06,1.161074500000000000e+06,4.868201875000000000e+05,8.366882031250000000e+04
8.678375000000000000e+06,8.641409000000000000e+06,8.531557000000000000e+06,8.348475500000000000e+06,8.091874000000000000e+06,7.764100500000000000e+06,7.371770500000000000e+06,6.927294000000000000e+06,6.456250500000000000e+06,5.988885000000000000e+06,5.552501500000000000e+06,5.169327500000000000e+06,4.842951500000000000e+06,4.569022000000000000e+06,4.344026000000000000e+06,4.163056000000000000e+06,4.018842500000000000e+06,3.904202500000000000e+06,3.827414000000000000e+06,3.808698500000000000e+06,3.799275000000000000e+06,3.792324500000000000e+06,3.781920250000000000e+06,3.762046500000000000e+06,3.727848000000000000e+06,3.674816500000000000e+06,3.598926750000000000e+06,3.496986250000000000e+06,3.366132000000000000e+06,3.204089750000000000e+06,3.009225250000000000e+06,2.781046750000000000e+06,2.520388250000000000e+06,2.228511250000000000e+06,1.907166375000000000e+06,1.563351375000000000e+06,1.213504250000000000e+06,8.704914375000000000e+05,5.309753750000000000e+05,2.286997812500000000e+05,5.794304296875000000e+04
3.577434375000000000e+04,3.552598828125000000e+04,3.491852734375000000e+04,3.406052343750000000e+04,3.291764453125000000e+04,3.152823046875000000e+04,2.994048242187500000e+04,2.821515625000000000e+04,2.643568750000000000e+04,2.469430664062500000e+04,2.307960937500000000e+04,2.213063281250000000e+04,2.184954296875000000e+04,2.164681835937500000e+04,2.153891015625000000e+04,2.153625585937500000e+04,2.163812304687500000e+04,2.183708789062500000e+04,2.212152929687500000e+04,2.247658984375000000e+04,2.288295507812500000e+04,2.346793554687500000e+04,2.438523632812500000e+04,2.536058203125000000e+04,2.638814062500000000e+04,2.746477929687500000e+04,2.858981250000000000e+04,2.976600585937500000e+04,3.099528125000000000e+04,3.226883398437500000e+04,3.357375390625000000e+04,3.489509375000000000e+04,3.621277343750000000e+04,3.740325781250000000e+04,3.818892578125000000e+04,3.834324218750000000e+04,3.782855859375000000e+04,3.600956250000000000e+04,3.043125781250000000e+04,2.045321289062500000e+04,1.100912988281250000e+04
2.804361500000000000e+06,2.813348250000000000e+06,2.837362250000000000e+06,2.871833250000000000e+06,2.912051250000000000e+06,2.953248750000000000e+06,3.013231750000000000e+06,3.071116250000000000e+06,3.118222000000000000e+06,3.154630000000000000e+06,3.180545750000000000e+06,3.196145750000000000e+06,3.247744500000000000e+06,3.287707250000000000e+06,3.310107500000000000e+06,3.314441000000000000e+06,3.301463500000000000e+06,3.272090750000000000e+06,3.228754750000000000e+06,3.306177000000000000e+06,3.354064750000000000e+06,3.373633750000000000e+06,3.366169250000000000e+06,3.332881000000000000e+06,3.274550000000000000e+06,3.191828250000000000e+06,3.085192000000000000e+06,2.954932250000000000e+06,2.801472000000000000e+06,2.661557750000000000e+06,2.527561000000000000e+06,2.371632000000000000e+06,2.191908250000000000e+06,1.987455875000000000e+06,1.758477000000000000e+06,1.504993125000000000e+06,1.227840875000000000e+06,9.350404375000000000e+05,6.398747500000000000e+05,3.555399375000000000e+05,1.285110546875000000e+05
7.249379375000000000e+05,7.269759375000000000e+05,7.326070625000000000e+05,7.395772500000000000e+05,7.458417500000000000e+05,7.493887500000000000e+05,7.483258125000000000e+05,7.411185625000000000e+05,7.283315625000000000e+05,7.157549375000000000e+05,6.993026875000000000e+05,6.802463750000000000e+05,6.589526875000000000e+05,6.354305000000000000e+05,6.097783750000000000e+05,5.822980000000000000e+05,5.556787500000000000e+05,5.322622500000000000e+05,5.073757500000000000e+05,4.813320937500000000e+05,4.544371250000000000e+05,4.269702812500000000e+05,3.991789062500000000e+05,3.712876875000000000e+05,3.474387500000000000e+05,3.336925000000000000e+05,3.175184062500000000e+05,2.991897187500000000e+05,2.789753750000000000e+05,2.571301875000000000e+05,2.339129531250000000e+05,2.096007031250000000e+05,1.845080625000000000e+05,1.633382812500000000e+05,1.427922500000000000e+05,1.216646875000000000e+05,1.000615390625000000e+05,7.825262500000000000e+04,5.632284375000000000e+04,3.476190234375000000e+04,1.701268750000000000e+04
9.328673000000000000e+06,9.331778000000000000e+06,9.338844000000000000e+06,9.346275000000000000e+06,9.350304000000000000e+06,9.347123000000000000e+06,9.333004000000000000e+06,9.304652000000000000e+06,9.456857000000000000e+06,9.613550000000000000e+06,9.754144000000000000e+06,9.877256000000000000e+06,9.983335000000000000e+06,1.007389800000000000e+07,1.015086000000000000e+07,1.021727900000000000e+07,1.027746300000000000e+07,1.033585500000000000e+07,1.039650600000000000e+07,1.046282700000000000e+07,1.053813300000000000e+07,1.062501900000000000e+07,1.072543300000000000e+07,1.084104700000000000e+07,1.097210600000000000e+07,1.120418200000000000e+07,1.155538600000000000e+07,1.195308800000000000e+07,1.239924700000000000e+07,1.288533300000000000e+07,1.339879200000000000e+07,1.393253900000000000e+07,1.448121000000000000e+07,1.494482500000000000e+07,1.507884000000000000e+07,1.474073900000000000e+07,1.409406800000000000e+07,1.272592800000000000e+07,8.551112000000000000e+06,2.471935750000000000e+06,7.446491406250000000e+04
9.613978906250000000e+04,9.528857812500000000e+04,9.291778125000000000e+04,8.930892187500000000e+04,8.474762500000000000e+04,7.951788281250000000e+04,7.389670312500000000e+04,6.814842968750000000e+04,6.258502343750000000e+04,5.766640234375000000e+04,5.321302734375000000e+04,4.939072265625000000e+04,4.621969140625000000e+04,4.365596875000000000e+04,4.166295312500000000e+04,4.018912109375000000e+04,3.916604296875000000e+04,3.894656640625000000e+04,3.900531640625000000e+04,3.928830859375000000e+04,3.973786718750000000e+04,4.030351953125000000e+04,4.094101953125000000e+04,4.160319921875000000e+04,4.224662109375000000e+04,4.304269921875000000e+04,4.537317578125000000e+04,4.755908203125000000e+04,4.951873828125000000e+04,5.114175390625000000e+04,5.229806250000000000e+04,5.283562109375000000e+04,5.258946484375000000e+04,5.134652734375000000e+04,5.069364843750000000e+04,4.909937109375000000e+04,4.614488281250000000e+04,4.140208203125000000e+04,3.392280078125000000e+04,2.323511132812500000e+04,1.236834179687500000e+04
5.414995625000000000e+05,5.412146250000000000e+05,5.400247500000000000e+05,5.373931875000000000e+05,5.327726875000000000e+05,5.256470000000000000e+05,5.174850937500000000e+05,5.069840312500000000e+05,4.932507187500000000e+05,4.771242812500000000e+05,4.594128437500000000e+05,4.408340000000000000e+05,4.217617187500000000e+05,4.024227812500000000e+05,3.830558125000000000e+05,3.638927500000000000e+05,3.484525000000000000e+05,3.335306562500000000e+05,3.188966875000000000e+05,3.046026562500000000e+05,2.906896875000000000e+05,2.771595000000000000e+05,2.639787812500000000e+05,2.511072656250000000e+05,2.390084218750000000e+05,2.364868593750000000e+05,2.328620000000000000e+05,2.280811562500000000e+05,2.220947968750000000e+05,2.149074062500000000e+05,2.065269218750000000e+05,1.968090937500000000e+05,1.855336406250000000e+05,1.775472656250000000e+05,1.717254062500000000e+05,1.659275156250000000e+05,1.561237031250000000e+05,1.421314531250000000e+05,1.384995000000000000e+05,1.505276093750000000e+05,1.141753125000000000e+05
4.311796484375000000e+04,4.313393359375000000e+04,4.318004687500000000e+04,4.325259375000000000e+04,4.334689843750000000e+04,4.345781250000000000e+04,4.358010937500000000e+04,4.370922656250000000e+04,4.384505859375000000e+04,4.399079296875000000e+04,4.415089843750000000e+04,4.433046484375000000e+04,4.452942187500000000e+04,4.474537109375000000e+04,4.559233593750000000e+04,4.731527734375000000e+04,4.902455859375000000e+04,5.070855078125000000e+04,5.235608203125000000e+04,5.395647265625000000e+04,5.549784765625000000e+04,5.696906640625000000e+04,5.835939062500000000e+04,5.965756640625000000e+04,6.085571484375000000e+04,6.194655468750000000e+04,6.291835156250000000e+04,6.456858984375000000e+04,6.661933593750000000e+04,6.874797656250000000e+04,7.099973437500000000e+04,7.329645312500000000e+04,7.545972656250000000e+04,7.769196875000000000e+04,8.080907031250000000e+04,8.457555468750000000e+04,8.577750000000000000e+04,8.426839843750000000e+04,9.284414843750000000e+04,1.174063984375000000e+05,9.994331250000000000e+04
2.674907812500000000e+05,2.657638437500000000e+05,2.609604062500000000e+05,2.536623125000000000e+05,2.444565468750000000e+05,2.339193437500000000e+05,2.226040625000000000e+05,2.110322187500000000e+05,1.996837343750000000e+05,1.892155781250000000e+05,1.803983750000000000e+05,1.729606093750000000e+05,1.669612187500000000e+05,1.623309218750000000e+05,1.590183125000000000e+05,1.569357187500000000e+05,1.559379531250000000e+05,1.558852812500000000e+05,1.566427343750000000e+05,1.583824687500000000e+05,1.621729375000000000e+05,1.664167187500000000e+05,1.710288437500000000e+05,1.759179531250000000e+05,1.810026562500000000e+05,1.861981250000000000e+05,1.914023750000000000e+05,1.975574218750000000e+05,2.124886562500000000e+05,2.272349687500000000e+05,2.413292031250000000e+05,2.540903437500000000e+05,2.646290937500000000e+05,2.713386250000000000e+05,2.715742500000000000e+05,2.758305000000000000e+05,2.725189062500000000e+05,2.560759531250000000e+05,2.124436718750000000e+05,1.341229531250000000e+05,5.278195703125000000e+04
3.272168250000000000e+06,3.265470000000000000e+06,3.245887750000000000e+06,3.214139000000000000e+06,3.170890750000000000e+06,3.116783000000000000e+06,3.052452000000000000e+06,2.980767750000000000e+06,2.907658500000000000e+06,2.828248750000000000e+06,2.744139250000000000e+06,2.656944500000000000e+06,2.567993750000000000e+06,2.478503250000000000e+06,2.389732250000000000e+06,2.302710750000000000e+06,2.232701750000000000e+06,2.167595000000000000e+06,2.104446500000000000e+06,2.043318500000000000e+06,1.984242875000000000e+06,1.926911250000000000e+06,1.872103125000000000e+06,1.843159000000000000e+06,1.810959125000000000e+06,1.774348125000000000e+06,1.731936250000000000e+06,1.682055750000000000e+06,1.622954625000000000e+06,1.608861000000000000e+06,1.610195500000000000e+06,1.583439750000000000e+06,1.525061625000000000e+06,1.431725625000000000e+06,1.300153625000000000e+06,1.160145125000000000e+06,1.015140062500000000e+06,8.340513125000000000e+05,6.077262500000000000e+05,3.383449375000000000e+05,1.091527109375000000e+05
4.487880500000000000e+06,4.494504000000000000e+06,4.512310000000000000e+06,4.537941000000000000e+06,4.567826000000000000e+06,4.598332000000000000e+06,4.625899500000000000e+06,4.647394500000000000e+06,4.662440500000000000e+06,4.675210000000000000e+06,4.726268500000000000e+06,4.774594500000000000e+06,4.820364000000000000e+06,4.863387500000000000e+06,4.903812000000000000e+06,4.973390000000000000e+06,5.091145500000000000e+06,5.204119500000000000e+06,5.313301000000000000e+06,5.419479000000000000e+06,5.523370000000000000e+06,5.625589500000000000e+06,6.013522000000000000e+06,6.393656000000000000e+06,6.764330000000000000e+06,7.125543500000000000e+06,7.476360500000000000e+06,7.814626500000000000e+06,8.135891500000000000e+06,8.427466000000000000e+06,8.731363000000000000e+06,9.182499000000000000e+06,9.606830000000000000e+06,9.933097000000000000e+06,1.001092800000000000e+07,9.733713000000000000e+06,9.145315000000000000e+06,8.029326500000000000e+06,5.403111000000000000e+06,1.757374750000000000e+06,1.130123203125000000e+05
5.068101000000000000e+06,5.072826000000000000e+06,5.086009000000000000e+06,5.106043000000000000e+06,5.131197500000000000e+06,5.159663000000000000e+06,5.189592500000000000e+06,5.219210500000000000e+06,5.247524500000000000e+06,5.274050500000000000e+06,5.298390500000000000e+06,5.320188000000000000e+06,5.338729500000000000e+06,5.353174000000000000e+06,5.418208500000000000e+06,5.619731000000000000e+06,5.810468500000000000e+06,5.987919000000000000e+06,6.149471500000000000e+06,6.292251500000000000e+06,6.413253500000000000e+06,6.509091000000000000e+06,6.575973000000000000e+06,6.609855500000000000e+06,6.605895500000000000e+06,6.594172500000000000e+06,6.644831000000000000e+06,6.652352500000000000e+06,6.606043500000000000e+06,6.492966500000000000e+06,6.299765000000000000e+06,6.015350000000000000e+06,5.631273000000000000e+06,5.133419000000000000e+06,4.501816500000000000e+06,3.746757500000000000e+06,2.934785750000000000e+06,2.092265250000000000e+06,1.138658875000000000e+06,2.851575937500000000e+05,8.139016601562500000e+03
1.894979062500000000e+05,1.897160625000000000e+05,1.903617812500000000e+05,1.914202968750000000e+05,1.929378750000000000e+05,1.950897031250000000e+05,1.976584687500000000e+05,2.006234531250000000e+05,2.039676250000000000e+05,2.076780156250000000e+05,2.117456875000000000e+05,2.161633593750000000e+05,2.219150781250000000e+05,2.282441875000000000e+05,2.348443593750000000e+05,2.416694062500000000e+05,2.486719531250000000e+05,2.569096718750000000e+05,2.668771562500000000e+05,2.768690000000000000e+05,2.868262500000000000e+05,2.966893750000000000e+05,3.064158437500000000e+05,3.213204687500000000e+05,3.358572500000000000e+05,3.498860312500000000e+05,3.632083125000000000e+05,3.755440000000000000e+05,3.886625937500000000e+05,4.216837500000000000e+05,4.518202500000000000e+05,4.775329687500000000e+05,4.969044375000000000e+05,5.067461875000000000e+05,5.020954687500000000e+05,4.955181250000000000e+05,4.787716562500000000e+05,4.373817187500000000e+05,3.471182187500000000e+05,2.023977031250000000e+05,7.146598437500000000e+04
2.844476000000000000e+06,2.833513500000000000e+06,2.801922250000000000e+06,2.751429250000000000e+06,2.683636000000000000e+06,2.600203750000000000e+06,2.502995250000000000e+06,2.398182000000000000e+06,2.293964750000000000e+06,2.185511500000000000e+06,2.077395750000000000e+06,1.974031750000000000e+06,1.877830750000000000e+06,1.804346125000000000e+06,1.743429250000000000e+06,1.691086000000000000e+06,1.647720625000000000e+06,1.613640625000000000e+06,1.591982375000000000e+06,1.599801250000000000e+06,1.613302125000000000e+06,1.632156000000000000e+06,1.655829500000000000e+06,1.683596000000000000e+06,1.714609625000000000e+06,1.764387125000000000e+06,1.884875000000000000e+06,2.005217625000000000e+06,2.123768750000000000e+06,2.236598000000000000e+06,2.338348000000000000e+06,2.422867250000000000e+06,2.483115500000000000e+06,2.510386000000000000e+06,2.544234250000000000e+06,2.493851750000000000e+06,2.367620250000000000e+06,2.108072500000000000e+06,1.455775625000000000e+06,5.023062500000000000e+05,4.056477343750000000e+04
3.914555000000000000e+06,3.908072500000000000e+06,3.888914000000000000e+06,3.857498250000000000e+06,3.814232500000000000e+06,3.759524500000000000e+06,3.693795250000000000e+06,3.617550750000000000e+06,3.531970250000000000e+06,3.445755000000000000e+06,3.353841000000000000e+06,3.257149500000000000e+06,3.156779750000000000e+06,3.053705750000000000e+06,2.948891750000000000e+06,2.843121250000000000e+06,2.736943000000000000e+06,2.630887500000000000e+06,2.525261250000000000e+06,2.429245000000000000e+06,2.341008250000000000e+06,2.251460000000000000e+06,2.160112750000000000e+06,2.066475000000000000e+06,1.969858000000000000e+06,1.869560500000000000e+06,1.783410750000000000e+06,1.699094500000000000e+06,1.605010625000000000e+06,1.500446125000000000e+06,1.384927625000000000e+06,1.263811625000000000e+06,1.209438125000000000e+06,1.123766375000000000e+06,1.006967562500000000e+06,8.611291875000000000e+05,7.027006875000000000e+05,5.617093750000000000e+05,4.009131875000000000e+05,2.201086875000000000e+05,7.044080468750000000e+04
1.781829750000000000e+06,1.773085750000000000e+06,1.748410625000000000e+06,1.710020000000000000e+06,1.660021875000000000e+06,1.600479625000000000e+06,1.537115000000000000e+06,1.468719875000000000e+06,1.397151750000000000e+06,1.324955000000000000e+06,1.254819625000000000e+06,1.193896875000000000e+06,1.141570625000000000e+06,1.094142000000000000e+06,1.052118750000000000e+06,1.015558687500000000e+06,9.939830000000000000e+05,9.763383750000000000e+05,9.607551875000000000e+05,9.463353750000000000e+05,9.320540625000000000e+05,9.264844375000000000e+05,9.232118125000000000e+05,9.153876875000000000e+05,9.022375625000000000e+05,8.830081250000000000e+05,8.570507500000000000e+05,8.285067500000000000e+05,8.294257500000000000e+05,8.163080625000000000e+05,7.884631875000000000e+05,7.456746875000000000e+05,6.883230625000000000e+05,6.166527500000000000e+05,5.310935000000000000e+05,4.543820937500000000e+05,3.705954687500000000e+05,2.806914375000000000e+05,1.744407500000000000e+05,6.465901562500000000e+04,1.021997558593750000e+04
1.515237968750000000e+05,1.514441093750000000e+05,1.515511406250000000e+05,1.523879375000000000e+05,1.534170000000000000e+05,1.545509531250000000e+05,1.557023437500000000e+05,1.567923750000000000e+05,1.578159843750000000e+05,1.588142500000000000e+05,1.598334218750000000e+05,1.609208281250000000e+05,1.620935625000000000e+05,1.633564687500000000e+05,1.647204531250000000e+05,1.661980468750000000e+05,1.678003593750000000e+05,1.695409062500000000e+05,1.714247812500000000e+05,1.734417500000000000e+05,1.755793750000000000e+05,1.778116406250000000e+05,1.817729062500000000e+05,1.872018906250000000e+05,1.929410625000000000e+05,1.989039062500000000e+05,2.049638281250000000e+05,2.109384687500000000e+05,2.165998593750000000e+05,2.216131406250000000e+05,2.255733750000000000e+05,2.279147343750000000e+05,2.279379843750000000e+05,2.248027968750000000e+05,2.175260625000000000e+05,2.049822656250000000e+05,1.858495312500000000e+05,1.593335000000000000e+05,1.255528593750000000e+05,8.558561718750000000e+04,4.331830859375000000e+04
1.286684250000000000e+06,1.281620750000000000e+06,1.266696875000000000e+06,1.248008250000000000e+06,1.222464500000000000e+06,1.188629375000000000e+06,1.146439000000000000e+06,1.096347000000000000e+06,1.040598625000000000e+06,9.822725000000000000e+05,9.242321875000000000e+05,8.689452500000000000e+05,8.175753750000000000e+05,7.706953750000000000e+05,7.288700625000000000e+05,7.079269375000000000e+05,6.977636875000000000e+05,6.907630000000000000e+05,6.872315000000000000e+05,6.871275000000000000e+05,6.903488125000000000e+05,6.967145625000000000e+05,7.059546250000000000e+05,7.177343750000000000e+05,7.316437500000000000e+05,7.471943750000000000e+05,7.638277500000000000e+05,7.908766250000000000e+05,8.267225000000000000e+05,8.641526250000000000e+05,9.014120000000000000e+05,9.365624375000000000e+05,9.672806250000000000e+05,9.859186875000000000e+05,9.770754375000000000e+05,9.312463750000000000e+05,8.561824375000000000e+05,7.338718125000000000e+05,4.730802812500000000e+05,1.359777343750000000e+05,5.924431640625000000e+03
9.639622000000000000e+06,9.648693000000000000e+06,9.673496000000000000e+06,9.710262000000000000e+06,9.755083000000000000e+06,9.803973000000000000e+06,1.007288600000000000e+07,1.036013300000000000e+07,1.065053200000000000e+07,1.093364300000000000e+07,1.119921300000000000e+07,1.143801000000000000e+07,1.164742500000000000e+07,1.182837100000000000e+07,1.198212900000000000e+07,1.211167400000000000e+07,1.222203000000000000e+07,1.231843300000000000e+07,1.240609200000000000e+07,1.249010800000000000e+07,1.257549900000000000e+07,1.266636000000000000e+07,1.276596800000000000e+07,1.288822300000000000e+07,1.317423000000000000e+07,1.349709200000000000e+07,1.386104300000000000e+07,1.427012900000000000e+07,1.472621700000000000e+07,1.521811500000000000e+07,1.572985700000000000e+07,1.625169700000000000e+07,1.677572000000000000e+07,1.718416800000000000e+07,1.719501400000000000e+07,1.665337400000000000e+07,1.576430800000000000e+07,1.408074300000000000e+07,9.308775000000000000e+06,2.594289000000000000e+06,6.349276171875000000e+04
4.712791500000000000e+06,4.718542500000000000e+06,4.731451500000000000e+06,4.744489000000000000e+06,4.750261000000000000e+06,4.774819000000000000e+06,4.808236000000000000e+06,4.811100500000000000e+06,4.780089000000000000e+06,4.716159500000000000e+06,4.621046500000000000e+06,4.497099500000000000e+06,4.463665500000000000e+06,4.476304500000000000e+06,4.434638000000000000e+06,4.343352500000000000e+06,4.210429000000000000e+06,4.044069500000000000e+06,3.852024000000000000e+06,3.641247500000000000e+06,3.418057500000000000e+06,3.187680500000000000e+06,2.954320750000000000e+06,2.753234750000000000e+06,2.567087000000000000e+06,2.381393750000000000e+06,2.196966000000000000e+06,2.014143125000000000e+06,1.833177000000000000e+06,1.654083875000000000e+06,1.476877000000000000e+06,1.301602875000000000e+06,1.128521500000000000e+06,9.582200000000000000e+05,7.914688125000000000e+05,6.297176250000000000e+05,4.764667812500000000e+05,3.354986250000000000e+05,2.063040000000000000e+05,9.523782031250000000e+04,2.876226953125000000e+04
1.110533125000000000e+06,1.110437625000000000e+06,1.110150000000000000e+06,1.109665125000000000e+06,1.108974000000000000e+06,1.108065000000000000e+06,1.106926000000000000e+06,1.105557125000000000e+06,1.104078375000000000e+06,1.102682875000000000e+06,1.110981250000000000e+06,1.125057250000000000e+06,1.140639625000000000e+06,1.157787375000000000e+06,1.176573125000000000e+06,1.197059750000000000e+06,1.219288250000000000e+06,1.243305125000000000e+06,1.269101375000000000e+06,1.296575625000000000e+06,1.325604875000000000e+06,1.355935500000000000e+06,1.387178875000000000e+06,1.418846625000000000e+06,1.450091625000000000e+06,1.479867500000000000e+06,1.506778250000000000e+06,1.528954500000000000e+06,1.544094500000000000e+06,1.575019125000000000e+06,1.601396750000000000e+06,1.614032625000000000e+06,1.607704125000000000e+06,1.571818000000000000e+06,1.488771375000000000e+06,1.349725625000000000e+06,1.167348625000000000e+06,9.321575625000000000e+05,5.716835625000000000e+05,1.674539375000000000e+05,9.130894531250000000e+03
5.011737500000000000e+06,5.000575000000000000e+06,4.967844500000000000e+06,4.914680500000000000e+06,4.842227000000000000e+06,4.751639500000000000e+06,4.644098500000000000e+06,4.520906500000000000e+06,4.384387000000000000e+06,4.237443500000000000e+06,4.082949750000000000e+06,3.923641500000000000e+06,3.773725000000000000e+06,3.634155500000000000e+06,3.493198000000000000e+06,3.351789500000000000e+06,3.210418000000000000e+06,3.069574750000000000e+06,2.929478000000000000e+06,2.789941000000000000e+06,2.650778750000000000e+06,2.511661750000000000e+06,2.372146500000000000e+06,2.231840500000000000e+06,2.122089250000000000e+06,2.047928500000000000e+06,1.961969875000000000e+06,1.863966875000000000e+06,1.753851875000000000e+06,1.631874125000000000e+06,1.498549500000000000e+06,1.354726875000000000e+06,1.201760750000000000e+06,1.043184000000000000e+06,9.115019375000000000e+05,7.746406875000000000e+05,6.320123125000000000e+05,4.859715625000000000e+05,3.419269687500000000e+05,2.028694687500000000e+05,8.276446875000000000e+04
2.738026875000000000e+05,2.734941875000000000e+05,2.724873750000000000e+05,2.706089062500000000e+05,2.676641250000000000e+05,2.643028750000000000e+05,2.605737500000000000e+05,2.553618593750000000e+05,2.489284218750000000e+05,2.417494218750000000e+05,2.372229687500000000e+05,2.326126406250000000e+05,2.281082031250000000e+05,2.238185781250000000e+05,2.209635625000000000e+05,2.210647343750000000e+05,2.210532968750000000e+05,2.209890781250000000e+05,2.208685312500000000e+05,2.206168125000000000e+05,2.201233281250000000e+05,2.252955781250000000e+05,2.330569531250000000e+05,2.394858281250000000e+05,2.444827968750000000e+05,2.479212500000000000e+05,2.496475937500000000e+05,2.494896718750000000e+05,2.472786406250000000e+05,2.428870156250000000e+05,2.362036562500000000e+05,2.326420937500000000e+05,2.277942187500000000e+05,2.207806875000000000e+05,2.121102656250000000e+05,2.010929375000000000e+05,1.842089062500000000e+05,1.614170937500000000e+05,1.436598437500000000e+05,1.322911093750000000e+05,8.770679687500000000e+04
3.058522750000000000e+06,3.059186250000000000e+06,3.061004000000000000e+06,3.063512750000000000e+06,3.066062000000000000e+06,3.067907750000000000e+06,3.071192500000000000e+06,3.078756000000000000e+06,3.083797000000000000e+06,3.085634750000000000e+06,3.083882000000000000e+06,3.085791250000000000e+06,3.097014250000000000e+06,3.100372750000000000e+06,3.094299500000000000e+06,3.077436250000000000e+06,3.076451750000000000e+06,3.066561000000000000e+06,3.038693250000000000e+06,2.992476500000000000e+06,2.927677250000000000e+06,2.871104000000000000e+06,2.812375500000000000e+06,2.729866750000000000e+06,2.624963750000000000e+06,2.499279250000000000e+06,2.354638000000000000e+06,2.207539250000000000e+06,2.140441000000000000e+06,2.037738250000000000e+06,1.902001250000000000e+06,1.736631750000000000e+06,1.546132125000000000e+06,1.334982125000000000e+06,1.117025875000000000e+06,9.243691875000000000e+05,7.273792500000000000e+05,5.299340625000000000e+05,3.197883750000000000e+05,1.169381015625000000e+05,1.664593359375000000e+04
1.512279000000000000e+06,1.513083250000000000e+06,1.514793000000000000e+06,1.516252500000000000e+06,1.516224500000000000e+06,1.513455625000000000e+06,1.506735875000000000e+06,1.495048250000000000e+06,1.478501250000000000e+06,1.458851000000000000e+06,1.438919125000000000e+06,1.416312750000000000e+06,1.391509250000000000e+06,1.364889500000000000e+06,1.336911375000000000e+06,1.312330750000000000e+06,1.290491500000000000e+06,1.268148000000000000e+06,1.245725375000000000e+06,1.223440000000000000e+06,1.203382625000000000e+06,1.193837000000000000e+06,1.183368500000000000e+06,1.171770750000000000e+06,1.158485375000000000e+06,1.142791750000000000e+06,1.139305625000000000e+06,1.134731625000000000e+06,1.122323375000000000e+06,1.099942125000000000e+06,1.065301375000000000e+06,1.051555500000000000e+06,1.054237875000000000e+06,1.024541187500000000e+06,9.543766875000000000e+05,8.416301250000000000e+05,7.150668125000000000e+05,5.823970625000000000e+05,3.813390625000000000e+05,1.355457812500000000e+05,1.338106738281250000e+04
2.208334000000000000e+06,2.219646750000000000e+06,2.254049750000000000e+06,2.306396500000000000e+06,2.372546000000000000e+06,2.448305000000000000e+06,2.529434750000000000e+06,2.631684000000000000e+06,2.736142750000000000e+06,2.838754000000000000e+06,2.947938500000000000e+06,3.088877750000000000e+06,3.222951250000000000e+06,3.348175500000000000e+06,3.490962750000000000e+06,3.669146750000000000e+06,3.830593250000000000e+06,3.975971500000000000e+06,4.106328000000000000e+06,4.270275000000000000e+06,4.610451000000000000e+06,4.925671000000000000e+06,5.219394000000000000e+06,5.495327000000000000e+06,5.756660500000000000e+06,6.006481500000000000e+06,6.247757500000000000e+06,6.483240500000000000e+06,6.735898500000000000e+06,7.136821000000000000e+06,7.563793500000000000e+06,8.020172000000000000e+06,8.512731000000000000e+06,8.992756000000000000e+06,9.320104000000000000e+06,9.407922000000000000e+06,9.354098000000000000e+06,8.856674000000000000e+06,6.353339000000000000e+06,2.110448750000000000e+06,1.245328359375000000e+05
1.929085156250000000e+05,1.930971406250000000e+05,1.935760781250000000e+05,1.951823437500000000e+05,1.972180937500000000e+05,1.992947812500000000e+05,2.011752187500000000e+05,2.026527343750000000e+05,2.037348125000000000e+05,2.045559687500000000e+05,2.052556562500000000e+05,2.059646875000000000e+05,2.067210156250000000e+05,2.075203437500000000e+05,2.136059687500000000e+05,2.219558125000000000e+05,2.301980937500000000e+05,2.383688906250000000e+05,2.464903750000000000e+05,2.545589687500000000e+05,2.625639687500000000e+05,2.704835312500000000e+05,2.782817812500000000e+05,2.859043750000000000e+05,2.932393437500000000e+05,3.001412500000000000e+05,3.119124375000000000e+05,3.243383437500000000e+05,3.364898750000000000e+05,3.476849687500000000e+05,3.570598750000000000e+05,3.636100625000000000e+05,3.661703437500000000e+05,3.623117187500000000e+05,3.479402812500000000e+05,3.208637500000000000e+05,2.835673750000000000e+05,2.333511406250000000e+05,1.527504531250000000e+05,5.701057421875000000e+04,9.914724609375000000e+03
2.313918906250000000e+05,2.314353750000000000e+05,2.315171562500000000e+05,2.315496093750000000e+05,2.314341093750000000e+05,2.310706562500000000e+05,2.303659375000000000e+05,2.292506875000000000e+05,2.295920625000000000e+05,2.298161250000000000e+05,2.299540625000000000e+05,2.301498125000000000e+05,2.304624531250000000e+05,2.309164687500000000e+05,2.346468437500000000e+05,2.391571718750000000e+05,2.437219843750000000e+05,2.483757656250000000e+05,2.531373906250000000e+05,2.579962031250000000e+05,2.711317187500000000e+05,2.898736562500000000e+05,3.081897500000000000e+05,3.260197812500000000e+05,3.432571875000000000e+05,3.597505937500000000e+05,3.752794687500000000e+05,3.895377500000000000e+05,4.029840937500000000e+05,4.246311562500000000e+05,4.450592812500000000e+05,4.630137812500000000e+05,4.769550937500000000e+05,4.833303750000000000e+05,4.757453125000000000e+05,4.500441250000000000e+05,4.085926250000000000e+05,3.453476562500000000e+05,2.292860000000000000e+05,8.183441406250000000e+04,1.090444140625000000e+04
8.742686875000000000e+05,8.778456875000000000e+05,8.879458125000000000e+05,9.036343750000000000e+05,9.239818125000000000e+05,9.480526875000000000e+05,9.786233125000000000e+05,1.017919687500000000e+06,1.058574750000000000e+06,1.099394500000000000e+06,1.139141375000000000e+06,1.181825250000000000e+06,1.237187750000000000e+06,1.287530875000000000e+06,1.331860625000000000e+06,1.369468500000000000e+06,1.400037875000000000e+06,1.423296250000000000e+06,1.481141000000000000e+06,1.545825000000000000e+06,1.598064500000000000e+06,1.637864125000000000e+06,1.665167125000000000e+06,1.679890875000000000e+06,1.681671250000000000e+06,1.670068750000000000e+06,1.644532875000000000e+06,1.604386000000000000e+06,1.549034375000000000e+06,1.490431500000000000e+06,1.438273500000000000e+06,1.371091750000000000e+06,1.287296625000000000e+06,1.185633500000000000e+06,1.065305250000000000e+06,9.256230000000000000e+05,7.668836875000000000e+05,5.931129375000000000e+05,4.097768750000000000e+05,2.255379218750000000e+05,7.999992968750000000e+04
2.375994687500000000e+05,2.369043437500000000e+05,2.349019531250000000e+05,2.317127343750000000e+05,2.274540937500000000e+05,2.222432500000000000e+05,2.175056093750000000e+05,2.122252343750000000e+05,2.064356562500000000e+05,2.003379531250000000e+05,1.941420625000000000e+05,1.880545000000000000e+05,1.821949843750000000e+05,1.766444375000000000e+05,1.714909843750000000e+05,1.667865625000000000e+05,1.638272656250000000e+05,1.660974375000000000e+05,1.683368281250000000e+05,1.705141562500000000e+05,1.725820625000000000e+05,1.744684062500000000e+05,1.760737031250000000e+05,1.772811562500000000e+05,1.779613281250000000e+05,1.779715625000000000e+05,1.771604062500000000e+05,1.765550468750000000e+05,1.775970937500000000e+05,1.777102812500000000e+05,1.766851562500000000e+05,1.742144687500000000e+05,1.699239062500000000e+05,1.637075156250000000e+05,1.558400937500000000e+05,1.458885468750000000e+05,1.318547343750000000e+05,1.139412031250000000e+05,9.850588281250000000e+04,8.603596875000000000e+04,5.654241796875000000e+04
8.495532500000000000e+05,8.462975000000000000e+05,8.370031250000000000e+05,8.239838750000000000e+05,8.071051875000000000e+05,7.863851875000000000e+05,7.622748125000000000e+05,7.353101250000000000e+05,7.062969375000000000e+05,6.762516875000000000e+05,6.497145625000000000e+05,6.268288125000000000e+05,6.049656250000000000e+05,5.846606250000000000e+05,5.664639375000000000e+05,5.507491250000000000e+05,5.425980625000000000e+05,5.391749375000000000e+05,5.375823750000000000e+05,5.378296875000000000e+05,5.398530000000000000e+05,5.435241875000000000e+05,5.486557500000000000e+05,5.550101250000000000e+05,5.770035625000000000e+05,6.075847500000000000e+05,6.384859375000000000e+05,6.693082500000000000e+05,6.993989375000000000e+05,7.274041250000000000e+05,7.515523750000000000e+05,7.697161250000000000e+05,7.794274375000000000e+05,7.849971875000000000e+05,7.872498125000000000e+05,7.650736875000000000e+05,7.186686875000000000e+05,6.339492500000000000e+05,4.528620625000000000e+05,1.901686093750000000e+05,3.351505078125000000e+04
3.460044250000000000e+06,3.466178500000000000e+06,3.481769750000000000e+06,3.502218500000000000e+06,3.522599750000000000e+06,3.554120500000000000e+06,3.582718000000000000e+06,3.596586500000000000e+06,3.592890500000000000e+06,3.576203750000000000e+06,3.580071000000000000e+06,3.560543000000000000e+06,3.517863250000000000e+06,3.453001250000000000e+06,3.403058250000000000e+06,3.354825250000000000e+06,3.281487500000000000e+06,3.187288000000000000e+06,3.076337000000000000e+06,2.952423750000000000e+06,2.854874750000000000e+06,2.831806500000000000e+06,2.782794750000000000e+06,2.712386500000000000e+06,2.623901750000000000e+06,2.519966750000000000e+06,2.402457250000000000e+06,2.272486000000000000e+06,2.130901000000000000e+06,1.978122125000000000e+06,1.829936750000000000e+06,1.702012625000000000e+06,1.562538750000000000e+06,1.410249750000000000e+06,1.244350875000000000e+06,1.064108875000000000e+06,8.697790000000000000e+05,6.655110000000000000e+05,4.573122187500000000e+05,2.540996875000000000e+05,9.307689843750000000e+04
8.636164000000000000e+06,8.644649000000000000e+06,8.667057000000000000e+06,8.698380000000000000e+06,8.733370000000000000e+06,8.766889000000000000e+06,8.794197000000000000e+06,8.811606000000000000e+06,8.820901000000000000e+06,9.078208000000000000e+06,9.384630000000000000e+06,9.695370000000000000e+06,1.000994000000000000e+07,1.032500200000000000e+07,1.063727900000000000e+07,1.094473300000000000e+07,1.124672800000000000e+07,1.154230700000000000e+07,1.182975000000000000e+07,1.210633100000000000e+07,1.236873400000000000e+07,1.265436000000000000e+07,1.308418000000000000e+07,1.350668100000000000e+07,1.391227000000000000e+07,1.428956400000000000e+07,1.462385700000000000e+07,1.489575900000000000e+07,1.508178800000000000e+07,1.514620700000000000e+07,1.504846300000000000e+07,1.474911100000000000e+07,1.421040100000000000e+07,1.336017300000000000e+07,1.208782400000000000e+07,1.038498400000000000e+07,8.437422000000000000e+06,6.260295000000000000e+06,3.471061500000000000e+06,8.305001250000000000e+05,1.368907421875000000e+04
2.579407500000000000e+06,2.575095250000000000e+06,2.562423500000000000e+06,2.541762500000000000e+06,2.513455500000000000e+06,2.477832000000000000e+06,2.435220000000000000e+06,2.425896750000000000e+06,2.413106250000000000e+06,2.396165250000000000e+06,2.374911000000000000e+06,2.349376500000000000e+06,2.319809000000000000e+06,2.286647750000000000e+06,2.250506250000000000e+06,2.212131750000000000e+06,2.172353750000000000e+06,2.132085000000000000e+06,2.092221500000000000e+06,2.053565500000000000e+06,2.016912875000000000e+06,1.982940125000000000e+06,1.952200375000000000e+06,1.933882875000000000e+06,1.941998500000000000e+06,1.956793375000000000e+06,1.978707375000000000e+06,2.008243500000000000e+06,2.045677375000000000e+06,2.089837750000000000e+06,2.139106250000000000e+06,2.193016500000000000e+06,2.251676000000000000e+06,2.301681250000000000e+06,2.309362500000000000e+06,2.256321000000000000e+06,2.167552250000000000e+06,1.982015500000000000e+06,1.387606500000000000e+06,4.774444687500000000e+05,4.378444531250000000e+04
3.141489500000000000e+06,3.156541000000000000e+06,3.196826250000000000e+06,3.254715750000000000e+06,3.322271250000000000e+06,3.393872000000000000e+06,3.471968250000000000e+06,3.535682250000000000e+06,3.582651500000000000e+06,3.625654750000000000e+06,3.673008250000000000e+06,3.705527250000000000e+06,3.722218250000000000e+06,3.754534750000000000e+06,3.784327000000000000e+06,3.788871500000000000e+06,3.769619750000000000e+06,3.761893000000000000e+06,3.769328250000000000e+06,3.747342500000000000e+06,3.698098500000000000e+06,3.623832750000000000e+06,3.526743000000000000e+06,3.561970500000000000e+06,3.583664500000000000e+06,3.559834000000000000e+06,3.493056000000000000e+06,3.385584000000000000e+06,3.239624500000000000e+06,3.057090750000000000e+06,2.840143000000000000e+06,2.625862250000000000e+06,2.423613250000000000e+06,2.191281750000000000e+06,1.927169875000000000e+06,1.632828750000000000e+06,1.316851875000000000e+06,9.874941250000000000e+05,6.417977500000000000e+05,3.076988125000000000e+05,8.900876562500000000e+04
4.754765000000000000e+05,4.743810000000000000e+05,4.711455937500000000e+05,4.658440937500000000e+05,4.585495000000000000e+05,4.493375937500000000e+05,4.382904062500000000e+05,4.255120312500000000e+05,4.112485312500000000e+05,3.958261250000000000e+05,3.795678125000000000e+05,3.627838125000000000e+05,3.457270937500000000e+05,3.297874375000000000e+05,3.153140937500000000e+05,3.009400937500000000e+05,2.867900312500000000e+05,2.729863125000000000e+05,2.596163437500000000e+05,2.467172343750000000e+05,2.343213281250000000e+05,2.224290312500000000e+05,2.110132187500000000e+05,2.000434062500000000e+05,1.956111718750000000e+05,1.920347812500000000e+05,1.879445625000000000e+05,1.832935468750000000e+05,1.780371406250000000e+05,1.721725156250000000e+05,1.656942343750000000e+05,1.584480468750000000e+05,1.501972968750000000e+05,1.448043906250000000e+05,1.413595156250000000e+05,1.382946250000000000e+05,1.319639531250000000e+05,1.221801015625000000e+05,1.226179843750000000e+05,1.391888281250000000e+05,1.096339140625000000e+05
6.374827500000000000e+06,6.365375500000000000e+06,6.353560000000000000e+06,6.361428000000000000e+06,6.370732500000000000e+06,6.380009500000000000e+06,6.387646000000000000e+06,6.392024500000000000e+06,6.391942000000000000e+06,6.386742000000000000e+06,6.376283000000000000e+06,6.360963500000000000e+06,6.341427500000000000e+06,6.318640500000000000e+06,6.294014500000000000e+06,6.269104000000000000e+06,6.245391000000000000e+06,6.224525500000000000e+06,6.208016000000000000e+06,6.196981500000000000e+06,6.259917000000000000e+06,6.373066500000000000e+06,6.503165500000000000e+06,6.650607500000000000e+06,6.815354000000000000e+06,6.997211000000000000e+06,7.195638000000000000e+06,7.409561500000000000e+06,7.636430500000000000e+06,7.867179000000000000e+06,8.089809500000000000e+06,8.291380500000000000e+06,8.456697000000000000e+06,8.527655000000000000e+06,8.385993500000000000e+06,7.960971500000000000e+06,7.308571500000000000e+06,6.277783000000000000e+06,4.152259000000000000e+06,1.370184125000000000e+06,1.110523750000000000e+05
4.953756500000000000e+06,4.937501500000000000e+06,4.890535500000000000e+06,4.815372500000000000e+06,4.714435500000000000e+06,4.590231000000000000e+06,4.451741000000000000e+06,4.315892000000000000e+06,4.167366750000000000e+06,4.013001500000000000e+06,3.859657500000000000e+06,3.713791000000000000e+06,3.578743000000000000e+06,3.456455250000000000e+06,3.371554000000000000e+06,3.324596250000000000e+06,3.289939000000000000e+06,3.268216000000000000e+06,3.259424000000000000e+06,3.262497250000000000e+06,3.276176750000000000e+06,3.361993250000000000e+06,3.550844000000000000e+06,3.739343750000000000e+06,3.924939000000000000e+06,4.104043250000000000e+06,4.271851500000000000e+06,4.422220000000000000e+06,4.547352000000000000e+06,4.635387500000000000e+06,4.756446000000000000e+06,4.879833500000000000e+06,4.943391500000000000e+06,4.909510000000000000e+06,4.715859000000000000e+06,4.327876000000000000e+06,3.783072000000000000e+06,3.045258750000000000e+06,1.867466750000000000e+06,5.353524375000000000e+05,2.328416406250000000e+04
1.591100312500000000e+05,1.589411250000000000e+05,1.584328906250000000e+05,1.575805781250000000e+05,1.563772656250000000e+05,1.548149531250000000e+05,1.528856406250000000e+05,1.505853281250000000e+05,1.482964218750000000e+05,1.457611250000000000e+05,1.429805625000000000e+05,1.399957343750000000e+05,1.368390937500000000e+05,1.335400312500000000e+05,1.301299453125000000e+05,1.266366640625000000e+05,1.230820937500000000e+05,1.199647187500000000e+05,1.171902734375000000e+05,1.143341718750000000e+05,1.113994921875000000e+05,1.083819531250000000e+05,1.052703984375000000e+05,1.020528984375000000e+05,9.943729687500000000e+04,9.734352343750000000e+04,9.494286718750000000e+04,9.220157812500000000e+04,8.909011718750000000e+04,8.559610156250000000e+04,8.363114843750000000e+04,8.430360937500000000e+04,8.373578125000000000e+04,8.196667968750000000e+04,7.932781250000000000e+04,7.559944531250000000e+04,7.330055468750000000e+04,6.964753125000000000e+04,7.120317187500000000e+04,8.241674218750000000e+04,6.806879687500000000e+04
4.314130500000000000e+06,4.315080000000000000e+06,4.315426500000000000e+06,4.311199500000000000e+06,4.298288000000000000e+06,4.272628000000000000e+06,4.230382000000000000e+06,4.168451000000000000e+06,4.087758000000000000e+06,3.991489250000000000e+06,3.882806250000000000e+06,3.764609750000000000e+06,3.659682500000000000e+06,3.547939500000000000e+06,3.428318250000000000e+06,3.301842000000000000e+06,3.169683250000000000e+06,3.033028250000000000e+06,2.892780750000000000e+06,2.749454250000000000e+06,2.623384750000000000e+06,2.504544250000000000e+06,2.379402000000000000e+06,2.248324750000000000e+06,2.111588500000000000e+06,1.969509250000000000e+06,1.822503125000000000e+06,1.682919000000000000e+06,1.606822375000000000e+06,1.510304250000000000e+06,1.394543750000000000e+06,1.261477625000000000e+06,1.113927375000000000e+06,9.547073750000000000e+05,7.936080000000000000e+05,6.524401875000000000e+05,5.103525625000000000e+05,3.698277500000000000e+05,2.211406718750000000e+05,7.939753906250000000e+04,1.149417382812500000e+04
4.920402000000000000e+06,4.923755000000000000e+06,4.933199000000000000e+06,4.947753000000000000e+06,4.966389000000000000e+06,4.988063000000000000e+06,5.011745000000000000e+06,5.036532500000000000e+06,5.062556000000000000e+06,5.090580000000000000e+06,5.131812500000000000e+06,5.195525500000000000e+06,5.263525500000000000e+06,5.335049500000000000e+06,5.409352500000000000e+06,5.485453000000000000e+06,5.561996000000000000e+06,5.637523500000000000e+06,5.710126500000000000e+06,5.802185000000000000e+06,5.929127000000000000e+06,6.043969000000000000e+06,6.142305500000000000e+06,6.219276500000000000e+06,6.268996000000000000e+06,6.285063000000000000e+06,6.260498000000000000e+06,6.305348500000000000e+06,6.475836500000000000e+06,6.559481500000000000e+06,6.538100500000000000e+06,6.394859000000000000e+06,6.115951500000000000e+06,5.684681500000000000e+06,5.117985000000000000e+06,4.562847000000000000e+06,3.876261500000000000e+06,3.049580000000000000e+06,1.972006500000000000e+06,7.668472500000000000e+05,1.072152812500000000e+05
4.557887500000000000e+06,4.566381000000000000e+06,4.588255500000000000e+06,4.617972500000000000e+06,4.732920500000000000e+06,4.884553000000000000e+06,5.028790500000000000e+06,5.151313500000000000e+06,5.250247000000000000e+06,5.331360500000000000e+06,5.400697500000000000e+06,5.463791500000000000e+06,5.521294000000000000e+06,5.571529500000000000e+06,5.613052000000000000e+06,5.645982000000000000e+06,5.672347000000000000e+06,5.694333500000000000e+06,5.713772000000000000e+06,5.731948500000000000e+06,5.779817000000000000e+06,5.881204000000000000e+06,5.992235000000000000e+06,6.114515500000000000e+06,6.248975000000000000e+06,6.396368000000000000e+06,6.557188500000000000e+06,6.731461500000000000e+06,6.917745500000000000e+06,7.107744000000000000e+06,7.290330000000000000e+06,7.455893500000000000e+06,7.594603500000000000e+06,7.648845500000000000e+06,7.493731500000000000e+06,7.069119500000000000e+06,6.476149000000000000e+06,5.561067000000000000e+06,3.507912250000000000e+06,9.209173750000000000e+05,2.089725390625000000e+04
2.387147250000000000e+06,2.380966250000000000e+06,2.362949500000000000e+06,2.333802500000000000e+06,2.294163500000000000e+06,2.244654750000000000e+06,2.185929000000000000e+06,2.118785500000000000e+06,2.044925375000000000e+06,1.966578500000000000e+06,1.885990875000000000e+06,1.805333500000000000e+06,1.726185625000000000e+06,1.649847750000000000e+06,1.577624750000000000e+06,1.510510125000000000e+06,1.487837125000000000e+06,1.479861125000000000e+06,1.474289125000000000e+06,1.471682750000000000e+06,1.472574375000000000e+06,1.477302250000000000e+06,1.485989750000000000e+06,1.498662375000000000e+06,1.515091500000000000e+06,1.534885625000000000e+06,1.557481125000000000e+06,1.599498500000000000e+06,1.664567375000000000e+06,1.734926500000000000e+06,1.807905000000000000e+06,1.880310000000000000e+06,1.948091750000000000e+06,1.998059000000000000e+06,2.003545000000000000e+06,1.945136875000000000e+06,1.827462125000000000e+06,1.611176750000000000e+06,1.128938000000000000e+06,4.463353125000000000e+05,6.854617187500000000e+04
1.069319250000000000e+06,1.068804750000000000e+06,1.066961750000000000e+06,1.063290000000000000e+06,1.057253250000000000e+06,1.048316750000000000e+06,1.035981437500000000e+06,1.019856250000000000e+06,1.000082187500000000e+06,9.771251875000000000e+05,9.514948125000000000e+05,9.237356875000000000e+05,8.944266875000000000e+05,8.693016250000000000e+05,8.457705000000000000e+05,8.216565625000000000e+05,7.975308750000000000e+05,7.739368750000000000e+05,7.512973750000000000e+05,7.298755625000000000e+05,7.099002500000000000e+05,6.914486250000000000e+05,6.744680625000000000e+05,6.588619375000000000e+05,6.659695625000000000e+05,6.754774375000000000e+05,6.842959375000000000e+05,6.917010625000000000e+05,6.967732500000000000e+05,6.981099375000000000e+05,6.940565625000000000e+05,6.827307500000000000e+05,6.621423750000000000e+05,6.442637500000000000e+05,6.200112500000000000e+05,5.788566250000000000e+05,5.192935937500000000e+05,4.366232500000000000e+05,3.147063125000000000e+05,1.595504375000000000e+05,4.593658984375000000e+04
2.517240750000000000e+06,2.519026500000000000e+06,2.523305500000000000e+06,2.528274250000000000e+06,2.531969250000000000e+06,2.532367250000000000e+06,2.529466750000000000e+06,2.540054750000000000e+06,2.542788750000000000e+06,2.537260500000000000e+06,2.523342250000000000e+06,2.501176250000000000e+06,2.484145250000000000e+06,2.487167750000000000e+06,2.479091750000000000e+06,2.460914250000000000e+06,2.434251250000000000e+06,2.400841250000000000e+06,2.374025000000000000e+06,2.446650750000000000e+06,2.504277000000000000e+06,2.549729000000000000e+06,2.585767000000000000e+06,2.614906500000000000e+06,2.639010750000000000e+06,2.659543250000000000e+06,2.677315250000000000e+06,2.692307250000000000e+06,2.734312000000000000e+06,2.808067500000000000e+06,2.880193000000000000e+06,2.945126500000000000e+06,2.995723750000000000e+06,3.011329500000000000e+06,2.951948000000000000e+06,2.791078000000000000e+06,2.542147500000000000e+06,2.158717250000000000e+06,1.422297000000000000e+06,4.730464062500000000e+05,3.933545703125000000e+04
5.661110625000000000e+05,5.655618125000000000e+05,5.638085625000000000e+05,5.606516250000000000e+05,5.558663750000000000e+05,5.492381875000000000e+05,5.405911250000000000e+05,5.298508125000000000e+05,5.177292187500000000e+05,5.056151562500000000e+05,4.931428750000000000e+05,4.809620937500000000e+05,4.694269062500000000e+05,4.587622500000000000e+05,4.496363750000000000e+05,4.439663437500000000e+05,4.395188750000000000e+05,4.364160312500000000e+05,4.347025625000000000e+05,4.342991250000000000e+05,4.387364062500000000e+05,4.450630312500000000e+05,4.520556875000000000e+05,4.594726250000000000e+05,4.669592500000000000e+05,4.784375625000000000e+05,4.933286250000000000e+05,5.064093750000000000e+05,5.168305000000000000e+05,5.234390000000000000e+05,5.314695625000000000e+05,5.634198750000000000e+05,5.843128125000000000e+05,5.903948750000000000e+05,5.768566250000000000e+05,5.398693750000000000e+05,5.054168750000000000e+05,4.489531250000000000e+05,3.531881562500000000e+05,2.128605625000000000e+05,7.775810937500000000e+04
1.240022250000000000e+06,1.241218875000000000e+06,1.244648250000000000e+06,1.250030875000000000e+06,1.257048125000000000e+06,1.265356125000000000e+06,1.274599750000000000e+06,1.284431500000000000e+06,1.294597000000000000e+06,1.304927000000000000e+06,1.315304375000000000e+06,1.325666750000000000e+06,1.335974125000000000e+06,1.346217625000000000e+06,1.356435125000000000e+06,1.366703375000000000e+06,1.377122500000000000e+06,1.387811500000000000e+06,1.398887125000000000e+06,1.430182000000000000e+06,1.465339875000000000e+06,1.503084125000000000e+06,1.543485625000000000e+06,1.586606500000000000e+06,1.632427500000000000e+06,1.680903625000000000e+06,1.731960375000000000e+06,1.785477250000000000e+06,1.840939000000000000e+06,1.895969125000000000e+06,1.947457500000000000e+06,1.992959125000000000e+06,2.030179875000000000e+06,2.043271125000000000e+06,1.997438375000000000e+06,1.877391625000000000e+06,1.715031750000000000e+06,1.468729000000000000e+06,9.079480625000000000e+05,2.135869843750000000e+05,1.569787597656250000e+03
2.589507250000000000e+06,2.587333250000000000e+06,2.580367250000000000e+06,2.567845000000000000e+06,2.548927750000000000e+06,2.522771000000000000e+06,2.488587250000000000e+06,2.449761000000000000e+06,2.407601500000000000e+06,2.358398250000000000e+06,2.303320750000000000e+06,2.243552250000000000e+06,2.179992500000000000e+06,2.113447500000000000e+06,2.044795500000000000e+06,1.984246125000000000e+06,1.928391750000000000e+06,1.871260125000000000e+06,1.813473125000000000e+06,1.755364250000000000e+06,1.697225125000000000e+06,1.639094125000000000e+06,1.594535625000000000e+06,1.556411625000000000e+06,1.514972375000000000e+06,1.469629000000000000e+06,1.419623625000000000e+06,1.364000000000000000e+06,1.301777250000000000e+06,1.296652375000000000e+06,1.280822750000000000e+06,1.244095250000000000e+06,1.184452000000000000e+06,1.100377375000000000e+06,9.907763125000000000e+05,8.862596875000000000e+05,7.731778125000000000e+05,6.351771250000000000e+05,4.719530625000000000e+05,2.831483437500000000e+05,1.053695468750000000e+05
2.921910312500000000e+05,2.920072500000000000e+05,2.912992500000000000e+05,2.898176562500000000e+05,2.873102187500000000e+05,2.835404062500000000e+05,2.841901250000000000e+05,2.832550000000000000e+05,2.801262187500000000e+05,2.753750000000000000e+05,2.695647187500000000e+05,2.631935000000000000e+05,2.564309218750000000e+05,2.493060625000000000e+05,2.418705468750000000e+05,2.342041093750000000e+05,2.264014687500000000e+05,2.185513593750000000e+05,2.106943906250000000e+05,2.028076093750000000e+05,1.948628125000000000e+05,1.868171875000000000e+05,1.786151562500000000e+05,1.711856406250000000e+05,1.650834375000000000e+05,1.586560312500000000e+05,1.518120000000000000e+05,1.444671406250000000e+05,1.365422187500000000e+05,1.279671171875000000e+05,1.186850390625000000e+05,1.086838281250000000e+05,9.799291406250000000e+04,8.661628906250000000e+04,7.452528125000000000e+04,6.191918750000000000e+04,4.943414453125000000e+04,3.733945703125000000e+04,2.475996875000000000e+04,1.261976269531250000e+04,5.550380859375000000e+03
2.444838500000000000e+06,2.438726000000000000e+06,2.421686750000000000e+06,2.394385000000000000e+06,2.357612000000000000e+06,2.312098750000000000e+06,2.258550250000000000e+06,2.197724750000000000e+06,2.130953750000000000e+06,2.059947125000000000e+06,1.986480625000000000e+06,1.912335125000000000e+06,1.848041500000000000e+06,1.785353125000000000e+06,1.724938000000000000e+06,1.667775750000000000e+06,1.614483250000000000e+06,1.567703000000000000e+06,1.538865750000000000e+06,1.513320250000000000e+06,1.491156875000000000e+06,1.472140625000000000e+06,1.455712875000000000e+06,1.452278625000000000e+06,1.461566250000000000e+06,1.468599125000000000e+06,1.471830000000000000e+06,1.469264125000000000e+06,1.458571000000000000e+06,1.476422250000000000e+06,1.523883625000000000e+06,1.544543875000000000e+06,1.532767250000000000e+06,1.480435625000000000e+06,1.376345125000000000e+06,1.233180875000000000e+06,1.089636000000000000e+06,8.974861250000000000e+05,6.046870000000000000e+05,2.439536875000000000e+05,3.967500781250000000e+04
6.858011500000000000e+06,6.845255000000000000e+06,6.806895000000000000e+06,6.742356500000000000e+06,6.650747500000000000e+06,6.531171000000000000e+06,6.382999000000000000e+06,6.206386500000000000e+06,6.005072000000000000e+06,5.784953000000000000e+06,5.552178500000000000e+06,5.312795500000000000e+06,5.070852500000000000e+06,4.914715000000000000e+06,4.845576000000000000e+06,4.761319500000000000e+06,4.664218500000000000e+06,4.556754500000000000e+06,4.440834500000000000e+06,4.317242000000000000e+06,4.186522000000000000e+06,4.048641250000000000e+06,3.902983500000000000e+06,3.748724000000000000e+06,3.614706500000000000e+06,3.511513500000000000e+06,3.395155500000000000e+06,3.262705000000000000e+06,3.111435250000000000e+06,2.939102500000000000e+06,2.743939750000000000e+06,2.525077750000000000e+06,2.282672000000000000e+06,2.017632250000000000e+06,1.731746750000000000e+06,1.429843000000000000e+06,1.122295375000000000e+06,8.192618750000000000e+05,5.236031562500000000e+05,2.574712343750000000e+05,8.291167187500000000e+04
6.636785500000000000e+06,6.623343000000000000e+06,6.592515000000000000e+06,6.552186500000000000e+06,6.489412500000000000e+06,6.400812500000000000e+06,6.283980000000000000e+06,6.138439000000000000e+06,5.971283000000000000e+06,5.793603500000000000e+06,5.616269000000000000e+06,5.456201500000000000e+06,5.367631500000000000e+06,5.289238000000000000e+06,5.222523000000000000e+06,5.168340500000000000e+06,5.126236500000000000e+06,5.095544000000000000e+06,5.074478000000000000e+06,5.059595000000000000e+06,5.238987500000000000e+06,5.423481500000000000e+06,5.590807000000000000e+06,5.735382000000000000e+06,5.850699000000000000e+06,5.929451500000000000e+06,5.963760500000000000e+06,5.945461000000000000e+06,5.866182500000000000e+06,5.716980000000000000e+06,5.596728000000000000e+06,5.435936500000000000e+06,5.190601000000000000e+06,4.845003500000000000e+06,4.378865000000000000e+06,3.788887000000000000e+06,3.107520750000000000e+06,2.348455500000000000e+06,1.455424375000000000e+06,5.589892500000000000e+05,9.324145312500000000e+04
8.016053125000000000e+05,7.971680625000000000e+05,7.847868750000000000e+05,7.658811250000000000e+05,7.418771250000000000e+05,7.141830625000000000e+05,6.841704375000000000e+05,6.531647500000000000e+05,6.224908125000000000e+05,5.934290000000000000e+05,5.671782500000000000e+05,5.464528750000000000e+05,5.298606250000000000e+05,5.171415000000000000e+05,5.082071875000000000e+05,5.028510937500000000e+05,5.006839062500000000e+05,5.013272812500000000e+05,5.043901250000000000e+05,5.121566250000000000e+05,5.229182812500000000e+05,5.348790625000000000e+05,5.476373750000000000e+05,5.607455000000000000e+05,5.736924375000000000e+05,5.874875625000000000e+05,6.080428750000000000e+05,6.264068125000000000e+05,6.414416250000000000e+05,6.514358750000000000e+05,6.544238750000000000e+05,6.725805625000000000e+05,7.002458750000000000e+05,7.081771250000000000e+05,6.867637500000000000e+05,6.306306875000000000e+05,5.623970625000000000e+05,4.810591562500000000e+05,3.238089687500000000e+05,1.065356640625000000e+05,5.610803710937500000e+03
4.609726250000000000e+05,4.612095312500000000e+05,4.616060312500000000e+05,4.616599687500000000e+05,4.608486875000000000e+05,4.586541875000000000e+05,4.545872500000000000e+05,4.482487812500000000e+05,4.397056562500000000e+05,4.304772187500000000e+05,4.226993750000000000e+05,4.134277500000000000e+05,4.027965937500000000e+05,3.908797500000000000e+05,3.777901562500000000e+05,3.636999062500000000e+05,3.488288125000000000e+05,3.333994062500000000e+05,3.176026250000000000e+05,3.124060000000000000e+05,3.061519687500000000e+05,2.984038437500000000e+05,2.893487187500000000e+05,2.791593125000000000e+05,2.679708437500000000e+05,2.558981250000000000e+05,2.430309062500000000e+05,2.294309687500000000e+05,2.151588125000000000e+05,2.012842343750000000e+05,1.907941406250000000e+05,1.798071406250000000e+05,1.681033125000000000e+05,1.557277031250000000e+05,1.430645000000000000e+05,1.297945625000000000e+05,1.141485625000000000e+05,9.639310156250000000e+04,8.224187500000000000e+04,7.204242187500000000e+04,4.718037890625000000e+04
1.143752125000000000e+06,1.141782250000000000e+06,1.135878875000000000e+06,1.126032875000000000e+06,1.112223625000000000e+06,1.094436625000000000e+06,1.072677875000000000e+06,1.048478937500000000e+06,1.025637625000000000e+06,9.994021250000000000e+05,9.700982500000000000e+05,9.381381250000000000e+05,9.041113125000000000e+05,8.686775000000000000e+05,8.324836250000000000e+05,7.961173125000000000e+05,7.600823750000000000e+05,7.248380000000000000e+05,6.907153125000000000e+05,6.578860000000000000e+05,6.264818750000000000e+05,5.964990625000000000e+05,5.815691875000000000e+05,5.692881875000000000e+05,5.566973750000000000e+05,5.435371250000000000e+05,5.294619375000000000e+05,5.140181875000000000e+05,4.967273437500000000e+05,4.770592500000000000e+05,4.544732500000000000e+05,4.283590000000000000e+05,3.981371875000000000e+05,3.739242500000000000e+05,3.474350625000000000e+05,3.162090312500000000e+05,2.777047500000000000e+05,2.316033437500000000e+05,1.829337187500000000e+05,1.314684218750000000e+05,6.778309375000000000e+04
5.672824500000000000e+06,5.667015000000000000e+06,5.651000500000000000e+06,5.626826500000000000e+06,5.596470500000000000e+06,5.561876000000000000e+06,5.524988500000000000e+06,5.492926500000000000e+06,5.556243500000000000e+06,5.628714500000000000e+06,5.711521000000000000e+06,5.806079500000000000e+06,5.912447000000000000e+06,6.029967500000000000e+06,6.158070000000000000e+06,6.296076500000000000e+06,6.443045000000000000e+06,6.597918500000000000e+06,6.759677500000000000e+06,6.927389000000000000e+06,7.100005000000000000e+06,7.276677000000000000e+06,7.456741500000000000e+06,7.639359000000000000e+06,7.823188000000000000e+06,8.072434000000000000e+06,8.395074000000000000e+06,8.736438000000000000e+06,9.093984000000000000e+06,9.456356000000000000e+06,9.807903000000000000e+06,1.013062500000000000e+07,1.040237000000000000e+07,1.054623800000000000e+07,1.040668500000000000e+07,9.887230000000000000e+06,9.059503000000000000e+06,7.734916000000000000e+06,4.997960500000000000e+06,1.473504875000000000e+06,6.016230859375000000e+04
4.971949500000000000e+06,4.984386500000000000e+06,5.015417000000000000e+06,5.055077500000000000e+06,5.092945000000000000e+06,5.118493000000000000e+06,5.121491000000000000e+06,5.093150000000000000e+06,5.033162500000000000e+06,4.946158000000000000e+06,4.836914500000000000e+06,4.709848000000000000e+06,4.566719500000000000e+06,4.408342500000000000e+06,4.236033000000000000e+06,4.051953000000000000e+06,3.858979000000000000e+06,3.713167000000000000e+06,3.565590250000000000e+06,3.413419250000000000e+06,3.257452000000000000e+06,3.098370500000000000e+06,2.936746500000000000e+06,2.773120750000000000e+06,2.607712000000000000e+06,2.440660000000000000e+06,2.272006500000000000e+06,2.101662500000000000e+06,1.929590125000000000e+06,1.755722125000000000e+06,1.580121250000000000e+06,1.403066875000000000e+06,1.225176250000000000e+06,1.047364937500000000e+06,8.707953750000000000e+05,6.977025625000000000e+05,5.324881250000000000e+05,3.792577187500000000e+05,2.383797031250000000e+05,1.174901093750000000e+05,4.014584375000000000e+04
3.016622460937500000e+04,3.021512500000000000e+04,3.035364257812500000e+04,3.056785351562500000e+04,3.084231640625000000e+04,3.116086132812500000e+04,3.159972460937500000e+04,3.206593554687500000e+04,3.253476562500000000e+04,3.299319531250000000e+04,3.349968359375000000e+04,3.416509765625000000e+04,3.478908593750000000e+04,3.537132812500000000e+04,3.591350000000000000e+04,3.680926953125000000e+04,3.768451171875000000e+04,3.850836328125000000e+04,3.929043750000000000e+04,4.004050781250000000e+04,4.112383593750000000e+04,4.244078125000000000e+04,4.371537890625000000e+04,4.495562109375000000e+04,4.616498437500000000e+04,4.734401562500000000e+04,4.848478906250000000e+04,5.075032031250000000e+04,5.428281640625000000e+04,5.777783203125000000e+04,6.122015625000000000e+04,6.448239062500000000e+04,6.733842187500000000e+04,6.980032812500000000e+04,7.254648437500000000e+04,7.820853906250000000e+04,8.210181250000000000e+04,8.368313281250000000e+04,9.397656250000000000e+04,1.203922187500000000e+05,1.048049765625000000e+05
4.647514500000000000e+06,4.640570500000000000e+06,4.618782000000000000e+06,4.580365500000000000e+06,4.523337000000000000e+06,4.445810000000000000e+06,4.346253000000000000e+06,4.223997500000000000e+06,4.082097750000000000e+06,3.954458250000000000e+06,3.817108000000000000e+06,3.672475750000000000e+06,3.523291500000000000e+06,3.371586000000000000e+06,3.219671750000000000e+06,3.088174500000000000e+06,2.984674250000000000e+06,2.879403250000000000e+06,2.773717000000000000e+06,2.668044000000000000e+06,2.562680750000000000e+06,2.457433250000000000e+06,2.449115250000000000e+06,2.447550500000000000e+06,2.426815750000000000e+06,2.386453500000000000e+06,2.325811000000000000e+06,2.244166500000000000e+06,2.140797750000000000e+06,2.015051500000000000e+06,1.884582750000000000e+06,1.765803875000000000e+06,1.624173000000000000e+06,1.457161000000000000e+06,1.261208250000000000e+06,1.040189312500000000e+06,8.112616875000000000e+05,5.811218750000000000e+05,3.304002812500000000e+05,1.039210078125000000e+05,1.188428906250000000e+04
2.619295468750000000e+05,2.617436406250000000e+05,2.611936875000000000e+05,2.602863437500000000e+05,2.590228437500000000e+05,2.574005156250000000e+05,2.554141875000000000e+05,2.530600468750000000e+05,2.503603437500000000e+05,2.473550468750000000e+05,2.447202031250000000e+05,2.426984687500000000e+05,2.404911406250000000e+05,2.381311718750000000e+05,2.356601875000000000e+05,2.331246718750000000e+05,2.305735000000000000e+05,2.280610937500000000e+05,2.260620312500000000e+05,2.265675625000000000e+05,2.271107187500000000e+05,2.277427812500000000e+05,2.285105000000000000e+05,2.294587968750000000e+05,2.306165468750000000e+05,2.320052812500000000e+05,2.377264843750000000e+05,2.507842968750000000e+05,2.639993125000000000e+05,2.772576562500000000e+05,2.903556562500000000e+05,3.029425625000000000e+05,3.145142187500000000e+05,3.236645625000000000e+05,3.345001875000000000e+05,3.463128125000000000e+05,3.515346875000000000e+05,3.422543437500000000e+05,2.955189062500000000e+05,1.970592500000000000e+05,8.416212500000000000e+04
1.874585937500000000e+05,1.864091875000000000e+05,1.834194531250000000e+05,1.787250937500000000e+05,1.725637968750000000e+05,1.651804687500000000e+05,1.568302500000000000e+05,1.477867500000000000e+05,1.384097031250000000e+05,1.290916640625000000e+05,1.201987031250000000e+05,1.120470234375000000e+05,1.047609453125000000e+05,9.837624218750000000e+04,9.544952343750000000e+04,9.371690625000000000e+04,9.254970312500000000e+04,9.195517968750000000e+04,9.191717187500000000e+04,9.238163281250000000e+04,9.328276562500000000e+04,9.454823437500000000e+04,9.609708593750000000e+04,9.783706250000000000e+04,9.967378125000000000e+04,1.015034218750000000e+05,1.041813437500000000e+05,1.078824453125000000e+05,1.115280625000000000e+05,1.149395703125000000e+05,1.179015781250000000e+05,1.201140703125000000e+05,1.211970937500000000e+05,1.206964218750000000e+05,1.180848671875000000e+05,1.126881171875000000e+05,1.035939687500000000e+05,9.022952343750000000e+04,7.266931250000000000e+04,5.092008203125000000e+04,2.676526367187500000e+04
1.868805781250000000e+05,1.866247187500000000e+05,1.858324687500000000e+05,1.844556562500000000e+05,1.824382968750000000e+05,1.797249062500000000e+05,1.762678125000000000e+05,1.720418125000000000e+05,1.671280625000000000e+05,1.616713281250000000e+05,1.558229375000000000e+05,1.500821718750000000e+05,1.442295625000000000e+05,1.383658281250000000e+05,1.326182031250000000e+05,1.270981250000000000e+05,1.218950937500000000e+05,1.173319453125000000e+05,1.135660859375000000e+05,1.102343828125000000e+05,1.073714609375000000e+05,1.049920078125000000e+05,1.030939531250000000e+05,1.022688984375000000e+05,1.023292421875000000e+05,1.027829140625000000e+05,1.036061015625000000e+05,1.047576484375000000e+05,1.071731171875000000e+05,1.109606093750000000e+05,1.147915625000000000e+05,1.184555703125000000e+05,1.216585156250000000e+05,1.334476875000000000e+05,1.448451250000000000e+05,1.528139531250000000e+05,1.548387812500000000e+05,1.554230625000000000e+05,1.508935625000000000e+05,1.308298828125000000e+05,7.685200781250000000e+04
1.419325875000000000e+06,1.422905750000000000e+06,1.432513500000000000e+06,1.446318500000000000e+06,1.468469875000000000e+06,1.494454125000000000e+06,1.519327250000000000e+06,1.540700750000000000e+06,1.561622625000000000e+06,1.593164000000000000e+06,1.615893125000000000e+06,1.628824250000000000e+06,1.632155875000000000e+06,1.658108875000000000e+06,1.671805250000000000e+06,1.674595250000000000e+06,1.668648250000000000e+06,1.656104250000000000e+06,1.638966250000000000e+06,1.664186250000000000e+06,1.703847750000000000e+06,1.737098875000000000e+06,1.766372125000000000e+06,1.793813875000000000e+06,1.820705750000000000e+06,1.847947625000000000e+06,1.875923875000000000e+06,1.904337000000000000e+06,1.932305250000000000e+06,1.956891125000000000e+06,1.991042000000000000e+06,2.049711625000000000e+06,2.102316750000000000e+06,2.134056750000000000e+06,2.114694000000000000e+06,2.024149250000000000e+06,1.873791875000000000e+06,1.623930875000000000e+06,1.087280250000000000e+06,3.644908125000000000e+05,3.138873437500000000e+04
1.338243375000000000e+06,1.339057500000000000e+06,1.341332125000000000e+06,1.344795875000000000e+06,1.349155875000000000e+06,1.354106125000000000e+06,1.359333250000000000e+06,1.364526875000000000e+06,1.369428375000000000e+06,1.383080000000000000e+06,1.399043250000000000e+06,1.414153875000000000e+06,1.428192750000000000e+06,1.441042375000000000e+06,1.452619500000000000e+06,1.462921500000000000e+06,1.472032125000000000e+06,1.480050625000000000e+06,1.487054000000000000e+06,1.494478250000000000e+06,1.547820000000000000e+06,1.598990625000000000e+06,1.647823875000000000e+06,1.694002875000000000e+06,1.736705000000000000e+06,1.774812625000000000e+06,1.806716750000000000e+06,1.830155125000000000e+06,1.842342875000000000e+06,1.838989750000000000e+06,1.815276375000000000e+06,1.786436375000000000e+06,1.759596750000000000e+06,1.699961750000000000e+06,1.590279750000000000e+06,1.422538750000000000e+06,1.211324250000000000e+06,9.494704375000000000e+05,5.659518750000000000e+05,1.488498437500000000e+05,3.348390869140625000e+03
6.076076500000000000e+06,6.031509500000000000e+06,5.906278000000000000e+06,5.712925500000000000e+06,5.464184000000000000e+06,5.173334000000000000e+06,4.854313500000000000e+06,4.521697500000000000e+06,4.191307500000000000e+06,3.878528500000000000e+06,3.625572250000000000e+06,3.425168500000000000e+06,3.262618500000000000e+06,3.134551250000000000e+06,3.038200000000000000e+06,2.969985250000000000e+06,2.924823250000000000e+06,2.897539000000000000e+06,2.981152750000000000e+06,3.095263250000000000e+06,3.204863750000000000e+06,3.305149750000000000e+06,3.391560250000000000e+06,3.459023500000000000e+06,3.502984000000000000e+06,3.518972000000000000e+06,3.502739000000000000e+06,3.450601000000000000e+06,3.425838500000000000e+06,3.378630500000000000e+06,3.288663750000000000e+06,3.150462000000000000e+06,2.959708750000000000e+06,2.709852750000000000e+06,2.391941750000000000e+06,2.009694875000000000e+06,1.591917250000000000e+06,1.152207375000000000e+06,6.547911875000000000e+05,1.921240937500000000e+05,1.348712109375000000e+04
1.004632300000000000e+07,9.970327000000000000e+06,9.757826000000000000e+06,9.432161000000000000e+06,9.016687000000000000e+06,8.534650000000000000e+06,8.009052000000000000e+06,7.462588500000000000e+06,6.918762000000000000e+06,6.400458500000000000e+06,5.928674500000000000e+06,5.521028000000000000e+06,5.180377500000000000e+06,4.903274000000000000e+06,4.687210000000000000e+06,4.527741000000000000e+06,4.417469000000000000e+06,4.349496000000000000e+06,4.316930500000000000e+06,4.312364000000000000e+06,4.328294000000000000e+06,4.401892500000000000e+06,4.513792500000000000e+06,4.635385500000000000e+06,4.760602500000000000e+06,4.882827000000000000e+06,4.994601500000000000e+06,5.087652500000000000e+06,5.152403500000000000e+06,5.176518000000000000e+06,5.146371500000000000e+06,5.048221000000000000e+06,4.868651000000000000e+06,4.587119500000000000e+06,4.175359500000000000e+06,3.628231500000000000e+06,2.986317250000000000e+06,2.259164000000000000e+06,1.364754750000000000e+06,4.713129687500000000e+05,6.039714062500000000e+04
3.896564750000000000e+06,3.888132750000000000e+06,3.864202000000000000e+06,3.826810500000000000e+06,3.777977000000000000e+06,3.719698250000000000e+06,3.653949750000000000e+06,3.582739750000000000e+06,3.508631000000000000e+06,3.434493500000000000e+06,3.363159250000000000e+06,3.297300750000000000e+06,3.238489750000000000e+06,3.187756250000000000e+06,3.146141750000000000e+06,3.114214000000000000e+06,3.111230000000000000e+06,3.120574750000000000e+06,3.139651000000000000e+06,3.167820250000000000e+06,3.204389750000000000e+06,3.248380750000000000e+06,3.298519500000000000e+06,3.353337250000000000e+06,3.410707250000000000e+06,3.468124000000000000e+06,3.522391500000000000e+06,3.696783750000000000e+06,3.889069750000000000e+06,4.063898500000000000e+06,4.207759000000000000e+06,4.304922000000000000e+06,4.337822000000000000e+06,4.274380500000000000e+06,4.066002250000000000e+06,3.856240750000000000e+06,3.516582000000000000e+06,2.988329250000000000e+06,2.002877750000000000e+06,6.912016875000000000e+05,5.188637890625000000e+04
1.429964250000000000e+06,1.429969750000000000e+06,1.430182000000000000e+06,1.431681500000000000e+06,1.431803750000000000e+06,1.429380750000000000e+06,1.423301500000000000e+06,1.412662625000000000e+06,1.397766875000000000e+06,1.379610000000000000e+06,1.359198125000000000e+06,1.337619375000000000e+06,1.325248625000000000e+06,1.311906500000000000e+06,1.297869125000000000e+06,1.283463375000000000e+06,1.269025750000000000e+06,1.254908125000000000e+06,1.241312500000000000e+06,1.244899250000000000e+06,1.248275125000000000e+06,1.250809625000000000e+06,1.252129500000000000e+06,1.251763375000000000e+06,1.248916875000000000e+06,1.242638875000000000e+06,1.284626000000000000e+06,1.327514375000000000e+06,1.358516250000000000e+06,1.374568750000000000e+06,1.372254500000000000e+06,1.348092500000000000e+06,1.298847250000000000e+06,1.232805750000000000e+06,1.167853500000000000e+06,1.068510125000000000e+06,9.345903750000000000e+05,7.617618750000000000e+05,5.280970000000000000e+05,2.520862500000000000e+05,6.450311328125000000e+04
1.695209843750000000e+05,1.682887031250000000e+05,1.648774687500000000e+05,1.597449843750000000e+05,1.534661406250000000e+05,1.462923593750000000e+05,1.386043750000000000e+05,1.307676406250000000e+05,1.231123828125000000e+05,1.159461562500000000e+05,1.095694687500000000e+05,1.045723593750000000e+05,1.006537343750000000e+05,9.772332031250000000e+04,9.573271093750000000e+04,9.465035937500000000e+04,9.491364843750000000e+04,9.576566406250000000e+04,9.709500000000000000e+04,9.878348437500000000e+04,1.011101250000000000e+05,1.042923203125000000e+05,1.074367656250000000e+05,1.104194453125000000e+05,1.131131562500000000e+05,1.161029062500000000e+05,1.199368203125000000e+05,1.229308750000000000e+05,1.248635546875000000e+05,1.254376015625000000e+05,1.243339453125000000e+05,1.297492343750000000e+05,1.321490937500000000e+05,1.305290078125000000e+05,1.235765078125000000e+05,1.108742031250000000e+05,9.772745312500000000e+04,8.217668750000000000e+04,5.541471875000000000e+04,2.039901757812500000e+04,3.095871093750000000e+03
1.152945125000000000e+06,1.151955625000000000e+06,1.148578125000000000e+06,1.142115000000000000e+06,1.131811750000000000e+06,1.116922750000000000e+06,1.096771500000000000e+06,1.070869125000000000e+06,1.039548062500000000e+06,1.003735312500000000e+06,9.665373125000000000e+05,9.261961875000000000e+05,8.834168750000000000e+05,8.388556250000000000e+05,7.931916250000000000e+05,7.470724375000000000e+05,7.038455000000000000e+05,6.617452500000000000e+05,6.201371250000000000e+05,5.793105625000000000e+05,5.395148125000000000e+05,5.008902812500000000e+05,4.675652812500000000e+05,4.352607812500000000e+05,4.033704062500000000e+05,3.719004375000000000e+05,3.408450000000000000e+05,3.132620625000000000e+05,2.879888437500000000e+05,2.618420156250000000e+05,2.349543906250000000e+05,2.075319062500000000e+05,1.889133125000000000e+05,1.721429062500000000e+05,1.511932031250000000e+05,1.268571093750000000e+05,1.012201875000000000e+05,8.041565625000000000e+04,5.789350781250000000e+04,3.337810156250000000e+04,1.376082031250000000e+04
9.182528125000000000e+05,9.125793750000000000e+05,8.968595000000000000e+05,8.729981250000000000e+05,8.428530625000000000e+05,8.082531875000000000e+05,7.714449375000000000e+05,7.371210000000000000e+05,7.032414375000000000e+05,6.711865625000000000e+05,6.424272500000000000e+05,6.183728125000000000e+05,6.022769375000000000e+05,5.935882500000000000e+05,5.886561250000000000e+05,5.872168125000000000e+05,5.887788750000000000e+05,5.927830000000000000e+05,6.037524375000000000e+05,6.191590625000000000e+05,6.348338125000000000e+05,6.502920000000000000e+05,6.650815000000000000e+05,6.786782500000000000e+05,6.905010625000000000e+05,6.999106250000000000e+05,7.332193750000000000e+05,7.668081250000000000e+05,7.945400625000000000e+05,8.142606250000000000e+05,8.234513125000000000e+05,8.195246875000000000e+05,7.999811875000000000e+05,7.606710625000000000e+05,7.164163125000000000e+05,6.540551875000000000e+05,5.708119375000000000e+05,4.619376562500000000e+05,2.946206562500000000e+05,9.574081250000000000e+04,7.323371582031250000e+03
2.548834000000000000e+06,2.553484250000000000e+06,2.566523000000000000e+06,2.586480500000000000e+06,2.611788000000000000e+06,2.640825500000000000e+06,2.671963250000000000e+06,2.713581250000000000e+06,2.771309250000000000e+06,2.827517250000000000e+06,2.880618750000000000e+06,2.929270500000000000e+06,2.972589000000000000e+06,3.057215250000000000e+06,3.136620000000000000e+06,3.205542500000000000e+06,3.263851250000000000e+06,3.311451250000000000e+06,3.348238750000000000e+06,3.437730750000000000e+06,3.598930250000000000e+06,3.736351500000000000e+06,3.849382500000000000e+06,3.937090500000000000e+06,3.997609500000000000e+06,4.028601000000000000e+06,4.027081250000000000e+06,3.989322500000000000e+06,3.911275750000000000e+06,3.787573500000000000e+06,3.683093500000000000e+06,3.544460250000000000e+06,3.351119250000000000e+06,3.092084750000000000e+06,2.750521500000000000e+06,2.328069750000000000e+06,1.862748250000000000e+06,1.363145875000000000e+06,7.612608750000000000e+05,1.946692656250000000e+05,5.756603515625000000e+03
5.379620500000000000e+06,5.388698000000000000e+06,5.414402000000000000e+06,5.454406000000000000e+06,5.506348500000000000e+06,5.567847000000000000e+06,5.636511500000000000e+06,5.710055500000000000e+06,5.802925000000000000e+06,5.923133500000000000e+06,6.047418000000000000e+06,6.174926500000000000e+06,6.304605500000000000e+06,6.435323500000000000e+06,6.566014500000000000e+06,6.696009500000000000e+06,6.883968500000000000e+06,7.098658000000000000e+06,7.311172500000000000e+06,7.521644000000000000e+06,7.730232000000000000e+06,7.937214000000000000e+06,8.142956500000000000e+06,8.347670000000000000e+06,8.770488000000000000e+06,9.352150000000000000e+06,9.937606000000000000e+06,1.052438400000000000e+07,1.110690200000000000e+07,1.166743300000000000e+07,1.218162500000000000e+07,1.262329100000000000e+07,1.296323300000000000e+07,1.352046400000000000e+07,1.382288800000000000e+07,1.367636300000000000e+07,1.314118000000000000e+07,1.184507700000000000e+07,8.078791500000000000e+06,2.421749500000000000e+06,6.186677343750000000e+04
7.153893500000000000e+06,7.178109500000000000e+06,7.244138000000000000e+06,7.342010500000000000e+06,7.461626500000000000e+06,7.592690000000000000e+06,7.724704500000000000e+06,7.847633500000000000e+06,7.957926000000000000e+06,8.055902500000000000e+06,8.141841500000000000e+06,8.215561000000000000e+06,8.273848000000000000e+06,8.594951000000000000e+06,8.900661000000000000e+06,9.169243000000000000e+06,9.394485000000000000e+06,9.570437000000000000e+06,9.691269000000000000e+06,9.751370000000000000e+06,9.745667000000000000e+06,9.670373000000000000e+06,9.523008000000000000e+06,9.302037000000000000e+06,9.133573000000000000e+06,8.961524000000000000e+06,8.719176000000000000e+06,8.402243000000000000e+06,8.007457500000000000e+06,7.532697500000000000e+06,6.977689000000000000e+06,6.345950500000000000e+06,5.644937000000000000e+06,4.881692000000000000e+06,4.062538750000000000e+06,3.211460750000000000e+06,2.383679750000000000e+06,1.611265750000000000e+06,8.628445625000000000e+05,2.488114218750000000e+05,1.992008398437500000e+04
4.000759500000000000e+06,3.975438000000000000e+06,3.903392000000000000e+06,3.794416500000000000e+06,3.667804750000000000e+06,3.512787250000000000e+06,3.334392000000000000e+06,3.139169250000000000e+06,2.937303000000000000e+06,2.740102750000000000e+06,2.557807250000000000e+06,2.410028250000000000e+06,2.306391500000000000e+06,2.221315000000000000e+06,2.153798500000000000e+06,2.102260250000000000e+06,2.064011375000000000e+06,2.036228500000000000e+06,2.057603250000000000e+06,2.138280000000000000e+06,2.212440500000000000e+06,2.276934250000000000e+06,2.328741000000000000e+06,2.364533250000000000e+06,2.381567000000000000e+06,2.377309500000000000e+06,2.349626500000000000e+06,2.326172750000000000e+06,2.307691000000000000e+06,2.264124000000000000e+06,2.192355250000000000e+06,2.089842750000000000e+06,1.954850875000000000e+06,1.786350250000000000e+06,1.584260000000000000e+06,1.351338250000000000e+06,1.095441625000000000e+06,8.259214375000000000e+05,5.478111250000000000e+05,2.837264062500000000e+05,9.702114062500000000e+04
8.846283125000000000e+05,8.859009375000000000e+05,8.894834375000000000e+05,8.949832500000000000e+05,9.019701250000000000e+05,9.099931250000000000e+05,9.185956875000000000e+05,9.293751250000000000e+05,9.469166875000000000e+05,9.638123750000000000e+05,9.794476250000000000e+05,9.933326250000000000e+05,1.005301312500000000e+06,1.026500562500000000e+06,1.050412875000000000e+06,1.071300125000000000e+06,1.089495000000000000e+06,1.105351000000000000e+06,1.119250375000000000e+06,1.131597750000000000e+06,1.164634375000000000e+06,1.218328750000000000e+06,1.268981500000000000e+06,1.317148500000000000e+06,1.362966250000000000e+06,1.406340750000000000e+06,1.446739000000000000e+06,1.483019000000000000e+06,1.513573750000000000e+06,1.535449875000000000e+06,1.545060750000000000e+06,1.551343875000000000e+06,1.567022875000000000e+06,1.560286750000000000e+06,1.516673375000000000e+06,1.424977750000000000e+06,1.284555375000000000e+06,1.081025875000000000e+06,7.561232500000000000e+05,3.408546562500000000e+05,7.501905468750000000e+04
5.552640500000000000e+06,5.557533500000000000e+06,5.570987000000000000e+06,5.591050500000000000e+06,5.615660000000000000e+06,5.642676500000000000e+06,5.669926500000000000e+06,5.695387000000000000e+06,5.718622500000000000e+06,5.740172000000000000e+06,5.760642500000000000e+06,5.780644500000000000e+06,5.800315500000000000e+06,5.819615500000000000e+06,5.838612500000000000e+06,5.857410000000000000e+06,5.876096500000000000e+06,5.894815500000000000e+06,5.913407000000000000e+06,5.931207500000000000e+06,5.947476500000000000e+06,5.960819500000000000e+06,5.991479500000000000e+06,6.086461000000000000e+06,6.181093500000000000e+06,6.271007000000000000e+06,6.350385000000000000e+06,6.411431000000000000e+06,6.444745500000000000e+06,6.436882000000000000e+06,6.372483000000000000e+06,6.235114000000000000e+06,6.007752500000000000e+06,5.664704000000000000e+06,5.170613000000000000e+06,4.514284000000000000e+06,3.735543750000000000e+06,2.842666000000000000e+06,1.738053500000000000e+06,6.137672500000000000e+05,7.917427343750000000e+04
1.429964250000000000e+06,1.429969750000000000e+06,1.430182000000000000e+06,1.431681500000000000e+06,1.431803750000000000e+06,1.429380750000000000e+06,1.423301500000000000e+06,1.412662625000000000e+06,1.397766875000000000e+06,1.379610000000000000e+06,1.359198125000000000e+06,1.337619375000000000e+06,1.325248625000000000e+06,1.311906500000000000e+06,1.297869125000000000e+06,1.283463375000000000e+06,1.269025750000000000e+06,1.254908125000000000e+06,1.241312500000000000e+06,1.244899250000000000e+06,1.248275125000000000e+06,1.250809625000000000e+06,1.252129500000000000e+06,1.251763375000000000e+06,1.248916875000000000e+06,1.242638875000000000e+06,1.284626000000000000e+06,1.327514375000000000e+06,1.358516250000000000e+06,1.374568750000000000e+06,1.372254500000000000e+06,1.348092500000000000e+06,1.298847250000000000e+06,1.232805750000000000e+06,1.167853500000000000e+06,1.068510125000000000e+06,9.345903750000000000e+05,7.617618750000000000e+05,5.280970000000000000e+05,2.520862500000000000e+05,6.450311328125000000e+04
1.290230000000000000e+05,1.291383828125000000e+05,1.294207031250000000e+05,1.297632187500000000e+05,1.300497734375000000e+05,1.301610156250000000e+05,1.299801875000000000e+05,1.294059687500000000e+05,1.286516406250000000e+05,1.277290078125000000e+05,1.264790156250000000e+05,1.249510468750000000e+05,1.231699453125000000e+05,1.217976562500000000e+05,1.203861953125000000e+05,1.187220000000000000e+05,1.168453046875000000e+05,1.151376796875000000e+05,1.142795390625000000e+05,1.131566484375000000e+05,1.117966953125000000e+05,1.102137421875000000e+05,1.091599296875000000e+05,1.090090390625000000e+05,1.083747421875000000e+05,1.072284062500000000e+05,1.055257812500000000e+05,1.032051875000000000e+05,1.047341093750000000e+05,1.065684062500000000e+05,1.067316484375000000e+05,1.050569921875000000e+05,1.013946718750000000e+05,9.558541406250000000e+04,8.865597656250000000e+04,8.222578906250000000e+04,7.370644531250000000e+04,6.279035156250000000e+04,4.860050390625000000e+04,3.110449804687500000e+04,1.517729687500000000e+04
1.642267578125000000e+04,1.632084375000000000e+04,1.603213867187500000e+04,1.558136816406250000e+04,1.499337207031250000e+04,1.429360742187500000e+04,1.350848730468750000e+04,1.266583593750000000e+04,1.179860058593750000e+04,1.094172265625000000e+04,1.020050195312500000e+04,9.526901367187500000e+03,8.924528320312500000e+03,8.398507812500000000e+03,7.953593261718750000e+03,7.589965332031250000e+03,7.302011718750000000e+03,7.121488769531250000e+03,7.044152832031250000e+03,7.015753906250000000e+03,7.030320800781250000e+03,7.082228515625000000e+03,7.166107910156250000e+03,7.276360351562500000e+03,7.408496093750000000e+03,7.558111816406250000e+03,7.936907714843750000e+03,8.455994140625000000e+03,8.994785156250000000e+03,9.548209960937500000e+03,1.010886425781250000e+04,1.066141894531250000e+04,1.118305957031250000e+04,1.164478027343750000e+04,1.226432421875000000e+04,1.308143261718750000e+04,1.376139550781250000e+04,1.415168945312500000e+04,1.434911621093750000e+04,1.415907714843750000e+04,1.155189355468750000e+04
2.523967000000000000e+06,2.522870750000000000e+06,2.518742500000000000e+06,2.510154750000000000e+06,2.495542750000000000e+06,2.474911500000000000e+06,2.461018000000000000e+06,2.436801500000000000e+06,2.401306000000000000e+06,2.354486000000000000e+06,2.296638000000000000e+06,2.228409250000000000e+06,2.155241500000000000e+06,2.098240000000000000e+06,2.030079250000000000e+06,1.952484375000000000e+06,1.867473000000000000e+06,1.777049625000000000e+06,1.683040500000000000e+06,1.586987000000000000e+06,1.501651000000000000e+06,1.457356625000000000e+06,1.404536500000000000e+06,1.344905875000000000e+06,1.279689750000000000e+06,1.209836500000000000e+06,1.136026500000000000e+06,1.058684875000000000e+06,9.781588125000000000e+05,8.946859375000000000e+05,8.085273750000000000e+05,7.302918125000000000e+05,6.584611875000000000e+05,5.837186875000000000e+05,5.057869062500000000e+05,4.247192187500000000e+05,3.415575312500000000e+05,2.578709375000000000e+05,1.737127656250000000e+05,9.284399218750000000e+04,3.419719531250000000e+04
3.350885000000000000e+06,3.355715000000000000e+06,3.368685000000000000e+06,3.387363250000000000e+06,3.409155500000000000e+06,3.431360750000000000e+06,3.451227500000000000e+06,3.472375250000000000e+06,3.511098250000000000e+06,3.540975500000000000e+06,3.559755500000000000e+06,3.565544500000000000e+06,3.557220250000000000e+06,3.542174750000000000e+06,3.556453500000000000e+06,3.549944250000000000e+06,3.523312750000000000e+06,3.477450500000000000e+06,3.413505250000000000e+06,3.332843750000000000e+06,3.236850000000000000e+06,3.221326000000000000e+06,3.212527000000000000e+06,3.175722500000000000e+06,3.112511500000000000e+06,3.024342000000000000e+06,2.912434000000000000e+06,2.777783750000000000e+06,2.621459000000000000e+06,2.444569250000000000e+06,2.248466500000000000e+06,2.070952875000000000e+06,1.898379000000000000e+06,1.709706375000000000e+06,1.505686500000000000e+06,1.285847250000000000e+06,1.048766375000000000e+06,8.003560000000000000e+05,5.534381875000000000e+05,3.143170312500000000e+05,1.148661953125000000e+05
3.321986750000000000e+06,3.338842750000000000e+06,3.385929000000000000e+06,3.459530000000000000e+06,3.563777500000000000e+06,3.683653750000000000e+06,3.812597750000000000e+06,3.954824000000000000e+06,4.104990750000000000e+06,4.245104000000000000e+06,4.391525000000000000e+06,4.537150500000000000e+06,4.655941000000000000e+06,4.751872000000000000e+06,4.883903000000000000e+06,4.985721500000000000e+06,5.062241500000000000e+06,5.118412000000000000e+06,5.158939500000000000e+06,5.247993000000000000e+06,5.336076500000000000e+06,5.414641500000000000e+06,5.486659500000000000e+06,5.554385000000000000e+06,5.617554500000000000e+06,5.674789000000000000e+06,5.722995500000000000e+06,5.981632500000000000e+06,6.265968500000000000e+06,6.513609500000000000e+06,6.703378500000000000e+06,6.810883000000000000e+06,6.809395000000000000e+06,6.648702000000000000e+06,6.327306500000000000e+06,5.937957500000000000e+06,5.344884500000000000e+06,4.460778500000000000e+06,2.851275000000000000e+06,8.064573125000000000e+05,1.330497265625000000e+04
5.899175000000000000e+05,5.903197500000000000e+05,5.919465000000000000e+05,5.944965625000000000e+05,5.971311875000000000e+05,5.992612500000000000e+05,6.003448125000000000e+05,6.011594375000000000e+05,6.018000625000000000e+05,6.006068125000000000e+05,5.977296875000000000e+05,5.977840625000000000e+05,5.970681875000000000e+05,5.951758750000000000e+05,5.925925625000000000e+05,5.946596250000000000e+05,5.978005625000000000e+05,6.004536250000000000e+05,6.028784375000000000e+05,6.051519375000000000e+05,6.072670000000000000e+05,6.157201875000000000e+05,6.247298125000000000e+05,6.323875000000000000e+05,6.382521250000000000e+05,6.417761875000000000e+05,6.422973125000000000e+05,6.390308750000000000e+05,6.414876250000000000e+05,6.602648750000000000e+05,6.702758125000000000e+05,6.694959375000000000e+05,6.558754375000000000e+05,6.273903125000000000e+05,5.820694375000000000e+05,5.311108125000000000e+05,4.758270937500000000e+05,4.023470000000000000e+05,3.078131875000000000e+05,1.923208125000000000e+05,7.964251562500000000e+04
3.428630312500000000e+05,3.430209062500000000e+05,3.433863125000000000e+05,3.437531562500000000e+05,3.438842187500000000e+05,3.435412187500000000e+05,3.432791562500000000e+05,3.437942812500000000e+05,3.434057812500000000e+05,3.422174062500000000e+05,3.404083750000000000e+05,3.424048437500000000e+05,3.439363125000000000e+05,3.449947187500000000e+05,3.457781250000000000e+05,3.481774062500000000e+05,3.547740000000000000e+05,3.609841250000000000e+05,3.670110625000000000e+05,3.729990312500000000e+05,3.790517500000000000e+05,3.852231875000000000e+05,3.977972812500000000e+05,4.207410000000000000e+05,4.433461875000000000e+05,4.656318750000000000e+05,4.874824062500000000e+05,5.086013125000000000e+05,5.285363125000000000e+05,5.464053750000000000e+05,5.610796875000000000e+05,5.710573125000000000e+05,5.849332500000000000e+05,5.986336250000000000e+05,6.014406875000000000e+05,5.881866250000000000e+05,5.550004375000000000e+05,4.935340312500000000e+05,3.821626875000000000e+05,2.212493906250000000e+05,8.032550781250000000e+04
3.218128500000000000e+06,3.207590000000000000e+06,3.178089250000000000e+06,3.132797250000000000e+06,3.074866500000000000e+06,3.013353500000000000e+06,2.952806750000000000e+06,2.889550000000000000e+06,2.826308750000000000e+06,2.765938750000000000e+06,2.711359250000000000e+06,2.665325250000000000e+06,2.628568000000000000e+06,2.600834500000000000e+06,2.581933500000000000e+06,2.571181750000000000e+06,2.567176250000000000e+06,2.568444500000000000e+06,2.573295750000000000e+06,2.579710500000000000e+06,2.634503500000000000e+06,2.713337250000000000e+06,2.787019250000000000e+06,2.852663750000000000e+06,2.906923000000000000e+06,2.946072500000000000e+06,2.965977500000000000e+06,2.962127500000000000e+06,2.929721500000000000e+06,2.863140000000000000e+06,2.756909250000000000e+06,2.611899500000000000e+06,2.489332000000000000e+06,2.319447250000000000e+06,2.088405000000000000e+06,1.793657625000000000e+06,1.457727625000000000e+06,1.084316500000000000e+06,6.180508750000000000e+05,1.566593750000000000e+05,2.727998291015625000e+03
1.320100250000000000e+06,1.319262625000000000e+06,1.316462125000000000e+06,1.311152000000000000e+06,1.302676500000000000e+06,1.290328125000000000e+06,1.273402500000000000e+06,1.256318500000000000e+06,1.236034625000000000e+06,1.210036875000000000e+06,1.178389750000000000e+06,1.141403125000000000e+06,1.108437125000000000e+06,1.073869000000000000e+06,1.034006375000000000e+06,9.897887500000000000e+05,9.422306250000000000e+05,9.017483750000000000e+05,8.632283750000000000e+05,8.212889375000000000e+05,7.769770000000000000e+05,7.311559375000000000e+05,6.845031250000000000e+05,6.375672500000000000e+05,6.161968125000000000e+05,5.918246875000000000e+05,5.629334375000000000e+05,5.301811250000000000e+05,4.941137500000000000e+05,4.551683125000000000e+05,4.137373750000000000e+05,3.702411250000000000e+05,3.268556250000000000e+05,2.904239062500000000e+05,2.524983125000000000e+05,2.130688593750000000e+05,1.726212812500000000e+05,1.317930468750000000e+05,9.004398437500000000e+04,4.876249609375000000e+04,1.884865039062500000e+04
6.547426875000000000e+05,6.570941250000000000e+05,6.635660000000000000e+05,6.755772500000000000e+05,6.906567500000000000e+05,7.076055000000000000e+05,7.253282500000000000e+05,7.428101875000000000e+05,7.599161875000000000e+05,7.777150625000000000e+05,8.023101875000000000e+05,8.279516250000000000e+05,8.545325000000000000e+05,8.816378750000000000e+05,9.088476875000000000e+05,9.358855625000000000e+05,9.772893125000000000e+05,1.018502250000000000e+06,1.059120500000000000e+06,1.098993500000000000e+06,1.137964250000000000e+06,1.175950375000000000e+06,1.226796625000000000e+06,1.323716375000000000e+06,1.419637000000000000e+06,1.514444125000000000e+06,1.608078125000000000e+06,1.700577000000000000e+06,1.791686000000000000e+06,1.879621000000000000e+06,1.961941875000000000e+06,2.071171000000000000e+06,2.211491750000000000e+06,2.347076250000000000e+06,2.440333750000000000e+06,2.466689500000000000e+06,2.449665250000000000e+06,2.312090500000000000e+06,1.656091500000000000e+06,5.593254375000000000e+05,4.015644921875000000e+04
1.121422000000000000e+06,1.119901500000000000e+06,1.115302125000000000e+06,1.107544625000000000e+06,1.096531000000000000e+06,1.082158000000000000e+06,1.064330625000000000e+06,1.042992312500000000e+06,1.018300687500000000e+06,9.905562500000000000e+05,9.600944375000000000e+05,9.292333125000000000e+05,8.991891250000000000e+05,8.672656875000000000e+05,8.338916875000000000e+05,7.994800625000000000e+05,7.644079375000000000e+05,7.290350625000000000e+05,6.936436250000000000e+05,6.584117500000000000e+05,6.234928125000000000e+05,5.926056875000000000e+05,5.643945625000000000e+05,5.357697500000000000e+05,5.066484375000000000e+05,4.769300000000000000e+05,4.465031875000000000e+05,4.152465312500000000e+05,3.830643437500000000e+05,3.635938125000000000e+05,3.454657812500000000e+05,3.225625937500000000e+05,2.949634375000000000e+05,2.628244687500000000e+05,2.262836093750000000e+05,1.898399687500000000e+05,1.572104062500000000e+05,1.226591328125000000e+05,8.357170312500000000e+04,4.113697656250000000e+04,1.263612500000000000e+04
8.132825625000000000e+05,8.133296250000000000e+05,8.130515000000000000e+05,8.138673125000000000e+05,8.144095625000000000e+05,8.127420625000000000e+05,8.078565000000000000e+05,7.989352500000000000e+05,7.859108750000000000e+05,7.756723750000000000e+05,7.635419375000000000e+05,7.478728750000000000e+05,7.292601250000000000e+05,7.083532500000000000e+05,6.906694375000000000e+05,6.771332500000000000e+05,6.617893750000000000e+05,6.455399375000000000e+05,6.291170000000000000e+05,6.130277500000000000e+05,5.976847500000000000e+05,5.841278750000000000e+05,5.938808750000000000e+05,6.024821250000000000e+05,6.099980000000000000e+05,6.162838125000000000e+05,6.209429375000000000e+05,6.232751875000000000e+05,6.223855000000000000e+05,6.169418125000000000e+05,6.054430000000000000e+05,5.899594375000000000e+05,5.797890000000000000e+05,5.600765000000000000e+05,5.262737500000000000e+05,4.757401250000000000e+05,4.107958125000000000e+05,3.294931250000000000e+05,2.154668593750000000e+05,8.451105468750000000e+04,1.503145703125000000e+04
1.335539125000000000e+06,1.337140500000000000e+06,1.341851625000000000e+06,1.349493375000000000e+06,1.359849375000000000e+06,1.372684625000000000e+06,1.391338750000000000e+06,1.412404000000000000e+06,1.435490125000000000e+06,1.460257750000000000e+06,1.486447625000000000e+06,1.520311250000000000e+06,1.559418625000000000e+06,1.599178875000000000e+06,1.639346000000000000e+06,1.679899375000000000e+06,1.740450125000000000e+06,1.800140125000000000e+06,1.858833000000000000e+06,1.916482750000000000e+06,1.973019875000000000e+06,2.058771750000000000e+06,2.146441500000000000e+06,2.232201000000000000e+06,2.316227250000000000e+06,2.398661500000000000e+06,2.479692500000000000e+06,2.632047250000000000e+06,2.852729000000000000e+06,3.073255500000000000e+06,3.290252500000000000e+06,3.501452250000000000e+06,3.705255500000000000e+06,3.875860000000000000e+06,4.012894500000000000e+06,4.153041000000000000e+06,4.246505500000000000e+06,4.153578750000000000e+06,3.136992250000000000e+06,1.137673875000000000e+06,7.661052343750000000e+04
7.493028000000000000e+06,7.496848500000000000e+06,7.505942500000000000e+06,7.516594500000000000e+06,7.524974000000000000e+06,7.527254500000000000e+06,7.519721500000000000e+06,7.499222500000000000e+06,7.466595000000000000e+06,7.446195000000000000e+06,7.451478500000000000e+06,7.454469000000000000e+06,7.455668500000000000e+06,7.454317000000000000e+06,7.449778500000000000e+06,7.441349500000000000e+06,7.428109500000000000e+06,7.409095000000000000e+06,7.382612000000000000e+06,7.345882000000000000e+06,7.295975000000000000e+06,7.408411000000000000e+06,7.568294000000000000e+06,7.692656000000000000e+06,7.773601500000000000e+06,7.802551000000000000e+06,7.770436500000000000e+06,7.667874500000000000e+06,7.485615500000000000e+06,7.214033500000000000e+06,6.844872000000000000e+06,6.439104500000000000e+06,6.051616500000000000e+06,5.558092000000000000e+06,4.937442000000000000e+06,4.190092750000000000e+06,3.362356500000000000e+06,2.473230750000000000e+06,1.445712125000000000e+06,4.520865625000000000e+05,3.507145703125000000e+04
3.180391000000000000e+06,3.190857500000000000e+06,3.219043500000000000e+06,3.259775000000000000e+06,3.317206500000000000e+06,3.379568250000000000e+06,3.438325250000000000e+06,3.487361000000000000e+06,3.547715500000000000e+06,3.594100500000000000e+06,3.616109250000000000e+06,3.613707000000000000e+06,3.627771500000000000e+06,3.613137750000000000e+06,3.574605500000000000e+06,3.517432750000000000e+06,3.447228000000000000e+06,3.376976250000000000e+06,3.332478500000000000e+06,3.283115750000000000e+06,3.233366750000000000e+06,3.186410750000000000e+06,3.144372250000000000e+06,3.108985000000000000e+06,3.080891750000000000e+06,3.060336000000000000e+06,3.047098500000000000e+06,3.164571750000000000e+06,3.298743000000000000e+06,3.435765250000000000e+06,3.569906750000000000e+06,3.694137750000000000e+06,3.799884500000000000e+06,3.859293000000000000e+06,3.853626250000000000e+06,3.858350250000000000e+06,3.774860500000000000e+06,3.497087000000000000e+06,2.568750500000000000e+06,9.830133750000000000e+05,8.867189062500000000e+04
5.688421875000000000e+05,5.691375000000000000e+05,5.699972500000000000e+05,5.713626250000000000e+05,5.731537500000000000e+05,5.752750000000000000e+05,5.776203750000000000e+05,5.810401250000000000e+05,5.849928125000000000e+05,5.889516875000000000e+05,5.928299375000000000e+05,5.965670000000000000e+05,6.005431875000000000e+05,6.060359375000000000e+05,6.112510625000000000e+05,6.161900625000000000e+05,6.208565000000000000e+05,6.279401875000000000e+05,6.363674375000000000e+05,6.442650000000000000e+05,6.515824375000000000e+05,6.581963125000000000e+05,6.714298750000000000e+05,6.833035000000000000e+05,6.931815625000000000e+05,7.005356250000000000e+05,7.056945000000000000e+05,7.194012500000000000e+05,7.270988750000000000e+05,7.271025000000000000e+05,7.175545625000000000e+05,6.981859375000000000e+05,7.156843750000000000e+05,7.095489375000000000e+05,6.721000625000000000e+05,6.005327500000000000e+05,5.088175625000000000e+05,4.173784687500000000e+05,2.661292500000000000e+05,7.848779687500000000e+04,2.548715087890625000e+03
1.554290937500000000e+05,1.549202187500000000e+05,1.534463125000000000e+05,1.510886875000000000e+05,1.479314062500000000e+05,1.440610156250000000e+05,1.395662343750000000e+05,1.348931562500000000e+05,1.300341562500000000e+05,1.249252968750000000e+05,1.197079453125000000e+05,1.145171171875000000e+05,1.094605156250000000e+05,1.046293046875000000e+05,1.001091953125000000e+05,9.596314062500000000e+04,9.222707812500000000e+04,8.893388281250000000e+04,8.609938281250000000e+04,8.371633593750000000e+04,8.177755468750000000e+04,8.026531250000000000e+04,7.915304687500000000e+04,8.019996875000000000e+04,8.231760156250000000e+04,8.478767968750000000e+04,8.759153125000000000e+04,9.069939062500000000e+04,9.405775000000000000e+04,9.752498437500000000e+04,1.009120546875000000e+05,1.040318593750000000e+05,1.066838046875000000e+05,1.105033750000000000e+05,1.135604765625000000e+05,1.136933593750000000e+05,1.115351250000000000e+05,1.040930546875000000e+05,7.651731250000000000e+04,2.968389453125000000e+04,4.572155273437500000e+03
4.524654500000000000e+06,4.485524000000000000e+06,4.402496000000000000e+06,4.277380000000000000e+06,4.119473000000000000e+06,3.938297000000000000e+06,3.743321250000000000e+06,3.543937750000000000e+06,3.348380000000000000e+06,3.164442500000000000e+06,3.000271500000000000e+06,2.863549000000000000e+06,2.755401750000000000e+06,2.673888250000000000e+06,2.617419250000000000e+06,2.583792000000000000e+06,2.569713000000000000e+06,2.571781750000000000e+06,2.586756000000000000e+06,2.611605250000000000e+06,2.673040000000000000e+06,2.750497000000000000e+06,2.833675000000000000e+06,2.920412250000000000e+06,3.008600250000000000e+06,3.096012750000000000e+06,3.179908500000000000e+06,3.256852000000000000e+06,3.322475250000000000e+06,3.369375000000000000e+06,3.388769750000000000e+06,3.371306000000000000e+06,3.307035000000000000e+06,3.175458250000000000e+06,2.943236000000000000e+06,2.599382250000000000e+06,2.180500250000000000e+06,1.678066375000000000e+06,9.664361875000000000e+05,2.372627187500000000e+05,4.151792480468750000e+03
1.467925250000000000e+06,1.461165750000000000e+06,1.441847000000000000e+06,1.411316750000000000e+06,1.370894000000000000e+06,1.324857250000000000e+06,1.274603000000000000e+06,1.218671500000000000e+06,1.159045500000000000e+06,1.098082000000000000e+06,1.038209312500000000e+06,9.817080625000000000e+05,9.372705000000000000e+05,8.961641250000000000e+05,8.585725000000000000e+05,8.245301875000000000e+05,7.936000000000000000e+05,7.652615000000000000e+05,7.388802500000000000e+05,7.180256875000000000e+05,7.008153750000000000e+05,6.824777500000000000e+05,6.624603125000000000e+05,6.402134375000000000e+05,6.153202500000000000e+05,5.874305000000000000e+05,5.563026250000000000e+05,5.264274375000000000e+05,5.118372500000000000e+05,4.900203750000000000e+05,4.608187812500000000e+05,4.244579375000000000e+05,3.815746562500000000e+05,3.326902187500000000e+05,2.781319062500000000e+05,2.291984375000000000e+05,1.806569843750000000e+05,1.319775625000000000e+05,7.683678125000000000e+04,2.356471875000000000e+04,2.427074462890625000e+03
3.686835937500000000e+05,3.688858750000000000e+05,3.691558125000000000e+05,3.689375937500000000e+05,3.676644687500000000e+05,3.648185000000000000e+05,3.599751250000000000e+05,3.540064687500000000e+05,3.477438750000000000e+05,3.399972812500000000e+05,3.315683125000000000e+05,3.231475937500000000e+05,3.148748125000000000e+05,3.066393125000000000e+05,2.983491875000000000e+05,2.933209375000000000e+05,2.878925312500000000e+05,2.818627187500000000e+05,2.751782187500000000e+05,2.677501875000000000e+05,2.594876093750000000e+05,2.503336250000000000e+05,2.402638906250000000e+05,2.343762031250000000e+05,2.313640937500000000e+05,2.262141250000000000e+05,2.189397656250000000e+05,2.095910156250000000e+05,1.982502968750000000e+05,1.850363593750000000e+05,1.701082968750000000e+05,1.536925156250000000e+05,1.390583593750000000e+05,1.248876406250000000e+05,1.096248906250000000e+05,9.333732812500000000e+04,7.640234375000000000e+04,5.913955859375000000e+04,4.099814062500000000e+04,2.262477734375000000e+04,9.757110351562500000e+03
1.348613250000000000e+06,1.346989875000000000e+06,1.342011750000000000e+06,1.333468375000000000e+06,1.321107875000000000e+06,1.304666625000000000e+06,1.283896500000000000e+06,1.258630875000000000e+06,1.229190750000000000e+06,1.196193000000000000e+06,1.160283500000000000e+06,1.122112500000000000e+06,1.084834375000000000e+06,1.048174562500000000e+06,1.010274812500000000e+06,9.715375000000000000e+05,9.322885000000000000e+05,8.928540625000000000e+05,8.534643750000000000e+05,8.191560625000000000e+05,7.864526875000000000e+05,7.530815625000000000e+05,7.189889375000000000e+05,6.841058750000000000e+05,6.482923125000000000e+05,6.155738750000000000e+05,5.863798750000000000e+05,5.542935000000000000e+05,5.192221875000000000e+05,4.811047812500000000e+05,4.399570937500000000e+05,4.138354375000000000e+05,3.894471875000000000e+05,3.560938750000000000e+05,3.141472187500000000e+05,2.647822187500000000e+05,2.160023750000000000e+05,1.712085937500000000e+05,1.205316640625000000e+05,6.499528515625000000e+04,2.297997460937500000e+04
1.974730156250000000e+05,1.978772343750000000e+05,1.990054218750000000e+05,2.007288281250000000e+05,2.029157187500000000e+05,2.054314062500000000e+05,2.081385468750000000e+05,2.109025937500000000e+05,2.136395312500000000e+05,2.174083593750000000e+05,2.216836875000000000e+05,2.258007343750000000e+05,2.296490781250000000e+05,2.331028281250000000e+05,2.360381093750000000e+05,2.387780468750000000e+05,2.440087500000000000e+05,2.482541875000000000e+05,2.513929062500000000e+05,2.533167500000000000e+05,2.539265156250000000e+05,2.531419218750000000e+05,2.561143906250000000e+05,2.643571250000000000e+05,2.698696250000000000e+05,2.725280625000000000e+05,2.722419687500000000e+05,2.689596875000000000e+05,2.626718750000000000e+05,2.534359843750000000e+05,2.413558750000000000e+05,2.316944687500000000e+05,2.209320156250000000e+05,2.076861250000000000e+05,1.922613593750000000e+05,1.744065781250000000e+05,1.526822031250000000e+05,1.275212031250000000e+05,1.041179062500000000e+05,8.288328125000000000e+04,5.034263281250000000e+04
1.293482812500000000e+05,1.293581953125000000e+05,1.293798906250000000e+05,1.293969062500000000e+05,1.293896953125000000e+05,1.293386171875000000e+05,1.292264062500000000e+05,1.290443203125000000e+05,1.288334765625000000e+05,1.286653750000000000e+05,1.286150468750000000e+05,1.296503203125000000e+05,1.313586875000000000e+05,1.332734843750000000e+05,1.353829375000000000e+05,1.376678750000000000e+05,1.400950625000000000e+05,1.426280468750000000e+05,1.452177031250000000e+05,1.477958125000000000e+05,1.556288906250000000e+05,1.641641562500000000e+05,1.723629375000000000e+05,1.800701250000000000e+05,1.870992031250000000e+05,1.932379687500000000e+05,1.982417031250000000e+05,2.018297968750000000e+05,2.036961093750000000e+05,2.034734687500000000e+05,2.061293125000000000e+05,2.067458750000000000e+05,2.046276718750000000e+05,1.989916875000000000e+05,1.888650937500000000e+05,1.734926718750000000e+05,1.527423593750000000e+05,1.263167968750000000e+05,9.240632812500000000e+04,5.291845312500000000e+04,2.153602343750000000e+04
4.971597000000000000e+06,4.966325000000000000e+06,4.950316500000000000e+06,4.923137000000000000e+06,4.884192000000000000e+06,4.832779000000000000e+06,4.768136000000000000e+06,4.689540500000000000e+06,4.596823000000000000e+06,4.490257500000000000e+06,4.370330000000000000e+06,4.237756000000000000e+06,4.099275000000000000e+06,3.986866000000000000e+06,3.861007500000000000e+06,3.722763250000000000e+06,3.573497250000000000e+06,3.414796000000000000e+06,3.248339500000000000e+06,3.075781750000000000e+06,2.898800750000000000e+06,2.737760500000000000e+06,2.653918750000000000e+06,2.552483500000000000e+06,2.435725500000000000e+06,2.305823250000000000e+06,2.164800750000000000e+06,2.014497125000000000e+06,1.856674750000000000e+06,1.693031125000000000e+06,1.525210500000000000e+06,1.354669250000000000e+06,1.214981375000000000e+06,1.074660125000000000e+06,9.333987500000000000e+05,7.908716875000000000e+05,6.444341875000000000e+05,4.968700312500000000e+05,3.603814375000000000e+05,2.361545312500000000e+05,1.114443828125000000e+05
2.839617250000000000e+06,2.835511500000000000e+06,2.823222750000000000e+06,2.802480000000000000e+06,2.772746000000000000e+06,2.733399750000000000e+06,2.683895250000000000e+06,2.623948750000000000e+06,2.554206750000000000e+06,2.499038250000000000e+06,2.438934000000000000e+06,2.371556000000000000e+06,2.298996250000000000e+06,2.223499000000000000e+06,2.171496250000000000e+06,2.129167000000000000e+06,2.084786625000000000e+06,2.040619500000000000e+06,1.998429875000000000e+06,1.959266375000000000e+06,1.923868375000000000e+06,1.964722750000000000e+06,2.010205125000000000e+06,2.051845750000000000e+06,2.089588250000000000e+06,2.122680500000000000e+06,2.149541500000000000e+06,2.167631750000000000e+06,2.173719000000000000e+06,2.163052250000000000e+06,2.130274250000000000e+06,2.104654750000000000e+06,2.073157375000000000e+06,2.005761125000000000e+06,1.886273625000000000e+06,1.705040625000000000e+06,1.469435625000000000e+06,1.172474000000000000e+06,7.582263125000000000e+05,2.862710312500000000e+05,4.058898437500000000e+04
8.310681000000000000e+06,8.326126000000000000e+06,8.366336500000000000e+06,8.421395000000000000e+06,8.480720000000000000e+06,8.533455000000000000e+06,8.568849000000000000e+06,8.577197000000000000e+06,8.555397000000000000e+06,8.504518000000000000e+06,8.426294000000000000e+06,8.322876000000000000e+06,8.195278000000000000e+06,8.044298000000000000e+06,7.871397500000000000e+06,7.678842000000000000e+06,7.514340500000000000e+06,7.412535500000000000e+06,7.299013500000000000e+06,7.173073500000000000e+06,7.034038000000000000e+06,6.880823000000000000e+06,6.711988000000000000e+06,6.526016000000000000e+06,6.320576000000000000e+06,6.093145000000000000e+06,5.840982000000000000e+06,5.561061500000000000e+06,5.250512500000000000e+06,4.906140000000000000e+06,4.525424500000000000e+06,4.107969250000000000e+06,3.655610750000000000e+06,3.169022000000000000e+06,2.647823250000000000e+06,2.105120500000000000e+06,1.576623625000000000e+06,1.079589125000000000e+06,5.872453125000000000e+05,1.761932656250000000e+05,1.758167382812500000e+04
2.375491250000000000e+06,2.378895250000000000e+06,2.387884250000000000e+06,2.401217750000000000e+06,2.432301000000000000e+06,2.465245000000000000e+06,2.496842250000000000e+06,2.524085250000000000e+06,2.544906000000000000e+06,2.557961000000000000e+06,2.602885000000000000e+06,2.638676250000000000e+06,2.661232500000000000e+06,2.671442250000000000e+06,2.670429750000000000e+06,2.659879500000000000e+06,2.696660250000000000e+06,2.779693250000000000e+06,2.847076250000000000e+06,2.902638750000000000e+06,2.950087500000000000e+06,2.992511500000000000e+06,3.032412000000000000e+06,3.071946000000000000e+06,3.112095500000000000e+06,3.153321750000000000e+06,3.195302750000000000e+06,3.236654500000000000e+06,3.309783000000000000e+06,3.414786250000000000e+06,3.516711500000000000e+06,3.607993250000000000e+06,3.679345000000000000e+06,3.701813750000000000e+06,3.618309750000000000e+06,3.395250000000000000e+06,3.064896250000000000e+06,2.567472000000000000e+06,1.587101875000000000e+06,3.901260312500000000e+05,2.653138427734375000e+03
2.946611500000000000e+06,2.951918750000000000e+06,2.966241000000000000e+06,2.987062750000000000e+06,3.011738750000000000e+06,3.037530500000000000e+06,3.061648250000000000e+06,3.081371250000000000e+06,3.094783750000000000e+06,3.112241250000000000e+06,3.136218000000000000e+06,3.148850250000000000e+06,3.148990500000000000e+06,3.135864750000000000e+06,3.108917750000000000e+06,3.068104750000000000e+06,3.051958000000000000e+06,3.021074500000000000e+06,2.973472750000000000e+06,2.910154500000000000e+06,2.832166500000000000e+06,2.740529750000000000e+06,2.636228750000000000e+06,2.520225000000000000e+06,2.472164250000000000e+06,2.422926500000000000e+06,2.350711000000000000e+06,2.256100500000000000e+06,2.139818000000000000e+06,2.002667250000000000e+06,1.845766125000000000e+06,1.670850750000000000e+06,1.480484125000000000e+06,1.315800875000000000e+06,1.145093250000000000e+06,9.620820000000000000e+05,7.706551250000000000e+05,5.749176875000000000e+05,3.716850312500000000e+05,1.733741093750000000e+05,4.628643750000000000e+04
3.699812500000000000e+06,3.703087500000000000e+06,3.710731000000000000e+06,3.719035250000000000e+06,3.723933250000000000e+06,3.721266000000000000e+06,3.707022500000000000e+06,3.684148250000000000e+06,3.696364750000000000e+06,3.687347750000000000e+06,3.655546000000000000e+06,3.600573000000000000e+06,3.523892000000000000e+06,3.427984500000000000e+06,3.478218000000000000e+06,3.490533500000000000e+06,3.466336250000000000e+06,3.411632500000000000e+06,3.332253250000000000e+06,3.233539750000000000e+06,3.120259250000000000e+06,2.996040250000000000e+06,2.863477750000000000e+06,2.724564000000000000e+06,2.580183250000000000e+06,2.464853000000000000e+06,2.350218500000000000e+06,2.228627000000000000e+06,2.098984000000000000e+06,1.959797750000000000e+06,1.809643875000000000e+06,1.647772750000000000e+06,1.474109750000000000e+06,1.287835500000000000e+06,1.087413125000000000e+06,8.766597500000000000e+05,6.687956875000000000e+05,4.693768125000000000e+05,2.648155625000000000e+05,8.592632031250000000e+04,1.145446875000000000e+04
1.939872031250000000e+05,1.943366406250000000e+05,1.953429062500000000e+05,1.969426562500000000e+05,1.990721718750000000e+05,2.016673437500000000e+05,2.046637187500000000e+05,2.079967812500000000e+05,2.116047656250000000e+05,2.154280625000000000e+05,2.194078906250000000e+05,2.234884375000000000e+05,2.276322187500000000e+05,2.318115000000000000e+05,2.359998750000000000e+05,2.401832187500000000e+05,2.443631718750000000e+05,2.485432343750000000e+05,2.527317500000000000e+05,2.569435625000000000e+05,2.611939218750000000e+05,2.654938750000000000e+05,2.707480625000000000e+05,2.787130625000000000e+05,2.871927812500000000e+05,2.962115937500000000e+05,3.057620312500000000e+05,3.157836562500000000e+05,3.261699062500000000e+05,3.366338437500000000e+05,3.467851250000000000e+05,3.559584375000000000e+05,3.632210937500000000e+05,3.670021875000000000e+05,3.648805625000000000e+05,3.541312500000000000e+05,3.318580937500000000e+05,2.940599687500000000e+05,2.333696875000000000e+05,1.495817500000000000e+05,6.550230859375000000e+04
7.009446875000000000e+04,7.013911718750000000e+04,7.023944531250000000e+04,7.034058593750000000e+04,7.046363281250000000e+04,7.053909375000000000e+04,7.044863281250000000e+04,7.013750781250000000e+04,6.961289062500000000e+04,6.891839062500000000e+04,6.809974218750000000e+04,6.737850781250000000e+04,6.660891406250000000e+04,6.578192187500000000e+04,6.491194140625000000e+04,6.401341796875000000e+04,6.321508593750000000e+04,6.265489062500000000e+04,6.206726562500000000e+04,6.144767968750000000e+04,6.078973828125000000e+04,6.008113671875000000e+04,5.987871093750000000e+04,5.959798046875000000e+04,5.916085156250000000e+04,5.854066796875000000e+04,5.770747656250000000e+04,5.744342968750000000e+04,5.711149609375000000e+04,5.637914453125000000e+04,5.522109765625000000e+04,5.357834375000000000e+04,5.491197265625000000e+04,5.586901953125000000e+04,5.597418750000000000e+04,5.503224218750000000e+04,5.275907421875000000e+04,5.134803125000000000e+04,5.375823437500000000e+04,6.369487109375000000e+04,5.477366796875000000e+04
8.713372500000000000e+05,8.663063125000000000e+05,8.517410625000000000e+05,8.283753750000000000e+05,8.039906875000000000e+05,7.736368750000000000e+05,7.365932500000000000e+05,6.937689375000000000e+05,6.473403125000000000e+05,6.000060000000000000e+05,5.542733750000000000e+05,5.122456562500000000e+05,4.914548437500000000e+05,4.762168750000000000e+05,4.615762812500000000e+05,4.478959375000000000e+05,4.352810000000000000e+05,4.236853750000000000e+05,4.128968750000000000e+05,4.025286250000000000e+05,3.921112812500000000e+05,3.812441562500000000e+05,3.740203125000000000e+05,3.684585000000000000e+05,3.615475000000000000e+05,3.529771875000000000e+05,3.424979687500000000e+05,3.299503125000000000e+05,3.152123125000000000e+05,2.982343437500000000e+05,2.790117500000000000e+05,2.575678437500000000e+05,2.339805000000000000e+05,2.084605468750000000e+05,1.813466875000000000e+05,1.529482343750000000e+05,1.236494609375000000e+05,9.439010156250000000e+04,6.629138281250000000e+04,4.019154296875000000e+04,1.910333789062500000e+04
7.249379375000000000e+05,7.269759375000000000e+05,7.326070625000000000e+05,7.395772500000000000e+05,7.458417500000000000e+05,7.493887500000000000e+05,7.483258125000000000e+05,7.411185625000000000e+05,7.283315625000000000e+05,7.157549375000000000e+05,6.993026875000000000e+05,6.802463750000000000e+05,6.589526875000000000e+05,6.354305000000000000e+05,6.097783750000000000e+05,5.822980000000000000e+05,5.556787500000000000e+05,5.322622500000000000e+05,5.073757500000000000e+05,4.813320937500000000e+05,4.544371250000000000e+05,4.269702812500000000e+05,3.991789062500000000e+05,3.712876875000000000e+05,3.474387500000000000e+05,3.336925000000000000e+05,3.175184062500000000e+05,2.991897187500000000e+05,2.789753750000000000e+05,2.571301875000000000e+05,2.339129531250000000e+05,2.096007031250000000e+05,1.845080625000000000e+05,1.633382812500000000e+05,1.427922500000000000e+05,1.216646875000000000e+05,1.000615390625000000e+05,7.825262500000000000e+04,5.632284375000000000e+04,3.476190234375000000e+04,1.701268750000000000e+04
3.590865312500000000e+05,3.583458125000000000e+05,3.561106250000000000e+05,3.525155000000000000e+05,3.489393750000000000e+05,3.439010312500000000e+05,3.372452187500000000e+05,3.289023437500000000e+05,3.191269687500000000e+05,3.083613125000000000e+05,2.970627500000000000e+05,2.856767500000000000e+05,2.761378437500000000e+05,2.684049375000000000e+05,2.609523593750000000e+05,2.540086406250000000e+05,2.477452656250000000e+05,2.423165781250000000e+05,2.378146875000000000e+05,2.342472031250000000e+05,2.316071093750000000e+05,2.324899843750000000e+05,2.397057968750000000e+05,2.474093437500000000e+05,2.555445468750000000e+05,2.639991875000000000e+05,2.725840000000000000e+05,2.810107187500000000e+05,2.889014062500000000e+05,2.956678437500000000e+05,3.005969062500000000e+05,3.028175312500000000e+05,3.098964375000000000e+05,3.139198437500000000e+05,3.119370312500000000e+05,3.014557500000000000e+05,2.807632812500000000e+05,2.463347187500000000e+05,1.888975156250000000e+05,1.092886250000000000e+05,4.110982031250000000e+04
1.007453250000000000e+06,1.005040312500000000e+06,9.978581875000000000e+05,9.900644375000000000e+05,9.772454375000000000e+05,9.585247500000000000e+05,9.335088750000000000e+05,9.030741250000000000e+05,8.784376250000000000e+05,8.505276875000000000e+05,8.221771875000000000e+05,7.960374375000000000e+05,7.748232500000000000e+05,7.679862500000000000e+05,7.630673750000000000e+05,7.605292500000000000e+05,7.605921875000000000e+05,7.633033750000000000e+05,7.685045000000000000e+05,7.758215000000000000e+05,8.099060625000000000e+05,8.496728750000000000e+05,8.895793125000000000e+05,9.294028750000000000e+05,9.686631250000000000e+05,1.006698687500000000e+06,1.042578125000000000e+06,1.075035500000000000e+06,1.102494250000000000e+06,1.122572125000000000e+06,1.135289250000000000e+06,1.162817000000000000e+06,1.178760250000000000e+06,1.176376625000000000e+06,1.145354375000000000e+06,1.077421000000000000e+06,9.710620000000000000e+05,8.172447500000000000e+05,5.821463125000000000e+05,2.875937812500000000e+05,8.114909375000000000e+04
6.585788000000000000e+06,6.561017000000000000e+06,6.488895000000000000e+06,6.372832500000000000e+06,6.216389500000000000e+06,6.023262500000000000e+06,5.797276500000000000e+06,5.542575500000000000e+06,5.265447500000000000e+06,4.973272500000000000e+06,4.673152000000000000e+06,4.371662500000000000e+06,4.073708250000000000e+06,3.783236000000000000e+06,3.503859250000000000e+06,3.238097000000000000e+06,2.987230250000000000e+06,2.752305000000000000e+06,2.533584250000000000e+06,2.377414500000000000e+06,2.244441500000000000e+06,2.116075500000000000e+06,1.991690750000000000e+06,1.870613500000000000e+06,1.751937875000000000e+06,1.634700750000000000e+06,1.517987250000000000e+06,1.400957875000000000e+06,1.282904250000000000e+06,1.163336875000000000e+06,1.041986500000000000e+06,9.323103750000000000e+05,8.314438125000000000e+05,7.277599375000000000e+05,6.206778750000000000e+05,5.106520000000000000e+05,4.006367812500000000e+05,2.928944687500000000e+05,1.841464062500000000e+05,8.185400000000000000e+04,2.170139453125000000e+04
3.243662812500000000e+05,3.246353437500000000e+05,3.253545625000000000e+05,3.263846250000000000e+05,3.275792187500000000e+05,3.287886562500000000e+05,3.299350312500000000e+05,3.319545000000000000e+05,3.337218125000000000e+05,3.352734062500000000e+05,3.366504687500000000e+05,3.378918125000000000e+05,3.389855312500000000e+05,3.398985937500000000e+05,3.422308437500000000e+05,3.456113125000000000e+05,3.486443437500000000e+05,3.512927812500000000e+05,3.534988437500000000e+05,3.551697812500000000e+05,3.569219375000000000e+05,3.625166562500000000e+05,3.668979062500000000e+05,3.698510937500000000e+05,3.710925000000000000e+05,3.703067500000000000e+05,3.671431562500000000e+05,3.711600000000000000e+05,3.808712812500000000e+05,3.849040625000000000e+05,3.822681250000000000e+05,3.721599687500000000e+05,3.540325312500000000e+05,3.269083750000000000e+05,2.953049062500000000e+05,2.599672500000000000e+05,2.181524531250000000e+05,1.694190781250000000e+05,1.026082265625000000e+05,3.053774609375000000e+04,2.304567138671875000e+03
8.103550625000000000e+05,8.072605625000000000e+05,7.984471875000000000e+05,7.845640625000000000e+05,7.662148125000000000e+05,7.470174375000000000e+05,7.247907500000000000e+05,6.999239375000000000e+05,6.730910000000000000e+05,6.451465625000000000e+05,6.170633750000000000e+05,5.959825625000000000e+05,5.756474375000000000e+05,5.561935625000000000e+05,5.380400000000000000e+05,5.214310312500000000e+05,5.101457187500000000e+05,5.036247812500000000e+05,4.973674062500000000e+05,4.912247500000000000e+05,4.849637812500000000e+05,4.783038125000000000e+05,4.709238750000000000e+05,4.624707500000000000e+05,4.709775937500000000e+05,4.766180000000000000e+05,4.786050312500000000e+05,4.766081250000000000e+05,4.702766562500000000e+05,4.593060625000000000e+05,4.434127812500000000e+05,4.222333750000000000e+05,3.954429687500000000e+05,3.728847812500000000e+05,3.494132812500000000e+05,3.214506562500000000e+05,2.853537812500000000e+05,2.411052187500000000e+05,1.987619062500000000e+05,1.582934062500000000e+05,8.975532812500000000e+04
2.029162125000000000e+06,2.009079750000000000e+06,1.953280000000000000e+06,1.868824875000000000e+06,1.765694375000000000e+06,1.650692000000000000e+06,1.528228000000000000e+06,1.404146750000000000e+06,1.283485250000000000e+06,1.170549500000000000e+06,1.069057750000000000e+06,9.818716250000000000e+05,9.087558750000000000e+05,8.482095625000000000e+05,7.989518125000000000e+05,7.594564375000000000e+05,7.278038125000000000e+05,7.022193750000000000e+05,6.810798125000000000e+05,6.628748750000000000e+05,6.606500625000000000e+05,6.634663125000000000e+05,6.645534375000000000e+05,6.629380625000000000e+05,6.578760000000000000e+05,6.486981875000000000e+05,6.348357500000000000e+05,6.158888750000000000e+05,5.915425000000000000e+05,5.616401250000000000e+05,5.261527500000000000e+05,4.882390312500000000e+05,4.546677500000000000e+05,4.161612187500000000e+05,3.727045937500000000e+05,3.242136562500000000e+05,2.706373750000000000e+05,2.130355937500000000e+05,1.534888593750000000e+05,9.387694531250000000e+04,4.154502734375000000e+04
2.123110000000000000e+06,2.118026000000000000e+06,2.103825000000000000e+06,2.081901875000000000e+06,2.053503000000000000e+06,2.019835625000000000e+06,1.982158375000000000e+06,1.941854500000000000e+06,1.906618875000000000e+06,1.884026250000000000e+06,1.863450250000000000e+06,1.846921250000000000e+06,1.835255375000000000e+06,1.828647875000000000e+06,1.849589375000000000e+06,1.882332375000000000e+06,1.917972750000000000e+06,1.956249125000000000e+06,1.996808250000000000e+06,2.039212625000000000e+06,2.092773125000000000e+06,2.233880750000000000e+06,2.372536750000000000e+06,2.509012250000000000e+06,2.643693000000000000e+06,2.776944000000000000e+06,2.909183750000000000e+06,3.041004500000000000e+06,3.172471000000000000e+06,3.301050250000000000e+06,3.449633250000000000e+06,3.666817750000000000e+06,3.902632250000000000e+06,4.136254500000000000e+06,4.307495500000000000e+06,4.375654500000000000e+06,4.372946500000000000e+06,4.160735750000000000e+06,3.050751000000000000e+06,1.091516875000000000e+06,8.569796093750000000e+04
2.087372875000000000e+06,2.081366375000000000e+06,2.064463000000000000e+06,2.038033625000000000e+06,2.003254250000000000e+06,1.961330750000000000e+06,1.913668500000000000e+06,1.865937750000000000e+06,1.832228875000000000e+06,1.796698500000000000e+06,1.761587875000000000e+06,1.729515125000000000e+06,1.708213125000000000e+06,1.713280375000000000e+06,1.719482500000000000e+06,1.727270625000000000e+06,1.736507750000000000e+06,1.746715375000000000e+06,1.757161500000000000e+06,1.775570750000000000e+06,1.848219000000000000e+06,1.913093000000000000e+06,1.969691750000000000e+06,2.017181250000000000e+06,2.054255500000000000e+06,2.079317500000000000e+06,2.090390625000000000e+06,2.085100000000000000e+06,2.060856750000000000e+06,2.014487375000000000e+06,1.942851750000000000e+06,1.860591250000000000e+06,1.779681875000000000e+06,1.668001125000000000e+06,1.518074750000000000e+06,1.327512500000000000e+06,1.105293875000000000e+06,8.531095625000000000e+05,5.463669375000000000e+05,2.238741250000000000e+05,4.436713281250000000e+04
7.449919000000000000e+06,7.450321000000000000e+06,7.445516000000000000e+06,7.425804000000000000e+06,7.381274000000000000e+06,7.302591000000000000e+06,7.181673500000000000e+06,7.013247000000000000e+06,6.804380500000000000e+06,6.568601000000000000e+06,6.318782000000000000e+06,6.078667500000000000e+06,5.996029000000000000e+06,5.906270500000000000e+06,5.811385000000000000e+06,5.715008000000000000e+06,5.622024500000000000e+06,5.537328000000000000e+06,5.464471500000000000e+06,5.405091000000000000e+06,5.360659000000000000e+06,5.332085000000000000e+06,5.319704000000000000e+06,5.323605000000000000e+06,5.343001000000000000e+06,5.440290500000000000e+06,5.601080500000000000e+06,5.790693500000000000e+06,6.008722500000000000e+06,6.249620500000000000e+06,6.505608500000000000e+06,6.771838500000000000e+06,7.044447500000000000e+06,7.271688000000000000e+06,7.328765500000000000e+06,7.144643000000000000e+06,6.807757000000000000e+06,6.116674000000000000e+06,4.037781750000000000e+06,1.082448500000000000e+06,1.792043554687500000e+04
4.571115500000000000e+06,4.564885500000000000e+06,4.546579000000000000e+06,4.516562000000000000e+06,4.475003000000000000e+06,4.421978500000000000e+06,4.357563500000000000e+06,4.282034500000000000e+06,4.197067500000000000e+06,4.116417500000000000e+06,4.040059250000000000e+06,3.961502000000000000e+06,3.882575500000000000e+06,3.804909750000000000e+06,3.730366250000000000e+06,3.681341750000000000e+06,3.652195750000000000e+06,3.627232750000000000e+06,3.607454000000000000e+06,3.593176000000000000e+06,3.584628250000000000e+06,3.635430500000000000e+06,3.692323000000000000e+06,3.749163500000000000e+06,3.804013000000000000e+06,3.854236000000000000e+06,3.896220750000000000e+06,4.076105250000000000e+06,4.301521500000000000e+06,4.487490500000000000e+06,4.618637000000000000e+06,4.678488500000000000e+06,4.650186000000000000e+06,4.502462000000000000e+06,4.296029500000000000e+06,3.978260750000000000e+06,3.520569500000000000e+06,2.878142500000000000e+06,1.787019250000000000e+06,4.914787187500000000e+05,1.074369726562500000e+04
7.459841500000000000e+06,7.417068500000000000e+06,7.295573500000000000e+06,7.105843500000000000e+06,6.858554500000000000e+06,6.564435000000000000e+06,6.234150500000000000e+06,5.878332000000000000e+06,5.508769000000000000e+06,5.137556500000000000e+06,4.776036500000000000e+06,4.542806000000000000e+06,4.334574000000000000e+06,4.135606500000000000e+06,3.947808500000000000e+06,3.771802000000000000e+06,3.606202750000000000e+06,3.449601500000000000e+06,3.300133500000000000e+06,3.155155500000000000e+06,3.011976000000000000e+06,2.868269500000000000e+06,2.722032750000000000e+06,2.571459750000000000e+06,2.458374750000000000e+06,2.341423750000000000e+06,2.215760250000000000e+06,2.080637000000000000e+06,1.935616250000000000e+06,1.780873125000000000e+06,1.616965875000000000e+06,1.445038125000000000e+06,1.266816250000000000e+06,1.084197375000000000e+06,8.991228125000000000e+05,7.151891875000000000e+05,5.394400000000000000e+05,3.770730625000000000e+05,2.253773750000000000e+05,9.563390625000000000e+04,2.505727343750000000e+04
4.936265000000000000e+05,4.933187187500000000e+05,4.923826562500000000e+05,4.907854062500000000e+05,4.884806562500000000e+05,4.873216562500000000e+05,4.857594375000000000e+05,4.835030312500000000e+05,4.805101250000000000e+05,4.768009375000000000e+05,4.724189687500000000e+05,4.674201250000000000e+05,4.617753750000000000e+05,4.554201562500000000e+05,4.527518125000000000e+05,4.500680625000000000e+05,4.460527812500000000e+05,4.406148750000000000e+05,4.336770625000000000e+05,4.251717187500000000e+05,4.150408750000000000e+05,4.032559687500000000e+05,3.989593437500000000e+05,3.985332500000000000e+05,3.946044375000000000e+05,3.872234687500000000e+05,3.764702187500000000e+05,3.624625000000000000e+05,3.453532500000000000e+05,3.253567812500000000e+05,3.027241250000000000e+05,2.776890000000000000e+05,2.561246250000000000e+05,2.344724062500000000e+05,2.114461718750000000e+05,1.868879687500000000e+05,1.596229687500000000e+05,1.301471562500000000e+05,1.028114296875000000e+05,7.776469531250000000e+04,4.493156640625000000e+04
1.409630468750000000e+05,1.402775625000000000e+05,1.383200781250000000e+05,1.352364843750000000e+05,1.311726718750000000e+05,1.262782343750000000e+05,1.207089921875000000e+05,1.146332265625000000e+05,1.082788125000000000e+05,1.021504453125000000e+05,9.665281250000000000e+04,9.150008593750000000e+04,8.676367968750000000e+04,8.245329687500000000e+04,7.858343750000000000e+04,7.513839062500000000e+04,7.228669531250000000e+04,7.049264062500000000e+04,6.882947656250000000e+04,6.722719531250000000e+04,6.561236718750000000e+04,6.391781640625000000e+04,6.208221484375000000e+04,6.068058203125000000e+04,6.122670703125000000e+04,6.112426171875000000e+04,6.033688671875000000e+04,5.884737890625000000e+04,5.664830468750000000e+04,5.374780468750000000e+04,5.017023828125000000e+04,4.598125000000000000e+04,4.258483593750000000e+04,3.873626562500000000e+04,3.428623046875000000e+04,2.930246875000000000e+04,2.418020312500000000e+04,1.898922656250000000e+04,1.280407421875000000e+04,6.177689941406250000e+03,2.813679687500000000e+03
3.450907250000000000e+06,3.447179750000000000e+06,3.435698500000000000e+06,3.415825750000000000e+06,3.386826750000000000e+06,3.348041000000000000e+06,3.299015750000000000e+06,3.239824500000000000e+06,3.173155250000000000e+06,3.103137250000000000e+06,3.033860250000000000e+06,2.969110250000000000e+06,2.971317500000000000e+06,3.010343000000000000e+06,3.054091000000000000e+06,3.103267000000000000e+06,3.158413500000000000e+06,3.220080750000000000e+06,3.288393250000000000e+06,3.362756500000000000e+06,3.442369750000000000e+06,3.526159750000000000e+06,3.612741750000000000e+06,3.700409500000000000e+06,3.835326500000000000e+06,4.005308750000000000e+06,4.181096000000000000e+06,4.358187000000000000e+06,4.530332000000000000e+06,4.686344000000000000e+06,4.812213000000000000e+06,4.892432000000000000e+06,4.909731000000000000e+06,4.826474000000000000e+06,4.578808500000000000e+06,4.138706500000000000e+06,3.560701250000000000e+06,2.813608250000000000e+06,1.642644125000000000e+06,3.907055937500000000e+05,3.831588867187500000e+03
5.670358000000000000e+06,5.664800500000000000e+06,5.658639500000000000e+06,5.652575000000000000e+06,5.635350500000000000e+06,5.601781000000000000e+06,5.547001500000000000e+06,5.467118500000000000e+06,5.362967500000000000e+06,5.238134000000000000e+06,5.096368000000000000e+06,4.941326000000000000e+06,4.775312500000000000e+06,4.600158000000000000e+06,4.465411000000000000e+06,4.424581500000000000e+06,4.363077500000000000e+06,4.283461500000000000e+06,4.188076750000000000e+06,4.078713250000000000e+06,3.957095500000000000e+06,3.824517750000000000e+06,3.681809750000000000e+06,3.529573000000000000e+06,3.367756250000000000e+06,3.196061000000000000e+06,3.034772000000000000e+06,2.901414250000000000e+06,2.755420000000000000e+06,2.594060750000000000e+06,2.414707250000000000e+06,2.215705000000000000e+06,1.996386625000000000e+06,1.754839250000000000e+06,1.487861625000000000e+06,1.200531625000000000e+06,9.131364375000000000e+05,6.343418125000000000e+05,3.421397500000000000e+05,9.008151562500000000e+04,4.590993652343750000e+03
1.107784125000000000e+06,1.105690250000000000e+06,1.099945125000000000e+06,1.091232500000000000e+06,1.080149125000000000e+06,1.067287000000000000e+06,1.053299000000000000e+06,1.038926312500000000e+06,1.024846312500000000e+06,1.014779000000000000e+06,1.018946812500000000e+06,1.024911437500000000e+06,1.032917937500000000e+06,1.042863187500000000e+06,1.054627250000000000e+06,1.068032750000000000e+06,1.100500000000000000e+06,1.162154375000000000e+06,1.221447750000000000e+06,1.278525625000000000e+06,1.333419125000000000e+06,1.386214250000000000e+06,1.437076625000000000e+06,1.486096250000000000e+06,1.533178125000000000e+06,1.578118625000000000e+06,1.620405250000000000e+06,1.659095000000000000e+06,1.700195375000000000e+06,1.760646000000000000e+06,1.815827125000000000e+06,1.861587875000000000e+06,1.892694625000000000e+06,1.896952375000000000e+06,1.852502250000000000e+06,1.744754250000000000e+06,1.579694250000000000e+06,1.334958625000000000e+06,9.065996875000000000e+05,3.612540937500000000e+05,6.130412890625000000e+04
9.211958125000000000e+05,9.222607500000000000e+05,9.248901875000000000e+05,9.281717500000000000e+05,9.311393125000000000e+05,9.328125625000000000e+05,9.324703125000000000e+05,9.337645625000000000e+05,9.316129375000000000e+05,9.261345000000000000e+05,9.175046250000000000e+05,9.059274375000000000e+05,8.941966250000000000e+05,8.856126875000000000e+05,8.734098750000000000e+05,8.577908125000000000e+05,8.391129375000000000e+05,8.177635625000000000e+05,7.995361875000000000e+05,7.847877500000000000e+05,7.667565000000000000e+05,7.457796250000000000e+05,7.221336250000000000e+05,6.960539375000000000e+05,6.676714375000000000e+05,6.464363750000000000e+05,6.418516250000000000e+05,6.308963125000000000e+05,6.135775000000000000e+05,5.898481875000000000e+05,5.596731875000000000e+05,5.230285937500000000e+05,4.800096875000000000e+05,4.342065625000000000e+05,3.947482812500000000e+05,3.498346875000000000e+05,2.983676562500000000e+05,2.407117343750000000e+05,1.796432500000000000e+05,1.163009843750000000e+05,5.422044140625000000e+04
4.966373750000000000e+05,4.961897187500000000e+05,4.946247187500000000e+05,4.915494062500000000e+05,4.883281250000000000e+05,4.849661562500000000e+05,4.789166875000000000e+05,4.696625625000000000e+05,4.571738125000000000e+05,4.417586250000000000e+05,4.274865312500000000e+05,4.137065625000000000e+05,3.972838125000000000e+05,3.788900625000000000e+05,3.591999062500000000e+05,3.388405625000000000e+05,3.183450625000000000e+05,3.010314062500000000e+05,2.912524687500000000e+05,2.801978125000000000e+05,2.683575000000000000e+05,2.560439062500000000e+05,2.434243906250000000e+05,2.305973750000000000e+05,2.175638750000000000e+05,2.042839218750000000e+05,1.907023906250000000e+05,1.767598281250000000e+05,1.624052031250000000e+05,1.475997500000000000e+05,1.353826562500000000e+05,1.226544453125000000e+05,1.093876875000000000e+05,9.549631250000000000e+04,8.078242968750000000e+04,6.551775390625000000e+04,5.082736328125000000e+04,3.693217187500000000e+04,2.183906445312500000e+04,7.703350097656250000e+03,1.952129150390625000e+03
3.499977000000000000e+06,3.501733250000000000e+06,3.505128250000000000e+06,3.507162500000000000e+06,3.504726750000000000e+06,3.494765000000000000e+06,3.474417500000000000e+06,3.441441250000000000e+06,3.397067250000000000e+06,3.344489000000000000e+06,3.286875500000000000e+06,3.227132500000000000e+06,3.182500000000000000e+06,3.214071250000000000e+06,3.241689250000000000e+06,3.265504750000000000e+06,3.286108500000000000e+06,3.304153500000000000e+06,3.319798250000000000e+06,3.332404500000000000e+06,3.341193750000000000e+06,3.344932250000000000e+06,3.341918500000000000e+06,3.330212500000000000e+06,3.307206000000000000e+06,3.272091250000000000e+06,3.280481000000000000e+06,3.273153750000000000e+06,3.244981250000000000e+06,3.189763000000000000e+06,3.100944750000000000e+06,2.972610000000000000e+06,2.799660750000000000e+06,2.574794000000000000e+06,2.288519750000000000e+06,1.942824875000000000e+06,1.561486250000000000e+06,1.154622250000000000e+06,6.912602500000000000e+05,2.477545312500000000e+05,3.804865625000000000e+04
1.473219250000000000e+06,1.479446125000000000e+06,1.496714375000000000e+06,1.522943875000000000e+06,1.556066500000000000e+06,1.593987000000000000e+06,1.634552750000000000e+06,1.675700625000000000e+06,1.717037000000000000e+06,1.759211500000000000e+06,1.802911500000000000e+06,1.848749875000000000e+06,1.896497375000000000e+06,1.945465875000000000e+06,1.994931500000000000e+06,2.044276250000000000e+06,2.093036625000000000e+06,2.140725750000000000e+06,2.186688250000000000e+06,2.234124500000000000e+06,2.309142750000000000e+06,2.384166000000000000e+06,2.457782750000000000e+06,2.528308500000000000e+06,2.593486000000000000e+06,2.650661500000000000e+06,2.696642750000000000e+06,2.727585000000000000e+06,2.739161250000000000e+06,2.726013750000000000e+06,2.682426750000000000e+06,2.602625250000000000e+06,2.481154000000000000e+06,2.311441250000000000e+06,2.085956625000000000e+06,1.804204000000000000e+06,1.479475500000000000e+06,1.120912250000000000e+06,7.150747500000000000e+05,3.128495937500000000e+05,7.593764843750000000e+04
7.370737500000000000e+06,7.365297000000000000e+06,7.349270500000000000e+06,7.322951000000000000e+06,7.286473500000000000e+06,7.239865500000000000e+06,7.183096000000000000e+06,7.116179500000000000e+06,7.039784000000000000e+06,6.970722000000000000e+06,6.937887500000000000e+06,6.899033000000000000e+06,6.854489500000000000e+06,6.804739000000000000e+06,6.750543500000000000e+06,6.692592000000000000e+06,6.631306500000000000e+06,6.567205000000000000e+06,6.500396000000000000e+06,6.440500500000000000e+06,6.597317500000000000e+06,6.735799000000000000e+06,6.853608500000000000e+06,6.947787000000000000e+06,7.013801000000000000e+06,7.046165500000000000e+06,7.038186500000000000e+06,6.981751500000000000e+06,6.867919500000000000e+06,6.685343500000000000e+06,6.445697500000000000e+06,6.259778000000000000e+06,5.987268500000000000e+06,5.605717000000000000e+06,5.083197500000000000e+06,4.410288000000000000e+06,3.627772750000000000e+06,2.742701750000000000e+06,1.648185125000000000e+06,5.329665625000000000e+05,4.518712109375000000e+04
5.930322500000000000e+05,5.940375000000000000e+05,5.967645625000000000e+05,6.007436250000000000e+05,6.054761250000000000e+05,6.104568750000000000e+05,6.151936250000000000e+05,6.236730000000000000e+05,6.356661875000000000e+05,6.467168750000000000e+05,6.567297500000000000e+05,6.656763125000000000e+05,6.735588750000000000e+05,6.804065625000000000e+05,7.133897500000000000e+05,7.502532500000000000e+05,7.841591250000000000e+05,8.153985000000000000e+05,8.443119375000000000e+05,8.712938125000000000e+05,8.967244375000000000e+05,9.209538125000000000e+05,9.442985625000000000e+05,9.670248125000000000e+05,9.952703750000000000e+05,1.036459250000000000e+06,1.079786750000000000e+06,1.125168000000000000e+06,1.172253500000000000e+06,1.219382125000000000e+06,1.264275750000000000e+06,1.304523750000000000e+06,1.337317875000000000e+06,1.351909625000000000e+06,1.326227750000000000e+06,1.248451875000000000e+06,1.133959875000000000e+06,9.588918750000000000e+05,5.933433750000000000e+05,1.443101718750000000e+05,1.485683349609375000e+03
1.705550250000000000e+06,1.708333750000000000e+06,1.715829125000000000e+06,1.726586625000000000e+06,1.743545375000000000e+06,1.761302500000000000e+06,1.777934375000000000e+06,1.791875125000000000e+06,1.804084125000000000e+06,1.819944125000000000e+06,1.833552250000000000e+06,1.845719125000000000e+06,1.859353750000000000e+06,1.884475125000000000e+06,1.908377625000000000e+06,1.931679375000000000e+06,1.955025250000000000e+06,1.997125875000000000e+06,2.043444500000000000e+06,2.089647125000000000e+06,2.136062500000000000e+06,2.182783250000000000e+06,2.244512250000000000e+06,2.327198500000000000e+06,2.408005500000000000e+06,2.485895250000000000e+06,2.559172250000000000e+06,2.625284250000000000e+06,2.696250500000000000e+06,2.896457250000000000e+06,3.070913250000000000e+06,3.207016000000000000e+06,3.290428250000000000e+06,3.292957000000000000e+06,3.167130250000000000e+06,3.010627500000000000e+06,2.776422750000000000e+06,2.380233500000000000e+06,1.551608000000000000e+06,4.338945000000000000e+05,5.361804687500000000e+03
6.013141000000000000e+06,6.001211000000000000e+06,5.964563500000000000e+06,5.901682500000000000e+06,5.810994000000000000e+06,5.691140500000000000e+06,5.562274500000000000e+06,5.409945500000000000e+06,5.229837000000000000e+06,5.028541000000000000e+06,4.812626500000000000e+06,4.588270000000000000e+06,4.359663000000000000e+06,4.130107000000000000e+06,3.902921250000000000e+06,3.684812500000000000e+06,3.507594250000000000e+06,3.333895500000000000e+06,3.165267250000000000e+06,3.002187500000000000e+06,2.844965000000000000e+06,2.693319750000000000e+06,2.546466750000000000e+06,2.403521500000000000e+06,2.286723250000000000e+06,2.237217750000000000e+06,2.174771750000000000e+06,2.098319750000000000e+06,2.006738250000000000e+06,1.898980125000000000e+06,1.774174125000000000e+06,1.631920000000000000e+06,1.472572625000000000e+06,1.330688875000000000e+06,1.187233625000000000e+06,1.027392250000000000e+06,8.504441875000000000e+05,6.590065000000000000e+05,4.564949062500000000e+05,2.500091406250000000e+05,8.589575000000000000e+04
1.228615781250000000e+05,1.231205390625000000e+05,1.238247656250000000e+05,1.248582421875000000e+05,1.260984218750000000e+05,1.277846171875000000e+05,1.298193125000000000e+05,1.317172812500000000e+05,1.333959531250000000e+05,1.348178593750000000e+05,1.367609531250000000e+05,1.392204843750000000e+05,1.412683125000000000e+05,1.428748750000000000e+05,1.440246562500000000e+05,1.469098437500000000e+05,1.497379375000000000e+05,1.519787031250000000e+05,1.537040781250000000e+05,1.549973437500000000e+05,1.559411875000000000e+05,1.637393593750000000e+05,1.716564843750000000e+05,1.789087968750000000e+05,1.856051718750000000e+05,1.918364062500000000e+05,1.976538750000000000e+05,2.030537343750000000e+05,2.079722968750000000e+05,2.121374843750000000e+05,2.202140156250000000e+05,2.287928281250000000e+05,2.365880312500000000e+05,2.420694062500000000e+05,2.421758906250000000e+05,2.346278593750000000e+05,2.198832343750000000e+05,1.936359531250000000e+05,1.369225781250000000e+05,5.567289453125000000e+04,1.035855371093750000e+04
5.501755500000000000e+06,5.499712000000000000e+06,5.493572500000000000e+06,5.483277000000000000e+06,5.468722000000000000e+06,5.449773000000000000e+06,5.426280000000000000e+06,5.398134500000000000e+06,5.365681000000000000e+06,5.329544500000000000e+06,5.290369500000000000e+06,5.248801000000000000e+06,5.205311500000000000e+06,5.179660000000000000e+06,5.167009500000000000e+06,5.153514500000000000e+06,5.138932500000000000e+06,5.122991500000000000e+06,5.105037500000000000e+06,5.083843000000000000e+06,5.058062500000000000e+06,5.025731500000000000e+06,4.984314000000000000e+06,4.931045500000000000e+06,4.862282500000000000e+06,4.871039000000000000e+06,4.939749500000000000e+06,4.971178000000000000e+06,4.956381500000000000e+06,4.884715500000000000e+06,4.745276500000000000e+06,4.529163000000000000e+06,4.230363500000000000e+06,3.839722750000000000e+06,3.475777500000000000e+06,3.020261000000000000e+06,2.491632750000000000e+06,1.889818375000000000e+06,1.124256500000000000e+06,3.242340937500000000e+05,1.136083593750000000e+04
5.846160500000000000e+06,5.814118500000000000e+06,5.722212500000000000e+06,5.576621500000000000e+06,5.383784000000000000e+06,5.150832000000000000e+06,4.897549500000000000e+06,4.638008000000000000e+06,4.364714500000000000e+06,4.093081000000000000e+06,3.837137500000000000e+06,3.608528000000000000e+06,3.409836750000000000e+06,3.239714750000000000e+06,3.098620250000000000e+06,3.019035000000000000e+06,2.957368500000000000e+06,2.910664500000000000e+06,2.875429750000000000e+06,2.847354250000000000e+06,2.821915000000000000e+06,2.794955250000000000e+06,2.789088250000000000e+06,2.870216250000000000e+06,2.929890750000000000e+06,2.963888750000000000e+06,2.968169000000000000e+06,2.939290500000000000e+06,2.874160500000000000e+06,2.770347750000000000e+06,2.626261750000000000e+06,2.472129500000000000e+06,2.324201750000000000e+06,2.137078000000000000e+06,1.906209125000000000e+06,1.631940375000000000e+06,1.325404125000000000e+06,9.948386875000000000e+05,6.281206875000000000e+05,2.646641562500000000e+05,5.644694921875000000e+04
7.525490625000000000e+04,7.519703125000000000e+04,7.497553125000000000e+04,7.450688281250000000e+04,7.370286718750000000e+04,7.248267187500000000e+04,7.080307812500000000e+04,6.901117968750000000e+04,6.674517968750000000e+04,6.416198828125000000e+04,6.141659765625000000e+04,5.865047656250000000e+04,5.642284765625000000e+04,5.435445703125000000e+04,5.235280468750000000e+04,5.047038281250000000e+04,4.874852734375000000e+04,4.765582421875000000e+04,4.708019140625000000e+04,4.663482421875000000e+04,4.633529296875000000e+04,4.618739062500000000e+04,4.618723046875000000e+04,4.671920312500000000e+04,4.933704296875000000e+04,5.196186328125000000e+04,5.459033984375000000e+04,5.720140625000000000e+04,5.975911718750000000e+04,6.220875000000000000e+04,6.447564062500000000e+04,6.641260937500000000e+04,6.994535937500000000e+04,7.347000781250000000e+04,7.681476562500000000e+04,7.948440625000000000e+04,7.980550000000000000e+04,7.680293750000000000e+04,7.320441406250000000e+04,6.852780468750000000e+04,4.649076562500000000e+04
1.983179625000000000e+06,1.975212750000000000e+06,1.953837250000000000e+06,1.923805000000000000e+06,1.880966250000000000e+06,1.825086875000000000e+06,1.756587625000000000e+06,1.676835500000000000e+06,1.601543000000000000e+06,1.526990875000000000e+06,1.450286500000000000e+06,1.376111625000000000e+06,1.307211375000000000e+06,1.258804500000000000e+06,1.222156625000000000e+06,1.191138250000000000e+06,1.166505875000000000e+06,1.148658500000000000e+06,1.137547875000000000e+06,1.132632500000000000e+06,1.133215625000000000e+06,1.180878500000000000e+06,1.231531125000000000e+06,1.285245000000000000e+06,1.341957875000000000e+06,1.401448500000000000e+06,1.463420500000000000e+06,1.527571250000000000e+06,1.593242125000000000e+06,1.658425625000000000e+06,1.720476500000000000e+06,1.798302250000000000e+06,1.906437625000000000e+06,2.009443875000000000e+06,2.076771125000000000e+06,2.087049250000000000e+06,2.053710625000000000e+06,1.914830125000000000e+06,1.371401125000000000e+06,4.781997500000000000e+05,3.847926171875000000e+04
5.811933000000000000e+06,5.816927500000000000e+06,5.829950000000000000e+06,5.847769500000000000e+06,5.866933000000000000e+06,5.883947500000000000e+06,5.895437000000000000e+06,5.933715000000000000e+06,5.994690000000000000e+06,6.044383500000000000e+06,6.081822500000000000e+06,6.106824500000000000e+06,6.120993000000000000e+06,6.126801500000000000e+06,6.126855000000000000e+06,6.123914000000000000e+06,6.202807500000000000e+06,6.389621000000000000e+06,6.570555000000000000e+06,6.749953500000000000e+06,6.931910500000000000e+06,7.119283500000000000e+06,7.313766500000000000e+06,7.516482000000000000e+06,7.726360500000000000e+06,7.941238000000000000e+06,8.157189000000000000e+06,8.367828000000000000e+06,8.564005000000000000e+06,8.764799000000000000e+06,9.087801000000000000e+06,9.376601000000000000e+06,9.604044000000000000e+06,9.695461000000000000e+06,9.508096000000000000e+06,8.951497000000000000e+06,8.089017500000000000e+06,6.771711500000000000e+06,4.243574000000000000e+06,1.121680375000000000e+06,1.567366406250000000e+04
8.581186875000000000e+05,8.565193125000000000e+05,8.521360000000000000e+05,8.455720000000000000e+05,8.374096250000000000e+05,8.282155625000000000e+05,8.185476875000000000e+05,8.089611250000000000e+05,8.005298750000000000e+05,7.941588125000000000e+05,7.896224375000000000e+05,7.874721250000000000e+05,7.877998125000000000e+05,7.904693750000000000e+05,7.953576875000000000e+05,8.022280625000000000e+05,8.129068125000000000e+05,8.247745625000000000e+05,8.372831875000000000e+05,8.498338125000000000e+05,8.617747500000000000e+05,8.747798125000000000e+05,8.889201250000000000e+05,9.001423125000000000e+05,9.075375625000000000e+05,9.101465625000000000e+05,9.141476250000000000e+05,9.149820625000000000e+05,9.070490625000000000e+05,8.889673750000000000e+05,8.672455000000000000e+05,8.444780625000000000e+05,8.049909375000000000e+05,7.474920625000000000e+05,7.079064375000000000e+05,6.687300625000000000e+05,5.908453125000000000e+05,4.784728125000000000e+05,3.688534062500000000e+05,2.286246875000000000e+05,8.645956250000000000e+04
1.894979062500000000e+05,1.897160625000000000e+05,1.903617812500000000e+05,1.914202968750000000e+05,1.929378750000000000e+05,1.950897031250000000e+05,1.976584687500000000e+05,2.006234531250000000e+05,2.039676250000000000e+05,2.076780156250000000e+05,2.117456875000000000e+05,2.161633593750000000e+05,2.219150781250000000e+05,2.282441875000000000e+05,2.348443593750000000e+05,2.416694062500000000e+05,2.486719531250000000e+05,2.569096718750000000e+05,2.668771562500000000e+05,2.768690000000000000e+05,2.868262500000000000e+05,2.966893750000000000e+05,3.064158437500000000e+05,3.213204687500000000e+05,3.358572500000000000e+05,3.498860312500000000e+05,3.632083125000000000e+05,3.755440000000000000e+05,3.886625937500000000e+05,4.216837500000000000e+05,4.518202500000000000e+05,4.775329687500000000e+05,4.969044375000000000e+05,5.067461875000000000e+05,5.020954687500000000e+05,4.955181250000000000e+05,4.787716562500000000e+05,4.373817187500000000e+05,3.471182187500000000e+05,2.023977031250000000e+05,7.146598437500000000e+04
2.728417187500000000e+05,2.733211875000000000e+05,2.744673437500000000e+05,2.757876250000000000e+05,2.779895000000000000e+05,2.802840000000000000e+05,2.812924375000000000e+05,2.806095937500000000e+05,2.803460000000000000e+05,2.804425312500000000e+05,2.795366562500000000e+05,2.781625625000000000e+05,2.765594687500000000e+05,2.787784687500000000e+05,2.810800000000000000e+05,2.827703750000000000e+05,2.839795937500000000e+05,2.847913750000000000e+05,2.852080937500000000e+05,2.851398125000000000e+05,2.914494375000000000e+05,3.008803750000000000e+05,3.087673125000000000e+05,3.149690937500000000e+05,3.192854687500000000e+05,3.214875312500000000e+05,3.213283750000000000e+05,3.185522500000000000e+05,3.129218125000000000e+05,3.042502500000000000e+05,2.954905000000000000e+05,2.886758125000000000e+05,2.788346562500000000e+05,2.657356250000000000e+05,2.496056406250000000e+05,2.297699218750000000e+05,2.036143281250000000e+05,1.714179687500000000e+05,1.409108125000000000e+05,1.122982187500000000e+05,6.494633984375000000e+04
4.415976250000000000e+05,4.420513750000000000e+05,4.429367187500000000e+05,4.434920000000000000e+05,4.429287812500000000e+05,4.404770625000000000e+05,4.354287812500000000e+05,4.272386875000000000e+05,4.171750625000000000e+05,4.055380312500000000e+05,3.919670625000000000e+05,3.770242812500000000e+05,3.609893750000000000e+05,3.440355000000000000e+05,3.263679375000000000e+05,3.108370312500000000e+05,2.948152812500000000e+05,2.784410312500000000e+05,2.619476250000000000e+05,2.454961250000000000e+05,2.292344062500000000e+05,2.151219843750000000e+05,2.022885625000000000e+05,1.893321093750000000e+05,1.763315468750000000e+05,1.633465156250000000e+05,1.504208125000000000e+05,1.377791562500000000e+05,1.321926250000000000e+05,1.251420312500000000e+05,1.167506328125000000e+05,1.071482343750000000e+05,9.649202343750000000e+04,8.495381250000000000e+04,7.411988281250000000e+04,6.459386718750000000e+04,5.455489843750000000e+04,4.402300000000000000e+04,3.273141601562500000e+04,2.062133984375000000e+04,1.046955078125000000e+04
4.754765000000000000e+05,4.743810000000000000e+05,4.711455937500000000e+05,4.658440937500000000e+05,4.585495000000000000e+05,4.493375937500000000e+05,4.382904062500000000e+05,4.255120312500000000e+05,4.112485312500000000e+05,3.958261250000000000e+05,3.795678125000000000e+05,3.627838125000000000e+05,3.457270937500000000e+05,3.297874375000000000e+05,3.153140937500000000e+05,3.009400937500000000e+05,2.867900312500000000e+05,2.729863125000000000e+05,2.596163437500000000e+05,2.467172343750000000e+05,2.343213281250000000e+05,2.224290312500000000e+05,2.110132187500000000e+05,2.000434062500000000e+05,1.956111718750000000e+05,1.920347812500000000e+05,1.879445625000000000e+05,1.832935468750000000e+05,1.780371406250000000e+05,1.721725156250000000e+05,1.656942343750000000e+05,1.584480468750000000e+05,1.501972968750000000e+05,1.448043906250000000e+05,1.413595156250000000e+05,1.382946250000000000e+05,1.319639531250000000e+05,1.221801015625000000e+05,1.226179843750000000e+05,1.391888281250000000e+05,1.096339140625000000e+05
1.278271796875000000e+05,1.271151406250000000e+05,1.251020625000000000e+05,1.219687343750000000e+05,1.178967578125000000e+05,1.130742578125000000e+05,1.076988203125000000e+05,1.019822109375000000e+05,9.618828125000000000e+04,9.071619531250000000e+04,8.596432031250000000e+04,8.185156250000000000e+04,7.842765625000000000e+04,7.566403906250000000e+04,7.354132812500000000e+04,7.201738281250000000e+04,7.150885937500000000e+04,7.157174218750000000e+04,7.197117968750000000e+04,7.262399218750000000e+04,7.344042187500000000e+04,7.433747656250000000e+04,7.599310937500000000e+04,7.798187500000000000e+04,7.978905468750000000e+04,8.134004687500000000e+04,8.255628125000000000e+04,8.335811718750000000e+04,8.546829687500000000e+04,9.014999218750000000e+04,9.400479687500000000e+04,9.679896093750000000e+04,9.822121875000000000e+04,9.822472656250000000e+04,9.720333593750000000e+04,9.960802343750000000e+04,9.935755468750000000e+04,9.589598437500000000e+04,9.885998437500000000e+04,1.132172421875000000e+05,9.044557812500000000e+04
1.087123906250000000e+05,1.086607812500000000e+05,1.084999375000000000e+05,1.082175546875000000e+05,1.077985703125000000e+05,1.079180937500000000e+05,1.096048828125000000e+05,1.112698593750000000e+05,1.128563906250000000e+05,1.143391093750000000e+05,1.157038906250000000e+05,1.169473515625000000e+05,1.180675000000000000e+05,1.190662968750000000e+05,1.199536718750000000e+05,1.207480703125000000e+05,1.214734609375000000e+05,1.221552109375000000e+05,1.228134765625000000e+05,1.245058515625000000e+05,1.273506328125000000e+05,1.303535468750000000e+05,1.334906093750000000e+05,1.367335781250000000e+05,1.400369375000000000e+05,1.433463437500000000e+05,1.465835156250000000e+05,1.496347187500000000e+05,1.523722031250000000e+05,1.546490781250000000e+05,1.562935312500000000e+05,1.569695312500000000e+05,1.562147500000000000e+05,1.538221250000000000e+05,1.499623437500000000e+05,1.439116406250000000e+05,1.329773125000000000e+05,1.170623046875000000e+05,1.033119062500000000e+05,9.186682031250000000e+04,5.913024218750000000e+04
1.993745750000000000e+06,1.997822000000000000e+06,2.008272000000000000e+06,2.022175250000000000e+06,2.046563375000000000e+06,2.071573000000000000e+06,2.091146375000000000e+06,2.101673250000000000e+06,2.111241000000000000e+06,2.126207750000000000e+06,2.125265500000000000e+06,2.107997750000000000e+06,2.075871500000000000e+06,2.064563875000000000e+06,2.039425750000000000e+06,2.000775500000000000e+06,1.952251750000000000e+06,1.897229125000000000e+06,1.838485000000000000e+06,1.778078750000000000e+06,1.754727250000000000e+06,1.751989000000000000e+06,1.744122875000000000e+06,1.732509625000000000e+06,1.717381000000000000e+06,1.698446000000000000e+06,1.674848250000000000e+06,1.645057750000000000e+06,1.607273375000000000e+06,1.559063375000000000e+06,1.497847750000000000e+06,1.441915125000000000e+06,1.387791500000000000e+06,1.314532625000000000e+06,1.216348625000000000e+06,1.088919500000000000e+06,9.321086250000000000e+05,7.449975625000000000e+05,5.178966562500000000e+05,2.669098125000000000e+05,8.301311718750000000e+04
6.547426875000000000e+05,6.570941250000000000e+05,6.635660000000000000e+05,6.755772500000000000e+05,6.906567500000000000e+05,7.076055000000000000e+05,7.253282500000000000e+05,7.428101875000000000e+05,7.599161875000000000e+05,7.777150625000000000e+05,8.023101875000000000e+05,8.279516250000000000e+05,8.545325000000000000e+05,8.816378750000000000e+05,9.088476875000000000e+05,9.358855625000000000e+05,9.772893125000000000e+05,1.018502250000000000e+06,1.059120500000000000e+06,1.098993500000000000e+06,1.137964250000000000e+06,1.175950375000000000e+06,1.226796625000000000e+06,1.323716375000000000e+06,1.419637000000000000e+06,1.514444125000000000e+06,1.608078125000000000e+06,1.700577000000000000e+06,1.791686000000000000e+06,1.879621000000000000e+06,1.961941875000000000e+06,2.071171000000000000e+06,2.211491750000000000e+06,2.347076250000000000e+06,2.440333750000000000e+06,2.466689500000000000e+06,2.449665250000000000e+06,2.312090500000000000e+06,1.656091500000000000e+06,5.593254375000000000e+05,4.015644921875000000e+04
1.361219125000000000e+06,1.363839375000000000e+06,1.370316250000000000e+06,1.378459125000000000e+06,1.385988250000000000e+06,1.394952875000000000e+06,1.402099250000000000e+06,1.401789125000000000e+06,1.393654125000000000e+06,1.378525250000000000e+06,1.357292000000000000e+06,1.339482875000000000e+06,1.319912250000000000e+06,1.294263750000000000e+06,1.262701000000000000e+06,1.225724625000000000e+06,1.184139625000000000e+06,1.146951875000000000e+06,1.112943125000000000e+06,1.074103500000000000e+06,1.031141687500000000e+06,9.846746875000000000e+05,9.352246250000000000e+05,8.832551875000000000e+05,8.290865625000000000e+05,8.061138125000000000e+05,7.777765000000000000e+05,7.419380000000000000e+05,6.989997500000000000e+05,6.493090000000000000e+05,5.933026250000000000e+05,5.317736250000000000e+05,4.658594062500000000e+05,4.040047500000000000e+05,3.438349062500000000e+05,2.799357812500000000e+05,2.164808437500000000e+05,1.546618125000000000e+05,8.763582031250000000e+04,2.614641015625000000e+04,2.713171142578125000e+03
6.074420000000000000e+06,6.064512000000000000e+06,6.034316000000000000e+06,5.982606500000000000e+06,5.907793500000000000e+06,5.808287000000000000e+06,5.684239000000000000e+06,5.578585000000000000e+06,5.445816000000000000e+06,5.287896500000000000e+06,5.108057000000000000e+06,4.910578000000000000e+06,4.699818500000000000e+06,4.516494500000000000e+06,4.345330000000000000e+06,4.162390250000000000e+06,3.971706750000000000e+06,3.776825750000000000e+06,3.580364500000000000e+06,3.383794250000000000e+06,3.188124250000000000e+06,2.993744500000000000e+06,2.886831750000000000e+06,2.777849750000000000e+06,2.654872250000000000e+06,2.518568500000000000e+06,2.369441250000000000e+06,2.207995250000000000e+06,2.034845875000000000e+06,1.850813625000000000e+06,1.657090375000000000e+06,1.455890125000000000e+06,1.262998125000000000e+06,1.088910250000000000e+06,9.086783750000000000e+05,7.250185000000000000e+05,5.477607500000000000e+05,3.807385000000000000e+05,2.111549843750000000e+05,6.273609765625000000e+04,5.552012207031250000e+03
1.576395500000000000e+06,1.568479750000000000e+06,1.545608250000000000e+06,1.509048750000000000e+06,1.460112375000000000e+06,1.400787500000000000e+06,1.340119250000000000e+06,1.271299875000000000e+06,1.197311000000000000e+06,1.121829250000000000e+06,1.048313750000000000e+06,9.797616875000000000e+05,9.173663750000000000e+05,8.614938125000000000e+05,8.216641875000000000e+05,7.882502500000000000e+05,7.598862500000000000e+05,7.362564375000000000e+05,7.168199375000000000e+05,7.007058125000000000e+05,6.869982500000000000e+05,6.747643125000000000e+05,6.801126250000000000e+05,6.940663750000000000e+05,7.047743750000000000e+05,7.112600000000000000e+05,7.124928125000000000e+05,7.074716250000000000e+05,6.951827500000000000e+05,6.746601250000000000e+05,6.450548750000000000e+05,6.095163750000000000e+05,5.789563750000000000e+05,5.387988750000000000e+05,4.872413750000000000e+05,4.237629375000000000e+05,3.508784062500000000e+05,2.697606875000000000e+05,1.745347812500000000e+05,7.485450000000000000e+04,1.742166992187500000e+04
5.588669375000000000e+05,5.594331875000000000e+05,5.610178125000000000e+05,5.634443750000000000e+05,5.665334375000000000e+05,5.701068125000000000e+05,5.739902500000000000e+05,5.780337500000000000e+05,5.822763750000000000e+05,5.969868125000000000e+05,6.158848125000000000e+05,6.361925625000000000e+05,6.578581875000000000e+05,6.806799375000000000e+05,7.044498750000000000e+05,7.289994375000000000e+05,7.542130625000000000e+05,7.799683750000000000e+05,8.061345625000000000e+05,8.325733125000000000e+05,8.591355000000000000e+05,8.856991250000000000e+05,9.121683750000000000e+05,9.398868750000000000e+05,9.836070000000000000e+05,1.029841437500000000e+06,1.078564250000000000e+06,1.129698250000000000e+06,1.182934500000000000e+06,1.236966125000000000e+06,1.289983375000000000e+06,1.340043750000000000e+06,1.384851500000000000e+06,1.414963250000000000e+06,1.410569250000000000e+06,1.359289875000000000e+06,1.269915625000000000e+06,1.114942750000000000e+06,7.652643750000000000e+05,2.834290000000000000e+05,3.878334375000000000e+04
1.229432968750000000e+05,1.232848046875000000e+05,1.242273750000000000e+05,1.256385546875000000e+05,1.274297109375000000e+05,1.298080156250000000e+05,1.322549218750000000e+05,1.345990156250000000e+05,1.366763750000000000e+05,1.395220468750000000e+05,1.417737187500000000e+05,1.432595937500000000e+05,1.442828281250000000e+05,1.459891718750000000e+05,1.466775156250000000e+05,1.464076406250000000e+05,1.452743750000000000e+05,1.434224843750000000e+05,1.428190781250000000e+05,1.413113437500000000e+05,1.390174531250000000e+05,1.360270625000000000e+05,1.324047656250000000e+05,1.282017421875000000e+05,1.234424843750000000e+05,1.181412968750000000e+05,1.152359687500000000e+05,1.131221093750000000e+05,1.099131250000000000e+05,1.055667031250000000e+05,1.000472187500000000e+05,9.334864062500000000e+04,8.550835156250000000e+04,7.656814062500000000e+04,6.738640625000000000e+04,5.908994921875000000e+04,5.015579296875000000e+04,4.060755859375000000e+04,2.972230078125000000e+04,1.768234960937500000e+04,8.591610351562500000e+03
1.192233500000000000e+06,1.186530125000000000e+06,1.170275750000000000e+06,1.144536750000000000e+06,1.111784125000000000e+06,1.073215750000000000e+06,1.028190000000000000e+06,9.779673125000000000e+05,9.245606875000000000e+05,8.738255625000000000e+05,8.237209375000000000e+05,7.766770000000000000e+05,7.358565625000000000e+05,7.026743125000000000e+05,6.729368125000000000e+05,6.467671875000000000e+05,6.258661875000000000e+05,6.125293750000000000e+05,6.001574375000000000e+05,5.882572500000000000e+05,5.762094375000000000e+05,5.637016875000000000e+05,5.584793125000000000e+05,5.504542500000000000e+05,5.393818750000000000e+05,5.250376250000000000e+05,5.072420000000000000e+05,4.859132187500000000e+05,4.729321250000000000e+05,4.679042812500000000e+05,4.556115937500000000e+05,4.358915000000000000e+05,4.087000312500000000e+05,3.744759062500000000e+05,3.341367187500000000e+05,3.003065000000000000e+05,2.625933750000000000e+05,2.186759843750000000e+05,1.748270781250000000e+05,1.307627187500000000e+05,7.047346875000000000e+04
7.991976250000000000e+05,7.960908750000000000e+05,7.872551250000000000e+05,7.733970625000000000e+05,7.552111250000000000e+05,7.333951875000000000e+05,7.086627500000000000e+05,6.817740625000000000e+05,6.537611250000000000e+05,6.257866875000000000e+05,5.989758750000000000e+05,5.743435000000000000e+05,5.522773125000000000e+05,5.336176875000000000e+05,5.225943125000000000e+05,5.138997187500000000e+05,5.073009375000000000e+05,5.025568125000000000e+05,4.993385937500000000e+05,4.971747500000000000e+05,4.955636562500000000e+05,4.939823125000000000e+05,5.001060312500000000e+05,5.171790625000000000e+05,5.316538125000000000e+05,5.427897500000000000e+05,5.498043750000000000e+05,5.519140625000000000e+05,5.483268125000000000e+05,5.382774375000000000e+05,5.210683437500000000e+05,4.978416875000000000e+05,4.797982500000000000e+05,4.541549687500000000e+05,4.197722812500000000e+05,3.757092812500000000e+05,3.217021562500000000e+05,2.582017343750000000e+05,1.849745312500000000e+05,1.053509531250000000e+05,4.035368750000000000e+04
2.657736523437500000e+04,2.641834570312500000e+04,2.596664062500000000e+04,2.526067382812500000e+04,2.434067578125000000e+04,2.324973632812500000e+04,2.203400000000000000e+04,2.074340625000000000e+04,1.955825976562500000e+04,1.866110742187500000e+04,1.783567773437500000e+04,1.714610546875000000e+04,1.660592773437500000e+04,1.620658496093750000e+04,1.594209082031250000e+04,1.580474316406250000e+04,1.578260253906250000e+04,1.586353515625000000e+04,1.603465917968750000e+04,1.628172265625000000e+04,1.658964062500000000e+04,1.694650390625000000e+04,1.734328125000000000e+04,1.777103906250000000e+04,1.822553125000000000e+04,1.880667382812500000e+04,1.965102539062500000e+04,2.057676367187500000e+04,2.159276953125000000e+04,2.272882421875000000e+04,2.402211718750000000e+04,2.545996875000000000e+04,2.698774804687500000e+04,2.873316992187500000e+04,3.113441210937500000e+04,3.416315625000000000e+04,3.632490234375000000e+04,3.756831640625000000e+04,4.464563281250000000e+04,6.150664453125000000e+04,5.667648828125000000e+04
2.598258250000000000e+06,2.598526750000000000e+06,2.598552750000000000e+06,2.597093500000000000e+06,2.595477250000000000e+06,2.603836250000000000e+06,2.607948750000000000e+06,2.605839500000000000e+06,2.597311250000000000e+06,2.583214000000000000e+06,2.564432250000000000e+06,2.541773250000000000e+06,2.515287000000000000e+06,2.484707750000000000e+06,2.449867750000000000e+06,2.410655500000000000e+06,2.412578000000000000e+06,2.446530500000000000e+06,2.469959250000000000e+06,2.481933500000000000e+06,2.481558250000000000e+06,2.467979750000000000e+06,2.440378250000000000e+06,2.398003750000000000e+06,2.340182000000000000e+06,2.266361750000000000e+06,2.176197250000000000e+06,2.086185000000000000e+06,2.008979750000000000e+06,1.915488125000000000e+06,1.804476875000000000e+06,1.675214875000000000e+06,1.527571875000000000e+06,1.361695375000000000e+06,1.178077750000000000e+06,9.796829375000000000e+05,7.741918750000000000e+05,5.684065625000000000e+05,3.615816875000000000e+05,1.710847343750000000e+05,5.158993750000000000e+04
1.796807125000000000e+06,1.798654000000000000e+06,1.803354375000000000e+06,1.809372125000000000e+06,1.815019000000000000e+06,1.820294750000000000e+06,1.827795000000000000e+06,1.830857125000000000e+06,1.830280750000000000e+06,1.830253125000000000e+06,1.843954375000000000e+06,1.859842875000000000e+06,1.878610500000000000e+06,1.908251625000000000e+06,1.958555000000000000e+06,2.009459625000000000e+06,2.060940375000000000e+06,2.113228250000000000e+06,2.207249250000000000e+06,2.297809750000000000e+06,2.384183250000000000e+06,2.465525500000000000e+06,2.540886750000000000e+06,2.650008750000000000e+06,2.850126250000000000e+06,3.034262000000000000e+06,3.199121250000000000e+06,3.340234750000000000e+06,3.452000500000000000e+06,3.525672250000000000e+06,3.551198250000000000e+06,3.529430500000000000e+06,3.543833000000000000e+06,3.486095000000000000e+06,3.316744500000000000e+06,3.014381750000000000e+06,2.604795750000000000e+06,2.068716375000000000e+06,1.251068125000000000e+06,3.410850625000000000e+05,9.214891601562500000e+03
1.327155250000000000e+06,1.330205250000000000e+06,1.338624250000000000e+06,1.351263375000000000e+06,1.366918500000000000e+06,1.384350250000000000e+06,1.404866625000000000e+06,1.426577625000000000e+06,1.446651750000000000e+06,1.464164000000000000e+06,1.478262750000000000e+06,1.492952500000000000e+06,1.507638375000000000e+06,1.516878750000000000e+06,1.520491000000000000e+06,1.518460000000000000e+06,1.511832750000000000e+06,1.512572000000000000e+06,1.506790125000000000e+06,1.494631500000000000e+06,1.476203375000000000e+06,1.451475750000000000e+06,1.420302250000000000e+06,1.392392500000000000e+06,1.366335000000000000e+06,1.331000750000000000e+06,1.285941625000000000e+06,1.230733125000000000e+06,1.165060875000000000e+06,1.088668750000000000e+06,1.062012750000000000e+06,1.015082437500000000e+06,9.455551250000000000e+05,8.535443750000000000e+05,7.390878125000000000e+05,6.111033125000000000e+05,4.994816250000000000e+05,3.791980312500000000e+05,2.369515312500000000e+05,8.665293750000000000e+04,1.114995800781250000e+04
6.743264500000000000e+06,6.732217000000000000e+06,6.699684500000000000e+06,6.646524500000000000e+06,6.573549000000000000e+06,6.481561000000000000e+06,6.371391500000000000e+06,6.244071500000000000e+06,6.102175000000000000e+06,5.949157000000000000e+06,5.788442500000000000e+06,5.623349500000000000e+06,5.456711500000000000e+06,5.291109000000000000e+06,5.129083500000000000e+06,4.972854500000000000e+06,4.824226000000000000e+06,4.749920000000000000e+06,4.734250500000000000e+06,4.725949500000000000e+06,4.726401000000000000e+06,4.736763000000000000e+06,4.757960500000000000e+06,4.790900500000000000e+06,4.835961500000000000e+06,4.893332000000000000e+06,4.963112500000000000e+06,5.045257000000000000e+06,5.138814500000000000e+06,5.238698000000000000e+06,5.398515500000000000e+06,5.648133500000000000e+06,5.927906000000000000e+06,6.204970000000000000e+06,6.389986000000000000e+06,6.422120000000000000e+06,6.344143500000000000e+06,5.959101500000000000e+06,4.312332000000000000e+06,1.510405375000000000e+06,1.074786328125000000e+05
4.896640000000000000e+06,4.874157500000000000e+06,4.808653000000000000e+06,4.711725000000000000e+06,4.595800500000000000e+06,4.446049500000000000e+06,4.264359000000000000e+06,4.055095750000000000e+06,3.829871750000000000e+06,3.603219250000000000e+06,3.388339750000000000e+06,3.200702000000000000e+06,3.073084500000000000e+06,2.966601500000000000e+06,2.881846500000000000e+06,2.818796250000000000e+06,2.776220000000000000e+06,2.752829500000000000e+06,2.746846250000000000e+06,2.827594500000000000e+06,2.974394000000000000e+06,3.127915250000000000e+06,3.287025500000000000e+06,3.450001000000000000e+06,3.615162000000000000e+06,3.780504500000000000e+06,3.943788250000000000e+06,4.102735000000000000e+06,4.289660500000000000e+06,4.550981500000000000e+06,4.815021500000000000e+06,5.072765500000000000e+06,5.313010500000000000e+06,5.494903000000000000e+06,5.532875000000000000e+06,5.368543000000000000e+06,5.032143500000000000e+06,4.405622000000000000e+06,2.942118000000000000e+06,9.422729375000000000e+05,6.161189062500000000e+04
3.868411250000000000e+05,3.878628750000000000e+05,3.907066875000000000e+05,3.950311875000000000e+05,4.004835937500000000e+05,4.067014062500000000e+05,4.149930625000000000e+05,4.240856875000000000e+05,4.329600625000000000e+05,4.412647500000000000e+05,4.486579062500000000e+05,4.573491250000000000e+05,4.669542500000000000e+05,4.745987812500000000e+05,4.800717187500000000e+05,4.832527812500000000e+05,4.841267500000000000e+05,4.894066875000000000e+05,4.920811875000000000e+05,4.918061562500000000e+05,4.886753125000000000e+05,4.827765312500000000e+05,4.741907812500000000e+05,4.629941562500000000e+05,4.542393750000000000e+05,4.563126250000000000e+05,4.538720000000000000e+05,4.468116875000000000e+05,4.350395000000000000e+05,4.184721250000000000e+05,3.970731562500000000e+05,3.708473750000000000e+05,3.399195000000000000e+05,3.107717187500000000e+05,2.826244375000000000e+05,2.506834687500000000e+05,2.140069062500000000e+05,1.729824687500000000e+05,1.302748828125000000e+05,8.618532031250000000e+04,4.127094921875000000e+04
1.725279218750000000e+05,1.724791406250000000e+05,1.723191718750000000e+05,1.720205625000000000e+05,1.715498906250000000e+05,1.708716406250000000e+05,1.699517968750000000e+05,1.722430625000000000e+05,1.759387656250000000e+05,1.793447656250000000e+05,1.823311406250000000e+05,1.848062031250000000e+05,1.867725937500000000e+05,1.882829531250000000e+05,1.894018593750000000e+05,1.902151406250000000e+05,1.908267968750000000e+05,1.913394687500000000e+05,1.918460000000000000e+05,1.924243281250000000e+05,1.931447968750000000e+05,1.953335937500000000e+05,1.990123437500000000e+05,2.031340312500000000e+05,2.077123437500000000e+05,2.127503750000000000e+05,2.182209218750000000e+05,2.240460312500000000e+05,2.300976093750000000e+05,2.360485781250000000e+05,2.414749375000000000e+05,2.458563437500000000e+05,2.485566718750000000e+05,2.480486093750000000e+05,2.415960312500000000e+05,2.274626562500000000e+05,2.065710156250000000e+05,1.761288281250000000e+05,1.225682031250000000e+05,5.310348828125000000e+04,1.289376855468750000e+04
1.998845000000000000e+06,1.989216500000000000e+06,1.961579500000000000e+06,1.917861250000000000e+06,1.860050750000000000e+06,1.790189000000000000e+06,1.710357500000000000e+06,1.622738625000000000e+06,1.530269500000000000e+06,1.436203125000000000e+06,1.343577250000000000e+06,1.255075625000000000e+06,1.172269250000000000e+06,1.101909375000000000e+06,1.058367875000000000e+06,1.020034125000000000e+06,9.872521875000000000e+05,9.603778750000000000e+05,9.395424375000000000e+05,9.245106250000000000e+05,9.150334375000000000e+05,9.107338125000000000e+05,9.110996875000000000e+05,9.155759375000000000e+05,9.234820000000000000e+05,9.340453750000000000e+05,9.463622500000000000e+05,9.593592500000000000e+05,9.838476250000000000e+05,1.015413937500000000e+06,1.045800375000000000e+06,1.072324625000000000e+06,1.091602750000000000e+06,1.097137875000000000e+06,1.078188375000000000e+06,1.026110125000000000e+06,9.392885000000000000e+05,8.055361250000000000e+05,5.806691875000000000e+05,2.848876562500000000e+05,7.876829687500000000e+04
5.310540625000000000e+05,5.302833125000000000e+05,5.280115625000000000e+05,5.242509375000000000e+05,5.189850625000000000e+05,5.122080312500000000e+05,5.039543750000000000e+05,4.969654375000000000e+05,5.050994375000000000e+05,5.111200937500000000e+05,5.148812500000000000e+05,5.164344687500000000e+05,5.159869375000000000e+05,5.137644687500000000e+05,5.099700937500000000e+05,5.047746250000000000e+05,4.982947812500000000e+05,4.905972500000000000e+05,4.817035000000000000e+05,4.715943750000000000e+05,4.607150312500000000e+05,4.535432812500000000e+05,4.450544375000000000e+05,4.351902500000000000e+05,4.238883750000000000e+05,4.110866250000000000e+05,3.967180312500000000e+05,3.807090937500000000e+05,3.629990625000000000e+05,3.435678125000000000e+05,3.224068125000000000e+05,2.994232187500000000e+05,2.745020000000000000e+05,2.478572031250000000e+05,2.200588593750000000e+05,1.910119843750000000e+05,1.595447343750000000e+05,1.266401796875000000e+05,9.722275000000000000e+04,7.121424218750000000e+04,3.945777343750000000e+04
4.676785000000000000e+06,4.662252000000000000e+06,4.620174500000000000e+06,4.552395000000000000e+06,4.460424000000000000e+06,4.345737500000000000e+06,4.210025000000000000e+06,4.055556250000000000e+06,3.887000250000000000e+06,3.710525750000000000e+06,3.532559000000000000e+06,3.359343750000000000e+06,3.194313500000000000e+06,3.039593000000000000e+06,2.897421250000000000e+06,2.768962000000000000e+06,2.653886000000000000e+06,2.551797750000000000e+06,2.473758500000000000e+06,2.433369750000000000e+06,2.401428750000000000e+06,2.375354000000000000e+06,2.352287500000000000e+06,2.329231500000000000e+06,2.303210000000000000e+06,2.271169500000000000e+06,2.230126250000000000e+06,2.177301000000000000e+06,2.110012750000000000e+06,2.025934500000000000e+06,1.923048000000000000e+06,1.799803250000000000e+06,1.655302750000000000e+06,1.489454125000000000e+06,1.303123375000000000e+06,1.098732750000000000e+06,8.816580000000000000e+05,6.595474375000000000e+05,4.388295312500000000e+05,2.343516250000000000e+05,8.503988281250000000e+04
6.013476875000000000e+05,5.976133125000000000e+05,5.871791875000000000e+05,5.712316250000000000e+05,5.509738125000000000e+05,5.275980625000000000e+05,5.022632500000000000e+05,4.827603750000000000e+05,4.638045312500000000e+05,4.455582812500000000e+05,4.288206875000000000e+05,4.143281562500000000e+05,4.021446562500000000e+05,3.920157500000000000e+05,3.837139687500000000e+05,3.769400937500000000e+05,3.712778125000000000e+05,3.663002187500000000e+05,3.615970312500000000e+05,3.567823125000000000e+05,3.514664687500000000e+05,3.453409062500000000e+05,3.381731562500000000e+05,3.297496875000000000e+05,3.199428437500000000e+05,3.118488437500000000e+05,3.040625312500000000e+05,2.948504062500000000e+05,2.841231250000000000e+05,2.718400000000000000e+05,2.579743906250000000e+05,2.424265468750000000e+05,2.250675156250000000e+05,2.060447031250000000e+05,1.858299531250000000e+05,1.642850937500000000e+05,1.401508906250000000e+05,1.140918828125000000e+05,9.099031250000000000e+04,7.094852343750000000e+04,4.231811328125000000e+04
3.967983750000000000e+05,3.973981562500000000e+05,3.991691875000000000e+05,4.021683750000000000e+05,4.057992812500000000e+05,4.097048125000000000e+05,4.135165937500000000e+05,4.168632500000000000e+05,4.193909375000000000e+05,4.223515625000000000e+05,4.249850000000000000e+05,4.257345937500000000e+05,4.244667187500000000e+05,4.211546875000000000e+05,4.177398750000000000e+05,4.142180625000000000e+05,4.083586562500000000e+05,4.003496562500000000e+05,3.903974062500000000e+05,3.787205625000000000e+05,3.655284687500000000e+05,3.548071875000000000e+05,3.429530937500000000e+05,3.294789062500000000e+05,3.145162500000000000e+05,2.981765312500000000e+05,2.805547500000000000e+05,2.617332968750000000e+05,2.423951718750000000e+05,2.328324531250000000e+05,2.201446875000000000e+05,2.044109062500000000e+05,1.858253906250000000e+05,1.645994218750000000e+05,1.409117656250000000e+05,1.169984140625000000e+05,9.620258593750000000e+04,7.479340625000000000e+04,5.089772265625000000e+04,2.553776367187500000e+04,9.074516601562500000e+03
1.254940078125000000e+05,1.255819531250000000e+05,1.258264843750000000e+05,1.261967187500000000e+05,1.266596953125000000e+05,1.271809921875000000e+05,1.277253046875000000e+05,1.282577890625000000e+05,1.287518359375000000e+05,1.291863281250000000e+05,1.295412890625000000e+05,1.298322343750000000e+05,1.308278984375000000e+05,1.316481562500000000e+05,1.322475781250000000e+05,1.325813437500000000e+05,1.326042500000000000e+05,1.322714375000000000e+05,1.315388437500000000e+05,1.303631796875000000e+05,1.301634296875000000e+05,1.294526484375000000e+05,1.280716093750000000e+05,1.259772812500000000e+05,1.231326640625000000e+05,1.195069062500000000e+05,1.150780234375000000e+05,1.104801640625000000e+05,1.096510937500000000e+05,1.073041718750000000e+05,1.033745781250000000e+05,9.783556250000000000e+04,9.071707812500000000e+04,8.207251562500000000e+04,7.219746093750000000e+04,6.393242968750000000e+04,5.474537890625000000e+04,4.463851562500000000e+04,3.294554296875000000e+04,1.971104882812500000e+04,9.269009765625000000e+03
1.295246953125000000e+05,1.296467031250000000e+05,1.300755234375000000e+05,1.307473046875000000e+05,1.315632187500000000e+05,1.324421406250000000e+05,1.332998437500000000e+05,1.340522500000000000e+05,1.346268281250000000e+05,1.354336250000000000e+05,1.363816250000000000e+05,1.369570937500000000e+05,1.371156718750000000e+05,1.368291875000000000e+05,1.375803593750000000e+05,1.378769687500000000e+05,1.375699687500000000e+05,1.366829375000000000e+05,1.353155312500000000e+05,1.357281406250000000e+05,1.353928437500000000e+05,1.343723281250000000e+05,1.327302343750000000e+05,1.305269375000000000e+05,1.278173593750000000e+05,1.298620234375000000e+05,1.320927656250000000e+05,1.332309218750000000e+05,1.333288281250000000e+05,1.324636093750000000e+05,1.307059140625000000e+05,1.279722421875000000e+05,1.240798203125000000e+05,1.227204296875000000e+05,1.227604843750000000e+05,1.231787968750000000e+05,1.204077265625000000e+05,1.141821328125000000e+05,1.184585078125000000e+05,1.400774687500000000e+05,1.136896875000000000e+05
2.865725312500000000e+05,2.863172187500000000e+05,2.855670312500000000e+05,2.843323750000000000e+05,2.826187500000000000e+05,2.804400625000000000e+05,2.778281250000000000e+05,2.748518437500000000e+05,2.717435000000000000e+05,2.690358750000000000e+05,2.738344375000000000e+05,2.795301250000000000e+05,2.861810937500000000e+05,2.936659375000000000e+05,3.018652812500000000e+05,3.106645625000000000e+05,3.199448437500000000e+05,3.295670312500000000e+05,3.393604375000000000e+05,3.491158437500000000e+05,3.585975312500000000e+05,3.675632812500000000e+05,3.757650312500000000e+05,3.883410625000000000e+05,4.021798437500000000e+05,4.153147812500000000e+05,4.272825312500000000e+05,4.375242500000000000e+05,4.454076875000000000e+05,4.501837187500000000e+05,4.510272187500000000e+05,4.468986562500000000e+05,4.366241875000000000e+05,4.192142187500000000e+05,3.939902187500000000e+05,3.598143437500000000e+05,3.146607500000000000e+05,2.591590781250000000e+05,1.989417812500000000e+05,1.360619687500000000e+05,6.765792187500000000e+04
1.591100312500000000e+05,1.589411250000000000e+05,1.584328906250000000e+05,1.575805781250000000e+05,1.563772656250000000e+05,1.548149531250000000e+05,1.528856406250000000e+05,1.505853281250000000e+05,1.482964218750000000e+05,1.457611250000000000e+05,1.429805625000000000e+05,1.399957343750000000e+05,1.368390937500000000e+05,1.335400312500000000e+05,1.301299453125000000e+05,1.266366640625000000e+05,1.230820937500000000e+05,1.199647187500000000e+05,1.171902734375000000e+05,1.143341718750000000e+05,1.113994921875000000e+05,1.083819531250000000e+05,1.052703984375000000e+05,1.020528984375000000e+05,9.943729687500000000e+04,9.734352343750000000e+04,9.494286718750000000e+04,9.220157812500000000e+04,8.909011718750000000e+04,8.559610156250000000e+04,8.363114843750000000e+04,8.430360937500000000e+04,8.373578125000000000e+04,8.196667968750000000e+04,7.932781250000000000e+04,7.559944531250000000e+04,7.330055468750000000e+04,6.964753125000000000e+04,7.120317187500000000e+04,8.241674218750000000e+04,6.806879687500000000e+04
1.196925390625000000e+05,1.195839531250000000e+05,1.192502812500000000e+05,1.186763828125000000e+05,1.178448828125000000e+05,1.167386875000000000e+05,1.156452265625000000e+05,1.144850156250000000e+05,1.130765625000000000e+05,1.114981406250000000e+05,1.098294375000000000e+05,1.081472734375000000e+05,1.064991250000000000e+05,1.049199921875000000e+05,1.034480781250000000e+05,1.021172187500000000e+05,1.016804687500000000e+05,1.018204375000000000e+05,1.021295234375000000e+05,1.026183984375000000e+05,1.032973984375000000e+05,1.041713984375000000e+05,1.052394687500000000e+05,1.064984375000000000e+05,1.087341250000000000e+05,1.151640234375000000e+05,1.217862734375000000e+05,1.286038984375000000e+05,1.355946250000000000e+05,1.426379062500000000e+05,1.495604531250000000e+05,1.562145937500000000e+05,1.624558906250000000e+05,1.705054218750000000e+05,1.786980625000000000e+05,1.834092500000000000e+05,1.853640312500000000e+05,1.794972343750000000e+05,1.414388281250000000e+05,6.802061718750000000e+04,1.744076367187500000e+04
1.424829843750000000e+05,1.423940000000000000e+05,1.421084218750000000e+05,1.415879218750000000e+05,1.407876875000000000e+05,1.396646250000000000e+05,1.381839218750000000e+05,1.363317500000000000e+05,1.341896718750000000e+05,1.318937031250000000e+05,1.295826562500000000e+05,1.273840078125000000e+05,1.253140937500000000e+05,1.233361718750000000e+05,1.214173984375000000e+05,1.195186875000000000e+05,1.175891015625000000e+05,1.155770234375000000e+05,1.134307890625000000e+05,1.119150859375000000e+05,1.110188203125000000e+05,1.099091406250000000e+05,1.085368593750000000e+05,1.068543671875000000e+05,1.048285000000000000e+05,1.024318750000000000e+05,9.964180468750000000e+04,9.644228125000000000e+04,9.282427343750000000e+04,8.879945312500000000e+04,8.438433593750000000e+04,7.955594531250000000e+04,7.427205468750000000e+04,6.862185156250000000e+04,6.284803515625000000e+04,5.687097265625000000e+04,4.999544140625000000e+04,4.243866015625000000e+04,3.667316406250000000e+04,3.280446093750000000e+04,2.314214648437500000e+04
7.923451562500000000e+04,7.921810937500000000e+04,7.915769531250000000e+04,7.903192968750000000e+04,7.881498437500000000e+04,7.847834375000000000e+04,7.799257812500000000e+04,7.746486718750000000e+04,7.682766406250000000e+04,7.600514843750000000e+04,7.500001562500000000e+04,7.382036718750000000e+04,7.254012500000000000e+04,7.149725781250000000e+04,7.026889843750000000e+04,6.886925781250000000e+04,6.731347656250000000e+04,6.576288281250000000e+04,6.462922656250000000e+04,6.329439453125000000e+04,6.177302734375000000e+04,6.007613671875000000e+04,5.821057031250000000e+04,5.696773828125000000e+04,5.560535546875000000e+04,5.395319140625000000e+04,5.201542968750000000e+04,4.979445312500000000e+04,4.729312890625000000e+04,4.665371484375000000e+04,4.593235546875000000e+04,4.449908203125000000e+04,4.235161718750000000e+04,3.951694531250000000e+04,3.604800000000000000e+04,3.289303125000000000e+04,2.987863867187500000e+04,2.631339453125000000e+04,2.259917382812500000e+04,1.867530273437500000e+04,1.298519726562500000e+04
4.172118500000000000e+06,4.171241500000000000e+06,4.167936500000000000e+06,4.161055250000000000e+06,4.149331750000000000e+06,4.131456750000000000e+06,4.106147750000000000e+06,4.072330000000000000e+06,4.030314250000000000e+06,3.981246750000000000e+06,3.945841250000000000e+06,3.924255000000000000e+06,3.897668000000000000e+06,3.865941000000000000e+06,3.829133250000000000e+06,3.787351000000000000e+06,3.740641750000000000e+06,3.689131750000000000e+06,3.632716000000000000e+06,3.630261750000000000e+06,3.702676250000000000e+06,3.757381250000000000e+06,3.792811750000000000e+06,3.807255000000000000e+06,3.798615750000000000e+06,3.764625750000000000e+06,3.702890500000000000e+06,3.610926250000000000e+06,3.486389500000000000e+06,3.352545250000000000e+06,3.240146000000000000e+06,3.091123250000000000e+06,2.901018500000000000e+06,2.664813000000000000e+06,2.377105000000000000e+06,2.038363000000000000e+06,1.661072000000000000e+06,1.255106500000000000e+06,8.111681875000000000e+05,3.742940937500000000e+05,9.996554687500000000e+04
5.764031000000000000e+06,5.746732500000000000e+06,5.695807000000000000e+06,5.611687500000000000e+06,5.494435500000000000e+06,5.344770500000000000e+06,5.164782000000000000e+06,4.958643500000000000e+06,4.773956000000000000e+06,4.591868000000000000e+06,4.409525500000000000e+06,4.238179500000000000e+06,4.081200500000000000e+06,3.990601000000000000e+06,3.925845750000000000e+06,3.863993750000000000e+06,3.803857250000000000e+06,3.743549500000000000e+06,3.680597750000000000e+06,3.770743750000000000e+06,3.858158750000000000e+06,3.910910000000000000e+06,3.927953500000000000e+06,3.907957250000000000e+06,3.850398250000000000e+06,3.755110750000000000e+06,3.622431500000000000e+06,3.453513750000000000e+06,3.288911500000000000e+06,3.129892500000000000e+06,2.938331250000000000e+06,2.714177000000000000e+06,2.458454000000000000e+06,2.171801000000000000e+06,1.854340375000000000e+06,1.512442125000000000e+06,1.164893250000000000e+06,8.239521250000000000e+05,4.764943437500000000e+05,1.664150156250000000e+05,2.429375195312500000e+04
2.477359000000000000e+06,2.475619750000000000e+06,2.469878750000000000e+06,2.459120750000000000e+06,2.442153750000000000e+06,2.417760500000000000e+06,2.384830000000000000e+06,2.342578000000000000e+06,2.294195500000000000e+06,2.257426500000000000e+06,2.213791750000000000e+06,2.164915750000000000e+06,2.112146500000000000e+06,2.056788250000000000e+06,2.014217750000000000e+06,1.988576125000000000e+06,1.960505375000000000e+06,1.931657250000000000e+06,1.903392625000000000e+06,1.876593000000000000e+06,1.851971000000000000e+06,1.897308500000000000e+06,1.956408750000000000e+06,2.010815125000000000e+06,2.060571375000000000e+06,2.105138500000000000e+06,2.143224250000000000e+06,2.172632250000000000e+06,2.190428250000000000e+06,2.191891250000000000e+06,2.178542000000000000e+06,2.188706000000000000e+06,2.172617000000000000e+06,2.117096500000000000e+06,2.001410875000000000e+06,1.814648750000000000e+06,1.569922250000000000e+06,1.257347250000000000e+06,7.999698750000000000e+05,2.836370000000000000e+05,3.602027734375000000e+04
4.821884375000000000e+04,4.819516406250000000e+04,4.809500390625000000e+04,4.787058984375000000e+04,4.756797265625000000e+04,4.705292578125000000e+04,4.627129687500000000e+04,4.518755468750000000e+04,4.383417187500000000e+04,4.228030859375000000e+04,4.059339453125000000e+04,3.900380859375000000e+04,3.738655468750000000e+04,3.573227734375000000e+04,3.406407421875000000e+04,3.240423437500000000e+04,3.077169335937500000e+04,2.941003320312500000e+04,2.812179687500000000e+04,2.685390429687500000e+04,2.561076953125000000e+04,2.439287695312500000e+04,2.319707812500000000e+04,2.235758007812500000e+04,2.149955468750000000e+04,2.059526953125000000e+04,1.964124218750000000e+04,1.863376562500000000e+04,1.756938476562500000e+04,1.739190820312500000e+04,1.706459179687500000e+04,1.650445312500000000e+04,1.571630468750000000e+04,1.470852441406250000e+04,1.348964843750000000e+04,1.257098144531250000e+04,1.166187597656250000e+04,1.062228222656250000e+04,9.442912109375000000e+03,8.078906250000000000e+03,6.493570800781250000e+03
9.665158125000000000e+05,9.671911250000000000e+05,9.687080000000000000e+05,9.701240625000000000e+05,9.703913125000000000e+05,9.710760625000000000e+05,9.700558125000000000e+05,9.652588125000000000e+05,9.570119375000000000e+05,9.524337500000000000e+05,9.482173125000000000e+05,9.433253125000000000e+05,9.384717500000000000e+05,9.469311875000000000e+05,9.549613750000000000e+05,9.629550000000000000e+05,9.713981250000000000e+05,9.914990625000000000e+05,1.018764125000000000e+06,1.045576687500000000e+06,1.072114625000000000e+06,1.098434875000000000e+06,1.124488875000000000e+06,1.164420375000000000e+06,1.244967125000000000e+06,1.323277375000000000e+06,1.398826250000000000e+06,1.470526500000000000e+06,1.536743750000000000e+06,1.594322875000000000e+06,1.639261000000000000e+06,1.666708125000000000e+06,1.702184875000000000e+06,1.735643875000000000e+06,1.728538125000000000e+06,1.664724750000000000e+06,1.540445625000000000e+06,1.331096625000000000e+06,9.471265000000000000e+05,4.212090625000000000e+05,8.519989843750000000e+04
1.377908875000000000e+06,1.377237250000000000e+06,1.374739375000000000e+06,1.369544875000000000e+06,1.360694625000000000e+06,1.347258875000000000e+06,1.331230500000000000e+06,1.310279000000000000e+06,1.284180875000000000e+06,1.254737250000000000e+06,1.223782250000000000e+06,1.195606500000000000e+06,1.173708750000000000e+06,1.152840750000000000e+06,1.133648125000000000e+06,1.116716125000000000e+06,1.110863250000000000e+06,1.112047250000000000e+06,1.115550125000000000e+06,1.121460125000000000e+06,1.129806875000000000e+06,1.157784125000000000e+06,1.191043000000000000e+06,1.224987875000000000e+06,1.259194250000000000e+06,1.293032375000000000e+06,1.347328375000000000e+06,1.460151375000000000e+06,1.567380375000000000e+06,1.665286250000000000e+06,1.748921375000000000e+06,1.812505250000000000e+06,1.849552000000000000e+06,1.885364375000000000e+06,1.903148125000000000e+06,1.852589250000000000e+06,1.734559125000000000e+06,1.512996250000000000e+06,1.037193875000000000e+06,3.717938125000000000e+05,3.598098046875000000e+04
2.753550500000000000e+06,2.747700750000000000e+06,2.730462750000000000e+06,2.702278000000000000e+06,2.663577250000000000e+06,2.614809250000000000e+06,2.556465750000000000e+06,2.489175750000000000e+06,2.414412500000000000e+06,2.334125500000000000e+06,2.253353250000000000e+06,2.212555250000000000e+06,2.169203750000000000e+06,2.124201750000000000e+06,2.078605000000000000e+06,2.033487750000000000e+06,1.989855750000000000e+06,1.948761125000000000e+06,1.911098125000000000e+06,1.877486750000000000e+06,1.848531375000000000e+06,1.824650875000000000e+06,1.806088250000000000e+06,1.793033500000000000e+06,1.785400500000000000e+06,1.782996125000000000e+06,1.785544500000000000e+06,1.817736250000000000e+06,1.864977000000000000e+06,1.919551000000000000e+06,1.979364250000000000e+06,2.042915750000000000e+06,2.108788500000000000e+06,2.162762000000000000e+06,2.171216000000000000e+06,2.114266500000000000e+06,2.012920125000000000e+06,1.812151000000000000e+06,1.236203125000000000e+06,3.963341250000000000e+05,2.703532421875000000e+04
4.620692187500000000e+04,4.588096484375000000e+04,4.496940234375000000e+04,4.357141796875000000e+04,4.178555859375000000e+04,3.970965625000000000e+04,3.744058203125000000e+04,3.507384765625000000e+04,3.270451757812500000e+04,3.042549804687500000e+04,2.832532226562500000e+04,2.648105273437500000e+04,2.520261914062500000e+04,2.416244921875000000e+04,2.334439062500000000e+04,2.274126562500000000e+04,2.233166406250000000e+04,2.209366992187500000e+04,2.200476367187500000e+04,2.204069921875000000e+04,2.259136914062500000e+04,2.363312304687500000e+04,2.472104101562500000e+04,2.584802929687500000e+04,2.701207031250000000e+04,2.821173437500000000e+04,2.944450781250000000e+04,3.070761914062500000e+04,3.199975000000000000e+04,3.333217187500000000e+04,3.471712890625000000e+04,3.673007031250000000e+04,3.925134765625000000e+04,4.209684765625000000e+04,4.563942578125000000e+04,4.980472656250000000e+04,5.301174218750000000e+04,5.480133203125000000e+04,6.108581250000000000e+04,7.458180468750000000e+04,6.239119921875000000e+04
1.088423250000000000e+06,1.082131750000000000e+06,1.064586250000000000e+06,1.037723250000000000e+06,1.003424062500000000e+06,9.635425625000000000e+05,9.199264375000000000e+05,8.744306250000000000e+05,8.307495625000000000e+05,7.916488750000000000e+05,7.559087500000000000e+05,7.252826250000000000e+05,7.001880625000000000e+05,6.820116250000000000e+05,6.749590000000000000e+05,6.721237500000000000e+05,6.729705000000000000e+05,6.769012500000000000e+05,6.853149375000000000e+05,7.054374375000000000e+05,7.256095625000000000e+05,7.450447500000000000e+05,7.629555625000000000e+05,7.784583750000000000e+05,7.982982500000000000e+05,8.495940000000000000e+05,8.936056875000000000e+05,9.288576250000000000e+05,9.537440625000000000e+05,9.664903750000000000e+05,9.652696250000000000e+05,9.481543750000000000e+05,9.265093125000000000e+05,9.056142500000000000e+05,8.664903125000000000e+05,8.051184375000000000e+05,7.161179375000000000e+05,5.974847500000000000e+05,4.530980937500000000e+05,2.854046875000000000e+05,1.174493984375000000e+05
8.129699375000000000e+05,8.127259375000000000e+05,8.116090000000000000e+05,8.085987500000000000e+05,8.026778750000000000e+05,7.928738750000000000e+05,7.783464375000000000e+05,7.585500000000000000e+05,7.341131875000000000e+05,7.106250625000000000e+05,6.867130000000000000e+05,6.611593750000000000e+05,6.345088750000000000e+05,6.070696250000000000e+05,5.792295000000000000e+05,5.597885000000000000e+05,5.400532500000000000e+05,5.194999687500000000e+05,4.984272812500000000e+05,4.769518125000000000e+05,4.551571562500000000e+05,4.502478750000000000e+05,4.477753750000000000e+05,4.413635312500000000e+05,4.312331250000000000e+05,4.175608125000000000e+05,4.005177187500000000e+05,3.802966875000000000e+05,3.571014375000000000e+05,3.351693750000000000e+05,3.160754687500000000e+05,2.944760937500000000e+05,2.702596562500000000e+05,2.434608437500000000e+05,2.142765625000000000e+05,1.828860312500000000e+05,1.495678281250000000e+05,1.153039375000000000e+05,8.136233593750000000e+04,4.875960546875000000e+04,2.211903320312500000e+04
1.715818000000000000e+06,1.709888125000000000e+06,1.692500875000000000e+06,1.664093000000000000e+06,1.625040875000000000e+06,1.575834750000000000e+06,1.517208000000000000e+06,1.450307000000000000e+06,1.377546875000000000e+06,1.302037250000000000e+06,1.226887375000000000e+06,1.154993000000000000e+06,1.108484000000000000e+06,1.080978250000000000e+06,1.054746625000000000e+06,1.031255250000000000e+06,1.011481687500000000e+06,9.962178125000000000e+05,9.858993750000000000e+05,9.805076250000000000e+05,9.798947500000000000e+05,9.837834375000000000e+05,9.917815625000000000e+05,1.003429625000000000e+06,1.018210562500000000e+06,1.035545937500000000e+06,1.066190375000000000e+06,1.107367000000000000e+06,1.152765750000000000e+06,1.200976375000000000e+06,1.250082875000000000e+06,1.298366250000000000e+06,1.343968625000000000e+06,1.376457375000000000e+06,1.372637000000000000e+06,1.319302625000000000e+06,1.231898375000000000e+06,1.078844000000000000e+06,6.962815625000000000e+05,1.848277812500000000e+05,4.021045654296875000e+03
5.298921000000000000e+06,5.324428000000000000e+06,5.395758000000000000e+06,5.505096000000000000e+06,5.644579000000000000e+06,5.806282500000000000e+06,5.982222500000000000e+06,6.164561500000000000e+06,6.369589000000000000e+06,6.662300500000000000e+06,6.944725500000000000e+06,7.210077000000000000e+06,7.453920500000000000e+06,7.673006500000000000e+06,7.920020500000000000e+06,8.455751000000000000e+06,8.931996000000000000e+06,9.348606000000000000e+06,9.706048000000000000e+06,1.000537400000000000e+07,1.024779400000000000e+07,1.043315300000000000e+07,1.055995600000000000e+07,1.062612200000000000e+07,1.062682600000000000e+07,1.055631300000000000e+07,1.047549300000000000e+07,1.043203000000000000e+07,1.030707400000000000e+07,1.008518100000000000e+07,9.750159000000000000e+06,9.287977000000000000e+06,8.687251000000000000e+06,7.930277000000000000e+06,6.993084000000000000e+06,5.886309000000000000e+06,4.685414000000000000e+06,3.424338750000000000e+06,2.016481875000000000e+06,6.960174375000000000e+05,9.115114062500000000e+04
3.413287000000000000e+06,3.412687500000000000e+06,3.407809500000000000e+06,3.393369750000000000e+06,3.363847750000000000e+06,3.336932000000000000e+06,3.298005000000000000e+06,3.228301250000000000e+06,3.130705750000000000e+06,3.012446250000000000e+06,2.902162250000000000e+06,2.807770500000000000e+06,2.704271000000000000e+06,2.596261250000000000e+06,2.488279250000000000e+06,2.384431750000000000e+06,2.288031500000000000e+06,2.240869000000000000e+06,2.244680500000000000e+06,2.250179500000000000e+06,2.260176250000000000e+06,2.276351250000000000e+06,2.299414750000000000e+06,2.329591500000000000e+06,2.366112500000000000e+06,2.407670750000000000e+06,2.452373250000000000e+06,2.497598750000000000e+06,2.539886250000000000e+06,2.613609000000000000e+06,2.697772500000000000e+06,2.769591250000000000e+06,2.820127250000000000e+06,2.827551750000000000e+06,2.752090750000000000e+06,2.570284250000000000e+06,2.303020250000000000e+06,1.914698125000000000e+06,1.213268125000000000e+06,3.661551875000000000e+05,2.179206835937500000e+04
6.715271500000000000e+06,6.711690000000000000e+06,6.698892500000000000e+06,6.673574500000000000e+06,6.632273500000000000e+06,6.571542000000000000e+06,6.488116500000000000e+06,6.379374500000000000e+06,6.386507500000000000e+06,6.376935000000000000e+06,6.344849500000000000e+06,6.291843500000000000e+06,6.217307500000000000e+06,6.119989500000000000e+06,5.999371000000000000e+06,5.855983000000000000e+06,5.691317500000000000e+06,5.507280000000000000e+06,5.305755500000000000e+06,5.088378000000000000e+06,4.856961000000000000e+06,4.631807000000000000e+06,4.462453000000000000e+06,4.282037500000000000e+06,4.089558250000000000e+06,3.884074750000000000e+06,3.664793250000000000e+06,3.431104000000000000e+06,3.182683750000000000e+06,2.919385250000000000e+06,2.641593250000000000e+06,2.350957250000000000e+06,2.050322625000000000e+06,1.741948875000000000e+06,1.427498000000000000e+06,1.114828250000000000e+06,8.217950625000000000e+05,5.563349375000000000e+05,3.049748125000000000e+05,9.973401562500000000e+04,1.474804980468750000e+04
3.574131250000000000e+06,3.577924500000000000e+06,3.588400500000000000e+06,3.604129750000000000e+06,3.623603250000000000e+06,3.645258750000000000e+06,3.679817250000000000e+06,3.715894250000000000e+06,3.750898000000000000e+06,3.784053500000000000e+06,3.814624750000000000e+06,3.841863250000000000e+06,3.864570000000000000e+06,3.913729250000000000e+06,3.959004250000000000e+06,3.994231750000000000e+06,4.017746500000000000e+06,4.027948500000000000e+06,4.023240250000000000e+06,4.062998750000000000e+06,4.082128000000000000e+06,4.076021000000000000e+06,4.042879500000000000e+06,3.981101500000000000e+06,3.889349250000000000e+06,3.854210750000000000e+06,3.882157000000000000e+06,3.851037000000000000e+06,3.759164750000000000e+06,3.605569250000000000e+06,3.390577500000000000e+06,3.117597000000000000e+06,2.793087750000000000e+06,2.482744750000000000e+06,2.147604500000000000e+06,1.767353500000000000e+06,1.371766125000000000e+06,9.717983750000000000e+05,5.270421250000000000e+05,1.280762500000000000e+05,2.389283447265625000e+03
4.551279375000000000e+05,4.551074062500000000e+05,4.550203437500000000e+05,4.548183125000000000e+05,4.544420312500000000e+05,4.538246875000000000e+05,4.545536562500000000e+05,4.556716250000000000e+05,4.565306875000000000e+05,4.570596875000000000e+05,4.571999375000000000e+05,4.569053125000000000e+05,4.561253750000000000e+05,4.548157187500000000e+05,4.547667187500000000e+05,4.582945000000000000e+05,4.609097812500000000e+05,4.625575625000000000e+05,4.631839687500000000e+05,4.627234687500000000e+05,4.611129062500000000e+05,4.582683750000000000e+05,4.721730937500000000e+05,4.862086250000000000e+05,4.970410000000000000e+05,5.044017500000000000e+05,5.079814687500000000e+05,5.074225937500000000e+05,5.023616875000000000e+05,4.924381875000000000e+05,4.773082500000000000e+05,4.670884062500000000e+05,4.543377500000000000e+05,4.358695625000000000e+05,4.115673750000000000e+05,3.801100625000000000e+05,3.375935625000000000e+05,2.840937500000000000e+05,2.298382812500000000e+05,1.752057500000000000e+05,9.585931250000000000e+04
3.179098750000000000e+06,3.174652000000000000e+06,3.161479500000000000e+06,3.139790750000000000e+06,3.109749750000000000e+06,3.071489750000000000e+06,3.025128500000000000e+06,2.970846750000000000e+06,2.909479750000000000e+06,2.845144250000000000e+06,2.777509750000000000e+06,2.706353250000000000e+06,2.632481000000000000e+06,2.556570000000000000e+06,2.479305500000000000e+06,2.401196750000000000e+06,2.322518500000000000e+06,2.247634250000000000e+06,2.174206500000000000e+06,2.099877750000000000e+06,2.024417375000000000e+06,1.947429000000000000e+06,1.870015750000000000e+06,1.800059500000000000e+06,1.725546875000000000e+06,1.645818750000000000e+06,1.560268625000000000e+06,1.480050500000000000e+06,1.398574750000000000e+06,1.306748125000000000e+06,1.204488625000000000e+06,1.110796375000000000e+06,1.012218812500000000e+06,8.981816875000000000e+05,7.785801250000000000e+05,7.119521875000000000e+05,6.062601875000000000e+05,4.719896875000000000e+05,3.473903437500000000e+05,2.137204687500000000e+05,8.129239062500000000e+04
1.471509218750000000e+05,1.473809062500000000e+05,1.480283281250000000e+05,1.490237968750000000e+05,1.502923750000000000e+05,1.517555937500000000e+05,1.537154687500000000e+05,1.557524687500000000e+05,1.578086250000000000e+05,1.598615625000000000e+05,1.618943125000000000e+05,1.643729375000000000e+05,1.669344218750000000e+05,1.693790468750000000e+05,1.716709687500000000e+05,1.745313125000000000e+05,1.777462968750000000e+05,1.806447031250000000e+05,1.831855937500000000e+05,1.862637187500000000e+05,1.902557656250000000e+05,1.935503125000000000e+05,1.960610000000000000e+05,1.976934375000000000e+05,2.017421718750000000e+05,2.049320468750000000e+05,2.065158437500000000e+05,2.063166562500000000e+05,2.041562187500000000e+05,2.090072656250000000e+05,2.148415781250000000e+05,2.163731093750000000e+05,2.131269843750000000e+05,2.047949531250000000e+05,1.912646718750000000e+05,1.798582968750000000e+05,1.646036718750000000e+05,1.432817968750000000e+05,1.182537343750000000e+05,8.895007812500000000e+04,4.843717578125000000e+04
3.823109750000000000e+06,3.836093750000000000e+06,3.872779500000000000e+06,3.929698750000000000e+06,4.003313500000000000e+06,4.090043250000000000e+06,4.186292250000000000e+06,4.288622500000000000e+06,4.406222500000000000e+06,4.533597000000000000e+06,4.664025000000000000e+06,4.796726000000000000e+06,4.948458000000000000e+06,5.121511000000000000e+06,5.291851000000000000e+06,5.458358000000000000e+06,5.646412500000000000e+06,5.876015000000000000e+06,6.097845500000000000e+06,6.311961000000000000e+06,6.518414000000000000e+06,6.798888000000000000e+06,7.111849000000000000e+06,7.413726500000000000e+06,7.704506500000000000e+06,7.983773000000000000e+06,8.250303000000000000e+06,8.864391000000000000e+06,9.583725000000000000e+06,1.026928100000000000e+07,1.089823500000000000e+07,1.144467500000000000e+07,1.187895600000000000e+07,1.210349200000000000e+07,1.222937300000000000e+07,1.209730100000000000e+07,1.161695600000000000e+07,1.046619300000000000e+07,7.125723000000000000e+06,2.155209000000000000e+06,6.715117968750000000e+04
4.379850500000000000e+06,4.376924000000000000e+06,4.367903000000000000e+06,4.352252500000000000e+06,4.329259500000000000e+06,4.298110500000000000e+06,4.257956500000000000e+06,4.208049500000000000e+06,4.148474000000000000e+06,4.079890000000000000e+06,4.003122000000000000e+06,3.919139250000000000e+06,3.828845500000000000e+06,3.733201500000000000e+06,3.633333500000000000e+06,3.552555000000000000e+06,3.570254750000000000e+06,3.576258500000000000e+06,3.571208750000000000e+06,3.555650500000000000e+06,3.530183000000000000e+06,3.495120000000000000e+06,3.450434500000000000e+06,3.395925000000000000e+06,3.330738750000000000e+06,3.253727250000000000e+06,3.163348500000000000e+06,3.105160000000000000e+06,3.048728750000000000e+06,2.973262750000000000e+06,2.873628000000000000e+06,2.744792000000000000e+06,2.582023250000000000e+06,2.378931750000000000e+06,2.127452500000000000e+06,1.827072625000000000e+06,1.492123125000000000e+06,1.129148125000000000e+06,7.171305625000000000e+05,3.083200000000000000e+05,7.281710156250000000e+04
1.492467500000000000e+06,1.493184250000000000e+06,1.494281750000000000e+06,1.503292375000000000e+06,1.511614125000000000e+06,1.515960250000000000e+06,1.513562000000000000e+06,1.502032250000000000e+06,1.480509125000000000e+06,1.474935625000000000e+06,1.455218625000000000e+06,1.421560750000000000e+06,1.375746125000000000e+06,1.320241125000000000e+06,1.257513750000000000e+06,1.226631125000000000e+06,1.195473125000000000e+06,1.154226000000000000e+06,1.106225625000000000e+06,1.054036625000000000e+06,9.997793750000000000e+05,9.448486875000000000e+05,8.900638750000000000e+05,8.359994375000000000e+05,7.828322500000000000e+05,7.305815000000000000e+05,6.791561875000000000e+05,6.283647500000000000e+05,5.861602500000000000e+05,5.476466250000000000e+05,5.091258437500000000e+05,4.701115625000000000e+05,4.300329687500000000e+05,3.889627500000000000e+05,3.477197187500000000e+05,3.056421250000000000e+05,2.593519218750000000e+05,2.099209843750000000e+05,1.684550625000000000e+05,1.348280156250000000e+05,7.904932031250000000e+04
1.039545437500000000e+06,1.041582312500000000e+06,1.046817375000000000e+06,1.053900125000000000e+06,1.064322000000000000e+06,1.073820000000000000e+06,1.080695500000000000e+06,1.083514625000000000e+06,1.083359500000000000e+06,1.086804125000000000e+06,1.087484250000000000e+06,1.086275500000000000e+06,1.083475125000000000e+06,1.092583750000000000e+06,1.100371875000000000e+06,1.105911625000000000e+06,1.109749875000000000e+06,1.126823125000000000e+06,1.150210125000000000e+06,1.171176250000000000e+06,1.190114750000000000e+06,1.207277875000000000e+06,1.247036250000000000e+06,1.331967750000000000e+06,1.410158375000000000e+06,1.481156375000000000e+06,1.544029375000000000e+06,1.597254500000000000e+06,1.638757125000000000e+06,1.665070375000000000e+06,1.698656625000000000e+06,1.737643250000000000e+06,1.754918750000000000e+06,1.738839750000000000e+06,1.671165000000000000e+06,1.540493750000000000e+06,1.353821750000000000e+06,1.100771500000000000e+06,7.161548125000000000e+05,2.662301875000000000e+05,3.783638281250000000e+04
4.511611500000000000e+06,4.500444500000000000e+06,4.468240000000000000e+06,4.422843500000000000e+06,4.370057000000000000e+06,4.303380000000000000e+06,4.223631000000000000e+06,4.132255750000000000e+06,4.033547250000000000e+06,3.933344000000000000e+06,3.837437750000000000e+06,3.751193750000000000e+06,3.676860750000000000e+06,3.615242750000000000e+06,3.591438250000000000e+06,3.595331000000000000e+06,3.611341500000000000e+06,3.639306500000000000e+06,3.678708750000000000e+06,3.728448750000000000e+06,3.787294250000000000e+06,3.854095000000000000e+06,3.927752500000000000e+06,4.128131250000000000e+06,4.380793000000000000e+06,4.640571500000000000e+06,4.907161000000000000e+06,5.180706000000000000e+06,5.460424000000000000e+06,5.741195500000000000e+06,6.015980000000000000e+06,6.282158000000000000e+06,6.649860000000000000e+06,7.111750500000000000e+06,7.479113500000000000e+06,7.682738000000000000e+06,7.803796000000000000e+06,7.580748000000000000e+06,5.600825500000000000e+06,1.918720250000000000e+06,1.123623046875000000e+05
3.433351000000000000e+06,3.439556500000000000e+06,3.455615250000000000e+06,3.477236750000000000e+06,3.499798500000000000e+06,3.518655000000000000e+06,3.555533250000000000e+06,3.595939000000000000e+06,3.620228000000000000e+06,3.626436750000000000e+06,3.613686500000000000e+06,3.645973250000000000e+06,3.653711000000000000e+06,3.640677000000000000e+06,3.612263500000000000e+06,3.573683000000000000e+06,3.529760000000000000e+06,3.484839750000000000e+06,3.506977250000000000e+06,3.569234250000000000e+06,3.628915250000000000e+06,3.689305750000000000e+06,3.751813750000000000e+06,3.817133500000000000e+06,3.883837250000000000e+06,3.949469750000000000e+06,4.010277000000000000e+06,4.060795250000000000e+06,4.094320250000000000e+06,4.100845250000000000e+06,4.069044000000000000e+06,4.046064000000000000e+06,4.012506500000000000e+06,3.908561250000000000e+06,3.695570250000000000e+06,3.352608000000000000e+06,2.902965000000000000e+06,2.325902750000000000e+06,1.472038750000000000e+06,5.020990625000000000e+05,5.133133984375000000e+04
4.353959375000000000e+05,4.364813125000000000e+05,4.394357187500000000e+05,4.437954375000000000e+05,4.490830937500000000e+05,4.548098437500000000e+05,4.604792500000000000e+05,4.656185625000000000e+05,4.700302500000000000e+05,4.736808437500000000e+05,4.765381875000000000e+05,4.799921562500000000e+05,4.873034687500000000e+05,4.932985625000000000e+05,4.976781875000000000e+05,5.002163750000000000e+05,5.007745000000000000e+05,4.992393437500000000e+05,4.955227812500000000e+05,5.114646250000000000e+05,5.248975000000000000e+05,5.338480000000000000e+05,5.381861250000000000e+05,5.378412500000000000e+05,5.328331250000000000e+05,5.232458125000000000e+05,5.092190625000000000e+05,4.909474375000000000e+05,4.786362812500000000e+05,4.649572187500000000e+05,4.478834062500000000e+05,4.271330312500000000e+05,4.023406562500000000e+05,3.738740937500000000e+05,3.430269062500000000e+05,3.094137500000000000e+05,2.691924687500000000e+05,2.236857968750000000e+05,1.873415468750000000e+05,1.610412812500000000e+05,1.022861718750000000e+05
5.433958203125000000e+04,5.466655468750000000e+04,5.556345703125000000e+04,5.690159765625000000e+04,5.856914843750000000e+04,6.067258203125000000e+04,6.282476171875000000e+04,6.487527343750000000e+04,6.717814062500000000e+04,6.944847656250000000e+04,7.140584375000000000e+04,7.338013281250000000e+04,7.567725000000000000e+04,7.741854687500000000e+04,7.856081250000000000e+04,7.968696875000000000e+04,8.112275781250000000e+04,8.179767187500000000e+04,8.176644531250000000e+04,8.109135937500000000e+04,7.983525000000000000e+04,7.907282031250000000e+04,8.024736718750000000e+04,8.054448437500000000e+04,8.003901562500000000e+04,7.879926562500000000e+04,7.688358593750000000e+04,7.433853125000000000e+04,7.121140625000000000e+04,6.755035156250000000e+04,6.340540625000000000e+04,6.041041796875000000e+04,5.721011718750000000e+04,5.367725390625000000e+04,4.991395703125000000e+04,4.584512890625000000e+04,4.101461718750000000e+04,3.547442578125000000e+04,3.071276171875000000e+04,2.683558984375000000e+04,1.887893359375000000e+04
2.326175000000000000e+06,2.333082750000000000e+06,2.351626250000000000e+06,2.378435750000000000e+06,2.410068250000000000e+06,2.443074250000000000e+06,2.474064000000000000e+06,2.500002250000000000e+06,2.520494000000000000e+06,2.536721500000000000e+06,2.572653500000000000e+06,2.613224250000000000e+06,2.651523500000000000e+06,2.687192250000000000e+06,2.719978250000000000e+06,2.750070000000000000e+06,2.778154250000000000e+06,2.804945750000000000e+06,2.830931250000000000e+06,2.948043250000000000e+06,3.074822250000000000e+06,3.198648750000000000e+06,3.319317500000000000e+06,3.436277500000000000e+06,3.547844750000000000e+06,3.651679500000000000e+06,3.744400250000000000e+06,3.821234750000000000e+06,3.876345250000000000e+06,3.900995250000000000e+06,3.965709500000000000e+06,4.013964250000000000e+06,4.014128250000000000e+06,3.942679750000000000e+06,3.764260500000000000e+06,3.454956500000000000e+06,3.022634000000000000e+06,2.447863750000000000e+06,1.618030375000000000e+06,6.503833750000000000e+05,1.087510078125000000e+05
1.944413593750000000e+05,1.944417343750000000e+05,1.943086250000000000e+05,1.938176562500000000e+05,1.927364375000000000e+05,1.908491093750000000e+05,1.886904687500000000e+05,1.856644375000000000e+05,1.816267343750000000e+05,1.769602031250000000e+05,1.720358125000000000e+05,1.671797031250000000e+05,1.632704062500000000e+05,1.601831875000000000e+05,1.571055312500000000e+05,1.540382187500000000e+05,1.509724375000000000e+05,1.478944843750000000e+05,1.458359375000000000e+05,1.446750625000000000e+05,1.431108437500000000e+05,1.410950312500000000e+05,1.385870937500000000e+05,1.355471562500000000e+05,1.319530625000000000e+05,1.325178906250000000e+05,1.337472812500000000e+05,1.336400781250000000e+05,1.321927187500000000e+05,1.294458593750000000e+05,1.254545390625000000e+05,1.202035000000000000e+05,1.136460078125000000e+05,1.098530312500000000e+05,1.061027500000000000e+05,1.020079218750000000e+05,9.545170312500000000e+04,8.637241406250000000e+04,8.230185937500000000e+04,8.551392968750000000e+04,6.424460937500000000e+04
6.074498500000000000e+06,6.099406000000000000e+06,6.167450000000000000e+06,6.268491500000000000e+06,6.392199000000000000e+06,6.528039500000000000e+06,6.665319500000000000e+06,6.793762000000000000e+06,6.908361000000000000e+06,7.007307500000000000e+06,7.331047500000000000e+06,7.685266000000000000e+06,8.007694000000000000e+06,8.289084000000000000e+06,8.520407000000000000e+06,8.695957000000000000e+06,8.814368000000000000e+06,8.874976000000000000e+06,8.877701000000000000e+06,8.823060000000000000e+06,8.711962000000000000e+06,8.646407000000000000e+06,8.574083000000000000e+06,8.450343000000000000e+06,8.273565000000000000e+06,8.042437500000000000e+06,7.755853000000000000e+06,7.412777500000000000e+06,7.012687000000000000e+06,6.555095000000000000e+06,6.040488000000000000e+06,5.471692000000000000e+06,4.854133000000000000e+06,4.192797000000000000e+06,3.492030500000000000e+06,2.769550500000000000e+06,2.067286625000000000e+06,1.410503750000000000e+06,7.754735625000000000e+05,2.461802500000000000e+05,2.838516015625000000e+04
3.577995312500000000e+05,3.574989062500000000e+05,3.566241875000000000e+05,3.551950625000000000e+05,3.532112812500000000e+05,3.506623750000000000e+05,3.475363125000000000e+05,3.438323125000000000e+05,3.396206562500000000e+05,3.350941875000000000e+05,3.321565625000000000e+05,3.290749375000000000e+05,3.259635625000000000e+05,3.229326562500000000e+05,3.201141875000000000e+05,3.194304375000000000e+05,3.204367187500000000e+05,3.217042812500000000e+05,3.233201875000000000e+05,3.253300625000000000e+05,3.277671562500000000e+05,3.342358437500000000e+05,3.423428125000000000e+05,3.505837187500000000e+05,3.588681875000000000e+05,3.670544062500000000e+05,3.749213750000000000e+05,3.821458125000000000e+05,4.066430312500000000e+05,4.315066875000000000e+05,4.531310937500000000e+05,4.699685625000000000e+05,4.802624062500000000e+05,4.801062812500000000e+05,4.626207812500000000e+05,4.422746562500000000e+05,4.103582500000000000e+05,3.562871875000000000e+05,2.376724062500000000e+05,7.384404687500000000e+04,3.990631591796875000e+03
1.091736625000000000e+06,1.091058000000000000e+06,1.088705375000000000e+06,1.084145125000000000e+06,1.079674875000000000e+06,1.072725000000000000e+06,1.062043625000000000e+06,1.047012250000000000e+06,1.027773687500000000e+06,1.004926250000000000e+06,9.791168125000000000e+05,9.510052500000000000e+05,9.283135000000000000e+05,9.038583750000000000e+05,8.777238125000000000e+05,8.503986875000000000e+05,8.223713125000000000e+05,7.941183750000000000e+05,7.660000000000000000e+05,7.469231875000000000e+05,7.281346875000000000e+05,7.087955625000000000e+05,6.889087500000000000e+05,6.684163125000000000e+05,6.470870625000000000e+05,6.246202500000000000e+05,6.064185625000000000e+05,6.080188125000000000e+05,6.040355625000000000e+05,5.936645000000000000e+05,5.760399375000000000e+05,5.503571875000000000e+05,5.159918125000000000e+05,4.722898750000000000e+05,4.287511562500000000e+05,3.827021875000000000e+05,3.277794687500000000e+05,2.635222500000000000e+05,1.854836562500000000e+05,9.765460156250000000e+04,3.266998437500000000e+04
9.665158125000000000e+05,9.671911250000000000e+05,9.687080000000000000e+05,9.701240625000000000e+05,9.703913125000000000e+05,9.710760625000000000e+05,9.700558125000000000e+05,9.652588125000000000e+05,9.570119375000000000e+05,9.524337500000000000e+05,9.482173125000000000e+05,9.433253125000000000e+05,9.384717500000000000e+05,9.469311875000000000e+05,9.549613750000000000e+05,9.629550000000000000e+05,9.713981250000000000e+05,9.914990625000000000e+05,1.018764125000000000e+06,1.045576687500000000e+06,1.072114625000000000e+06,1.098434875000000000e+06,1.124488875000000000e+06,1.164420375000000000e+06,1.244967125000000000e+06,1.323277375000000000e+06,1.398826250000000000e+06,1.470526500000000000e+06,1.536743750000000000e+06,1.594322875000000000e+06,1.639261000000000000e+06,1.666708125000000000e+06,1.702184875000000000e+06,1.735643875000000000e+06,1.728538125000000000e+06,1.664724750000000000e+06,1.540445625000000000e+06,1.331096625000000000e+06,9.471265000000000000e+05,4.212090625000000000e+05,8.519989843750000000e+04
4.519416500000000000e+06,4.517846000000000000e+06,4.513193500000000000e+06,4.505502500000000000e+06,4.494769000000000000e+06,4.483176000000000000e+06,4.470664000000000000e+06,4.455484000000000000e+06,4.438126000000000000e+06,4.419448500000000000e+06,4.400322500000000000e+06,4.381617000000000000e+06,4.364054500000000000e+06,4.348307500000000000e+06,4.335085500000000000e+06,4.325019000000000000e+06,4.329656000000000000e+06,4.346142500000000000e+06,4.367250000000000000e+06,4.392937000000000000e+06,4.423135000000000000e+06,4.457301000000000000e+06,4.494427500000000000e+06,4.572160500000000000e+06,4.653860000000000000e+06,4.731756500000000000e+06,4.801548000000000000e+06,4.857343500000000000e+06,4.934886000000000000e+06,5.031788500000000000e+06,5.079149500000000000e+06,5.060849000000000000e+06,4.960397000000000000e+06,5.044676500000000000e+06,5.035523500000000000e+06,4.758527500000000000e+06,4.233384000000000000e+06,3.556320000000000000e+06,2.501148250000000000e+06,9.839765000000000000e+05,1.025382031250000000e+05
5.281263125000000000e+05,5.255070000000000000e+05,5.178810937500000000e+05,5.055284375000000000e+05,4.887497812500000000e+05,4.692100312500000000e+05,4.463120312500000000e+05,4.206551250000000000e+05,3.937526562500000000e+05,3.673631875000000000e+05,3.435324375000000000e+05,3.244739062500000000e+05,3.087613125000000000e+05,2.962139375000000000e+05,2.867114062500000000e+05,2.800660312500000000e+05,2.789057812500000000e+05,2.797638125000000000e+05,2.823655312500000000e+05,2.863808437500000000e+05,2.914433125000000000e+05,3.004380625000000000e+05,3.116670000000000000e+05,3.228550937500000000e+05,3.336822500000000000e+05,3.437930312500000000e+05,3.527757500000000000e+05,3.734775937500000000e+05,3.997895312500000000e+05,4.225589375000000000e+05,4.404409375000000000e+05,4.518600937500000000e+05,4.550960937500000000e+05,4.477028750000000000e+05,4.416673125000000000e+05,4.250788437500000000e+05,3.932051562500000000e+05,3.412512812500000000e+05,2.549725000000000000e+05,1.369720625000000000e+05,4.412153906250000000e+04
1.939872031250000000e+05,1.943366406250000000e+05,1.953429062500000000e+05,1.969426562500000000e+05,1.990721718750000000e+05,2.016673437500000000e+05,2.046637187500000000e+05,2.079967812500000000e+05,2.116047656250000000e+05,2.154280625000000000e+05,2.194078906250000000e+05,2.234884375000000000e+05,2.276322187500000000e+05,2.318115000000000000e+05,2.359998750000000000e+05,2.401832187500000000e+05,2.443631718750000000e+05,2.485432343750000000e+05,2.527317500000000000e+05,2.569435625000000000e+05,2.611939218750000000e+05,2.654938750000000000e+05,2.707480625000000000e+05,2.787130625000000000e+05,2.871927812500000000e+05,2.962115937500000000e+05,3.057620312500000000e+05,3.157836562500000000e+05,3.261699062500000000e+05,3.366338437500000000e+05,3.467851250000000000e+05,3.559584375000000000e+05,3.632210937500000000e+05,3.670021875000000000e+05,3.648805625000000000e+05,3.541312500000000000e+05,3.318580937500000000e+05,2.940599687500000000e+05,2.333696875000000000e+05,1.495817500000000000e+05,6.550230859375000000e+04
1.987252875000000000e+06,1.979497250000000000e+06,1.960138500000000000e+06,1.929699375000000000e+06,1.889307000000000000e+06,1.840201875000000000e+06,1.784019250000000000e+06,1.726746875000000000e+06,1.671057125000000000e+06,1.615765750000000000e+06,1.564638500000000000e+06,1.535230875000000000e+06,1.513634750000000000e+06,1.499167000000000000e+06,1.502269375000000000e+06,1.522096875000000000e+06,1.545258625000000000e+06,1.570783750000000000e+06,1.607120125000000000e+06,1.664147500000000000e+06,1.716548875000000000e+06,1.762962750000000000e+06,1.802081500000000000e+06,1.832376125000000000e+06,1.892650875000000000e+06,1.994515375000000000e+06,2.076229875000000000e+06,2.135020250000000000e+06,2.167790250000000000e+06,2.170629500000000000e+06,2.139497750000000000e+06,2.070801250000000000e+06,1.976777625000000000e+06,1.890016750000000000e+06,1.756069875000000000e+06,1.569124375000000000e+06,1.334712375000000000e+06,1.051939625000000000e+06,6.912916875000000000e+05,2.925755625000000000e+05,5.778235546875000000e+04
9.720752500000000000e+05,9.710668125000000000e+05,9.680883125000000000e+05,9.631841875000000000e+05,9.563733750000000000e+05,9.476593750000000000e+05,9.370395000000000000e+05,9.245293125000000000e+05,9.103150000000000000e+05,8.946938125000000000e+05,8.779831250000000000e+05,8.605113125000000000e+05,8.444665625000000000e+05,8.319740625000000000e+05,8.192116875000000000e+05,8.063760625000000000e+05,7.936114375000000000e+05,7.810742500000000000e+05,7.688541875000000000e+05,7.569285625000000000e+05,7.519026875000000000e+05,7.496225625000000000e+05,7.465908125000000000e+05,7.425440000000000000e+05,7.370514375000000000e+05,7.296020625000000000e+05,7.195775625000000000e+05,7.158969375000000000e+05,7.335408125000000000e+05,7.432580625000000000e+05,7.433393750000000000e+05,7.319353125000000000e+05,7.072439375000000000e+05,6.673190625000000000e+05,6.140479375000000000e+05,5.654048125000000000e+05,5.001596562500000000e+05,4.158529062500000000e+05,3.061504062500000000e+05,1.731676406250000000e+05,6.067035156250000000e+04
4.621857000000000000e+06,4.633177000000000000e+06,4.663469000000000000e+06,4.706823000000000000e+06,4.756966000000000000e+06,4.810131000000000000e+06,4.888012000000000000e+06,4.954239000000000000e+06,5.002919000000000000e+06,5.029697000000000000e+06,5.067113000000000000e+06,5.095637500000000000e+06,5.090491000000000000e+06,5.056510000000000000e+06,4.998701500000000000e+06,4.922538000000000000e+06,4.877901500000000000e+06,4.832990000000000000e+06,4.778931500000000000e+06,4.720951500000000000e+06,4.663706500000000000e+06,4.610320500000000000e+06,4.562637500000000000e+06,4.521998000000000000e+06,4.488039500000000000e+06,4.490241000000000000e+06,4.644174000000000000e+06,4.798333500000000000e+06,4.947831500000000000e+06,5.082004500000000000e+06,5.186941000000000000e+06,5.246586000000000000e+06,5.242956500000000000e+06,5.136590500000000000e+06,5.006535500000000000e+06,4.751191000000000000e+06,4.343272000000000000e+06,3.696796500000000000e+06,2.405378000000000000e+06,6.928308125000000000e+05,1.379270898437500000e+04
1.142602500000000000e+06,1.148300250000000000e+06,1.164387500000000000e+06,1.189371875000000000e+06,1.221951250000000000e+06,1.265101250000000000e+06,1.313164375000000000e+06,1.364402375000000000e+06,1.417995375000000000e+06,1.483367375000000000e+06,1.546346000000000000e+06,1.604946625000000000e+06,1.662045750000000000e+06,1.730356125000000000e+06,1.791541750000000000e+06,1.845843375000000000e+06,1.893941000000000000e+06,1.936541625000000000e+06,1.982965750000000000e+06,2.040297750000000000e+06,2.092430375000000000e+06,2.139678000000000000e+06,2.181838250000000000e+06,2.218468250000000000e+06,2.248263250000000000e+06,2.269522750000000000e+06,2.280010500000000000e+06,2.350764750000000000e+06,2.433550500000000000e+06,2.491110000000000000e+06,2.515102500000000000e+06,2.497068250000000000e+06,2.429001000000000000e+06,2.298815500000000000e+06,2.099383000000000000e+06,1.897237875000000000e+06,1.636078500000000000e+06,1.304731000000000000e+06,8.172437500000000000e+05,2.544256562500000000e+05,1.352808105468750000e+04
8.917022500000000000e+05,8.927081875000000000e+05,8.948339375000000000e+05,8.966333125000000000e+05,8.966193750000000000e+05,8.952181875000000000e+05,8.901186250000000000e+05,8.793388125000000000e+05,8.637798125000000000e+05,8.453931875000000000e+05,8.260613125000000000e+05,8.103876250000000000e+05,7.973573750000000000e+05,7.856875000000000000e+05,7.756496875000000000e+05,7.675339375000000000e+05,7.615929375000000000e+05,7.645869375000000000e+05,7.706832500000000000e+05,7.789061250000000000e+05,7.891916875000000000e+05,8.014318125000000000e+05,8.169643750000000000e+05,8.463645000000000000e+05,8.769543750000000000e+05,9.084635000000000000e+05,9.405265625000000000e+05,9.726691875000000000e+05,1.015244625000000000e+06,1.109628125000000000e+06,1.201189875000000000e+06,1.286714375000000000e+06,1.362160500000000000e+06,1.417232000000000000e+06,1.438066375000000000e+06,1.474665000000000000e+06,1.473265500000000000e+06,1.392629250000000000e+06,1.079478500000000000e+06,5.038382812500000000e+05,9.379118750000000000e+04
3.221993164062500000e+04,3.233466210937500000e+04,3.266158398437500000e+04,3.317435546875000000e+04,3.384632421875000000e+04,3.465084765625000000e+04,3.556151562500000000e+04,3.665717968750000000e+04,3.798406250000000000e+04,3.934165625000000000e+04,4.069630468750000000e+04,4.211460546875000000e+04,4.392322656250000000e+04,4.564274609375000000e+04,4.725986328125000000e+04,4.876949609375000000e+04,5.032193359375000000e+04,5.241108593750000000e+04,5.435944531250000000e+04,5.618841015625000000e+04,5.791986328125000000e+04,5.957491406250000000e+04,6.117403125000000000e+04,6.273694921875000000e+04,6.509289453125000000e+04,6.926335156250000000e+04,7.350778906250000000e+04,7.784322656250000000e+04,8.228275000000000000e+04,8.682840625000000000e+04,9.146946875000000000e+04,9.609155468750000000e+04,1.004874140625000000e+05,1.050021250000000000e+05,1.126877500000000000e+05,1.206591093750000000e+05,1.263381406250000000e+05,1.278101171875000000e+05,1.288192890625000000e+05,1.272271718750000000e+05,8.804035937500000000e+04
1.136864625000000000e+06,1.138148625000000000e+06,1.141500625000000000e+06,1.146138000000000000e+06,1.154387625000000000e+06,1.163070500000000000e+06,1.170889250000000000e+06,1.176865875000000000e+06,1.180614000000000000e+06,1.182106000000000000e+06,1.181337250000000000e+06,1.178294750000000000e+06,1.182587500000000000e+06,1.183904375000000000e+06,1.181529500000000000e+06,1.175128125000000000e+06,1.164467250000000000e+06,1.149355250000000000e+06,1.137312500000000000e+06,1.128092750000000000e+06,1.112284500000000000e+06,1.089775750000000000e+06,1.060539250000000000e+06,1.024612125000000000e+06,9.821225000000000000e+05,9.466272500000000000e+05,9.334460000000000000e+05,9.075036875000000000e+05,8.691190000000000000e+05,8.187675625000000000e+05,7.571646250000000000e+05,6.855539375000000000e+05,6.056965000000000000e+05,5.249546875000000000e+05,4.497193125000000000e+05,3.687519375000000000e+05,2.870382187500000000e+05,2.064264843750000000e+05,1.194516406250000000e+05,3.849789062500000000e+04,4.753535156250000000e+03
2.397689500000000000e+06,2.398718000000000000e+06,2.400925000000000000e+06,2.402881000000000000e+06,2.403064000000000000e+06,2.399928000000000000e+06,2.395041000000000000e+06,2.397238250000000000e+06,2.393306000000000000e+06,2.383939250000000000e+06,2.369913750000000000e+06,2.352005750000000000e+06,2.330522250000000000e+06,2.305632000000000000e+06,2.308847250000000000e+06,2.309530250000000000e+06,2.305922500000000000e+06,2.298795500000000000e+06,2.288911250000000000e+06,2.276932250000000000e+06,2.272931250000000000e+06,2.369379500000000000e+06,2.457708750000000000e+06,2.538673750000000000e+06,2.612613250000000000e+06,2.679563250000000000e+06,2.739002000000000000e+06,2.789638250000000000e+06,2.829362000000000000e+06,2.868782250000000000e+06,2.951904250000000000e+06,3.018482750000000000e+06,3.058805250000000000e+06,3.051721000000000000e+06,2.960401500000000000e+06,2.761864500000000000e+06,2.470707750000000000e+06,2.055501000000000000e+06,1.354758125000000000e+06,5.015390937500000000e+05,7.059339062500000000e+04
4.627007500000000000e+06,4.626734000000000000e+06,4.624599000000000000e+06,4.618343500000000000e+06,4.605431500000000000e+06,4.583175500000000000e+06,4.548863500000000000e+06,4.499973000000000000e+06,4.435149500000000000e+06,4.357751500000000000e+06,4.315844000000000000e+06,4.253726500000000000e+06,4.171189250000000000e+06,4.068742500000000000e+06,3.947465750000000000e+06,3.809132000000000000e+06,3.656079250000000000e+06,3.579206250000000000e+06,3.538558000000000000e+06,3.466483500000000000e+06,3.366946250000000000e+06,3.243946500000000000e+06,3.101342500000000000e+06,2.942727250000000000e+06,2.771218500000000000e+06,2.589588500000000000e+06,2.400225000000000000e+06,2.205138250000000000e+06,2.038667750000000000e+06,1.877767625000000000e+06,1.712323000000000000e+06,1.542504750000000000e+06,1.368582125000000000e+06,1.191278000000000000e+06,1.011710375000000000e+06,8.310838125000000000e+05,6.516606875000000000e+05,4.780092187500000000e+05,3.140347187500000000e+05,1.660397187500000000e+05,5.938999218750000000e+04
5.501755500000000000e+06,5.499712000000000000e+06,5.493572500000000000e+06,5.483277000000000000e+06,5.468722000000000000e+06,5.449773000000000000e+06,5.426280000000000000e+06,5.398134500000000000e+06,5.365681000000000000e+06,5.329544500000000000e+06,5.290369500000000000e+06,5.248801000000000000e+06,5.205311500000000000e+06,5.179660000000000000e+06,5.167009500000000000e+06,5.153514500000000000e+06,5.138932500000000000e+06,5.122991500000000000e+06,5.105037500000000000e+06,5.083843000000000000e+06,5.058062500000000000e+06,5.025731500000000000e+06,4.984314000000000000e+06,4.931045500000000000e+06,4.862282500000000000e+06,4.871039000000000000e+06,4.939749500000000000e+06,4.971178000000000000e+06,4.956381500000000000e+06,4.884715500000000000e+06,4.745276500000000000e+06,4.529163000000000000e+06,4.230363500000000000e+06,3.839722750000000000e+06,3.475777500000000000e+06,3.020261000000000000e+06,2.491632750000000000e+06,1.889818375000000000e+06,1.124256500000000000e+06,3.242340937500000000e+05,1.136083593750000000e+04
4.352044687500000000e+05,4.358392500000000000e+05,4.374250937500000000e+05,4.394446250000000000e+05,4.413455625000000000e+05,4.434933125000000000e+05,4.447342500000000000e+05,4.442314375000000000e+05,4.418704062500000000e+05,4.378062812500000000e+05,4.332623125000000000e+05,4.278677812500000000e+05,4.210806250000000000e+05,4.129245625000000000e+05,4.042009687500000000e+05,3.963808437500000000e+05,3.871684687500000000e+05,3.767447187500000000e+05,3.652739687500000000e+05,3.560578437500000000e+05,3.465111562500000000e+05,3.356830937500000000e+05,3.236976875000000000e+05,3.106662187500000000e+05,3.009895000000000000e+05,2.907754062500000000e+05,2.788816562500000000e+05,2.654053437500000000e+05,2.504455156250000000e+05,2.381276406250000000e+05,2.345600312500000000e+05,2.269562812500000000e+05,2.153607812500000000e+05,2.001565781250000000e+05,1.820990781250000000e+05,1.652885468750000000e+05,1.492600625000000000e+05,1.297447187500000000e+05,1.135549062500000000e+05,1.017055312500000000e+05,6.710648437500000000e+04
2.865725312500000000e+05,2.863172187500000000e+05,2.855670312500000000e+05,2.843323750000000000e+05,2.826187500000000000e+05,2.804400625000000000e+05,2.778281250000000000e+05,2.748518437500000000e+05,2.717435000000000000e+05,2.690358750000000000e+05,2.738344375000000000e+05,2.795301250000000000e+05,2.861810937500000000e+05,2.936659375000000000e+05,3.018652812500000000e+05,3.106645625000000000e+05,3.199448437500000000e+05,3.295670312500000000e+05,3.393604375000000000e+05,3.491158437500000000e+05,3.585975312500000000e+05,3.675632812500000000e+05,3.757650312500000000e+05,3.883410625000000000e+05,4.021798437500000000e+05,4.153147812500000000e+05,4.272825312500000000e+05,4.375242500000000000e+05,4.454076875000000000e+05,4.501837187500000000e+05,4.510272187500000000e+05,4.468986562500000000e+05,4.366241875000000000e+05,4.192142187500000000e+05,3.939902187500000000e+05,3.598143437500000000e+05,3.146607500000000000e+05,2.591590781250000000e+05,1.989417812500000000e+05,1.360619687500000000e+05,6.765792187500000000e+04
3.189292750000000000e+06,3.197480750000000000e+06,3.220426500000000000e+06,3.255687500000000000e+06,3.300802000000000000e+06,3.353292750000000000e+06,3.410671500000000000e+06,3.470521500000000000e+06,3.569014250000000000e+06,3.670219000000000000e+06,3.770042250000000000e+06,3.866767500000000000e+06,3.959421500000000000e+06,4.047421750000000000e+06,4.130228000000000000e+06,4.207811000000000000e+06,4.280805500000000000e+06,4.474301500000000000e+06,4.682105000000000000e+06,4.884514500000000000e+06,5.083355000000000000e+06,5.280223000000000000e+06,5.476478000000000000e+06,5.673285000000000000e+06,5.870600000000000000e+06,6.067804500000000000e+06,6.263185000000000000e+06,6.453439500000000000e+06,6.633274500000000000e+06,6.835910500000000000e+06,7.127794500000000000e+06,7.401801500000000000e+06,7.639471500000000000e+06,7.781821500000000000e+06,7.710328000000000000e+06,7.347269000000000000e+06,6.740789500000000000e+06,5.748353000000000000e+06,3.678336250000000000e+06,1.012828937500000000e+06,2.100671093750000000e+04
2.141063250000000000e+06,2.141767750000000000e+06,2.142548000000000000e+06,2.147930500000000000e+06,2.187390500000000000e+06,2.223973500000000000e+06,2.251391250000000000e+06,2.264189750000000000e+06,2.262701500000000000e+06,2.250624250000000000e+06,2.231650000000000000e+06,2.209076750000000000e+06,2.183915250000000000e+06,2.156175750000000000e+06,2.126029000000000000e+06,2.094092000000000000e+06,2.061433000000000000e+06,2.029133875000000000e+06,1.997962875000000000e+06,1.968246125000000000e+06,1.940264375000000000e+06,1.923426250000000000e+06,1.927427625000000000e+06,1.934811250000000000e+06,1.944756125000000000e+06,1.956173500000000000e+06,1.967514000000000000e+06,1.976569875000000000e+06,1.980594500000000000e+06,1.975273250000000000e+06,1.955593375000000000e+06,1.916308250000000000e+06,1.852001500000000000e+06,1.752997250000000000e+06,1.604708875000000000e+06,1.403184875000000000e+06,1.166049500000000000e+06,8.924425000000000000e+05,5.327969375000000000e+05,1.662027500000000000e+05,1.570657617187500000e+04
1.421548250000000000e+06,1.421993375000000000e+06,1.422876375000000000e+06,1.423445000000000000e+06,1.422884875000000000e+06,1.421789500000000000e+06,1.419675375000000000e+06,1.414134250000000000e+06,1.405097750000000000e+06,1.392974625000000000e+06,1.378221625000000000e+06,1.361299500000000000e+06,1.349285750000000000e+06,1.335797125000000000e+06,1.319987500000000000e+06,1.301951500000000000e+06,1.281771750000000000e+06,1.264813250000000000e+06,1.252788625000000000e+06,1.237391250000000000e+06,1.218492000000000000e+06,1.195878625000000000e+06,1.169257250000000000e+06,1.153022625000000000e+06,1.134437500000000000e+06,1.108501250000000000e+06,1.074787500000000000e+06,1.032895125000000000e+06,9.824943125000000000e+05,9.674958750000000000e+05,9.482358125000000000e+05,9.096747500000000000e+05,8.517352500000000000e+05,7.746373750000000000e+05,6.787438750000000000e+05,5.863849375000000000e+05,4.917576562500000000e+05,3.856180937500000000e+05,2.614763437500000000e+05,1.261167812500000000e+05,3.428670703125000000e+04
8.377895000000000000e+05,8.365749375000000000e+05,8.329119375000000000e+05,8.275577500000000000e+05,8.290547500000000000e+05,8.295232500000000000e+05,8.282918750000000000e+05,8.247751875000000000e+05,8.189584375000000000e+05,8.111751250000000000e+05,8.017945000000000000e+05,7.911932500000000000e+05,7.795818125000000000e+05,7.671205625000000000e+05,7.540248750000000000e+05,7.405347500000000000e+05,7.268901875000000000e+05,7.133504375000000000e+05,7.001091250000000000e+05,6.872478750000000000e+05,6.748391250000000000e+05,6.697158125000000000e+05,6.698015625000000000e+05,6.707171250000000000e+05,6.720515000000000000e+05,6.732995625000000000e+05,6.738143125000000000e+05,6.727603750000000000e+05,6.691656250000000000e+05,6.617172500000000000e+05,6.489681250000000000e+05,6.294441875000000000e+05,6.017035625000000000e+05,5.636532500000000000e+05,5.125196875000000000e+05,4.477732500000000000e+05,3.731572500000000000e+05,2.894870937500000000e+05,1.889013437500000000e+05,8.520778906250000000e+04,2.421861523437500000e+04
4.151917812500000000e+05,4.150600312500000000e+05,4.145262500000000000e+05,4.133661562500000000e+05,4.113468125000000000e+05,4.082416250000000000e+05,4.038434375000000000e+05,3.980018750000000000e+05,3.908728437500000000e+05,3.827834062500000000e+05,3.740561562500000000e+05,3.649846250000000000e+05,3.556926562500000000e+05,3.462252500000000000e+05,3.366320312500000000e+05,3.269469687500000000e+05,3.174548125000000000e+05,3.155845937500000000e+05,3.131309687500000000e+05,3.100282812500000000e+05,3.062061875000000000e+05,3.015923437500000000e+05,2.961127500000000000e+05,2.896953750000000000e+05,2.822795625000000000e+05,2.738126562500000000e+05,2.642495625000000000e+05,2.535560781250000000e+05,2.417232500000000000e+05,2.288103125000000000e+05,2.193978593750000000e+05,2.098986718750000000e+05,1.993613750000000000e+05,1.879604531250000000e+05,1.764727968750000000e+05,1.644581875000000000e+05,1.487549062500000000e+05,1.296321250000000000e+05,1.179291328125000000e+05,1.155451796875000000e+05,8.182425781250000000e+04
3.125811500000000000e+06,3.131053750000000000e+06,3.144888000000000000e+06,3.164370250000000000e+06,3.186472500000000000e+06,3.208150500000000000e+06,3.226407750000000000e+06,3.238585500000000000e+06,3.244561500000000000e+06,3.245711000000000000e+06,3.243442250000000000e+06,3.282328500000000000e+06,3.380117250000000000e+06,3.474791000000000000e+06,3.564510750000000000e+06,3.648056750000000000e+06,3.724915250000000000e+06,3.794647000000000000e+06,3.856529750000000000e+06,3.909362750000000000e+06,3.951854500000000000e+06,3.982439000000000000e+06,3.999265250000000000e+06,4.021107000000000000e+06,4.084451250000000000e+06,4.133350250000000000e+06,4.162870500000000000e+06,4.167333500000000000e+06,4.140545000000000000e+06,4.075184250000000000e+06,3.963735000000000000e+06,3.799352500000000000e+06,3.576280250000000000e+06,3.287258250000000000e+06,2.923760500000000000e+06,2.489059000000000000e+06,2.008089875000000000e+06,1.495339875000000000e+06,9.287249375000000000e+05,3.853652500000000000e+05,8.553015625000000000e+04
4.802345000000000000e+06,4.772022000000000000e+06,4.686677500000000000e+06,4.554258500000000000e+06,4.382529500000000000e+06,4.179556000000000000e+06,3.953995750000000000e+06,3.715190000000000000e+06,3.473123750000000000e+06,3.237891000000000000e+06,3.019309750000000000e+06,2.871707250000000000e+06,2.820428500000000000e+06,2.775225250000000000e+06,2.736243250000000000e+06,2.702834750000000000e+06,2.672967000000000000e+06,2.643852000000000000e+06,2.612532000000000000e+06,2.576151500000000000e+06,2.531530000000000000e+06,2.490350000000000000e+06,2.469797000000000000e+06,2.435375750000000000e+06,2.385358000000000000e+06,2.318548750000000000e+06,2.234250750000000000e+06,2.132390500000000000e+06,2.013220625000000000e+06,1.877267500000000000e+06,1.725436750000000000e+06,1.559330250000000000e+06,1.381211375000000000e+06,1.193004625000000000e+06,9.963048750000000000e+05,7.961722500000000000e+05,6.033032500000000000e+05,4.232267812500000000e+05,2.494992968750000000e+05,1.005379765625000000e+05,2.449076953125000000e+04
4.995651875000000000e+05,4.964835937500000000e+05,4.877575937500000000e+05,4.741031875000000000e+05,4.562134687500000000e+05,4.348208750000000000e+05,4.107366562500000000e+05,3.858653750000000000e+05,3.616490312500000000e+05,3.374674062500000000e+05,3.144688437500000000e+05,2.937144375000000000e+05,2.780137187500000000e+05,2.651515000000000000e+05,2.543412187500000000e+05,2.455649531250000000e+05,2.385993281250000000e+05,2.351339843750000000e+05,2.342757031250000000e+05,2.339040156250000000e+05,2.337194062500000000e+05,2.334328281250000000e+05,2.327709687500000000e+05,2.314408437500000000e+05,2.308149843750000000e+05,2.372779218750000000e+05,2.416540156250000000e+05,2.436532812500000000e+05,2.429687656250000000e+05,2.392809843750000000e+05,2.322891406250000000e+05,2.217639531250000000e+05,2.075838750000000000e+05,1.927381562500000000e+05,1.775889843750000000e+05,1.586277812500000000e+05,1.361232343750000000e+05,1.101012578125000000e+05,7.903379687500000000e+04,4.438032421875000000e+04,1.791914257812500000e+04
7.243453000000000000e+06,7.222754000000000000e+06,7.164900000000000000e+06,7.075314000000000000e+06,6.958653000000000000e+06,6.819364000000000000e+06,6.662151000000000000e+06,6.492324500000000000e+06,6.316166500000000000e+06,6.141205500000000000e+06,5.976237500000000000e+06,5.830514000000000000e+06,5.707860000000000000e+06,5.609373500000000000e+06,5.536451500000000000e+06,5.489117500000000000e+06,5.465221000000000000e+06,5.462301500000000000e+06,5.477350000000000000e+06,5.571796500000000000e+06,5.697230500000000000e+06,5.834163000000000000e+06,5.978394000000000000e+06,6.125284500000000000e+06,6.269572500000000000e+06,6.405460000000000000e+06,6.526003000000000000e+06,6.622754500000000000e+06,6.685609500000000000e+06,6.699337500000000000e+06,6.646754000000000000e+06,6.511033000000000000e+06,6.275875000000000000e+06,5.909145500000000000e+06,5.360755500000000000e+06,4.624481500000000000e+06,3.778634500000000000e+06,2.825436250000000000e+06,1.585429375000000000e+06,3.892023750000000000e+05,8.357161132812500000e+03
7.026222656250000000e+04,7.018604687500000000e+04,6.998381250000000000e+04,6.977007812500000000e+04,6.944569531250000000e+04,6.899532031250000000e+04,6.840442187500000000e+04,6.766259375000000000e+04,6.678683593750000000e+04,6.581013281250000000e+04,6.476582812500000000e+04,6.368638281250000000e+04,6.259690234375000000e+04,6.151909765625000000e+04,6.047506640625000000e+04,5.948434375000000000e+04,5.856271093750000000e+04,5.772573046875000000e+04,5.698347265625000000e+04,5.633794921875000000e+04,5.634467968750000000e+04,5.751959765625000000e+04,5.877509765625000000e+04,6.010257812500000000e+04,6.148101171875000000e+04,6.288209375000000000e+04,6.426412890625000000e+04,6.556673437500000000e+04,6.671995312500000000e+04,6.764020312500000000e+04,6.822989062500000000e+04,6.858314843750000000e+04,7.011632031250000000e+04,7.128428906250000000e+04,7.212594531250000000e+04,7.227189062500000000e+04,7.026676562500000000e+04,6.561396093750000000e+04,6.185352734375000000e+04,5.938029296875000000e+04,4.162883203125000000e+04
4.037443750000000000e+06,4.033796250000000000e+06,4.022990250000000000e+06,4.005038750000000000e+06,3.979756250000000000e+06,3.946831500000000000e+06,3.905895500000000000e+06,3.868811250000000000e+06,3.829401750000000000e+06,3.782144750000000000e+06,3.727258250000000000e+06,3.665321250000000000e+06,3.597099000000000000e+06,3.547750250000000000e+06,3.503675500000000000e+06,3.453156750000000000e+06,3.397243500000000000e+06,3.337097500000000000e+06,3.274320500000000000e+06,3.258632250000000000e+06,3.234686250000000000e+06,3.202852000000000000e+06,3.162981500000000000e+06,3.114622750000000000e+06,3.056561000000000000e+06,3.021701750000000000e+06,3.080656250000000000e+06,3.108922000000000000e+06,3.102971000000000000e+06,3.057917500000000000e+06,2.968497000000000000e+06,2.830480000000000000e+06,2.641206000000000000e+06,2.423076000000000000e+06,2.201236500000000000e+06,1.915230500000000000e+06,1.582327750000000000e+06,1.202561625000000000e+06,7.170405000000000000e+05,2.095868750000000000e+05,9.134527343750000000e+03
1.513747375000000000e+06,1.513552875000000000e+06,1.512594875000000000e+06,1.510255625000000000e+06,1.505861500000000000e+06,1.498708500000000000e+06,1.488086625000000000e+06,1.473345875000000000e+06,1.454295375000000000e+06,1.431037875000000000e+06,1.403723625000000000e+06,1.379121375000000000e+06,1.358822375000000000e+06,1.333960750000000000e+06,1.304543250000000000e+06,1.270712000000000000e+06,1.232728250000000000e+06,1.190927625000000000e+06,1.145674625000000000e+06,1.097329375000000000e+06,1.086996000000000000e+06,1.071706250000000000e+06,1.048373687500000000e+06,1.017526062500000000e+06,9.797219375000000000e+05,9.355416875000000000e+05,8.855768750000000000e+05,8.304233750000000000e+05,7.707056875000000000e+05,7.071226875000000000e+05,6.573130000000000000e+05,6.041770625000000000e+05,5.476050000000000000e+05,4.877757187500000000e+05,4.251740937500000000e+05,3.599914375000000000e+05,2.921684062500000000e+05,2.234361406250000000e+05,1.573504531250000000e+05,9.541472656250000000e+04,4.208176171875000000e+04
2.232316875000000000e+05,2.230000625000000000e+05,2.222347656250000000e+05,2.208201562500000000e+05,2.186350468750000000e+05,2.155623437500000000e+05,2.114977343750000000e+05,2.063700937500000000e+05,2.002627500000000000e+05,1.933466875000000000e+05,1.857949218750000000e+05,1.777751718750000000e+05,1.694231562500000000e+05,1.608600312500000000e+05,1.532232187500000000e+05,1.458124218750000000e+05,1.383583906250000000e+05,1.309677812500000000e+05,1.237261015625000000e+05,1.166915703125000000e+05,1.099152890625000000e+05,1.034283046875000000e+05,9.724453906250000000e+04,9.137235156250000000e+04,8.724867187500000000e+04,8.502430468750000000e+04,8.267912500000000000e+04,8.021289062500000000e+04,7.762455468750000000e+04,7.492621093750000000e+04,7.212640625000000000e+04,6.916109375000000000e+04,6.592233593750000000e+04,6.325237500000000000e+04,6.233879296875000000e+04,6.181424609375000000e+04,6.006741796875000000e+04,5.700887109375000000e+04,5.895257421875000000e+04,6.885169531250000000e+04,5.782238281250000000e+04
5.306090000000000000e+05,5.300596875000000000e+05,5.284240000000000000e+05,5.257033750000000000e+05,5.218832500000000000e+05,5.169408437500000000e+05,5.108530000000000000e+05,5.036111250000000000e+05,4.953072500000000000e+05,4.861019062500000000e+05,4.761732187500000000e+05,4.734525937500000000e+05,4.767389375000000000e+05,4.790292187500000000e+05,4.803090625000000000e+05,4.805925312500000000e+05,4.798976875000000000e+05,4.782614062500000000e+05,4.757005312500000000e+05,4.721816250000000000e+05,4.676617812500000000e+05,4.620505312500000000e+05,4.552090312500000000e+05,4.478356875000000000e+05,4.463396875000000000e+05,4.433979687500000000e+05,4.385771875000000000e+05,4.314043437500000000e+05,4.213824375000000000e+05,4.079538437500000000e+05,3.905691562500000000e+05,3.687950312500000000e+05,3.423294687500000000e+05,3.107160625000000000e+05,2.733367812500000000e+05,2.306854531250000000e+05,1.853625312500000000e+05,1.385846093750000000e+05,8.708592187500000000e+04,3.711700781250000000e+04,1.027099511718750000e+04
8.094125625000000000e+05,8.100143750000000000e+05,8.116042500000000000e+05,8.138472500000000000e+05,8.163996875000000000e+05,8.189163125000000000e+05,8.210568125000000000e+05,8.225210000000000000e+05,8.233292500000000000e+05,8.236929375000000000e+05,8.258902500000000000e+05,8.318268125000000000e+05,8.378857500000000000e+05,8.440254375000000000e+05,8.502120000000000000e+05,8.564067500000000000e+05,8.625552500000000000e+05,8.685962500000000000e+05,8.743919375000000000e+05,8.796903750000000000e+05,8.842134375000000000e+05,8.875845000000000000e+05,8.945337500000000000e+05,9.248738750000000000e+05,9.522795000000000000e+05,9.757051250000000000e+05,9.939195625000000000e+05,1.005477375000000000e+06,1.008817062500000000e+06,1.002187312500000000e+06,9.837966875000000000e+05,9.518200625000000000e+05,9.078058125000000000e+05,8.721445000000000000e+05,8.207313750000000000e+05,7.505831250000000000e+05,6.582091875000000000e+05,5.426579375000000000e+05,4.068805000000000000e+05,2.547056875000000000e+05,1.075206015625000000e+05
5.632622000000000000e+06,5.645699000000000000e+06,5.682530500000000000e+06,5.739473500000000000e+06,5.812841000000000000e+06,5.898925500000000000e+06,5.994015500000000000e+06,6.094548000000000000e+06,6.224324000000000000e+06,6.404040000000000000e+06,6.586030000000000000e+06,6.768211500000000000e+06,6.948600500000000000e+06,7.125271000000000000e+06,7.296349000000000000e+06,7.460632000000000000e+06,7.617764000000000000e+06,8.065633000000000000e+06,8.499546000000000000e+06,8.916991000000000000e+06,9.317417000000000000e+06,9.699741000000000000e+06,1.006225200000000000e+07,1.040245300000000000e+07,1.071497200000000000e+07,1.099286400000000000e+07,1.122635300000000000e+07,1.140187700000000000e+07,1.155038400000000000e+07,1.180927100000000000e+07,1.197656500000000000e+07,1.201684300000000000e+07,1.189051000000000000e+07,1.152373500000000000e+07,1.079953900000000000e+07,9.665400000000000000e+06,8.218844000000000000e+06,6.421541000000000000e+06,3.852132750000000000e+06,1.106839625000000000e+06,5.044672656250000000e+04
3.485360250000000000e+06,3.494582250000000000e+06,3.518779750000000000e+06,3.553040250000000000e+06,3.602084500000000000e+06,3.648907250000000000e+06,3.686386750000000000e+06,3.714273000000000000e+06,3.737918500000000000e+06,3.743543000000000000e+06,3.736326500000000000e+06,3.747492750000000000e+06,3.742108500000000000e+06,3.722359500000000000e+06,3.731216750000000000e+06,3.739308250000000000e+06,3.734627750000000000e+06,3.721181250000000000e+06,3.738061750000000000e+06,3.779586500000000000e+06,3.810606500000000000e+06,3.832837250000000000e+06,3.846757750000000000e+06,3.852049500000000000e+06,3.907474500000000000e+06,4.077185000000000000e+06,4.217023500000000000e+06,4.321438000000000000e+06,4.383271500000000000e+06,4.392080500000000000e+06,4.336252500000000000e+06,4.205487500000000000e+06,4.014956250000000000e+06,3.842843500000000000e+06,3.556018000000000000e+06,3.139744000000000000e+06,2.626455750000000000e+06,2.010530625000000000e+06,1.165911875000000000e+06,2.854396250000000000e+05,2.003526977539062500e+03
4.790124609375000000e+04,4.787834765625000000e+04,4.779211328125000000e+04,4.766252343750000000e+04,4.746195312500000000e+04,4.710217187500000000e+04,4.654132812500000000e+04,4.575064062500000000e+04,4.478799609375000000e+04,4.381626171875000000e+04,4.274371484375000000e+04,4.163041406250000000e+04,4.054287890625000000e+04,3.976433984375000000e+04,3.899285937500000000e+04,3.825740625000000000e+04,3.768668359375000000e+04,3.758579296875000000e+04,3.752446484375000000e+04,3.751484375000000000e+04,3.756555859375000000e+04,3.838938671875000000e+04,3.926793750000000000e+04,4.013853125000000000e+04,4.099694921875000000e+04,4.183284765625000000e+04,4.441894921875000000e+04,4.773838281250000000e+04,5.085829296875000000e+04,5.375947656250000000e+04,5.641561718750000000e+04,5.871317187500000000e+04,6.046607031250000000e+04,6.325400781250000000e+04,6.713446875000000000e+04,7.126925000000000000e+04,7.340489843750000000e+04,7.307275781250000000e+04,7.861880468750000000e+04,9.385257031250000000e+04,7.832306250000000000e+04
3.513016750000000000e+06,3.521787250000000000e+06,3.546063250000000000e+06,3.582576250000000000e+06,3.627845500000000000e+06,3.678264750000000000e+06,3.730189750000000000e+06,3.780017000000000000e+06,3.851727000000000000e+06,3.930975500000000000e+06,3.996196750000000000e+06,4.043682500000000000e+06,4.071995750000000000e+06,4.125117250000000000e+06,4.177540750000000000e+06,4.202723500000000000e+06,4.202420000000000000e+06,4.178494750000000000e+06,4.132856250000000000e+06,4.067385250000000000e+06,4.013103750000000000e+06,4.050159000000000000e+06,4.054878500000000000e+06,4.029227500000000000e+06,3.973887500000000000e+06,3.888997500000000000e+06,3.774167000000000000e+06,3.628494000000000000e+06,3.451103250000000000e+06,3.240842250000000000e+06,2.997122250000000000e+06,2.721654750000000000e+06,2.485865000000000000e+06,2.219318750000000000e+06,1.917135500000000000e+06,1.582847375000000000e+06,1.236996125000000000e+06,8.878599375000000000e+05,5.061841875000000000e+05,1.528270156250000000e+05,1.181865332031250000e+04
8.298195000000000000e+06,8.284858000000000000e+06,8.245273000000000000e+06,8.179858500000000000e+06,8.088870000000000000e+06,7.972551000000000000e+06,7.831267500000000000e+06,7.665834000000000000e+06,7.479643500000000000e+06,7.331289500000000000e+06,7.296227000000000000e+06,7.246670500000000000e+06,7.184792000000000000e+06,7.113152500000000000e+06,7.034993500000000000e+06,6.953955500000000000e+06,6.873742500000000000e+06,6.798168000000000000e+06,6.730567500000000000e+06,6.673409500000000000e+06,6.628985500000000000e+06,6.598930500000000000e+06,6.584252500000000000e+06,6.585675500000000000e+06,6.610029500000000000e+06,6.751403000000000000e+06,6.921889000000000000e+06,7.122652000000000000e+06,7.353823500000000000e+06,7.609422000000000000e+06,7.881064500000000000e+06,8.162906500000000000e+06,8.449515000000000000e+06,8.682282000000000000e+06,8.722388000000000000e+06,8.488160000000000000e+06,8.066602000000000000e+06,7.231067500000000000e+06,4.854235000000000000e+06,1.441592000000000000e+06,5.630740625000000000e+04
2.361607500000000000e+06,2.360308000000000000e+06,2.356449750000000000e+06,2.350034000000000000e+06,2.340999500000000000e+06,2.329238750000000000e+06,2.314616250000000000e+06,2.297001750000000000e+06,2.276453000000000000e+06,2.254180000000000000e+06,2.237701250000000000e+06,2.218970250000000000e+06,2.198168750000000000e+06,2.175540750000000000e+06,2.151411000000000000e+06,2.126097250000000000e+06,2.101035750000000000e+06,2.091914500000000000e+06,2.081214750000000000e+06,2.068945500000000000e+06,2.055091875000000000e+06,2.039394125000000000e+06,2.021348375000000000e+06,2.016093000000000000e+06,2.019738000000000000e+06,2.016193000000000000e+06,2.003813625000000000e+06,1.980507750000000000e+06,1.943945625000000000e+06,1.903129875000000000e+06,1.942275125000000000e+06,1.946595375000000000e+06,1.909816625000000000e+06,1.824638250000000000e+06,1.682217250000000000e+06,1.496359000000000000e+06,1.320534000000000000e+06,1.091111500000000000e+06,7.750845625000000000e+05,3.801949062500000000e+05,9.098719531250000000e+04
2.737820000000000000e+06,2.736681000000000000e+06,2.732922500000000000e+06,2.725800250000000000e+06,2.714376000000000000e+06,2.697654750000000000e+06,2.679181250000000000e+06,2.657119250000000000e+06,2.628499250000000000e+06,2.594455000000000000e+06,2.556434000000000000e+06,2.522709250000000000e+06,2.497762250000000000e+06,2.471347250000000000e+06,2.444731750000000000e+06,2.419086000000000000e+06,2.410234250000000000e+06,2.413639750000000000e+06,2.417859500000000000e+06,2.423149000000000000e+06,2.429568500000000000e+06,2.438098250000000000e+06,2.483680500000000000e+06,2.525471000000000000e+06,2.561838750000000000e+06,2.590639000000000000e+06,2.609096500000000000e+06,2.613705750000000000e+06,2.685895750000000000e+06,2.792533500000000000e+06,2.859912500000000000e+06,2.877956000000000000e+06,2.836429750000000000e+06,2.721883250000000000e+06,2.517651500000000000e+06,2.331769000000000000e+06,2.066672625000000000e+06,1.705244250000000000e+06,1.174358750000000000e+06,5.121607187500000000e+05,9.308697656250000000e+04
2.352326250000000000e+06,2.351340000000000000e+06,2.348445500000000000e+06,2.343697000000000000e+06,2.337103750000000000e+06,2.328640750000000000e+06,2.318259500000000000e+06,2.305910500000000000e+06,2.291662250000000000e+06,2.275679000000000000e+06,2.258165250000000000e+06,2.239371750000000000e+06,2.227686750000000000e+06,2.227604250000000000e+06,2.226765750000000000e+06,2.225435500000000000e+06,2.223938000000000000e+06,2.222653000000000000e+06,2.221974750000000000e+06,2.222278750000000000e+06,2.223954750000000000e+06,2.227363250000000000e+06,2.263234500000000000e+06,2.353941750000000000e+06,2.446435750000000000e+06,2.541295500000000000e+06,2.639141250000000000e+06,2.740679500000000000e+06,2.846099250000000000e+06,2.953037750000000000e+06,3.058105250000000000e+06,3.160245250000000000e+06,3.299232250000000000e+06,3.491821750000000000e+06,3.632527000000000000e+06,3.687951000000000000e+06,3.706323250000000000e+06,3.561586000000000000e+06,2.546556750000000000e+06,7.519901250000000000e+05,1.449271679687500000e+04
3.773350000000000000e+05,3.775403125000000000e+05,3.781140937500000000e+05,3.789866875000000000e+05,3.800815312500000000e+05,3.813177187500000000e+05,3.826122812500000000e+05,3.838866875000000000e+05,3.851141562500000000e+05,3.884308750000000000e+05,3.921440937500000000e+05,3.959041250000000000e+05,3.996794687500000000e+05,4.034357812500000000e+05,4.071491250000000000e+05,4.107995312500000000e+05,4.153138750000000000e+05,4.244148125000000000e+05,4.332397187500000000e+05,4.417090625000000000e+05,4.497366250000000000e+05,4.571924687500000000e+05,4.639000625000000000e+05,4.696509375000000000e+05,4.919095937500000000e+05,5.168686250000000000e+05,5.388845000000000000e+05,5.570928750000000000e+05,5.704555000000000000e+05,5.774958750000000000e+05,5.765690625000000000e+05,5.661873750000000000e+05,5.511724375000000000e+05,5.352152500000000000e+05,5.025495312500000000e+05,4.507472500000000000e+05,3.851606250000000000e+05,3.036804062500000000e+05,1.825403906250000000e+05,5.010326953125000000e+04,2.265312500000000000e+03
1.545637375000000000e+06,1.547175500000000000e+06,1.551605500000000000e+06,1.558634375000000000e+06,1.567953625000000000e+06,1.579246125000000000e+06,1.592193125000000000e+06,1.606476000000000000e+06,1.621741250000000000e+06,1.680045625000000000e+06,1.745860000000000000e+06,1.812772875000000000e+06,1.879690500000000000e+06,1.945542000000000000e+06,2.009220375000000000e+06,2.069683125000000000e+06,2.125971500000000000e+06,2.177082000000000000e+06,2.222003500000000000e+06,2.259731500000000000e+06,2.289219500000000000e+06,2.309349000000000000e+06,2.333944250000000000e+06,2.369674000000000000e+06,2.394649000000000000e+06,2.406844500000000000e+06,2.404084000000000000e+06,2.384001500000000000e+06,2.344149750000000000e+06,2.281676250000000000e+06,2.193786500000000000e+06,2.078203625000000000e+06,1.933307375000000000e+06,1.756705375000000000e+06,1.545280000000000000e+06,1.301922750000000000e+06,1.040579750000000000e+06,7.689378125000000000e+05,4.742966562500000000e+05,1.948738437500000000e+05,4.373827734375000000e+04
1.282138000000000000e+06,1.283539125000000000e+06,1.286965375000000000e+06,1.297975500000000000e+06,1.311830375000000000e+06,1.325069125000000000e+06,1.335677500000000000e+06,1.341897750000000000e+06,1.343701625000000000e+06,1.342070500000000000e+06,1.338001750000000000e+06,1.332405875000000000e+06,1.325538375000000000e+06,1.328066750000000000e+06,1.368404500000000000e+06,1.405210000000000000e+06,1.438832000000000000e+06,1.469725750000000000e+06,1.498317000000000000e+06,1.524938500000000000e+06,1.549940625000000000e+06,1.573715375000000000e+06,1.596673375000000000e+06,1.619191500000000000e+06,1.645625875000000000e+06,1.703146625000000000e+06,1.765678625000000000e+06,1.833424000000000000e+06,1.906298125000000000e+06,1.982730750000000000e+06,2.060479875000000000e+06,2.137443500000000000e+06,2.211249250000000000e+06,2.267561250000000000e+06,2.274269000000000000e+06,2.211095000000000000e+06,2.092868250000000000e+06,1.868483375000000000e+06,1.298891000000000000e+06,4.771193437500000000e+05,5.914875781250000000e+04
2.226682812500000000e+05,2.228632031250000000e+05,2.233633125000000000e+05,2.240247031250000000e+05,2.246909375000000000e+05,2.252041406250000000e+05,2.254146875000000000e+05,2.252034843750000000e+05,2.246238750000000000e+05,2.238338593750000000e+05,2.230030625000000000e+05,2.222960156250000000e+05,2.217523906250000000e+05,2.213533593750000000e+05,2.210888125000000000e+05,2.209300000000000000e+05,2.208147343750000000e+05,2.206763125000000000e+05,2.204220781250000000e+05,2.199203906250000000e+05,2.200658750000000000e+05,2.222836562500000000e+05,2.240781875000000000e+05,2.252350156250000000e+05,2.255296250000000000e+05,2.247267343750000000e+05,2.225893593750000000e+05,2.188878593750000000e+05,2.133951718750000000e+05,2.058849687500000000e+05,1.961564218750000000e+05,1.840976875000000000e+05,1.696880781250000000e+05,1.528425312500000000e+05,1.334063593750000000e+05,1.117923906250000000e+05,8.943608593750000000e+04,6.696510937500000000e+04,4.267358593750000000e+04,1.928391015625000000e+04,6.604409179687500000e+03
7.026222656250000000e+04,7.018604687500000000e+04,6.998381250000000000e+04,6.977007812500000000e+04,6.944569531250000000e+04,6.899532031250000000e+04,6.840442187500000000e+04,6.766259375000000000e+04,6.678683593750000000e+04,6.581013281250000000e+04,6.476582812500000000e+04,6.368638281250000000e+04,6.259690234375000000e+04,6.151909765625000000e+04,6.047506640625000000e+04,5.948434375000000000e+04,5.856271093750000000e+04,5.772573046875000000e+04,5.698347265625000000e+04,5.633794921875000000e+04,5.634467968750000000e+04,5.751959765625000000e+04,5.877509765625000000e+04,6.010257812500000000e+04,6.148101171875000000e+04,6.288209375000000000e+04,6.426412890625000000e+04,6.556673437500000000e+04,6.671995312500000000e+04,6.764020312500000000e+04,6.822989062500000000e+04,6.858314843750000000e+04,7.011632031250000000e+04,7.128428906250000000e+04,7.212594531250000000e+04,7.227189062500000000e+04,7.026676562500000000e+04,6.561396093750000000e+04,6.185352734375000000e+04,5.938029296875000000e+04,4.162883203125000000e+04
5.628155625000000000e+05,5.642118750000000000e+05,5.678634375000000000e+05,5.728543750000000000e+05,5.781842500000000000e+05,5.831238125000000000e+05,5.889261875000000000e+05,5.921675000000000000e+05,5.924463750000000000e+05,5.940443750000000000e+05,5.939910625000000000e+05,5.908152500000000000e+05,5.887255625000000000e+05,5.889778750000000000e+05,5.862383125000000000e+05,5.812592500000000000e+05,5.793919375000000000e+05,5.826819375000000000e+05,5.843119375000000000e+05,5.850640000000000000e+05,5.856049375000000000e+05,5.864300625000000000e+05,5.942544375000000000e+05,6.237958125000000000e+05,6.528961250000000000e+05,6.820610625000000000e+05,7.116066875000000000e+05,7.416204375000000000e+05,7.719414375000000000e+05,8.015706875000000000e+05,8.290895625000000000e+05,8.574456250000000000e+05,9.053053750000000000e+05,9.491421875000000000e+05,9.748073750000000000e+05,9.716540625000000000e+05,9.431297500000000000e+05,8.626688125000000000e+05,6.101022500000000000e+05,2.116234687500000000e+05,1.698518750000000000e+04
1.749750156250000000e+05,1.740040000000000000e+05,1.712399687500000000e+05,1.669019843750000000e+05,1.612046093750000000e+05,1.543603125000000000e+05,1.465819218750000000e+05,1.380886718750000000e+05,1.291485937500000000e+05,1.202880078125000000e+05,1.116472109375000000e+05,1.033539375000000000e+05,9.554421093750000000e+04,8.829319531250000000e+04,8.188620312500000000e+04,7.639392187500000000e+04,7.143408593750000000e+04,6.698825781250000000e+04,6.301895703125000000e+04,5.974328125000000000e+04,5.710794921875000000e+04,5.465357031250000000e+04,5.233057031250000000e+04,5.008814453125000000e+04,4.798036328125000000e+04,4.656741796875000000e+04,4.500323437500000000e+04,4.327416796875000000e+04,4.136826562500000000e+04,3.928864843750000000e+04,3.818098046875000000e+04,3.799720703125000000e+04,3.723204296875000000e+04,3.593519921875000000e+04,3.425294140625000000e+04,3.214618164062500000e+04,3.087378125000000000e+04,2.917770898437500000e+04,2.924264453125000000e+04,3.242101171875000000e+04,2.765630078125000000e+04
2.212307226562500000e+04,2.210321679687500000e+04,2.203572851562500000e+04,2.190665234375000000e+04,2.170108593750000000e+04,2.144246679687500000e+04,2.109341992187500000e+04,2.063421093750000000e+04,2.008646289062500000e+04,1.948768554687500000e+04,1.887447265625000000e+04,1.829826953125000000e+04,1.779178710937500000e+04,1.732647460937500000e+04,1.691299414062500000e+04,1.655982617187500000e+04,1.627172363281250000e+04,1.614920312500000000e+04,1.609747851562500000e+04,1.610992382812500000e+04,1.618481445312500000e+04,1.631913281250000000e+04,1.668100585937500000e+04,1.710313281250000000e+04,1.756765234375000000e+04,1.806987890625000000e+04,1.861186523437500000e+04,1.955277929687500000e+04,2.051090625000000000e+04,2.147728710937500000e+04,2.243932812500000000e+04,2.370971289062500000e+04,2.645332421875000000e+04,2.910915039062500000e+04,3.166133007812500000e+04,3.386838671875000000e+04,3.586615234375000000e+04,3.813253906250000000e+04,4.188281640625000000e+04,4.819073046875000000e+04,4.015950781250000000e+04
1.155463750000000000e+06,1.154727250000000000e+06,1.152274500000000000e+06,1.148051875000000000e+06,1.142891625000000000e+06,1.134700375000000000e+06,1.122755625000000000e+06,1.106442250000000000e+06,1.085566000000000000e+06,1.060943250000000000e+06,1.035110937500000000e+06,1.005255437500000000e+06,9.720572500000000000e+05,9.363105625000000000e+05,8.998548125000000000e+05,8.664745625000000000e+05,8.319723125000000000e+05,7.970502500000000000e+05,7.622354375000000000e+05,7.278231250000000000e+05,6.966019375000000000e+05,6.692340625000000000e+05,6.416041875000000000e+05,6.136556250000000000e+05,5.851998750000000000e+05,5.559992500000000000e+05,5.287366250000000000e+05,5.054061250000000000e+05,4.792614375000000000e+05,4.500917187500000000e+05,4.177438125000000000e+05,3.821718750000000000e+05,3.660630937500000000e+05,3.444504062500000000e+05,3.139012187500000000e+05,2.747727500000000000e+05,2.287134687500000000e+05,1.897572968750000000e+05,1.476666093750000000e+05,1.014236015625000000e+05,4.939547265625000000e+04
1.198822750000000000e+06,1.198422250000000000e+06,1.196694750000000000e+06,1.192513125000000000e+06,1.184560625000000000e+06,1.171611000000000000e+06,1.154484875000000000e+06,1.134724250000000000e+06,1.109005750000000000e+06,1.079106125000000000e+06,1.056781250000000000e+06,1.033703750000000000e+06,1.010755687500000000e+06,9.971259375000000000e+05,9.906443750000000000e+05,9.849800000000000000e+05,9.809716250000000000e+05,9.858542500000000000e+05,1.004160500000000000e+06,1.023048062500000000e+06,1.042814812500000000e+06,1.063613750000000000e+06,1.085490875000000000e+06,1.108419125000000000e+06,1.185348875000000000e+06,1.262111500000000000e+06,1.339099250000000000e+06,1.416557625000000000e+06,1.494402125000000000e+06,1.571299750000000000e+06,1.645288375000000000e+06,1.714525375000000000e+06,1.785867875000000000e+06,1.893321250000000000e+06,1.974129000000000000e+06,2.009090500000000000e+06,2.004011750000000000e+06,1.901235500000000000e+06,1.439762625000000000e+06,6.191671875000000000e+05,1.050340937500000000e+05
2.018627656250000000e+05,2.018228750000000000e+05,2.016764687500000000e+05,2.013795000000000000e+05,2.008850625000000000e+05,2.001461562500000000e+05,1.991181250000000000e+05,1.977680625000000000e+05,1.961454843750000000e+05,1.943481562500000000e+05,1.924748750000000000e+05,1.906204531250000000e+05,1.888445937500000000e+05,1.871908593750000000e+05,1.857049062500000000e+05,1.883739062500000000e+05,1.916464687500000000e+05,1.951798750000000000e+05,1.990097656250000000e+05,2.031531875000000000e+05,2.076256250000000000e+05,2.124276718750000000e+05,2.175439062500000000e+05,2.229490468750000000e+05,2.285815000000000000e+05,2.343585781250000000e+05,2.401523125000000000e+05,2.457707968750000000e+05,2.509754218750000000e+05,2.584010468750000000e+05,2.681198750000000000e+05,2.772764062500000000e+05,2.850225625000000000e+05,2.902832812500000000e+05,2.917405000000000000e+05,2.871960000000000000e+05,2.726562187500000000e+05,2.451474375000000000e+05,2.055148593750000000e+05,1.515020468750000000e+05,7.751042187500000000e+04
4.754234687500000000e+05,4.733122187500000000e+05,4.673693437500000000e+05,4.581922500000000000e+05,4.463872187500000000e+05,4.325628437500000000e+05,4.173237500000000000e+05,4.012709375000000000e+05,3.850540625000000000e+05,3.693253750000000000e+05,3.546945000000000000e+05,3.433483437500000000e+05,3.374115937500000000e+05,3.329786562500000000e+05,3.299778750000000000e+05,3.282693750000000000e+05,3.276069062500000000e+05,3.277314062500000000e+05,3.283551250000000000e+05,3.291478125000000000e+05,3.297598437500000000e+05,3.298562187500000000e+05,3.291158437500000000e+05,3.272120312500000000e+05,3.238487187500000000e+05,3.187421875000000000e+05,3.116309062500000000e+05,3.022911250000000000e+05,2.905274375000000000e+05,2.812502500000000000e+05,2.700651250000000000e+05,2.562195312500000000e+05,2.395047812500000000e+05,2.196811093750000000e+05,1.964807187500000000e+05,1.699763750000000000e+05,1.409608437500000000e+05,1.100162265625000000e+05,7.630878125000000000e+04,4.204014843750000000e+04,1.732726562500000000e+04
3.919375000000000000e+05,3.906410312500000000e+05,3.868593750000000000e+05,3.807387500000000000e+05,3.724217187500000000e+05,3.620660937500000000e+05,3.498590000000000000e+05,3.360455625000000000e+05,3.220772500000000000e+05,3.094925625000000000e+05,2.967213750000000000e+05,2.842894062500000000e+05,2.724348750000000000e+05,2.612666562500000000e+05,2.509061093750000000e+05,2.414031406250000000e+05,2.327037500000000000e+05,2.250265468750000000e+05,2.263823437500000000e+05,2.273386406250000000e+05,2.277729218750000000e+05,2.275355468750000000e+05,2.264492968750000000e+05,2.243165468750000000e+05,2.209479687500000000e+05,2.161537656250000000e+05,2.097676875000000000e+05,2.016671093750000000e+05,1.942660312500000000e+05,1.871261562500000000e+05,1.780809687500000000e+05,1.669963437500000000e+05,1.538229843750000000e+05,1.384053281250000000e+05,1.204617421875000000e+05,1.003287656250000000e+05,7.955509375000000000e+04,5.869237500000000000e+04,3.531303515625000000e+04,1.275163378906250000e+04,2.902985839843750000e+03
1.842944375000000000e+06,1.837739875000000000e+06,1.822528750000000000e+06,1.797848250000000000e+06,1.764174000000000000e+06,1.721957250000000000e+06,1.671658875000000000e+06,1.613827750000000000e+06,1.549562250000000000e+06,1.481260375000000000e+06,1.419614750000000000e+06,1.354975750000000000e+06,1.288402125000000000e+06,1.220875500000000000e+06,1.153455250000000000e+06,1.087019250000000000e+06,1.028021187500000000e+06,9.786813125000000000e+05,9.293891875000000000e+05,8.804880000000000000e+05,8.322581875000000000e+05,7.848179375000000000e+05,7.381336250000000000e+05,7.010314375000000000e+05,6.849036875000000000e+05,6.636164375000000000e+05,6.374616875000000000e+05,6.066787500000000000e+05,5.714691875000000000e+05,5.320682500000000000e+05,4.887391250000000000e+05,4.418686562500000000e+05,3.979660625000000000e+05,3.572016875000000000e+05,3.134843125000000000e+05,2.668803437500000000e+05,2.179680312500000000e+05,1.676801250000000000e+05,1.161598671875000000e+05,6.536678125000000000e+04,2.647412695312500000e+04
8.530448000000000000e+06,8.497010000000000000e+06,8.399456000000000000e+06,8.242131000000000000e+06,8.029656000000000000e+06,7.766924500000000000e+06,7.459107000000000000e+06,7.111903500000000000e+06,6.733866000000000000e+06,6.334993000000000000e+06,5.924926000000000000e+06,5.512608500000000000e+06,5.104888000000000000e+06,4.707350000000000000e+06,4.391817500000000000e+06,4.107850500000000000e+06,3.831211500000000000e+06,3.564536750000000000e+06,3.309584250000000000e+06,3.066896500000000000e+06,2.836823500000000000e+06,2.619058000000000000e+06,2.412746000000000000e+06,2.216964500000000000e+06,2.030480750000000000e+06,1.852024750000000000e+06,1.680425750000000000e+06,1.514639750000000000e+06,1.353800500000000000e+06,1.206186000000000000e+06,1.077048500000000000e+06,9.493966875000000000e+05,8.230584375000000000e+05,6.975145625000000000e+05,5.718408750000000000e+05,4.476927187500000000e+05,3.315348750000000000e+05,2.255821562500000000e+05,1.210796953125000000e+05,3.314347265625000000e+04,2.518739990234375000e+03
2.346993000000000000e+06,2.338061750000000000e+06,2.312519250000000000e+06,2.272251250000000000e+06,2.219145500000000000e+06,2.155084250000000000e+06,2.081939750000000000e+06,2.001628875000000000e+06,1.916667250000000000e+06,1.829872125000000000e+06,1.743964500000000000e+06,1.661449625000000000e+06,1.583860250000000000e+06,1.512249375000000000e+06,1.447639625000000000e+06,1.424294875000000000e+06,1.411468625000000000e+06,1.403951625000000000e+06,1.402053375000000000e+06,1.405719000000000000e+06,1.414857000000000000e+06,1.429237000000000000e+06,1.448469250000000000e+06,1.472079125000000000e+06,1.499421125000000000e+06,1.529712250000000000e+06,1.562013125000000000e+06,1.595198375000000000e+06,1.644784875000000000e+06,1.710755500000000000e+06,1.775931125000000000e+06,1.836701375000000000e+06,1.888795250000000000e+06,1.918075250000000000e+06,1.896113250000000000e+06,1.805675500000000000e+06,1.661303125000000000e+06,1.429036500000000000e+06,9.392989375000000000e+05,3.003937500000000000e+05,2.309110546875000000e+04
4.902421500000000000e+06,4.898221500000000000e+06,4.882335000000000000e+06,4.849106000000000000e+06,4.792642500000000000e+06,4.707624000000000000e+06,4.589949500000000000e+06,4.437843000000000000e+06,4.278858500000000000e+06,4.102147000000000000e+06,3.915708500000000000e+06,3.729179000000000000e+06,3.547649000000000000e+06,3.377007000000000000e+06,3.246076500000000000e+06,3.124326250000000000e+06,3.014282000000000000e+06,2.918210000000000000e+06,2.837367000000000000e+06,2.772746500000000000e+06,2.762229250000000000e+06,2.762476750000000000e+06,2.773437750000000000e+06,2.794795250000000000e+06,2.825825750000000000e+06,2.865530000000000000e+06,2.928367750000000000e+06,3.136407000000000000e+06,3.351684500000000000e+06,3.571060000000000000e+06,3.789561250000000000e+06,4.004238750000000000e+06,4.213459500000000000e+06,4.386235500000000000e+06,4.574512500000000000e+06,4.705101000000000000e+06,4.784802500000000000e+06,4.651237500000000000e+06,3.410079250000000000e+06,1.116196250000000000e+06,4.983913671875000000e+04
8.917022500000000000e+05,8.927081875000000000e+05,8.948339375000000000e+05,8.966333125000000000e+05,8.966193750000000000e+05,8.952181875000000000e+05,8.901186250000000000e+05,8.793388125000000000e+05,8.637798125000000000e+05,8.453931875000000000e+05,8.260613125000000000e+05,8.103876250000000000e+05,7.973573750000000000e+05,7.856875000000000000e+05,7.756496875000000000e+05,7.675339375000000000e+05,7.615929375000000000e+05,7.645869375000000000e+05,7.706832500000000000e+05,7.789061250000000000e+05,7.891916875000000000e+05,8.014318125000000000e+05,8.169643750000000000e+05,8.463645000000000000e+05,8.769543750000000000e+05,9.084635000000000000e+05,9.405265625000000000e+05,9.726691875000000000e+05,1.015244625000000000e+06,1.109628125000000000e+06,1.201189875000000000e+06,1.286714375000000000e+06,1.362160500000000000e+06,1.417232000000000000e+06,1.438066375000000000e+06,1.474665000000000000e+06,1.473265500000000000e+06,1.392629250000000000e+06,1.079478500000000000e+06,5.038382812500000000e+05,9.379118750000000000e+04
7.825318750000000000e+05,7.784095000000000000e+05,7.666191250000000000e+05,7.480503750000000000e+05,7.236214375000000000e+05,6.942736875000000000e+05,6.609658125000000000e+05,6.246912500000000000e+05,5.867014375000000000e+05,5.483506250000000000e+05,5.109075000000000000e+05,4.754907187500000000e+05,4.427270625000000000e+05,4.207075625000000000e+05,4.021306562500000000e+05,3.859601250000000000e+05,3.723088125000000000e+05,3.612682500000000000e+05,3.528200937500000000e+05,3.467865937500000000e+05,3.429773437500000000e+05,3.411402500000000000e+05,3.409611562500000000e+05,3.421035625000000000e+05,3.441675312500000000e+05,3.467083750000000000e+05,3.492232500000000000e+05,3.511380312500000000e+05,3.518015937500000000e+05,3.549359375000000000e+05,3.587108125000000000e+05,3.597233125000000000e+05,3.568255937500000000e+05,3.481525625000000000e+05,3.309306562500000000e+05,3.033753437500000000e+05,2.663325312500000000e+05,2.182380781250000000e+05,1.492562343750000000e+05,6.698842187500000000e+04,1.695574218750000000e+04
4.112264500000000000e+06,4.118186250000000000e+06,4.133742500000000000e+06,4.155509500000000000e+06,4.179968250000000000e+06,4.203568000000000000e+06,4.222792500000000000e+06,4.234530500000000000e+06,4.239035000000000000e+06,4.238554000000000000e+06,4.235375500000000000e+06,4.231651000000000000e+06,4.228368000000000000e+06,4.225984000000000000e+06,4.225039500000000000e+06,4.226253500000000000e+06,4.230529000000000000e+06,4.238820500000000000e+06,4.251889500000000000e+06,4.270189000000000000e+06,4.294178000000000000e+06,4.324211500000000000e+06,4.360545000000000000e+06,4.403386000000000000e+06,4.478498000000000000e+06,4.603850500000000000e+06,4.746334000000000000e+06,4.907634500000000000e+06,5.088821500000000000e+06,5.286878500000000000e+06,5.497425500000000000e+06,5.720561000000000000e+06,5.959090500000000000e+06,6.173699500000000000e+06,6.259948500000000000e+06,6.164115500000000000e+06,5.980551500000000000e+06,5.520663500000000000e+06,3.759127750000000000e+06,1.075186125000000000e+06,3.131343945312500000e+04
2.193993000000000000e+06,2.192366000000000000e+06,2.186374000000000000e+06,2.174179000000000000e+06,2.153911250000000000e+06,2.123885000000000000e+06,2.082766625000000000e+06,2.029958250000000000e+06,1.968058625000000000e+06,1.901297250000000000e+06,1.833676000000000000e+06,1.768708500000000000e+06,1.708016750000000000e+06,1.652364750000000000e+06,1.602544250000000000e+06,1.575922875000000000e+06,1.580291625000000000e+06,1.589690250000000000e+06,1.604592375000000000e+06,1.624865500000000000e+06,1.650294750000000000e+06,1.680448250000000000e+06,1.714652375000000000e+06,1.752064500000000000e+06,1.791416875000000000e+06,1.831156625000000000e+06,1.869317000000000000e+06,1.903403000000000000e+06,1.939324750000000000e+06,2.000568750000000000e+06,2.053075750000000000e+06,2.090577375000000000e+06,2.105546750000000000e+06,2.084270125000000000e+06,2.004941000000000000e+06,1.853350500000000000e+06,1.636049375000000000e+06,1.338452625000000000e+06,8.804810000000000000e+05,3.367741562500000000e+05,5.095746875000000000e+04
4.627422500000000000e+06,4.612530000000000000e+06,4.570651000000000000e+06,4.505516500000000000e+06,4.420506500000000000e+06,4.318962500000000000e+06,4.204429000000000000e+06,4.080874500000000000e+06,3.954119000000000000e+06,3.867363750000000000e+06,3.785472000000000000e+06,3.714461250000000000e+06,3.656691500000000000e+06,3.612704500000000000e+06,3.627586250000000000e+06,3.671475250000000000e+06,3.723714750000000000e+06,3.783448500000000000e+06,3.849325250000000000e+06,3.919376000000000000e+06,4.097672250000000000e+06,4.363489500000000000e+06,4.617107000000000000e+06,4.855757500000000000e+06,5.075906000000000000e+06,5.273233000000000000e+06,5.442173000000000000e+06,5.575748500000000000e+06,5.665629000000000000e+06,5.728122500000000000e+06,5.848258000000000000e+06,5.907461500000000000e+06,5.885480000000000000e+06,5.749721500000000000e+06,5.451993500000000000e+06,4.961617000000000000e+06,4.294589000000000000e+06,3.431224250000000000e+06,2.222437250000000000e+06,8.465230000000000000e+05,1.179883906250000000e+05
2.833952250000000000e+06,2.818448500000000000e+06,2.774506750000000000e+06,2.706113500000000000e+06,2.617346500000000000e+06,2.512282750000000000e+06,2.394926500000000000e+06,2.269232000000000000e+06,2.139812750000000000e+06,2.011456250000000000e+06,1.888552125000000000e+06,1.774889500000000000e+06,1.672231125000000000e+06,1.581374625000000000e+06,1.503081000000000000e+06,1.437418625000000000e+06,1.383612125000000000e+06,1.340966250000000000e+06,1.308522250000000000e+06,1.284860500000000000e+06,1.268605625000000000e+06,1.258267500000000000e+06,1.252215625000000000e+06,1.248775000000000000e+06,1.246138000000000000e+06,1.242391875000000000e+06,1.235522625000000000e+06,1.223417750000000000e+06,1.208768250000000000e+06,1.201190875000000000e+06,1.183132875000000000e+06,1.151761250000000000e+06,1.104369375000000000e+06,1.036277250000000000e+06,9.405248125000000000e+05,8.159003125000000000e+05,6.729351250000000000e+05,5.121597500000000000e+05,3.071575000000000000e+05,9.888021093750000000e+04,1.070027734375000000e+04
4.675146000000000000e+06,4.676955000000000000e+06,4.681354500000000000e+06,4.686707500000000000e+06,4.691255500000000000e+06,4.693140000000000000e+06,4.690422500000000000e+06,4.681166500000000000e+06,4.663995500000000000e+06,4.639051500000000000e+06,4.622472000000000000e+06,4.595047000000000000e+06,4.555677500000000000e+06,4.503423000000000000e+06,4.437521500000000000e+06,4.357510000000000000e+06,4.264069000000000000e+06,4.190980000000000000e+06,4.100454500000000000e+06,3.992655750000000000e+06,3.867920000000000000e+06,3.726755500000000000e+06,3.569822000000000000e+06,3.421447500000000000e+06,3.281385250000000000e+06,3.120843000000000000e+06,2.940993250000000000e+06,2.743253750000000000e+06,2.529306000000000000e+06,2.312754250000000000e+06,2.199229250000000000e+06,2.044674750000000000e+06,1.852721625000000000e+06,1.627878000000000000e+06,1.374714625000000000e+06,1.116882000000000000e+06,8.941148750000000000e+05,6.659666875000000000e+05,4.200910937500000000e+05,1.711731718750000000e+05,2.942196484375000000e+04
3.708797812500000000e+05,3.700374687500000000e+05,3.677274687500000000e+05,3.642540937500000000e+05,3.599025312500000000e+05,3.549502187500000000e+05,3.496765625000000000e+05,3.443666250000000000e+05,3.392746875000000000e+05,3.346535625000000000e+05,3.330150312500000000e+05,3.342367500000000000e+05,3.363821250000000000e+05,3.393717500000000000e+05,3.431321562500000000e+05,3.475527187500000000e+05,3.524587187500000000e+05,3.576519375000000000e+05,3.706505625000000000e+05,3.900889062500000000e+05,4.085930000000000000e+05,4.259067812500000000e+05,4.417655937500000000e+05,4.558601875000000000e+05,4.678289062500000000e+05,4.772687500000000000e+05,4.837050312500000000e+05,4.865811250000000000e+05,4.852830937500000000e+05,4.807641250000000000e+05,4.797833125000000000e+05,4.734101875000000000e+05,4.605160625000000000e+05,4.394365625000000000e+05,4.078627187500000000e+05,3.646476250000000000e+05,3.114020312500000000e+05,2.479369531250000000e+05,1.670274062500000000e+05,7.715178906250000000e+04,2.122801367187500000e+04
1.512617968750000000e+05,1.510845781250000000e+05,1.505544062500000000e+05,1.496640000000000000e+05,1.484018750000000000e+05,1.467612031250000000e+05,1.447465000000000000e+05,1.423859531250000000e+05,1.400364531250000000e+05,1.383523125000000000e+05,1.367765000000000000e+05,1.354894218750000000e+05,1.345570625000000000e+05,1.339906875000000000e+05,1.338064062500000000e+05,1.340085937500000000e+05,1.349233437500000000e+05,1.374334218750000000e+05,1.402217031250000000e+05,1.432546562500000000e+05,1.464904218750000000e+05,1.498829062500000000e+05,1.533812968750000000e+05,1.569247968750000000e+05,1.604322812500000000e+05,1.687422812500000000e+05,1.791383906250000000e+05,1.892484062500000000e+05,1.988062343750000000e+05,2.073609687500000000e+05,2.143479687500000000e+05,2.190964687500000000e+05,2.208490156250000000e+05,2.198323281250000000e+05,2.191373750000000000e+05,2.118206406250000000e+05,1.976507500000000000e+05,1.736293281250000000e+05,1.280295625000000000e+05,6.321087890625000000e+04,1.850020117187500000e+04
1.277215375000000000e+06,1.274645250000000000e+06,1.266709875000000000e+06,1.252887750000000000e+06,1.232566750000000000e+06,1.208597750000000000e+06,1.185233375000000000e+06,1.153758875000000000e+06,1.114901375000000000e+06,1.070317125000000000e+06,1.021933125000000000e+06,9.866098125000000000e+05,9.501868125000000000e+05,9.118494375000000000e+05,8.731080625000000000e+05,8.352169375000000000e+05,7.990176875000000000e+05,7.766631250000000000e+05,7.751213750000000000e+05,7.711849375000000000e+05,7.655832500000000000e+05,7.586279375000000000e+05,7.502715000000000000e+05,7.402622500000000000e+05,7.281016250000000000e+05,7.131544375000000000e+05,6.947196875000000000e+05,6.720750000000000000e+05,6.445064375000000000e+05,6.251238750000000000e+05,6.002343750000000000e+05,5.689083125000000000e+05,5.304426250000000000e+05,4.838400312500000000e+05,4.277895312500000000e+05,3.626589687500000000e+05,2.922432187500000000e+05,2.182599687500000000e+05,1.350391093750000000e+05,5.331137890625000000e+04,1.152864843750000000e+04
5.672930078125000000e+04,5.676873437500000000e+04,5.687824609375000000e+04,5.704419140625000000e+04,5.725242578125000000e+04,5.748846875000000000e+04,5.773762109375000000e+04,5.798572265625000000e+04,5.822483984375000000e+04,5.845077734375000000e+04,5.865939453125000000e+04,5.884614062500000000e+04,5.900246093750000000e+04,5.911788281250000000e+04,6.048389062500000000e+04,6.202626562500000000e+04,6.349484375000000000e+04,6.486566796875000000e+04,6.611339062500000000e+04,6.721071875000000000e+04,6.812934375000000000e+04,6.883946093750000000e+04,6.930978125000000000e+04,6.950821875000000000e+04,6.940114062500000000e+04,6.895456250000000000e+04,6.813339843750000000e+04,6.699554687500000000e+04,6.671960156250000000e+04,6.611114843750000000e+04,6.512077734375000000e+04,6.366953906250000000e+04,6.165686718750000000e+04,5.904976171875000000e+04,5.591086718750000000e+04,5.210896484375000000e+04,4.709431640625000000e+04,4.090420703125000000e+04,3.516728515625000000e+04,2.993781250000000000e+04,2.018866015625000000e+04
3.781161250000000000e+06,3.773057250000000000e+06,3.750614000000000000e+06,3.716481750000000000e+06,3.673159250000000000e+06,3.623057000000000000e+06,3.568558750000000000e+06,3.512075750000000000e+06,3.456117250000000000e+06,3.403330250000000000e+06,3.356527000000000000e+06,3.323586250000000000e+06,3.321534250000000000e+06,3.327164750000000000e+06,3.339768000000000000e+06,3.358053500000000000e+06,3.379813250000000000e+06,3.402679250000000000e+06,3.456646750000000000e+06,3.522923250000000000e+06,3.578948750000000000e+06,3.621208000000000000e+06,3.646195250000000000e+06,3.650327000000000000e+06,3.630244250000000000e+06,3.720250750000000000e+06,3.810937250000000000e+06,3.850659500000000000e+06,3.834019750000000000e+06,3.755846250000000000e+06,3.611920000000000000e+06,3.400794500000000000e+06,3.124141000000000000e+06,2.866705250000000000e+06,2.556013500000000000e+06,2.176271750000000000e+06,1.753139375000000000e+06,1.295376125000000000e+06,7.549220625000000000e+05,2.257840937500000000e+05,1.402990625000000000e+04
3.173795000000000000e+06,3.184077250000000000e+06,3.213154750000000000e+06,3.258294250000000000e+06,3.316680500000000000e+06,3.385447500000000000e+06,3.461708250000000000e+06,3.552069500000000000e+06,3.649799500000000000e+06,3.749190000000000000e+06,3.848775250000000000e+06,3.964677000000000000e+06,4.093012750000000000e+06,4.217005500000000000e+06,4.335454500000000000e+06,4.477423500000000000e+06,4.639770500000000000e+06,4.792875500000000000e+06,4.937024500000000000e+06,5.072758500000000000e+06,5.272579500000000000e+06,5.481340000000000000e+06,5.678125000000000000e+06,5.863099500000000000e+06,6.035091500000000000e+06,6.192169500000000000e+06,6.519184500000000000e+06,6.972197000000000000e+06,7.388729000000000000e+06,7.750140000000000000e+06,8.032305000000000000e+06,8.207956500000000000e+06,8.247546500000000000e+06,8.114084000000000000e+06,7.977018000000000000e+06,7.526179500000000000e+06,6.804004000000000000e+06,5.690614000000000000e+06,3.576189750000000000e+06,9.306019375000000000e+05,6.167510253906250000e+03
9.298716875000000000e+05,9.309436250000000000e+05,9.340341875000000000e+05,9.389565000000000000e+05,9.455246250000000000e+05,9.647597500000000000e+05,9.900991875000000000e+05,1.018571875000000000e+06,1.049788125000000000e+06,1.083388250000000000e+06,1.119002500000000000e+06,1.156250625000000000e+06,1.194755500000000000e+06,1.234132000000000000e+06,1.273977250000000000e+06,1.313952500000000000e+06,1.353816375000000000e+06,1.393322375000000000e+06,1.432257500000000000e+06,1.470464250000000000e+06,1.507780250000000000e+06,1.544025625000000000e+06,1.590764625000000000e+06,1.649585875000000000e+06,1.709564500000000000e+06,1.770218125000000000e+06,1.830751875000000000e+06,1.889904625000000000e+06,1.945935125000000000e+06,1.995481375000000000e+06,2.034353125000000000e+06,2.057369000000000000e+06,2.058390500000000000e+06,2.025616125000000000e+06,1.940014875000000000e+06,1.790114625000000000e+06,1.582572250000000000e+06,1.304039500000000000e+06,8.847215000000000000e+05,3.876146250000000000e+05,8.925191406250000000e+04
9.436840000000000000e+05,9.447098750000000000e+05,9.483172500000000000e+05,9.529377500000000000e+05,9.572498750000000000e+05,9.599478750000000000e+05,9.597754375000000000e+05,9.556717500000000000e+05,9.497151875000000000e+05,9.416546250000000000e+05,9.307090000000000000e+05,9.175237500000000000e+05,9.037089375000000000e+05,8.937083125000000000e+05,8.816766250000000000e+05,8.680520625000000000e+05,8.533788750000000000e+05,8.487767500000000000e+05,8.431031875000000000e+05,8.367220625000000000e+05,8.301303125000000000e+05,8.300425625000000000e+05,8.392643750000000000e+05,8.477780000000000000e+05,8.558603750000000000e+05,8.636555625000000000e+05,8.711175625000000000e+05,9.244641875000000000e+05,9.817186875000000000e+05,1.034141437500000000e+06,1.079747500000000000e+06,1.115866375000000000e+06,1.139196125000000000e+06,1.146010750000000000e+06,1.164135125000000000e+06,1.148156875000000000e+06,1.095121500000000000e+06,9.814341250000000000e+05,7.197706250000000000e+05,3.223334375000000000e+05,6.411216015625000000e+04
4.310756000000000000e+06,4.305299000000000000e+06,4.290097000000000000e+06,4.264125000000000000e+06,4.224199000000000000e+06,4.168291500000000000e+06,4.094653750000000000e+06,4.002268250000000000e+06,3.893748000000000000e+06,3.773679750000000000e+06,3.646539500000000000e+06,3.516470250000000000e+06,3.391902500000000000e+06,3.277445000000000000e+06,3.166068750000000000e+06,3.059698750000000000e+06,2.959951250000000000e+06,2.868399250000000000e+06,2.786138250000000000e+06,2.722635250000000000e+06,2.683150500000000000e+06,2.652361750000000000e+06,2.630186250000000000e+06,2.616426250000000000e+06,2.610200500000000000e+06,2.623010000000000000e+06,2.671821000000000000e+06,2.721922000000000000e+06,2.770244250000000000e+06,2.810648250000000000e+06,2.835549000000000000e+06,2.984792500000000000e+06,3.150923000000000000e+06,3.247440250000000000e+06,3.218867000000000000e+06,3.030361000000000000e+06,2.804606250000000000e+06,2.484417250000000000e+06,1.668323125000000000e+06,4.697207187500000000e+05,3.976966308593750000e+03
5.359393000000000000e+06,5.346913500000000000e+06,5.310508500000000000e+06,5.251676500000000000e+06,5.171879000000000000e+06,5.072574500000000000e+06,4.955254000000000000e+06,4.821581500000000000e+06,4.674471000000000000e+06,4.517575500000000000e+06,4.354563000000000000e+06,4.200998500000000000e+06,4.048523750000000000e+06,3.898926250000000000e+06,3.755106000000000000e+06,3.619473000000000000e+06,3.493820250000000000e+06,3.379835750000000000e+06,3.278690000000000000e+06,3.190859000000000000e+06,3.135721500000000000e+06,3.097670500000000000e+06,3.072489250000000000e+06,3.060100000000000000e+06,3.059926000000000000e+06,3.071234250000000000e+06,3.094000500000000000e+06,3.177077000000000000e+06,3.268706250000000000e+06,3.364398000000000000e+06,3.458206000000000000e+06,3.544995000000000000e+06,3.776917250000000000e+06,4.093339750000000000e+06,4.298501500000000000e+06,4.330463000000000000e+06,4.215968000000000000e+06,4.086932500000000000e+06,3.083802750000000000e+06,1.067817250000000000e+06,3.704001171875000000e+04
1.549561718750000000e+05,1.554036406250000000e+05,1.566463437500000000e+05,1.585220312500000000e+05,1.608562656250000000e+05,1.634680312500000000e+05,1.661748125000000000e+05,1.688000000000000000e+05,1.712010937500000000e+05,1.732671875000000000e+05,1.749083437500000000e+05,1.760625000000000000e+05,1.767334218750000000e+05,1.769609843750000000e+05,1.767956718750000000e+05,1.763056562500000000e+05,1.784239531250000000e+05,1.805364687500000000e+05,1.825828906250000000e+05,1.845942187500000000e+05,1.866103125000000000e+05,1.886558281250000000e+05,1.907403593750000000e+05,1.928718281250000000e+05,1.950225937500000000e+05,1.971516875000000000e+05,1.991833437500000000e+05,2.009885937500000000e+05,2.024296562500000000e+05,2.033735468750000000e+05,2.036653437500000000e+05,2.029058281250000000e+05,2.005216562500000000e+05,1.964667656250000000e+05,1.914293906250000000e+05,1.845269531250000000e+05,1.713950937500000000e+05,1.521753125000000000e+05,1.401345000000000000e+05,1.365143281250000000e+05,9.395841406250000000e+04
3.931929750000000000e+06,3.941666250000000000e+06,3.965790500000000000e+06,4.000399500000000000e+06,4.041684000000000000e+06,4.073237750000000000e+06,4.086221750000000000e+06,4.073695750000000000e+06,4.049654750000000000e+06,4.022119000000000000e+06,3.983640000000000000e+06,3.941274000000000000e+06,3.897147750000000000e+06,3.867031500000000000e+06,3.860239500000000000e+06,3.848496000000000000e+06,3.833032250000000000e+06,3.814957500000000000e+06,3.794458000000000000e+06,3.826251000000000000e+06,3.852770750000000000e+06,3.867381250000000000e+06,3.868040000000000000e+06,3.852338250000000000e+06,3.817267750000000000e+06,3.818427500000000000e+06,3.920471250000000000e+06,3.974377250000000000e+06,3.974124750000000000e+06,3.913088750000000000e+06,3.785117000000000000e+06,3.586698000000000000e+06,3.317465000000000000e+06,3.036706000000000000e+06,2.723756250000000000e+06,2.331974000000000000e+06,1.889638750000000000e+06,1.403939750000000000e+06,8.156311250000000000e+05,2.365944375000000000e+05,1.269852246093750000e+04
2.153443750000000000e+06,2.153295250000000000e+06,2.152608500000000000e+06,2.150957000000000000e+06,2.147854500000000000e+06,2.142783000000000000e+06,2.135218000000000000e+06,2.124690250000000000e+06,2.111139750000000000e+06,2.094781875000000000e+06,2.075894500000000000e+06,2.061307125000000000e+06,2.058760625000000000e+06,2.053990625000000000e+06,2.047298000000000000e+06,2.039117500000000000e+06,2.029999625000000000e+06,2.020537750000000000e+06,2.011302500000000000e+06,2.002794250000000000e+06,1.995501375000000000e+06,2.034527250000000000e+06,2.101663750000000000e+06,2.168992750000000000e+06,2.236767750000000000e+06,2.304999250000000000e+06,2.373217500000000000e+06,2.440269250000000000e+06,2.504208750000000000e+06,2.560415750000000000e+06,2.602960250000000000e+06,2.641166500000000000e+06,2.718380250000000000e+06,2.765727250000000000e+06,2.744932000000000000e+06,2.628550500000000000e+06,2.425679500000000000e+06,2.086346000000000000e+06,1.383173375000000000e+06,4.368470937500000000e+05,2.280396679687500000e+04
6.653217500000000000e+05,6.647913750000000000e+05,6.631740000000000000e+05,6.603958125000000000e+05,6.563543750000000000e+05,6.509390000000000000e+05,6.478936875000000000e+05,6.459111875000000000e+05,6.424985625000000000e+05,6.376698125000000000e+05,6.315263125000000000e+05,6.242511875000000000e+05,6.160603125000000000e+05,6.071920625000000000e+05,5.979136250000000000e+05,6.099270625000000000e+05,6.213556875000000000e+05,6.308447500000000000e+05,6.386892500000000000e+05,6.451063125000000000e+05,6.502559375000000000e+05,6.541698750000000000e+05,6.567539375000000000e+05,6.578375625000000000e+05,6.570847500000000000e+05,6.540729375000000000e+05,6.482765625000000000e+05,6.444780625000000000e+05,6.438005000000000000e+05,6.393855000000000000e+05,6.302128125000000000e+05,6.150491875000000000e+05,5.925116250000000000e+05,5.613013750000000000e+05,5.202995625000000000e+05,4.681425000000000000e+05,4.032316562500000000e+05,3.262515625000000000e+05,2.408952656250000000e+05,1.502667187500000000e+05,6.531680078125000000e+04
3.953297500000000000e+05,3.950121875000000000e+05,3.940584062500000000e+05,3.924368750000000000e+05,3.900879687500000000e+05,3.873909687500000000e+05,3.842851562500000000e+05,3.802842812500000000e+05,3.754262500000000000e+05,3.698445000000000000e+05,3.637448125000000000e+05,3.585968750000000000e+05,3.530734062500000000e+05,3.472263125000000000e+05,3.411401875000000000e+05,3.369582500000000000e+05,3.329025312500000000e+05,3.284149687500000000e+05,3.234842187500000000e+05,3.207409375000000000e+05,3.184602500000000000e+05,3.150148750000000000e+05,3.103045312500000000e+05,3.050767812500000000e+05,3.033168125000000000e+05,2.991450625000000000e+05,2.924789062500000000e+05,2.832611250000000000e+05,2.714587500000000000e+05,2.724827812500000000e+05,2.698804062500000000e+05,2.616957031250000000e+05,2.479966718750000000e+05,2.290763750000000000e+05,2.054533281250000000e+05,1.851287656250000000e+05,1.620483281250000000e+05,1.348705468750000000e+05,1.055978515625000000e+05,7.436460156250000000e+04,3.914091406250000000e+04
1.630585625000000000e+06,1.618648500000000000e+06,1.584881750000000000e+06,1.532463000000000000e+06,1.464709750000000000e+06,1.385059375000000000e+06,1.297026875000000000e+06,1.204206875000000000e+06,1.110781125000000000e+06,1.020917187500000000e+06,9.382254375000000000e+05,8.655485000000000000e+05,8.034219375000000000e+05,7.513936875000000000e+05,7.090900000000000000e+05,6.758263750000000000e+05,6.566081875000000000e+05,6.536079375000000000e+05,6.561895625000000000e+05,6.636885625000000000e+05,6.754094375000000000e+05,6.907516250000000000e+05,7.091861875000000000e+05,7.301440625000000000e+05,7.531300625000000000e+05,7.776265625000000000e+05,8.030810625000000000e+05,8.289263750000000000e+05,8.543541250000000000e+05,8.776926250000000000e+05,9.122065000000000000e+05,9.505693125000000000e+05,9.859165000000000000e+05,1.010394875000000000e+06,1.007092437500000000e+06,9.658365000000000000e+05,8.967493750000000000e+05,7.782187500000000000e+05,4.975144687500000000e+05,1.281674765625000000e+05,1.937472656250000000e+03
6.065168750000000000e+04,6.053670312500000000e+04,6.016274609375000000e+04,5.947841015625000000e+04,5.843064062500000000e+04,5.707950781250000000e+04,5.533842968750000000e+04,5.313679687500000000e+04,5.057059765625000000e+04,4.778816015625000000e+04,4.492871484375000000e+04,4.228725390625000000e+04,3.978366015625000000e+04,3.736675781250000000e+04,3.506462109375000000e+04,3.289676171875000000e+04,3.098943359375000000e+04,2.939759375000000000e+04,2.789202539062500000e+04,2.646080078125000000e+04,2.509062500000000000e+04,2.376667968750000000e+04,2.285433984375000000e+04,2.189795312500000000e+04,2.088146289062500000e+04,1.979762890625000000e+04,1.864198828125000000e+04,1.757019531250000000e+04,1.724324804687500000e+04,1.664727734375000000e+04,1.579316894531250000e+04,1.470520117187500000e+04,1.341983496093750000e+04,1.195604785156250000e+04,1.063944433593750000e+04,9.326972656250000000e+03,8.024738769531250000e+03,6.727181640625000000e+03,4.928639648437500000e+03,2.678055175781250000e+03,1.748347045898437500e+03
1.054497750000000000e+06,1.051778250000000000e+06,1.043909437500000000e+06,1.031312312500000000e+06,1.014402437500000000e+06,9.936030000000000000e+05,9.806657500000000000e+05,9.707727500000000000e+05,9.586417500000000000e+05,9.449196875000000000e+05,9.303563750000000000e+05,9.157580000000000000e+05,9.016620625000000000e+05,8.884925625000000000e+05,8.767269375000000000e+05,8.667657500000000000e+05,8.588650625000000000e+05,8.532755000000000000e+05,8.501489375000000000e+05,8.494786250000000000e+05,8.512333750000000000e+05,8.553313125000000000e+05,8.616394375000000000e+05,8.702885000000000000e+05,8.933496875000000000e+05,9.197688125000000000e+05,9.495946875000000000e+05,9.829602500000000000e+05,1.019855125000000000e+06,1.059441625000000000e+06,1.100574500000000000e+06,1.142822500000000000e+06,1.186129875000000000e+06,1.222313875000000000e+06,1.230884000000000000e+06,1.201334750000000000e+06,1.151301750000000000e+06,1.047052500000000000e+06,7.067261875000000000e+05,2.081530156250000000e+05,9.792809570312500000e+03
1.213173593750000000e+05,1.207621875000000000e+05,1.192005078125000000e+05,1.167870078125000000e+05,1.138545468750000000e+05,1.104794765625000000e+05,1.067231328125000000e+05,1.027176953125000000e+05,9.861608593750000000e+04,9.458350781250000000e+04,9.078499218750000000e+04,8.737472656250000000e+04,8.457459375000000000e+04,8.280467968750000000e+04,8.147598437500000000e+04,8.059830468750000000e+04,8.014678125000000000e+04,8.009683593750000000e+04,8.050270312500000000e+04,8.240167187500000000e+04,8.452320312500000000e+04,8.682617187500000000e+04,8.926631250000000000e+04,9.179141406250000000e+04,9.434684375000000000e+04,9.947448437500000000e+04,1.070634531250000000e+05,1.144650937500000000e+05,1.215390468750000000e+05,1.280373515625000000e+05,1.336420937500000000e+05,1.379780937500000000e+05,1.406184843750000000e+05,1.448633593750000000e+05,1.469538125000000000e+05,1.446808750000000000e+05,1.378768437500000000e+05,1.239706718750000000e+05,9.275565625000000000e+04,4.514812890625000000e+04,1.287070703125000000e+04
3.950212500000000000e+06,3.948729750000000000e+06,3.942447750000000000e+06,3.927917250000000000e+06,3.901372250000000000e+06,3.860785500000000000e+06,3.814788250000000000e+06,3.748528250000000000e+06,3.665814250000000000e+06,3.573679000000000000e+06,3.494597250000000000e+06,3.428607500000000000e+06,3.367439500000000000e+06,3.311992500000000000e+06,3.267519500000000000e+06,3.263051500000000000e+06,3.261418750000000000e+06,3.262628000000000000e+06,3.265848250000000000e+06,3.269151000000000000e+06,3.311302750000000000e+06,3.355995250000000000e+06,3.389007750000000000e+06,3.407463500000000000e+06,3.408259250000000000e+06,3.388108000000000000e+06,3.355338000000000000e+06,3.453068750000000000e+06,3.504685500000000000e+06,3.503673500000000000e+06,3.443667000000000000e+06,3.319513500000000000e+06,3.128016000000000000e+06,2.866032750000000000e+06,2.597114000000000000e+06,2.295430250000000000e+06,1.934364375000000000e+06,1.515237375000000000e+06,1.008087437500000000e+06,4.607593125000000000e+05,1.105405859375000000e+05
3.584639500000000000e+06,3.600845500000000000e+06,3.645215000000000000e+06,3.711166500000000000e+06,3.791934500000000000e+06,3.900505750000000000e+06,4.040395750000000000e+06,4.175482500000000000e+06,4.300664500000000000e+06,4.420871000000000000e+06,4.613485000000000000e+06,4.782562000000000000e+06,4.927123000000000000e+06,5.047597500000000000e+06,5.144727000000000000e+06,5.444478000000000000e+06,5.748504000000000000e+06,6.012750000000000000e+06,6.244454000000000000e+06,6.450739500000000000e+06,6.638785000000000000e+06,6.814651000000000000e+06,6.983342000000000000e+06,7.149465000000000000e+06,7.315590000000000000e+06,7.483517500000000000e+06,7.742953500000000000e+06,8.077632000000000000e+06,8.444676000000000000e+06,8.839109000000000000e+06,9.253119000000000000e+06,9.686206000000000000e+06,1.014220600000000000e+07,1.054849700000000000e+07,1.071273600000000000e+07,1.053502200000000000e+07,1.019052400000000000e+07,9.347039000000000000e+06,6.178581500000000000e+06,1.524419625000000000e+06,5.794761230468750000e+03
1.080578500000000000e+06,1.081309750000000000e+06,1.090738625000000000e+06,1.104857750000000000e+06,1.122326000000000000e+06,1.141776500000000000e+06,1.161826125000000000e+06,1.181182375000000000e+06,1.199558625000000000e+06,1.217282750000000000e+06,1.234707750000000000e+06,1.252153250000000000e+06,1.269523625000000000e+06,1.286532000000000000e+06,1.302924750000000000e+06,1.318561250000000000e+06,1.333430125000000000e+06,1.347545375000000000e+06,1.360870125000000000e+06,1.373275250000000000e+06,1.401424375000000000e+06,1.437264375000000000e+06,1.474132625000000000e+06,1.511460625000000000e+06,1.548344125000000000e+06,1.583661250000000000e+06,1.615926875000000000e+06,1.643179375000000000e+06,1.663079750000000000e+06,1.672343375000000000e+06,1.667256875000000000e+06,1.643632000000000000e+06,1.597043500000000000e+06,1.521448125000000000e+06,1.409118500000000000e+06,1.256652375000000000e+06,1.069118750000000000e+06,8.473056875000000000e+05,5.767173125000000000e+05,2.892705937500000000e+05,9.225437500000000000e+04
3.281073000000000000e+06,3.287559000000000000e+06,3.304262250000000000e+06,3.326694500000000000e+06,3.350040000000000000e+06,3.375868500000000000e+06,3.398254250000000000e+06,3.407070750000000000e+06,3.400104250000000000e+06,3.380319250000000000e+06,3.367526250000000000e+06,3.336553750000000000e+06,3.286988750000000000e+06,3.224945250000000000e+06,3.180242750000000000e+06,3.111889750000000000e+06,3.022259250000000000e+06,2.914064750000000000e+06,2.833502500000000000e+06,2.742441750000000000e+06,2.631631750000000000e+06,2.504867500000000000e+06,2.365756000000000000e+06,2.233969750000000000e+06,2.190922250000000000e+06,2.119567250000000000e+06,2.024710250000000000e+06,1.910578250000000000e+06,1.781006250000000000e+06,1.639409625000000000e+06,1.488857875000000000e+06,1.339281875000000000e+06,1.217849750000000000e+06,1.092029000000000000e+06,9.638677500000000000e+05,8.323180625000000000e+05,6.909396250000000000e+05,5.429401250000000000e+05,4.108094375000000000e+05,2.937175312500000000e+05,1.471847500000000000e+05
5.802956000000000000e+06,5.808703500000000000e+06,5.822001500000000000e+06,5.836485500000000000e+06,5.845408500000000000e+06,5.841920000000000000e+06,5.819346500000000000e+06,5.771860500000000000e+06,5.698392000000000000e+06,5.600813000000000000e+06,5.481398500000000000e+06,5.342710500000000000e+06,5.187138500000000000e+06,5.017083500000000000e+06,4.835149000000000000e+06,4.644091000000000000e+06,4.446657500000000000e+06,4.245463500000000000e+06,4.042503500000000000e+06,3.838959000000000000e+06,3.635831250000000000e+06,3.433555750000000000e+06,3.273247500000000000e+06,3.113366750000000000e+06,2.952495250000000000e+06,2.789594750000000000e+06,2.623550500000000000e+06,2.453156750000000000e+06,2.277281000000000000e+06,2.094799000000000000e+06,1.904816875000000000e+06,1.707173625000000000e+06,1.502449500000000000e+06,1.290942625000000000e+06,1.072624750000000000e+06,8.515615625000000000e+05,6.392358125000000000e+05,4.415476562500000000e+05,2.488132031250000000e+05,8.464763281250000000e+04,1.317312500000000000e+04
2.064946375000000000e+06,2.069571000000000000e+06,2.080990500000000000e+06,2.095273625000000000e+06,2.108321000000000000e+06,2.116064500000000000e+06,2.114653750000000000e+06,2.112638000000000000e+06,2.098931750000000000e+06,2.074323375000000000e+06,2.041226625000000000e+06,2.001860875000000000e+06,1.971436500000000000e+06,1.941778500000000000e+06,1.905447375000000000e+06,1.863511875000000000e+06,1.817581500000000000e+06,1.780545000000000000e+06,1.758833000000000000e+06,1.733598375000000000e+06,1.706306375000000000e+06,1.678252750000000000e+06,1.650534375000000000e+06,1.624072375000000000e+06,1.673596000000000000e+06,1.725319750000000000e+06,1.773338375000000000e+06,1.818076875000000000e+06,1.859270375000000000e+06,1.894534125000000000e+06,1.920434000000000000e+06,1.933193375000000000e+06,1.966316500000000000e+06,2.001856125000000000e+06,1.988278125000000000e+06,1.905358625000000000e+06,1.765921875000000000e+06,1.529802875000000000e+06,1.000909000000000000e+06,2.926570625000000000e+05,1.108934082031250000e+04
9.092001000000000000e+06,9.090855000000000000e+06,9.085567000000000000e+06,9.072604000000000000e+06,9.048096000000000000e+06,9.008539000000000000e+06,8.951323000000000000e+06,8.875763000000000000e+06,8.789524000000000000e+06,8.704932000000000000e+06,8.634453000000000000e+06,8.589499000000000000e+06,8.571274000000000000e+06,8.575959000000000000e+06,8.599890000000000000e+06,8.638572000000000000e+06,8.686114000000000000e+06,8.736194000000000000e+06,8.781764000000000000e+06,8.876250000000000000e+06,9.031327000000000000e+06,9.170745000000000000e+06,9.285101000000000000e+06,9.364214000000000000e+06,9.397720000000000000e+06,9.374905000000000000e+06,9.285000000000000000e+06,9.117633000000000000e+06,8.862698000000000000e+06,8.510058000000000000e+06,8.051167000000000000e+06,7.482397000000000000e+06,6.805264000000000000e+06,6.018584500000000000e+06,5.118941000000000000e+06,4.133581250000000000e+06,3.140163250000000000e+06,2.175896000000000000e+06,1.184737000000000000e+06,3.441409687500000000e+05,2.833517382812500000e+04
8.705975000000000000e+05,8.703083750000000000e+05,8.692172500000000000e+05,8.669644375000000000e+05,8.631749375000000000e+05,8.574778750000000000e+05,8.495245000000000000e+05,8.390468750000000000e+05,8.262701250000000000e+05,8.116990625000000000e+05,7.958343125000000000e+05,7.791474375000000000e+05,7.619638125000000000e+05,7.502825000000000000e+05,7.386285625000000000e+05,7.270052500000000000e+05,7.156740625000000000e+05,7.049031250000000000e+05,6.949148125000000000e+05,6.858622500000000000e+05,6.778980625000000000e+05,6.711285625000000000e+05,6.656180625000000000e+05,6.652420625000000000e+05,6.876660000000000000e+05,7.110988125000000000e+05,7.355239375000000000e+05,7.607768125000000000e+05,7.865262500000000000e+05,8.118703125000000000e+05,8.355680000000000000e+05,8.558799375000000000e+05,8.705853750000000000e+05,9.035718750000000000e+05,9.271554375000000000e+05,9.311126250000000000e+05,9.085386250000000000e+05,8.396836875000000000e+05,6.677296250000000000e+05,3.782840312500000000e+05,1.211011328125000000e+05
8.214465625000000000e+05,8.196083750000000000e+05,8.141465625000000000e+05,8.051416250000000000e+05,7.926806250000000000e+05,7.768620000000000000e+05,7.578006250000000000e+05,7.356550625000000000e+05,7.108430625000000000e+05,6.839253750000000000e+05,6.554520625000000000e+05,6.259458750000000000e+05,5.958305000000000000e+05,5.654735625000000000e+05,5.352248125000000000e+05,5.053710937500000000e+05,4.761240312500000000e+05,4.500476875000000000e+05,4.317182812500000000e+05,4.134121875000000000e+05,3.951748750000000000e+05,3.770089687500000000e+05,3.588796875000000000e+05,3.407495312500000000e+05,3.225487500000000000e+05,3.042023125000000000e+05,2.856329687500000000e+05,2.667601562500000000e+05,2.475214843750000000e+05,2.278830625000000000e+05,2.078335937500000000e+05,1.897885937500000000e+05,1.735247187500000000e+05,1.567716718750000000e+05,1.396312656250000000e+05,1.219455859375000000e+05,1.031102656250000000e+05,8.338358593750000000e+04,6.478210156250000000e+04,4.732095703125000000e+04,2.717119140625000000e+04
4.191794750000000000e+06,4.197838500000000000e+06,4.214742000000000000e+06,4.240528000000000000e+06,4.273071000000000000e+06,4.310147000000000000e+06,4.349474000000000000e+06,4.388821000000000000e+06,4.426695000000000000e+06,4.462115500000000000e+06,4.494238500000000000e+06,4.522382000000000000e+06,4.546098000000000000e+06,4.565137500000000000e+06,4.579427500000000000e+06,4.589259500000000000e+06,4.595315500000000000e+06,4.598392500000000000e+06,4.599387500000000000e+06,4.599270500000000000e+06,4.599035000000000000e+06,4.630577000000000000e+06,4.700374500000000000e+06,4.778315000000000000e+06,4.865226500000000000e+06,4.961938000000000000e+06,5.069348500000000000e+06,5.188409500000000000e+06,5.319165500000000000e+06,5.456769000000000000e+06,5.594643000000000000e+06,5.729137500000000000e+06,5.857860000000000000e+06,5.938257500000000000e+06,5.869689000000000000e+06,5.605267000000000000e+06,5.236008000000000000e+06,4.617043000000000000e+06,2.967824500000000000e+06,7.656071875000000000e+05,1.261387500000000000e+04
9.203525000000000000e+04,9.223718750000000000e+04,9.276105468750000000e+04,9.347626562500000000e+04,9.441217187500000000e+04,9.538811718750000000e+04,9.615478906250000000e+04,9.657886718750000000e+04,9.664627343750000000e+04,9.664430468750000000e+04,9.679254687500000000e+04,9.672762500000000000e+04,9.646506250000000000e+04,9.600414062500000000e+04,9.590566406250000000e+04,9.609256250000000000e+04,9.603637500000000000e+04,9.577351562500000000e+04,9.533029687500000000e+04,9.497246093750000000e+04,9.569917968750000000e+04,9.611180468750000000e+04,9.620239062500000000e+04,9.595387500000000000e+04,9.532753125000000000e+04,9.427403906250000000e+04,9.597529687500000000e+04,9.850635156250000000e+04,9.994955468750000000e+04,1.001441953125000000e+05,9.891807812500000000e+04,9.611384375000000000e+04,9.160864843750000000e+04,8.623516406250000000e+04,8.127924218750000000e+04,7.439924218750000000e+04,6.563936718750000000e+04,5.479330078125000000e+04,4.048135937500000000e+04,2.305752148437500000e+04,9.843253906250000000e+03
6.288996000000000000e+06,6.310474500000000000e+06,6.368287000000000000e+06,6.452437000000000000e+06,6.552854000000000000e+06,6.659417000000000000e+06,6.784797500000000000e+06,6.940243500000000000e+06,7.076664500000000000e+06,7.200464500000000000e+06,7.318178000000000000e+06,7.435572000000000000e+06,7.552038000000000000e+06,7.663737000000000000e+06,7.766832000000000000e+06,7.858515500000000000e+06,7.937279500000000000e+06,8.186800500000000000e+06,8.506066000000000000e+06,8.799952000000000000e+06,9.062371000000000000e+06,9.286773000000000000e+06,9.466127000000000000e+06,9.592882000000000000e+06,9.658223000000000000e+06,9.652876000000000000e+06,9.567326000000000000e+06,9.392007000000000000e+06,9.137892000000000000e+06,8.967741000000000000e+06,8.693278000000000000e+06,8.300149000000000000e+06,7.776545500000000000e+06,7.103979500000000000e+06,6.256910000000000000e+06,5.243918000000000000e+06,4.141135000000000000e+06,2.982589250000000000e+06,1.671699625000000000e+06,4.645111562500000000e+05,2.231316406250000000e+04
2.833952250000000000e+06,2.818448500000000000e+06,2.774506750000000000e+06,2.706113500000000000e+06,2.617346500000000000e+06,2.512282750000000000e+06,2.394926500000000000e+06,2.269232000000000000e+06,2.139812750000000000e+06,2.011456250000000000e+06,1.888552125000000000e+06,1.774889500000000000e+06,1.672231125000000000e+06,1.581374625000000000e+06,1.503081000000000000e+06,1.437418625000000000e+06,1.383612125000000000e+06,1.340966250000000000e+06,1.308522250000000000e+06,1.284860500000000000e+06,1.268605625000000000e+06,1.258267500000000000e+06,1.252215625000000000e+06,1.248775000000000000e+06,1.246138000000000000e+06,1.242391875000000000e+06,1.235522625000000000e+06,1.223417750000000000e+06,1.208768250000000000e+06,1.201190875000000000e+06,1.183132875000000000e+06,1.151761250000000000e+06,1.104369375000000000e+06,1.036277250000000000e+06,9.405248125000000000e+05,8.159003125000000000e+05,6.729351250000000000e+05,5.121597500000000000e+05,3.071575000000000000e+05,9.888021093750000000e+04,1.070027734375000000e+04
1.842944375000000000e+06,1.837739875000000000e+06,1.822528750000000000e+06,1.797848250000000000e+06,1.764174000000000000e+06,1.721957250000000000e+06,1.671658875000000000e+06,1.613827750000000000e+06,1.549562250000000000e+06,1.481260375000000000e+06,1.419614750000000000e+06,1.354975750000000000e+06,1.288402125000000000e+06,1.220875500000000000e+06,1.153455250000000000e+06,1.087019250000000000e+06,1.028021187500000000e+06,9.786813125000000000e+05,9.293891875000000000e+05,8.804880000000000000e+05,8.322581875000000000e+05,7.848179375000000000e+05,7.381336250000000000e+05,7.010314375000000000e+05,6.849036875000000000e+05,6.636164375000000000e+05,6.374616875000000000e+05,6.066787500000000000e+05,5.714691875000000000e+05,5.320682500000000000e+05,4.887391250000000000e+05,4.418686562500000000e+05,3.979660625000000000e+05,3.572016875000000000e+05,3.134843125000000000e+05,2.668803437500000000e+05,2.179680312500000000e+05,1.676801250000000000e+05,1.161598671875000000e+05,6.536678125000000000e+04,2.647412695312500000e+04
4.782150937500000000e+05,4.786355312500000000e+05,4.797756250000000000e+05,4.829766562500000000e+05,4.870113437500000000e+05,4.915220937500000000e+05,4.961994687500000000e+05,5.007452812500000000e+05,5.049265937500000000e+05,5.085609687500000000e+05,5.114888437500000000e+05,5.135912187500000000e+05,5.149109687500000000e+05,5.204435937500000000e+05,5.253725625000000000e+05,5.295800625000000000e+05,5.332760625000000000e+05,5.366688125000000000e+05,5.399279375000000000e+05,5.431658125000000000e+05,5.464783125000000000e+05,5.498670625000000000e+05,5.532463750000000000e+05,5.564909375000000000e+05,5.750935000000000000e+05,5.967527500000000000e+05,6.175121250000000000e+05,6.365686875000000000e+05,6.529263125000000000e+05,6.651648750000000000e+05,6.716134375000000000e+05,6.702765625000000000e+05,6.589669375000000000e+05,6.391815000000000000e+05,6.223496875000000000e+05,5.896081875000000000e+05,5.373984375000000000e+05,4.610373750000000000e+05,3.514199375000000000e+05,2.092069687500000000e+05,7.910464062500000000e+04
1.876030750000000000e+06,1.868672625000000000e+06,1.847475375000000000e+06,1.813670000000000000e+06,1.768455125000000000e+06,1.719203125000000000e+06,1.661188125000000000e+06,1.595467375000000000e+06,1.524041375000000000e+06,1.449487000000000000e+06,1.374453625000000000e+06,1.304304375000000000e+06,1.247020750000000000e+06,1.192614500000000000e+06,1.142275750000000000e+06,1.096811125000000000e+06,1.056454375000000000e+06,1.031140312500000000e+06,1.016379500000000000e+06,1.004395062500000000e+06,9.948833125000000000e+05,9.873008750000000000e+05,9.808643750000000000e+05,9.746624375000000000e+05,1.015341125000000000e+06,1.050693750000000000e+06,1.079316125000000000e+06,1.099695250000000000e+06,1.110077625000000000e+06,1.108495625000000000e+06,1.092890125000000000e+06,1.061201875000000000e+06,1.027451437500000000e+06,9.916957500000000000e+05,9.360101250000000000e+05,8.567872500000000000e+05,7.508441875000000000e+05,6.170818125000000000e+05,4.560391875000000000e+05,2.741472500000000000e+05,1.090932968750000000e+05
7.841656875000000000e+05,7.824666250000000000e+05,7.775696875000000000e+05,7.697520000000000000e+05,7.592725000000000000e+05,7.463865000000000000e+05,7.313579375000000000e+05,7.144850625000000000e+05,7.071456250000000000e+05,7.061963750000000000e+05,7.045580000000000000e+05,7.025890000000000000e+05,7.004965625000000000e+05,6.984288750000000000e+05,6.965921250000000000e+05,6.951332500000000000e+05,6.940687500000000000e+05,6.933973750000000000e+05,6.930176875000000000e+05,6.926696875000000000e+05,6.920437500000000000e+05,6.907360625000000000e+05,6.950208125000000000e+05,7.022637500000000000e+05,7.078275000000000000e+05,7.109010000000000000e+05,7.106018125000000000e+05,7.059745000000000000e+05,6.959928125000000000e+05,6.794275625000000000e+05,6.550434375000000000e+05,6.219334375000000000e+05,5.795105625000000000e+05,5.264421250000000000e+05,4.606269687500000000e+05,3.834254062500000000e+05,3.022845937500000000e+05,2.191615937500000000e+05,1.233632656250000000e+05,3.535892187500000000e+04,3.375044921875000000e+03
4.829187500000000000e+04,4.819043359375000000e+04,4.789357812500000000e+04,4.740893359375000000e+04,4.674180468750000000e+04,4.589790234375000000e+04,4.488553515625000000e+04,4.371888281250000000e+04,4.274505859375000000e+04,4.292015625000000000e+04,4.298455859375000000e+04,4.297537109375000000e+04,4.291732031250000000e+04,4.283006250000000000e+04,4.273850781250000000e+04,4.266633593750000000e+04,4.263046093750000000e+04,4.264536328125000000e+04,4.271926953125000000e+04,4.326723437500000000e+04,4.431458984375000000e+04,4.546110546875000000e+04,4.669056250000000000e+04,4.798624609375000000e+04,4.933469140625000000e+04,5.072367187500000000e+04,5.213807031250000000e+04,5.355812109375000000e+04,5.496912500000000000e+04,5.638437109375000000e+04,5.782094921875000000e+04,5.919570703125000000e+04,6.034893750000000000e+04,6.140990625000000000e+04,6.294239843750000000e+04,6.470044140625000000e+04,6.435981250000000000e+04,6.191373828125000000e+04,6.591104687500000000e+04,7.919725781250000000e+04,6.557692187500000000e+04
1.318899843750000000e+05,1.319339375000000000e+05,1.320670000000000000e+05,1.323583750000000000e+05,1.326638906250000000e+05,1.329170937500000000e+05,1.330504687500000000e+05,1.330015312500000000e+05,1.327478593750000000e+05,1.322936562500000000e+05,1.321340625000000000e+05,1.321018750000000000e+05,1.318751562500000000e+05,1.314576250000000000e+05,1.308629062500000000e+05,1.309384453125000000e+05,1.314795468750000000e+05,1.318255625000000000e+05,1.320164218750000000e+05,1.320907812500000000e+05,1.332137031250000000e+05,1.354319375000000000e+05,1.374634375000000000e+05,1.393460468750000000e+05,1.410939218750000000e+05,1.427070781250000000e+05,1.490439375000000000e+05,1.584379375000000000e+05,1.672086250000000000e+05,1.750914375000000000e+05,1.817147812500000000e+05,1.866252656250000000e+05,1.892957656250000000e+05,1.919565468750000000e+05,1.938346093750000000e+05,1.898365312500000000e+05,1.800130468750000000e+05,1.607371718750000000e+05,1.166840312500000000e+05,5.039593359375000000e+04,1.055144433593750000e+04
3.706105250000000000e+06,3.699115750000000000e+06,3.676873000000000000e+06,3.637196750000000000e+06,3.577853750000000000e+06,3.496900000000000000e+06,3.392967750000000000e+06,3.265817250000000000e+06,3.164710250000000000e+06,3.088316000000000000e+06,2.994740500000000000e+06,2.890006250000000000e+06,2.777104500000000000e+06,2.657879000000000000e+06,2.534604500000000000e+06,2.409690500000000000e+06,2.285311000000000000e+06,2.163431000000000000e+06,2.045273625000000000e+06,1.931105125000000000e+06,1.820996000000000000e+06,1.714664625000000000e+06,1.628744000000000000e+06,1.552566000000000000e+06,1.476849125000000000e+06,1.400549875000000000e+06,1.322698625000000000e+06,1.242432250000000000e+06,1.158979375000000000e+06,1.071759125000000000e+06,9.803565625000000000e+05,8.847031875000000000e+05,7.850775000000000000e+05,6.818973750000000000e+05,5.757422500000000000e+05,4.683085312500000000e+05,3.632575000000000000e+05,2.633561875000000000e+05,1.678645781250000000e+05,8.329264062500000000e+04,2.939371484375000000e+04
5.298921000000000000e+06,5.324428000000000000e+06,5.395758000000000000e+06,5.505096000000000000e+06,5.644579000000000000e+06,5.806282500000000000e+06,5.982222500000000000e+06,6.164561500000000000e+06,6.369589000000000000e+06,6.662300500000000000e+06,6.944725500000000000e+06,7.210077000000000000e+06,7.453920500000000000e+06,7.673006500000000000e+06,7.920020500000000000e+06,8.455751000000000000e+06,8.931996000000000000e+06,9.348606000000000000e+06,9.706048000000000000e+06,1.000537400000000000e+07,1.024779400000000000e+07,1.043315300000000000e+07,1.055995600000000000e+07,1.062612200000000000e+07,1.062682600000000000e+07,1.055631300000000000e+07,1.047549300000000000e+07,1.043203000000000000e+07,1.030707400000000000e+07,1.008518100000000000e+07,9.750159000000000000e+06,9.287977000000000000e+06,8.687251000000000000e+06,7.930277000000000000e+06,6.993084000000000000e+06,5.886309000000000000e+06,4.685414000000000000e+06,3.424338750000000000e+06,2.016481875000000000e+06,6.960174375000000000e+05,9.115114062500000000e+04
5.257619000000000000e+06,5.252305500000000000e+06,5.236453500000000000e+06,5.216994000000000000e+06,5.191518500000000000e+06,5.156952000000000000e+06,5.112473500000000000e+06,5.057613000000000000e+06,4.994033000000000000e+06,4.924673500000000000e+06,4.852582500000000000e+06,4.780709500000000000e+06,4.713976500000000000e+06,4.683015000000000000e+06,4.653655000000000000e+06,4.626129000000000000e+06,4.599976000000000000e+06,4.574730000000000000e+06,4.549329000000000000e+06,4.540274000000000000e+06,4.572102500000000000e+06,4.592853000000000000e+06,4.599108500000000000e+06,4.587169000000000000e+06,4.552795000000000000e+06,4.491533000000000000e+06,4.480194500000000000e+06,4.569805500000000000e+06,4.595186500000000000e+06,4.547408000000000000e+06,4.418147000000000000e+06,4.202487500000000000e+06,3.899487000000000000e+06,3.505808000000000000e+06,3.124864500000000000e+06,2.665453000000000000e+06,2.151536000000000000e+06,1.590569500000000000e+06,9.044750625000000000e+05,2.375502187500000000e+05,6.324574218750000000e+03
5.217465625000000000e+04,5.204591406250000000e+04,5.165728515625000000e+04,5.100244531250000000e+04,5.007476953125000000e+04,4.887093359375000000e+04,4.763677734375000000e+04,4.629195703125000000e+04,4.470898437500000000e+04,4.297604296875000000e+04,4.117951953125000000e+04,3.939819140625000000e+04,3.767421484375000000e+04,3.603336328125000000e+04,3.450227343750000000e+04,3.310005078125000000e+04,3.207924804687500000e+04,3.203001757812500000e+04,3.201789648437500000e+04,3.204715625000000000e+04,3.211811328125000000e+04,3.222448242187500000e+04,3.235308593750000000e+04,3.248664257812500000e+04,3.260251953125000000e+04,3.267394921875000000e+04,3.267067773437500000e+04,3.255929492187500000e+04,3.263251367187500000e+04,3.296982421875000000e+04,3.319061718750000000e+04,3.323801953125000000e+04,3.303943750000000000e+04,3.255439257812500000e+04,3.179402539062500000e+04,3.065629687500000000e+04,2.877301367187500000e+04,2.609569921875000000e+04,2.360827539062500000e+04,2.138150000000000000e+04,1.578347460937500000e+04
4.963904375000000000e+05,4.955539375000000000e+05,4.929359375000000000e+05,4.883565625000000000e+05,4.816304375000000000e+05,4.725868750000000000e+05,4.610884062500000000e+05,4.470747187500000000e+05,4.322515625000000000e+05,4.173588750000000000e+05,4.009208125000000000e+05,3.833642812500000000e+05,3.649965937500000000e+05,3.460783437500000000e+05,3.268818750000000000e+05,3.076704687500000000e+05,2.886821250000000000e+05,2.701393750000000000e+05,2.522092656250000000e+05,2.354691718750000000e+05,2.264283593750000000e+05,2.170381093750000000e+05,2.074173593750000000e+05,1.976655781250000000e+05,1.878385000000000000e+05,1.779693593750000000e+05,1.680677187500000000e+05,1.581171093750000000e+05,1.480994375000000000e+05,1.380100625000000000e+05,1.281035312500000000e+05,1.211016640625000000e+05,1.139296093750000000e+05,1.066079375000000000e+05,9.944600781250000000e+04,9.216541406250000000e+04,8.318057812500000000e+04,7.255438281250000000e+04,6.544615234375000000e+04,6.269544140625000000e+04,4.471711328125000000e+04
2.311015000000000000e+06,2.315193500000000000e+06,2.325269000000000000e+06,2.337381500000000000e+06,2.347576250000000000e+06,2.351961000000000000e+06,2.346856750000000000e+06,2.329263250000000000e+06,2.300009000000000000e+06,2.262062500000000000e+06,2.234523500000000000e+06,2.249388000000000000e+06,2.260167500000000000e+06,2.265961750000000000e+06,2.266181500000000000e+06,2.261112500000000000e+06,2.251952000000000000e+06,2.239976000000000000e+06,2.226094250000000000e+06,2.210666250000000000e+06,2.193996500000000000e+06,2.176118250000000000e+06,2.156784500000000000e+06,2.135581500000000000e+06,2.141431000000000000e+06,2.154459250000000000e+06,2.164747000000000000e+06,2.169609250000000000e+06,2.165819500000000000e+06,2.148730500000000000e+06,2.113080500000000000e+06,2.053585375000000000e+06,1.965046375000000000e+06,1.838893500000000000e+06,1.662811625000000000e+06,1.434864125000000000e+06,1.173765125000000000e+06,8.825072500000000000e+05,5.207667812500000000e+05,1.632784687500000000e+05,1.597384082031250000e+04
4.842072812500000000e+05,4.871726250000000000e+05,4.952314375000000000e+05,5.070955312500000000e+05,5.216645625000000000e+05,5.397160000000000000e+05,5.576426875000000000e+05,5.740466250000000000e+05,5.917461250000000000e+05,6.091481875000000000e+05,6.241159375000000000e+05,6.367132500000000000e+05,6.539392500000000000e+05,6.696270625000000000e+05,6.824150000000000000e+05,6.925795625000000000e+05,7.005495625000000000e+05,7.134615000000000000e+05,7.278454375000000000e+05,7.400221875000000000e+05,7.501394375000000000e+05,7.581475000000000000e+05,7.638156250000000000e+05,7.668367500000000000e+05,7.669054375000000000e+05,7.979623125000000000e+05,8.230828750000000000e+05,8.409191875000000000e+05,8.499845625000000000e+05,8.485496875000000000e+05,8.348506250000000000e+05,8.073142500000000000e+05,7.647343750000000000e+05,7.258716250000000000e+05,6.764849375000000000e+05,6.087262500000000000e+05,5.231597500000000000e+05,4.192381562500000000e+05,2.891872812500000000e+05,1.424603437500000000e+05,4.082548046875000000e+04
3.193586000000000000e+06,3.196100000000000000e+06,3.203343250000000000e+06,3.214794250000000000e+06,3.229851000000000000e+06,3.247848000000000000e+06,3.268076750000000000e+06,3.289795750000000000e+06,3.312201500000000000e+06,3.335238000000000000e+06,3.374471750000000000e+06,3.412360000000000000e+06,3.447894750000000000e+06,3.480113250000000000e+06,3.508144500000000000e+06,3.545103250000000000e+06,3.598370750000000000e+06,3.643095500000000000e+06,3.678154000000000000e+06,3.702339500000000000e+06,3.714437250000000000e+06,3.764566000000000000e+06,3.805548250000000000e+06,3.824956500000000000e+06,3.820556250000000000e+06,3.790008750000000000e+06,3.730867500000000000e+06,3.756639500000000000e+06,3.820929250000000000e+06,3.824103750000000000e+06,3.760097750000000000e+06,3.624054750000000000e+06,3.413152250000000000e+06,3.124182500000000000e+06,2.818649000000000000e+06,2.488347500000000000e+06,2.093482375000000000e+06,1.634532000000000000e+06,1.072472125000000000e+06,4.597307812500000000e+05,8.997522656250000000e+04
3.981086750000000000e+06,3.983790750000000000e+06,3.990224750000000000e+06,3.997661750000000000e+06,4.003200000000000000e+06,4.003882500000000000e+06,3.996811750000000000e+06,3.979425500000000000e+06,3.953423500000000000e+06,3.945532000000000000e+06,3.927324000000000000e+06,3.899295250000000000e+06,3.861392250000000000e+06,3.813435000000000000e+06,3.755507750000000000e+06,3.698201750000000000e+06,3.670972750000000000e+06,3.630294250000000000e+06,3.576793750000000000e+06,3.510915750000000000e+06,3.433101000000000000e+06,3.343622250000000000e+06,3.242576750000000000e+06,3.207494250000000000e+06,3.208721250000000000e+06,3.181469250000000000e+06,3.125280000000000000e+06,3.039551000000000000e+06,2.923747750000000000e+06,2.777337750000000000e+06,2.600159500000000000e+06,2.392942000000000000e+06,2.186866000000000000e+06,1.989793250000000000e+06,1.763663750000000000e+06,1.508408250000000000e+06,1.230079375000000000e+06,9.343860625000000000e+05,6.165794375000000000e+05,3.005045000000000000e+05,8.767243750000000000e+04
1.576000875000000000e+06,1.580279875000000000e+06,1.592706250000000000e+06,1.615607250000000000e+06,1.639375375000000000e+06,1.659132000000000000e+06,1.670321250000000000e+06,1.692145625000000000e+06,1.700595500000000000e+06,1.693759625000000000e+06,1.674799125000000000e+06,1.676642625000000000e+06,1.661664000000000000e+06,1.632231250000000000e+06,1.590842250000000000e+06,1.540206875000000000e+06,1.524008125000000000e+06,1.522462375000000000e+06,1.506475625000000000e+06,1.479168875000000000e+06,1.443145125000000000e+06,1.400147000000000000e+06,1.351210000000000000e+06,1.297061250000000000e+06,1.237931125000000000e+06,1.173867875000000000e+06,1.104870500000000000e+06,1.037578562500000000e+06,9.798108750000000000e+05,9.168368125000000000e+05,8.481943750000000000e+05,7.736945625000000000e+05,6.934378125000000000e+05,6.074872500000000000e+05,5.158381562500000000e+05,4.199742812500000000e+05,3.244060312500000000e+05,2.320405937500000000e+05,1.392038437500000000e+05,5.523683984375000000e+04,1.260790332031250000e+04
7.211000000000000000e+05,7.210093750000000000e+05,7.202171875000000000e+05,7.178722500000000000e+05,7.130952500000000000e+05,7.052773125000000000e+05,6.966444375000000000e+05,6.831960000000000000e+05,6.654774375000000000e+05,6.447048125000000000e+05,6.220496250000000000e+05,5.985398750000000000e+05,5.758348750000000000e+05,5.563693750000000000e+05,5.361977500000000000e+05,5.154961562500000000e+05,4.944288125000000000e+05,4.731523125000000000e+05,4.517350312500000000e+05,4.359366875000000000e+05,4.196344375000000000e+05,4.021109375000000000e+05,3.833584687500000000e+05,3.633750000000000000e+05,3.421783437500000000e+05,3.226270625000000000e+05,3.144880000000000000e+05,3.022717812500000000e+05,2.862088750000000000e+05,2.665900312500000000e+05,2.437733281250000000e+05,2.182876562500000000e+05,1.908128281250000000e+05,1.657865468750000000e+05,1.412265468750000000e+05,1.153383203125000000e+05,8.977021875000000000e+04,6.504399218750000000e+04,3.838706250000000000e+04,1.325584667968750000e+04,2.598423095703125000e+03
5.630368750000000000e+05,5.621400000000000000e+05,5.594527500000000000e+05,5.578140000000000000e+05,5.633920000000000000e+05,5.687110625000000000e+05,5.729420000000000000e+05,5.753598125000000000e+05,5.756351875000000000e+05,5.737468750000000000e+05,5.698233125000000000e+05,5.641360000000000000e+05,5.570738125000000000e+05,5.490786875000000000e+05,5.406182500000000000e+05,5.321436875000000000e+05,5.264030000000000000e+05,5.274188125000000000e+05,5.294590625000000000e+05,5.326547500000000000e+05,5.371494375000000000e+05,5.430170625000000000e+05,5.502643750000000000e+05,5.588848125000000000e+05,5.687416875000000000e+05,5.796441875000000000e+05,5.912869375000000000e+05,6.031891875000000000e+05,6.147461250000000000e+05,6.249920000000000000e+05,6.327525000000000000e+05,6.363856875000000000e+05,6.338522500000000000e+05,6.224225000000000000e+05,5.985741250000000000e+05,5.587678125000000000e+05,4.999828750000000000e+05,4.196536875000000000e+05,3.134985937500000000e+05,1.867227031250000000e+05,7.404100000000000000e+04
1.798680625000000000e+06,1.788005000000000000e+06,1.758123750000000000e+06,1.712312625000000000e+06,1.653882750000000000e+06,1.586138125000000000e+06,1.512336000000000000e+06,1.435658500000000000e+06,1.359261125000000000e+06,1.286156875000000000e+06,1.230707750000000000e+06,1.198528250000000000e+06,1.173382250000000000e+06,1.154758750000000000e+06,1.142241875000000000e+06,1.135127375000000000e+06,1.132228625000000000e+06,1.132274625000000000e+06,1.133908875000000000e+06,1.135663500000000000e+06,1.135976250000000000e+06,1.133427625000000000e+06,1.126743250000000000e+06,1.114656375000000000e+06,1.096119250000000000e+06,1.077358625000000000e+06,1.063034375000000000e+06,1.040875250000000000e+06,1.009807687500000000e+06,9.687322500000000000e+05,9.166529375000000000e+05,8.530811250000000000e+05,7.780206250000000000e+05,6.908949375000000000e+05,5.905028125000000000e+05,4.793572812500000000e+05,3.667546562500000000e+05,2.564213906250000000e+05,1.378238750000000000e+05,3.459895703125000000e+04,1.643078002929687500e+03
2.308946250000000000e+06,2.303945500000000000e+06,2.288239500000000000e+06,2.260564000000000000e+06,2.219654250000000000e+06,2.164537750000000000e+06,2.094754750000000000e+06,2.021150750000000000e+06,1.938797375000000000e+06,1.849372375000000000e+06,1.758185750000000000e+06,1.669866000000000000e+06,1.586626125000000000e+06,1.509601750000000000e+06,1.439950125000000000e+06,1.385855625000000000e+06,1.347646125000000000e+06,1.316463750000000000e+06,1.292508125000000000e+06,1.275356000000000000e+06,1.264518625000000000e+06,1.259305625000000000e+06,1.258822125000000000e+06,1.262079625000000000e+06,1.312353375000000000e+06,1.372402750000000000e+06,1.431513375000000000e+06,1.487584625000000000e+06,1.537887125000000000e+06,1.578369625000000000e+06,1.604205000000000000e+06,1.610115625000000000e+06,1.590583875000000000e+06,1.584851125000000000e+06,1.541853000000000000e+06,1.445794250000000000e+06,1.298821500000000000e+06,1.086261500000000000e+06,7.408631250000000000e+05,3.072064375000000000e+05,5.617020703125000000e+04
1.531164625000000000e+06,1.528819250000000000e+06,1.521994750000000000e+06,1.510891250000000000e+06,1.495598875000000000e+06,1.476154375000000000e+06,1.452592500000000000e+06,1.427419000000000000e+06,1.400621375000000000e+06,1.371216375000000000e+06,1.340178625000000000e+06,1.308588500000000000e+06,1.282086125000000000e+06,1.260254250000000000e+06,1.239231625000000000e+06,1.219682750000000000e+06,1.203261250000000000e+06,1.202417125000000000e+06,1.202755125000000000e+06,1.204420750000000000e+06,1.207475750000000000e+06,1.219063250000000000e+06,1.246169625000000000e+06,1.271868250000000000e+06,1.295409750000000000e+06,1.315761750000000000e+06,1.331553625000000000e+06,1.392586375000000000e+06,1.471227625000000000e+06,1.533331500000000000e+06,1.573966250000000000e+06,1.587827375000000000e+06,1.569588125000000000e+06,1.510834500000000000e+06,1.451096375000000000e+06,1.348255875000000000e+06,1.197224125000000000e+06,9.862383750000000000e+05,6.534901250000000000e+05,2.433182968750000000e+05,2.983907617187500000e+04
4.834285937500000000e+05,4.800575937500000000e+05,4.704697812500000000e+05,4.554237500000000000e+05,4.363405625000000000e+05,4.138956562500000000e+05,3.885621562500000000e+05,3.614403750000000000e+05,3.340184687500000000e+05,3.078436875000000000e+05,2.847806250000000000e+05,2.662915937500000000e+05,2.513405468750000000e+05,2.396316093750000000e+05,2.309313593750000000e+05,2.249616250000000000e+05,2.227886562500000000e+05,2.232480312500000000e+05,2.252454687500000000e+05,2.284709843750000000e+05,2.325883437500000000e+05,2.373085937500000000e+05,2.456188906250000000e+05,2.546354687500000000e+05,2.634383125000000000e+05,2.717517812500000000e+05,2.792513437500000000e+05,2.855621875000000000e+05,3.001413750000000000e+05,3.195694062500000000e+05,3.353585000000000000e+05,3.461748437500000000e+05,3.505775000000000000e+05,3.462086875000000000e+05,3.308875312500000000e+05,3.156156562500000000e+05,2.895546562500000000e+05,2.485216406250000000e+05,1.738321875000000000e+05,7.212326562500000000e+04,1.321045605468750000e+04
9.328673000000000000e+06,9.331778000000000000e+06,9.338844000000000000e+06,9.346275000000000000e+06,9.350304000000000000e+06,9.347123000000000000e+06,9.333004000000000000e+06,9.304652000000000000e+06,9.456857000000000000e+06,9.613550000000000000e+06,9.754144000000000000e+06,9.877256000000000000e+06,9.983335000000000000e+06,1.007389800000000000e+07,1.015086000000000000e+07,1.021727900000000000e+07,1.027746300000000000e+07,1.033585500000000000e+07,1.039650600000000000e+07,1.046282700000000000e+07,1.053813300000000000e+07,1.062501900000000000e+07,1.072543300000000000e+07,1.084104700000000000e+07,1.097210600000000000e+07,1.120418200000000000e+07,1.155538600000000000e+07,1.195308800000000000e+07,1.239924700000000000e+07,1.288533300000000000e+07,1.339879200000000000e+07,1.393253900000000000e+07,1.448121000000000000e+07,1.494482500000000000e+07,1.507884000000000000e+07,1.474073900000000000e+07,1.409406800000000000e+07,1.272592800000000000e+07,8.551112000000000000e+06,2.471935750000000000e+06,7.446491406250000000e+04
5.979196000000000000e+06,5.978986500000000000e+06,5.975731000000000000e+06,5.979606000000000000e+06,5.991068500000000000e+06,5.989741000000000000e+06,5.968705500000000000e+06,5.922158500000000000e+06,5.849241500000000000e+06,5.752210500000000000e+06,5.633921500000000000e+06,5.532896500000000000e+06,5.446311000000000000e+06,5.341280000000000000e+06,5.222152500000000000e+06,5.093793000000000000e+06,4.961372000000000000e+06,4.829770000000000000e+06,4.702995000000000000e+06,4.583957500000000000e+06,4.526361500000000000e+06,4.576395500000000000e+06,4.630398000000000000e+06,4.691650000000000000e+06,4.761983000000000000e+06,4.842600500000000000e+06,4.934055000000000000e+06,5.036037000000000000e+06,5.147004000000000000e+06,5.260602000000000000e+06,5.368351000000000000e+06,5.514590500000000000e+06,5.757799000000000000e+06,5.978816000000000000e+06,6.088311500000000000e+06,6.023488000000000000e+06,5.817565000000000000e+06,5.305553500000000000e+06,3.717001750000000000e+06,1.262998125000000000e+06,9.050309375000000000e+04
8.133974000000000000e+06,8.101084000000000000e+06,8.029012000000000000e+06,7.929182500000000000e+06,7.795192000000000000e+06,7.630222500000000000e+06,7.437664500000000000e+06,7.221621000000000000e+06,6.990207000000000000e+06,6.753741000000000000e+06,6.522443000000000000e+06,6.305886500000000000e+06,6.109160000000000000e+06,5.935290000000000000e+06,5.787522000000000000e+06,5.667728000000000000e+06,5.575840500000000000e+06,5.511879500000000000e+06,5.475050500000000000e+06,5.463183500000000000e+06,5.474047000000000000e+06,5.504984000000000000e+06,5.552862500000000000e+06,5.614277000000000000e+06,5.685050000000000000e+06,5.799871000000000000e+06,5.972573000000000000e+06,6.152784500000000000e+06,6.333159000000000000e+06,6.500425000000000000e+06,6.638026000000000000e+06,6.727161500000000000e+06,6.746278500000000000e+06,6.648189500000000000e+06,6.352142000000000000e+06,5.816400500000000000e+06,5.092917500000000000e+06,4.127257250000000000e+06,2.580819500000000000e+06,8.122418125000000000e+05,6.248597265625000000e+04
2.470312187500000000e+05,2.465905781250000000e+05,2.452796875000000000e+05,2.431089843750000000e+05,2.400850000000000000e+05,2.362150156250000000e+05,2.315723125000000000e+05,2.276475781250000000e+05,2.229772187500000000e+05,2.176360937500000000e+05,2.117206562500000000e+05,2.053504843750000000e+05,1.986855312500000000e+05,1.918998593750000000e+05,1.851630312500000000e+05,1.786254062500000000e+05,1.724115468750000000e+05,1.666350468750000000e+05,1.613775781250000000e+05,1.566804375000000000e+05,1.547228125000000000e+05,1.551611875000000000e+05,1.560720156250000000e+05,1.574827812500000000e+05,1.593670468750000000e+05,1.616738125000000000e+05,1.643128125000000000e+05,1.671371875000000000e+05,1.699464062500000000e+05,1.723703593750000000e+05,1.739546406250000000e+05,1.742097187500000000e+05,1.759718906250000000e+05,1.773434843750000000e+05,1.745851093750000000e+05,1.661841718750000000e+05,1.528217656250000000e+05,1.318685156250000000e+05,9.034447656250000000e+04,3.331669921875000000e+04,4.790568847656250000e+03
2.548834000000000000e+06,2.553484250000000000e+06,2.566523000000000000e+06,2.586480500000000000e+06,2.611788000000000000e+06,2.640825500000000000e+06,2.671963250000000000e+06,2.713581250000000000e+06,2.771309250000000000e+06,2.827517250000000000e+06,2.880618750000000000e+06,2.929270500000000000e+06,2.972589000000000000e+06,3.057215250000000000e+06,3.136620000000000000e+06,3.205542500000000000e+06,3.263851250000000000e+06,3.311451250000000000e+06,3.348238750000000000e+06,3.437730750000000000e+06,3.598930250000000000e+06,3.736351500000000000e+06,3.849382500000000000e+06,3.937090500000000000e+06,3.997609500000000000e+06,4.028601000000000000e+06,4.027081250000000000e+06,3.989322500000000000e+06,3.911275750000000000e+06,3.787573500000000000e+06,3.683093500000000000e+06,3.544460250000000000e+06,3.351119250000000000e+06,3.092084750000000000e+06,2.750521500000000000e+06,2.328069750000000000e+06,1.862748250000000000e+06,1.363145875000000000e+06,7.612608750000000000e+05,1.946692656250000000e+05,5.756603515625000000e+03
2.538946875000000000e+05,2.544310312500000000e+05,2.558458281250000000e+05,2.578300000000000000e+05,2.600610312500000000e+05,2.622150312500000000e+05,2.639776250000000000e+05,2.667301875000000000e+05,2.706152187500000000e+05,2.735290625000000000e+05,2.754337812500000000e+05,2.763322500000000000e+05,2.763278437500000000e+05,2.755738125000000000e+05,2.742304375000000000e+05,2.768671250000000000e+05,2.837800312500000000e+05,2.898803437500000000e+05,2.954886250000000000e+05,3.008626875000000000e+05,3.062454375000000000e+05,3.118113437500000000e+05,3.176727500000000000e+05,3.239177812500000000e+05,3.305368437500000000e+05,3.374765625000000000e+05,3.446200625000000000e+05,3.517619375000000000e+05,3.609803750000000000e+05,3.752377500000000000e+05,3.893702187500000000e+05,4.025706875000000000e+05,4.138413125000000000e+05,4.200236562500000000e+05,4.148175937500000000e+05,3.943217500000000000e+05,3.617003437500000000e+05,3.097702812500000000e+05,2.013425312500000000e+05,6.025731250000000000e+04,3.721107910156250000e+03
3.549585312500000000e+05,3.543608125000000000e+05,3.525194687500000000e+05,3.493389687500000000e+05,3.447096875000000000e+05,3.385277812500000000e+05,3.312560312500000000e+05,3.251299375000000000e+05,3.173638125000000000e+05,3.082162500000000000e+05,2.979801562500000000e+05,2.869624375000000000e+05,2.753847187500000000e+05,2.634396562500000000e+05,2.513406562500000000e+05,2.479025312500000000e+05,2.451517031250000000e+05,2.412886718750000000e+05,2.365535000000000000e+05,2.311267656250000000e+05,2.251639687500000000e+05,2.187725312500000000e+05,2.120100156250000000e+05,2.049047656250000000e+05,1.974397343750000000e+05,1.907765000000000000e+05,1.862342187500000000e+05,1.811678750000000000e+05,1.754184218750000000e+05,1.688284375000000000e+05,1.612426250000000000e+05,1.524970468750000000e+05,1.424347031250000000e+05,1.309761015625000000e+05,1.181378671875000000e+05,1.038722343750000000e+05,8.803611718750000000e+04,7.098115625000000000e+04,5.380099218750000000e+04,3.692378125000000000e+04,2.036164843750000000e+04
1.305915125000000000e+06,1.303618500000000000e+06,1.296839125000000000e+06,1.285666375000000000e+06,1.270117875000000000e+06,1.250178875000000000e+06,1.225837000000000000e+06,1.198309625000000000e+06,1.168716125000000000e+06,1.135715000000000000e+06,1.099987875000000000e+06,1.062301000000000000e+06,1.023268812500000000e+06,9.868691875000000000e+05,9.522728125000000000e+05,9.172241875000000000e+05,8.820763750000000000e+05,8.471730625000000000e+05,8.138793750000000000e+05,7.874876250000000000e+05,7.604481250000000000e+05,7.327549375000000000e+05,7.042937500000000000e+05,6.749116250000000000e+05,6.472125625000000000e+05,6.249540625000000000e+05,5.996573750000000000e+05,5.711653125000000000e+05,5.393410000000000000e+05,5.041210312500000000e+05,4.741279375000000000e+05,4.593291562500000000e+05,4.352099687500000000e+05,4.020480937500000000e+05,3.605482187500000000e+05,3.113604062500000000e+05,2.668545937500000000e+05,2.203679531250000000e+05,1.717694843750000000e+05,1.202302343750000000e+05,5.961005078125000000e+04
3.704200250000000000e+06,3.698461500000000000e+06,3.681056250000000000e+06,3.651352500000000000e+06,3.608493250000000000e+06,3.551664250000000000e+06,3.480314750000000000e+06,3.394551750000000000e+06,3.300582750000000000e+06,3.205933000000000000e+06,3.108402000000000000e+06,3.012494750000000000e+06,2.920846500000000000e+06,2.835344750000000000e+06,2.775583000000000000e+06,2.723532750000000000e+06,2.680199500000000000e+06,2.646571750000000000e+06,2.623178000000000000e+06,2.636344500000000000e+06,2.658900000000000000e+06,2.689250250000000000e+06,2.727085000000000000e+06,2.771929250000000000e+06,2.850621500000000000e+06,2.956141750000000000e+06,3.065900000000000000e+06,3.179735000000000000e+06,3.296782500000000000e+06,3.413419500000000000e+06,3.714350000000000000e+06,4.058049250000000000e+06,4.401083000000000000e+06,4.710870500000000000e+06,4.900958500000000000e+06,4.935003500000000000e+06,5.125249500000000000e+06,5.116592500000000000e+06,3.881344000000000000e+06,1.321519375000000000e+06,5.617222656250000000e+04
5.672824500000000000e+06,5.667015000000000000e+06,5.651000500000000000e+06,5.626826500000000000e+06,5.596470500000000000e+06,5.561876000000000000e+06,5.524988500000000000e+06,5.492926500000000000e+06,5.556243500000000000e+06,5.628714500000000000e+06,5.711521000000000000e+06,5.806079500000000000e+06,5.912447000000000000e+06,6.029967500000000000e+06,6.158070000000000000e+06,6.296076500000000000e+06,6.443045000000000000e+06,6.597918500000000000e+06,6.759677500000000000e+06,6.927389000000000000e+06,7.100005000000000000e+06,7.276677000000000000e+06,7.456741500000000000e+06,7.639359000000000000e+06,7.823188000000000000e+06,8.072434000000000000e+06,8.395074000000000000e+06,8.736438000000000000e+06,9.093984000000000000e+06,9.456356000000000000e+06,9.807903000000000000e+06,1.013062500000000000e+07,1.040237000000000000e+07,1.054623800000000000e+07,1.040668500000000000e+07,9.887230000000000000e+06,9.059503000000000000e+06,7.734916000000000000e+06,4.997960500000000000e+06,1.473504875000000000e+06,6.016230859375000000e+04
9.816773750000000000e+05,9.788588750000000000e+05,9.706980000000000000e+05,9.575483125000000000e+05,9.397059375000000000e+05,9.174769375000000000e+05,8.934094375000000000e+05,8.659880625000000000e+05,8.360315000000000000e+05,8.049571250000000000e+05,7.742134375000000000e+05,7.473919375000000000e+05,7.254642500000000000e+05,7.055762500000000000e+05,6.880642500000000000e+05,6.730697500000000000e+05,6.675971250000000000e+05,6.644968750000000000e+05,6.625011875000000000e+05,6.611291875000000000e+05,6.624398750000000000e+05,6.730038750000000000e+05,6.811650000000000000e+05,6.861866250000000000e+05,6.873210000000000000e+05,6.837875000000000000e+05,7.048315000000000000e+05,7.273894375000000000e+05,7.382344375000000000e+05,7.362031875000000000e+05,7.202940000000000000e+05,6.899809375000000000e+05,6.452980000000000000e+05,6.017043125000000000e+05,5.494866875000000000e+05,4.820412812500000000e+05,4.028000312500000000e+05,3.129117187500000000e+05,2.047467343750000000e+05,9.095213281250000000e+04,2.362398242187500000e+04
2.326175000000000000e+06,2.333082750000000000e+06,2.351626250000000000e+06,2.378435750000000000e+06,2.410068250000000000e+06,2.443074250000000000e+06,2.474064000000000000e+06,2.500002250000000000e+06,2.520494000000000000e+06,2.536721500000000000e+06,2.572653500000000000e+06,2.613224250000000000e+06,2.651523500000000000e+06,2.687192250000000000e+06,2.719978250000000000e+06,2.750070000000000000e+06,2.778154250000000000e+06,2.804945750000000000e+06,2.830931250000000000e+06,2.948043250000000000e+06,3.074822250000000000e+06,3.198648750000000000e+06,3.319317500000000000e+06,3.436277500000000000e+06,3.547844750000000000e+06,3.651679500000000000e+06,3.744400250000000000e+06,3.821234750000000000e+06,3.876345250000000000e+06,3.900995250000000000e+06,3.965709500000000000e+06,4.013964250000000000e+06,4.014128250000000000e+06,3.942679750000000000e+06,3.764260500000000000e+06,3.454956500000000000e+06,3.022634000000000000e+06,2.447863750000000000e+06,1.618030375000000000e+06,6.503833750000000000e+05,1.087510078125000000e+05
4.366137000000000000e+06,4.380907500000000000e+06,4.421139500000000000e+06,4.480489500000000000e+06,4.552416500000000000e+06,4.630299000000000000e+06,4.707553000000000000e+06,4.803054000000000000e+06,4.897089000000000000e+06,4.983918500000000000e+06,5.064997000000000000e+06,5.146002500000000000e+06,5.282495500000000000e+06,5.409942500000000000e+06,5.526173000000000000e+06,5.630143500000000000e+06,5.777363500000000000e+06,5.965732000000000000e+06,6.134849500000000000e+06,6.284245500000000000e+06,6.413311000000000000e+06,6.521023000000000000e+06,6.962170500000000000e+06,7.374059000000000000e+06,7.732585000000000000e+06,8.031644000000000000e+06,8.263402500000000000e+06,8.417912000000000000e+06,8.483677000000000000e+06,8.444593000000000000e+06,8.488791000000000000e+06,8.455979000000000000e+06,8.285348500000000000e+06,7.934019500000000000e+06,7.340305500000000000e+06,6.480796000000000000e+06,5.418164500000000000e+06,4.154683250000000000e+06,2.501027500000000000e+06,7.892221875000000000e+05,6.200106640625000000e+04
6.012217500000000000e+06,5.978021500000000000e+06,5.880580000000000000e+06,5.727840000000000000e+06,5.535755000000000000e+06,5.324407500000000000e+06,5.083316000000000000e+06,4.819417000000000000e+06,4.542027000000000000e+06,4.261623000000000000e+06,3.988315750000000000e+06,3.731235000000000000e+06,3.495123500000000000e+06,3.282542750000000000e+06,3.095887000000000000e+06,2.935979250000000000e+06,2.801730500000000000e+06,2.704010250000000000e+06,2.693890750000000000e+06,2.698159000000000000e+06,2.716202500000000000e+06,2.746956750000000000e+06,2.788881000000000000e+06,2.840066500000000000e+06,2.898081750000000000e+06,2.960022250000000000e+06,3.022357000000000000e+06,3.080819250000000000e+06,3.130091500000000000e+06,3.161944750000000000e+06,3.180442000000000000e+06,3.227157750000000000e+06,3.240327000000000000e+06,3.195789000000000000e+06,3.051006750000000000e+06,2.784833750000000000e+06,2.429528500000000000e+06,1.956478750000000000e+06,1.172723500000000000e+06,2.925713125000000000e+05,3.839130615234375000e+03
1.859062000000000000e+06,1.858123000000000000e+06,1.854758000000000000e+06,1.848066625000000000e+06,1.837091250000000000e+06,1.820875875000000000e+06,1.798520000000000000e+06,1.769313750000000000e+06,1.733582000000000000e+06,1.692265625000000000e+06,1.646355125000000000e+06,1.596841000000000000e+06,1.544476750000000000e+06,1.489909750000000000e+06,1.433805625000000000e+06,1.376764250000000000e+06,1.319274250000000000e+06,1.270269750000000000e+06,1.244811000000000000e+06,1.216541875000000000e+06,1.185665000000000000e+06,1.152247625000000000e+06,1.116233500000000000e+06,1.077531375000000000e+06,1.035952625000000000e+06,9.912844375000000000e+05,9.433098125000000000e+05,8.918181875000000000e+05,8.366705625000000000e+05,7.778695625000000000e+05,7.184478750000000000e+05,6.692533125000000000e+05,6.163790625000000000e+05,5.598498750000000000e+05,5.004168750000000000e+05,4.375545312500000000e+05,3.684201250000000000e+05,2.944824062500000000e+05,2.263596718750000000e+05,1.644699687500000000e+05,8.765506250000000000e+04
7.749441500000000000e+06,7.745464500000000000e+06,7.731043500000000000e+06,7.702210500000000000e+06,7.696874000000000000e+06,7.770713000000000000e+06,7.822771500000000000e+06,7.840888500000000000e+06,7.824806500000000000e+06,7.781230500000000000e+06,7.717006500000000000e+06,7.638422000000000000e+06,7.547601500000000000e+06,7.445030500000000000e+06,7.331797000000000000e+06,7.210097500000000000e+06,7.083179500000000000e+06,6.954494000000000000e+06,6.827022000000000000e+06,6.702980000000000000e+06,6.584573500000000000e+06,6.565901500000000000e+06,6.582773500000000000e+06,6.618542000000000000e+06,6.673899000000000000e+06,6.749334000000000000e+06,6.845158000000000000e+06,6.961371000000000000e+06,7.096569500000000000e+06,7.242825500000000000e+06,7.389569500000000000e+06,7.528373000000000000e+06,7.651024000000000000e+06,7.700474000000000000e+06,7.550339000000000000e+06,7.138126000000000000e+06,6.564420500000000000e+06,5.663703000000000000e+06,3.565541000000000000e+06,8.836387500000000000e+05,8.631598632812500000e+03
4.954911875000000000e+05,4.946348437500000000e+05,4.920950312500000000e+05,4.878970937500000000e+05,4.820508750000000000e+05,4.745619375000000000e+05,4.654413125000000000e+05,4.547289375000000000e+05,4.426382500000000000e+05,4.294888437500000000e+05,4.156114062500000000e+05,4.013362500000000000e+05,3.869282500000000000e+05,3.726245312500000000e+05,3.672230312500000000e+05,3.649984687500000000e+05,3.624888750000000000e+05,3.599082500000000000e+05,3.574536562500000000e+05,3.552732812500000000e+05,3.535114687500000000e+05,3.522685312500000000e+05,3.515972500000000000e+05,3.515270937500000000e+05,3.520120937500000000e+05,3.529655312500000000e+05,3.607001250000000000e+05,3.704358125000000000e+05,3.810246562500000000e+05,3.919803750000000000e+05,4.026675625000000000e+05,4.121048125000000000e+05,4.189648750000000000e+05,4.212857500000000000e+05,4.163091250000000000e+05,4.008522812500000000e+05,3.713713750000000000e+05,3.240344687500000000e+05,2.532805625000000000e+05,1.595036875000000000e+05,6.714099218750000000e+04
1.540347250000000000e+06,1.541160375000000000e+06,1.546734375000000000e+06,1.553788875000000000e+06,1.559241250000000000e+06,1.560437250000000000e+06,1.554923750000000000e+06,1.545468000000000000e+06,1.541756625000000000e+06,1.527276750000000000e+06,1.502606375000000000e+06,1.468887250000000000e+06,1.450992750000000000e+06,1.427635750000000000e+06,1.396636625000000000e+06,1.360638750000000000e+06,1.322212500000000000e+06,1.283646125000000000e+06,1.267528000000000000e+06,1.279865875000000000e+06,1.289852875000000000e+06,1.299532875000000000e+06,1.310240000000000000e+06,1.322965875000000000e+06,1.337907000000000000e+06,1.354881500000000000e+06,1.373241375000000000e+06,1.391735625000000000e+06,1.408658625000000000e+06,1.425260750000000000e+06,1.465962125000000000e+06,1.501395750000000000e+06,1.526529250000000000e+06,1.531336500000000000e+06,1.498907875000000000e+06,1.416280250000000000e+06,1.283595000000000000e+06,1.083380125000000000e+06,7.432092500000000000e+05,3.051515000000000000e+05,5.278098437500000000e+04
4.832914500000000000e+06,4.836235500000000000e+06,4.845193000000000000e+06,4.857951000000000000e+06,4.872425000000000000e+06,4.886487500000000000e+06,4.898143000000000000e+06,4.905743000000000000e+06,4.908839500000000000e+06,4.907837500000000000e+06,4.903498000000000000e+06,4.896683500000000000e+06,5.020455500000000000e+06,5.201655500000000000e+06,5.363811500000000000e+06,5.503072500000000000e+06,5.616269500000000000e+06,5.700100000000000000e+06,5.751643500000000000e+06,5.768628000000000000e+06,5.748878000000000000e+06,5.690967500000000000e+06,5.594219000000000000e+06,5.506403000000000000e+06,5.429285500000000000e+06,5.313963000000000000e+06,5.158954500000000000e+06,4.963298000000000000e+06,4.726510000000000000e+06,4.448352500000000000e+06,4.129248250000000000e+06,3.770876000000000000e+06,3.376356500000000000e+06,2.948749000000000000e+06,2.490967750000000000e+06,2.013109250000000000e+06,1.538634000000000000e+06,1.083757500000000000e+06,6.385926875000000000e+05,2.502037187500000000e+05,5.132062890625000000e+04
1.094258625000000000e+06,1.095182500000000000e+06,1.096905625000000000e+06,1.097709125000000000e+06,1.095783000000000000e+06,1.089351000000000000e+06,1.089020000000000000e+06,1.083728375000000000e+06,1.069545375000000000e+06,1.047201750000000000e+06,1.017643750000000000e+06,9.819567500000000000e+05,9.411342500000000000e+05,9.316106250000000000e+05,9.170985000000000000e+05,8.930893125000000000e+05,8.616685625000000000e+05,8.248400000000000000e+05,7.843125000000000000e+05,7.414155000000000000e+05,6.972775000000000000e+05,6.527111250000000000e+05,6.082592500000000000e+05,5.643196875000000000e+05,5.210584062500000000e+05,4.859913750000000000e+05,4.518006875000000000e+05,4.176808125000000000e+05,3.834745937500000000e+05,3.489960625000000000e+05,3.140927812500000000e+05,2.787748125000000000e+05,2.431858281250000000e+05,2.073016093750000000e+05,1.709317812500000000e+05,1.348164687500000000e+05,1.012247890625000000e+05,7.071084375000000000e+04,4.017938671875000000e+04,1.377096679687500000e+04,3.033145996093750000e+03
7.955301875000000000e+05,7.939758125000000000e+05,7.893886875000000000e+05,7.818471875000000000e+05,7.713969375000000000e+05,7.580696250000000000e+05,7.419002500000000000e+05,7.229665000000000000e+05,7.016232500000000000e+05,6.783987500000000000e+05,6.539752500000000000e+05,6.303387500000000000e+05,6.061733125000000000e+05,5.818003750000000000e+05,5.575636250000000000e+05,5.337336875000000000e+05,5.112795625000000000e+05,4.915786562500000000e+05,4.723141875000000000e+05,4.534811562500000000e+05,4.350632187500000000e+05,4.169859687500000000e+05,4.030607500000000000e+05,3.889780937500000000e+05,3.742846250000000000e+05,3.588440937500000000e+05,3.425158750000000000e+05,3.297097500000000000e+05,3.166440625000000000e+05,3.014271562500000000e+05,2.840380625000000000e+05,2.644038437500000000e+05,2.568754375000000000e+05,2.486524843750000000e+05,2.350805625000000000e+05,2.159481718750000000e+05,1.903727187500000000e+05,1.693925156250000000e+05,1.540194062500000000e+05,1.472774687500000000e+05,1.020168125000000000e+05
3.891840500000000000e+06,3.869056750000000000e+06,3.804263000000000000e+06,3.702309250000000000e+06,3.567947000000000000e+06,3.406384250000000000e+06,3.223620750000000000e+06,3.026678000000000000e+06,2.847251000000000000e+06,2.675038500000000000e+06,2.512278000000000000e+06,2.367760250000000000e+06,2.244099500000000000e+06,2.158989250000000000e+06,2.110044750000000000e+06,2.075588875000000000e+06,2.054593875000000000e+06,2.045587375000000000e+06,2.046658625000000000e+06,2.069329500000000000e+06,2.179485000000000000e+06,2.285693500000000000e+06,2.386430250000000000e+06,2.479461750000000000e+06,2.562256750000000000e+06,2.631884750000000000e+06,2.684914750000000000e+06,2.717496250000000000e+06,2.725295250000000000e+06,2.717813750000000000e+06,2.727640000000000000e+06,2.702900750000000000e+06,2.635825250000000000e+06,2.513546750000000000e+06,2.317062000000000000e+06,2.039965125000000000e+06,1.703691125000000000e+06,1.308361250000000000e+06,7.899173750000000000e+05,2.518032968750000000e+05,2.252541015625000000e+04
2.852967750000000000e+06,2.858577000000000000e+06,2.872920250000000000e+06,2.893129750000000000e+06,2.921122250000000000e+06,2.946121000000000000e+06,2.963265750000000000e+06,2.968345750000000000e+06,2.965301250000000000e+06,2.967812250000000000e+06,2.959113250000000000e+06,2.940712250000000000e+06,2.913114750000000000e+06,2.913353500000000000e+06,2.902308750000000000e+06,2.879642000000000000e+06,2.847097500000000000e+06,2.835627250000000000e+06,2.838770500000000000e+06,2.829808750000000000e+06,2.810368750000000000e+06,2.781681000000000000e+06,2.744532250000000000e+06,2.828933500000000000e+06,2.909120750000000000e+06,2.964343000000000000e+06,2.994032750000000000e+06,2.996667000000000000e+06,2.970153250000000000e+06,2.911273000000000000e+06,2.816524750000000000e+06,2.750306750000000000e+06,2.664345250000000000e+06,2.533830000000000000e+06,2.347880750000000000e+06,2.098449000000000000e+06,1.785745125000000000e+06,1.410772000000000000e+06,9.592715625000000000e+05,4.669218750000000000e+05,1.248749296875000000e+05
5.440176250000000000e+05,5.442357500000000000e+05,5.447850000000000000e+05,5.454840625000000000e+05,5.461298125000000000e+05,5.465088125000000000e+05,5.464073125000000000e+05,5.456306250000000000e+05,5.475634375000000000e+05,5.516599375000000000e+05,5.549875000000000000e+05,5.574969375000000000e+05,5.591714375000000000e+05,5.600271875000000000e+05,5.601171875000000000e+05,5.595346250000000000e+05,5.746710000000000000e+05,5.962796250000000000e+05,6.159147500000000000e+05,6.337215625000000000e+05,6.498356875000000000e+05,6.643485625000000000e+05,6.772949375000000000e+05,6.886525000000000000e+05,6.982391250000000000e+05,7.057822500000000000e+05,7.108531875000000000e+05,7.232396875000000000e+05,7.368956875000000000e+05,7.471841250000000000e+05,7.526514375000000000e+05,7.514332500000000000e+05,7.413215000000000000e+05,7.195518125000000000e+05,6.827575000000000000e+05,6.279423750000000000e+05,5.533030000000000000e+05,4.574578750000000000e+05,3.375421250000000000e+05,2.007875312500000000e+05,8.164798437500000000e+04
4.817778500000000000e+06,4.798975000000000000e+06,4.745250000000000000e+06,4.660262000000000000e+06,4.547545000000000000e+06,4.410889000000000000e+06,4.254595500000000000e+06,4.083761250000000000e+06,3.912223750000000000e+06,3.765081250000000000e+06,3.623954000000000000e+06,3.496239000000000000e+06,3.383384500000000000e+06,3.284043250000000000e+06,3.197074000000000000e+06,3.145822500000000000e+06,3.118601000000000000e+06,3.091784500000000000e+06,3.062700250000000000e+06,3.028488250000000000e+06,2.986113750000000000e+06,2.933117250000000000e+06,2.881095000000000000e+06,2.923524250000000000e+06,2.937070250000000000e+06,2.920412750000000000e+06,2.872574250000000000e+06,2.793160250000000000e+06,2.682184750000000000e+06,2.540249750000000000e+06,2.368564250000000000e+06,2.169146250000000000e+06,1.999118000000000000e+06,1.811764125000000000e+06,1.601241625000000000e+06,1.368242250000000000e+06,1.115533500000000000e+06,8.495821250000000000e+05,5.766570625000000000e+05,3.106687187500000000e+05,1.078588671875000000e+05
3.336076250000000000e+06,3.341408250000000000e+06,3.355807250000000000e+06,3.376611000000000000e+06,3.400902750000000000e+06,3.425633750000000000e+06,3.447737750000000000e+06,3.464279250000000000e+06,3.493820250000000000e+06,3.516668250000000000e+06,3.527161250000000000e+06,3.523932750000000000e+06,3.519684500000000000e+06,3.529452000000000000e+06,3.523290000000000000e+06,3.503223500000000000e+06,3.472049500000000000e+06,3.432589000000000000e+06,3.427376500000000000e+06,3.422981500000000000e+06,3.412988000000000000e+06,3.400216000000000000e+06,3.386940750000000000e+06,3.375057750000000000e+06,3.365399750000000000e+06,3.358321000000000000e+06,3.489618500000000000e+06,3.629785000000000000e+06,3.766681500000000000e+06,3.894408750000000000e+06,4.004626250000000000e+06,4.087017000000000000e+06,4.129313000000000000e+06,4.101614500000000000e+06,4.043931250000000000e+06,3.911745500000000000e+06,3.661877500000000000e+06,3.214614750000000000e+06,2.221579250000000000e+06,8.035583750000000000e+05,7.709757812500000000e+04
3.373446250000000000e+05,3.365652187500000000e+05,3.341519687500000000e+05,3.299657812500000000e+05,3.238655625000000000e+05,3.157445625000000000e+05,3.055579375000000000e+05,2.933750312500000000e+05,2.796859375000000000e+05,2.651829062500000000e+05,2.505142031250000000e+05,2.414194687500000000e+05,2.343845937500000000e+05,2.272970000000000000e+05,2.202532968750000000e+05,2.133540312500000000e+05,2.066666562500000000e+05,2.002490312500000000e+05,1.941045000000000000e+05,1.881602812500000000e+05,1.823328906250000000e+05,1.765355937500000000e+05,1.706770468750000000e+05,1.650592187500000000e+05,1.618681875000000000e+05,1.584405000000000000e+05,1.546628750000000000e+05,1.504400000000000000e+05,1.456886718750000000e+05,1.403776406250000000e+05,1.344881406250000000e+05,1.279323281250000000e+05,1.205856953125000000e+05,1.125875781250000000e+05,1.044052109375000000e+05,9.585448437500000000e+04,8.541571875000000000e+04,7.342532031250000000e+04,6.527572656250000000e+04,6.146649609375000000e+04,4.394273046875000000e+04
9.549638750000000000e+05,9.534705625000000000e+05,9.491470000000000000e+05,9.422217500000000000e+05,9.329163750000000000e+05,9.214467500000000000e+05,9.080245625000000000e+05,8.928710000000000000e+05,8.763331875000000000e+05,8.588315000000000000e+05,8.407840000000000000e+05,8.225933750000000000e+05,8.045527500000000000e+05,7.869010625000000000e+05,7.698765000000000000e+05,7.553641250000000000e+05,7.456571250000000000e+05,7.366728750000000000e+05,7.283641250000000000e+05,7.205580625000000000e+05,7.130661250000000000e+05,7.055961875000000000e+05,6.977583125000000000e+05,6.891295000000000000e+05,6.791606875000000000e+05,6.672538125000000000e+05,6.682437500000000000e+05,6.763916875000000000e+05,6.788689375000000000e+05,6.742609375000000000e+05,6.610788125000000000e+05,6.379605625000000000e+05,6.037968125000000000e+05,5.572450625000000000e+05,5.032744062500000000e+05,4.489618750000000000e+05,3.836593750000000000e+05,3.065899687500000000e+05,2.084410000000000000e+05,9.678960937500000000e+04,2.504699804687500000e+04
5.583867000000000000e+06,5.570349500000000000e+06,5.530481500000000000e+06,5.464775000000000000e+06,5.373366000000000000e+06,5.256379500000000000e+06,5.114234500000000000e+06,4.948107500000000000e+06,4.762183500000000000e+06,4.562574000000000000e+06,4.355792500000000000e+06,4.198486000000000000e+06,4.047551750000000000e+06,3.896377250000000000e+06,3.748954500000000000e+06,3.608552250000000000e+06,3.477155250000000000e+06,3.356554250000000000e+06,3.385221500000000000e+06,3.422782500000000000e+06,3.453798500000000000e+06,3.479036750000000000e+06,3.498049000000000000e+06,3.509520500000000000e+06,3.510955250000000000e+06,3.499044750000000000e+06,3.469803750000000000e+06,3.421447500000000000e+06,3.420835000000000000e+06,3.393041750000000000e+06,3.329250000000000000e+06,3.221446750000000000e+06,3.062458250000000000e+06,2.840391000000000000e+06,2.538104750000000000e+06,2.155981500000000000e+06,1.729079000000000000e+06,1.266115000000000000e+06,7.048363750000000000e+05,1.768471093750000000e+05,4.659517089843750000e+03
1.515125125000000000e+06,1.516019500000000000e+06,1.518215375000000000e+06,1.526572750000000000e+06,1.538963125000000000e+06,1.551452375000000000e+06,1.562465250000000000e+06,1.570541875000000000e+06,1.574519500000000000e+06,1.579662750000000000e+06,1.600522500000000000e+06,1.612836000000000000e+06,1.616667750000000000e+06,1.612626375000000000e+06,1.601434000000000000e+06,1.583956125000000000e+06,1.624602125000000000e+06,1.655491500000000000e+06,1.673712000000000000e+06,1.680848125000000000e+06,1.678297875000000000e+06,1.666972250000000000e+06,1.647339875000000000e+06,1.619644375000000000e+06,1.583627125000000000e+06,1.538829000000000000e+06,1.484646875000000000e+06,1.420360375000000000e+06,1.354644875000000000e+06,1.293968000000000000e+06,1.221441375000000000e+06,1.136161875000000000e+06,1.037703000000000000e+06,9.246849375000000000e+05,7.946968125000000000e+05,6.501140000000000000e+05,5.023315937500000000e+05,3.553291250000000000e+05,1.937791562500000000e+05,4.964276953125000000e+04,2.173509277343750000e+03
5.433958203125000000e+04,5.466655468750000000e+04,5.556345703125000000e+04,5.690159765625000000e+04,5.856914843750000000e+04,6.067258203125000000e+04,6.282476171875000000e+04,6.487527343750000000e+04,6.717814062500000000e+04,6.944847656250000000e+04,7.140584375000000000e+04,7.338013281250000000e+04,7.567725000000000000e+04,7.741854687500000000e+04,7.856081250000000000e+04,7.968696875000000000e+04,8.112275781250000000e+04,8.179767187500000000e+04,8.176644531250000000e+04,8.109135937500000000e+04,7.983525000000000000e+04,7.907282031250000000e+04,8.024736718750000000e+04,8.054448437500000000e+04,8.003901562500000000e+04,7.879926562500000000e+04,7.688358593750000000e+04,7.433853125000000000e+04,7.121140625000000000e+04,6.755035156250000000e+04,6.340540625000000000e+04,6.041041796875000000e+04,5.721011718750000000e+04,5.367725390625000000e+04,4.991395703125000000e+04,4.584512890625000000e+04,4.101461718750000000e+04,3.547442578125000000e+04,3.071276171875000000e+04,2.683558984375000000e+04,1.887893359375000000e+04
6.585788000000000000e+06,6.561017000000000000e+06,6.488895000000000000e+06,6.372832500000000000e+06,6.216389500000000000e+06,6.023262500000000000e+06,5.797276500000000000e+06,5.542575500000000000e+06,5.265447500000000000e+06,4.973272500000000000e+06,4.673152000000000000e+06,4.371662500000000000e+06,4.073708250000000000e+06,3.783236000000000000e+06,3.503859250000000000e+06,3.238097000000000000e+06,2.987230250000000000e+06,2.752305000000000000e+06,2.533584250000000000e+06,2.377414500000000000e+06,2.244441500000000000e+06,2.116075500000000000e+06,1.991690750000000000e+06,1.870613500000000000e+06,1.751937875000000000e+06,1.634700750000000000e+06,1.517987250000000000e+06,1.400957875000000000e+06,1.282904250000000000e+06,1.163336875000000000e+06,1.041986500000000000e+06,9.323103750000000000e+05,8.314438125000000000e+05,7.277599375000000000e+05,6.206778750000000000e+05,5.106520000000000000e+05,4.006367812500000000e+05,2.928944687500000000e+05,1.841464062500000000e+05,8.185400000000000000e+04,2.170139453125000000e+04
1.842944375000000000e+06,1.837739875000000000e+06,1.822528750000000000e+06,1.797848250000000000e+06,1.764174000000000000e+06,1.721957250000000000e+06,1.671658875000000000e+06,1.613827750000000000e+06,1.549562250000000000e+06,1.481260375000000000e+06,1.419614750000000000e+06,1.354975750000000000e+06,1.288402125000000000e+06,1.220875500000000000e+06,1.153455250000000000e+06,1.087019250000000000e+06,1.028021187500000000e+06,9.786813125000000000e+05,9.293891875000000000e+05,8.804880000000000000e+05,8.322581875000000000e+05,7.848179375000000000e+05,7.381336250000000000e+05,7.010314375000000000e+05,6.849036875000000000e+05,6.636164375000000000e+05,6.374616875000000000e+05,6.066787500000000000e+05,5.714691875000000000e+05,5.320682500000000000e+05,4.887391250000000000e+05,4.418686562500000000e+05,3.979660625000000000e+05,3.572016875000000000e+05,3.134843125000000000e+05,2.668803437500000000e+05,2.179680312500000000e+05,1.676801250000000000e+05,1.161598671875000000e+05,6.536678125000000000e+04,2.647412695312500000e+04
9.585994000000000000e+06,9.595955000000000000e+06,9.624342000000000000e+06,9.668213000000000000e+06,9.724186000000000000e+06,9.788969000000000000e+06,9.859791000000000000e+06,9.934985000000000000e+06,1.001673400000000000e+07,1.010986800000000000e+07,1.022019700000000000e+07,1.035375400000000000e+07,1.051050700000000000e+07,1.068718100000000000e+07,1.088050200000000000e+07,1.110860200000000000e+07,1.153314700000000000e+07,1.198915000000000000e+07,1.247110200000000000e+07,1.297382300000000000e+07,1.349118000000000000e+07,1.401802900000000000e+07,1.455056200000000000e+07,1.508482300000000000e+07,1.561696400000000000e+07,1.614323900000000000e+07,1.665925000000000000e+07,1.715959200000000000e+07,1.763506200000000000e+07,1.805902000000000000e+07,1.839819600000000000e+07,1.862113200000000000e+07,1.869542400000000000e+07,1.848521200000000000e+07,1.771980400000000000e+07,1.629349400000000000e+07,1.445687300000000000e+07,1.195387400000000000e+07,7.325773500000000000e+06,1.967816500000000000e+06,6.756769531250000000e+04
2.915344750000000000e+06,2.914355500000000000e+06,2.910929750000000000e+06,2.904216500000000000e+06,2.893221000000000000e+06,2.876889250000000000e+06,2.854185750000000000e+06,2.824265250000000000e+06,2.787496000000000000e+06,2.748105250000000000e+06,2.715473500000000000e+06,2.679085000000000000e+06,2.639726000000000000e+06,2.598141750000000000e+06,2.555262250000000000e+06,2.527474500000000000e+06,2.509813000000000000e+06,2.491652250000000000e+06,2.473996500000000000e+06,2.457605500000000000e+06,2.449495750000000000e+06,2.478559500000000000e+06,2.507441000000000000e+06,2.536684500000000000e+06,2.566297750000000000e+06,2.595977250000000000e+06,2.637692000000000000e+06,2.815837750000000000e+06,2.985166500000000000e+06,3.140409750000000000e+06,3.274151000000000000e+06,3.377095750000000000e+06,3.438232500000000000e+06,3.442084500000000000e+06,3.472482250000000000e+06,3.391623500000000000e+06,3.196201500000000000e+06,2.818360250000000000e+06,1.991357125000000000e+06,7.916461250000000000e+05,1.064650546875000000e+05
6.394206875000000000e+05,6.390402500000000000e+05,6.378912500000000000e+05,6.359462500000000000e+05,6.331626875000000000e+05,6.294892500000000000e+05,6.248721875000000000e+05,6.192689375000000000e+05,6.127327500000000000e+05,6.053821250000000000e+05,5.973524375000000000e+05,5.887989375000000000e+05,5.813351875000000000e+05,5.745176875000000000e+05,5.676943750000000000e+05,5.610750625000000000e+05,5.548623750000000000e+05,5.492603125000000000e+05,5.444425000000000000e+05,5.405356250000000000e+05,5.410648125000000000e+05,5.434877500000000000e+05,5.469960625000000000e+05,5.516288750000000000e+05,5.573161250000000000e+05,5.639402500000000000e+05,5.737588125000000000e+05,5.911893125000000000e+05,6.086373125000000000e+05,6.249792500000000000e+05,6.387681250000000000e+05,6.483938125000000000e+05,6.934321250000000000e+05,7.350958750000000000e+05,7.525638750000000000e+05,7.357833125000000000e+05,6.927315000000000000e+05,6.450300000000000000e+05,4.822211875000000000e+05,1.916827656250000000e+05,1.869596093750000000e+04
9.816773750000000000e+05,9.788588750000000000e+05,9.706980000000000000e+05,9.575483125000000000e+05,9.397059375000000000e+05,9.174769375000000000e+05,8.934094375000000000e+05,8.659880625000000000e+05,8.360315000000000000e+05,8.049571250000000000e+05,7.742134375000000000e+05,7.473919375000000000e+05,7.254642500000000000e+05,7.055762500000000000e+05,6.880642500000000000e+05,6.730697500000000000e+05,6.675971250000000000e+05,6.644968750000000000e+05,6.625011875000000000e+05,6.611291875000000000e+05,6.624398750000000000e+05,6.730038750000000000e+05,6.811650000000000000e+05,6.861866250000000000e+05,6.873210000000000000e+05,6.837875000000000000e+05,7.048315000000000000e+05,7.273894375000000000e+05,7.382344375000000000e+05,7.362031875000000000e+05,7.202940000000000000e+05,6.899809375000000000e+05,6.452980000000000000e+05,6.017043125000000000e+05,5.494866875000000000e+05,4.820412812500000000e+05,4.028000312500000000e+05,3.129117187500000000e+05,2.047467343750000000e+05,9.095213281250000000e+04,2.362398242187500000e+04
1.565314000000000000e+06,1.570711625000000000e+06,1.585798875000000000e+06,1.608919875000000000e+06,1.655157500000000000e+06,1.709030125000000000e+06,1.767953000000000000e+06,1.829417875000000000e+06,1.891736000000000000e+06,1.953712375000000000e+06,2.014144250000000000e+06,2.128945250000000000e+06,2.283623250000000000e+06,2.430276500000000000e+06,2.566677250000000000e+06,2.691432250000000000e+06,2.804371000000000000e+06,2.905464500000000000e+06,2.994713250000000000e+06,3.072113250000000000e+06,3.137654750000000000e+06,3.190914750000000000e+06,3.265933750000000000e+06,3.348289750000000000e+06,3.419673250000000000e+06,3.477552250000000000e+06,3.518714500000000000e+06,3.538916000000000000e+06,3.533331750000000000e+06,3.495519250000000000e+06,3.418506000000000000e+06,3.295559750000000000e+06,3.120501000000000000e+06,2.884569750000000000e+06,2.576357250000000000e+06,2.196690250000000000e+06,1.770646000000000000e+06,1.310132375000000000e+06,7.809756875000000000e+05,2.709794062500000000e+05,3.617735546875000000e+04
5.903155000000000000e+05,5.915885000000000000e+05,5.950521875000000000e+05,6.001375000000000000e+05,6.068383750000000000e+05,6.167836875000000000e+05,6.268008125000000000e+05,6.361405625000000000e+05,6.442165000000000000e+05,6.512025000000000000e+05,6.629320000000000000e+05,6.715471250000000000e+05,6.770315000000000000e+05,6.795957500000000000e+05,6.794720625000000000e+05,6.808010625000000000e+05,6.844856250000000000e+05,6.853331875000000000e+05,6.836920000000000000e+05,6.797863125000000000e+05,6.737881875000000000e+05,6.657163125000000000e+05,6.554575625000000000e+05,6.428556875000000000e+05,6.371889375000000000e+05,6.424698750000000000e+05,6.428372500000000000e+05,6.375945625000000000e+05,6.260228125000000000e+05,6.073631875000000000e+05,5.809209375000000000e+05,5.462321250000000000e+05,5.031602812500000000e+05,4.588288125000000000e+05,4.151024687500000000e+05,3.629854375000000000e+05,3.035065312500000000e+05,2.371715000000000000e+05,1.602006406250000000e+05,7.721886718750000000e+04,2.206893945312500000e+04
6.312500000000000000e+06,6.300530000000000000e+06,6.264595500000000000e+06,6.204504500000000000e+06,6.120009000000000000e+06,6.010972000000000000e+06,5.877517000000000000e+06,5.720430500000000000e+06,5.543926000000000000e+06,5.354055500000000000e+06,5.156706000000000000e+06,4.957335500000000000e+06,4.759606500000000000e+06,4.566292500000000000e+06,4.380072000000000000e+06,4.202851000000000000e+06,4.052611250000000000e+06,3.930089500000000000e+06,3.815853750000000000e+06,3.709009500000000000e+06,3.608569750000000000e+06,3.512861250000000000e+06,3.419592750000000000e+06,3.326347250000000000e+06,3.230075500000000000e+06,3.127541250000000000e+06,3.118183000000000000e+06,3.115721750000000000e+06,3.084168500000000000e+06,3.017444750000000000e+06,2.909486750000000000e+06,2.755770750000000000e+06,2.553777750000000000e+06,2.299716750000000000e+06,2.050675375000000000e+06,1.767204125000000000e+06,1.446704000000000000e+06,1.091065375000000000e+06,6.533441250000000000e+05,2.040994843750000000e+05,1.417315039062500000e+04
3.984361250000000000e+06,3.984081500000000000e+06,3.982854500000000000e+06,3.979967750000000000e+06,3.974582250000000000e+06,3.965783500000000000e+06,3.952632500000000000e+06,3.934253750000000000e+06,3.929811750000000000e+06,3.940017250000000000e+06,3.944848500000000000e+06,3.943787000000000000e+06,3.936267500000000000e+06,3.921805500000000000e+06,3.900137500000000000e+06,3.871110500000000000e+06,3.834584250000000000e+06,3.938131250000000000e+06,4.036896500000000000e+06,4.114791500000000000e+06,4.170784750000000000e+06,4.203764000000000000e+06,4.212472000000000000e+06,4.195542500000000000e+06,4.151233250000000000e+06,4.077688750000000000e+06,3.972990500000000000e+06,3.873452250000000000e+06,3.784463750000000000e+06,3.658635250000000000e+06,3.490508000000000000e+06,3.276550000000000000e+06,3.015103250000000000e+06,2.701149750000000000e+06,2.326245750000000000e+06,1.899584500000000000e+06,1.461095375000000000e+06,1.023602125000000000e+06,5.398786875000000000e+05,1.232829687500000000e+05,2.039730224609375000e+03
3.922431500000000000e+06,3.927636250000000000e+06,3.941834750000000000e+06,3.962591750000000000e+06,3.987155250000000000e+06,4.020105000000000000e+06,4.055687500000000000e+06,4.086784750000000000e+06,4.110791250000000000e+06,4.127291750000000000e+06,4.149977500000000000e+06,4.160137750000000000e+06,4.157173250000000000e+06,4.152933000000000000e+06,4.158161500000000000e+06,4.148229000000000000e+06,4.124984000000000000e+06,4.114282750000000000e+06,4.121218500000000000e+06,4.115264500000000000e+06,4.099301250000000000e+06,4.075904500000000000e+06,4.107809250000000000e+06,4.143377000000000000e+06,4.169222750000000000e+06,4.186506000000000000e+06,4.195219000000000000e+06,4.193868250000000000e+06,4.403251000000000000e+06,4.598753000000000000e+06,4.751030000000000000e+06,4.847119500000000000e+06,4.871566500000000000e+06,4.793068000000000000e+06,4.578466500000000000e+06,4.362479500000000000e+06,4.003386250000000000e+06,3.432792500000000000e+06,2.359485750000000000e+06,9.045185000000000000e+05,1.102427812500000000e+05
3.793595000000000000e+06,3.790429750000000000e+06,3.778749250000000000e+06,3.755061500000000000e+06,3.715828750000000000e+06,3.657751500000000000e+06,3.578020000000000000e+06,3.474916750000000000e+06,3.412298500000000000e+06,3.342174500000000000e+06,3.255263000000000000e+06,3.157777500000000000e+06,3.052164250000000000e+06,2.939366000000000000e+06,2.820698500000000000e+06,2.697945500000000000e+06,2.573152250000000000e+06,2.448253500000000000e+06,2.324554750000000000e+06,2.202559500000000000e+06,2.082661250000000000e+06,1.964961375000000000e+06,1.849302375000000000e+06,1.735468125000000000e+06,1.628001875000000000e+06,1.541322875000000000e+06,1.454438750000000000e+06,1.366567625000000000e+06,1.276991500000000000e+06,1.185160250000000000e+06,1.090615000000000000e+06,9.928827500000000000e+05,8.916033125000000000e+05,7.871973125000000000e+05,6.809268750000000000e+05,5.731050625000000000e+05,4.626353750000000000e+05,3.525970937500000000e+05,2.527452968750000000e+05,1.646995625000000000e+05,7.925360156250000000e+04
5.486850625000000000e+05,5.478401250000000000e+05,5.453321875000000000e+05,5.411976250000000000e+05,5.354711875000000000e+05,5.281892500000000000e+05,5.193935000000000000e+05,5.102142187500000000e+05,5.010396562500000000e+05,4.909263750000000000e+05,4.801257500000000000e+05,4.688835000000000000e+05,4.574034687500000000e+05,4.458710625000000000e+05,4.344747500000000000e+05,4.233893125000000000e+05,4.127687187500000000e+05,4.027660000000000000e+05,3.935049687500000000e+05,3.850671250000000000e+05,3.775317500000000000e+05,3.709485000000000000e+05,3.738349375000000000e+05,3.807380937500000000e+05,3.884750000000000000e+05,3.970950937500000000e+05,4.066208750000000000e+05,4.170326875000000000e+05,4.282350000000000000e+05,4.398205312500000000e+05,4.512294375000000000e+05,4.618449062500000000e+05,4.726930937500000000e+05,4.930697500000000000e+05,5.073271875000000000e+05,5.108909062500000000e+05,5.037348125000000000e+05,4.730936875000000000e+05,3.661564687500000000e+05,1.783663750000000000e+05,4.425053125000000000e+04
1.124385000000000000e+06,1.122976875000000000e+06,1.118981500000000000e+06,1.112689000000000000e+06,1.104344375000000000e+06,1.094178000000000000e+06,1.082430500000000000e+06,1.069388625000000000e+06,1.055549625000000000e+06,1.041568187500000000e+06,1.028165687500000000e+06,1.047272250000000000e+06,1.071520000000000000e+06,1.096381000000000000e+06,1.121959750000000000e+06,1.148369125000000000e+06,1.175648500000000000e+06,1.203804500000000000e+06,1.232806750000000000e+06,1.262564250000000000e+06,1.292922000000000000e+06,1.323731875000000000e+06,1.354848750000000000e+06,1.408674250000000000e+06,1.467996250000000000e+06,1.530541500000000000e+06,1.596129500000000000e+06,1.664468375000000000e+06,1.734915875000000000e+06,1.805222625000000000e+06,1.872359250000000000e+06,1.932849000000000000e+06,1.982459625000000000e+06,2.006918000000000000e+06,1.977712750000000000e+06,1.877316625000000000e+06,1.718693875000000000e+06,1.468010000000000000e+06,9.604306250000000000e+05,3.038974375000000000e+05,2.135631445312500000e+04
1.156949687500000000e+05,1.159607421875000000e+05,1.166230937500000000e+05,1.174686171875000000e+05,1.182781718750000000e+05,1.188370625000000000e+05,1.191198437500000000e+05,1.189448125000000000e+05,1.181830156250000000e+05,1.170384609375000000e+05,1.157116796875000000e+05,1.143832343750000000e+05,1.132693046875000000e+05,1.127047265625000000e+05,1.122282421875000000e+05,1.118765078125000000e+05,1.116949453125000000e+05,1.117295000000000000e+05,1.123504453125000000e+05,1.139491171875000000e+05,1.157712187500000000e+05,1.178223437500000000e+05,1.201019375000000000e+05,1.226061015625000000e+05,1.264712890625000000e+05,1.315491406250000000e+05,1.368176250000000000e+05,1.422642656250000000e+05,1.478597968750000000e+05,1.535138125000000000e+05,1.687380156250000000e+05,1.854811093750000000e+05,2.022640937500000000e+05,2.182022031250000000e+05,2.312801250000000000e+05,2.444151250000000000e+05,2.626248750000000000e+05,2.731852187500000000e+05,2.546612500000000000e+05,1.850506406250000000e+05,8.190256250000000000e+04
4.483987109375000000e+04,4.486952734375000000e+04,4.493307421875000000e+04,4.498719531250000000e+04,4.498491796875000000e+04,4.487928515625000000e+04,4.464541796875000000e+04,4.435960937500000000e+04,4.389963281250000000e+04,4.330784375000000000e+04,4.262933203125000000e+04,4.202112890625000000e+04,4.157989453125000000e+04,4.110775000000000000e+04,4.062209375000000000e+04,4.018975781250000000e+04,4.023721484375000000e+04,4.027628515625000000e+04,4.032478125000000000e+04,4.039100000000000000e+04,4.093925390625000000e+04,4.181171093750000000e+04,4.264328125000000000e+04,4.343269921875000000e+04,4.417232031250000000e+04,4.532026171875000000e+04,4.866803906250000000e+04,5.178016015625000000e+04,5.461973046875000000e+04,5.715748046875000000e+04,5.935754296875000000e+04,6.110152734375000000e+04,6.260714062500000000e+04,6.561282031250000000e+04,6.899870312500000000e+04,7.252660156250000000e+04,7.395232812500000000e+04,7.281895312500000000e+04,7.740859375000000000e+04,9.162887500000000000e+04,7.512092968750000000e+04
3.241363000000000000e+06,3.239473000000000000e+06,3.233979250000000000e+06,3.225059000000000000e+06,3.212792500000000000e+06,3.197186500000000000e+06,3.178200750000000000e+06,3.155784500000000000e+06,3.130063750000000000e+06,3.101313750000000000e+06,3.072075250000000000e+06,3.052590500000000000e+06,3.030752500000000000e+06,3.006484500000000000e+06,2.979824750000000000e+06,2.950694000000000000e+06,2.918793250000000000e+06,2.906287750000000000e+06,2.893671000000000000e+06,2.874919750000000000e+06,2.849201250000000000e+06,2.815463750000000000e+06,2.772443000000000000e+06,2.757318750000000000e+06,2.731370250000000000e+06,2.687178500000000000e+06,2.622911750000000000e+06,2.536800000000000000e+06,2.427224500000000000e+06,2.390877250000000000e+06,2.349766750000000000e+06,2.257269250000000000e+06,2.112632750000000000e+06,1.914389250000000000e+06,1.659885375000000000e+06,1.391439000000000000e+06,1.131320125000000000e+06,8.470976250000000000e+05,4.973042500000000000e+05,1.415061718750000000e+05,5.468535156250000000e+03
4.134859375000000000e+05,4.139938125000000000e+05,4.153241875000000000e+05,4.171740937500000000e+05,4.192340000000000000e+05,4.211997187500000000e+05,4.241260937500000000e+05,4.266462500000000000e+05,4.286206250000000000e+05,4.304376875000000000e+05,4.324923437500000000e+05,4.351519062500000000e+05,4.385220000000000000e+05,4.425811562500000000e+05,4.490145000000000000e+05,4.578148750000000000e+05,4.672893437500000000e+05,4.774451875000000000e+05,4.882611562500000000e+05,4.996729687500000000e+05,5.116068437500000000e+05,5.262188125000000000e+05,5.464981875000000000e+05,5.671863750000000000e+05,5.881539375000000000e+05,6.092377500000000000e+05,6.302055000000000000e+05,6.507296875000000000e+05,6.897213125000000000e+05,7.467643750000000000e+05,8.015530000000000000e+05,8.517886250000000000e+05,8.945435000000000000e+05,9.234680000000000000e+05,9.271219375000000000e+05,9.411496250000000000e+05,9.296937500000000000e+05,8.691891250000000000e+05,6.831795000000000000e+05,3.544786562500000000e+05,9.191510156250000000e+04
6.420571500000000000e+06,6.431554000000000000e+06,6.459995500000000000e+06,6.531295000000000000e+06,6.614176000000000000e+06,6.697496500000000000e+06,6.771004000000000000e+06,6.825620500000000000e+06,6.859966000000000000e+06,6.877202500000000000e+06,6.887047500000000000e+06,6.971533500000000000e+06,7.041418000000000000e+06,7.093230000000000000e+06,7.123930000000000000e+06,7.131637500000000000e+06,7.115630000000000000e+06,7.075281500000000000e+06,7.145968000000000000e+06,7.335643500000000000e+06,7.470061000000000000e+06,7.546780500000000000e+06,7.563756500000000000e+06,7.519020000000000000e+06,7.410706500000000000e+06,7.237263000000000000e+06,6.997716500000000000e+06,6.691925000000000000e+06,6.320614000000000000e+06,6.009467500000000000e+06,5.650860500000000000e+06,5.228440000000000000e+06,4.743045500000000000e+06,4.193442750000000000e+06,3.576250500000000000e+06,2.905106250000000000e+06,2.224920750000000000e+06,1.558385375000000000e+06,8.662492500000000000e+05,2.607577812500000000e+05,2.238857812500000000e+04
4.502854687500000000e+04,4.505172265625000000e+04,4.511971484375000000e+04,4.522991796875000000e+04,4.537937500000000000e+04,4.556486718750000000e+04,4.578300000000000000e+04,4.603026562500000000e+04,4.630296875000000000e+04,4.659749609375000000e+04,4.691057421875000000e+04,4.723941406250000000e+04,4.758213281250000000e+04,4.793752343750000000e+04,4.830480078125000000e+04,4.936314843750000000e+04,5.107071484375000000e+04,5.280137890625000000e+04,5.455353125000000000e+04,5.632822656250000000e+04,5.812689453125000000e+04,5.995150781250000000e+04,6.180427343750000000e+04,6.368663281250000000e+04,6.559653906250000000e+04,6.752975000000000000e+04,6.947362500000000000e+04,7.140323437500000000e+04,7.328454687500000000e+04,7.605410156250000000e+04,7.952120312500000000e+04,8.306271875000000000e+04,8.649749218750000000e+04,8.960437500000000000e+04,9.212689843750000000e+04,9.343099218750000000e+04,9.198708593750000000e+04,8.662067187500000000e+04,7.808779687500000000e+04,6.498687890625000000e+04,3.940030468750000000e+04
3.757008984375000000e+04,3.721163671875000000e+04,3.621875000000000000e+04,3.472035546875000000e+04,3.284736328125000000e+04,3.072755468750000000e+04,2.848174804687500000e+04,2.622057031250000000e+04,2.403906054687500000e+04,2.201848632812500000e+04,2.022948242187500000e+04,1.872745312500000000e+04,1.751019531250000000e+04,1.655222265625000000e+04,1.583295605468750000e+04,1.532800292968750000e+04,1.500602148437500000e+04,1.483852441406250000e+04,1.501126855468750000e+04,1.552881835937500000e+04,1.613622460937500000e+04,1.682096093750000000e+04,1.757361132812500000e+04,1.838386132812500000e+04,1.924693164062500000e+04,2.015941601562500000e+04,2.111722460937500000e+04,2.211577539062500000e+04,2.315330859375000000e+04,2.424599609375000000e+04,2.566442773437500000e+04,2.761366601562500000e+04,2.973898828125000000e+04,3.218773242187500000e+04,3.546258593750000000e+04,3.958310156250000000e+04,4.284832812500000000e+04,4.509628906250000000e+04,5.460589453125000000e+04,7.756292968750000000e+04,7.205782812500000000e+04
2.306777500000000000e+05,2.309365000000000000e+05,2.314912031250000000e+05,2.319851093750000000e+05,2.320481875000000000e+05,2.313195781250000000e+05,2.304472812500000000e+05,2.283825156250000000e+05,2.249253593750000000e+05,2.204184531250000000e+05,2.151978125000000000e+05,2.095631718750000000e+05,2.049889687500000000e+05,2.006607968750000000e+05,1.959506250000000000e+05,1.909377656250000000e+05,1.857221718750000000e+05,1.804037187500000000e+05,1.775117812500000000e+05,1.746146562500000000e+05,1.713802187500000000e+05,1.678180937500000000e+05,1.639142187500000000e+05,1.596435937500000000e+05,1.580769218750000000e+05,1.604602343750000000e+05,1.613298750000000000e+05,1.605972500000000000e+05,1.581621093750000000e+05,1.539134375000000000e+05,1.477484375000000000e+05,1.396080468750000000e+05,1.312453906250000000e+05,1.234184765625000000e+05,1.134882656250000000e+05,1.012817421875000000e+05,8.699461718750000000e+04,7.071157031250000000e+04,5.170135937500000000e+04,3.088576562500000000e+04,1.444326171875000000e+04
5.896984765625000000e+04,5.909400390625000000e+04,5.943070703125000000e+04,5.992342187500000000e+04,6.051253515625000000e+04,6.113639062500000000e+04,6.173240234375000000e+04,6.223908984375000000e+04,6.299479687500000000e+04,6.377195703125000000e+04,6.429185546875000000e+04,6.450723437500000000e+04,6.440689453125000000e+04,6.399850390625000000e+04,6.365444921875000000e+04,6.342459375000000000e+04,6.284465234375000000e+04,6.195316015625000000e+04,6.078752734375000000e+04,5.938285937500000000e+04,5.777152343750000000e+04,5.597835546875000000e+04,5.402181640625000000e+04,5.208884765625000000e+04,5.164862890625000000e+04,5.090572656250000000e+04,4.986118359375000000e+04,4.850994140625000000e+04,4.684803515625000000e+04,4.487489062500000000e+04,4.259224218750000000e+04,3.999532812500000000e+04,3.708170312500000000e+04,3.466022656250000000e+04,3.253894921875000000e+04,3.027702929687500000e+04,2.758755859375000000e+04,2.445958398437500000e+04,2.178453906250000000e+04,1.967277148437500000e+04,1.464852539062500000e+04
8.336636875000000000e+05,8.350372500000000000e+05,8.386902500000000000e+05,8.438770625000000000e+05,8.498188125000000000e+05,8.557321875000000000e+05,8.620448125000000000e+05,8.678943750000000000e+05,8.723347500000000000e+05,8.758725000000000000e+05,8.790398750000000000e+05,8.823385625000000000e+05,8.880168750000000000e+05,8.945386250000000000e+05,9.010300625000000000e+05,9.073894375000000000e+05,9.134633125000000000e+05,9.237218125000000000e+05,9.345040000000000000e+05,9.438441250000000000e+05,9.512382500000000000e+05,9.560889375000000000e+05,9.678347500000000000e+05,9.758723125000000000e+05,9.783619375000000000e+05,9.743345000000000000e+05,9.638300625000000000e+05,9.626350625000000000e+05,9.499303125000000000e+05,9.244001875000000000e+05,8.849058125000000000e+05,8.437390000000000000e+05,8.344950625000000000e+05,7.961378125000000000e+05,7.259296875000000000e+05,6.252335000000000000e+05,5.181231875000000000e+05,4.114783437500000000e+05,2.696655312500000000e+05,1.048377812500000000e+05,1.482463867187500000e+04
9.414611250000000000e+05,9.422965625000000000e+05,9.445158750000000000e+05,9.476793750000000000e+05,9.513397500000000000e+05,9.550473750000000000e+05,9.583556875000000000e+05,9.608643750000000000e+05,9.625871250000000000e+05,9.637832500000000000e+05,9.647155625000000000e+05,9.656294375000000000e+05,9.666270625000000000e+05,9.839505000000000000e+05,1.005917937500000000e+06,1.028455312500000000e+06,1.051665625000000000e+06,1.075672750000000000e+06,1.100576375000000000e+06,1.126431250000000000e+06,1.153296375000000000e+06,1.181222375000000000e+06,1.210248500000000000e+06,1.240393375000000000e+06,1.271543250000000000e+06,1.303520000000000000e+06,1.336035750000000000e+06,1.368645750000000000e+06,1.409257375000000000e+06,1.469691375000000000e+06,1.531029375000000000e+06,1.591050875000000000e+06,1.647077375000000000e+06,1.686947250000000000e+06,1.684323875000000000e+06,1.622833000000000000e+06,1.516116375000000000e+06,1.327911875000000000e+06,8.791509375000000000e+05,2.684850312500000000e+05,1.508255273437500000e+04
8.131499375000000000e+05,8.103281875000000000e+05,8.020130625000000000e+05,7.884313750000000000e+05,7.698310625000000000e+05,7.465034375000000000e+05,7.187991250000000000e+05,6.871838125000000000e+05,6.526401250000000000e+05,6.163970625000000000e+05,5.796101250000000000e+05,5.528568750000000000e+05,5.272632500000000000e+05,5.019874062500000000e+05,4.773724375000000000e+05,4.536748125000000000e+05,4.310158125000000000e+05,4.095025000000000000e+05,3.891407187500000000e+05,3.697958750000000000e+05,3.513259062500000000e+05,3.335558125000000000e+05,3.162821875000000000e+05,2.993079375000000000e+05,2.824476562500000000e+05,2.655278750000000000e+05,2.484062343750000000e+05,2.327830625000000000e+05,2.191472031250000000e+05,2.049984218750000000e+05,1.902328125000000000e+05,1.747649531250000000e+05,1.585366406250000000e+05,1.415683281250000000e+05,1.239640781250000000e+05,1.057811250000000000e+05,8.705179687500000000e+04,6.818111718750000000e+04,4.993168750000000000e+04,3.265937304687500000e+04,1.731294335937500000e+04
3.467731875000000000e+05,3.449402187500000000e+05,3.396771562500000000e+05,3.313154062500000000e+05,3.205339375000000000e+05,3.092165937500000000e+05,2.958217812500000000e+05,2.807192187500000000e+05,2.646396875000000000e+05,2.484725781250000000e+05,2.330622343750000000e+05,2.202062812500000000e+05,2.111234062500000000e+05,2.033213750000000000e+05,1.968964218750000000e+05,1.918731250000000000e+05,1.881556718750000000e+05,1.856325781250000000e+05,1.919909062500000000e+05,2.000560156250000000e+05,2.080982031250000000e+05,2.159593593750000000e+05,2.234470625000000000e+05,2.303110468750000000e+05,2.362912343750000000e+05,2.410994062500000000e+05,2.444244687500000000e+05,2.498658750000000000e+05,2.556642968750000000e+05,2.595316718750000000e+05,2.608696718750000000e+05,2.590292500000000000e+05,2.533319375000000000e+05,2.429488125000000000e+05,2.268952031250000000e+05,2.046180156250000000e+05,1.765352500000000000e+05,1.428239687500000000e+05,1.017978750000000000e+05,5.666583984375000000e+04,2.272250976562500000e+04
1.566920312500000000e+05,1.570947656250000000e+05,1.581782187500000000e+05,1.597510156250000000e+05,1.616170468750000000e+05,1.635770000000000000e+05,1.654306406250000000e+05,1.676956718750000000e+05,1.696947031250000000e+05,1.713446093750000000e+05,1.726639062500000000e+05,1.736660000000000000e+05,1.743183437500000000e+05,1.751139843750000000e+05,1.764472031250000000e+05,1.772110000000000000e+05,1.774006875000000000e+05,1.770167500000000000e+05,1.760596875000000000e+05,1.745283750000000000e+05,1.744286250000000000e+05,1.740175937500000000e+05,1.728377187500000000e+05,1.708898437500000000e+05,1.681729531250000000e+05,1.646868125000000000e+05,1.604263593750000000e+05,1.614490781250000000e+05,1.631424843750000000e+05,1.632476562500000000e+05,1.617450312500000000e+05,1.584872656250000000e+05,1.532555937500000000e+05,1.462505468750000000e+05,1.419911406250000000e+05,1.395942812500000000e+05,1.337085000000000000e+05,1.240095312500000000e+05,1.230658203125000000e+05,1.363382031250000000e+05,1.055557343750000000e+05
9.196152500000000000e+05,9.184253125000000000e+05,9.148115000000000000e+05,9.086397500000000000e+05,8.997191250000000000e+05,8.878417500000000000e+05,8.728190000000000000e+05,8.545440000000000000e+05,8.333191875000000000e+05,8.147678750000000000e+05,7.963868125000000000e+05,7.763418750000000000e+05,7.550882500000000000e+05,7.330760000000000000e+05,7.108281875000000000e+05,6.988148125000000000e+05,6.877381875000000000e+05,6.764805000000000000e+05,6.655391875000000000e+05,6.552835000000000000e+05,6.460463125000000000e+05,6.583413125000000000e+05,6.828874375000000000e+05,7.064258750000000000e+05,7.294190000000000000e+05,7.522078750000000000e+05,7.750491875000000000e+05,7.981312500000000000e+05,8.214061875000000000e+05,8.439998750000000000e+05,8.883495000000000000e+05,9.364439375000000000e+05,9.875266250000000000e+05,1.034595437500000000e+06,1.059340375000000000e+06,1.050775750000000000e+06,1.022300562500000000e+06,9.413991250000000000e+05,6.343887500000000000e+05,1.676476718750000000e+05,2.146782958984375000e+03
3.058613671875000000e+04,3.065777539062500000e+04,3.085124609375000000e+04,3.113397656250000000e+04,3.147300585937500000e+04,3.183520312500000000e+04,3.218750585937500000e+04,3.249980273437500000e+04,3.276985156250000000e+04,3.301205468750000000e+04,3.324105859375000000e+04,3.347017968750000000e+04,3.370193750000000000e+04,3.393362890625000000e+04,3.416290625000000000e+04,3.438975781250000000e+04,3.523710156250000000e+04,3.644613671875000000e+04,3.767055859375000000e+04,3.890901171875000000e+04,4.015972265625000000e+04,4.141911328125000000e+04,4.268150781250000000e+04,4.393918750000000000e+04,4.517685937500000000e+04,4.637485546875000000e+04,4.750473046875000000e+04,4.852580078125000000e+04,4.938885937500000000e+04,5.096653515625000000e+04,5.266921484375000000e+04,5.418778125000000000e+04,5.536803515625000000e+04,5.601466796875000000e+04,5.588888671875000000e+04,5.464593750000000000e+04,5.173781250000000000e+04,4.673916796875000000e+04,3.962705078125000000e+04,3.005150976562500000e+04,1.776597460937500000e+04
9.549638750000000000e+05,9.534705625000000000e+05,9.491470000000000000e+05,9.422217500000000000e+05,9.329163750000000000e+05,9.214467500000000000e+05,9.080245625000000000e+05,8.928710000000000000e+05,8.763331875000000000e+05,8.588315000000000000e+05,8.407840000000000000e+05,8.225933750000000000e+05,8.045527500000000000e+05,7.869010625000000000e+05,7.698765000000000000e+05,7.553641250000000000e+05,7.456571250000000000e+05,7.366728750000000000e+05,7.283641250000000000e+05,7.205580625000000000e+05,7.130661250000000000e+05,7.055961875000000000e+05,6.977583125000000000e+05,6.891295000000000000e+05,6.791606875000000000e+05,6.672538125000000000e+05,6.682437500000000000e+05,6.763916875000000000e+05,6.788689375000000000e+05,6.742609375000000000e+05,6.610788125000000000e+05,6.379605625000000000e+05,6.037968125000000000e+05,5.572450625000000000e+05,5.032744062500000000e+05,4.489618750000000000e+05,3.836593750000000000e+05,3.065899687500000000e+05,2.084410000000000000e+05,9.678960937500000000e+04,2.504699804687500000e+04
1.922522375000000000e+06,1.924266625000000000e+06,1.929034125000000000e+06,1.936070500000000000e+06,1.944553875000000000e+06,1.953605250000000000e+06,1.962300625000000000e+06,1.969696750000000000e+06,1.974971125000000000e+06,1.977400000000000000e+06,1.976301125000000000e+06,1.986794750000000000e+06,1.993792000000000000e+06,1.994581125000000000e+06,1.988319125000000000e+06,1.974335125000000000e+06,1.952140875000000000e+06,1.944176375000000000e+06,1.931866500000000000e+06,1.907461000000000000e+06,1.870882500000000000e+06,1.822301250000000000e+06,1.762105875000000000e+06,1.690826000000000000e+06,1.687836250000000000e+06,1.663084375000000000e+06,1.617057625000000000e+06,1.551062125000000000e+06,1.466658375000000000e+06,1.365659250000000000e+06,1.250126875000000000e+06,1.122514625000000000e+06,1.002709812500000000e+06,8.886812500000000000e+05,7.667094375000000000e+05,6.380871875000000000e+05,5.063012500000000000e+05,3.747512812500000000e+05,2.421048437500000000e+05,1.164157187500000000e+05,3.518799218750000000e+04
4.343835546875000000e+04,4.347259375000000000e+04,4.357208984375000000e+04,4.375136718750000000e+04,4.402394921875000000e+04,4.435537500000000000e+04,4.473674609375000000e+04,4.516016796875000000e+04,4.562469140625000000e+04,4.613416015625000000e+04,4.669375000000000000e+04,4.737075000000000000e+04,4.830294921875000000e+04,4.928865625000000000e+04,5.032283203125000000e+04,5.139948046875000000e+04,5.251033203125000000e+04,5.394366015625000000e+04,5.563532421875000000e+04,5.732058984375000000e+04,5.898225781250000000e+04,6.059979296875000000e+04,6.214896875000000000e+04,6.450385156250000000e+04,6.686631250000000000e+04,6.904268750000000000e+04,7.098003125000000000e+04,7.261136718750000000e+04,7.386425781250000000e+04,7.835385156250000000e+04,8.313701562500000000e+04,8.705525781250000000e+04,8.977240625000000000e+04,9.111151562500000000e+04,9.115060937500000000e+04,9.237769531250000000e+04,9.245237500000000000e+04,8.930087500000000000e+04,8.961734375000000000e+04,9.601384375000000000e+04,7.321795312500000000e+04
3.600427500000000000e+06,3.592829000000000000e+06,3.570443250000000000e+06,3.533820500000000000e+06,3.483462000000000000e+06,3.419865250000000000e+06,3.354023750000000000e+06,3.280294500000000000e+06,3.196302750000000000e+06,3.103886500000000000e+06,3.005006250000000000e+06,2.901692250000000000e+06,2.795766250000000000e+06,2.688974000000000000e+06,2.583110750000000000e+06,2.479776000000000000e+06,2.402478500000000000e+06,2.332271750000000000e+06,2.265385000000000000e+06,2.202545750000000000e+06,2.144408750000000000e+06,2.091198000000000000e+06,2.042740375000000000e+06,1.998709875000000000e+06,1.967611750000000000e+06,2.010877375000000000e+06,2.050392625000000000e+06,2.084190000000000000e+06,2.109587500000000000e+06,2.122347250000000000e+06,2.117352250000000000e+06,2.088675875000000000e+06,2.029984125000000000e+06,1.965182750000000000e+06,1.891315750000000000e+06,1.764128750000000000e+06,1.578405750000000000e+06,1.319764750000000000e+06,9.404940625000000000e+05,4.615800937500000000e+05,1.172905078125000000e+05
5.793490000000000000e+06,5.791607500000000000e+06,5.785381500000000000e+06,5.773895500000000000e+06,5.756173500000000000e+06,5.731190000000000000e+06,5.697887000000000000e+06,5.655227000000000000e+06,5.602632000000000000e+06,5.539823000000000000e+06,5.466565500000000000e+06,5.382682500000000000e+06,5.288053000000000000e+06,5.182624000000000000e+06,5.092666000000000000e+06,5.073908000000000000e+06,5.040018000000000000e+06,4.990063000000000000e+06,4.923272500000000000e+06,4.839024000000000000e+06,4.736821500000000000e+06,4.616267000000000000e+06,4.477054500000000000e+06,4.319004500000000000e+06,4.142012750000000000e+06,3.946125750000000000e+06,3.731563250000000000e+06,3.498757250000000000e+06,3.248463750000000000e+06,2.998573000000000000e+06,2.779225750000000000e+06,2.544723500000000000e+06,2.294738250000000000e+06,2.029669375000000000e+06,1.750593500000000000e+06,1.458977500000000000e+06,1.158711375000000000e+06,8.578830000000000000e+05,5.623623750000000000e+05,2.858380625000000000e+05,9.039127343750000000e+04
3.984536250000000000e+06,3.978464000000000000e+06,3.960740750000000000e+06,3.932084250000000000e+06,3.893190000000000000e+06,3.844738750000000000e+06,3.787403500000000000e+06,3.721900250000000000e+06,3.649398500000000000e+06,3.571346750000000000e+06,3.490965750000000000e+06,3.466477250000000000e+06,3.439044000000000000e+06,3.408432500000000000e+06,3.374519500000000000e+06,3.337020250000000000e+06,3.295355750000000000e+06,3.248961750000000000e+06,3.197140000000000000e+06,3.138952750000000000e+06,3.073443250000000000e+06,2.999610250000000000e+06,2.916416500000000000e+06,2.822867750000000000e+06,2.718076000000000000e+06,2.601262500000000000e+06,2.471844250000000000e+06,2.329508000000000000e+06,2.190837500000000000e+06,2.062661500000000000e+06,1.921812125000000000e+06,1.767846125000000000e+06,1.600628125000000000e+06,1.420400375000000000e+06,1.227772000000000000e+06,1.024338062500000000e+06,8.144219375000000000e+05,6.038136875000000000e+05,3.944063125000000000e+05,1.982052031250000000e+05,6.358680078125000000e+04
4.782150937500000000e+05,4.786355312500000000e+05,4.797756250000000000e+05,4.829766562500000000e+05,4.870113437500000000e+05,4.915220937500000000e+05,4.961994687500000000e+05,5.007452812500000000e+05,5.049265937500000000e+05,5.085609687500000000e+05,5.114888437500000000e+05,5.135912187500000000e+05,5.149109687500000000e+05,5.204435937500000000e+05,5.253725625000000000e+05,5.295800625000000000e+05,5.332760625000000000e+05,5.366688125000000000e+05,5.399279375000000000e+05,5.431658125000000000e+05,5.464783125000000000e+05,5.498670625000000000e+05,5.532463750000000000e+05,5.564909375000000000e+05,5.750935000000000000e+05,5.967527500000000000e+05,6.175121250000000000e+05,6.365686875000000000e+05,6.529263125000000000e+05,6.651648750000000000e+05,6.716134375000000000e+05,6.702765625000000000e+05,6.589669375000000000e+05,6.391815000000000000e+05,6.223496875000000000e+05,5.896081875000000000e+05,5.373984375000000000e+05,4.610373750000000000e+05,3.514199375000000000e+05,2.092069687500000000e+05,7.910464062500000000e+04
1.229432968750000000e+05,1.232848046875000000e+05,1.242273750000000000e+05,1.256385546875000000e+05,1.274297109375000000e+05,1.298080156250000000e+05,1.322549218750000000e+05,1.345990156250000000e+05,1.366763750000000000e+05,1.395220468750000000e+05,1.417737187500000000e+05,1.432595937500000000e+05,1.442828281250000000e+05,1.459891718750000000e+05,1.466775156250000000e+05,1.464076406250000000e+05,1.452743750000000000e+05,1.434224843750000000e+05,1.428190781250000000e+05,1.413113437500000000e+05,1.390174531250000000e+05,1.360270625000000000e+05,1.324047656250000000e+05,1.282017421875000000e+05,1.234424843750000000e+05,1.181412968750000000e+05,1.152359687500000000e+05,1.131221093750000000e+05,1.099131250000000000e+05,1.055667031250000000e+05,1.000472187500000000e+05,9.334864062500000000e+04,8.550835156250000000e+04,7.656814062500000000e+04,6.738640625000000000e+04,5.908994921875000000e+04,5.015579296875000000e+04,4.060755859375000000e+04,2.972230078125000000e+04,1.768234960937500000e+04,8.591610351562500000e+03
4.280308500000000000e+06,4.279993000000000000e+06,4.284898000000000000e+06,4.289769500000000000e+06,4.291480500000000000e+06,4.286733500000000000e+06,4.272235000000000000e+06,4.244952500000000000e+06,4.203168500000000000e+06,4.161411000000000000e+06,4.131843500000000000e+06,4.083510750000000000e+06,4.016427500000000000e+06,3.931259500000000000e+06,3.836722500000000000e+06,3.782807750000000000e+06,3.706221000000000000e+06,3.609690500000000000e+06,3.496052500000000000e+06,3.368034500000000000e+06,3.228215000000000000e+06,3.181629250000000000e+06,3.149279750000000000e+06,3.087154500000000000e+06,2.998400000000000000e+06,2.885694500000000000e+06,2.751223500000000000e+06,2.596704250000000000e+06,2.423640250000000000e+06,2.233083750000000000e+06,2.029723625000000000e+06,1.857796375000000000e+06,1.670926500000000000e+06,1.467858375000000000e+06,1.245957375000000000e+06,1.008978562500000000e+06,7.726428750000000000e+05,5.427707500000000000e+05,2.994316250000000000e+05,8.438067187500000000e+04,5.843314453125000000e+03
9.231205000000000000e+06,9.226830000000000000e+06,9.214897000000000000e+06,9.221035000000000000e+06,9.253869000000000000e+06,9.296075000000000000e+06,9.347661000000000000e+06,9.408829000000000000e+06,9.480985000000000000e+06,9.566328000000000000e+06,9.667252000000000000e+06,9.786144000000000000e+06,9.923602000000000000e+06,1.007932700000000000e+07,1.025308200000000000e+07,1.044449900000000000e+07,1.065296500000000000e+07,1.087782500000000000e+07,1.111837400000000000e+07,1.137383100000000000e+07,1.164333900000000000e+07,1.192605200000000000e+07,1.222111500000000000e+07,1.252735700000000000e+07,1.284227700000000000e+07,1.316265100000000000e+07,1.348379000000000000e+07,1.381017200000000000e+07,1.436099000000000000e+07,1.492225800000000000e+07,1.546688400000000000e+07,1.596587500000000000e+07,1.638494200000000000e+07,1.659339800000000000e+07,1.632107700000000000e+07,1.541521300000000000e+07,1.404729000000000000e+07,1.190800200000000000e+07,7.375029000000000000e+06,1.760272750000000000e+06,5.103628417968750000e+03
3.436755750000000000e+06,3.444514750000000000e+06,3.464894250000000000e+06,3.493130750000000000e+06,3.524291500000000000e+06,3.561670750000000000e+06,3.597266000000000000e+06,3.623212000000000000e+06,3.642029500000000000e+06,3.661340750000000000e+06,3.698372250000000000e+06,3.746242000000000000e+06,3.806021250000000000e+06,3.876289000000000000e+06,3.983881500000000000e+06,4.101735250000000000e+06,4.225656500000000000e+06,4.354422500000000000e+06,4.531039000000000000e+06,4.720914000000000000e+06,4.907358500000000000e+06,5.087409500000000000e+06,5.285178500000000000e+06,5.548273000000000000e+06,5.789895500000000000e+06,6.003869000000000000e+06,6.182718000000000000e+06,6.317420500000000000e+06,6.799891000000000000e+06,7.203542500000000000e+06,7.486203000000000000e+06,7.618741000000000000e+06,7.573564000000000000e+06,7.303238500000000000e+06,6.911277000000000000e+06,6.335193000000000000e+06,5.524981500000000000e+06,4.426651000000000000e+06,2.656388000000000000e+06,6.622691875000000000e+05,4.699058105468750000e+03
4.829187500000000000e+04,4.819043359375000000e+04,4.789357812500000000e+04,4.740893359375000000e+04,4.674180468750000000e+04,4.589790234375000000e+04,4.488553515625000000e+04,4.371888281250000000e+04,4.274505859375000000e+04,4.292015625000000000e+04,4.298455859375000000e+04,4.297537109375000000e+04,4.291732031250000000e+04,4.283006250000000000e+04,4.273850781250000000e+04,4.266633593750000000e+04,4.263046093750000000e+04,4.264536328125000000e+04,4.271926953125000000e+04,4.326723437500000000e+04,4.431458984375000000e+04,4.546110546875000000e+04,4.669056250000000000e+04,4.798624609375000000e+04,4.933469140625000000e+04,5.072367187500000000e+04,5.213807031250000000e+04,5.355812109375000000e+04,5.496912500000000000e+04,5.638437109375000000e+04,5.782094921875000000e+04,5.919570703125000000e+04,6.034893750000000000e+04,6.140990625000000000e+04,6.294239843750000000e+04,6.470044140625000000e+04,6.435981250000000000e+04,6.191373828125000000e+04,6.591104687500000000e+04,7.919725781250000000e+04,6.557692187500000000e+04
3.425337500000000000e+06,3.417343250000000000e+06,3.394448750000000000e+06,3.358218000000000000e+06,3.310140500000000000e+06,3.251652500000000000e+06,3.185243750000000000e+06,3.125662500000000000e+06,3.060965750000000000e+06,2.992932500000000000e+06,2.923499000000000000e+06,2.854654250000000000e+06,2.787585500000000000e+06,2.723129750000000000e+06,2.662231500000000000e+06,2.616281000000000000e+06,2.595072250000000000e+06,2.575147750000000000e+06,2.556081500000000000e+06,2.536856000000000000e+06,2.516332500000000000e+06,2.493034250000000000e+06,2.465152250000000000e+06,2.474454000000000000e+06,2.534442250000000000e+06,2.575202750000000000e+06,2.593524250000000000e+06,2.586020250000000000e+06,2.549181000000000000e+06,2.479283250000000000e+06,2.372931250000000000e+06,2.228324250000000000e+06,2.076130875000000000e+06,1.918793625000000000e+06,1.715727000000000000e+06,1.466196625000000000e+06,1.186557250000000000e+06,8.816408750000000000e+05,5.166190000000000000e+05,1.542466875000000000e+05,9.518897460937500000e+03
1.613001125000000000e+06,1.616297750000000000e+06,1.624944000000000000e+06,1.637025000000000000e+06,1.650577500000000000e+06,1.664731875000000000e+06,1.686407500000000000e+06,1.703572875000000000e+06,1.715628625000000000e+06,1.723081375000000000e+06,1.726456625000000000e+06,1.726194625000000000e+06,1.722061500000000000e+06,1.713529625000000000e+06,1.716676125000000000e+06,1.717491500000000000e+06,1.711683125000000000e+06,1.699191750000000000e+06,1.679933500000000000e+06,1.653772750000000000e+06,1.620610000000000000e+06,1.580396750000000000e+06,1.550122500000000000e+06,1.555114125000000000e+06,1.546539625000000000e+06,1.524172750000000000e+06,1.487871000000000000e+06,1.437604875000000000e+06,1.373515875000000000e+06,1.295971000000000000e+06,1.205581500000000000e+06,1.103197875000000000e+06,1.013545250000000000e+06,9.209636250000000000e+05,8.191414375000000000e+05,7.078957500000000000e+05,5.861782500000000000e+05,4.567572500000000000e+05,3.278814062500000000e+05,2.029950000000000000e+05,8.799083593750000000e+04
8.757836000000000000e+06,8.743163000000000000e+06,8.699347000000000000e+06,8.626527000000000000e+06,8.524741000000000000e+06,8.394058000000000000e+06,8.234700000000000000e+06,8.047423500000000000e+06,7.836170000000000000e+06,7.606694500000000000e+06,7.364732500000000000e+06,7.115816000000000000e+06,6.864386500000000000e+06,6.749409500000000000e+06,6.659724000000000000e+06,6.567896000000000000e+06,6.476881500000000000e+06,6.389916000000000000e+06,6.309873000000000000e+06,6.238877000000000000e+06,6.179080500000000000e+06,6.132135500000000000e+06,6.099189500000000000e+06,6.081223000000000000e+06,6.078278500000000000e+06,6.090006500000000000e+06,6.115672500000000000e+06,6.227380000000000000e+06,6.413967500000000000e+06,6.626075500000000000e+06,6.856078500000000000e+06,7.097482500000000000e+06,7.343152500000000000e+06,7.541251500000000000e+06,7.572009500000000000e+06,7.360255500000000000e+06,6.969118000000000000e+06,6.206895000000000000e+06,4.142128000000000000e+06,1.206847000000000000e+06,3.848807031250000000e+04
6.838496875000000000e+05,6.854981250000000000e+05,6.899646250000000000e+05,6.964767500000000000e+05,7.042121250000000000e+05,7.123247500000000000e+05,7.225105625000000000e+05,7.315428125000000000e+05,7.388428125000000000e+05,7.441590625000000000e+05,7.508626250000000000e+05,7.573395000000000000e+05,7.611260625000000000e+05,7.623055625000000000e+05,7.640828125000000000e+05,7.693013750000000000e+05,7.718226250000000000e+05,7.721957500000000000e+05,7.709730625000000000e+05,7.691908750000000000e+05,7.781897500000000000e+05,7.860035625000000000e+05,7.931985625000000000e+05,8.002756875000000000e+05,8.075552500000000000e+05,8.152711875000000000e+05,8.274748125000000000e+05,8.784793125000000000e+05,9.297935000000000000e+05,9.805400000000000000e+05,1.029268000000000000e+06,1.074346125000000000e+06,1.113866000000000000e+06,1.139559125000000000e+06,1.165374125000000000e+06,1.175110000000000000e+06,1.159748000000000000e+06,1.084893000000000000e+06,7.899118750000000000e+05,2.865257500000000000e+05,2.453162890625000000e+04
2.695523000000000000e+06,2.700483500000000000e+06,2.713503000000000000e+06,2.735044250000000000e+06,2.766142750000000000e+06,2.797594500000000000e+06,2.825679250000000000e+06,2.847189750000000000e+06,2.862485250000000000e+06,2.874016500000000000e+06,2.884569750000000000e+06,2.920399000000000000e+06,2.957911750000000000e+06,2.996697500000000000e+06,3.036498500000000000e+06,3.077381000000000000e+06,3.119724750000000000e+06,3.193405250000000000e+06,3.286749000000000000e+06,3.380726500000000000e+06,3.475009250000000000e+06,3.569062000000000000e+06,3.662108500000000000e+06,3.753117500000000000e+06,4.001427500000000000e+06,4.277615000000000000e+06,4.542667500000000000e+06,4.790849000000000000e+06,5.014451000000000000e+06,5.200291500000000000e+06,5.332300000000000000e+06,5.393532500000000000e+06,5.497718000000000000e+06,5.549239500000000000e+06,5.427728000000000000e+06,5.082968500000000000e+06,4.550382500000000000e+06,3.762167000000000000e+06,2.349499750000000000e+06,6.532578125000000000e+05,1.818055273437500000e+04
2.539847750000000000e+06,2.543363000000000000e+06,2.552556000000000000e+06,2.565228750000000000e+06,2.579112750000000000e+06,2.592030250000000000e+06,2.602014500000000000e+06,2.607623500000000000e+06,2.610168000000000000e+06,2.627466500000000000e+06,2.663202750000000000e+06,2.704750750000000000e+06,2.752534750000000000e+06,2.805583500000000000e+06,2.862996500000000000e+06,2.924077000000000000e+06,2.988306000000000000e+06,3.150155250000000000e+06,3.359527750000000000e+06,3.569180500000000000e+06,3.777656500000000000e+06,3.983816500000000000e+06,4.186864250000000000e+06,4.385899000000000000e+06,4.580080500000000000e+06,4.768516000000000000e+06,4.965031500000000000e+06,5.266389500000000000e+06,5.583950000000000000e+06,5.911743500000000000e+06,6.241248500000000000e+06,6.566534500000000000e+06,6.882661500000000000e+06,7.135914000000000000e+06,7.197667000000000000e+06,6.997736500000000000e+06,6.636091000000000000e+06,5.920720500000000000e+06,3.834929750000000000e+06,9.714665625000000000e+05,9.997236328125000000e+03
4.280308500000000000e+06,4.279993000000000000e+06,4.284898000000000000e+06,4.289769500000000000e+06,4.291480500000000000e+06,4.286733500000000000e+06,4.272235000000000000e+06,4.244952500000000000e+06,4.203168500000000000e+06,4.161411000000000000e+06,4.131843500000000000e+06,4.083510750000000000e+06,4.016427500000000000e+06,3.931259500000000000e+06,3.836722500000000000e+06,3.782807750000000000e+06,3.706221000000000000e+06,3.609690500000000000e+06,3.496052500000000000e+06,3.368034500000000000e+06,3.228215000000000000e+06,3.181629250000000000e+06,3.149279750000000000e+06,3.087154500000000000e+06,2.998400000000000000e+06,2.885694500000000000e+06,2.751223500000000000e+06,2.596704250000000000e+06,2.423640250000000000e+06,2.233083750000000000e+06,2.029723625000000000e+06,1.857796375000000000e+06,1.670926500000000000e+06,1.467858375000000000e+06,1.245957375000000000e+06,1.008978562500000000e+06,7.726428750000000000e+05,5.427707500000000000e+05,2.994316250000000000e+05,8.438067187500000000e+04,5.843314453125000000e+03
3.628106250000000000e+04,3.597819921875000000e+04,3.513105078125000000e+04,3.383535937500000000e+04,3.218902148437500000e+04,3.028932031250000000e+04,2.830665234375000000e+04,2.625093164062500000e+04,2.420528125000000000e+04,2.224875195312500000e+04,2.045249023437500000e+04,1.887469335937500000e+04,1.752435156250000000e+04,1.638909765625000000e+04,1.546182519531250000e+04,1.482807714843750000e+04,1.434374804687500000e+04,1.398720312500000000e+04,1.373710937500000000e+04,1.357119335937500000e+04,1.346727734375000000e+04,1.340679394531250000e+04,1.348064453125000000e+04,1.363662304687500000e+04,1.378966699218750000e+04,1.393066699218750000e+04,1.405087109375000000e+04,1.414265332031250000e+04,1.419942773437500000e+04,1.473192871093750000e+04,1.554056933593750000e+04,1.628709765625000000e+04,1.692946093750000000e+04,1.748896875000000000e+04,1.808867382812500000e+04,1.911119726562500000e+04,2.036082812500000000e+04,2.138617187500000000e+04,2.526886718750000000e+04,3.517092187500000000e+04,3.463921875000000000e+04
4.075000250000000000e+06,4.064450250000000000e+06,4.033761750000000000e+06,3.984120250000000000e+06,3.916527250000000000e+06,3.831980750000000000e+06,3.737752750000000000e+06,3.631721750000000000e+06,3.514870250000000000e+06,3.392057000000000000e+06,3.268252000000000000e+06,3.148249750000000000e+06,3.045272000000000000e+06,2.957933000000000000e+06,2.879432750000000000e+06,2.811369250000000000e+06,2.754430750000000000e+06,2.723087250000000000e+06,2.718482500000000000e+06,2.723248000000000000e+06,2.737231000000000000e+06,2.760043500000000000e+06,2.801809000000000000e+06,2.889149250000000000e+06,2.981218500000000000e+06,3.077376000000000000e+06,3.177015500000000000e+06,3.279764750000000000e+06,3.461536000000000000e+06,3.776262000000000000e+06,4.088466500000000000e+06,4.395756000000000000e+06,4.697562000000000000e+06,4.961233000000000000e+06,5.101536000000000000e+06,5.293459000000000000e+06,5.464408500000000000e+06,5.414281500000000000e+06,4.100125250000000000e+06,1.466632875000000000e+06,1.006925078125000000e+05
3.277890250000000000e+06,3.282960250000000000e+06,3.297585500000000000e+06,3.320875000000000000e+06,3.351925000000000000e+06,3.389820000000000000e+06,3.433638250000000000e+06,3.482473750000000000e+06,3.535626500000000000e+06,3.592529000000000000e+06,3.652627750000000000e+06,3.715377750000000000e+06,3.799985000000000000e+06,3.910827500000000000e+06,4.023228000000000000e+06,4.136341250000000000e+06,4.249539000000000000e+06,4.362220500000000000e+06,4.473898500000000000e+06,4.584234000000000000e+06,4.727250000000000000e+06,5.038255000000000000e+06,5.347543000000000000e+06,5.654670000000000000e+06,5.959210000000000000e+06,6.260671500000000000e+06,6.558671500000000000e+06,6.853046500000000000e+06,7.142218000000000000e+06,7.417861500000000000e+06,7.737559000000000000e+06,8.184471500000000000e+06,8.647813000000000000e+06,9.066618000000000000e+06,9.282389000000000000e+06,9.200022000000000000e+06,8.933420000000000000e+06,8.203117000000000000e+06,5.535506000000000000e+06,1.521189750000000000e+06,2.617031250000000000e+04
4.516872500000000000e+06,4.520955000000000000e+06,4.531625000000000000e+06,4.546412000000000000e+06,4.574724500000000000e+06,4.623056000000000000e+06,4.671558000000000000e+06,4.716177500000000000e+06,4.753393500000000000e+06,4.780106000000000000e+06,4.793397000000000000e+06,4.790665500000000000e+06,4.770204000000000000e+06,4.730870000000000000e+06,4.709138000000000000e+06,4.795028000000000000e+06,4.844667500000000000e+06,4.857743500000000000e+06,4.834783500000000000e+06,4.777232000000000000e+06,4.686800500000000000e+06,4.565434000000000000e+06,4.415237500000000000e+06,4.238355000000000000e+06,4.036773500000000000e+06,3.812501250000000000e+06,3.567579500000000000e+06,3.319827500000000000e+06,3.098290750000000000e+06,2.859449750000000000e+06,2.603693500000000000e+06,2.332503500000000000e+06,2.048347375000000000e+06,1.752280625000000000e+06,1.443887750000000000e+06,1.130589000000000000e+06,8.334049375000000000e+05,5.602123750000000000e+05,2.895720625000000000e+05,6.940939062500000000e+04,2.233448974609375000e+03
1.767009125000000000e+06,1.765602625000000000e+06,1.760676375000000000e+06,1.755059750000000000e+06,1.745757625000000000e+06,1.729795000000000000e+06,1.705558125000000000e+06,1.671899625000000000e+06,1.629735250000000000e+06,1.581128500000000000e+06,1.533423750000000000e+06,1.491189875000000000e+06,1.446478375000000000e+06,1.400060375000000000e+06,1.352869625000000000e+06,1.305912000000000000e+06,1.269396125000000000e+06,1.244603125000000000e+06,1.220336125000000000e+06,1.197320500000000000e+06,1.176229125000000000e+06,1.157556375000000000e+06,1.145333625000000000e+06,1.191417375000000000e+06,1.236095750000000000e+06,1.280033375000000000e+06,1.323629750000000000e+06,1.366976375000000000e+06,1.409733750000000000e+06,1.450334250000000000e+06,1.486537875000000000e+06,1.561579375000000000e+06,1.640157125000000000e+06,1.709812625000000000e+06,1.748640375000000000e+06,1.738159750000000000e+06,1.676169375000000000e+06,1.521726000000000000e+06,1.116337000000000000e+06,4.837025937500000000e+05,8.772356250000000000e+04
1.883495625000000000e+05,1.877564843750000000e+05,1.860729843750000000e+05,1.834328281250000000e+05,1.804335000000000000e+05,1.772453281250000000e+05,1.735404531250000000e+05,1.694011093750000000e+05,1.649464687500000000e+05,1.603323593750000000e+05,1.557411406250000000e+05,1.513674062500000000e+05,1.493775156250000000e+05,1.476484062500000000e+05,1.461828593750000000e+05,1.450544062500000000e+05,1.442933750000000000e+05,1.439200625000000000e+05,1.439357187500000000e+05,1.461964375000000000e+05,1.523222812500000000e+05,1.584343437500000000e+05,1.645627656250000000e+05,1.707138593750000000e+05,1.768634531250000000e+05,1.829634531250000000e+05,1.889272031250000000e+05,1.946204375000000000e+05,1.998444531250000000e+05,2.041933593750000000e+05,2.071672031250000000e+05,2.119447656250000000e+05,2.165299531250000000e+05,2.181657500000000000e+05,2.138652187500000000e+05,2.018840000000000000e+05,1.839742656250000000e+05,1.570187500000000000e+05,1.036399375000000000e+05,3.428788671875000000e+04,3.821163330078125000e+03
2.424587500000000000e+06,2.426941750000000000e+06,2.432794000000000000e+06,2.440272250000000000e+06,2.447455250000000000e+06,2.452409250000000000e+06,2.453224750000000000e+06,2.448188000000000000e+06,2.437069250000000000e+06,2.453356750000000000e+06,2.486653750000000000e+06,2.516092750000000000e+06,2.540985000000000000e+06,2.559968750000000000e+06,2.571778750000000000e+06,2.575531500000000000e+06,2.570778750000000000e+06,2.557155000000000000e+06,2.534234000000000000e+06,2.501477000000000000e+06,2.458411750000000000e+06,2.404629250000000000e+06,2.339786000000000000e+06,2.263626750000000000e+06,2.195071000000000000e+06,2.133524500000000000e+06,2.060249500000000000e+06,1.974308625000000000e+06,1.874867625000000000e+06,1.761151875000000000e+06,1.632660000000000000e+06,1.489661500000000000e+06,1.333173000000000000e+06,1.163803750000000000e+06,9.818006875000000000e+05,7.916583750000000000e+05,6.048799375000000000e+05,4.269340000000000000e+05,2.490846718750000000e+05,9.394744531250000000e+04,1.953242773437500000e+04
2.475514843750000000e+04,2.478318359375000000e+04,2.485218164062500000e+04,2.493684179687500000e+04,2.500975000000000000e+04,2.504303125000000000e+04,2.503032812500000000e+04,2.507080078125000000e+04,2.501161718750000000e+04,2.485719921875000000e+04,2.461531445312500000e+04,2.442889257812500000e+04,2.432378710937500000e+04,2.412779687500000000e+04,2.385146875000000000e+04,2.350974023437500000e+04,2.339348828125000000e+04,2.334598242187500000e+04,2.323305664062500000e+04,2.307252734375000000e+04,2.288017187500000000e+04,2.266707421875000000e+04,2.278865234375000000e+04,2.358583593750000000e+04,2.427915039062500000e+04,2.487257617187500000e+04,2.536161328125000000e+04,2.573153906250000000e+04,2.596056054687500000e+04,2.601154101562500000e+04,2.584047460937500000e+04,2.560132226562500000e+04,2.563749218750000000e+04,2.538247265625000000e+04,2.468726367187500000e+04,2.344477539062500000e+04,2.167312109375000000e+04,1.923688281250000000e+04,1.544789062500000000e+04,1.027657128906250000e+04,6.135735839843750000e+03
2.642710625000000000e+05,2.643132500000000000e+05,2.643212187500000000e+05,2.644699062500000000e+05,2.643577187500000000e+05,2.636394062500000000e+05,2.620629218750000000e+05,2.594200312500000000e+05,2.557220781250000000e+05,2.516677031250000000e+05,2.478318750000000000e+05,2.432883750000000000e+05,2.381066562500000000e+05,2.323365937500000000e+05,2.272664375000000000e+05,2.229939687500000000e+05,2.180647968750000000e+05,2.125899843750000000e+05,2.066618906250000000e+05,2.019654062500000000e+05,1.985561406250000000e+05,1.943298593750000000e+05,1.893320937500000000e+05,1.835947343750000000e+05,1.771222656250000000e+05,1.742411406250000000e+05,1.747478125000000000e+05,1.730658281250000000e+05,1.691942656250000000e+05,1.631195000000000000e+05,1.548384687500000000e+05,1.444134375000000000e+05,1.319816250000000000e+05,1.212448593750000000e+05,1.091078281250000000e+05,9.493434375000000000e+04,7.936087500000000000e+04,6.255466015625000000e+04,4.291613671875000000e+04,2.191573632812500000e+04,8.523496093750000000e+03
1.829459875000000000e+06,1.827691375000000000e+06,1.822190375000000000e+06,1.812556875000000000e+06,1.798298250000000000e+06,1.778888625000000000e+06,1.753824250000000000e+06,1.722741500000000000e+06,1.687669500000000000e+06,1.650845375000000000e+06,1.610312750000000000e+06,1.567071250000000000e+06,1.521919750000000000e+06,1.475609875000000000e+06,1.434705000000000000e+06,1.396887250000000000e+06,1.359388125000000000e+06,1.323011625000000000e+06,1.288449375000000000e+06,1.264720125000000000e+06,1.248216750000000000e+06,1.233516625000000000e+06,1.221012125000000000e+06,1.211034875000000000e+06,1.214723000000000000e+06,1.231299250000000000e+06,1.249014750000000000e+06,1.267808750000000000e+06,1.287268125000000000e+06,1.309127625000000000e+06,1.413523750000000000e+06,1.510934500000000000e+06,1.598100625000000000e+06,1.662505125000000000e+06,1.677040750000000000e+06,1.649496375000000000e+06,1.634918000000000000e+06,1.536839250000000000e+06,1.123016250000000000e+06,4.038018750000000000e+05,3.065843164062500000e+04
3.786713500000000000e+06,3.788643000000000000e+06,3.792697500000000000e+06,3.796060000000000000e+06,3.795720000000000000e+06,3.788593000000000000e+06,3.771637500000000000e+06,3.742125500000000000e+06,3.699202000000000000e+06,3.643207500000000000e+06,3.583686250000000000e+06,3.544006250000000000e+06,3.489902750000000000e+06,3.421591000000000000e+06,3.339631500000000000e+06,3.245090250000000000e+06,3.139467750000000000e+06,3.024356000000000000e+06,2.901281250000000000e+06,2.823870000000000000e+06,2.782653250000000000e+06,2.723084750000000000e+06,2.646984250000000000e+06,2.556040750000000000e+06,2.451643000000000000e+06,2.335028250000000000e+06,2.207263000000000000e+06,2.069252250000000000e+06,1.921936625000000000e+06,1.766335375000000000e+06,1.625064625000000000e+06,1.495978750000000000e+06,1.359509250000000000e+06,1.215954625000000000e+06,1.066846250000000000e+06,9.116115000000000000e+05,7.465279375000000000e+05,5.757747500000000000e+05,4.161880937500000000e+05,2.688988750000000000e+05,1.205746640625000000e+05
8.434817500000000000e+05,8.413550625000000000e+05,8.352150625000000000e+05,8.253506875000000000e+05,8.119993750000000000e+05,7.953960625000000000e+05,7.758126250000000000e+05,7.536165000000000000e+05,7.295654375000000000e+05,7.097431250000000000e+05,6.911551875000000000e+05,6.732318750000000000e+05,6.565178750000000000e+05,6.413632500000000000e+05,6.283360625000000000e+05,6.275762500000000000e+05,6.281188125000000000e+05,6.301678750000000000e+05,6.338307500000000000e+05,6.390595000000000000e+05,6.457474375000000000e+05,6.736383125000000000e+05,7.146110000000000000e+05,7.554411250000000000e+05,7.961920000000000000e+05,8.368478125000000000e+05,8.773813750000000000e+05,9.178175000000000000e+05,9.579694375000000000e+05,9.967871875000000000e+05,1.050537875000000000e+06,1.117444750000000000e+06,1.188808625000000000e+06,1.256857500000000000e+06,1.300139125000000000e+06,1.305391250000000000e+06,1.287944750000000000e+06,1.205849000000000000e+06,8.362790625000000000e+05,2.403195468750000000e+05,5.951618652343750000e+03
3.479919250000000000e+06,3.464947500000000000e+06,3.423413000000000000e+06,3.360361500000000000e+06,3.280765250000000000e+06,3.189487000000000000e+06,3.091263750000000000e+06,2.990690250000000000e+06,2.892114500000000000e+06,2.799727750000000000e+06,2.717682750000000000e+06,2.649780000000000000e+06,2.596727250000000000e+06,2.557792000000000000e+06,2.532387750000000000e+06,2.519401500000000000e+06,2.591956000000000000e+06,2.676284750000000000e+06,2.767005000000000000e+06,2.861920500000000000e+06,2.958439250000000000e+06,3.053795000000000000e+06,3.145036500000000000e+06,3.228830500000000000e+06,3.301468000000000000e+06,3.358896500000000000e+06,3.396602500000000000e+06,3.409612500000000000e+06,3.438668750000000000e+06,3.465663250000000000e+06,3.456714500000000000e+06,3.402696250000000000e+06,3.294411000000000000e+06,3.117196750000000000e+06,2.850030000000000000e+06,2.487227500000000000e+06,2.056104250000000000e+06,1.560455000000000000e+06,9.312513125000000000e+05,2.918970312500000000e+05,2.418748046875000000e+04
2.883692500000000000e+06,2.882569750000000000e+06,2.878445750000000000e+06,2.869993750000000000e+06,2.855713250000000000e+06,2.836041750000000000e+06,2.811639250000000000e+06,2.777103500000000000e+06,2.732354750000000000e+06,2.678260750000000000e+06,2.615822000000000000e+06,2.549002000000000000e+06,2.481099000000000000e+06,2.406547250000000000e+06,2.326165750000000000e+06,2.240885500000000000e+06,2.161491500000000000e+06,2.083026750000000000e+06,2.000439125000000000e+06,1.914463500000000000e+06,1.828667875000000000e+06,1.758673375000000000e+06,1.683417500000000000e+06,1.603509375000000000e+06,1.519337375000000000e+06,1.443293500000000000e+06,1.376506625000000000e+06,1.300873625000000000e+06,1.216918375000000000e+06,1.125127875000000000e+06,1.053446500000000000e+06,1.011272687500000000e+06,9.456230000000000000e+05,8.582806250000000000e+05,7.512635625000000000e+05,6.292850000000000000e+05,5.270998125000000000e+05,4.151511875000000000e+05,2.903886250000000000e+05,1.565035156250000000e+05,5.264891015625000000e+04
2.375477812500000000e+05,2.363092031250000000e+05,2.327939843750000000e+05,2.273111718750000000e+05,2.201761093750000000e+05,2.117057343750000000e+05,2.022143593750000000e+05,1.920162656250000000e+05,1.814793593750000000e+05,1.709891875000000000e+05,1.609051875000000000e+05,1.515420625000000000e+05,1.430470937500000000e+05,1.354869218750000000e+05,1.289244765625000000e+05,1.233668046875000000e+05,1.196846562500000000e+05,1.186981718750000000e+05,1.183852656250000000e+05,1.186876328125000000e+05,1.195405781250000000e+05,1.208681171875000000e+05,1.225805703125000000e+05,1.245787578125000000e+05,1.267578593750000000e+05,1.290021328125000000e+05,1.311792187500000000e+05,1.331383593750000000e+05,1.347187187500000000e+05,1.357693437500000000e+05,1.364480625000000000e+05,1.390897343750000000e+05,1.409368125000000000e+05,1.418757812500000000e+05,1.422434687500000000e+05,1.413702031250000000e+05,1.360307343750000000e+05,1.256653593750000000e+05,1.196804140625000000e+05,1.197193046875000000e+05,8.607419531250000000e+04
7.488860000000000000e+06,7.480188000000000000e+06,7.463560500000000000e+06,7.434965500000000000e+06,7.392475500000000000e+06,7.334540500000000000e+06,7.259623000000000000e+06,7.166411500000000000e+06,7.055166500000000000e+06,6.927087500000000000e+06,6.783439500000000000e+06,6.625477000000000000e+06,6.453952000000000000e+06,6.269445500000000000e+06,6.072678000000000000e+06,5.864386500000000000e+06,5.645264000000000000e+06,5.416105500000000000e+06,5.177623000000000000e+06,4.930365500000000000e+06,4.784666500000000000e+06,4.647961500000000000e+06,4.488259500000000000e+06,4.305763000000000000e+06,4.100901750000000000e+06,3.874388000000000000e+06,3.627319000000000000e+06,3.361238500000000000e+06,3.078090000000000000e+06,2.780121500000000000e+06,2.470154250000000000e+06,2.160280250000000000e+06,1.891360625000000000e+06,1.616058125000000000e+06,1.333576250000000000e+06,1.049361000000000000e+06,7.800272500000000000e+05,5.314978750000000000e+05,2.845792187500000000e+05,7.755275781250000000e+04,4.927919433593750000e+03
5.268306875000000000e+05,5.271940625000000000e+05,5.279370000000000000e+05,5.284928125000000000e+05,5.282676250000000000e+05,5.266791875000000000e+05,5.257665625000000000e+05,5.225339687500000000e+05,5.170270312500000000e+05,5.098620937500000000e+05,5.016626562500000000e+05,4.930102187500000000e+05,4.880569375000000000e+05,4.836635000000000000e+05,4.790536875000000000e+05,4.744372812500000000e+05,4.700526250000000000e+05,4.662990937500000000e+05,4.703543125000000000e+05,4.745919062500000000e+05,4.791588750000000000e+05,4.841640000000000000e+05,4.896721250000000000e+05,4.957145000000000000e+05,5.121996562500000000e+05,5.445183125000000000e+05,5.765313750000000000e+05,6.080849375000000000e+05,6.387956875000000000e+05,6.675401250000000000e+05,6.927893125000000000e+05,7.129846875000000000e+05,7.324372500000000000e+05,7.599486250000000000e+05,7.679355000000000000e+05,7.479138125000000000e+05,7.062998125000000000e+05,6.248591250000000000e+05,4.111117187500000000e+05,1.138091171875000000e+05,3.060700683593750000e+03
2.839617250000000000e+06,2.835511500000000000e+06,2.823222750000000000e+06,2.802480000000000000e+06,2.772746000000000000e+06,2.733399750000000000e+06,2.683895250000000000e+06,2.623948750000000000e+06,2.554206750000000000e+06,2.499038250000000000e+06,2.438934000000000000e+06,2.371556000000000000e+06,2.298996250000000000e+06,2.223499000000000000e+06,2.171496250000000000e+06,2.129167000000000000e+06,2.084786625000000000e+06,2.040619500000000000e+06,1.998429875000000000e+06,1.959266375000000000e+06,1.923868375000000000e+06,1.964722750000000000e+06,2.010205125000000000e+06,2.051845750000000000e+06,2.089588250000000000e+06,2.122680500000000000e+06,2.149541500000000000e+06,2.167631750000000000e+06,2.173719000000000000e+06,2.163052250000000000e+06,2.130274250000000000e+06,2.104654750000000000e+06,2.073157375000000000e+06,2.005761125000000000e+06,1.886273625000000000e+06,1.705040625000000000e+06,1.469435625000000000e+06,1.172474000000000000e+06,7.582263125000000000e+05,2.862710312500000000e+05,4.058898437500000000e+04
6.847788500000000000e+06,6.840362500000000000e+06,6.817265500000000000e+06,6.777105000000000000e+06,6.718350000000000000e+06,6.639426000000000000e+06,6.538812500000000000e+06,6.415326500000000000e+06,6.269993500000000000e+06,6.105170000000000000e+06,5.923324500000000000e+06,5.726951500000000000e+06,5.518141500000000000e+06,5.298864000000000000e+06,5.117252000000000000e+06,4.926573500000000000e+06,4.726578000000000000e+06,4.519002500000000000e+06,4.305413500000000000e+06,4.087037750000000000e+06,3.865131500000000000e+06,3.640706000000000000e+06,3.414550250000000000e+06,3.222593750000000000e+06,3.110914500000000000e+06,2.979599250000000000e+06,2.829740750000000000e+06,2.662433500000000000e+06,2.478917000000000000e+06,2.280571750000000000e+06,2.069014625000000000e+06,1.846314250000000000e+06,1.618958875000000000e+06,1.429791125000000000e+06,1.233255000000000000e+06,1.029688687500000000e+06,8.215143125000000000e+05,6.129073750000000000e+05,4.049280000000000000e+05,2.068302343750000000e+05,6.663328125000000000e+04
3.786713500000000000e+06,3.788643000000000000e+06,3.792697500000000000e+06,3.796060000000000000e+06,3.795720000000000000e+06,3.788593000000000000e+06,3.771637500000000000e+06,3.742125500000000000e+06,3.699202000000000000e+06,3.643207500000000000e+06,3.583686250000000000e+06,3.544006250000000000e+06,3.489902750000000000e+06,3.421591000000000000e+06,3.339631500000000000e+06,3.245090250000000000e+06,3.139467750000000000e+06,3.024356000000000000e+06,2.901281250000000000e+06,2.823870000000000000e+06,2.782653250000000000e+06,2.723084750000000000e+06,2.646984250000000000e+06,2.556040750000000000e+06,2.451643000000000000e+06,2.335028250000000000e+06,2.207263000000000000e+06,2.069252250000000000e+06,1.921936625000000000e+06,1.766335375000000000e+06,1.625064625000000000e+06,1.495978750000000000e+06,1.359509250000000000e+06,1.215954625000000000e+06,1.066846250000000000e+06,9.116115000000000000e+05,7.465279375000000000e+05,5.757747500000000000e+05,4.161880937500000000e+05,2.688988750000000000e+05,1.205746640625000000e+05
1.623001875000000000e+05,1.631202500000000000e+05,1.653309062500000000e+05,1.685365156250000000e+05,1.723230468750000000e+05,1.764119218750000000e+05,1.810050937500000000e+05,1.849393125000000000e+05,1.880524843750000000e+05,1.918819843750000000e+05,1.951102968750000000e+05,1.974491250000000000e+05,2.001898906250000000e+05,2.036657812500000000e+05,2.059953125000000000e+05,2.072981093750000000e+05,2.088885000000000000e+05,2.124964062500000000e+05,2.151410000000000000e+05,2.170256093750000000e+05,2.183311406250000000e+05,2.191865156250000000e+05,2.196713125000000000e+05,2.296375000000000000e+05,2.390303593750000000e+05,2.474343750000000000e+05,2.547699062500000000e+05,2.608295468750000000e+05,2.653348750000000000e+05,2.678613750000000000e+05,2.679103437500000000e+05,2.648579687500000000e+05,2.648361562500000000e+05,2.624870937500000000e+05,2.556692500000000000e+05,2.429223593750000000e+05,2.221898750000000000e+05,1.921667031250000000e+05,1.534048906250000000e+05,1.059458437500000000e+05,5.250635546875000000e+04
1.323767125000000000e+06,1.325026375000000000e+06,1.328516750000000000e+06,1.333745625000000000e+06,1.340157250000000000e+06,1.347153375000000000e+06,1.354113750000000000e+06,1.362931375000000000e+06,1.372289625000000000e+06,1.380239000000000000e+06,1.386400875000000000e+06,1.390493750000000000e+06,1.397472500000000000e+06,1.406523250000000000e+06,1.412817000000000000e+06,1.416498000000000000e+06,1.417876875000000000e+06,1.430331625000000000e+06,1.443145625000000000e+06,1.453657375000000000e+06,1.462426500000000000e+06,1.469992500000000000e+06,1.489575250000000000e+06,1.519974125000000000e+06,1.548931750000000000e+06,1.576780750000000000e+06,1.603612500000000000e+06,1.629195375000000000e+06,1.680240750000000000e+06,1.796276125000000000e+06,1.904025125000000000e+06,1.999025875000000000e+06,2.075746750000000000e+06,2.117935500000000000e+06,2.093388125000000000e+06,2.058374625000000000e+06,1.988351000000000000e+06,1.810417375000000000e+06,1.285806500000000000e+06,4.512190625000000000e+05,3.152828710937500000e+04
1.277013625000000000e+06,1.272969875000000000e+06,1.261538500000000000e+06,1.243522875000000000e+06,1.219569875000000000e+06,1.190354625000000000e+06,1.156720375000000000e+06,1.120129875000000000e+06,1.085716500000000000e+06,1.050379375000000000e+06,1.015944937500000000e+06,9.855935625000000000e+05,9.650184375000000000e+05,9.468870625000000000e+05,9.313711250000000000e+05,9.183598750000000000e+05,9.154576875000000000e+05,9.146390000000000000e+05,9.132474375000000000e+05,9.106222500000000000e+05,9.059671875000000000e+05,8.985440000000000000e+05,9.002909375000000000e+05,8.968831875000000000e+05,8.876385000000000000e+05,8.720207500000000000e+05,8.495322500000000000e+05,8.197727500000000000e+05,7.824146875000000000e+05,7.764718125000000000e+05,7.581415000000000000e+05,7.250111875000000000e+05,6.768641875000000000e+05,6.135170625000000000e+05,5.346875000000000000e+05,4.519659375000000000e+05,3.736388125000000000e+05,2.879457500000000000e+05,1.855770468750000000e+05,7.607000000000000000e+04,1.506809375000000000e+04
1.124385000000000000e+06,1.122976875000000000e+06,1.118981500000000000e+06,1.112689000000000000e+06,1.104344375000000000e+06,1.094178000000000000e+06,1.082430500000000000e+06,1.069388625000000000e+06,1.055549625000000000e+06,1.041568187500000000e+06,1.028165687500000000e+06,1.047272250000000000e+06,1.071520000000000000e+06,1.096381000000000000e+06,1.121959750000000000e+06,1.148369125000000000e+06,1.175648500000000000e+06,1.203804500000000000e+06,1.232806750000000000e+06,1.262564250000000000e+06,1.292922000000000000e+06,1.323731875000000000e+06,1.354848750000000000e+06,1.408674250000000000e+06,1.467996250000000000e+06,1.530541500000000000e+06,1.596129500000000000e+06,1.664468375000000000e+06,1.734915875000000000e+06,1.805222625000000000e+06,1.872359250000000000e+06,1.932849000000000000e+06,1.982459625000000000e+06,2.006918000000000000e+06,1.977712750000000000e+06,1.877316625000000000e+06,1.718693875000000000e+06,1.468010000000000000e+06,9.604306250000000000e+05,3.038974375000000000e+05,2.135631445312500000e+04
4.327272000000000000e+06,4.345054000000000000e+06,4.394066500000000000e+06,4.467758500000000000e+06,4.559514500000000000e+06,4.662661000000000000e+06,4.770481500000000000e+06,4.881920500000000000e+06,5.001572500000000000e+06,5.120675000000000000e+06,5.241597000000000000e+06,5.366495500000000000e+06,5.506210500000000000e+06,5.675522000000000000e+06,5.845159000000000000e+06,6.014060000000000000e+06,6.182186000000000000e+06,6.395412000000000000e+06,6.635678000000000000e+06,6.873374500000000000e+06,7.108130000000000000e+06,7.339812000000000000e+06,7.654192000000000000e+06,8.017412000000000000e+06,8.375070500000000000e+06,8.726561000000000000e+06,9.071137000000000000e+06,9.407941000000000000e+06,1.029466900000000000e+07,1.121198300000000000e+07,1.209669800000000000e+07,1.292948700000000000e+07,1.369076800000000000e+07,1.427053400000000000e+07,1.473669000000000000e+07,1.507823600000000000e+07,1.512493800000000000e+07,1.436975400000000000e+07,1.030287900000000000e+07,3.227968500000000000e+06,9.029544531250000000e+04
2.341432968750000000e+05,2.337848593750000000e+05,2.327393437500000000e+05,2.310496718750000000e+05,2.287571718750000000e+05,2.259025312500000000e+05,2.225265781250000000e+05,2.189698906250000000e+05,2.154627187500000000e+05,2.117067812500000000e+05,2.078060781250000000e+05,2.038634531250000000e+05,1.999618750000000000e+05,1.961751406250000000e+05,1.925785468750000000e+05,1.892329687500000000e+05,1.861792187500000000e+05,1.834578437500000000e+05,1.810902812500000000e+05,1.794745781250000000e+05,1.795764687500000000e+05,1.799494062500000000e+05,1.805400625000000000e+05,1.812841250000000000e+05,1.820750468750000000e+05,1.827851250000000000e+05,1.832513906250000000e+05,1.832637812500000000e+05,1.876541250000000000e+05,1.949185937500000000e+05,2.006100781250000000e+05,2.040789843750000000e+05,2.045602656250000000e+05,2.012741562500000000e+05,1.934476562500000000e+05,1.846045937500000000e+05,1.738169218750000000e+05,1.560399531250000000e+05,1.322795625000000000e+05,1.010548515625000000e+05,5.550558593750000000e+04
6.017559765625000000e+04,6.001493750000000000e+04,5.954298437500000000e+04,5.877252343750000000e+04,5.771510937500000000e+04,5.638308203125000000e+04,5.479128906250000000e+04,5.296084375000000000e+04,5.094308203125000000e+04,4.880629687500000000e+04,4.661853906250000000e+04,4.444458203125000000e+04,4.233037890625000000e+04,4.031219921875000000e+04,3.842510937500000000e+04,3.669474609375000000e+04,3.513480078125000000e+04,3.469662890625000000e+04,3.441154687500000000e+04,3.424050781250000000e+04,3.419599218750000000e+04,3.428519140625000000e+04,3.451013281250000000e+04,3.487133984375000000e+04,3.536653906250000000e+04,3.599162109375000000e+04,3.673926562500000000e+04,3.759783593750000000e+04,3.855593750000000000e+04,3.976891406250000000e+04,4.194798828125000000e+04,4.443884765625000000e+04,4.718366796875000000e+04,5.025837890625000000e+04,5.398657812500000000e+04,5.819866796875000000e+04,6.114716796875000000e+04,6.218775390625000000e+04,6.680764062500000000e+04,7.666987500000000000e+04,6.041871484375000000e+04
1.881288250000000000e+06,1.887291000000000000e+06,1.903589500000000000e+06,1.927526750000000000e+06,1.956356125000000000e+06,1.988128500000000000e+06,2.024579500000000000e+06,2.057745625000000000e+06,2.086344375000000000e+06,2.110110000000000000e+06,2.130170750000000000e+06,2.151143500000000000e+06,2.166471250000000000e+06,2.176084750000000000e+06,2.179980000000000000e+06,2.179365750000000000e+06,2.185203500000000000e+06,2.185094750000000000e+06,2.179152750000000000e+06,2.167158500000000000e+06,2.148817250000000000e+06,2.135219250000000000e+06,2.122723250000000000e+06,2.100050000000000000e+06,2.065939375000000000e+06,2.019057375000000000e+06,1.963033500000000000e+06,1.921795875000000000e+06,1.859354625000000000e+06,1.773966250000000000e+06,1.664344250000000000e+06,1.542441125000000000e+06,1.493159750000000000e+06,1.392272250000000000e+06,1.236630750000000000e+06,1.031879437500000000e+06,8.213648125000000000e+05,6.225197500000000000e+05,3.692156562500000000e+05,9.988478125000000000e+04,1.507661254882812500e+03
4.628858000000000000e+06,4.630513500000000000e+06,4.636182000000000000e+06,4.646722500000000000e+06,4.662834000000000000e+06,4.685169500000000000e+06,4.714438500000000000e+06,4.751449500000000000e+06,4.796742500000000000e+06,4.852519500000000000e+06,4.946536500000000000e+06,5.051638500000000000e+06,5.167094000000000000e+06,5.291402500000000000e+06,5.424986000000000000e+06,5.625300000000000000e+06,5.828411000000000000e+06,6.032068500000000000e+06,6.234016500000000000e+06,6.432080000000000000e+06,6.722398500000000000e+06,7.016496500000000000e+06,7.295670500000000000e+06,7.556384000000000000e+06,7.793774500000000000e+06,8.002107000000000000e+06,8.462355000000000000e+06,9.028034000000000000e+06,9.523010000000000000e+06,9.920195000000000000e+06,1.018702700000000000e+07,1.028869200000000000e+07,1.018994900000000000e+07,9.917838000000000000e+06,9.591371000000000000e+06,8.892587000000000000e+06,7.865759500000000000e+06,6.416365500000000000e+06,4.014756000000000000e+06,1.132980625000000000e+06,2.313602734375000000e+04
4.631779687500000000e+05,4.625721875000000000e+05,4.606385937500000000e+05,4.571719687500000000e+05,4.519501250000000000e+05,4.447612187500000000e+05,4.354276250000000000e+05,4.238553125000000000e+05,4.103175000000000000e+05,3.952923750000000000e+05,3.792589375000000000e+05,3.626704375000000000e+05,3.458304687500000000e+05,3.379572187500000000e+05,3.314019062500000000e+05,3.239880625000000000e+05,3.159401250000000000e+05,3.074939687500000000e+05,2.988368750000000000e+05,2.900733750000000000e+05,2.812927812500000000e+05,2.725331875000000000e+05,2.637814062500000000e+05,2.550037500000000000e+05,2.461194531250000000e+05,2.413827812500000000e+05,2.369503437500000000e+05,2.321632812500000000e+05,2.267933593750000000e+05,2.206268906250000000e+05,2.134427500000000000e+05,2.049243437500000000e+05,1.946998750000000000e+05,1.826843750000000000e+05,1.691655156250000000e+05,1.537507656250000000e+05,1.346968281250000000e+05,1.124658125000000000e+05,9.270412500000000000e+04,7.551970312500000000e+04,4.603085546875000000e+04
1.287375125000000000e+06,1.286077125000000000e+06,1.281840750000000000e+06,1.276736250000000000e+06,1.270909625000000000e+06,1.260982125000000000e+06,1.245939750000000000e+06,1.225021250000000000e+06,1.198656000000000000e+06,1.167954500000000000e+06,1.134055000000000000e+06,1.098053250000000000e+06,1.068248750000000000e+06,1.042869000000000000e+06,1.015909437500000000e+06,9.879959375000000000e+05,9.597837500000000000e+05,9.319370000000000000e+05,9.049777500000000000e+05,8.792094375000000000e+05,8.900163750000000000e+05,9.020860000000000000e+05,9.122182500000000000e+05,9.206861250000000000e+05,9.274508125000000000e+05,9.322755625000000000e+05,9.346580625000000000e+05,9.337665000000000000e+05,9.285553750000000000e+05,9.277359375000000000e+05,9.351861250000000000e+05,9.359585000000000000e+05,9.268930000000000000e+05,9.039416875000000000e+05,8.620805625000000000e+05,7.965044375000000000e+05,7.038567500000000000e+05,5.813886250000000000e+05,4.232594062500000000e+05,2.378081562500000000e+05,8.418468750000000000e+04
8.689260937500000000e+04,8.689394531250000000e+04,8.688453906250000000e+04,8.684222656250000000e+04,8.674250000000000000e+04,8.655905468750000000e+04,8.639496875000000000e+04,8.642981250000000000e+04,8.633203125000000000e+04,8.607095312500000000e+04,8.561897656250000000e+04,8.495260156250000000e+04,8.405372656250000000e+04,8.290903125000000000e+04,8.150965625000000000e+04,8.077195312500000000e+04,7.979156250000000000e+04,7.846382812500000000e+04,7.679443750000000000e+04,7.479508593750000000e+04,7.248057031250000000e+04,6.986900000000000000e+04,6.698087500000000000e+04,6.602678125000000000e+04,6.500873046875000000e+04,6.341000000000000000e+04,6.126106250000000000e+04,5.859536328125000000e+04,5.544890625000000000e+04,5.185837109375000000e+04,4.786433203125000000e+04,4.352161328125000000e+04,3.954620312500000000e+04,3.589432421875000000e+04,3.197862109375000000e+04,2.781031640625000000e+04,2.351875195312500000e+04,1.913776757812500000e+04,1.425428417968750000e+04,8.898343750000000000e+03,5.145527832031250000e+03
2.115326406250000000e+05,2.114176562500000000e+05,2.111013437500000000e+05,2.105410625000000000e+05,2.093855937500000000e+05,2.074212343750000000e+05,2.044609218750000000e+05,2.003805781250000000e+05,1.953285156250000000e+05,1.901359687500000000e+05,1.850451406250000000e+05,1.797683750000000000e+05,1.744580781250000000e+05,1.692152968750000000e+05,1.642518281250000000e+05,1.611528750000000000e+05,1.582431406250000000e+05,1.556347031250000000e+05,1.534089062500000000e+05,1.516003125000000000e+05,1.516392812500000000e+05,1.530914531250000000e+05,1.548158593750000000e+05,1.568265000000000000e+05,1.591042031250000000e+05,1.616086875000000000e+05,1.667467031250000000e+05,1.786372343750000000e+05,1.903832187500000000e+05,2.016535156250000000e+05,2.119704062500000000e+05,2.208387656250000000e+05,2.277261250000000000e+05,2.308649218750000000e+05,2.353985312500000000e+05,2.318269062500000000e+05,2.222835781250000000e+05,2.006873125000000000e+05,1.350408593750000000e+05,3.827874218750000000e+04,1.400022949218750000e+03
6.148359000000000000e+06,6.110214500000000000e+06,6.001048500000000000e+06,5.829050500000000000e+06,5.602771500000000000e+06,5.331098000000000000e+06,5.023201500000000000e+06,4.688706000000000000e+06,4.339842500000000000e+06,3.989639000000000000e+06,3.649919500000000000e+06,3.330589750000000000e+06,3.113490750000000000e+06,2.913903750000000000e+06,2.729175500000000000e+06,2.560460000000000000e+06,2.407062750000000000e+06,2.268222750000000000e+06,2.142540500000000000e+06,2.027657500000000000e+06,1.921192125000000000e+06,1.820868375000000000e+06,1.724489750000000000e+06,1.629982750000000000e+06,1.535786875000000000e+06,1.449363500000000000e+06,1.377897500000000000e+06,1.302932000000000000e+06,1.223497500000000000e+06,1.139106000000000000e+06,1.049496125000000000e+06,9.546418125000000000e+05,8.547935625000000000e+05,7.507631875000000000e+05,6.439575625000000000e+05,5.355303125000000000e+05,4.263790625000000000e+05,3.196518750000000000e+05,2.212187187500000000e+05,1.340274062500000000e+05,6.021160546875000000e+04
9.270885937500000000e+04,9.282746875000000000e+04,9.314617968750000000e+04,9.359997656250000000e+04,9.411545312500000000e+04,9.461559375000000000e+04,9.535352343750000000e+04,9.595382031250000000e+04,9.635025781250000000e+04,9.651896093750000000e+04,9.704581250000000000e+04,9.750813281250000000e+04,9.769150000000000000e+04,9.762142968750000000e+04,9.839139843750000000e+04,9.909125000000000000e+04,9.952663281250000000e+04,9.975810937500000000e+04,1.001277109375000000e+05,1.018030000000000000e+05,1.032188515625000000e+05,1.044162500000000000e+05,1.054159218750000000e+05,1.062239218750000000e+05,1.068142968750000000e+05,1.101987187500000000e+05,1.152090937500000000e+05,1.195421796875000000e+05,1.230644609375000000e+05,1.255725937500000000e+05,1.268221640625000000e+05,1.265081015625000000e+05,1.242922421875000000e+05,1.210006171875000000e+05,1.183601796875000000e+05,1.131760546875000000e+05,1.046009843750000000e+05,9.193212500000000000e+04,7.487322656250000000e+04,5.305937500000000000e+04,2.819207617187500000e+04
2.966849250000000000e+06,2.965367000000000000e+06,2.959884000000000000e+06,2.948690000000000000e+06,2.929979000000000000e+06,2.901985000000000000e+06,2.885079750000000000e+06,2.912628750000000000e+06,2.926209750000000000e+06,2.927599000000000000e+06,2.918852000000000000e+06,2.902047000000000000e+06,2.877874750000000000e+06,2.846585750000000000e+06,2.808835750000000000e+06,2.765861250000000000e+06,2.719387500000000000e+06,2.671228000000000000e+06,2.622986000000000000e+06,2.614478750000000000e+06,2.622162500000000000e+06,2.635301750000000000e+06,2.654210750000000000e+06,2.679171250000000000e+06,2.710118750000000000e+06,2.746856750000000000e+06,2.788895250000000000e+06,2.835300000000000000e+06,2.884522500000000000e+06,2.932584000000000000e+06,2.974418250000000000e+06,3.004158500000000000e+06,3.014933250000000000e+06,2.987448750000000000e+06,2.885961750000000000e+06,2.690231250000000000e+06,2.417308250000000000e+06,2.030600875000000000e+06,1.351748500000000000e+06,5.097745625000000000e+05,7.737957031250000000e+04
2.391173000000000000e+06,2.389362500000000000e+06,2.384295000000000000e+06,2.376502500000000000e+06,2.366499500000000000e+06,2.354788000000000000e+06,2.341861000000000000e+06,2.328220250000000000e+06,2.314511750000000000e+06,2.301475500000000000e+06,2.289865000000000000e+06,2.280404750000000000e+06,2.273442500000000000e+06,2.283995500000000000e+06,2.326338750000000000e+06,2.372792500000000000e+06,2.423013000000000000e+06,2.476625500000000000e+06,2.533047750000000000e+06,2.591365000000000000e+06,2.650533000000000000e+06,2.709153750000000000e+06,2.765459500000000000e+06,2.817416750000000000e+06,2.862332000000000000e+06,2.897121500000000000e+06,2.918180750000000000e+06,2.921285000000000000e+06,2.901744750000000000e+06,2.868447750000000000e+06,2.846435250000000000e+06,2.789946750000000000e+06,2.692025000000000000e+06,2.540110250000000000e+06,2.314989750000000000e+06,2.012440000000000000e+06,1.659738625000000000e+06,1.257297500000000000e+06,7.328585625000000000e+05,2.048587812500000000e+05,9.935291015625000000e+03
2.852967750000000000e+06,2.858577000000000000e+06,2.872920250000000000e+06,2.893129750000000000e+06,2.921122250000000000e+06,2.946121000000000000e+06,2.963265750000000000e+06,2.968345750000000000e+06,2.965301250000000000e+06,2.967812250000000000e+06,2.959113250000000000e+06,2.940712250000000000e+06,2.913114750000000000e+06,2.913353500000000000e+06,2.902308750000000000e+06,2.879642000000000000e+06,2.847097500000000000e+06,2.835627250000000000e+06,2.838770500000000000e+06,2.829808750000000000e+06,2.810368750000000000e+06,2.781681000000000000e+06,2.744532250000000000e+06,2.828933500000000000e+06,2.909120750000000000e+06,2.964343000000000000e+06,2.994032750000000000e+06,2.996667000000000000e+06,2.970153250000000000e+06,2.911273000000000000e+06,2.816524750000000000e+06,2.750306750000000000e+06,2.664345250000000000e+06,2.533830000000000000e+06,2.347880750000000000e+06,2.098449000000000000e+06,1.785745125000000000e+06,1.410772000000000000e+06,9.592715625000000000e+05,4.669218750000000000e+05,1.248749296875000000e+05
1.943476875000000000e+05,1.937687812500000000e+05,1.920708125000000000e+05,1.893003437500000000e+05,1.854971093750000000e+05,1.807038281250000000e+05,1.749744531250000000e+05,1.683889218750000000e+05,1.611377500000000000e+05,1.534747031250000000e+05,1.456552968750000000e+05,1.379804687500000000e+05,1.320670000000000000e+05,1.263151328125000000e+05,1.208582890625000000e+05,1.158019921875000000e+05,1.112087343750000000e+05,1.071356484375000000e+05,1.036097968750000000e+05,1.006152812500000000e+05,1.007718359375000000e+05,1.024014765625000000e+05,1.041581250000000000e+05,1.060367421875000000e+05,1.079989765625000000e+05,1.099811484375000000e+05,1.118900781250000000e+05,1.135986953125000000e+05,1.149535312500000000e+05,1.157582421875000000e+05,1.160302500000000000e+05,1.180275156250000000e+05,1.191120859375000000e+05,1.188669765625000000e+05,1.168286328125000000e+05,1.123321328125000000e+05,1.043324609375000000e+05,9.216571875000000000e+04,7.627998437500000000e+04,5.646000000000000000e+04,3.167888867187500000e+04
3.272168250000000000e+06,3.265470000000000000e+06,3.245887750000000000e+06,3.214139000000000000e+06,3.170890750000000000e+06,3.116783000000000000e+06,3.052452000000000000e+06,2.980767750000000000e+06,2.907658500000000000e+06,2.828248750000000000e+06,2.744139250000000000e+06,2.656944500000000000e+06,2.567993750000000000e+06,2.478503250000000000e+06,2.389732250000000000e+06,2.302710750000000000e+06,2.232701750000000000e+06,2.167595000000000000e+06,2.104446500000000000e+06,2.043318500000000000e+06,1.984242875000000000e+06,1.926911250000000000e+06,1.872103125000000000e+06,1.843159000000000000e+06,1.810959125000000000e+06,1.774348125000000000e+06,1.731936250000000000e+06,1.682055750000000000e+06,1.622954625000000000e+06,1.608861000000000000e+06,1.610195500000000000e+06,1.583439750000000000e+06,1.525061625000000000e+06,1.431725625000000000e+06,1.300153625000000000e+06,1.160145125000000000e+06,1.015140062500000000e+06,8.340513125000000000e+05,6.077262500000000000e+05,3.383449375000000000e+05,1.091527109375000000e+05
2.008194375000000000e+06,2.005346625000000000e+06,1.996953125000000000e+06,1.983195625000000000e+06,1.964216875000000000e+06,1.940141500000000000e+06,1.911096500000000000e+06,1.880649750000000000e+06,1.848439875000000000e+06,1.813242500000000000e+06,1.775990875000000000e+06,1.737623000000000000e+06,1.698894500000000000e+06,1.660493875000000000e+06,1.623150000000000000e+06,1.589004750000000000e+06,1.567979375000000000e+06,1.548985750000000000e+06,1.532493125000000000e+06,1.518792875000000000e+06,1.508181125000000000e+06,1.500818125000000000e+06,1.504710375000000000e+06,1.525837125000000000e+06,1.549235375000000000e+06,1.574654750000000000e+06,1.601591125000000000e+06,1.629181750000000000e+06,1.656129000000000000e+06,1.769949125000000000e+06,1.887387500000000000e+06,1.992650500000000000e+06,2.078637250000000000e+06,2.129402500000000000e+06,2.115838500000000000e+06,2.092369250000000000e+06,2.035178875000000000e+06,1.866976125000000000e+06,1.395984625000000000e+06,6.086873750000000000e+05,9.358449218750000000e+04
3.052604000000000000e+06,3.048938250000000000e+06,3.037833000000000000e+06,3.019055000000000000e+06,2.992317250000000000e+06,2.957329750000000000e+06,2.913844000000000000e+06,2.861767250000000000e+06,2.842957500000000000e+06,2.837866500000000000e+06,2.826234250000000000e+06,2.808453750000000000e+06,2.784644500000000000e+06,2.754900250000000000e+06,2.719539250000000000e+06,2.679017500000000000e+06,2.633825250000000000e+06,2.584514250000000000e+06,2.531470750000000000e+06,2.474775000000000000e+06,2.414465000000000000e+06,2.350339500000000000e+06,2.281971500000000000e+06,2.208869500000000000e+06,2.163489500000000000e+06,2.112800000000000000e+06,2.055096750000000000e+06,1.988858250000000000e+06,1.912548750000000000e+06,1.824580125000000000e+06,1.723448250000000000e+06,1.607826750000000000e+06,1.476714625000000000e+06,1.329511000000000000e+06,1.166156750000000000e+06,9.879580000000000000e+05,7.987978750000000000e+05,6.040114375000000000e+05,4.078190000000000000e+05,2.230545781250000000e+05,8.429810156250000000e+04
1.504176500000000000e+06,1.500527125000000000e+06,1.489744875000000000e+06,1.472063250000000000e+06,1.447718250000000000e+06,1.420980500000000000e+06,1.391335375000000000e+06,1.355995375000000000e+06,1.315827250000000000e+06,1.272163625000000000e+06,1.226339750000000000e+06,1.179639375000000000e+06,1.133039250000000000e+06,1.087365500000000000e+06,1.043433000000000000e+06,1.001923312500000000e+06,9.633391250000000000e+05,9.281513125000000000e+05,8.966682500000000000e+05,8.769067500000000000e+05,8.781800625000000000e+05,8.820242500000000000e+05,8.886720000000000000e+05,8.983202500000000000e+05,9.110080000000000000e+05,9.266997500000000000e+05,9.452745000000000000e+05,9.664921250000000000e+05,9.899086250000000000e+05,1.014320812500000000e+06,1.038153812500000000e+06,1.077476375000000000e+06,1.129473500000000000e+06,1.178622250000000000e+06,1.210628500000000000e+06,1.213635250000000000e+06,1.186925000000000000e+06,1.099661125000000000e+06,8.282953750000000000e+05,3.736631875000000000e+05,7.331428906250000000e+04
6.317481250000000000e+05,6.298075625000000000e+05,6.242830625000000000e+05,6.156115000000000000e+05,6.042190000000000000e+05,5.905234375000000000e+05,5.749370000000000000e+05,5.578825000000000000e+05,5.399319375000000000e+05,5.221764375000000000e+05,5.053815312500000000e+05,4.895558125000000000e+05,4.750511250000000000e+05,4.621053750000000000e+05,4.509679687500000000e+05,4.417913750000000000e+05,4.347277187500000000e+05,4.317212187500000000e+05,4.306177500000000000e+05,4.313291250000000000e+05,4.337638437500000000e+05,4.378049062500000000e+05,4.435466875000000000e+05,4.548585000000000000e+05,4.673083437500000000e+05,4.806987812500000000e+05,4.947749062500000000e+05,5.092077812500000000e+05,5.310465625000000000e+05,5.548935000000000000e+05,5.767800000000000000e+05,5.952295625000000000e+05,6.084848750000000000e+05,6.638923125000000000e+05,7.015496250000000000e+05,7.102685625000000000e+05,6.864243125000000000e+05,6.490151250000000000e+05,5.306920000000000000e+05,2.870544687500000000e+05,7.254247656250000000e+04
4.262636000000000000e+06,4.259277000000000000e+06,4.247672000000000000e+06,4.225325000000000000e+06,4.189619000000000000e+06,4.137996250000000000e+06,4.068128750000000000e+06,3.978333000000000000e+06,3.870120500000000000e+06,3.746814250000000000e+06,3.611760750000000000e+06,3.468138500000000000e+06,3.318118000000000000e+06,3.228165000000000000e+06,3.154265250000000000e+06,3.068966250000000000e+06,2.973909000000000000e+06,2.870891000000000000e+06,2.761479250000000000e+06,2.646813000000000000e+06,2.528006750000000000e+06,2.405937000000000000e+06,2.281234250000000000e+06,2.154442500000000000e+06,2.025848750000000000e+06,1.895643375000000000e+06,1.770159875000000000e+06,1.668667500000000000e+06,1.564530000000000000e+06,1.457206625000000000e+06,1.346223375000000000e+06,1.230968375000000000e+06,1.110873125000000000e+06,9.863704375000000000e+05,8.590040625000000000e+05,7.288210625000000000e+05,5.934751250000000000e+05,4.566093437500000000e+05,3.323843437500000000e+05,2.225165625000000000e+05,1.089938359375000000e+05
2.554635500000000000e+06,2.545267500000000000e+06,2.518217500000000000e+06,2.475050750000000000e+06,2.417335250000000000e+06,2.346665250000000000e+06,2.264683500000000000e+06,2.173165500000000000e+06,2.074686000000000000e+06,1.972248250000000000e+06,1.868792500000000000e+06,1.767066125000000000e+06,1.668929750000000000e+06,1.575752750000000000e+06,1.488794375000000000e+06,1.416833125000000000e+06,1.351327000000000000e+06,1.291981375000000000e+06,1.238576625000000000e+06,1.190394875000000000e+06,1.146688625000000000e+06,1.106494375000000000e+06,1.068661250000000000e+06,1.036677312500000000e+06,1.012680562500000000e+06,9.863301875000000000e+05,9.563255000000000000e+05,9.213954375000000000e+05,8.803081250000000000e+05,8.318721875000000000e+05,7.986243125000000000e+05,7.752376250000000000e+05,7.341061875000000000e+05,6.737455625000000000e+05,5.922577500000000000e+05,4.918624687500000000e+05,4.009330625000000000e+05,3.059105625000000000e+05,1.854657968750000000e+05,5.646814453125000000e+04,3.228582031250000000e+03
6.186550000000000000e+06,6.186380500000000000e+06,6.182556000000000000e+06,6.169643000000000000e+06,6.141924000000000000e+06,6.093788000000000000e+06,6.065221000000000000e+06,6.024412000000000000e+06,5.950555500000000000e+06,5.846934500000000000e+06,5.717387500000000000e+06,5.566009000000000000e+06,5.395902500000000000e+06,5.209894000000000000e+06,5.011164500000000000e+06,4.924257000000000000e+06,4.864645000000000000e+06,4.778836500000000000e+06,4.671761000000000000e+06,4.547263000000000000e+06,4.408738000000000000e+06,4.258555500000000000e+06,4.098132750000000000e+06,3.928397000000000000e+06,3.749174750000000000e+06,3.559875500000000000e+06,3.359622500000000000e+06,3.158512250000000000e+06,2.994588500000000000e+06,2.815522250000000000e+06,2.618289500000000000e+06,2.400930000000000000e+06,2.162524250000000000e+06,1.900768875000000000e+06,1.611941500000000000e+06,1.301257250000000000e+06,9.904300625000000000e+05,6.885280000000000000e+05,3.713151875000000000e+05,9.713891406250000000e+04,4.588665527343750000e+03
2.339584375000000000e+04,2.333957031250000000e+04,2.317462500000000000e+04,2.290606445312500000e+04,2.253835351562500000e+04,2.207586523437500000e+04,2.153690039062500000e+04,2.093951367187500000e+04,2.027342773437500000e+04,1.955874804687500000e+04,1.881586718750000000e+04,1.806471679687500000e+04,1.732064062500000000e+04,1.659687304687500000e+04,1.598822167968750000e+04,1.541879785156250000e+04,1.489385156250000000e+04,1.442199609375000000e+04,1.400975976562500000e+04,1.367561914062500000e+04,1.352374707031250000e+04,1.343005468750000000e+04,1.339735351562500000e+04,1.342855664062500000e+04,1.352661035156250000e+04,1.381116308593750000e+04,1.429039843750000000e+04,1.484229589843750000e+04,1.547359765625000000e+04,1.620613769531250000e+04,1.706548632812500000e+04,1.923244921875000000e+04,2.162772851562500000e+04,2.431445312500000000e+04,2.775298632812500000e+04,3.194929296875000000e+04,3.658872265625000000e+04,4.185856250000000000e+04,5.768454687500000000e+04,9.810256250000000000e+04,1.048449921875000000e+05
3.681010750000000000e+06,3.686697000000000000e+06,3.702597500000000000e+06,3.726785500000000000e+06,3.757167750000000000e+06,3.796040750000000000e+06,3.843745000000000000e+06,3.892001250000000000e+06,3.939766500000000000e+06,3.986925500000000000e+06,4.044059000000000000e+06,4.120326500000000000e+06,4.195391500000000000e+06,4.268449500000000000e+06,4.338908500000000000e+06,4.460941500000000000e+06,4.576188000000000000e+06,4.683710000000000000e+06,4.782420500000000000e+06,4.891376500000000000e+06,5.054968000000000000e+06,5.197993000000000000e+06,5.317472500000000000e+06,5.409931000000000000e+06,5.470936500000000000e+06,5.552888500000000000e+06,5.828374500000000000e+06,6.033384000000000000e+06,6.156758000000000000e+06,6.184645500000000000e+06,6.102825500000000000e+06,5.900190000000000000e+06,5.569841500000000000e+06,5.205189500000000000e+06,4.760553500000000000e+06,4.150309250000000000e+06,3.424637750000000000e+06,2.585267750000000000e+06,1.485664000000000000e+06,3.724164062500000000e+05,4.460922363281250000e+03
4.725198750000000000e+05,4.723509375000000000e+05,4.716891562500000000e+05,4.702806562500000000e+05,4.678564062500000000e+05,4.641485312500000000e+05,4.589052812500000000e+05,4.519298750000000000e+05,4.433257187500000000e+05,4.333691250000000000e+05,4.239580937500000000e+05,4.244177812500000000e+05,4.237127500000000000e+05,4.217860000000000000e+05,4.186415000000000000e+05,4.143737187500000000e+05,4.091605000000000000e+05,4.032083437500000000e+05,3.967131562500000000e+05,3.898375625000000000e+05,3.827461250000000000e+05,3.755700312500000000e+05,3.684035937500000000e+05,3.668052812500000000e+05,3.672439687500000000e+05,3.680960312500000000e+05,3.691731562500000000e+05,3.701873125000000000e+05,3.707767812500000000e+05,3.703672812500000000e+05,3.682778125000000000e+05,3.636576562500000000e+05,3.555246250000000000e+05,3.424707812500000000e+05,3.225975000000000000e+05,2.945918750000000000e+05,2.584663125000000000e+05,2.133698593750000000e+05,1.552617500000000000e+05,8.889645312500000000e+04,3.635116406250000000e+04
2.845240750000000000e+06,2.846273500000000000e+06,2.848995000000000000e+06,2.852703750000000000e+06,2.856573000000000000e+06,2.859714500000000000e+06,2.861237000000000000e+06,2.860318250000000000e+06,2.856461000000000000e+06,2.879354250000000000e+06,2.904650500000000000e+06,2.925521750000000000e+06,2.941998250000000000e+06,2.954467000000000000e+06,2.963488000000000000e+06,2.969812000000000000e+06,2.974313250000000000e+06,3.085444500000000000e+06,3.198158500000000000e+06,3.303720500000000000e+06,3.403572250000000000e+06,3.498816000000000000e+06,3.590179750000000000e+06,3.678038750000000000e+06,3.761688000000000000e+06,3.839827000000000000e+06,3.910107750000000000e+06,3.968777750000000000e+06,4.010946500000000000e+06,4.091897500000000000e+06,4.169994500000000000e+06,4.216180000000000000e+06,4.216880500000000000e+06,4.146155000000000000e+06,3.961815500000000000e+06,3.638358250000000000e+06,3.193436250000000000e+06,2.598972250000000000e+06,1.691763750000000000e+06,6.275685000000000000e+05,8.520077343750000000e+04
3.164873250000000000e+06,3.158735500000000000e+06,3.140505500000000000e+06,3.110305750000000000e+06,3.068144250000000000e+06,3.014522000000000000e+06,2.966378750000000000e+06,2.906942250000000000e+06,2.837305500000000000e+06,2.759613250000000000e+06,2.676218000000000000e+06,2.589560500000000000e+06,2.501474000000000000e+06,2.432909500000000000e+06,2.379988000000000000e+06,2.326701000000000000e+06,2.274480750000000000e+06,2.224810500000000000e+06,2.178850000000000000e+06,2.137205500000000000e+06,2.182030000000000000e+06,2.247422250000000000e+06,2.309267750000000000e+06,2.368172250000000000e+06,2.423929250000000000e+06,2.475731500000000000e+06,2.521997000000000000e+06,2.560202000000000000e+06,2.586944000000000000e+06,2.662307250000000000e+06,2.729100500000000000e+06,2.774238000000000000e+06,2.787291500000000000e+06,2.749026750000000000e+06,2.628725000000000000e+06,2.408426000000000000e+06,2.103175000000000000e+06,1.695848875000000000e+06,1.072674500000000000e+06,3.581984062500000000e+05,3.450176171875000000e+04
1.790804375000000000e+06,1.793719875000000000e+06,1.801159250000000000e+06,1.810919750000000000e+06,1.821897625000000000e+06,1.835476625000000000e+06,1.844192250000000000e+06,1.845227125000000000e+06,1.837495000000000000e+06,1.832727250000000000e+06,1.813115875000000000e+06,1.777756000000000000e+06,1.733677625000000000e+06,1.690712625000000000e+06,1.632374250000000000e+06,1.561471500000000000e+06,1.481180625000000000e+06,1.394498000000000000e+06,1.321731250000000000e+06,1.243381500000000000e+06,1.162046875000000000e+06,1.079826750000000000e+06,9.982517500000000000e+05,9.184975000000000000e+05,8.412364375000000000e+05,7.668950000000000000e+05,7.088405625000000000e+05,6.660871875000000000e+05,6.211394375000000000e+05,5.743314375000000000e+05,5.259251250000000000e+05,4.760031562500000000e+05,4.246316562500000000e+05,3.723353750000000000e+05,3.240617500000000000e+05,2.845829687500000000e+05,2.425840937500000000e+05,1.982220937500000000e+05,1.591680000000000000e+05,1.250747031250000000e+05,7.225908593750000000e+04
1.752147968750000000e+05,1.748290000000000000e+05,1.737066250000000000e+05,1.718780312500000000e+05,1.693566093750000000e+05,1.661532968750000000e+05,1.625228125000000000e+05,1.585697656250000000e+05,1.540778906250000000e+05,1.491991406250000000e+05,1.441213125000000000e+05,1.399182187500000000e+05,1.359109531250000000e+05,1.320478125000000000e+05,1.284675156250000000e+05,1.256699921875000000e+05,1.242191562500000000e+05,1.230886250000000000e+05,1.223326796875000000e+05,1.219623671875000000e+05,1.219723359375000000e+05,1.232698203125000000e+05,1.256587421875000000e+05,1.282093906250000000e+05,1.308604609375000000e+05,1.335270156250000000e+05,1.360922500000000000e+05,1.384015625000000000e+05,1.435949531250000000e+05,1.522833750000000000e+05,1.598218281250000000e+05,1.656288281250000000e+05,1.690235781250000000e+05,1.688910625000000000e+05,1.635236093750000000e+05,1.569568437500000000e+05,1.477030468750000000e+05,1.313635781250000000e+05,9.939692968750000000e+04,5.144350390625000000e+04,1.585890820312500000e+04
2.672861250000000000e+06,2.671722750000000000e+06,2.667744000000000000e+06,2.659939750000000000e+06,2.653248750000000000e+06,2.657203750000000000e+06,2.654798500000000000e+06,2.644353750000000000e+06,2.627835500000000000e+06,2.609248250000000000e+06,2.592600250000000000e+06,2.581566500000000000e+06,2.577164500000000000e+06,2.579169750000000000e+06,2.587476250000000000e+06,2.692530000000000000e+06,2.812306500000000000e+06,2.936932500000000000e+06,3.066154500000000000e+06,3.199158000000000000e+06,3.334879750000000000e+06,3.472362750000000000e+06,3.610748250000000000e+06,3.749007250000000000e+06,3.886018750000000000e+06,4.048197500000000000e+06,4.279275500000000000e+06,4.524014500000000000e+06,4.780647000000000000e+06,5.042456500000000000e+06,5.300069000000000000e+06,5.544594500000000000e+06,5.766376500000000000e+06,5.917668000000000000e+06,5.894425000000000000e+06,5.639177500000000000e+06,5.224392000000000000e+06,4.519160500000000000e+06,2.837826000000000000e+06,6.867065625000000000e+05,4.245281250000000000e+03
9.828667968750000000e+04,9.839567187500000000e+04,9.872053906250000000e+04,9.962815625000000000e+04,1.007464687500000000e+05,1.019845859375000000e+05,1.032548828125000000e+05,1.044797265625000000e+05,1.056296953125000000e+05,1.067077890625000000e+05,1.088084140625000000e+05,1.114154609375000000e+05,1.139079375000000000e+05,1.162747812500000000e+05,1.185085625000000000e+05,1.206108203125000000e+05,1.225905546875000000e+05,1.286450156250000000e+05,1.355633125000000000e+05,1.420754843750000000e+05,1.481909843750000000e+05,1.539057656250000000e+05,1.592018750000000000e+05,1.640480312500000000e+05,1.683800625000000000e+05,1.721150156250000000e+05,1.751366562500000000e+05,1.772856718750000000e+05,1.810216562500000000e+05,1.852972343750000000e+05,1.887604375000000000e+05,1.910072187500000000e+05,1.914757500000000000e+05,1.898140000000000000e+05,1.860266875000000000e+05,1.791962187500000000e+05,1.662566875000000000e+05,1.467331406250000000e+05,1.280878906250000000e+05,1.104416171875000000e+05,6.828271093750000000e+04
7.601517000000000000e+06,7.628176000000000000e+06,7.701911500000000000e+06,7.813378500000000000e+06,8.034747000000000000e+06,8.477705000000000000e+06,8.957320000000000000e+06,9.449741000000000000e+06,9.942176000000000000e+06,1.042881100000000000e+07,1.090367800000000000e+07,1.136066300000000000e+07,1.179424100000000000e+07,1.219914400000000000e+07,1.257009800000000000e+07,1.307730800000000000e+07,1.363770300000000000e+07,1.418284900000000000e+07,1.471192000000000000e+07,1.522515900000000000e+07,1.572437100000000000e+07,1.621078900000000000e+07,1.668492800000000000e+07,1.714728200000000000e+07,1.759281000000000000e+07,1.801421400000000000e+07,1.839965400000000000e+07,1.873033400000000000e+07,1.898187600000000000e+07,1.911096400000000000e+07,1.906712600000000000e+07,1.879943400000000000e+07,1.825709400000000000e+07,1.733078400000000000e+07,1.584444400000000000e+07,1.376826900000000000e+07,1.135004400000000000e+07,8.566094000000000000e+06,4.782645500000000000e+06,1.112704875000000000e+06,1.311463574218750000e+04
2.448596500000000000e+06,2.447322000000000000e+06,2.443028000000000000e+06,2.434857000000000000e+06,2.421817750000000000e+06,2.410114750000000000e+06,2.401000750000000000e+06,2.384557750000000000e+06,2.359539000000000000e+06,2.325186750000000000e+06,2.281155000000000000e+06,2.227599000000000000e+06,2.180056000000000000e+06,2.138363250000000000e+06,2.087357375000000000e+06,2.029175625000000000e+06,1.966217625000000000e+06,1.900780500000000000e+06,1.834937500000000000e+06,1.770464000000000000e+06,1.708915875000000000e+06,1.683104000000000000e+06,1.680260000000000000e+06,1.678762250000000000e+06,1.679963750000000000e+06,1.684914375000000000e+06,1.694360000000000000e+06,1.708691625000000000e+06,1.727897750000000000e+06,1.750350375000000000e+06,1.773791250000000000e+06,1.796453000000000000e+06,1.833277375000000000e+06,1.898692750000000000e+06,1.935095750000000000e+06,1.924349875000000000e+06,1.881610000000000000e+06,1.750446375000000000e+06,1.247200500000000000e+06,4.181726875000000000e+05,2.619726171875000000e+04
2.076952968750000000e+05,2.073734531250000000e+05,2.064733437500000000e+05,2.050826250000000000e+05,2.032795156250000000e+05,2.011962812500000000e+05,2.000697656250000000e+05,1.988370468750000000e+05,1.975414843750000000e+05,1.962466718750000000e+05,1.950424062500000000e+05,1.940344843750000000e+05,1.932692656250000000e+05,1.956024375000000000e+05,1.979976406250000000e+05,2.004439218750000000e+05,2.028967031250000000e+05,2.053005781250000000e+05,2.075850937500000000e+05,2.096587656250000000e+05,2.184265000000000000e+05,2.283440468750000000e+05,2.372188593750000000e+05,2.449201718750000000e+05,2.513056093750000000e+05,2.562171093750000000e+05,2.594702343750000000e+05,2.608538437500000000e+05,2.601500468750000000e+05,2.571457968750000000e+05,2.534538125000000000e+05,2.517822500000000000e+05,2.476092343750000000e+05,2.406783125000000000e+05,2.311903750000000000e+05,2.183066875000000000e+05,1.988105625000000000e+05,1.724828281250000000e+05,1.480069218750000000e+05,1.256707890625000000e+05,7.668213281250000000e+04
2.987535750000000000e+06,2.973543750000000000e+06,2.934428250000000000e+06,2.874380750000000000e+06,2.797478750000000000e+06,2.707718000000000000e+06,2.609042750000000000e+06,2.505391500000000000e+06,2.400942750000000000e+06,2.300015250000000000e+06,2.218236750000000000e+06,2.154230750000000000e+06,2.101965750000000000e+06,2.061535250000000000e+06,2.033225250000000000e+06,2.016804750000000000e+06,2.017445750000000000e+06,2.051626250000000000e+06,2.092925125000000000e+06,2.140263500000000000e+06,2.192343000000000000e+06,2.248004250000000000e+06,2.306211500000000000e+06,2.400847000000000000e+06,2.577587000000000000e+06,2.753516750000000000e+06,2.927418250000000000e+06,3.097760000000000000e+06,3.262036750000000000e+06,3.414422750000000000e+06,3.547263750000000000e+06,3.652264500000000000e+06,3.819797250000000000e+06,3.971509750000000000e+06,4.028428250000000000e+06,3.945993000000000000e+06,3.737845250000000000e+06,3.310098250000000000e+06,2.241199250000000000e+06,7.030758750000000000e+05,3.108188671875000000e+04
1.072440078125000000e+05,1.073084609375000000e+05,1.074784843750000000e+05,1.077123437500000000e+05,1.079625703125000000e+05,1.081796718750000000e+05,1.083153437500000000e+05,1.083282109375000000e+05,1.082152421875000000e+05,1.079997031250000000e+05,1.085040000000000000e+05,1.091914531250000000e+05,1.098222578125000000e+05,1.104081328125000000e+05,1.109683750000000000e+05,1.115260078125000000e+05,1.137789453125000000e+05,1.160421171875000000e+05,1.182583671875000000e+05,1.204471953125000000e+05,1.226238203125000000e+05,1.247952109375000000e+05,1.269592890625000000e+05,1.348475468750000000e+05,1.426743593750000000e+05,1.503036250000000000e+05,1.576854531250000000e+05,1.647213125000000000e+05,1.712698750000000000e+05,1.770826250000000000e+05,1.818435937500000000e+05,1.850970312500000000e+05,1.903416406250000000e+05,1.952194062500000000e+05,1.972807968750000000e+05,1.950150156250000000e+05,1.863626718750000000e+05,1.689700156250000000e+05,1.400863750000000000e+05,9.809193750000000000e+04,4.877336328125000000e+04
5.379620500000000000e+06,5.388698000000000000e+06,5.414402000000000000e+06,5.454406000000000000e+06,5.506348500000000000e+06,5.567847000000000000e+06,5.636511500000000000e+06,5.710055500000000000e+06,5.802925000000000000e+06,5.923133500000000000e+06,6.047418000000000000e+06,6.174926500000000000e+06,6.304605500000000000e+06,6.435323500000000000e+06,6.566014500000000000e+06,6.696009500000000000e+06,6.883968500000000000e+06,7.098658000000000000e+06,7.311172500000000000e+06,7.521644000000000000e+06,7.730232000000000000e+06,7.937214000000000000e+06,8.142956500000000000e+06,8.347670000000000000e+06,8.770488000000000000e+06,9.352150000000000000e+06,9.937606000000000000e+06,1.052438400000000000e+07,1.110690200000000000e+07,1.166743300000000000e+07,1.218162500000000000e+07,1.262329100000000000e+07,1.296323300000000000e+07,1.352046400000000000e+07,1.382288800000000000e+07,1.367636300000000000e+07,1.314118000000000000e+07,1.184507700000000000e+07,8.078791500000000000e+06,2.421749500000000000e+06,6.186677343750000000e+04
9.842087500000000000e+04,9.788257031250000000e+04,9.635864062500000000e+04,9.399030468750000000e+04,9.092213281250000000e+04,8.729875781250000000e+04,8.326227343750000000e+04,7.895241406250000000e+04,7.452626562500000000e+04,7.014480468750000000e+04,6.595661718750000000e+04,6.209050390625000000e+04,5.860470703125000000e+04,5.552370703125000000e+04,5.304164062500000000e+04,5.119686328125000000e+04,4.973028906250000000e+04,4.862424609375000000e+04,4.785374609375000000e+04,4.738054296875000000e+04,4.716701562500000000e+04,4.717417187500000000e+04,4.736069531250000000e+04,4.768448437500000000e+04,4.810435546875000000e+04,4.918067968750000000e+04,5.161046875000000000e+04,5.405070312500000000e+04,5.643903125000000000e+04,5.871356640625000000e+04,6.080005468750000000e+04,6.254409375000000000e+04,6.372676171875000000e+04,6.427701171875000000e+04,6.639994531250000000e+04,6.906678125000000000e+04,6.995807812500000000e+04,6.858116406250000000e+04,7.140342968750000000e+04,8.158453906250000000e+04,6.548166796875000000e+04
5.302256000000000000e+06,5.286980500000000000e+06,5.243710000000000000e+06,5.175885000000000000e+06,5.086711500000000000e+06,4.979466500000000000e+06,4.857730000000000000e+06,4.737851500000000000e+06,4.624308000000000000e+06,4.512765500000000000e+06,4.410608500000000000e+06,4.324890500000000000e+06,4.257511000000000000e+06,4.233629000000000000e+06,4.242697000000000000e+06,4.265511000000000000e+06,4.299813000000000000e+06,4.343015500000000000e+06,4.391964500000000000e+06,4.510493000000000000e+06,4.626634500000000000e+06,4.732240500000000000e+06,4.822659000000000000e+06,4.892773000000000000e+06,4.937319000000000000e+06,5.052428000000000000e+06,5.279899500000000000e+06,5.447593000000000000e+06,5.545012000000000000e+06,5.560296000000000000e+06,5.481627500000000000e+06,5.299344000000000000e+06,5.007039000000000000e+06,4.709674500000000000e+06,4.342569000000000000e+06,3.840898500000000000e+06,3.226279250000000000e+06,2.499634000000000000e+06,1.578767875000000000e+06,5.889053750000000000e+05,7.787110156250000000e+04
3.808371000000000000e+06,3.804289250000000000e+06,3.792813000000000000e+06,3.779125500000000000e+06,3.761323250000000000e+06,3.739379750000000000e+06,3.713635750000000000e+06,3.684668750000000000e+06,3.654255000000000000e+06,3.625010500000000000e+06,3.608868250000000000e+06,3.602803500000000000e+06,3.604757750000000000e+06,3.615260000000000000e+06,3.637022000000000000e+06,3.693204750000000000e+06,3.757836500000000000e+06,3.830732000000000000e+06,3.911457000000000000e+06,4.031897750000000000e+06,4.174065500000000000e+06,4.319758000000000000e+06,4.468055500000000000e+06,4.617800000000000000e+06,4.856655000000000000e+06,5.096468500000000000e+06,5.331850500000000000e+06,5.560901000000000000e+06,5.780185500000000000e+06,6.249134500000000000e+06,6.826074000000000000e+06,7.359539500000000000e+06,7.830953000000000000e+06,8.169745500000000000e+06,8.223750000000000000e+06,8.212283000000000000e+06,8.088772500000000000e+06,7.506786500000000000e+06,5.161637500000000000e+06,1.398022625000000000e+06,5.604060546875000000e+03
9.602005000000000000e+06,9.630563000000000000e+06,9.709216000000000000e+06,9.826656000000000000e+06,9.970866000000000000e+06,1.012951900000000000e+07,1.029034100000000000e+07,1.044159700000000000e+07,1.057390500000000000e+07,1.067999300000000000e+07,1.075398200000000000e+07,1.079193600000000000e+07,1.079528300000000000e+07,1.076807100000000000e+07,1.071463100000000000e+07,1.074319600000000000e+07,1.079790000000000000e+07,1.083443500000000000e+07,1.085411200000000000e+07,1.085720000000000000e+07,1.084416400000000000e+07,1.081338400000000000e+07,1.076120000000000000e+07,1.068342600000000000e+07,1.057311600000000000e+07,1.042228100000000000e+07,1.022190200000000000e+07,9.961660000000000000e+06,9.630853000000000000e+06,9.216902000000000000e+06,8.708008000000000000e+06,8.097247500000000000e+06,7.382478000000000000e+06,6.555329500000000000e+06,5.602026000000000000e+06,4.547756000000000000e+06,3.480909500000000000e+06,2.433370000000000000e+06,1.319483750000000000e+06,3.635720000000000000e+05,2.334095312500000000e+04
5.063690500000000000e+06,5.060282500000000000e+06,5.049116500000000000e+06,5.028195500000000000e+06,4.995092500000000000e+06,4.947348500000000000e+06,4.882805000000000000e+06,4.799996500000000000e+06,4.699571500000000000e+06,4.583874500000000000e+06,4.456137500000000000e+06,4.457491500000000000e+06,4.478222500000000000e+06,4.475309500000000000e+06,4.454105000000000000e+06,4.420157000000000000e+06,4.378686500000000000e+06,4.334388500000000000e+06,4.290724500000000000e+06,4.249533500000000000e+06,4.212003500000000000e+06,4.177853500000000000e+06,4.145507500000000000e+06,4.112837500000000000e+06,4.098007750000000000e+06,4.112959750000000000e+06,4.120092000000000000e+06,4.113574500000000000e+06,4.086707250000000000e+06,4.030525000000000000e+06,3.935238750000000000e+06,3.792022250000000000e+06,3.592994000000000000e+06,3.323995500000000000e+06,2.964068750000000000e+06,2.514327750000000000e+06,2.017613625000000000e+06,1.481690125000000000e+06,8.290999375000000000e+05,2.156376406250000000e+05,8.117661132812500000e+03
9.868780000000000000e+05,9.805070625000000000e+05,9.624857500000000000e+05,9.343955000000000000e+05,8.978305000000000000e+05,8.544808125000000000e+05,8.061746875000000000e+05,7.549054375000000000e+05,7.030313750000000000e+05,6.529587500000000000e+05,6.143906250000000000e+05,5.808210625000000000e+05,5.522808125000000000e+05,5.283343125000000000e+05,5.086264375000000000e+05,4.926575625000000000e+05,4.796768750000000000e+05,4.829639687500000000e+05,4.944049375000000000e+05,5.046129687500000000e+05,5.128827187500000000e+05,5.185943125000000000e+05,5.212384062500000000e+05,5.202888750000000000e+05,5.154114062500000000e+05,5.063519062500000000e+05,4.946019062500000000e+05,4.882906875000000000e+05,4.779921875000000000e+05,4.634159687500000000e+05,4.443437500000000000e+05,4.205485625000000000e+05,3.918508437500000000e+05,3.584364687500000000e+05,3.209196875000000000e+05,2.794465937500000000e+05,2.333435312500000000e+05,1.841491562500000000e+05,1.371920156250000000e+05,9.346860937500000000e+04,4.786296093750000000e+04
4.529269000000000000e+06,4.533991500000000000e+06,4.544409000000000000e+06,4.554509500000000000e+06,4.558063500000000000e+06,4.639601000000000000e+06,4.778018500000000000e+06,4.884523500000000000e+06,4.954705500000000000e+06,4.991758500000000000e+06,4.999779500000000000e+06,4.983288500000000000e+06,4.945366500000000000e+06,4.888602000000000000e+06,4.816030000000000000e+06,4.731816500000000000e+06,4.641142500000000000e+06,4.581248000000000000e+06,4.556918000000000000e+06,4.536655500000000000e+06,4.522543500000000000e+06,4.515711500000000000e+06,4.516375500000000000e+06,4.524447000000000000e+06,4.537935500000000000e+06,4.554048500000000000e+06,4.568794500000000000e+06,4.576460500000000000e+06,4.570038000000000000e+06,4.538501000000000000e+06,4.469378000000000000e+06,4.350866000000000000e+06,4.171840250000000000e+06,3.909259750000000000e+06,3.526967750000000000e+06,3.022875500000000000e+06,2.457150000000000000e+06,1.829176000000000000e+06,1.007601187500000000e+06,2.323458125000000000e+05,3.547534912109375000e+03
4.754234687500000000e+05,4.733122187500000000e+05,4.673693437500000000e+05,4.581922500000000000e+05,4.463872187500000000e+05,4.325628437500000000e+05,4.173237500000000000e+05,4.012709375000000000e+05,3.850540625000000000e+05,3.693253750000000000e+05,3.546945000000000000e+05,3.433483437500000000e+05,3.374115937500000000e+05,3.329786562500000000e+05,3.299778750000000000e+05,3.282693750000000000e+05,3.276069062500000000e+05,3.277314062500000000e+05,3.283551250000000000e+05,3.291478125000000000e+05,3.297598437500000000e+05,3.298562187500000000e+05,3.291158437500000000e+05,3.272120312500000000e+05,3.238487187500000000e+05,3.187421875000000000e+05,3.116309062500000000e+05,3.022911250000000000e+05,2.905274375000000000e+05,2.812502500000000000e+05,2.700651250000000000e+05,2.562195312500000000e+05,2.395047812500000000e+05,2.196811093750000000e+05,1.964807187500000000e+05,1.699763750000000000e+05,1.409608437500000000e+05,1.100162265625000000e+05,7.630878125000000000e+04,4.204014843750000000e+04,1.732726562500000000e+04
7.146687500000000000e+05,7.143521875000000000e+05,7.133877500000000000e+05,7.117094375000000000e+05,7.092099375000000000e+05,7.057603125000000000e+05,7.012278750000000000e+05,6.954982500000000000e+05,6.945367500000000000e+05,6.924535625000000000e+05,6.891217500000000000e+05,6.846001875000000000e+05,6.789930625000000000e+05,6.732256875000000000e+05,6.766518125000000000e+05,6.784614375000000000e+05,6.788325625000000000e+05,6.779499375000000000e+05,6.759560625000000000e+05,6.729086875000000000e+05,6.796031875000000000e+05,7.035025625000000000e+05,7.234826875000000000e+05,7.394897500000000000e+05,7.513140625000000000e+05,7.586345000000000000e+05,7.609923750000000000e+05,7.577808750000000000e+05,7.483271875000000000e+05,7.318494375000000000e+05,7.127770000000000000e+05,6.983143750000000000e+05,6.756025625000000000e+05,6.432516875000000000e+05,6.001263125000000000e+05,5.444573750000000000e+05,4.734376562500000000e+05,3.873240000000000000e+05,2.916399375000000000e+05,1.884444062500000000e+05,8.390297656250000000e+04
2.845943750000000000e+05,2.847551250000000000e+05,2.852045937500000000e+05,2.858897500000000000e+05,2.867536562500000000e+05,2.877374687500000000e+05,2.887820312500000000e+05,2.898331875000000000e+05,2.908786875000000000e+05,2.919323750000000000e+05,2.934321562500000000e+05,2.956680937500000000e+05,2.979413750000000000e+05,3.002054062500000000e+05,3.024147812500000000e+05,3.045140937500000000e+05,3.064317812500000000e+05,3.080925625000000000e+05,3.108417187500000000e+05,3.141173125000000000e+05,3.167541562500000000e+05,3.185990625000000000e+05,3.194811250000000000e+05,3.192207500000000000e+05,3.176233437500000000e+05,3.183929062500000000e+05,3.181364687500000000e+05,3.155958125000000000e+05,3.104946875000000000e+05,3.025920625000000000e+05,2.916760312500000000e+05,2.925478125000000000e+05,2.913618750000000000e+05,2.836920625000000000e+05,2.696908125000000000e+05,2.487544218750000000e+05,2.246237500000000000e+05,1.997714218750000000e+05,1.768682656250000000e+05,1.569311406250000000e+05,1.007012500000000000e+05
3.102934250000000000e+06,3.097132000000000000e+06,3.079388250000000000e+06,3.049115000000000000e+06,3.005723000000000000e+06,2.958508000000000000e+06,2.899814000000000000e+06,2.826639000000000000e+06,2.741457750000000000e+06,2.648356000000000000e+06,2.551264250000000000e+06,2.453749500000000000e+06,2.358022000000000000e+06,2.265658750000000000e+06,2.178218250000000000e+06,2.096981125000000000e+06,2.024684250000000000e+06,1.977783625000000000e+06,1.938078125000000000e+06,1.905772750000000000e+06,1.881063500000000000e+06,1.863934500000000000e+06,1.854173750000000000e+06,1.851541125000000000e+06,1.855547625000000000e+06,1.865608750000000000e+06,1.963927875000000000e+06,2.069753750000000000e+06,2.181091500000000000e+06,2.295539250000000000e+06,2.409579250000000000e+06,2.519683750000000000e+06,2.621980750000000000e+06,2.698003750000000000e+06,2.813375000000000000e+06,2.870556750000000000e+06,2.873371250000000000e+06,2.734965500000000000e+06,2.059049000000000000e+06,8.322789375000000000e+05,1.043994921875000000e+05
4.571115500000000000e+06,4.564885500000000000e+06,4.546579000000000000e+06,4.516562000000000000e+06,4.475003000000000000e+06,4.421978500000000000e+06,4.357563500000000000e+06,4.282034500000000000e+06,4.197067500000000000e+06,4.116417500000000000e+06,4.040059250000000000e+06,3.961502000000000000e+06,3.882575500000000000e+06,3.804909750000000000e+06,3.730366250000000000e+06,3.681341750000000000e+06,3.652195750000000000e+06,3.627232750000000000e+06,3.607454000000000000e+06,3.593176000000000000e+06,3.584628250000000000e+06,3.635430500000000000e+06,3.692323000000000000e+06,3.749163500000000000e+06,3.804013000000000000e+06,3.854236000000000000e+06,3.896220750000000000e+06,4.076105250000000000e+06,4.301521500000000000e+06,4.487490500000000000e+06,4.618637000000000000e+06,4.678488500000000000e+06,4.650186000000000000e+06,4.502462000000000000e+06,4.296029500000000000e+06,3.978260750000000000e+06,3.520569500000000000e+06,2.878142500000000000e+06,1.787019250000000000e+06,4.914787187500000000e+05,1.074369726562500000e+04
1.022383562500000000e+06,1.021541000000000000e+06,1.018861312500000000e+06,1.013954687500000000e+06,1.007474625000000000e+06,9.999906875000000000e+05,9.890552500000000000e+05,9.744059375000000000e+05,9.565936250000000000e+05,9.424931875000000000e+05,9.284868750000000000e+05,9.141941250000000000e+05,9.003383750000000000e+05,8.936553125000000000e+05,8.917829375000000000e+05,8.900902500000000000e+05,8.887411875000000000e+05,8.877726875000000000e+05,8.923645625000000000e+05,9.044643750000000000e+05,9.145765625000000000e+05,9.222285625000000000e+05,9.268120000000000000e+05,9.276085625000000000e+05,9.237956250000000000e+05,9.193430625000000000e+05,9.454905625000000000e+05,9.612046250000000000e+05,9.648719375000000000e+05,9.546079375000000000e+05,9.285701250000000000e+05,8.855200625000000000e+05,8.249540625000000000e+05,7.462689375000000000e+05,6.722848750000000000e+05,5.786548750000000000e+05,4.729492500000000000e+05,3.560057187500000000e+05,2.086369062500000000e+05,5.966442187500000000e+04,3.477946777343750000e+03
2.532667500000000000e+06,2.546997750000000000e+06,2.586473000000000000e+06,2.645595250000000000e+06,2.722384250000000000e+06,2.816357500000000000e+06,2.913139000000000000e+06,3.008657750000000000e+06,3.111930000000000000e+06,3.203863000000000000e+06,3.292281750000000000e+06,3.389385500000000000e+06,3.465488000000000000e+06,3.533037250000000000e+06,3.619072750000000000e+06,3.674656750000000000e+06,3.701763750000000000e+06,3.729071000000000000e+06,3.774756000000000000e+06,3.787316000000000000e+06,3.769794500000000000e+06,3.724792750000000000e+06,3.654479750000000000e+06,3.612098500000000000e+06,3.657111500000000000e+06,3.658016000000000000e+06,3.616145000000000000e+06,3.532062250000000000e+06,3.406270000000000000e+06,3.238902500000000000e+06,3.030526000000000000e+06,2.782977250000000000e+06,2.540583500000000000e+06,2.301168750000000000e+06,2.024898500000000000e+06,1.713085375000000000e+06,1.377403500000000000e+06,1.025997000000000000e+06,6.463156250000000000e+05,2.756907812500000000e+05,6.117978906250000000e+04
3.708603750000000000e+06,3.707508750000000000e+06,3.704443750000000000e+06,3.714524000000000000e+06,3.719762500000000000e+06,3.714815750000000000e+06,3.694755750000000000e+06,3.655628750000000000e+06,3.596857000000000000e+06,3.559968500000000000e+06,3.524009500000000000e+06,3.467607250000000000e+06,3.394136000000000000e+06,3.307535000000000000e+06,3.211952250000000000e+06,3.181855250000000000e+06,3.209796000000000000e+06,3.218554250000000000e+06,3.214428500000000000e+06,3.202378500000000000e+06,3.186578500000000000e+06,3.169634750000000000e+06,3.152752000000000000e+06,3.136407250000000000e+06,3.119371000000000000e+06,3.099609500000000000e+06,3.074167750000000000e+06,3.088213000000000000e+06,3.102607750000000000e+06,3.102075750000000000e+06,3.078346750000000000e+06,3.022751000000000000e+06,2.926227750000000000e+06,2.773919500000000000e+06,2.544205500000000000e+06,2.229961000000000000e+06,1.855197125000000000e+06,1.419740750000000000e+06,8.534302500000000000e+05,2.714854375000000000e+05,2.490444531250000000e+04
1.136864625000000000e+06,1.138148625000000000e+06,1.141500625000000000e+06,1.146138000000000000e+06,1.154387625000000000e+06,1.163070500000000000e+06,1.170889250000000000e+06,1.176865875000000000e+06,1.180614000000000000e+06,1.182106000000000000e+06,1.181337250000000000e+06,1.178294750000000000e+06,1.182587500000000000e+06,1.183904375000000000e+06,1.181529500000000000e+06,1.175128125000000000e+06,1.164467250000000000e+06,1.149355250000000000e+06,1.137312500000000000e+06,1.128092750000000000e+06,1.112284500000000000e+06,1.089775750000000000e+06,1.060539250000000000e+06,1.024612125000000000e+06,9.821225000000000000e+05,9.466272500000000000e+05,9.334460000000000000e+05,9.075036875000000000e+05,8.691190000000000000e+05,8.187675625000000000e+05,7.571646250000000000e+05,6.855539375000000000e+05,6.056965000000000000e+05,5.249546875000000000e+05,4.497193125000000000e+05,3.687519375000000000e+05,2.870382187500000000e+05,2.064264843750000000e+05,1.194516406250000000e+05,3.849789062500000000e+04,4.753535156250000000e+03
1.201655875000000000e+06,1.196533500000000000e+06,1.182736875000000000e+06,1.165790000000000000e+06,1.141889000000000000e+06,1.111012000000000000e+06,1.073374000000000000e+06,1.029598437500000000e+06,9.816153750000000000e+05,9.320044375000000000e+05,8.832652500000000000e+05,8.376352500000000000e+05,7.960592500000000000e+05,7.902712500000000000e+05,7.859910625000000000e+05,7.833291250000000000e+05,7.826758125000000000e+05,7.843246875000000000e+05,7.883078125000000000e+05,7.942779375000000000e+05,8.017375625000000000e+05,8.100681875000000000e+05,8.185255000000000000e+05,8.348908125000000000e+05,8.588278750000000000e+05,8.816895000000000000e+05,9.020460000000000000e+05,9.183037500000000000e+05,9.286515000000000000e+05,9.307984375000000000e+05,9.222721250000000000e+05,9.007883750000000000e+05,8.642990000000000000e+05,8.093148125000000000e+05,7.307654375000000000e+05,6.287301875000000000e+05,5.130034375000000000e+05,3.853953125000000000e+05,2.273702968750000000e+05,7.244126562500000000e+04,8.682241210937500000e+03
3.808371000000000000e+06,3.804289250000000000e+06,3.792813000000000000e+06,3.779125500000000000e+06,3.761323250000000000e+06,3.739379750000000000e+06,3.713635750000000000e+06,3.684668750000000000e+06,3.654255000000000000e+06,3.625010500000000000e+06,3.608868250000000000e+06,3.602803500000000000e+06,3.604757750000000000e+06,3.615260000000000000e+06,3.637022000000000000e+06,3.693204750000000000e+06,3.757836500000000000e+06,3.830732000000000000e+06,3.911457000000000000e+06,4.031897750000000000e+06,4.174065500000000000e+06,4.319758000000000000e+06,4.468055500000000000e+06,4.617800000000000000e+06,4.856655000000000000e+06,5.096468500000000000e+06,5.331850500000000000e+06,5.560901000000000000e+06,5.780185500000000000e+06,6.249134500000000000e+06,6.826074000000000000e+06,7.359539500000000000e+06,7.830953000000000000e+06,8.169745500000000000e+06,8.223750000000000000e+06,8.212283000000000000e+06,8.088772500000000000e+06,7.506786500000000000e+06,5.161637500000000000e+06,1.398022625000000000e+06,5.604060546875000000e+03
4.390992000000000000e+06,4.366783500000000000e+06,4.298566000000000000e+06,4.193034250000000000e+06,4.056908250000000000e+06,3.896847250000000000e+06,3.719386000000000000e+06,3.530976000000000000e+06,3.338829750000000000e+06,3.150377000000000000e+06,2.977082500000000000e+06,2.827476250000000000e+06,2.696052000000000000e+06,2.583550000000000000e+06,2.490860750000000000e+06,2.417922750000000000e+06,2.363369500000000000e+06,2.331155500000000000e+06,2.329064000000000000e+06,2.339747000000000000e+06,2.361397750000000000e+06,2.392159250000000000e+06,2.430068000000000000e+06,2.472976250000000000e+06,2.553431750000000000e+06,2.638479000000000000e+06,2.720561000000000000e+06,2.795988000000000000e+06,2.860146000000000000e+06,2.905922000000000000e+06,3.069391000000000000e+06,3.237486000000000000e+06,3.349749750000000000e+06,3.378133500000000000e+06,3.278007750000000000e+06,3.035145000000000000e+06,2.813013250000000000e+06,2.434626750000000000e+06,1.672838875000000000e+06,5.938808125000000000e+05,4.234870703125000000e+04
7.139285937500000000e+04,7.118642187500000000e+04,7.059256250000000000e+04,6.964064843750000000e+04,6.835599218750000000e+04,6.676789843750000000e+04,6.491535937500000000e+04,6.285119140625000000e+04,6.165564843750000000e+04,6.185712109375000000e+04,6.180922656250000000e+04,6.159389843750000000e+04,6.128686718750000000e+04,6.094786328125000000e+04,6.062876562500000000e+04,6.036335156250000000e+04,6.016096484375000000e+04,6.001940625000000000e+04,5.992259765625000000e+04,5.983938671875000000e+04,5.973196093750000000e+04,6.015539062500000000e+04,6.064292187500000000e+04,6.101545312500000000e+04,6.122292187500000000e+04,6.121152343750000000e+04,6.092389062500000000e+04,6.029871093750000000e+04,5.926989453125000000e+04,5.775686328125000000e+04,5.567833203125000000e+04,5.298147265625000000e+04,4.963744531250000000e+04,4.554795312500000000e+04,4.053583984375000000e+04,3.469085546875000000e+04,2.859587500000000000e+04,2.231497070312500000e+04,1.458352441406250000e+04,6.477662109375000000e+03,2.621182373046875000e+03
1.061451750000000000e+06,1.060122125000000000e+06,1.056337500000000000e+06,1.050309750000000000e+06,1.043524062500000000e+06,1.035675312500000000e+06,1.026075312500000000e+06,1.014728750000000000e+06,1.001822250000000000e+06,9.880756250000000000e+05,9.771976250000000000e+05,9.660803125000000000e+05,9.551974375000000000e+05,9.449729375000000000e+05,9.422270000000000000e+05,9.411956250000000000e+05,9.413393750000000000e+05,9.429550000000000000e+05,9.511520000000000000e+05,9.665040000000000000e+05,9.827080000000000000e+05,9.997546875000000000e+05,1.017501875000000000e+06,1.037481437500000000e+06,1.072795625000000000e+06,1.106913750000000000e+06,1.139076125000000000e+06,1.168164125000000000e+06,1.192664000000000000e+06,1.209933375000000000e+06,1.283465750000000000e+06,1.349361500000000000e+06,1.393661375000000000e+06,1.405101000000000000e+06,1.365108250000000000e+06,1.263006500000000000e+06,1.164694500000000000e+06,1.011170375000000000e+06,6.973560625000000000e+05,2.543832656250000000e+05,2.452584570312500000e+04
8.278801250000000000e+05,8.326834375000000000e+05,8.457120625000000000e+05,8.647711875000000000e+05,8.875805625000000000e+05,9.142006250000000000e+05,9.428578750000000000e+05,9.686396875000000000e+05,9.957408125000000000e+05,1.024912125000000000e+06,1.050406875000000000e+06,1.079196750000000000e+06,1.115792750000000000e+06,1.147837500000000000e+06,1.175498250000000000e+06,1.215491000000000000e+06,1.259253875000000000e+06,1.297865250000000000e+06,1.332178500000000000e+06,1.362744250000000000e+06,1.389964000000000000e+06,1.465121750000000000e+06,1.548612625000000000e+06,1.625070750000000000e+06,1.693963500000000000e+06,1.754289000000000000e+06,1.804424250000000000e+06,1.841950000000000000e+06,1.863932875000000000e+06,1.866046375000000000e+06,1.843565250000000000e+06,1.841262625000000000e+06,1.812094375000000000e+06,1.745268000000000000e+06,1.624667750000000000e+06,1.443991875000000000e+06,1.219409625000000000e+06,9.476781875000000000e+05,5.700919375000000000e+05,1.704835781250000000e+05,1.163862890625000000e+04
9.135235000000000000e+05,9.135675000000000000e+05,9.132652500000000000e+05,9.118456250000000000e+05,9.084471875000000000e+05,9.021991875000000000e+05,8.922934375000000000e+05,8.780806875000000000e+05,8.685250625000000000e+05,8.542975625000000000e+05,8.353341875000000000e+05,8.121228125000000000e+05,7.854887500000000000e+05,7.647138125000000000e+05,7.445357500000000000e+05,7.218193750000000000e+05,6.977626875000000000e+05,6.734574375000000000e+05,6.497764375000000000e+05,6.273251250000000000e+05,6.072102500000000000e+05,6.101211875000000000e+05,6.127433125000000000e+05,6.156174375000000000e+05,6.189006875000000000e+05,6.225550000000000000e+05,6.262982500000000000e+05,6.295428750000000000e+05,6.315322500000000000e+05,6.311507500000000000e+05,6.270858125000000000e+05,6.221145625000000000e+05,6.236906250000000000e+05,6.184891875000000000e+05,6.035428750000000000e+05,5.748751250000000000e+05,5.268282500000000000e+05,4.553412187500000000e+05,3.603894375000000000e+05,2.412243125000000000e+05,1.087848046875000000e+05
8.129699375000000000e+05,8.127259375000000000e+05,8.116090000000000000e+05,8.085987500000000000e+05,8.026778750000000000e+05,7.928738750000000000e+05,7.783464375000000000e+05,7.585500000000000000e+05,7.341131875000000000e+05,7.106250625000000000e+05,6.867130000000000000e+05,6.611593750000000000e+05,6.345088750000000000e+05,6.070696250000000000e+05,5.792295000000000000e+05,5.597885000000000000e+05,5.400532500000000000e+05,5.194999687500000000e+05,4.984272812500000000e+05,4.769518125000000000e+05,4.551571562500000000e+05,4.502478750000000000e+05,4.477753750000000000e+05,4.413635312500000000e+05,4.312331250000000000e+05,4.175608125000000000e+05,4.005177187500000000e+05,3.802966875000000000e+05,3.571014375000000000e+05,3.351693750000000000e+05,3.160754687500000000e+05,2.944760937500000000e+05,2.702596562500000000e+05,2.434608437500000000e+05,2.142765625000000000e+05,1.828860312500000000e+05,1.495678281250000000e+05,1.153039375000000000e+05,8.136233593750000000e+04,4.875960546875000000e+04,2.211903320312500000e+04
4.239395937500000000e+05,4.233445625000000000e+05,4.215540937500000000e+05,4.185532812500000000e+05,4.143234062500000000e+05,4.088475625000000000e+05,4.021159375000000000e+05,3.941426562500000000e+05,3.850849687500000000e+05,3.751820312500000000e+05,3.648534375000000000e+05,3.563107187500000000e+05,3.474861875000000000e+05,3.385365625000000000e+05,3.296221875000000000e+05,3.208880000000000000e+05,3.124545937500000000e+05,3.044389375000000000e+05,2.969179375000000000e+05,2.899115625000000000e+05,2.834329375000000000e+05,2.774429375000000000e+05,2.718559062500000000e+05,2.720236875000000000e+05,2.759846875000000000e+05,2.795734062500000000e+05,2.825048750000000000e+05,2.843921250000000000e+05,2.847719687500000000e+05,2.829949375000000000e+05,2.783363437500000000e+05,2.701109062500000000e+05,2.577073593750000000e+05,2.476510156250000000e+05,2.322226250000000000e+05,2.096147343750000000e+05,1.812169062500000000e+05,1.459765000000000000e+05,9.487217968750000000e+04,3.506868359375000000e+04,5.626615722656250000e+03
1.579721718750000000e+05,1.574147812500000000e+05,1.557809531250000000e+05,1.531260937500000000e+05,1.495064531250000000e+05,1.449835468750000000e+05,1.396276250000000000e+05,1.335280000000000000e+05,1.268639453125000000e+05,1.198599687500000000e+05,1.127311484375000000e+05,1.056721406250000000e+05,9.880255468750000000e+04,9.301302343750000000e+04,8.752906250000000000e+04,8.232297656250000000e+04,7.741340625000000000e+04,7.281637500000000000e+04,6.852846875000000000e+04,6.451949218750000000e+04,6.075855468750000000e+04,5.720758593750000000e+04,5.454836718750000000e+04,5.324577734375000000e+04,5.174058593750000000e+04,5.001019921875000000e+04,4.803331640625000000e+04,4.579334765625000000e+04,4.327584375000000000e+04,4.047291796875000000e+04,3.738341015625000000e+04,3.403028515625000000e+04,3.125401367187500000e+04,2.840364453125000000e+04,2.526585742187500000e+04,2.186096093750000000e+04,1.839334765625000000e+04,1.488425097656250000e+04,1.073674023437500000e+04,6.120292480468750000e+03,3.450826416015625000e+03
8.796020000000000000e+05,8.824968750000000000e+05,8.903886250000000000e+05,9.020750625000000000e+05,9.163411250000000000e+05,9.319648750000000000e+05,9.477246875000000000e+05,9.666539375000000000e+05,9.877159375000000000e+05,1.008024062500000000e+06,1.028151000000000000e+06,1.048609625000000000e+06,1.069348125000000000e+06,1.090040375000000000e+06,1.118143375000000000e+06,1.153646875000000000e+06,1.188355125000000000e+06,1.222305875000000000e+06,1.255492250000000000e+06,1.287831625000000000e+06,1.319229375000000000e+06,1.361236500000000000e+06,1.453445000000000000e+06,1.543585875000000000e+06,1.631044500000000000e+06,1.714994500000000000e+06,1.794211250000000000e+06,1.866914625000000000e+06,1.930735500000000000e+06,1.981527250000000000e+06,2.016072875000000000e+06,2.084453375000000000e+06,2.133755500000000000e+06,2.149296000000000000e+06,2.106063500000000000e+06,1.986224500000000000e+06,1.794074500000000000e+06,1.506374125000000000e+06,1.016403500000000000e+06,3.995010625000000000e+05,6.316143750000000000e+04
3.444566500000000000e+06,3.439636000000000000e+06,3.424561250000000000e+06,3.398864500000000000e+06,3.362038000000000000e+06,3.317534750000000000e+06,3.268469500000000000e+06,3.207439500000000000e+06,3.135242250000000000e+06,3.053578000000000000e+06,2.964176750000000000e+06,2.868717000000000000e+06,2.768411250000000000e+06,2.664279250000000000e+06,2.557385500000000000e+06,2.448688750000000000e+06,2.338974250000000000e+06,2.244477750000000000e+06,2.156045500000000000e+06,2.065678250000000000e+06,1.973649625000000000e+06,1.880086125000000000e+06,1.784984000000000000e+06,1.688341625000000000e+06,1.590056875000000000e+06,1.490027750000000000e+06,1.444526875000000000e+06,1.394869125000000000e+06,1.333409750000000000e+06,1.260349125000000000e+06,1.176029750000000000e+06,1.080812250000000000e+06,9.753334375000000000e+05,8.612415625000000000e+05,7.723728125000000000e+05,6.778858750000000000e+05,5.728854375000000000e+05,4.586455312500000000e+05,3.493599375000000000e+05,2.444201093750000000e+05,1.185829609375000000e+05
1.695151875000000000e+05,1.696829218750000000e+05,1.700557343750000000e+05,1.704246875000000000e+05,1.705726718750000000e+05,1.702858593750000000e+05,1.694580468750000000e+05,1.696521562500000000e+05,1.689091093750000000e+05,1.673432968750000000e+05,1.650827031250000000e+05,1.622599375000000000e+05,1.589809843750000000e+05,1.553422031250000000e+05,1.514458125000000000e+05,1.474071250000000000e+05,1.464794375000000000e+05,1.468235000000000000e+05,1.469489687500000000e+05,1.469905468750000000e+05,1.470738906250000000e+05,1.472980625000000000e+05,1.477383750000000000e+05,1.484610937500000000e+05,1.495005781250000000e+05,1.508786875000000000e+05,1.526072500000000000e+05,1.546848281250000000e+05,1.575161250000000000e+05,1.639432500000000000e+05,1.713068125000000000e+05,1.796084062500000000e+05,1.888363906250000000e+05,1.982849062500000000e+05,2.061371406250000000e+05,2.107733125000000000e+05,2.117073125000000000e+05,2.037439531250000000e+05,1.671285468750000000e+05,9.569435937500000000e+04,3.318299609375000000e+04
6.844418000000000000e+06,6.817616000000000000e+06,6.741599000000000000e+06,6.622851500000000000e+06,6.467761000000000000e+06,6.282665500000000000e+06,6.073894000000000000e+06,5.847910000000000000e+06,5.612446500000000000e+06,5.375904000000000000e+06,5.146538500000000000e+06,4.960528000000000000e+06,4.906189000000000000e+06,4.859792000000000000e+06,4.822621000000000000e+06,4.794889500000000000e+06,4.774892500000000000e+06,4.760685500000000000e+06,4.749528500000000000e+06,4.737440000000000000e+06,4.719994000000000000e+06,4.692604500000000000e+06,4.650541000000000000e+06,4.588955000000000000e+06,4.529452000000000000e+06,4.499815000000000000e+06,4.441739000000000000e+06,4.349947000000000000e+06,4.219260000000000000e+06,4.044613500000000000e+06,3.821609750000000000e+06,3.548376000000000000e+06,3.225467250000000000e+06,2.851113750000000000e+06,2.421247250000000000e+06,1.948335250000000000e+06,1.473292125000000000e+06,1.012593437500000000e+06,5.271446250000000000e+05,1.209618359375000000e+05,2.276376220703125000e+03
2.883157500000000000e+05,2.880186250000000000e+05,2.870922187500000000e+05,2.854724062500000000e+05,2.830855000000000000e+05,2.798559375000000000e+05,2.757130937500000000e+05,2.706026875000000000e+05,2.645418125000000000e+05,2.575999375000000000e+05,2.498670312500000000e+05,2.453376250000000000e+05,2.425264687500000000e+05,2.386213437500000000e+05,2.338055468750000000e+05,2.282979843750000000e+05,2.223446875000000000e+05,2.161845156250000000e+05,2.100319375000000000e+05,2.040679218750000000e+05,1.984556718750000000e+05,1.933152812500000000e+05,1.887305156250000000e+05,1.847717500000000000e+05,1.814712031250000000e+05,1.788480781250000000e+05,1.769031875000000000e+05,1.770171718750000000e+05,1.797547031250000000e+05,1.836562187500000000e+05,1.887894218750000000e+05,1.951039843750000000e+05,2.024405312500000000e+05,2.106235781250000000e+05,2.194885781250000000e+05,2.277877187500000000e+05,2.314129375000000000e+05,2.264731406250000000e+05,2.132678281250000000e+05,1.840939062500000000e+05,1.070263515625000000e+05
6.235456875000000000e+05,6.253109375000000000e+05,6.299415625000000000e+05,6.363861875000000000e+05,6.435525000000000000e+05,6.503445625000000000e+05,6.571580625000000000e+05,6.623289375000000000e+05,6.649953750000000000e+05,6.657079375000000000e+05,6.650397500000000000e+05,6.665571875000000000e+05,6.687473750000000000e+05,6.700445000000000000e+05,6.704904375000000000e+05,6.702488125000000000e+05,6.767148125000000000e+05,6.829933750000000000e+05,6.888639375000000000e+05,6.945485625000000000e+05,7.002601875000000000e+05,7.151962500000000000e+05,7.330781875000000000e+05,7.508591875000000000e+05,7.686706875000000000e+05,7.865807500000000000e+05,8.045854375000000000e+05,8.525161875000000000e+05,9.177063750000000000e+05,9.816280625000000000e+05,1.042686312500000000e+06,1.099061375000000000e+06,1.148623375000000000e+06,1.182899000000000000e+06,1.220656125000000000e+06,1.239168250000000000e+06,1.229409625000000000e+06,1.155200500000000000e+06,8.537597500000000000e+05,3.318555625000000000e+05,3.858318750000000000e+04
5.677046875000000000e+04,5.650204687500000000e+04,5.574168750000000000e+04,5.455344531250000000e+04,5.299866015625000000e+04,5.113800781250000000e+04,4.903317968750000000e+04,4.674911328125000000e+04,4.439161328125000000e+04,4.223637109375000000e+04,4.013358593750000000e+04,3.816797656250000000e+04,3.638214453125000000e+04,3.479819531250000000e+04,3.367621093750000000e+04,3.286186718750000000e+04,3.223504296875000000e+04,3.179454687500000000e+04,3.153317578125000000e+04,3.143441210937500000e+04,3.188114062500000000e+04,3.249211718750000000e+04,3.318712500000000000e+04,3.395178906250000000e+04,3.477308203125000000e+04,3.563625781250000000e+04,3.652314453125000000e+04,3.879216015625000000e+04,4.157300390625000000e+04,4.435216015625000000e+04,4.709320312500000000e+04,4.969456250000000000e+04,5.199525390625000000e+04,5.387853515625000000e+04,5.601844921875000000e+04,5.945716015625000000e+04,6.158062500000000000e+04,6.165169140625000000e+04,6.297916015625000000e+04,6.619094531250000000e+04,5.008873046875000000e+04
7.357157000000000000e+06,7.360221000000000000e+06,7.367745500000000000e+06,7.376737500000000000e+06,7.383690000000000000e+06,7.384750000000000000e+06,7.375887000000000000e+06,7.353193500000000000e+06,7.314404000000000000e+06,7.258504000000000000e+06,7.184983000000000000e+06,7.093768500000000000e+06,6.984273000000000000e+06,6.855909500000000000e+06,6.708639500000000000e+06,6.542679000000000000e+06,6.358292500000000000e+06,6.156061000000000000e+06,5.936621500000000000e+06,5.729464500000000000e+06,5.573547500000000000e+06,5.400889500000000000e+06,5.209911500000000000e+06,4.999259500000000000e+06,4.768063000000000000e+06,4.515841500000000000e+06,4.242665500000000000e+06,3.949275000000000000e+06,3.636908000000000000e+06,3.307352250000000000e+06,2.963033750000000000e+06,2.607704750000000000e+06,2.246286500000000000e+06,1.883001750000000000e+06,1.521234625000000000e+06,1.170072750000000000e+06,8.480966250000000000e+05,5.634912500000000000e+05,3.022512812500000000e+05,9.494703125000000000e+04,1.262493457031250000e+04
3.801558000000000000e+06,3.804468500000000000e+06,3.812445500000000000e+06,3.824324000000000000e+06,3.838911750000000000e+06,3.855007750000000000e+06,3.871421500000000000e+06,3.887081000000000000e+06,3.973363250000000000e+06,4.066387750000000000e+06,4.163451250000000000e+06,4.265178500000000000e+06,4.370682000000000000e+06,4.478258500000000000e+06,4.586154000000000000e+06,4.692548500000000000e+06,4.795504000000000000e+06,4.892945500000000000e+06,4.982381500000000000e+06,5.060739500000000000e+06,5.124743000000000000e+06,5.170789500000000000e+06,5.194991000000000000e+06,5.193338000000000000e+06,5.251457000000000000e+06,5.285416500000000000e+06,5.287239500000000000e+06,5.250117000000000000e+06,5.166859500000000000e+06,5.029456500000000000e+06,4.830103500000000000e+06,4.563062500000000000e+06,4.224911500000000000e+06,3.809891750000000000e+06,3.310044750000000000e+06,2.735983500000000000e+06,2.131694250000000000e+06,1.518540375000000000e+06,8.556743125000000000e+05,2.619750781250000000e+05,2.455222265625000000e+04
5.406680625000000000e+05,5.417118125000000000e+05,5.445663125000000000e+05,5.488099375000000000e+05,5.540140000000000000e+05,5.597455000000000000e+05,5.655703125000000000e+05,5.710850000000000000e+05,5.761918125000000000e+05,5.809740000000000000e+05,5.857143125000000000e+05,5.925443125000000000e+05,5.991776875000000000e+05,6.054410625000000000e+05,6.111620625000000000e+05,6.161845000000000000e+05,6.203697500000000000e+05,6.235764375000000000e+05,6.309263125000000000e+05,6.368813750000000000e+05,6.410648750000000000e+05,6.431815000000000000e+05,6.429113125000000000e+05,6.399266875000000000e+05,6.408226250000000000e+05,6.410152500000000000e+05,6.366286875000000000e+05,6.271491250000000000e+05,6.121005000000000000e+05,5.910611250000000000e+05,5.917654375000000000e+05,5.905867500000000000e+05,5.764110000000000000e+05,5.486353750000000000e+05,5.074386875000000000e+05,4.559370000000000000e+05,4.102802500000000000e+05,3.510484375000000000e+05,2.870741562500000000e+05,2.171996250000000000e+05,1.139702500000000000e+05
2.424118500000000000e+06,2.413496250000000000e+06,2.382977500000000000e+06,2.334576750000000000e+06,2.270363500000000000e+06,2.192523750000000000e+06,2.103396500000000000e+06,2.005597875000000000e+06,1.903049125000000000e+06,1.800197875000000000e+06,1.701161875000000000e+06,1.609479500000000000e+06,1.537367500000000000e+06,1.474542000000000000e+06,1.420113375000000000e+06,1.374030000000000000e+06,1.335538125000000000e+06,1.303882250000000000e+06,1.278043125000000000e+06,1.256581875000000000e+06,1.238030500000000000e+06,1.220886250000000000e+06,1.203601000000000000e+06,1.217346250000000000e+06,1.236801875000000000e+06,1.249429625000000000e+06,1.253258750000000000e+06,1.246329625000000000e+06,1.226651875000000000e+06,1.192229750000000000e+06,1.141268375000000000e+06,1.072753875000000000e+06,9.866346250000000000e+05,9.113799375000000000e+05,8.157614375000000000e+05,6.996075625000000000e+05,5.703626250000000000e+05,4.298958125000000000e+05,2.624075625000000000e+05,9.335325781250000000e+04,1.353968164062500000e+04
9.602628906250000000e+04,9.556255468750000000e+04,9.424463281250000000e+04,9.218047656250000000e+04,8.947953125000000000e+04,8.625663281250000000e+04,8.263407031250000000e+04,7.874528906250000000e+04,7.476474218750000000e+04,7.088090625000000000e+04,6.726942968750000000e+04,6.548086328125000000e+04,6.430912500000000000e+04,6.344823437500000000e+04,6.290407031250000000e+04,6.267083984375000000e+04,6.272115625000000000e+04,6.302260546875000000e+04,6.353544531250000000e+04,6.421007031250000000e+04,6.499110937500000000e+04,6.582867187500000000e+04,6.667785156250000000e+04,6.749176562500000000e+04,6.823388281250000000e+04,6.886953906250000000e+04,7.036879687500000000e+04,7.205975781250000000e+04,7.372805468750000000e+04,7.538385156250000000e+04,7.704142968750000000e+04,7.859888281250000000e+04,7.986091406250000000e+04,8.096907031250000000e+04,8.259384375000000000e+04,8.445033593750000000e+04,8.368052343750000000e+04,8.017299218750000000e+04,8.464115625000000000e+04,1.012475781250000000e+05,8.282421093750000000e+04
2.670883000000000000e+06,2.669962750000000000e+06,2.666882000000000000e+06,2.661024000000000000e+06,2.651655250000000000e+06,2.638001250000000000e+06,2.620249750000000000e+06,2.602041250000000000e+06,2.578696750000000000e+06,2.551212000000000000e+06,2.520727500000000000e+06,2.488475750000000000e+06,2.455402750000000000e+06,2.433037500000000000e+06,2.413926000000000000e+06,2.395742250000000000e+06,2.379241750000000000e+06,2.365199500000000000e+06,2.355072500000000000e+06,2.369604000000000000e+06,2.386029000000000000e+06,2.404197250000000000e+06,2.423546000000000000e+06,2.443273000000000000e+06,2.467037000000000000e+06,2.522981250000000000e+06,2.571983250000000000e+06,2.610485500000000000e+06,2.634130250000000000e+06,2.636487500000000000e+06,2.663476250000000000e+06,2.772673250000000000e+06,2.822656500000000000e+06,2.792542750000000000e+06,2.652002500000000000e+06,2.386876500000000000e+06,2.133739000000000000e+06,1.785773875000000000e+06,1.190387125000000000e+06,4.117632500000000000e+05,2.807915039062500000e+04
4.603138671875000000e+04,4.591094921875000000e+04,4.555163281250000000e+04,4.495123828125000000e+04,4.410533593750000000e+04,4.316391406250000000e+04,4.218525781250000000e+04,4.095658593750000000e+04,3.952320703125000000e+04,3.796064453125000000e+04,3.634873437500000000e+04,3.501000390625000000e+04,3.402467187500000000e+04,3.306090234375000000e+04,3.215614062500000000e+04,3.134166992187500000e+04,3.063687109375000000e+04,3.005744140625000000e+04,3.098526562500000000e+04,3.191745117187500000e+04,3.286009765625000000e+04,3.383086718750000000e+04,3.484094921875000000e+04,3.589585546875000000e+04,3.700004296875000000e+04,3.815532812500000000e+04,3.935834375000000000e+04,4.060007421875000000e+04,4.255517578125000000e+04,4.500401562500000000e+04,4.778924609375000000e+04,5.088051171875000000e+04,5.415863281250000000e+04,5.785202734375000000e+04,6.280698046875000000e+04,6.894633593750000000e+04,7.315238281250000000e+04,7.513978125000000000e+04,8.874614843750000000e+04,1.228018437500000000e+05,1.092332968750000000e+05
1.358936093750000000e+05,1.366706093750000000e+05,1.388309687500000000e+05,1.421201718750000000e+05,1.466814218750000000e+05,1.520248593750000000e+05,1.577592031250000000e+05,1.636003281250000000e+05,1.700453437500000000e+05,1.766394218750000000e+05,1.831917656250000000e+05,1.899684531250000000e+05,1.980388750000000000e+05,2.057832187500000000e+05,2.130529218750000000e+05,2.210995156250000000e+05,2.300893906250000000e+05,2.381963437500000000e+05,2.453526406250000000e+05,2.514831406250000000e+05,2.609367031250000000e+05,2.691524687500000000e+05,2.757153750000000000e+05,2.805030000000000000e+05,2.833469062500000000e+05,2.840606562500000000e+05,2.963625000000000000e+05,3.063604687500000000e+05,3.120974062500000000e+05,3.129673750000000000e+05,3.083574375000000000e+05,2.978114687500000000e+05,2.810813437500000000e+05,2.614776406250000000e+05,2.401685000000000000e+05,2.113741250000000000e+05,1.773330781250000000e+05,1.379787031250000000e+05,8.577928125000000000e+04,2.928814453125000000e+04,4.079759277343750000e+03
8.701042000000000000e+06,8.707128000000000000e+06,8.723350000000000000e+06,8.746614000000000000e+06,8.773753000000000000e+06,8.801515000000000000e+06,8.826551000000000000e+06,8.845489000000000000e+06,8.855569000000000000e+06,8.854396000000000000e+06,8.839551000000000000e+06,8.808601000000000000e+06,8.946201000000000000e+06,9.069641000000000000e+06,9.168882000000000000e+06,9.238648000000000000e+06,9.274190000000000000e+06,9.270956000000000000e+06,9.224883000000000000e+06,9.132583000000000000e+06,8.991126000000000000e+06,8.798399000000000000e+06,8.553129000000000000e+06,8.254748000000000000e+06,7.903647500000000000e+06,7.501086500000000000e+06,7.049395500000000000e+06,6.649256500000000000e+06,6.232108000000000000e+06,5.770928500000000000e+06,5.266667500000000000e+06,4.723096500000000000e+06,4.146511500000000000e+06,3.540703500000000000e+06,2.906853750000000000e+06,2.262459500000000000e+06,1.652760000000000000e+06,1.095895750000000000e+06,5.516346250000000000e+05,1.210231953125000000e+05,1.508643066406250000e+03
3.817808500000000000e+06,3.806790250000000000e+06,3.774902000000000000e+06,3.723878250000000000e+06,3.655428500000000000e+06,3.571238750000000000e+06,3.472975750000000000e+06,3.362385750000000000e+06,3.242163250000000000e+06,3.115514000000000000e+06,2.985556750000000000e+06,2.855247250000000000e+06,2.726949250000000000e+06,2.602702500000000000e+06,2.489991000000000000e+06,2.384593500000000000e+06,2.287301500000000000e+06,2.199112500000000000e+06,2.120661000000000000e+06,2.052060875000000000e+06,1.999365125000000000e+06,1.961513625000000000e+06,1.932264875000000000e+06,1.911192125000000000e+06,1.897362375000000000e+06,1.897257375000000000e+06,1.916248375000000000e+06,1.937186750000000000e+06,1.957552375000000000e+06,1.972981750000000000e+06,2.018128250000000000e+06,2.051795000000000000e+06,2.059701000000000000e+06,2.027060500000000000e+06,2.100295750000000000e+06,2.089186000000000000e+06,1.958718750000000000e+06,1.705731875000000000e+06,1.280979875000000000e+06,5.518245625000000000e+05,6.545022265625000000e+04
2.537563000000000000e+06,2.540596250000000000e+06,2.548291250000000000e+06,2.558388000000000000e+06,2.568517000000000000e+06,2.577332500000000000e+06,2.610249250000000000e+06,2.636592500000000000e+06,2.655655750000000000e+06,2.668461000000000000e+06,2.676218500000000000e+06,2.680180750000000000e+06,2.680795000000000000e+06,2.700084000000000000e+06,2.815932250000000000e+06,2.921071250000000000e+06,3.016476750000000000e+06,3.103293000000000000e+06,3.182614500000000000e+06,3.255340250000000000e+06,3.322257000000000000e+06,3.383862500000000000e+06,3.440328000000000000e+06,3.491504000000000000e+06,3.590239250000000000e+06,3.701628250000000000e+06,3.809838000000000000e+06,3.910720500000000000e+06,3.998994500000000000e+06,4.065848500000000000e+06,4.100758750000000000e+06,4.092031500000000000e+06,4.026950250000000000e+06,3.882501250000000000e+06,3.623252750000000000e+06,3.235178750000000000e+06,2.749911000000000000e+06,2.158155250000000000e+06,1.340692250000000000e+06,4.663348750000000000e+05,5.975215625000000000e+04
1.026356600000000000e+07,1.027356300000000000e+07,1.030313100000000000e+07,1.035156600000000000e+07,1.041811300000000000e+07,1.050199400000000000e+07,1.060244400000000000e+07,1.071874500000000000e+07,1.085033700000000000e+07,1.099679900000000000e+07,1.115782300000000000e+07,1.133305000000000000e+07,1.152071900000000000e+07,1.171828500000000000e+07,1.192311300000000000e+07,1.213182100000000000e+07,1.233996100000000000e+07,1.254273600000000000e+07,1.273447800000000000e+07,1.290830300000000000e+07,1.305682400000000000e+07,1.317157400000000000e+07,1.324307800000000000e+07,1.326132700000000000e+07,1.326365900000000000e+07,1.334559400000000000e+07,1.335769800000000000e+07,1.328359400000000000e+07,1.310539900000000000e+07,1.280148900000000000e+07,1.234967800000000000e+07,1.173200300000000000e+07,1.093506500000000000e+07,9.935011000000000000e+06,8.697252000000000000e+06,7.240449000000000000e+06,5.682268000000000000e+06,4.068753250000000000e+06,2.255822250000000000e+06,6.144947500000000000e+05,2.848857421875000000e+04
1.140799250000000000e+06,1.139182000000000000e+06,1.134735250000000000e+06,1.128011250000000000e+06,1.119505875000000000e+06,1.109679875000000000e+06,1.098979625000000000e+06,1.088692625000000000e+06,1.080510125000000000e+06,1.073104250000000000e+06,1.067119250000000000e+06,1.063249875000000000e+06,1.061787750000000000e+06,1.067350875000000000e+06,1.077854875000000000e+06,1.090840375000000000e+06,1.106132625000000000e+06,1.123541125000000000e+06,1.152160250000000000e+06,1.185280125000000000e+06,1.218881000000000000e+06,1.252379750000000000e+06,1.285071875000000000e+06,1.327796500000000000e+06,1.378897500000000000e+06,1.425304750000000000e+06,1.465344875000000000e+06,1.496948625000000000e+06,1.517627125000000000e+06,1.581078500000000000e+06,1.659051250000000000e+06,1.707165125000000000e+06,1.718296250000000000e+06,1.680162625000000000e+06,1.573679875000000000e+06,1.420429125000000000e+06,1.256674125000000000e+06,1.029155250000000000e+06,6.388332500000000000e+05,1.684838906250000000e+05,1.958076660156250000e+03
6.093030625000000000e+05,6.114559375000000000e+05,6.169851875000000000e+05,6.243841875000000000e+05,6.330997500000000000e+05,6.448338750000000000e+05,6.537395000000000000e+05,6.581526250000000000e+05,6.627835000000000000e+05,6.664095625000000000e+05,6.641388750000000000e+05,6.563927500000000000e+05,6.499516250000000000e+05,6.448318750000000000e+05,6.345390625000000000e+05,6.203505625000000000e+05,6.036435625000000000e+05,5.856679375000000000e+05,5.674015000000000000e+05,5.684896250000000000e+05,5.703938750000000000e+05,5.712823750000000000e+05,5.717916875000000000e+05,5.723999375000000000e+05,5.731814375000000000e+05,5.740284375000000000e+05,5.746206875000000000e+05,5.743652500000000000e+05,5.724818750000000000e+05,5.676441250000000000e+05,5.691880000000000000e+05,5.697040000000000000e+05,5.644290625000000000e+05,5.494198125000000000e+05,5.180157187500000000e+05,4.671332187500000000e+05,4.023889375000000000e+05,3.203068750000000000e+05,1.922024218750000000e+05,5.072557031250000000e+04,1.874865112304687500e+03
1.140799250000000000e+06,1.139182000000000000e+06,1.134735250000000000e+06,1.128011250000000000e+06,1.119505875000000000e+06,1.109679875000000000e+06,1.098979625000000000e+06,1.088692625000000000e+06,1.080510125000000000e+06,1.073104250000000000e+06,1.067119250000000000e+06,1.063249875000000000e+06,1.061787750000000000e+06,1.067350875000000000e+06,1.077854875000000000e+06,1.090840375000000000e+06,1.106132625000000000e+06,1.123541125000000000e+06,1.152160250000000000e+06,1.185280125000000000e+06,1.218881000000000000e+06,1.252379750000000000e+06,1.285071875000000000e+06,1.327796500000000000e+06,1.378897500000000000e+06,1.425304750000000000e+06,1.465344875000000000e+06,1.496948625000000000e+06,1.517627125000000000e+06,1.581078500000000000e+06,1.659051250000000000e+06,1.707165125000000000e+06,1.718296250000000000e+06,1.680162625000000000e+06,1.573679875000000000e+06,1.420429125000000000e+06,1.256674125000000000e+06,1.029155250000000000e+06,6.388332500000000000e+05,1.684838906250000000e+05,1.958076660156250000e+03
3.690649500000000000e+06,3.683652000000000000e+06,3.662896750000000000e+06,3.628682250000000000e+06,3.581267000000000000e+06,3.520913250000000000e+06,3.447929250000000000e+06,3.362800000000000000e+06,3.267114250000000000e+06,3.172392250000000000e+06,3.071493250000000000e+06,2.966199750000000000e+06,2.858079500000000000e+06,2.748478750000000000e+06,2.638746250000000000e+06,2.529932750000000000e+06,2.422685000000000000e+06,2.317601000000000000e+06,2.229128750000000000e+06,2.143314250000000000e+06,2.058001625000000000e+06,1.972786625000000000e+06,1.887052250000000000e+06,1.800169375000000000e+06,1.711381250000000000e+06,1.637749375000000000e+06,1.564782250000000000e+06,1.484520375000000000e+06,1.396378875000000000e+06,1.299991500000000000e+06,1.195228750000000000e+06,1.136245000000000000e+06,1.075708875000000000e+06,9.911851875000000000e+05,8.842490625000000000e+05,7.568551875000000000e+05,6.314328125000000000e+05,5.112748437500000000e+05,3.838066250000000000e+05,2.472323281250000000e+05,1.050120000000000000e+05
2.997533984375000000e+04,2.978625195312500000e+04,2.925150781250000000e+04,2.842004687500000000e+04,2.734120703125000000e+04,2.606493750000000000e+04,2.468344531250000000e+04,2.331307812500000000e+04,2.189354882812500000e+04,2.048470507812500000e+04,1.914470703125000000e+04,1.792570312500000000e+04,1.684758789062500000e+04,1.591534863281250000e+04,1.529910449218750000e+04,1.485340917968750000e+04,1.452448046875000000e+04,1.430715039062500000e+04,1.419407812500000000e+04,1.417421875000000000e+04,1.423568164062500000e+04,1.450681250000000000e+04,1.532740429687500000e+04,1.619205371093750000e+04,1.710495898437500000e+04,1.807069921875000000e+04,1.909308203125000000e+04,2.017573632812500000e+04,2.132609179687500000e+04,2.257400585937500000e+04,2.395574023437500000e+04,2.591294140625000000e+04,2.837214257812500000e+04,3.132195117187500000e+04,3.540656250000000000e+04,4.075245312500000000e+04,4.540874218750000000e+04,4.920795703125000000e+04,6.284957031250000000e+04,9.593513281250000000e+04,9.209339062500000000e+04
1.711371875000000000e+05,1.706127343750000000e+05,1.690776718750000000e+05,1.665855781250000000e+05,1.631886562500000000e+05,1.589421718750000000e+05,1.539082031250000000e+05,1.481663906250000000e+05,1.418888906250000000e+05,1.352955625000000000e+05,1.285982500000000000e+05,1.219918437500000000e+05,1.158997734375000000e+05,1.102975000000000000e+05,1.050672421875000000e+05,1.002805312500000000e+05,9.597588281250000000e+04,9.219034375000000000e+04,8.893982031250000000e+04,8.675023437500000000e+04,8.525142968750000000e+04,8.418400000000000000e+04,8.351998437500000000e+04,8.322835156250000000e+04,8.325953906250000000e+04,8.448728125000000000e+04,8.636550781250000000e+04,8.832100781250000000e+04,9.024240625000000000e+04,9.193388281250000000e+04,9.340179687500000000e+04,1.004669921875000000e+05,1.063405000000000000e+05,1.101182421875000000e+05,1.102020000000000000e+05,1.054809218750000000e+05,1.011698359375000000e+05,9.312004687500000000e+04,7.027022656250000000e+04,3.161718554687500000e+04,6.902895996093750000e+03
2.256413500000000000e+06,2.252633500000000000e+06,2.241552750000000000e+06,2.223526500000000000e+06,2.198877500000000000e+06,2.167910500000000000e+06,2.130926750000000000e+06,2.088267125000000000e+06,2.044014125000000000e+06,2.001908500000000000e+06,1.956509875000000000e+06,1.908589000000000000e+06,1.858928250000000000e+06,1.808331250000000000e+06,1.757640375000000000e+06,1.707617375000000000e+06,1.658889625000000000e+06,1.612075125000000000e+06,1.573619125000000000e+06,1.547584000000000000e+06,1.523052750000000000e+06,1.500034375000000000e+06,1.478285625000000000e+06,1.457455750000000000e+06,1.436777875000000000e+06,1.415305500000000000e+06,1.391819000000000000e+06,1.399791000000000000e+06,1.428290500000000000e+06,1.445462750000000000e+06,1.447547250000000000e+06,1.430320375000000000e+06,1.389421000000000000e+06,1.319175500000000000e+06,1.214411500000000000e+06,1.119770125000000000e+06,9.913462500000000000e+05,8.217888125000000000e+05,5.829321875000000000e+05,2.858403437500000000e+05,7.319359375000000000e+04
1.415863750000000000e+05,1.411297031250000000e+05,1.397666718750000000e+05,1.374949375000000000e+05,1.343076875000000000e+05,1.302080703125000000e+05,1.252205234375000000e+05,1.194103046875000000e+05,1.129907343750000000e+05,1.062490390625000000e+05,9.946093750000000000e+04,9.287205468750000000e+04,8.660592968750000000e+04,8.072971093750000000e+04,7.530927343750000000e+04,7.037785156250000000e+04,6.592676562500000000e+04,6.194454687500000000e+04,5.840104296875000000e+04,5.601263671875000000e+04,5.399141015625000000e+04,5.222745703125000000e+04,5.066344921875000000e+04,4.924337109375000000e+04,4.791818750000000000e+04,4.664071484375000000e+04,4.536816406250000000e+04,4.406433984375000000e+04,4.269674609375000000e+04,4.124933593750000000e+04,3.970934375000000000e+04,3.804495312500000000e+04,3.621391796875000000e+04,3.424809765625000000e+04,3.227240039062500000e+04,3.022611132812500000e+04,2.766049609375000000e+04,2.464645703125000000e+04,2.275142968750000000e+04,2.216610156250000000e+04,1.736465234375000000e+04
4.413951562500000000e+04,4.411843750000000000e+04,4.405189062500000000e+04,4.396103515625000000e+04,4.386034765625000000e+04,4.369194140625000000e+04,4.343598437500000000e+04,4.307507812500000000e+04,4.260271484375000000e+04,4.211804296875000000e+04,4.159535546875000000e+04,4.097608984375000000e+04,4.027153906250000000e+04,3.958925390625000000e+04,3.902866406250000000e+04,3.838544531250000000e+04,3.767072656250000000e+04,3.689511328125000000e+04,3.636560546875000000e+04,3.583698828125000000e+04,3.520741015625000000e+04,3.447958593750000000e+04,3.365322656250000000e+04,3.283244140625000000e+04,3.229519140625000000e+04,3.158705468750000000e+04,3.070715820312500000e+04,2.965427539062500000e+04,2.842754101562500000e+04,2.702897460937500000e+04,2.687335546875000000e+04,2.648219335937500000e+04,2.567954882812500000e+04,2.447411914062500000e+04,2.290097656250000000e+04,2.095782031250000000e+04,1.953903906250000000e+04,1.790240039062500000e+04,1.646082226562500000e+04,1.532106152343750000e+04,1.223054101562500000e+04
2.767019750000000000e+06,2.758921000000000000e+06,2.735173750000000000e+06,2.696455250000000000e+06,2.643386250000000000e+06,2.576685250000000000e+06,2.497285750000000000e+06,2.406571500000000000e+06,2.307828500000000000e+06,2.205330750000000000e+06,2.103235500000000000e+06,2.005333750000000000e+06,1.955950625000000000e+06,1.929523250000000000e+06,1.905736625000000000e+06,1.885810625000000000e+06,1.870452250000000000e+06,1.860314375000000000e+06,1.855590875000000000e+06,1.855747125000000000e+06,1.860059875000000000e+06,1.867469125000000000e+06,1.876562875000000000e+06,1.885711875000000000e+06,1.898358750000000000e+06,1.937145875000000000e+06,1.973022750000000000e+06,2.002884125000000000e+06,2.023177125000000000e+06,2.029513750000000000e+06,2.017059750000000000e+06,1.980718750000000000e+06,1.915317750000000000e+06,1.814129625000000000e+06,1.668851250000000000e+06,1.476338000000000000e+06,1.243890250000000000e+06,9.740888750000000000e+05,6.510175625000000000e+05,3.129725312500000000e+05,9.157338281250000000e+04
2.693807250000000000e+06,2.693821500000000000e+06,2.693300500000000000e+06,2.691291500000000000e+06,2.686743250000000000e+06,2.679506750000000000e+06,2.671406250000000000e+06,2.657813250000000000e+06,2.638560000000000000e+06,2.614093500000000000e+06,2.584925250000000000e+06,2.551595500000000000e+06,2.514889250000000000e+06,2.481264250000000000e+06,2.443927000000000000e+06,2.403185750000000000e+06,2.359340250000000000e+06,2.312728000000000000e+06,2.270350500000000000e+06,2.231562000000000000e+06,2.188932750000000000e+06,2.142203500000000000e+06,2.090917750000000000e+06,2.041949875000000000e+06,2.001232625000000000e+06,1.951380000000000000e+06,1.891346375000000000e+06,1.819962125000000000e+06,1.752776500000000000e+06,1.687830250000000000e+06,1.602161500000000000e+06,1.494925250000000000e+06,1.366162875000000000e+06,1.313602000000000000e+06,1.218199375000000000e+06,1.070165500000000000e+06,8.813761250000000000e+05,6.971455625000000000e+05,4.841577500000000000e+05,2.310009687500000000e+05,5.356707421875000000e+04
1.974927968750000000e+05,1.968921718750000000e+05,1.951430000000000000e+05,1.923216562500000000e+05,1.885024375000000000e+05,1.837597187500000000e+05,1.781698906250000000e+05,1.718188906250000000e+05,1.648573906250000000e+05,1.574731250000000000e+05,1.498525000000000000e+05,1.426865000000000000e+05,1.359395625000000000e+05,1.292567187500000000e+05,1.227297187500000000e+05,1.164258671875000000e+05,1.103788906250000000e+05,1.046209687500000000e+05,9.916403125000000000e+04,9.487096875000000000e+04,9.104039062500000000e+04,8.728791406250000000e+04,8.358801562500000000e+04,7.991315625000000000e+04,7.623189062500000000e+04,7.251124218750000000e+04,6.918629687500000000e+04,6.843427343750000000e+04,6.710573437500000000e+04,6.519741796875000000e+04,6.270741406250000000e+04,5.962063671875000000e+04,5.592130078125000000e+04,5.166584375000000000e+04,4.787214453125000000e+04,4.473428125000000000e+04,4.086729296875000000e+04,3.624723437500000000e+04,3.243285156250000000e+04,2.966566601562500000e+04,2.184634570312500000e+04
2.965063500000000000e+06,2.966339250000000000e+06,2.969446250000000000e+06,2.973080750000000000e+06,2.975724250000000000e+06,2.980852500000000000e+06,2.984436000000000000e+06,2.982542000000000000e+06,2.974154250000000000e+06,2.958907500000000000e+06,2.942338250000000000e+06,2.924349250000000000e+06,2.898844250000000000e+06,2.865923250000000000e+06,2.830733000000000000e+06,2.804482250000000000e+06,2.769746000000000000e+06,2.727100500000000000e+06,2.677018000000000000e+06,2.643155000000000000e+06,2.605974250000000000e+06,2.557902500000000000e+06,2.498922000000000000e+06,2.428905000000000000e+06,2.375607750000000000e+06,2.319574000000000000e+06,2.245507250000000000e+06,2.153109250000000000e+06,2.042169875000000000e+06,1.912564750000000000e+06,1.880169500000000000e+06,1.807513375000000000e+06,1.693305875000000000e+06,1.538527500000000000e+06,1.344472125000000000e+06,1.135982750000000000e+06,9.452230625000000000e+05,7.335863125000000000e+05,4.884890625000000000e+05,2.221602031250000000e+05,4.877915625000000000e+04
1.307288359375000000e+05,1.304477578125000000e+05,1.296028359375000000e+05,1.281620078125000000e+05,1.260790156250000000e+05,1.235933125000000000e+05,1.206284218750000000e+05,1.169859375000000000e+05,1.127766562500000000e+05,1.087043828125000000e+05,1.047189453125000000e+05,1.006284296875000000e+05,9.659555468750000000e+04,9.298757031250000000e+04,9.025210156250000000e+04,8.762714843750000000e+04,8.513857812500000000e+04,8.278775000000000000e+04,8.054942968750000000e+04,7.837167968750000000e+04,7.678830468750000000e+04,7.539592187500000000e+04,7.379671093750000000e+04,7.193948437500000000e+04,6.977969531250000000e+04,6.727616406250000000e+04,6.439631640625000000e+04,6.112146093750000000e+04,5.939870312500000000e+04,5.790487500000000000e+04,5.554518359375000000e+04,5.231270312500000000e+04,4.824314062500000000e+04,4.335485937500000000e+04,3.763224609375000000e+04,3.234390820312500000e+04,2.723405859375000000e+04,2.187560351562500000e+04,1.522936718750000000e+04,7.634207031250000000e+03,3.324449951171875000e+03
3.373446250000000000e+05,3.365652187500000000e+05,3.341519687500000000e+05,3.299657812500000000e+05,3.238655625000000000e+05,3.157445625000000000e+05,3.055579375000000000e+05,2.933750312500000000e+05,2.796859375000000000e+05,2.651829062500000000e+05,2.505142031250000000e+05,2.414194687500000000e+05,2.343845937500000000e+05,2.272970000000000000e+05,2.202532968750000000e+05,2.133540312500000000e+05,2.066666562500000000e+05,2.002490312500000000e+05,1.941045000000000000e+05,1.881602812500000000e+05,1.823328906250000000e+05,1.765355937500000000e+05,1.706770468750000000e+05,1.650592187500000000e+05,1.618681875000000000e+05,1.584405000000000000e+05,1.546628750000000000e+05,1.504400000000000000e+05,1.456886718750000000e+05,1.403776406250000000e+05,1.344881406250000000e+05,1.279323281250000000e+05,1.205856953125000000e+05,1.125875781250000000e+05,1.044052109375000000e+05,9.585448437500000000e+04,8.541571875000000000e+04,7.342532031250000000e+04,6.527572656250000000e+04,6.146649609375000000e+04,4.394273046875000000e+04
1.826246875000000000e+06,1.822787500000000000e+06,1.813278750000000000e+06,1.798892125000000000e+06,1.783383250000000000e+06,1.765818000000000000e+06,1.746754125000000000e+06,1.727095500000000000e+06,1.707914875000000000e+06,1.690489625000000000e+06,1.680438750000000000e+06,1.677080875000000000e+06,1.678665125000000000e+06,1.685021750000000000e+06,1.700148375000000000e+06,1.728351625000000000e+06,1.759364625000000000e+06,1.792216500000000000e+06,1.826869000000000000e+06,1.882651875000000000e+06,1.934758250000000000e+06,1.981386500000000000e+06,2.020615500000000000e+06,2.063797500000000000e+06,2.119963750000000000e+06,2.159341500000000000e+06,2.179217000000000000e+06,2.176869250000000000e+06,2.149569250000000000e+06,2.202394000000000000e+06,2.235210250000000000e+06,2.215631250000000000e+06,2.139572750000000000e+06,2.001644625000000000e+06,1.794736875000000000e+06,1.567115875000000000e+06,1.324929625000000000e+06,1.036789750000000000e+06,6.538146250000000000e+05,2.326706250000000000e+05,2.719244726562500000e+04
1.616195250000000000e+06,1.614200750000000000e+06,1.608283250000000000e+06,1.598271625000000000e+06,1.583789500000000000e+06,1.564428125000000000e+06,1.539889750000000000e+06,1.513521875000000000e+06,1.485117375000000000e+06,1.452762125000000000e+06,1.417916125000000000e+06,1.389654875000000000e+06,1.365089000000000000e+06,1.340788000000000000e+06,1.318084625000000000e+06,1.306737250000000000e+06,1.304389125000000000e+06,1.304061000000000000e+06,1.306419375000000000e+06,1.311763125000000000e+06,1.325501500000000000e+06,1.356918000000000000e+06,1.390041625000000000e+06,1.424958125000000000e+06,1.461515625000000000e+06,1.499388375000000000e+06,1.538051000000000000e+06,1.597975125000000000e+06,1.719700125000000000e+06,1.839827875000000000e+06,1.954071250000000000e+06,2.057314750000000000e+06,2.143508500000000000e+06,2.194199250000000000e+06,2.192982000000000000e+06,2.185999500000000000e+06,2.120571750000000000e+06,1.935176625000000000e+06,1.344375625000000000e+06,4.078168437500000000e+05,9.099015625000000000e+03
2.211804296875000000e+04,2.220226367187500000e+04,2.243927343750000000e+04,2.280562500000000000e+04,2.327782617187500000e+04,2.383226757812500000e+04,2.444516601562500000e+04,2.509358203125000000e+04,2.588364453125000000e+04,2.674793554687500000e+04,2.762801367187500000e+04,2.851693750000000000e+04,2.940511132812500000e+04,3.062062109375000000e+04,3.182368359375000000e+04,3.298523828125000000e+04,3.410204296875000000e+04,3.517136328125000000e+04,3.673201562500000000e+04,3.829073437500000000e+04,3.977673046875000000e+04,4.119094140625000000e+04,4.253467578125000000e+04,4.380820312500000000e+04,4.566417578125000000e+04,4.901135937500000000e+04,5.225661718750000000e+04,5.537335546875000000e+04,5.832697265625000000e+04,6.107004687500000000e+04,6.354075390625000000e+04,6.559600781250000000e+04,6.702650781250000000e+04,6.988878125000000000e+04,7.287559375000000000e+04,7.545317968750000000e+04,7.584345312500000000e+04,7.335557812500000000e+04,7.256109375000000000e+04,7.426587500000000000e+04,5.512520703125000000e+04
2.392943000000000000e+06,2.393275500000000000e+06,2.393975750000000000e+06,2.394446750000000000e+06,2.393924250000000000e+06,2.391522500000000000e+06,2.386279500000000000e+06,2.377220750000000000e+06,2.363627250000000000e+06,2.347745000000000000e+06,2.332013500000000000e+06,2.310475500000000000e+06,2.282804500000000000e+06,2.248754750000000000e+06,2.221445750000000000e+06,2.189514250000000000e+06,2.149431250000000000e+06,2.101316000000000000e+06,2.055579875000000000e+06,2.014727250000000000e+06,1.962929250000000000e+06,1.900607875000000000e+06,1.828240125000000000e+06,1.763066750000000000e+06,1.700333750000000000e+06,1.623875000000000000e+06,1.534760500000000000e+06,1.434213500000000000e+06,1.323551750000000000e+06,1.267464500000000000e+06,1.200473375000000000e+06,1.110412000000000000e+06,1.000321500000000000e+06,8.733878125000000000e+05,7.325583125000000000e+05,6.058197500000000000e+05,4.831618750000000000e+05,3.583058750000000000e+05,2.237371875000000000e+05,8.932865625000000000e+04,1.615764843750000000e+04
6.839358125000000000e+05,6.841523750000000000e+05,6.845790000000000000e+05,6.848076875000000000e+05,6.844110625000000000e+05,6.847538125000000000e+05,6.836641250000000000e+05,6.807712500000000000e+05,6.763334375000000000e+05,6.709968125000000000e+05,6.677249375000000000e+05,6.650521250000000000e+05,6.630935625000000000e+05,6.620159375000000000e+05,6.639045000000000000e+05,6.696380000000000000e+05,6.763634375000000000e+05,6.841700625000000000e+05,6.930501250000000000e+05,7.072686875000000000e+05,7.251949375000000000e+05,7.432511875000000000e+05,7.611081875000000000e+05,7.783433750000000000e+05,7.964409375000000000e+05,8.243356250000000000e+05,8.490518125000000000e+05,8.693559375000000000e+05,8.837601875000000000e+05,8.901282500000000000e+05,9.127975000000000000e+05,9.537550000000000000e+05,9.740435625000000000e+05,9.666788750000000000e+05,9.216472500000000000e+05,8.343021875000000000e+05,7.512746250000000000e+05,6.345709375000000000e+05,4.343476562500000000e+05,1.696623750000000000e+05,2.300390039062500000e+04
5.767536875000000000e+05,5.781378750000000000e+05,5.819745625000000000e+05,5.877346250000000000e+05,5.948375625000000000e+05,6.044413750000000000e+05,6.146507500000000000e+05,6.244880000000000000e+05,6.333821250000000000e+05,6.436404375000000000e+05,6.523356250000000000e+05,6.588015625000000000e+05,6.653061250000000000e+05,6.730075000000000000e+05,6.783181250000000000e+05,6.816036250000000000e+05,6.857905000000000000e+05,6.939841250000000000e+05,7.005970000000000000e+05,7.061144375000000000e+05,7.109645625000000000e+05,7.154183750000000000e+05,7.270170625000000000e+05,7.411428750000000000e+05,7.543335000000000000e+05,7.663403750000000000e+05,7.766701250000000000e+05,7.845133750000000000e+05,7.888459375000000000e+05,8.227008125000000000e+05,8.582615000000000000e+05,8.824989375000000000e+05,8.916331250000000000e+05,8.800933750000000000e+05,8.399574375000000000e+05,7.789500625000000000e+05,7.146241250000000000e+05,6.155155625000000000e+05,4.479752812500000000e+05,2.172211562500000000e+05,5.333952343750000000e+04
4.258066250000000000e+05,4.259726875000000000e+05,4.262979687500000000e+05,4.264613125000000000e+05,4.260907500000000000e+05,4.247996562500000000e+05,4.235237812500000000e+05,4.224474375000000000e+05,4.194896875000000000e+05,4.145455937500000000e+05,4.096425625000000000e+05,4.062351875000000000e+05,4.005416250000000000e+05,3.930038750000000000e+05,3.841038437500000000e+05,3.810216250000000000e+05,3.765322500000000000e+05,3.710791250000000000e+05,3.652015625000000000e+05,3.593211250000000000e+05,3.537861250000000000e+05,3.530923437500000000e+05,3.626725625000000000e+05,3.718258437500000000e+05,3.807670937500000000e+05,3.895810000000000000e+05,3.981809687500000000e+05,4.062650312500000000e+05,4.133928437500000000e+05,4.188056562500000000e+05,4.215686250000000000e+05,4.229788750000000000e+05,4.298167500000000000e+05,4.319334687500000000e+05,4.264288437500000000e+05,4.100600625000000000e+05,3.794798750000000000e+05,3.304831250000000000e+05,2.556956093750000000e+05,1.542485156250000000e+05,5.899891406250000000e+04
5.164672500000000000e+05,5.161635937500000000e+05,5.150411250000000000e+05,5.127122500000000000e+05,5.087437187500000000e+05,5.027112500000000000e+05,4.948042500000000000e+05,4.852633750000000000e+05,4.730807187500000000e+05,4.586823750000000000e+05,4.425831875000000000e+05,4.264948125000000000e+05,4.111517187500000000e+05,3.953202187500000000e+05,3.795449375000000000e+05,3.642851562500000000e+05,3.498758437500000000e+05,3.391956250000000000e+05,3.298416562500000000e+05,3.214520312500000000e+05,3.140664687500000000e+05,3.076075000000000000e+05,3.018966562500000000e+05,2.979277500000000000e+05,2.972368750000000000e+05,2.961639375000000000e+05,2.943207812500000000e+05,2.912479375000000000e+05,2.864422500000000000e+05,2.793082812500000000e+05,2.847886875000000000e+05,2.866185937500000000e+05,2.821611250000000000e+05,2.701507187500000000e+05,2.489746093750000000e+05,2.200353437500000000e+05,1.936838125000000000e+05,1.598704375000000000e+05,1.107048984375000000e+05,4.916814843750000000e+04,1.120466308593750000e+04
1.039545437500000000e+06,1.041582312500000000e+06,1.046817375000000000e+06,1.053900125000000000e+06,1.064322000000000000e+06,1.073820000000000000e+06,1.080695500000000000e+06,1.083514625000000000e+06,1.083359500000000000e+06,1.086804125000000000e+06,1.087484250000000000e+06,1.086275500000000000e+06,1.083475125000000000e+06,1.092583750000000000e+06,1.100371875000000000e+06,1.105911625000000000e+06,1.109749875000000000e+06,1.126823125000000000e+06,1.150210125000000000e+06,1.171176250000000000e+06,1.190114750000000000e+06,1.207277875000000000e+06,1.247036250000000000e+06,1.331967750000000000e+06,1.410158375000000000e+06,1.481156375000000000e+06,1.544029375000000000e+06,1.597254500000000000e+06,1.638757125000000000e+06,1.665070375000000000e+06,1.698656625000000000e+06,1.737643250000000000e+06,1.754918750000000000e+06,1.738839750000000000e+06,1.671165000000000000e+06,1.540493750000000000e+06,1.353821750000000000e+06,1.100771500000000000e+06,7.161548125000000000e+05,2.662301875000000000e+05,3.783638281250000000e+04
2.256413500000000000e+06,2.252633500000000000e+06,2.241552750000000000e+06,2.223526500000000000e+06,2.198877500000000000e+06,2.167910500000000000e+06,2.130926750000000000e+06,2.088267125000000000e+06,2.044014125000000000e+06,2.001908500000000000e+06,1.956509875000000000e+06,1.908589000000000000e+06,1.858928250000000000e+06,1.808331250000000000e+06,1.757640375000000000e+06,1.707617375000000000e+06,1.658889625000000000e+06,1.612075125000000000e+06,1.573619125000000000e+06,1.547584000000000000e+06,1.523052750000000000e+06,1.500034375000000000e+06,1.478285625000000000e+06,1.457455750000000000e+06,1.436777875000000000e+06,1.415305500000000000e+06,1.391819000000000000e+06,1.399791000000000000e+06,1.428290500000000000e+06,1.445462750000000000e+06,1.447547250000000000e+06,1.430320375000000000e+06,1.389421000000000000e+06,1.319175500000000000e+06,1.214411500000000000e+06,1.119770125000000000e+06,9.913462500000000000e+05,8.217888125000000000e+05,5.829321875000000000e+05,2.858403437500000000e+05,7.319359375000000000e+04
4.895459000000000000e+06,4.876251000000000000e+06,4.820893000000000000e+06,4.732703500000000000e+06,4.615006000000000000e+06,4.471254500000000000e+06,4.305122000000000000e+06,4.120717250000000000e+06,3.934604750000000000e+06,3.753545250000000000e+06,3.571763000000000000e+06,3.395598000000000000e+06,3.229404500000000000e+06,3.076373250000000000e+06,2.939445250000000000e+06,2.820360750000000000e+06,2.719416500000000000e+06,2.636798000000000000e+06,2.582983750000000000e+06,2.558808500000000000e+06,2.549181500000000000e+06,2.553151500000000000e+06,2.569509500000000000e+06,2.596992250000000000e+06,2.634176250000000000e+06,2.679511750000000000e+06,2.731372750000000000e+06,2.821870500000000000e+06,3.016153500000000000e+06,3.214490500000000000e+06,3.409996500000000000e+06,3.594977000000000000e+06,3.760532750000000000e+06,3.875741750000000000e+06,3.876301750000000000e+06,3.886113750000000000e+06,3.820422250000000000e+06,3.552618250000000000e+06,2.548206250000000000e+06,8.672666250000000000e+05,4.733298046875000000e+04
2.069056250000000000e+06,2.069654000000000000e+06,2.070884625000000000e+06,2.071790000000000000e+06,2.071294250000000000e+06,2.069179000000000000e+06,2.067025250000000000e+06,2.060261500000000000e+06,2.048254125000000000e+06,2.030814250000000000e+06,2.007845250000000000e+06,1.982158750000000000e+06,1.954822625000000000e+06,1.921290125000000000e+06,1.881592000000000000e+06,1.835916250000000000e+06,1.795821875000000000e+06,1.750812750000000000e+06,1.699370000000000000e+06,1.641909750000000000e+06,1.587635875000000000e+06,1.537081125000000000e+06,1.478911875000000000e+06,1.413723375000000000e+06,1.342059000000000000e+06,1.283122375000000000e+06,1.220917875000000000e+06,1.149207375000000000e+06,1.068873250000000000e+06,9.807958125000000000e+05,9.229782500000000000e+05,8.728354375000000000e+05,8.027846875000000000e+05,7.150179375000000000e+05,6.115562500000000000e+05,4.987045312500000000e+05,4.038100625000000000e+05,3.051211250000000000e+05,1.946909687500000000e+05,8.171050781250000000e+04,1.771171289062500000e+04
1.460598500000000000e+06,1.463757250000000000e+06,1.472625500000000000e+06,1.486290125000000000e+06,1.503836250000000000e+06,1.524878875000000000e+06,1.550249125000000000e+06,1.576956750000000000e+06,1.604811625000000000e+06,1.634094500000000000e+06,1.665105125000000000e+06,1.698116875000000000e+06,1.733066625000000000e+06,1.773034125000000000e+06,1.816051125000000000e+06,1.860362875000000000e+06,1.905701000000000000e+06,1.951769875000000000e+06,1.998122625000000000e+06,2.054316375000000000e+06,2.111487750000000000e+06,2.166610000000000000e+06,2.218338250000000000e+06,2.265125500000000000e+06,2.322748750000000000e+06,2.379447000000000000e+06,2.423301000000000000e+06,2.450507250000000000e+06,2.456840250000000000e+06,2.489064250000000000e+06,2.486344250000000000e+06,2.440629000000000000e+06,2.346005250000000000e+06,2.323829500000000000e+06,2.270601500000000000e+06,2.092567375000000000e+06,1.804931875000000000e+06,1.477164875000000000e+06,1.030170437500000000e+06,4.346461875000000000e+05,6.300225000000000000e+04
6.966099000000000000e+06,6.967390500000000000e+06,6.968940000000000000e+06,6.967027500000000000e+06,6.957742500000000000e+06,6.948396500000000000e+06,6.966188000000000000e+06,6.966478500000000000e+06,6.947915500000000000e+06,6.911901000000000000e+06,6.859995500000000000e+06,6.793667000000000000e+06,6.712738500000000000e+06,6.616439000000000000e+06,6.504364500000000000e+06,6.376493000000000000e+06,6.429521000000000000e+06,6.494343500000000000e+06,6.523206000000000000e+06,6.514736000000000000e+06,6.467841000000000000e+06,6.381727500000000000e+06,6.255832000000000000e+06,6.089842000000000000e+06,5.883604500000000000e+06,5.637278000000000000e+06,5.351537500000000000e+06,5.121148000000000000e+06,4.867483000000000000e+06,4.572775000000000000e+06,4.235187500000000000e+06,3.855589250000000000e+06,3.437328750000000000e+06,2.981725000000000000e+06,2.488220000000000000e+06,1.971526625000000000e+06,1.470972625000000000e+06,1.001842562500000000e+06,5.303209375000000000e+05,1.419326718750000000e+05,8.930794921875000000e+03
1.088315156250000000e+05,1.092409296875000000e+05,1.103979765625000000e+05,1.121342031250000000e+05,1.140310703125000000e+05,1.157740859375000000e+05,1.170590781250000000e+05,1.178838125000000000e+05,1.181526250000000000e+05,1.177935234375000000e+05,1.169561093750000000e+05,1.158151250000000000e+05,1.151521562500000000e+05,1.140918671875000000e+05,1.126285781250000000e+05,1.107925234375000000e+05,1.093568671875000000e+05,1.081286093750000000e+05,1.065592890625000000e+05,1.046938906250000000e+05,1.025745781250000000e+05,1.010136328125000000e+05,1.000894687500000000e+05,9.878553906250000000e+04,9.712455468750000000e+04,9.511993750000000000e+04,9.277317187500000000e+04,9.218824218750000000e+04,9.403878125000000000e+04,9.494640625000000000e+04,9.489804687500000000e+04,9.380014062500000000e+04,9.150898437500000000e+04,8.809692187500000000e+04,8.629420312500000000e+04,8.544397656250000000e+04,8.247864062500000000e+04,7.712136718750000000e+04,7.616488281250000000e+04,8.224785937500000000e+04,6.399960546875000000e+04
3.713411250000000000e+06,3.700251000000000000e+06,3.662100500000000000e+06,3.600712250000000000e+06,3.517685250000000000e+06,3.414657500000000000e+06,3.293466250000000000e+06,3.156378750000000000e+06,3.007281250000000000e+06,2.851106250000000000e+06,2.785940000000000000e+06,2.722023000000000000e+06,2.650756250000000000e+06,2.575486250000000000e+06,2.499913000000000000e+06,2.427351250000000000e+06,2.360238500000000000e+06,2.300724000000000000e+06,2.250270750000000000e+06,2.209399000000000000e+06,2.178317250000000000e+06,2.176284250000000000e+06,2.201899500000000000e+06,2.238231500000000000e+06,2.284836000000000000e+06,2.341255750000000000e+06,2.407083250000000000e+06,2.481969250000000000e+06,2.565164250000000000e+06,2.653934750000000000e+06,2.744682750000000000e+06,2.834182750000000000e+06,2.918939750000000000e+06,2.978956000000000000e+06,2.970185750000000000e+06,2.866116250000000000e+06,2.689799250000000000e+06,2.374921500000000000e+06,1.604178000000000000e+06,5.273859375000000000e+05,4.119924218750000000e+04
1.967637750000000000e+06,1.967909750000000000e+06,1.968501375000000000e+06,1.969039375000000000e+06,1.969108625000000000e+06,1.968259875000000000e+06,1.966019375000000000e+06,1.961916625000000000e+06,1.955686125000000000e+06,1.950396375000000000e+06,1.947195375000000000e+06,1.941578375000000000e+06,1.933087625000000000e+06,1.921173000000000000e+06,1.905323375000000000e+06,1.885025125000000000e+06,1.861911375000000000e+06,1.846661250000000000e+06,1.824341250000000000e+06,1.794401375000000000e+06,1.756357125000000000e+06,1.709855000000000000e+06,1.654672625000000000e+06,1.606101125000000000e+06,1.555092250000000000e+06,1.492294500000000000e+06,1.417953875000000000e+06,1.332572375000000000e+06,1.236853375000000000e+06,1.151130750000000000e+06,1.097908875000000000e+06,1.022689000000000000e+06,9.274324375000000000e+05,8.142921875000000000e+05,6.852227500000000000e+05,5.542481875000000000e+05,4.393693125000000000e+05,3.227245937500000000e+05,1.934278281250000000e+05,6.525512500000000000e+04,6.903272460937500000e+03
6.745163125000000000e+05,6.732703125000000000e+05,6.697747500000000000e+05,6.643708750000000000e+05,6.573748750000000000e+05,6.490843125000000000e+05,6.397843750000000000e+05,6.297627500000000000e+05,6.193934375000000000e+05,6.091152500000000000e+05,5.994960000000000000e+05,5.923352500000000000e+05,5.864109375000000000e+05,5.818877500000000000e+05,5.789613125000000000e+05,5.777548125000000000e+05,5.789905000000000000e+05,5.847222500000000000e+05,5.920813125000000000e+05,6.009863125000000000e+05,6.113446875000000000e+05,6.230528125000000000e+05,6.424789375000000000e+05,6.633326250000000000e+05,6.851123750000000000e+05,7.076660625000000000e+05,7.308516250000000000e+05,7.658720000000000000e+05,8.044899375000000000e+05,8.426002500000000000e+05,8.788643125000000000e+05,9.124362500000000000e+05,9.967550625000000000e+05,1.091442750000000000e+06,1.155798625000000000e+06,1.173913625000000000e+06,1.158227750000000000e+06,1.145716125000000000e+06,8.617543750000000000e+05,2.806996875000000000e+05,7.822954589843750000e+03
3.581978500000000000e+06,3.584087500000000000e+06,3.588479750000000000e+06,3.595924500000000000e+06,3.604522500000000000e+06,3.605545500000000000e+06,3.594525500000000000e+06,3.567686500000000000e+06,3.539071250000000000e+06,3.507030000000000000e+06,3.458361000000000000e+06,3.394879750000000000e+06,3.347648250000000000e+06,3.302925250000000000e+06,3.243706500000000000e+06,3.173462250000000000e+06,3.121363750000000000e+06,3.096851000000000000e+06,3.062796000000000000e+06,3.023274000000000000e+06,2.981880750000000000e+06,2.941466250000000000e+06,3.009028000000000000e+06,3.115498750000000000e+06,3.214337000000000000e+06,3.308700500000000000e+06,3.400607250000000000e+06,3.490751500000000000e+06,3.578464000000000000e+06,3.659015750000000000e+06,3.725710250000000000e+06,3.871926750000000000e+06,4.021753250000000000e+06,4.137672500000000000e+06,4.158919500000000000e+06,4.041255750000000000e+06,3.799174750000000000e+06,3.341280500000000000e+06,2.259999000000000000e+06,7.358102500000000000e+05,4.531595312500000000e+04
1.198822750000000000e+06,1.198422250000000000e+06,1.196694750000000000e+06,1.192513125000000000e+06,1.184560625000000000e+06,1.171611000000000000e+06,1.154484875000000000e+06,1.134724250000000000e+06,1.109005750000000000e+06,1.079106125000000000e+06,1.056781250000000000e+06,1.033703750000000000e+06,1.010755687500000000e+06,9.971259375000000000e+05,9.906443750000000000e+05,9.849800000000000000e+05,9.809716250000000000e+05,9.858542500000000000e+05,1.004160500000000000e+06,1.023048062500000000e+06,1.042814812500000000e+06,1.063613750000000000e+06,1.085490875000000000e+06,1.108419125000000000e+06,1.185348875000000000e+06,1.262111500000000000e+06,1.339099250000000000e+06,1.416557625000000000e+06,1.494402125000000000e+06,1.571299750000000000e+06,1.645288375000000000e+06,1.714525375000000000e+06,1.785867875000000000e+06,1.893321250000000000e+06,1.974129000000000000e+06,2.009090500000000000e+06,2.004011750000000000e+06,1.901235500000000000e+06,1.439762625000000000e+06,6.191671875000000000e+05,1.050340937500000000e+05
1.089380375000000000e+06,1.086547625000000000e+06,1.078328750000000000e+06,1.065136250000000000e+06,1.047383687500000000e+06,1.025497062500000000e+06,9.999231875000000000e+05,9.839344375000000000e+05,9.684232500000000000e+05,9.509803125000000000e+05,9.323153125000000000e+05,9.131686875000000000e+05,8.940113125000000000e+05,8.751845000000000000e+05,8.570522500000000000e+05,8.398505625000000000e+05,8.236191250000000000e+05,8.083733125000000000e+05,7.939853750000000000e+05,7.801177500000000000e+05,7.663968750000000000e+05,7.523490000000000000e+05,7.374105000000000000e+05,7.209959375000000000e+05,7.024746875000000000e+05,6.812091250000000000e+05,6.638008125000000000e+05,6.465998750000000000e+05,6.254654375000000000e+05,5.996166250000000000e+05,5.682901875000000000e+05,5.309611875000000000e+05,4.873325000000000000e+05,4.367823750000000000e+05,3.783338125000000000e+05,3.129360625000000000e+05,2.452595781250000000e+05,1.771971718750000000e+05,1.024528593750000000e+05,3.300576171875000000e+04,4.466648437500000000e+03
4.722826500000000000e+06,4.712918000000000000e+06,4.683920500000000000e+06,4.636851500000000000e+06,4.572663500000000000e+06,4.492278500000000000e+06,4.396629500000000000e+06,4.286793000000000000e+06,4.164976750000000000e+06,4.034061750000000000e+06,3.915072750000000000e+06,3.795734250000000000e+06,3.674244500000000000e+06,3.552584250000000000e+06,3.432826000000000000e+06,3.316805250000000000e+06,3.205996000000000000e+06,3.101878500000000000e+06,3.012567250000000000e+06,2.960274500000000000e+06,2.913955000000000000e+06,2.874095250000000000e+06,2.840772750000000000e+06,2.813905250000000000e+06,2.792651500000000000e+06,2.775834250000000000e+06,2.811733500000000000e+06,2.929478500000000000e+06,3.040067500000000000e+06,3.137090750000000000e+06,3.212095750000000000e+06,3.255075000000000000e+06,3.254715250000000000e+06,3.188678750000000000e+06,3.103181000000000000e+06,2.949426000000000000e+06,2.697823250000000000e+06,2.301983500000000000e+06,1.556775500000000000e+06,5.618819375000000000e+05,5.584587109375000000e+04
5.811193000000000000e+06,5.781292000000000000e+06,5.721358000000000000e+06,5.630140000000000000e+06,5.499495500000000000e+06,5.328750000000000000e+06,5.119604500000000000e+06,4.877090000000000000e+06,4.613276000000000000e+06,4.343671500000000000e+06,4.226708000000000000e+06,4.170840500000000000e+06,4.112774000000000000e+06,4.057777500000000000e+06,4.010934250000000000e+06,3.976316000000000000e+06,3.956096750000000000e+06,3.951149750000000000e+06,3.961017750000000000e+06,4.015614500000000000e+06,4.126836000000000000e+06,4.250302000000000000e+06,4.383620000000000000e+06,4.524296000000000000e+06,4.669628000000000000e+06,4.816715000000000000e+06,4.961916000000000000e+06,5.100481500000000000e+06,5.226197000000000000e+06,5.327741000000000000e+06,5.391456000000000000e+06,5.402522000000000000e+06,5.344911500000000000e+06,5.183330000000000000e+06,4.858823500000000000e+06,4.349860000000000000e+06,3.713394750000000000e+06,2.923857250000000000e+06,1.752926000000000000e+06,5.056084062500000000e+05,3.018830468750000000e+04
4.993950312500000000e+05,4.977527812500000000e+05,4.930481250000000000e+05,4.855914375000000000e+05,4.756766250000000000e+05,4.635970312500000000e+05,4.496581875000000000e+05,4.342042500000000000e+05,4.177820312500000000e+05,4.010491250000000000e+05,3.846568437500000000e+05,3.709365625000000000e+05,3.595703125000000000e+05,3.493215000000000000e+05,3.403531875000000000e+05,3.327329375000000000e+05,3.263849062500000000e+05,3.215930312500000000e+05,3.222475000000000000e+05,3.233702187500000000e+05,3.247412500000000000e+05,3.261021562500000000e+05,3.271536562500000000e+05,3.275704062500000000e+05,3.323243125000000000e+05,3.468151562500000000e+05,3.585624375000000000e+05,3.670542187500000000e+05,3.717548750000000000e+05,3.721717500000000000e+05,3.678338750000000000e+05,3.582078125000000000e+05,3.462382812500000000e+05,3.368102187500000000e+05,3.227920625000000000e+05,3.030135937500000000e+05,2.738841562500000000e+05,2.350868437500000000e+05,1.957745312500000000e+05,1.563124218750000000e+05,9.021650000000000000e+04
2.966849250000000000e+06,2.965367000000000000e+06,2.959884000000000000e+06,2.948690000000000000e+06,2.929979000000000000e+06,2.901985000000000000e+06,2.885079750000000000e+06,2.912628750000000000e+06,2.926209750000000000e+06,2.927599000000000000e+06,2.918852000000000000e+06,2.902047000000000000e+06,2.877874750000000000e+06,2.846585750000000000e+06,2.808835750000000000e+06,2.765861250000000000e+06,2.719387500000000000e+06,2.671228000000000000e+06,2.622986000000000000e+06,2.614478750000000000e+06,2.622162500000000000e+06,2.635301750000000000e+06,2.654210750000000000e+06,2.679171250000000000e+06,2.710118750000000000e+06,2.746856750000000000e+06,2.788895250000000000e+06,2.835300000000000000e+06,2.884522500000000000e+06,2.932584000000000000e+06,2.974418250000000000e+06,3.004158500000000000e+06,3.014933250000000000e+06,2.987448750000000000e+06,2.885961750000000000e+06,2.690231250000000000e+06,2.417308250000000000e+06,2.030600875000000000e+06,1.351748500000000000e+06,5.097745625000000000e+05,7.737957031250000000e+04
4.900420500000000000e+06,4.883560000000000000e+06,4.834751500000000000e+06,4.756715500000000000e+06,4.652238000000000000e+06,4.524160000000000000e+06,4.375368500000000000e+06,4.208922000000000000e+06,4.029286000000000000e+06,3.841632500000000000e+06,3.650922000000000000e+06,3.461754500000000000e+06,3.285794750000000000e+06,3.124663250000000000e+06,2.972679000000000000e+06,2.831783000000000000e+06,2.703107000000000000e+06,2.587709750000000000e+06,2.486106500000000000e+06,2.398059250000000000e+06,2.323321000000000000e+06,2.261192750000000000e+06,2.233063500000000000e+06,2.218032000000000000e+06,2.210865250000000000e+06,2.209884500000000000e+06,2.212935250000000000e+06,2.217182000000000000e+06,2.219185750000000000e+06,2.256840250000000000e+06,2.360817250000000000e+06,2.440460250000000000e+06,2.484765000000000000e+06,2.474712500000000000e+06,2.380290000000000000e+06,2.193903500000000000e+06,2.021466250000000000e+06,1.743780250000000000e+06,1.211309875000000000e+06,4.671443437500000000e+05,5.367953125000000000e+04
5.673631500000000000e+06,5.688906000000000000e+06,5.731522500000000000e+06,5.796425500000000000e+06,5.878313000000000000e+06,5.971740000000000000e+06,6.071216500000000000e+06,6.171373000000000000e+06,6.327592500000000000e+06,6.486206500000000000e+06,6.632151000000000000e+06,6.760924500000000000e+06,6.870475000000000000e+06,7.062493500000000000e+06,7.246087000000000000e+06,7.399737000000000000e+06,7.526263000000000000e+06,7.628788500000000000e+06,7.710959500000000000e+06,7.860861500000000000e+06,8.242679500000000000e+06,8.594410000000000000e+06,8.923813000000000000e+06,9.238450000000000000e+06,9.544176000000000000e+06,9.846159000000000000e+06,1.014880500000000000e+07,1.045550800000000000e+07,1.076734100000000000e+07,1.107485100000000000e+07,1.152892500000000000e+07,1.213397700000000000e+07,1.279229200000000000e+07,1.342550800000000000e+07,1.381776700000000000e+07,1.383166600000000000e+07,1.360377200000000000e+07,1.269420700000000000e+07,8.856442000000000000e+06,2.640675000000000000e+06,6.867174218750000000e+04
7.525490625000000000e+04,7.519703125000000000e+04,7.497553125000000000e+04,7.450688281250000000e+04,7.370286718750000000e+04,7.248267187500000000e+04,7.080307812500000000e+04,6.901117968750000000e+04,6.674517968750000000e+04,6.416198828125000000e+04,6.141659765625000000e+04,5.865047656250000000e+04,5.642284765625000000e+04,5.435445703125000000e+04,5.235280468750000000e+04,5.047038281250000000e+04,4.874852734375000000e+04,4.765582421875000000e+04,4.708019140625000000e+04,4.663482421875000000e+04,4.633529296875000000e+04,4.618739062500000000e+04,4.618723046875000000e+04,4.671920312500000000e+04,4.933704296875000000e+04,5.196186328125000000e+04,5.459033984375000000e+04,5.720140625000000000e+04,5.975911718750000000e+04,6.220875000000000000e+04,6.447564062500000000e+04,6.641260937500000000e+04,6.994535937500000000e+04,7.347000781250000000e+04,7.681476562500000000e+04,7.948440625000000000e+04,7.980550000000000000e+04,7.680293750000000000e+04,7.320441406250000000e+04,6.852780468750000000e+04,4.649076562500000000e+04
1.454032125000000000e+06,1.444838375000000000e+06,1.418855500000000000e+06,1.378280375000000000e+06,1.325257375000000000e+06,1.262094125000000000e+06,1.191389375000000000e+06,1.119092000000000000e+06,1.049569125000000000e+06,9.813996250000000000e+05,9.181988750000000000e+05,8.632090625000000000e+05,8.255977500000000000e+05,7.966503750000000000e+05,7.745270625000000000e+05,7.589391250000000000e+05,7.490929375000000000e+05,7.566576875000000000e+05,7.669994375000000000e+05,7.790698750000000000e+05,7.918730000000000000e+05,8.044644375000000000e+05,8.159680000000000000e+05,8.409566875000000000e+05,8.854610000000000000e+05,9.241948125000000000e+05,9.559346875000000000e+05,9.792749375000000000e+05,9.926270625000000000e+05,9.940150000000000000e+05,9.813726250000000000e+05,9.528185625000000000e+05,9.191586875000000000e+05,8.825399375000000000e+05,8.237787500000000000e+05,7.400631875000000000e+05,6.344903125000000000e+05,5.060539687500000000e+05,3.387217812500000000e+05,1.516703906250000000e+05,3.717642187500000000e+04
1.696770250000000000e+06,1.685925125000000000e+06,1.655731750000000000e+06,1.609580000000000000e+06,1.550741000000000000e+06,1.485349750000000000e+06,1.414241500000000000e+06,1.339905250000000000e+06,1.265466750000000000e+06,1.194135000000000000e+06,1.131658875000000000e+06,1.080140125000000000e+06,1.038173312500000000e+06,1.005490375000000000e+06,9.856183750000000000e+05,9.782456875000000000e+05,9.779913750000000000e+05,9.840313750000000000e+05,1.000221750000000000e+06,1.028761250000000000e+06,1.060060750000000000e+06,1.093382750000000000e+06,1.128140375000000000e+06,1.180679750000000000e+06,1.238504750000000000e+06,1.295708875000000000e+06,1.352033250000000000e+06,1.407436750000000000e+06,1.486982875000000000e+06,1.633996875000000000e+06,1.777587500000000000e+06,1.916205125000000000e+06,2.049047875000000000e+06,2.159705500000000000e+06,2.209466250000000000e+06,2.281286750000000000e+06,2.329852250000000000e+06,2.272091250000000000e+06,1.629349000000000000e+06,4.457194375000000000e+05,1.458610717773437500e+03
3.067417250000000000e+06,3.062068250000000000e+06,3.046354000000000000e+06,3.020731500000000000e+06,2.985614250000000000e+06,2.941391750000000000e+06,2.888447000000000000e+06,2.827210750000000000e+06,2.758528750000000000e+06,2.683520250000000000e+06,2.603355250000000000e+06,2.519229250000000000e+06,2.479897750000000000e+06,2.449648250000000000e+06,2.414379250000000000e+06,2.374521250000000000e+06,2.330517500000000000e+06,2.282933750000000000e+06,2.232259500000000000e+06,2.178769750000000000e+06,2.122734000000000000e+06,2.064175875000000000e+06,2.002874500000000000e+06,1.938526625000000000e+06,1.870480125000000000e+06,1.797961625000000000e+06,1.733093375000000000e+06,1.680031375000000000e+06,1.619822500000000000e+06,1.550324000000000000e+06,1.469342125000000000e+06,1.375089250000000000e+06,1.266201750000000000e+06,1.140332250000000000e+06,9.941132500000000000e+05,8.291254375000000000e+05,6.561955625000000000e+05,4.792617500000000000e+05,2.832498125000000000e+05,9.902389843750000000e+04,1.530384570312500000e+04
5.326745625000000000e+05,5.300455000000000000e+05,5.226917812500000000e+05,5.117465312500000000e+05,4.977854687500000000e+05,4.815763125000000000e+05,4.638833125000000000e+05,4.454635625000000000e+05,4.271303437500000000e+05,4.097036250000000000e+05,3.939616875000000000e+05,3.805917812500000000e+05,3.697640625000000000e+05,3.614132500000000000e+05,3.555064375000000000e+05,3.533636875000000000e+05,3.533080937500000000e+05,3.551343125000000000e+05,3.586265625000000000e+05,3.635425937500000000e+05,3.696299687500000000e+05,3.766524062500000000e+05,3.879147812500000000e+05,3.997488750000000000e+05,4.118644687500000000e+05,4.239372500000000000e+05,4.355591250000000000e+05,4.489278750000000000e+05,4.664985937500000000e+05,4.813775937500000000e+05,4.920908437500000000e+05,4.970470000000000000e+05,5.107392812500000000e+05,5.364324375000000000e+05,5.405014375000000000e+05,5.164556562500000000e+05,4.669107812500000000e+05,4.159236875000000000e+05,2.981218125000000000e+05,1.132439609375000000e+05,1.049252734375000000e+04
9.782188750000000000e+05,9.789739375000000000e+05,9.806831250000000000e+05,9.824162500000000000e+05,9.831631250000000000e+05,9.846266875000000000e+05,9.860486875000000000e+05,9.835558750000000000e+05,9.767486250000000000e+05,9.657288125000000000e+05,9.557776250000000000e+05,9.480624375000000000e+05,9.357126250000000000e+05,9.188306875000000000e+05,8.976893125000000000e+05,8.863590000000000000e+05,8.729110000000000000e+05,8.544421250000000000e+05,8.317488125000000000e+05,8.055710000000000000e+05,7.839533125000000000e+05,7.921535000000000000e+05,7.918536875000000000e+05,7.841065625000000000e+05,7.697893750000000000e+05,7.496410000000000000e+05,7.242362500000000000e+05,6.939780625000000000e+05,6.591881875000000000e+05,6.252013750000000000e+05,5.974138750000000000e+05,5.653383750000000000e+05,5.283556250000000000e+05,4.861720000000000000e+05,4.389128125000000000e+05,3.861286562500000000e+05,3.263489375000000000e+05,2.608132812500000000e+05,1.958202031250000000e+05,1.328375468750000000e+05,6.639994531250000000e+04
1.043777578125000000e+05,1.041649687500000000e+05,1.038867734375000000e+05,1.033501953125000000e+05,1.024516640625000000e+05,1.011148359375000000e+05,9.928846093750000000e+04,9.696442187500000000e+04,9.427229687500000000e+04,9.144562500000000000e+04,8.986223437500000000e+04,8.837735156250000000e+04,8.703822656250000000e+04,8.582289843750000000e+04,8.471601562500000000e+04,8.370097656250000000e+04,8.284538281250000000e+04,8.571279687500000000e+04,8.823425000000000000e+04,9.038552343750000000e+04,9.212909375000000000e+04,9.343779687500000000e+04,9.429576562500000000e+04,9.468478125000000000e+04,9.460073437500000000e+04,9.404385156250000000e+04,9.301460156250000000e+04,9.328290625000000000e+04,9.350393750000000000e+04,9.346409375000000000e+04,9.318449218750000000e+04,9.257672656250000000e+04,9.147089062500000000e+04,9.001591406250000000e+04,8.882938281250000000e+04,8.764236718750000000e+04,8.396905468750000000e+04,7.785117968750000000e+04,7.836928906250000000e+04,8.836573437500000000e+04,6.998664843750000000e+04
5.556201250000000000e+05,5.594526875000000000e+05,5.698569375000000000e+05,5.851263125000000000e+05,6.060780000000000000e+05,6.288234375000000000e+05,6.510378125000000000e+05,6.745316875000000000e+05,6.945420625000000000e+05,7.115463750000000000e+05,7.299505000000000000e+05,7.421079375000000000e+05,7.501261250000000000e+05,7.613182500000000000e+05,7.644788750000000000e+05,7.602296250000000000e+05,7.528399375000000000e+05,7.501823750000000000e+05,7.406469375000000000e+05,7.254400000000000000e+05,7.056673750000000000e+05,6.822220000000000000e+05,6.558073750000000000e+05,6.472898125000000000e+05,6.416635625000000000e+05,6.304003125000000000e+05,6.139441875000000000e+05,5.925403125000000000e+05,5.663988125000000000e+05,5.356763125000000000e+05,5.005424687500000000e+05,4.611292500000000000e+05,4.285231250000000000e+05,3.951450937500000000e+05,3.585148125000000000e+05,3.180072812500000000e+05,2.715317187500000000e+05,2.197587812500000000e+05,1.691064531250000000e+05,1.197038593750000000e+05,6.134726171875000000e+04
1.336408500000000000e+06,1.336797625000000000e+06,1.337295500000000000e+06,1.336807750000000000e+06,1.334163250000000000e+06,1.360029625000000000e+06,1.393903625000000000e+06,1.423189125000000000e+06,1.445109750000000000e+06,1.457446125000000000e+06,1.458355875000000000e+06,1.446576625000000000e+06,1.422370750000000000e+06,1.386829500000000000e+06,1.341255875000000000e+06,1.287309250000000000e+06,1.236986625000000000e+06,1.190049250000000000e+06,1.138136375000000000e+06,1.082595750000000000e+06,1.024780187500000000e+06,9.657749375000000000e+05,9.064066875000000000e+05,8.473851250000000000e+05,7.891009375000000000e+05,7.318150000000000000e+05,6.756553125000000000e+05,6.206022500000000000e+05,5.666191875000000000e+05,5.136305625000000000e+05,4.615640000000000000e+05,4.103082812500000000e+05,3.597874687500000000e+05,3.101575937500000000e+05,2.617653125000000000e+05,2.147390781250000000e+05,1.690983593750000000e+05,1.258960468750000000e+05,8.694516406250000000e+04,5.271532031250000000e+04,2.467680664062500000e+04
6.515416015625000000e+04,6.517414453125000000e+04,6.520267968750000000e+04,6.518875000000000000e+04,6.507917968750000000e+04,6.503655859375000000e+04,6.484985546875000000e+04,6.441864453125000000e+04,6.376875390625000000e+04,6.297050781250000000e+04,6.209450390625000000e+04,6.120653906250000000e+04,6.048812890625000000e+04,6.013919140625000000e+04,5.981987109375000000e+04,5.955087890625000000e+04,5.935370312500000000e+04,5.925025390625000000e+04,5.925568750000000000e+04,5.968885937500000000e+04,6.072917578125000000e+04,6.186015234375000000e+04,6.308450390625000000e+04,6.440239843750000000e+04,6.580792968750000000e+04,6.729128906250000000e+04,6.926714062500000000e+04,7.443325000000000000e+04,7.967728906250000000e+04,8.494045312500000000e+04,9.013321875000000000e+04,9.507381250000000000e+04,9.949251562500000000e+04,1.030132968750000000e+05,1.082157265625000000e+05,1.136706484375000000e+05,1.164839062500000000e+05,1.145828984375000000e+05,1.071581718750000000e+05,9.084112500000000000e+04,5.458501953125000000e+04
5.467249500000000000e+06,5.456308000000000000e+06,5.423226000000000000e+06,5.367277000000000000e+06,5.287644000000000000e+06,5.183801500000000000e+06,5.055809500000000000e+06,4.904884000000000000e+06,4.741467500000000000e+06,4.694409500000000000e+06,4.636365000000000000e+06,4.575544000000000000e+06,4.515085500000000000e+06,4.455874500000000000e+06,4.399244500000000000e+06,4.346273500000000000e+06,4.297230500000000000e+06,4.252141500000000000e+06,4.210030500000000000e+06,4.168490250000000000e+06,4.124771000000000000e+06,4.075746250000000000e+06,4.023512500000000000e+06,4.017314500000000000e+06,3.998066000000000000e+06,3.961004000000000000e+06,3.901341000000000000e+06,3.814421750000000000e+06,3.695566250000000000e+06,3.539829000000000000e+06,3.342765000000000000e+06,3.102388250000000000e+06,2.819000750000000000e+06,2.490101750000000000e+06,2.110626000000000000e+06,1.692697125000000000e+06,1.276296500000000000e+06,8.745775625000000000e+05,4.475998750000000000e+05,9.630932031250000000e+04,1.135507202148437500e+03
1.983035000000000000e+06,1.985554375000000000e+06,1.990834750000000000e+06,1.996656750000000000e+06,2.007921375000000000e+06,2.011229875000000000e+06,2.002188500000000000e+06,1.977573750000000000e+06,1.938850000000000000e+06,1.908710000000000000e+06,1.870562875000000000e+06,1.827982000000000000e+06,1.782985625000000000e+06,1.736729125000000000e+06,1.694432250000000000e+06,1.673438375000000000e+06,1.652134250000000000e+06,1.632484500000000000e+06,1.615901250000000000e+06,1.603089875000000000e+06,1.594598500000000000e+06,1.590696250000000000e+06,1.628762875000000000e+06,1.700932375000000000e+06,1.775873375000000000e+06,1.853786000000000000e+06,1.934523375000000000e+06,2.017527750000000000e+06,2.101568250000000000e+06,2.183162250000000000e+06,2.257656750000000000e+06,2.343294500000000000e+06,2.471452500000000000e+06,2.584134750000000000e+06,2.639385250000000000e+06,2.606831000000000000e+06,2.500242750000000000e+06,2.248732250000000000e+06,1.522592375000000000e+06,4.496243437500000000e+05,1.326416699218750000e+04
1.393300625000000000e+06,1.389238125000000000e+06,1.377815375000000000e+06,1.361050500000000000e+06,1.340180875000000000e+06,1.315265500000000000e+06,1.287110250000000000e+06,1.256551875000000000e+06,1.224404750000000000e+06,1.191538000000000000e+06,1.162076000000000000e+06,1.137692000000000000e+06,1.114053875000000000e+06,1.090789375000000000e+06,1.067590000000000000e+06,1.048636875000000000e+06,1.034939625000000000e+06,1.018468875000000000e+06,9.987796875000000000e+05,9.755215000000000000e+05,9.483526250000000000e+05,9.308590625000000000e+05,9.081266875000000000e+05,8.792713125000000000e+05,8.446080000000000000e+05,8.045265625000000000e+05,7.594845000000000000e+05,7.222810000000000000e+05,7.025048750000000000e+05,6.727566875000000000e+05,6.338373125000000000e+05,5.865544375000000000e+05,5.318460625000000000e+05,4.710525312500000000e+05,4.081553437500000000e+05,3.558779375000000000e+05,2.992574375000000000e+05,2.390232968750000000e+05,1.801774062500000000e+05,1.227474453125000000e+05,6.072053906250000000e+04
1.576000875000000000e+06,1.580279875000000000e+06,1.592706250000000000e+06,1.615607250000000000e+06,1.639375375000000000e+06,1.659132000000000000e+06,1.670321250000000000e+06,1.692145625000000000e+06,1.700595500000000000e+06,1.693759625000000000e+06,1.674799125000000000e+06,1.676642625000000000e+06,1.661664000000000000e+06,1.632231250000000000e+06,1.590842250000000000e+06,1.540206875000000000e+06,1.524008125000000000e+06,1.522462375000000000e+06,1.506475625000000000e+06,1.479168875000000000e+06,1.443145125000000000e+06,1.400147000000000000e+06,1.351210000000000000e+06,1.297061250000000000e+06,1.237931125000000000e+06,1.173867875000000000e+06,1.104870500000000000e+06,1.037578562500000000e+06,9.798108750000000000e+05,9.168368125000000000e+05,8.481943750000000000e+05,7.736945625000000000e+05,6.934378125000000000e+05,6.074872500000000000e+05,5.158381562500000000e+05,4.199742812500000000e+05,3.244060312500000000e+05,2.320405937500000000e+05,1.392038437500000000e+05,5.523683984375000000e+04,1.260790332031250000e+04
7.389399218750000000e+04,7.391139843750000000e+04,7.395178906250000000e+04,7.399476562500000000e+04,7.401703125000000000e+04,7.399317968750000000e+04,7.389649218750000000e+04,7.389149218750000000e+04,7.391919531250000000e+04,7.382452343750000000e+04,7.358896093750000000e+04,7.319713281250000000e+04,7.263505468750000000e+04,7.224685937500000000e+04,7.203361718750000000e+04,7.157222656250000000e+04,7.085670312500000000e+04,6.988571093750000000e+04,6.872764843750000000e+04,6.839502343750000000e+04,6.768125000000000000e+04,6.659347656250000000e+04,6.514130078125000000e+04,6.333623437500000000e+04,6.119086718750000000e+04,6.173212890625000000e+04,6.170526562500000000e+04,6.090936718750000000e+04,5.936694921875000000e+04,5.710595312500000000e+04,5.416031640625000000e+04,5.057514062500000000e+04,4.685545703125000000e+04,4.374031250000000000e+04,4.014916015625000000e+04,3.605430859375000000e+04,3.145513281250000000e+04,2.638178906250000000e+04,2.078028710937500000e+04,1.465468945312500000e+04,9.020973632812500000e+03
1.152945125000000000e+06,1.151955625000000000e+06,1.148578125000000000e+06,1.142115000000000000e+06,1.131811750000000000e+06,1.116922750000000000e+06,1.096771500000000000e+06,1.070869125000000000e+06,1.039548062500000000e+06,1.003735312500000000e+06,9.665373125000000000e+05,9.261961875000000000e+05,8.834168750000000000e+05,8.388556250000000000e+05,7.931916250000000000e+05,7.470724375000000000e+05,7.038455000000000000e+05,6.617452500000000000e+05,6.201371250000000000e+05,5.793105625000000000e+05,5.395148125000000000e+05,5.008902812500000000e+05,4.675652812500000000e+05,4.352607812500000000e+05,4.033704062500000000e+05,3.719004375000000000e+05,3.408450000000000000e+05,3.132620625000000000e+05,2.879888437500000000e+05,2.618420156250000000e+05,2.349543906250000000e+05,2.075319062500000000e+05,1.889133125000000000e+05,1.721429062500000000e+05,1.511932031250000000e+05,1.268571093750000000e+05,1.012201875000000000e+05,8.041565625000000000e+04,5.789350781250000000e+04,3.337810156250000000e+04,1.376082031250000000e+04
1.392909250000000000e+06,1.383182500000000000e+06,1.355956500000000000e+06,1.314194625000000000e+06,1.260857750000000000e+06,1.198863375000000000e+06,1.131053750000000000e+06,1.060185625000000000e+06,9.890688125000000000e+05,9.204602500000000000e+05,8.569353750000000000e+05,8.028938125000000000e+05,7.606682500000000000e+05,7.253913750000000000e+05,6.971212500000000000e+05,6.755956250000000000e+05,6.600837500000000000e+05,6.498851250000000000e+05,6.526771875000000000e+05,6.597906250000000000e+05,6.691030000000000000e+05,6.797825000000000000e+05,6.909717500000000000e+05,7.017241250000000000e+05,7.123739375000000000e+05,7.555573125000000000e+05,7.941610625000000000e+05,8.266659375000000000e+05,8.513198750000000000e+05,8.660103750000000000e+05,8.684563750000000000e+05,8.564180625000000000e+05,8.293945000000000000e+05,8.104176250000000000e+05,7.712086875000000000e+05,7.077840625000000000e+05,6.204801875000000000e+05,5.064611250000000000e+05,3.495226250000000000e+05,1.628816562500000000e+05,4.021258593750000000e+04
2.430602031250000000e+05,2.425279218750000000e+05,2.409582187500000000e+05,2.383894062500000000e+05,2.348588906250000000e+05,2.304058593750000000e+05,2.250737500000000000e+05,2.189196093750000000e+05,2.120844375000000000e+05,2.047553906250000000e+05,1.971160312500000000e+05,1.893411406250000000e+05,1.815728750000000000e+05,1.739355625000000000e+05,1.665487343750000000e+05,1.595115937500000000e+05,1.528984375000000000e+05,1.467787187500000000e+05,1.411999687500000000e+05,1.388603125000000000e+05,1.379129531250000000e+05,1.373832656250000000e+05,1.372953437500000000e+05,1.376710000000000000e+05,1.385097656250000000e+05,1.398022343750000000e+05,1.415187812500000000e+05,1.435989218750000000e+05,1.459621875000000000e+05,1.484691406250000000e+05,1.509389218750000000e+05,1.554521406250000000e+05,1.617345781250000000e+05,1.678389531250000000e+05,1.732140781250000000e+05,1.765788906250000000e+05,1.748825781250000000e+05,1.654064062500000000e+05,1.485815781250000000e+05,1.207782578125000000e+05,6.785638281250000000e+04
2.833635312500000000e+05,2.843755312500000000e+05,2.872688437500000000e+05,2.918326875000000000e+05,2.978588125000000000e+05,3.051396250000000000e+05,3.136412812500000000e+05,3.249197812500000000e+05,3.369164687500000000e+05,3.493013125000000000e+05,3.617381875000000000e+05,3.758585625000000000e+05,3.919977812500000000e+05,4.073720312500000000e+05,4.218275625000000000e+05,4.352896875000000000e+05,4.485516562500000000e+05,4.667525312500000000e+05,4.836888750000000000e+05,4.995436562500000000e+05,5.145114062500000000e+05,5.287889375000000000e+05,5.425751250000000000e+05,5.560611875000000000e+05,5.693756250000000000e+05,6.034840000000000000e+05,6.405265625000000000e+05,6.785731875000000000e+05,7.177611250000000000e+05,7.575222500000000000e+05,7.969759375000000000e+05,8.357058125000000000e+05,8.735818750000000000e+05,9.043515625000000000e+05,9.415710000000000000e+05,9.618233750000000000e+05,9.728146250000000000e+05,9.427141250000000000e+05,6.903143125000000000e+05,2.274674062500000000e+05,1.228506152343750000e+04
2.261193250000000000e+06,2.254918750000000000e+06,2.236212250000000000e+06,2.205048750000000000e+06,2.161356000000000000e+06,2.105246500000000000e+06,2.040706375000000000e+06,1.976779000000000000e+06,1.903693500000000000e+06,1.825961875000000000e+06,1.747959125000000000e+06,1.673554750000000000e+06,1.603908375000000000e+06,1.549877625000000000e+06,1.511863250000000000e+06,1.475707625000000000e+06,1.440945625000000000e+06,1.407039375000000000e+06,1.373207125000000000e+06,1.338325500000000000e+06,1.369260875000000000e+06,1.389211125000000000e+06,1.396845625000000000e+06,1.391267125000000000e+06,1.371931625000000000e+06,1.338476875000000000e+06,1.290866500000000000e+06,1.229527750000000000e+06,1.173721250000000000e+06,1.118360875000000000e+06,1.050454500000000000e+06,9.699888750000000000e+05,8.775665000000000000e+05,7.738073750000000000e+05,6.593316875000000000e+05,5.371639375000000000e+05,4.145451250000000000e+05,2.958401562500000000e+05,1.767254062500000000e+05,7.073278125000000000e+04,1.680191406250000000e+04
8.239443750000000000e+05,8.262973750000000000e+05,8.323930625000000000e+05,8.407121250000000000e+05,8.496929375000000000e+05,8.577965625000000000e+05,8.635628750000000000e+05,8.657757500000000000e+05,8.669722500000000000e+05,8.741313125000000000e+05,8.792075000000000000e+05,8.832745000000000000e+05,8.866580000000000000e+05,8.893513750000000000e+05,8.914101250000000000e+05,8.930566250000000000e+05,9.005181875000000000e+05,9.373009375000000000e+05,9.727994375000000000e+05,1.007435687500000000e+06,1.041589875000000000e+06,1.075618375000000000e+06,1.109847500000000000e+06,1.144549750000000000e+06,1.179843500000000000e+06,1.215765875000000000e+06,1.252281625000000000e+06,1.289270125000000000e+06,1.342041000000000000e+06,1.410371625000000000e+06,1.482395125000000000e+06,1.557064125000000000e+06,1.633050125000000000e+06,1.701019000000000000e+06,1.739176500000000000e+06,1.731315625000000000e+06,1.681665250000000000e+06,1.547749250000000000e+06,1.147236250000000000e+06,5.069022812500000000e+05,1.025570078125000000e+05
2.361607500000000000e+06,2.360308000000000000e+06,2.356449750000000000e+06,2.350034000000000000e+06,2.340999500000000000e+06,2.329238750000000000e+06,2.314616250000000000e+06,2.297001750000000000e+06,2.276453000000000000e+06,2.254180000000000000e+06,2.237701250000000000e+06,2.218970250000000000e+06,2.198168750000000000e+06,2.175540750000000000e+06,2.151411000000000000e+06,2.126097250000000000e+06,2.101035750000000000e+06,2.091914500000000000e+06,2.081214750000000000e+06,2.068945500000000000e+06,2.055091875000000000e+06,2.039394125000000000e+06,2.021348375000000000e+06,2.016093000000000000e+06,2.019738000000000000e+06,2.016193000000000000e+06,2.003813625000000000e+06,1.980507750000000000e+06,1.943945625000000000e+06,1.903129875000000000e+06,1.942275125000000000e+06,1.946595375000000000e+06,1.909816625000000000e+06,1.824638250000000000e+06,1.682217250000000000e+06,1.496359000000000000e+06,1.320534000000000000e+06,1.091111500000000000e+06,7.750845625000000000e+05,3.801949062500000000e+05,9.098719531250000000e+04
1.664514062500000000e+05,1.662853281250000000e+05,1.657302187500000000e+05,1.646902031250000000e+05,1.630661875000000000e+05,1.610455156250000000e+05,1.582544687500000000e+05,1.546155937500000000e+05,1.502086562500000000e+05,1.452010781250000000e+05,1.397597812500000000e+05,1.340409218750000000e+05,1.283802421875000000e+05,1.226967109375000000e+05,1.169378750000000000e+05,1.111691250000000000e+05,1.054416250000000000e+05,9.980435156250000000e+04,9.481692187500000000e+04,8.991340625000000000e+04,8.506292968750000000e+04,8.026474218750000000e+04,7.550887500000000000e+04,7.137880468750000000e+04,6.734847656250000000e+04,6.318911328125000000e+04,5.889577343750000000e+04,5.446754296875000000e+04,5.083452343750000000e+04,4.696662109375000000e+04,4.276022656250000000e+04,3.826833203125000000e+04,3.448296093750000000e+04,3.194334375000000000e+04,2.837512304687500000e+04,2.395713671875000000e+04,1.921655273437500000e+04,1.551473925781250000e+04,1.086539550781250000e+04,5.288402343750000000e+03,2.264723388671875000e+03
6.049025781250000000e+04,6.048075781250000000e+04,6.045050000000000000e+04,6.039478125000000000e+04,6.030699609375000000e+04,6.017960546875000000e+04,6.000498828125000000e+04,5.977669921875000000e+04,5.949508203125000000e+04,5.916616015625000000e+04,5.915698046875000000e+04,5.916651953125000000e+04,5.914466406250000000e+04,5.910562500000000000e+04,5.906560546875000000e+04,5.904099218750000000e+04,5.904681640625000000e+04,5.909792578125000000e+04,5.964352734375000000e+04,6.044396484375000000e+04,6.129003906250000000e+04,6.218411328125000000e+04,6.312066796875000000e+04,6.408950390625000000e+04,6.506527343750000000e+04,6.601466406250000000e+04,6.689029687500000000e+04,6.993703906250000000e+04,7.356864843750000000e+04,7.689656250000000000e+04,7.973018750000000000e+04,8.181575781250000000e+04,8.284847656250000000e+04,8.243000781250000000e+04,8.050042968750000000e+04,7.940482812500000000e+04,7.605540625000000000e+04,6.952922656250000000e+04,5.846280859375000000e+04,4.165328906250000000e+04,2.173535546875000000e+04
3.381906000000000000e+06,3.361192750000000000e+06,3.301663500000000000e+06,3.206608750000000000e+06,3.079337750000000000e+06,2.924007000000000000e+06,2.746087000000000000e+06,2.559569000000000000e+06,2.397448750000000000e+06,2.229117500000000000e+06,2.064250000000000000e+06,1.911733250000000000e+06,1.774717250000000000e+06,1.653245750000000000e+06,1.599290000000000000e+06,1.561743375000000000e+06,1.524007375000000000e+06,1.486618375000000000e+06,1.449305250000000000e+06,1.411260250000000000e+06,1.371243500000000000e+06,1.328188125000000000e+06,1.281281375000000000e+06,1.229688750000000000e+06,1.172951250000000000e+06,1.110771500000000000e+06,1.043666437500000000e+06,9.882129375000000000e+05,9.273185000000000000e+05,8.608594375000000000e+05,7.888342500000000000e+05,7.116061250000000000e+05,6.298628125000000000e+05,5.439830625000000000e+05,4.540232500000000000e+05,3.620814687500000000e+05,2.737760312500000000e+05,1.913502031250000000e+05,1.090645546875000000e+05,3.775952343750000000e+04,6.911173339843750000e+03
8.593133125000000000e+05,8.572985625000000000e+05,8.513275000000000000e+05,8.414913750000000000e+05,8.278743125000000000e+05,8.105748125000000000e+05,7.897232500000000000e+05,7.655310625000000000e+05,7.386243125000000000e+05,7.098552500000000000e+05,6.800620625000000000e+05,6.515176875000000000e+05,6.268971875000000000e+05,6.026643750000000000e+05,5.792911250000000000e+05,5.571811250000000000e+05,5.366385000000000000e+05,5.179531562500000000e+05,5.013217187500000000e+05,4.868111562500000000e+05,4.744784062500000000e+05,4.643133750000000000e+05,4.600711250000000000e+05,4.700396250000000000e+05,4.815265937500000000e+05,4.945810000000000000e+05,5.092127812500000000e+05,5.253842500000000000e+05,5.429264375000000000e+05,5.611628750000000000e+05,5.791723125000000000e+05,5.962090625000000000e+05,6.172076250000000000e+05,6.484121875000000000e+05,6.687343125000000000e+05,6.713501875000000000e+05,6.617091875000000000e+05,6.194177500000000000e+05,4.409745937500000000e+05,1.443949687500000000e+05,8.721060546875000000e+03
9.857379375000000000e+05,9.866150000000000000e+05,9.890570000000000000e+05,9.927520625000000000e+05,9.973627500000000000e+05,1.002540375000000000e+06,1.007937562500000000e+06,1.013232875000000000e+06,1.018269812500000000e+06,1.023004125000000000e+06,1.051673000000000000e+06,1.092710875000000000e+06,1.133288625000000000e+06,1.172682250000000000e+06,1.210179250000000000e+06,1.245131750000000000e+06,1.276952750000000000e+06,1.305037750000000000e+06,1.328773000000000000e+06,1.347531500000000000e+06,1.360665750000000000e+06,1.380205875000000000e+06,1.407954500000000000e+06,1.429842000000000000e+06,1.444555000000000000e+06,1.450788875000000000e+06,1.447244625000000000e+06,1.432653125000000000e+06,1.405836250000000000e+06,1.365729000000000000e+06,1.311427750000000000e+06,1.242015000000000000e+06,1.156760125000000000e+06,1.055828625000000000e+06,9.404405000000000000e+05,8.113292500000000000e+05,6.684463125000000000e+05,5.168220000000000000e+05,3.687769687500000000e+05,2.303086406250000000e+05,1.030168281250000000e+05
4.173584062500000000e+05,4.179373750000000000e+05,4.194182187500000000e+05,4.213714375000000000e+05,4.233289687500000000e+05,4.248102187500000000e+05,4.253460312500000000e+05,4.264884062500000000e+05,4.288014687500000000e+05,4.292456875000000000e+05,4.277107187500000000e+05,4.241724062500000000e+05,4.232375000000000000e+05,4.232736875000000000e+05,4.206545312500000000e+05,4.156460625000000000e+05,4.086185937500000000e+05,3.999448437500000000e+05,4.035086562500000000e+05,4.094242500000000000e+05,4.119358437500000000e+05,4.115512187500000000e+05,4.086980625000000000e+05,4.037333125000000000e+05,3.968782812500000000e+05,3.882793125000000000e+05,3.779925625000000000e+05,3.659760625000000000e+05,3.555407812500000000e+05,3.478497812500000000e+05,3.386133125000000000e+05,3.273830625000000000e+05,3.135565312500000000e+05,2.970125312500000000e+05,2.782884375000000000e+05,2.565715781250000000e+05,2.281804687500000000e+05,1.935123906250000000e+05,1.638872656250000000e+05,1.398413125000000000e+05,8.652921093750000000e+04
2.277160750000000000e+06,2.287289000000000000e+06,2.315697000000000000e+06,2.359429250000000000e+06,2.415522750000000000e+06,2.496442500000000000e+06,2.586048750000000000e+06,2.679917250000000000e+06,2.774923000000000000e+06,2.887368750000000000e+06,3.013651500000000000e+06,3.130792500000000000e+06,3.237476500000000000e+06,3.333557750000000000e+06,3.458019000000000000e+06,3.584277750000000000e+06,3.697292500000000000e+06,3.799145750000000000e+06,3.891970250000000000e+06,3.977932000000000000e+06,4.059194750000000000e+06,4.137535750000000000e+06,4.321802000000000000e+06,4.555905000000000000e+06,4.793057500000000000e+06,5.034773500000000000e+06,5.282065500000000000e+06,5.535196500000000000e+06,5.793071500000000000e+06,6.048552500000000000e+06,6.291706500000000000e+06,6.514320500000000000e+06,6.852021000000000000e+06,7.229295000000000000e+06,7.471955500000000000e+06,7.498661500000000000e+06,7.367246000000000000e+06,6.840115000000000000e+06,4.742477500000000000e+06,1.366861750000000000e+06,2.153648828125000000e+04
3.255936750000000000e+06,3.257386500000000000e+06,3.261505750000000000e+06,3.267894000000000000e+06,3.276090250000000000e+06,3.285591250000000000e+06,3.300871750000000000e+06,3.329746000000000000e+06,3.359968500000000000e+06,3.390885250000000000e+06,3.421917500000000000e+06,3.452577000000000000e+06,3.482471000000000000e+06,3.511304750000000000e+06,3.545522500000000000e+06,3.619937750000000000e+06,3.691872250000000000e+06,3.761252000000000000e+06,3.828158750000000000e+06,3.892822750000000000e+06,3.955526500000000000e+06,4.016628750000000000e+06,4.210263500000000000e+06,4.455158000000000000e+06,4.695999000000000000e+06,4.933112000000000000e+06,5.166668500000000000e+06,5.396648000000000000e+06,5.621698000000000000e+06,5.834704000000000000e+06,6.025940500000000000e+06,6.307371000000000000e+06,6.651634000000000000e+06,6.957519500000000000e+06,7.105137500000000000e+06,7.016395000000000000e+06,6.758489000000000000e+06,6.124445000000000000e+06,4.071036500000000000e+06,1.045392375000000000e+06,4.311284667968750000e+03
2.363723750000000000e+06,2.358535500000000000e+06,2.343062000000000000e+06,2.317292250000000000e+06,2.281135750000000000e+06,2.238024500000000000e+06,2.190035750000000000e+06,2.131940500000000000e+06,2.065714250000000000e+06,1.994448125000000000e+06,1.921242125000000000e+06,1.849019875000000000e+06,1.788987500000000000e+06,1.739234625000000000e+06,1.692889125000000000e+06,1.651022125000000000e+06,1.614305750000000000e+06,1.583418000000000000e+06,1.579880000000000000e+06,1.585233875000000000e+06,1.594692125000000000e+06,1.608315375000000000e+06,1.625962750000000000e+06,1.647378000000000000e+06,1.727024125000000000e+06,1.845115500000000000e+06,1.963867125000000000e+06,2.083394250000000000e+06,2.203254750000000000e+06,2.321143500000000000e+06,2.433803750000000000e+06,2.539621000000000000e+06,2.714958500000000000e+06,2.900606000000000000e+06,3.038341000000000000e+06,3.097107750000000000e+06,3.110011500000000000e+06,2.974364000000000000e+06,2.143294000000000000e+06,7.035510000000000000e+05,4.011920312500000000e+04
6.398451000000000000e+06,6.396448000000000000e+06,6.390547500000000000e+06,6.380860000000000000e+06,6.367443000000000000e+06,6.350316000000000000e+06,6.329476500000000000e+06,6.304971500000000000e+06,6.277472500000000000e+06,6.248036000000000000e+06,6.241359000000000000e+06,6.249425000000000000e+06,6.259870500000000000e+06,6.273214000000000000e+06,6.290064000000000000e+06,6.310971000000000000e+06,6.336361000000000000e+06,6.366716500000000000e+06,6.402274000000000000e+06,6.442853500000000000e+06,6.488228000000000000e+06,6.537565500000000000e+06,6.600637000000000000e+06,6.888062000000000000e+06,7.176862000000000000e+06,7.462404500000000000e+06,7.737912500000000000e+06,7.993632000000000000e+06,8.216958500000000000e+06,8.387590000000000000e+06,8.481221000000000000e+06,8.471248000000000000e+06,8.381633000000000000e+06,8.340994000000000000e+06,8.078723500000000000e+06,7.530147500000000000e+06,6.713260500000000000e+06,5.545555500000000000e+06,3.628949500000000000e+06,1.256934250000000000e+06,1.056940937500000000e+05
4.152268250000000000e+06,4.150883750000000000e+06,4.146256750000000000e+06,4.137550250000000000e+06,4.123830000000000000e+06,4.104147500000000000e+06,4.077610750000000000e+06,4.043601250000000000e+06,4.003285750000000000e+06,3.958858500000000000e+06,3.913117250000000000e+06,3.874977000000000000e+06,3.837262250000000000e+06,3.799488750000000000e+06,3.761207750000000000e+06,3.721643500000000000e+06,3.679536500000000000e+06,3.633580000000000000e+06,3.601089000000000000e+06,3.560564000000000000e+06,3.509803750000000000e+06,3.446802000000000000e+06,3.369633500000000000e+06,3.287142500000000000e+06,3.209722500000000000e+06,3.109802500000000000e+06,2.986061000000000000e+06,2.837759250000000000e+06,2.682090500000000000e+06,2.533808750000000000e+06,2.351174500000000000e+06,2.136400500000000000e+06,1.893701000000000000e+06,1.738923125000000000e+06,1.548003125000000000e+06,1.293358500000000000e+06,1.004752125000000000e+06,7.335494375000000000e+05,4.403626562500000000e+05,1.356222031250000000e+05,6.589791015625000000e+03
7.720886000000000000e+06,7.700184500000000000e+06,7.641865000000000000e+06,7.570286000000000000e+06,7.467024000000000000e+06,7.329998000000000000e+06,7.157363500000000000e+06,6.948076500000000000e+06,6.704697000000000000e+06,6.432149500000000000e+06,6.135939500000000000e+06,5.821920000000000000e+06,5.495136000000000000e+06,5.160399000000000000e+06,4.902073000000000000e+06,4.735910000000000000e+06,4.543873000000000000e+06,4.331481000000000000e+06,4.104074500000000000e+06,3.866235000000000000e+06,3.622258750000000000e+06,3.375685750000000000e+06,3.129245250000000000e+06,2.885187750000000000e+06,2.645021500000000000e+06,2.431545750000000000e+06,2.246610250000000000e+06,2.062783375000000000e+06,1.879572625000000000e+06,1.696578125000000000e+06,1.513592125000000000e+06,1.330984500000000000e+06,1.149630750000000000e+06,9.700964375000000000e+05,7.926416875000000000e+05,6.202689375000000000e+05,4.605778125000000000e+05,3.166746875000000000e+05,1.814242187500000000e+05,6.832306250000000000e+04,1.488783398437500000e+04
3.060730000000000000e+06,3.065662250000000000e+06,3.077550750000000000e+06,3.091490000000000000e+06,3.102227750000000000e+06,3.115005500000000000e+06,3.115508000000000000e+06,3.098591000000000000e+06,3.065600750000000000e+06,3.032200750000000000e+06,2.993334000000000000e+06,2.951330750000000000e+06,2.911380000000000000e+06,2.893600250000000000e+06,2.874500000000000000e+06,2.855846000000000000e+06,2.858951000000000000e+06,2.884891750000000000e+06,2.911955250000000000e+06,2.941137250000000000e+06,2.997288500000000000e+06,3.093881250000000000e+06,3.189295750000000000e+06,3.284175750000000000e+06,3.378739500000000000e+06,3.528393250000000000e+06,3.843066750000000000e+06,4.151544000000000000e+06,4.453539000000000000e+06,4.744233000000000000e+06,5.016339500000000000e+06,5.265225500000000000e+06,5.541771000000000000e+06,5.923958000000000000e+06,6.189886000000000000e+06,6.269053500000000000e+06,6.232338000000000000e+06,5.866854500000000000e+06,4.042187000000000000e+06,1.088410125000000000e+06,8.791457031250000000e+03
7.508423437500000000e+04,7.469382031250000000e+04,7.358010156250000000e+04,7.182602343750000000e+04,6.951344531250000000e+04,6.672689843750000000e+04,6.355612890625000000e+04,6.010020703125000000e+04,5.687321875000000000e+04,5.367377734375000000e+04,5.056253125000000000e+04,4.767121093750000000e+04,4.505899218750000000e+04,4.275102734375000000e+04,4.100880078125000000e+04,3.993758593750000000e+04,3.911467968750000000e+04,3.853895703125000000e+04,3.820021875000000000e+04,3.807446875000000000e+04,3.813391796875000000e+04,3.895806250000000000e+04,4.103685937500000000e+04,4.315616406250000000e+04,4.530829687500000000e+04,4.747964062500000000e+04,4.964858984375000000e+04,5.178637500000000000e+04,5.385861328125000000e+04,5.583387109375000000e+04,5.767257812500000000e+04,6.079897656250000000e+04,6.403117187500000000e+04,6.723564062500000000e+04,7.065792187500000000e+04,7.395369531250000000e+04,7.506234375000000000e+04,7.334246875000000000e+04,7.484408593750000000e+04,8.115320312500000000e+04,6.221387890625000000e+04
3.835417750000000000e+06,3.823923000000000000e+06,3.790693500000000000e+06,3.737517250000000000e+06,3.666087250000000000e+06,3.578043000000000000e+06,3.477560750000000000e+06,3.367018500000000000e+06,3.246177750000000000e+06,3.118466500000000000e+06,2.987353000000000000e+06,2.856224500000000000e+06,2.727645750000000000e+06,2.605609500000000000e+06,2.495926250000000000e+06,2.394031250000000000e+06,2.301014250000000000e+06,2.217973500000000000e+06,2.145605000000000000e+06,2.095371250000000000e+06,2.056743375000000000e+06,2.027770500000000000e+06,2.008182125000000000e+06,1.997655375000000000e+06,2.016649250000000000e+06,2.044368750000000000e+06,2.078055625000000000e+06,2.116739750000000000e+06,2.167525750000000000e+06,2.256279000000000000e+06,2.340274750000000000e+06,2.414676000000000000e+06,2.473971500000000000e+06,2.653824750000000000e+06,2.822844500000000000e+06,2.869878250000000000e+06,2.795859000000000000e+06,2.615708500000000000e+06,2.022645625000000000e+06,8.474345625000000000e+05,9.746911718750000000e+04
2.286442000000000000e+06,2.279770500000000000e+06,2.260412250000000000e+06,2.229312750000000000e+06,2.187398000000000000e+06,2.135609750000000000e+06,2.074935625000000000e+06,2.006508625000000000e+06,1.932328125000000000e+06,1.854852625000000000e+06,1.776478125000000000e+06,1.699420250000000000e+06,1.625014500000000000e+06,1.554167750000000000e+06,1.487766375000000000e+06,1.426299750000000000e+06,1.369751625000000000e+06,1.318087250000000000e+06,1.295911875000000000e+06,1.288385375000000000e+06,1.281459375000000000e+06,1.274446625000000000e+06,1.266428750000000000e+06,1.256384625000000000e+06,1.243140875000000000e+06,1.225424000000000000e+06,1.201921625000000000e+06,1.171323000000000000e+06,1.132354000000000000e+06,1.083861625000000000e+06,1.036462437500000000e+06,9.916755625000000000e+05,9.356371875000000000e+05,8.669042500000000000e+05,7.842805625000000000e+05,6.869465000000000000e+05,5.751925625000000000e+05,4.511469062500000000e+05,3.172585625000000000e+05,1.804810000000000000e+05,6.933881250000000000e+04
8.434817500000000000e+05,8.413550625000000000e+05,8.352150625000000000e+05,8.253506875000000000e+05,8.119993750000000000e+05,7.953960625000000000e+05,7.758126250000000000e+05,7.536165000000000000e+05,7.295654375000000000e+05,7.097431250000000000e+05,6.911551875000000000e+05,6.732318750000000000e+05,6.565178750000000000e+05,6.413632500000000000e+05,6.283360625000000000e+05,6.275762500000000000e+05,6.281188125000000000e+05,6.301678750000000000e+05,6.338307500000000000e+05,6.390595000000000000e+05,6.457474375000000000e+05,6.736383125000000000e+05,7.146110000000000000e+05,7.554411250000000000e+05,7.961920000000000000e+05,8.368478125000000000e+05,8.773813750000000000e+05,9.178175000000000000e+05,9.579694375000000000e+05,9.967871875000000000e+05,1.050537875000000000e+06,1.117444750000000000e+06,1.188808625000000000e+06,1.256857500000000000e+06,1.300139125000000000e+06,1.305391250000000000e+06,1.287944750000000000e+06,1.205849000000000000e+06,8.362790625000000000e+05,2.403195468750000000e+05,5.951618652343750000e+03
4.260206000000000000e+06,4.271816000000000000e+06,4.305803000000000000e+06,4.358760000000000000e+06,4.422347000000000000e+06,4.490249500000000000e+06,4.556091000000000000e+06,4.613833500000000000e+06,4.660780000000000000e+06,4.706366500000000000e+06,4.743893000000000000e+06,4.768199000000000000e+06,4.778284500000000000e+06,4.773074500000000000e+06,4.757347000000000000e+06,4.746253000000000000e+06,4.716751500000000000e+06,4.669216000000000000e+06,4.603899500000000000e+06,4.520859500000000000e+06,4.442139000000000000e+06,4.364245500000000000e+06,4.264218500000000000e+06,4.141785250000000000e+06,3.996507750000000000e+06,3.828055500000000000e+06,3.693321250000000000e+06,3.534615500000000000e+06,3.342819000000000000e+06,3.118289000000000000e+06,2.862196250000000000e+06,2.692226000000000000e+06,2.537875500000000000e+06,2.311989500000000000e+06,2.018016375000000000e+06,1.667436000000000000e+06,1.342974750000000000e+06,1.024542562500000000e+06,6.585616875000000000e+05,2.680055312500000000e+05,4.194641015625000000e+04
8.598329000000000000e+06,8.603035000000000000e+06,8.611293000000000000e+06,8.613772000000000000e+06,8.600849000000000000e+06,8.563125000000000000e+06,8.491883000000000000e+06,8.380302500000000000e+06,8.231191000000000000e+06,8.202677500000000000e+06,8.210589500000000000e+06,8.193158000000000000e+06,8.152486000000000000e+06,8.087594500000000000e+06,7.998448500000000000e+06,7.886941500000000000e+06,7.756701000000000000e+06,7.611378000000000000e+06,7.453384000000000000e+06,7.283354000000000000e+06,7.101639000000000000e+06,6.907690000000000000e+06,6.700133500000000000e+06,6.477305500000000000e+06,6.315619000000000000e+06,6.155409500000000000e+06,5.972232500000000000e+06,5.760889500000000000e+06,5.516039000000000000e+06,5.231713500000000000e+06,4.902345500000000000e+06,4.524703500000000000e+06,4.097889750000000000e+06,3.618792500000000000e+06,3.082363250000000000e+06,2.500761000000000000e+06,1.915369625000000000e+06,1.344113750000000000e+06,7.496151875000000000e+05,2.326067812500000000e+05,2.468167773437500000e+04
1.415863750000000000e+05,1.411297031250000000e+05,1.397666718750000000e+05,1.374949375000000000e+05,1.343076875000000000e+05,1.302080703125000000e+05,1.252205234375000000e+05,1.194103046875000000e+05,1.129907343750000000e+05,1.062490390625000000e+05,9.946093750000000000e+04,9.287205468750000000e+04,8.660592968750000000e+04,8.072971093750000000e+04,7.530927343750000000e+04,7.037785156250000000e+04,6.592676562500000000e+04,6.194454687500000000e+04,5.840104296875000000e+04,5.601263671875000000e+04,5.399141015625000000e+04,5.222745703125000000e+04,5.066344921875000000e+04,4.924337109375000000e+04,4.791818750000000000e+04,4.664071484375000000e+04,4.536816406250000000e+04,4.406433984375000000e+04,4.269674609375000000e+04,4.124933593750000000e+04,3.970934375000000000e+04,3.804495312500000000e+04,3.621391796875000000e+04,3.424809765625000000e+04,3.227240039062500000e+04,3.022611132812500000e+04,2.766049609375000000e+04,2.464645703125000000e+04,2.275142968750000000e+04,2.216610156250000000e+04,1.736465234375000000e+04
6.576661000000000000e+06,6.600856500000000000e+06,6.669675000000000000e+06,6.777499500000000000e+06,6.918744000000000000e+06,7.087825500000000000e+06,7.279146500000000000e+06,7.487033000000000000e+06,7.705278500000000000e+06,7.927332500000000000e+06,8.238819000000000000e+06,8.824354000000000000e+06,9.385876000000000000e+06,9.917745000000000000e+06,1.041423300000000000e+07,1.087262500000000000e+07,1.129452700000000000e+07,1.168218500000000000e+07,1.203909200000000000e+07,1.237043200000000000e+07,1.268179900000000000e+07,1.297848500000000000e+07,1.326548700000000000e+07,1.372026600000000000e+07,1.420951800000000000e+07,1.472835300000000000e+07,1.528460200000000000e+07,1.588679300000000000e+07,1.654171400000000000e+07,1.724154400000000000e+07,1.797403800000000000e+07,1.874170400000000000e+07,1.955586000000000000e+07,2.028501400000000000e+07,2.057689400000000000e+07,2.024934200000000000e+07,1.961806800000000000e+07,1.804471200000000000e+07,1.207194200000000000e+07,3.096106500000000000e+06,1.837193359375000000e+04
1.124046500000000000e+06,1.124782125000000000e+06,1.126429250000000000e+06,1.128076875000000000e+06,1.128765375000000000e+06,1.127541750000000000e+06,1.123506625000000000e+06,1.115929250000000000e+06,1.108807250000000000e+06,1.103214375000000000e+06,1.095206375000000000e+06,1.085480250000000000e+06,1.074460625000000000e+06,1.062461750000000000e+06,1.049844125000000000e+06,1.036981750000000000e+06,1.035812062500000000e+06,1.034911812500000000e+06,1.033762250000000000e+06,1.032421250000000000e+06,1.030886875000000000e+06,1.028955375000000000e+06,1.026230625000000000e+06,1.022225937500000000e+06,1.030894750000000000e+06,1.064112625000000000e+06,1.091679250000000000e+06,1.111892625000000000e+06,1.122780125000000000e+06,1.121862750000000000e+06,1.106481000000000000e+06,1.074129125000000000e+06,1.022667750000000000e+06,9.698542500000000000e+05,9.060471875000000000e+05,8.159913125000000000e+05,7.018794375000000000e+05,5.619353125000000000e+05,3.787551875000000000e+05,1.706303437500000000e+05,4.053575000000000000e+04
9.282995000000000000e+05,9.261783750000000000e+05,9.198115000000000000e+05,9.091392500000000000e+05,8.941005625000000000e+05,8.747061250000000000e+05,8.510907500000000000e+05,8.236226875000000000e+05,7.936305000000000000e+05,7.629053125000000000e+05,7.331352500000000000e+05,7.057971875000000000e+05,6.814673750000000000e+05,6.670658125000000000e+05,6.665774375000000000e+05,6.685530000000000000e+05,6.731230625000000000e+05,6.804058125000000000e+05,6.903953125000000000e+05,7.028905000000000000e+05,7.176460625000000000e+05,7.344059375000000000e+05,7.528945000000000000e+05,7.727909375000000000e+05,7.937399375000000000e+05,8.153362500000000000e+05,8.370920000000000000e+05,8.673333125000000000e+05,9.067830625000000000e+05,9.472569375000000000e+05,9.872081875000000000e+05,1.024548500000000000e+06,1.056531500000000000e+06,1.076554375000000000e+06,1.072522500000000000e+06,1.034865187500000000e+06,9.627822500000000000e+05,8.400436250000000000e+05,6.049526875000000000e+05,2.807512812500000000e+05,6.811515625000000000e+04
4.305210000000000000e+06,4.300192000000000000e+06,4.284252000000000000e+06,4.255819000000000000e+06,4.213172500000000000e+06,4.154647500000000000e+06,4.078811000000000000e+06,3.984853000000000000e+06,3.874941750000000000e+06,3.752930500000000000e+06,3.622699500000000000e+06,3.514887500000000000e+06,3.412830500000000000e+06,3.307832000000000000e+06,3.202010250000000000e+06,3.097502500000000000e+06,2.996283000000000000e+06,2.900308000000000000e+06,2.811107250000000000e+06,2.729583000000000000e+06,2.740182250000000000e+06,2.773795500000000000e+06,2.808883750000000000e+06,2.846929000000000000e+06,2.888851750000000000e+06,2.935226000000000000e+06,2.986288500000000000e+06,3.041872250000000000e+06,3.101034750000000000e+06,3.160082000000000000e+06,3.245181750000000000e+06,3.381010000000000000e+06,3.521257750000000000e+06,3.642655250000000000e+06,3.690920000000000000e+06,3.629371000000000000e+06,3.480810750000000000e+06,3.151972500000000000e+06,2.203146500000000000e+06,7.782812500000000000e+05,7.591385937500000000e+04
3.282992500000000000e+05,3.300010937500000000e+05,3.346370625000000000e+05,3.414762187500000000e+05,3.511365312500000000e+05,3.617115000000000000e+05,3.722694687500000000e+05,3.831375312500000000e+05,3.953158437500000000e+05,4.059391875000000000e+05,4.148830937500000000e+05,4.268040625000000000e+05,4.377674062500000000e+05,4.466425000000000000e+05,4.536610625000000000e+05,4.600513750000000000e+05,4.714221875000000000e+05,4.811810000000000000e+05,4.897397812500000000e+05,4.973563437500000000e+05,5.042420312500000000e+05,5.104514687500000000e+05,5.158957812500000000e+05,5.272901250000000000e+05,5.519316875000000000e+05,5.745413125000000000e+05,5.944265625000000000e+05,6.106175000000000000e+05,6.219531875000000000e+05,6.268411250000000000e+05,6.235257500000000000e+05,6.103790625000000000e+05,5.882510625000000000e+05,5.692921875000000000e+05,5.343156250000000000e+05,4.808983125000000000e+05,4.128943125000000000e+05,3.284973125000000000e+05,2.082641562500000000e+05,7.302203906250000000e+04,9.592216796875000000e+03
6.172352500000000000e+05,6.161258750000000000e+05,6.139107500000000000e+05,6.105300625000000000e+05,6.045969375000000000e+05,5.954806875000000000e+05,5.826945000000000000e+05,5.660295000000000000e+05,5.463515000000000000e+05,5.250615625000000000e+05,5.034779062500000000e+05,4.829635000000000000e+05,4.687870625000000000e+05,4.557215000000000000e+05,4.440067500000000000e+05,4.338556875000000000e+05,4.254024687500000000e+05,4.187726250000000000e+05,4.139785625000000000e+05,4.108673125000000000e+05,4.172759062500000000e+05,4.337989687500000000e+05,4.508400625000000000e+05,4.681991562500000000e+05,4.855391875000000000e+05,5.024093125000000000e+05,5.182220312500000000e+05,5.322326875000000000e+05,5.435400000000000000e+05,5.509066250000000000e+05,5.643800000000000000e+05,5.769465625000000000e+05,5.831941250000000000e+05,5.798105625000000000e+05,5.620025625000000000e+05,5.259699375000000000e+05,4.710776250000000000e+05,3.938621562500000000e+05,2.804559687500000000e+05,1.409649062500000000e+05,4.253287109375000000e+04
4.021295250000000000e+06,3.985735250000000000e+06,3.886616000000000000e+06,3.735746750000000000e+06,3.545165250000000000e+06,3.326738250000000000e+06,3.091841750000000000e+06,2.851120250000000000e+06,2.614395500000000000e+06,2.390536000000000000e+06,2.187358750000000000e+06,2.031103000000000000e+06,1.932885375000000000e+06,1.854060125000000000e+06,1.794717500000000000e+06,1.754183625000000000e+06,1.730536750000000000e+06,1.721849500000000000e+06,1.726110250000000000e+06,1.741067500000000000e+06,1.764286875000000000e+06,1.793599250000000000e+06,1.827048000000000000e+06,1.862520500000000000e+06,1.898089125000000000e+06,1.943070250000000000e+06,2.007853000000000000e+06,2.070919125000000000e+06,2.129427750000000000e+06,2.179003500000000000e+06,2.214405750000000000e+06,2.229529500000000000e+06,2.217424000000000000e+06,2.165713000000000000e+06,2.055196125000000000e+06,1.875158250000000000e+06,1.634905625000000000e+06,1.324403750000000000e+06,8.770295000000000000e+05,3.631328437500000000e+05,7.297033593750000000e+04
3.981086750000000000e+06,3.983790750000000000e+06,3.990224750000000000e+06,3.997661750000000000e+06,4.003200000000000000e+06,4.003882500000000000e+06,3.996811750000000000e+06,3.979425500000000000e+06,3.953423500000000000e+06,3.945532000000000000e+06,3.927324000000000000e+06,3.899295250000000000e+06,3.861392250000000000e+06,3.813435000000000000e+06,3.755507750000000000e+06,3.698201750000000000e+06,3.670972750000000000e+06,3.630294250000000000e+06,3.576793750000000000e+06,3.510915750000000000e+06,3.433101000000000000e+06,3.343622250000000000e+06,3.242576750000000000e+06,3.207494250000000000e+06,3.208721250000000000e+06,3.181469250000000000e+06,3.125280000000000000e+06,3.039551000000000000e+06,2.923747750000000000e+06,2.777337750000000000e+06,2.600159500000000000e+06,2.392942000000000000e+06,2.186866000000000000e+06,1.989793250000000000e+06,1.763663750000000000e+06,1.508408250000000000e+06,1.230079375000000000e+06,9.343860625000000000e+05,6.165794375000000000e+05,3.005045000000000000e+05,8.767243750000000000e+04
6.374827500000000000e+06,6.365375500000000000e+06,6.353560000000000000e+06,6.361428000000000000e+06,6.370732500000000000e+06,6.380009500000000000e+06,6.387646000000000000e+06,6.392024500000000000e+06,6.391942000000000000e+06,6.386742000000000000e+06,6.376283000000000000e+06,6.360963500000000000e+06,6.341427500000000000e+06,6.318640500000000000e+06,6.294014500000000000e+06,6.269104000000000000e+06,6.245391000000000000e+06,6.224525500000000000e+06,6.208016000000000000e+06,6.196981500000000000e+06,6.259917000000000000e+06,6.373066500000000000e+06,6.503165500000000000e+06,6.650607500000000000e+06,6.815354000000000000e+06,6.997211000000000000e+06,7.195638000000000000e+06,7.409561500000000000e+06,7.636430500000000000e+06,7.867179000000000000e+06,8.089809500000000000e+06,8.291380500000000000e+06,8.456697000000000000e+06,8.527655000000000000e+06,8.385993500000000000e+06,7.960971500000000000e+06,7.308571500000000000e+06,6.277783000000000000e+06,4.152259000000000000e+06,1.370184125000000000e+06,1.110523750000000000e+05
2.119170750000000000e+06,2.120061750000000000e+06,2.121387250000000000e+06,2.126167750000000000e+06,2.144061750000000000e+06,2.157651250000000000e+06,2.162964500000000000e+06,2.156703750000000000e+06,2.138201750000000000e+06,2.108447000000000000e+06,2.068772750000000000e+06,2.062064500000000000e+06,2.085607125000000000e+06,2.091439875000000000e+06,2.081352750000000000e+06,2.057564500000000000e+06,2.022594000000000000e+06,1.978753750000000000e+06,1.927798250000000000e+06,1.870808625000000000e+06,1.808640500000000000e+06,1.741796125000000000e+06,1.670505250000000000e+06,1.594918500000000000e+06,1.526229250000000000e+06,1.466826750000000000e+06,1.403331000000000000e+06,1.335402625000000000e+06,1.262761000000000000e+06,1.185330750000000000e+06,1.103095875000000000e+06,1.015736437500000000e+06,9.228591875000000000e+05,8.253810625000000000e+05,7.256377500000000000e+05,6.232824375000000000e+05,5.135821562500000000e+05,4.003037187500000000e+05,3.029302187500000000e+05,2.208026250000000000e+05,1.153368046875000000e+05
2.392728750000000000e+06,2.396931500000000000e+06,2.407647750000000000e+06,2.421896000000000000e+06,2.437554500000000000e+06,2.455825000000000000e+06,2.468571000000000000e+06,2.472870250000000000e+06,2.469062000000000000e+06,2.459369000000000000e+06,2.446030250000000000e+06,2.440843250000000000e+06,2.438266500000000000e+06,2.434687750000000000e+06,2.430376250000000000e+06,2.425872000000000000e+06,2.423757750000000000e+06,2.445566500000000000e+06,2.468216000000000000e+06,2.492141250000000000e+06,2.517771500000000000e+06,2.545423250000000000e+06,2.594232000000000000e+06,2.669071500000000000e+06,2.744595750000000000e+06,2.820437250000000000e+06,2.895862000000000000e+06,2.969641250000000000e+06,3.116025500000000000e+06,3.362658000000000000e+06,3.591946500000000000e+06,3.794017750000000000e+06,3.957708250000000000e+06,4.047391250000000000e+06,3.991355750000000000e+06,3.925613000000000000e+06,3.757205000000000000e+06,3.370709000000000000e+06,2.224478000000000000e+06,5.678253750000000000e+05,1.725778198242187500e+03
8.377895000000000000e+05,8.365749375000000000e+05,8.329119375000000000e+05,8.275577500000000000e+05,8.290547500000000000e+05,8.295232500000000000e+05,8.282918750000000000e+05,8.247751875000000000e+05,8.189584375000000000e+05,8.111751250000000000e+05,8.017945000000000000e+05,7.911932500000000000e+05,7.795818125000000000e+05,7.671205625000000000e+05,7.540248750000000000e+05,7.405347500000000000e+05,7.268901875000000000e+05,7.133504375000000000e+05,7.001091250000000000e+05,6.872478750000000000e+05,6.748391250000000000e+05,6.697158125000000000e+05,6.698015625000000000e+05,6.707171250000000000e+05,6.720515000000000000e+05,6.732995625000000000e+05,6.738143125000000000e+05,6.727603750000000000e+05,6.691656250000000000e+05,6.617172500000000000e+05,6.489681250000000000e+05,6.294441875000000000e+05,6.017035625000000000e+05,5.636532500000000000e+05,5.125196875000000000e+05,4.477732500000000000e+05,3.731572500000000000e+05,2.894870937500000000e+05,1.889013437500000000e+05,8.520778906250000000e+04,2.421861523437500000e+04
2.583273750000000000e+05,2.582497187500000000e+05,2.579785625000000000e+05,2.574453281250000000e+05,2.565730000000000000e+05,2.552838906250000000e+05,2.535061875000000000e+05,2.511875156250000000e+05,2.483763281250000000e+05,2.451824062500000000e+05,2.417232187500000000e+05,2.381110625000000000e+05,2.343644062500000000e+05,2.306671093750000000e+05,2.287979062500000000e+05,2.265566875000000000e+05,2.238967656250000000e+05,2.207695937500000000e+05,2.171234843750000000e+05,2.129026875000000000e+05,2.080516093750000000e+05,2.025257656250000000e+05,1.962919218750000000e+05,1.904686406250000000e+05,1.897163437500000000e+05,1.875348906250000000e+05,1.838708593750000000e+05,1.786838281250000000e+05,1.719532968750000000e+05,1.636921718750000000e+05,1.539386718750000000e+05,1.427348750000000000e+05,1.301560781250000000e+05,1.205461953125000000e+05,1.102219843750000000e+05,9.898240625000000000e+04,8.609953906250000000e+04,7.169836718750000000e+04,5.796466796875000000e+04,4.481234765625000000e+04,2.668161914062500000e+04
4.609726250000000000e+05,4.612095312500000000e+05,4.616060312500000000e+05,4.616599687500000000e+05,4.608486875000000000e+05,4.586541875000000000e+05,4.545872500000000000e+05,4.482487812500000000e+05,4.397056562500000000e+05,4.304772187500000000e+05,4.226993750000000000e+05,4.134277500000000000e+05,4.027965937500000000e+05,3.908797500000000000e+05,3.777901562500000000e+05,3.636999062500000000e+05,3.488288125000000000e+05,3.333994062500000000e+05,3.176026250000000000e+05,3.124060000000000000e+05,3.061519687500000000e+05,2.984038437500000000e+05,2.893487187500000000e+05,2.791593125000000000e+05,2.679708437500000000e+05,2.558981250000000000e+05,2.430309062500000000e+05,2.294309687500000000e+05,2.151588125000000000e+05,2.012842343750000000e+05,1.907941406250000000e+05,1.798071406250000000e+05,1.681033125000000000e+05,1.557277031250000000e+05,1.430645000000000000e+05,1.297945625000000000e+05,1.141485625000000000e+05,9.639310156250000000e+04,8.224187500000000000e+04,7.204242187500000000e+04,4.718037890625000000e+04
4.802345000000000000e+06,4.772022000000000000e+06,4.686677500000000000e+06,4.554258500000000000e+06,4.382529500000000000e+06,4.179556000000000000e+06,3.953995750000000000e+06,3.715190000000000000e+06,3.473123750000000000e+06,3.237891000000000000e+06,3.019309750000000000e+06,2.871707250000000000e+06,2.820428500000000000e+06,2.775225250000000000e+06,2.736243250000000000e+06,2.702834750000000000e+06,2.672967000000000000e+06,2.643852000000000000e+06,2.612532000000000000e+06,2.576151500000000000e+06,2.531530000000000000e+06,2.490350000000000000e+06,2.469797000000000000e+06,2.435375750000000000e+06,2.385358000000000000e+06,2.318548750000000000e+06,2.234250750000000000e+06,2.132390500000000000e+06,2.013220625000000000e+06,1.877267500000000000e+06,1.725436750000000000e+06,1.559330250000000000e+06,1.381211375000000000e+06,1.193004625000000000e+06,9.963048750000000000e+05,7.961722500000000000e+05,6.033032500000000000e+05,4.232267812500000000e+05,2.494992968750000000e+05,1.005379765625000000e+05,2.449076953125000000e+04
8.095602500000000000e+05,8.091007500000000000e+05,8.075319375000000000e+05,8.051698125000000000e+05,8.022143750000000000e+05,7.971225625000000000e+05,7.894501875000000000e+05,7.790063125000000000e+05,7.665855625000000000e+05,7.566906250000000000e+05,7.490370625000000000e+05,7.431440000000000000e+05,7.394151875000000000e+05,7.378372500000000000e+05,7.467826250000000000e+05,7.581309375000000000e+05,7.710066250000000000e+05,7.852683750000000000e+05,8.042696250000000000e+05,8.357580000000000000e+05,8.666006250000000000e+05,8.961846875000000000e+05,9.238122500000000000e+05,9.486682500000000000e+05,1.014059000000000000e+06,1.087220625000000000e+06,1.151705000000000000e+06,1.205422000000000000e+06,1.246042000000000000e+06,1.270810375000000000e+06,1.276829000000000000e+06,1.280646375000000000e+06,1.286673875000000000e+06,1.268719500000000000e+06,1.219428250000000000e+06,1.132022500000000000e+06,1.002242062500000000e+06,8.268656250000000000e+05,5.985481250000000000e+05,3.312101875000000000e+05,1.128559218750000000e+05
1.929085156250000000e+05,1.930971406250000000e+05,1.935760781250000000e+05,1.951823437500000000e+05,1.972180937500000000e+05,1.992947812500000000e+05,2.011752187500000000e+05,2.026527343750000000e+05,2.037348125000000000e+05,2.045559687500000000e+05,2.052556562500000000e+05,2.059646875000000000e+05,2.067210156250000000e+05,2.075203437500000000e+05,2.136059687500000000e+05,2.219558125000000000e+05,2.301980937500000000e+05,2.383688906250000000e+05,2.464903750000000000e+05,2.545589687500000000e+05,2.625639687500000000e+05,2.704835312500000000e+05,2.782817812500000000e+05,2.859043750000000000e+05,2.932393437500000000e+05,3.001412500000000000e+05,3.119124375000000000e+05,3.243383437500000000e+05,3.364898750000000000e+05,3.476849687500000000e+05,3.570598750000000000e+05,3.636100625000000000e+05,3.661703437500000000e+05,3.623117187500000000e+05,3.479402812500000000e+05,3.208637500000000000e+05,2.835673750000000000e+05,2.333511406250000000e+05,1.527504531250000000e+05,5.701057421875000000e+04,9.914724609375000000e+03
1.796807125000000000e+06,1.798654000000000000e+06,1.803354375000000000e+06,1.809372125000000000e+06,1.815019000000000000e+06,1.820294750000000000e+06,1.827795000000000000e+06,1.830857125000000000e+06,1.830280750000000000e+06,1.830253125000000000e+06,1.843954375000000000e+06,1.859842875000000000e+06,1.878610500000000000e+06,1.908251625000000000e+06,1.958555000000000000e+06,2.009459625000000000e+06,2.060940375000000000e+06,2.113228250000000000e+06,2.207249250000000000e+06,2.297809750000000000e+06,2.384183250000000000e+06,2.465525500000000000e+06,2.540886750000000000e+06,2.650008750000000000e+06,2.850126250000000000e+06,3.034262000000000000e+06,3.199121250000000000e+06,3.340234750000000000e+06,3.452000500000000000e+06,3.525672250000000000e+06,3.551198250000000000e+06,3.529430500000000000e+06,3.543833000000000000e+06,3.486095000000000000e+06,3.316744500000000000e+06,3.014381750000000000e+06,2.604795750000000000e+06,2.068716375000000000e+06,1.251068125000000000e+06,3.410850625000000000e+05,9.214891601562500000e+03
4.575835000000000000e+06,4.568583000000000000e+06,4.546893500000000000e+06,4.510758500000000000e+06,4.460082500000000000e+06,4.394764000000000000e+06,4.314761000000000000e+06,4.247437000000000000e+06,4.170265750000000000e+06,4.082187250000000000e+06,3.985133500000000000e+06,3.881165250000000000e+06,3.772085000000000000e+06,3.659658500000000000e+06,3.545812250000000000e+06,3.432435000000000000e+06,3.321259250000000000e+06,3.214018000000000000e+06,3.214064500000000000e+06,3.220071250000000000e+06,3.224061250000000000e+06,3.227553750000000000e+06,3.231683250000000000e+06,3.237324750000000000e+06,3.244440000000000000e+06,3.252502000000000000e+06,3.260184750000000000e+06,3.265088250000000000e+06,3.263820250000000000e+06,3.283872250000000000e+06,3.330613500000000000e+06,3.359351500000000000e+06,3.359649500000000000e+06,3.307505500000000000e+06,3.160604000000000000e+06,2.896115500000000000e+06,2.540759000000000000e+06,2.063163750000000000e+06,1.272521250000000000e+06,3.613362812500000000e+05,1.508549121093750000e+04
7.027166500000000000e+06,7.008788500000000000e+06,6.955022000000000000e+06,6.867962500000000000e+06,6.757338000000000000e+06,6.630638500000000000e+06,6.479062000000000000e+06,6.304302500000000000e+06,6.110490000000000000e+06,5.903076500000000000e+06,5.687392000000000000e+06,5.468421000000000000e+06,5.249587500000000000e+06,5.033525500000000000e+06,4.822780500000000000e+06,4.619085500000000000e+06,4.423152500000000000e+06,4.235596000000000000e+06,4.056316250000000000e+06,3.884228500000000000e+06,3.718206500000000000e+06,3.556639250000000000e+06,3.493676750000000000e+06,3.430402750000000000e+06,3.356785500000000000e+06,3.270039250000000000e+06,3.167313250000000000e+06,3.045768250000000000e+06,2.902724250000000000e+06,2.735699000000000000e+06,2.542765750000000000e+06,2.323578250000000000e+06,2.085323875000000000e+06,1.875404625000000000e+06,1.637288250000000000e+06,1.372253250000000000e+06,1.093217250000000000e+06,8.056536875000000000e+05,4.895101562500000000e+05,1.839966562500000000e+05,3.047012890625000000e+04
7.991976250000000000e+05,7.960908750000000000e+05,7.872551250000000000e+05,7.733970625000000000e+05,7.552111250000000000e+05,7.333951875000000000e+05,7.086627500000000000e+05,6.817740625000000000e+05,6.537611250000000000e+05,6.257866875000000000e+05,5.989758750000000000e+05,5.743435000000000000e+05,5.522773125000000000e+05,5.336176875000000000e+05,5.225943125000000000e+05,5.138997187500000000e+05,5.073009375000000000e+05,5.025568125000000000e+05,4.993385937500000000e+05,4.971747500000000000e+05,4.955636562500000000e+05,4.939823125000000000e+05,5.001060312500000000e+05,5.171790625000000000e+05,5.316538125000000000e+05,5.427897500000000000e+05,5.498043750000000000e+05,5.519140625000000000e+05,5.483268125000000000e+05,5.382774375000000000e+05,5.210683437500000000e+05,4.978416875000000000e+05,4.797982500000000000e+05,4.541549687500000000e+05,4.197722812500000000e+05,3.757092812500000000e+05,3.217021562500000000e+05,2.582017343750000000e+05,1.849745312500000000e+05,1.053509531250000000e+05,4.035368750000000000e+04
6.284907000000000000e+06,6.277953000000000000e+06,6.257113500000000000e+06,6.222397000000000000e+06,6.173783000000000000e+06,6.111241500000000000e+06,6.034745000000000000e+06,5.944372000000000000e+06,5.841161000000000000e+06,5.726730000000000000e+06,5.602718500000000000e+06,5.470697000000000000e+06,5.331516500000000000e+06,5.252614000000000000e+06,5.188713000000000000e+06,5.115811500000000000e+06,5.033064000000000000e+06,4.939673000000000000e+06,4.834743500000000000e+06,4.717192000000000000e+06,4.585977000000000000e+06,4.440095500000000000e+06,4.278605500000000000e+06,4.100705000000000000e+06,3.905802500000000000e+06,3.693544000000000000e+06,3.463950000000000000e+06,3.217523500000000000e+06,2.955179250000000000e+06,2.687528250000000000e+06,2.452203000000000000e+06,2.203848250000000000e+06,1.943885125000000000e+06,1.672771000000000000e+06,1.389806125000000000e+06,1.100238250000000000e+06,8.209496250000000000e+05,5.595492500000000000e+05,2.974135312500000000e+05,7.597983593750000000e+04,2.950606201171875000e+03
6.100225000000000000e+04,6.105719531250000000e+04,6.120791015625000000e+04,6.143121484375000000e+04,6.170212500000000000e+04,6.199487500000000000e+04,6.228378515625000000e+04,6.254509375000000000e+04,6.276769531250000000e+04,6.294925000000000000e+04,6.442361328125000000e+04,6.675905468750000000e+04,6.901803906250000000e+04,7.117496093750000000e+04,7.320746093750000000e+04,7.510244531250000000e+04,7.685653125000000000e+04,7.846717187500000000e+04,7.993112500000000000e+04,8.124294531250000000e+04,8.239492968750000000e+04,8.337236718750000000e+04,8.491117968750000000e+04,8.698890625000000000e+04,8.893200781250000000e+04,9.068271093750000000e+04,9.216957031250000000e+04,9.330164062500000000e+04,9.397644531250000000e+04,9.406296875000000000e+04,9.341593750000000000e+04,9.186267968750000000e+04,8.921276562500000000e+04,8.526612500000000000e+04,7.981870312500000000e+04,7.268734375000000000e+04,6.376307031250000000e+04,5.309422265625000000e+04,4.073100781250000000e+04,2.707498437500000000e+04,1.449160644531250000e+04
3.935624750000000000e+06,3.936261000000000000e+06,3.936759750000000000e+06,3.934821250000000000e+06,3.927998750000000000e+06,3.913822750000000000e+06,3.894897750000000000e+06,3.866728000000000000e+06,3.827265750000000000e+06,3.778508750000000000e+06,3.722495500000000000e+06,3.661155500000000000e+06,3.595480500000000000e+06,3.531010500000000000e+06,3.468051500000000000e+06,3.402052500000000000e+06,3.333520000000000000e+06,3.262976750000000000e+06,3.190608750000000000e+06,3.131307500000000000e+06,3.071839750000000000e+06,3.007615000000000000e+06,2.937630500000000000e+06,2.860810000000000000e+06,2.798344750000000000e+06,2.732752500000000000e+06,2.652263000000000000e+06,2.555058250000000000e+06,2.440220000000000000e+06,2.354662750000000000e+06,2.239051500000000000e+06,2.092299875000000000e+06,1.914558125000000000e+06,1.807969875000000000e+06,1.689108625000000000e+06,1.496768000000000000e+06,1.243667250000000000e+06,9.843719375000000000e+05,7.080297500000000000e+05,3.822934687500000000e+05,1.153725156250000000e+05
6.013919500000000000e+06,5.989389500000000000e+06,5.918515500000000000e+06,5.805514000000000000e+06,5.654750500000000000e+06,5.470695000000000000e+06,5.257891000000000000e+06,5.021086000000000000e+06,4.766714000000000000e+06,4.502006500000000000e+06,4.233849500000000000e+06,3.968515750000000000e+06,3.710294500000000000e+06,3.473645500000000000e+06,3.263652000000000000e+06,3.065517500000000000e+06,2.879841000000000000e+06,2.707136750000000000e+06,2.547226500000000000e+06,2.398978750000000000e+06,2.261250250000000000e+06,2.132523000000000000e+06,2.010973750000000000e+06,1.894843875000000000e+06,1.817313250000000000e+06,1.768112500000000000e+06,1.710575375000000000e+06,1.643261250000000000e+06,1.564764500000000000e+06,1.473876375000000000e+06,1.369643000000000000e+06,1.251881500000000000e+06,1.121245500000000000e+06,9.874396875000000000e+05,8.641459375000000000e+05,7.287877500000000000e+05,5.863375625000000000e+05,4.391438125000000000e+05,2.787269687500000000e+05,1.197838359375000000e+05,2.809405468750000000e+04
1.993745750000000000e+06,1.997822000000000000e+06,2.008272000000000000e+06,2.022175250000000000e+06,2.046563375000000000e+06,2.071573000000000000e+06,2.091146375000000000e+06,2.101673250000000000e+06,2.111241000000000000e+06,2.126207750000000000e+06,2.125265500000000000e+06,2.107997750000000000e+06,2.075871500000000000e+06,2.064563875000000000e+06,2.039425750000000000e+06,2.000775500000000000e+06,1.952251750000000000e+06,1.897229125000000000e+06,1.838485000000000000e+06,1.778078750000000000e+06,1.754727250000000000e+06,1.751989000000000000e+06,1.744122875000000000e+06,1.732509625000000000e+06,1.717381000000000000e+06,1.698446000000000000e+06,1.674848250000000000e+06,1.645057750000000000e+06,1.607273375000000000e+06,1.559063375000000000e+06,1.497847750000000000e+06,1.441915125000000000e+06,1.387791500000000000e+06,1.314532625000000000e+06,1.216348625000000000e+06,1.088919500000000000e+06,9.321086250000000000e+05,7.449975625000000000e+05,5.178966562500000000e+05,2.669098125000000000e+05,8.301311718750000000e+04
