2.285573250000000000e+06,2.293475500000000000e+06,2.313926000000000000e+06,2.341759500000000000e+06,2.373094750000000000e+06,2.407927750000000000e+06,2.434046500000000000e+06,2.446337500000000000e+06,2.444295750000000000e+06,2.437593500000000000e+06,2.422193750000000000e+06,2.398387000000000000e+06,2.367101500000000000e+06,2.335571500000000000e+06,2.306667750000000000e+06,2.270655250000000000e+06,2.229427500000000000e+06,2.184882500000000000e+06,2.154267250000000000e+06,2.128614250000000000e+06,2.100954250000000000e+06,2.072301250000000000e+06,2.043295375000000000e+06,2.022529375000000000e+06,2.026367000000000000e+06,2.026564250000000000e+06,2.022229250000000000e+06,2.011688625000000000e+06,1.992767625000000000e+06,2.008062000000000000e+06,2.082520375000000000e+06,2.125013000000000000e+06,2.127429000000000000e+06,2.077968000000000000e+06,1.960010125000000000e+06,1.808263125000000000e+06,1.640146125000000000e+06,1.392008875000000000e+06,9.918594375000000000e+05,4.595714687500000000e+05,9.799874218750000000e+04
6.743896875000000000e+05,6.722255625000000000e+05,6.659436875000000000e+05,6.580193750000000000e+05,6.467845625000000000e+05,6.321690000000000000e+05,6.141780625000000000e+05,5.929740000000000000e+05,5.693291250000000000e+05,5.443397500000000000e+05,5.190830937500000000e+05,4.945510312500000000e+05,4.767683750000000000e+05,4.607377812500000000e+05,4.459791250000000000e+05,4.328030000000000000e+05,4.213752812500000000e+05,4.118540312500000000e+05,4.042982500000000000e+05,4.087121562500000000e+05,4.226419687500000000e+05,4.370412187500000000e+05,4.519490625000000000e+05,4.673174687500000000e+05,4.829979062500000000e+05,4.987469687500000000e+05,5.142179375000000000e+05,5.289538750000000000e+05,5.441380000000000000e+05,5.693923125000000000e+05,5.933502500000000000e+05,6.143783750000000000e+05,6.305308125000000000e+05,6.370286875000000000e+05,6.251046875000000000e+05,5.894545625000000000e+05,5.343484375000000000e+05,4.514785937500000000e+05,2.969007812500000000e+05,1.028147890625000000e+05,1.268446875000000000e+04
3.773350000000000000e+05,3.775403125000000000e+05,3.781140937500000000e+05,3.789866875000000000e+05,3.800815312500000000e+05,3.813177187500000000e+05,3.826122812500000000e+05,3.838866875000000000e+05,3.851141562500000000e+05,3.884308750000000000e+05,3.921440937500000000e+05,3.959041250000000000e+05,3.996794687500000000e+05,4.034357812500000000e+05,4.071491250000000000e+05,4.107995312500000000e+05,4.153138750000000000e+05,4.244148125000000000e+05,4.332397187500000000e+05,4.417090625000000000e+05,4.497366250000000000e+05,4.571924687500000000e+05,4.639000625000000000e+05,4.696509375000000000e+05,4.919095937500000000e+05,5.168686250000000000e+05,5.388845000000000000e+05,5.570928750000000000e+05,5.704555000000000000e+05,5.774958750000000000e+05,5.765690625000000000e+05,5.661873750000000000e+05,5.511724375000000000e+05,5.352152500000000000e+05,5.025495312500000000e+05,4.507472500000000000e+05,3.851606250000000000e+05,3.036804062500000000e+05,1.825403906250000000e+05,5.010326953125000000e+04,2.265312500000000000e+03
6.437628515625000000e+04,6.450205859375000000e+04,6.480575390625000000e+04,6.516868750000000000e+04,6.546660546875000000e+04,6.577185937500000000e+04,6.579539843750000000e+04,6.540154687500000000e+04,6.460249218750000000e+04,6.347905468750000000e+04,6.250387109375000000e+04,6.135430859375000000e+04,6.003383593750000000e+04,5.855530859375000000e+04,5.714427343750000000e+04,5.606839062500000000e+04,5.484493359375000000e+04,5.352537500000000000e+04,5.215437890625000000e+04,5.116655468750000000e+04,5.064934765625000000e+04,5.005560546875000000e+04,4.942066796875000000e+04,4.877518359375000000e+04,4.814203515625000000e+04,4.915576953125000000e+04,5.114059765625000000e+04,5.296205468750000000e+04,5.464898437500000000e+04,5.625255859375000000e+04,5.782234765625000000e+04,5.929283984375000000e+04,6.082041796875000000e+04,6.429967578125000000e+04,6.910892187500000000e+04,7.521082812500000000e+04,7.954494531250000000e+04,8.176423437500000000e+04,9.606278906250000000e+04,1.324506562500000000e+05,1.193239687500000000e+05
2.479429375000000000e+05,2.485520000000000000e+05,2.501390781250000000e+05,2.523188750000000000e+05,2.546836406250000000e+05,2.568171875000000000e+05,2.583092031250000000e+05,2.595574218750000000e+05,2.598724375000000000e+05,2.591448750000000000e+05,2.574711718750000000e+05,2.557152812500000000e+05,2.542690468750000000e+05,2.517521718750000000e+05,2.481336093750000000e+05,2.446286406250000000e+05,2.420400625000000000e+05,2.381435000000000000e+05,2.330580781250000000e+05,2.271091406250000000e+05,2.244781718750000000e+05,2.202968593750000000e+05,2.147418906250000000e+05,2.079864062500000000e+05,2.001947812500000000e+05,2.012169843750000000e+05,2.018831093750000000e+05,2.000110937500000000e+05,1.958482500000000000e+05,1.896723593750000000e+05,1.817519062500000000e+05,1.722128906250000000e+05,1.647872656250000000e+05,1.582858906250000000e+05,1.516651875000000000e+05,1.445488593750000000e+05,1.339002187500000000e+05,1.197909218750000000e+05,1.129967656250000000e+05,1.161494296875000000e+05,8.639855468750000000e+04
3.673375000000000000e+06,3.671300500000000000e+06,3.672641000000000000e+06,3.723405500000000000e+06,3.781716750000000000e+06,3.839672000000000000e+06,3.889382000000000000e+06,3.923502750000000000e+06,3.937825500000000000e+06,3.930445000000000000e+06,3.900349250000000000e+06,3.847511250000000000e+06,3.773297750000000000e+06,3.679864750000000000e+06,3.569728000000000000e+06,3.450155250000000000e+06,3.369924250000000000e+06,3.278471250000000000e+06,3.177262500000000000e+06,3.067619500000000000e+06,2.950947250000000000e+06,2.828267250000000000e+06,2.700231750000000000e+06,2.567403750000000000e+06,2.429889500000000000e+06,2.287665500000000000e+06,2.140647000000000000e+06,1.988688750000000000e+06,1.831740500000000000e+06,1.669832250000000000e+06,1.503226375000000000e+06,1.332770875000000000e+06,1.159846500000000000e+06,9.856578125000000000e+05,8.112710625000000000e+05,6.402470625000000000e+05,4.800507187500000000e+05,3.343042812500000000e+05,1.982546875000000000e+05,8.385525781250000000e+04,2.312071679687500000e+04
8.233284375000000000e+04,8.262475781250000000e+04,8.340735156250000000e+04,8.453276562500000000e+04,8.584613281250000000e+04,8.745666406250000000e+04,8.900101562500000000e+04,9.027568750000000000e+04,9.125364062500000000e+04,9.229155468750000000e+04,9.322824218750000000e+04,9.401133593750000000e+04,9.470664843750000000e+04,9.602732031250000000e+04,9.711325000000000000e+04,9.797550000000000000e+04,9.934810156250000000e+04,1.012525390625000000e+05,1.029199375000000000e+05,1.043878203125000000e+05,1.067553750000000000e+05,1.101282031250000000e+05,1.132145859375000000e+05,1.160534140625000000e+05,1.186645546875000000e+05,1.244013906250000000e+05,1.341725781250000000e+05,1.432882187500000000e+05,1.516703750000000000e+05,1.591281875000000000e+05,1.653969062500000000e+05,1.700973906250000000e+05,1.752117187500000000e+05,1.818341562500000000e+05,1.854445312500000000e+05,1.844040156250000000e+05,1.772696250000000000e+05,1.612809531250000000e+05,1.298525390625000000e+05,8.196295312500000000e+04,3.587325390625000000e+04
5.965371875000000000e+05,5.946361250000000000e+05,5.890814375000000000e+05,5.808205625000000000e+05,5.698450000000000000e+05,5.557291250000000000e+05,5.386975000000000000e+05,5.192408750000000000e+05,4.985669062500000000e+05,4.808501875000000000e+05,4.649317500000000000e+05,4.518120312500000000e+05,4.417953125000000000e+05,4.347088750000000000e+05,4.350241250000000000e+05,4.380050625000000000e+05,4.430518750000000000e+05,4.499349687500000000e+05,4.583809062500000000e+05,4.754089062500000000e+05,4.940092812500000000e+05,5.129203750000000000e+05,5.319525625000000000e+05,5.508798125000000000e+05,5.695236875000000000e+05,6.160003125000000000e+05,6.658544375000000000e+05,7.148021250000000000e+05,7.624550000000000000e+05,8.077233125000000000e+05,8.491261875000000000e+05,8.851576250000000000e+05,9.186093125000000000e+05,9.678683125000000000e+05,9.970996250000000000e+05,9.954762500000000000e+05,9.676000625000000000e+05,8.871963750000000000e+05,6.317865000000000000e+05,2.323840468750000000e+05,2.682307031250000000e+04
5.067759000000000000e+06,5.066369000000000000e+06,5.062730500000000000e+06,5.057430000000000000e+06,5.050862000000000000e+06,5.043337500000000000e+06,5.035177500000000000e+06,5.026743000000000000e+06,5.018042000000000000e+06,5.009004500000000000e+06,4.999829000000000000e+06,5.001242000000000000e+06,5.031523000000000000e+06,5.056755000000000000e+06,5.074517500000000000e+06,5.082345000000000000e+06,5.077634000000000000e+06,5.057722000000000000e+06,5.028753000000000000e+06,5.033082000000000000e+06,5.010360500000000000e+06,4.958826000000000000e+06,4.877176500000000000e+06,4.764290000000000000e+06,4.619487500000000000e+06,4.442433500000000000e+06,4.233220500000000000e+06,4.172188000000000000e+06,4.059614750000000000e+06,3.889179250000000000e+06,3.660324750000000000e+06,3.374734750000000000e+06,3.036821250000000000e+06,2.650772000000000000e+06,2.244977750000000000e+06,1.868426125000000000e+06,1.475446125000000000e+06,1.073426500000000000e+06,6.282219375000000000e+05,1.989606406250000000e+05,1.537013867187500000e+04
2.479250500000000000e+06,2.474690000000000000e+06,2.460366000000000000e+06,2.435173750000000000e+06,2.398017000000000000e+06,2.348021000000000000e+06,2.284692500000000000e+06,2.208286750000000000e+06,2.122181000000000000e+06,2.031275625000000000e+06,1.940146125000000000e+06,1.852766750000000000e+06,1.807847875000000000e+06,1.772399875000000000e+06,1.741316000000000000e+06,1.715553375000000000e+06,1.695926750000000000e+06,1.683241125000000000e+06,1.677889000000000000e+06,1.679645125000000000e+06,1.688235250000000000e+06,1.703261750000000000e+06,1.724187125000000000e+06,1.750395250000000000e+06,1.781089875000000000e+06,1.815342000000000000e+06,1.852086125000000000e+06,1.922580625000000000e+06,2.002458000000000000e+06,2.085892500000000000e+06,2.169151750000000000e+06,2.248107000000000000e+06,2.317817750000000000e+06,2.361225500000000000e+06,2.343675500000000000e+06,2.243529000000000000e+06,2.076698875000000000e+06,1.799459125000000000e+06,1.201479250000000000e+06,4.070970000000000000e+05,3.978233203125000000e+04
1.312289625000000000e+06,1.311759500000000000e+06,1.309887625000000000e+06,1.306327750000000000e+06,1.307779125000000000e+06,1.307259750000000000e+06,1.303687875000000000e+06,1.296129625000000000e+06,1.284275875000000000e+06,1.268276250000000000e+06,1.249720500000000000e+06,1.246037125000000000e+06,1.237682125000000000e+06,1.225252250000000000e+06,1.209494875000000000e+06,1.191312625000000000e+06,1.171690875000000000e+06,1.172251000000000000e+06,1.201234500000000000e+06,1.225648000000000000e+06,1.246964500000000000e+06,1.266487375000000000e+06,1.285339625000000000e+06,1.304489500000000000e+06,1.324572000000000000e+06,1.346045375000000000e+06,1.369227250000000000e+06,1.394286500000000000e+06,1.434710750000000000e+06,1.495453375000000000e+06,1.560884250000000000e+06,1.630597750000000000e+06,1.704599125000000000e+06,1.770979125000000000e+06,1.799048375000000000e+06,1.771251375000000000e+06,1.711043625000000000e+06,1.565184125000000000e+06,1.050378250000000000e+06,2.824327187500000000e+05,4.662874023437500000e+03
4.631779687500000000e+05,4.625721875000000000e+05,4.606385937500000000e+05,4.571719687500000000e+05,4.519501250000000000e+05,4.447612187500000000e+05,4.354276250000000000e+05,4.238553125000000000e+05,4.103175000000000000e+05,3.952923750000000000e+05,3.792589375000000000e+05,3.626704375000000000e+05,3.458304687500000000e+05,3.379572187500000000e+05,3.314019062500000000e+05,3.239880625000000000e+05,3.159401250000000000e+05,3.074939687500000000e+05,2.988368750000000000e+05,2.900733750000000000e+05,2.812927812500000000e+05,2.725331875000000000e+05,2.637814062500000000e+05,2.550037500000000000e+05,2.461194531250000000e+05,2.413827812500000000e+05,2.369503437500000000e+05,2.321632812500000000e+05,2.267933593750000000e+05,2.206268906250000000e+05,2.134427500000000000e+05,2.049243437500000000e+05,1.946998750000000000e+05,1.826843750000000000e+05,1.691655156250000000e+05,1.537507656250000000e+05,1.346968281250000000e+05,1.124658125000000000e+05,9.270412500000000000e+04,7.551970312500000000e+04,4.603085546875000000e+04
3.604051500000000000e+06,3.609826000000000000e+06,3.626745250000000000e+06,3.654204250000000000e+06,3.691601750000000000e+06,3.738339250000000000e+06,3.793820750000000000e+06,3.857431000000000000e+06,3.928322500000000000e+06,4.005509000000000000e+06,4.088004750000000000e+06,4.174832750000000000e+06,4.275729500000000000e+06,4.421503500000000000e+06,4.570110500000000000e+06,4.720301500000000000e+06,4.871004500000000000e+06,5.021141000000000000e+06,5.169747500000000000e+06,5.316027500000000000e+06,5.517385500000000000e+06,5.900267000000000000e+06,6.278320000000000000e+06,6.649534000000000000e+06,7.011220000000000000e+06,7.360107500000000000e+06,7.691638000000000000e+06,7.999440000000000000e+06,8.274725500000000000e+06,8.500523000000000000e+06,8.767040000000000000e+06,9.083575000000000000e+06,9.324118000000000000e+06,9.419600000000000000e+06,9.243218000000000000e+06,8.713109000000000000e+06,7.877800500000000000e+06,6.611730500000000000e+06,4.290100500000000000e+06,1.394335875000000000e+06,1.030946328125000000e+05
2.839617250000000000e+06,2.835511500000000000e+06,2.823222750000000000e+06,2.802480000000000000e+06,2.772746000000000000e+06,2.733399750000000000e+06,2.683895250000000000e+06,2.623948750000000000e+06,2.554206750000000000e+06,2.499038250000000000e+06,2.438934000000000000e+06,2.371556000000000000e+06,2.298996250000000000e+06,2.223499000000000000e+06,2.171496250000000000e+06,2.129167000000000000e+06,2.084786625000000000e+06,2.040619500000000000e+06,1.998429875000000000e+06,1.959266375000000000e+06,1.923868375000000000e+06,1.964722750000000000e+06,2.010205125000000000e+06,2.051845750000000000e+06,2.089588250000000000e+06,2.122680500000000000e+06,2.149541500000000000e+06,2.167631750000000000e+06,2.173719000000000000e+06,2.163052250000000000e+06,2.130274250000000000e+06,2.104654750000000000e+06,2.073157375000000000e+06,2.005761125000000000e+06,1.886273625000000000e+06,1.705040625000000000e+06,1.469435625000000000e+06,1.172474000000000000e+06,7.582263125000000000e+05,2.862710312500000000e+05,4.058898437500000000e+04
8.742686875000000000e+05,8.778456875000000000e+05,8.879458125000000000e+05,9.036343750000000000e+05,9.239818125000000000e+05,9.480526875000000000e+05,9.786233125000000000e+05,1.017919687500000000e+06,1.058574750000000000e+06,1.099394500000000000e+06,1.139141375000000000e+06,1.181825250000000000e+06,1.237187750000000000e+06,1.287530875000000000e+06,1.331860625000000000e+06,1.369468500000000000e+06,1.400037875000000000e+06,1.423296250000000000e+06,1.481141000000000000e+06,1.545825000000000000e+06,1.598064500000000000e+06,1.637864125000000000e+06,1.665167125000000000e+06,1.679890875000000000e+06,1.681671250000000000e+06,1.670068750000000000e+06,1.644532875000000000e+06,1.604386000000000000e+06,1.549034375000000000e+06,1.490431500000000000e+06,1.438273500000000000e+06,1.371091750000000000e+06,1.287296625000000000e+06,1.185633500000000000e+06,1.065305250000000000e+06,9.256230000000000000e+05,7.668836875000000000e+05,5.931129375000000000e+05,4.097768750000000000e+05,2.255379218750000000e+05,7.999992968750000000e+04
3.885093750000000000e+06,3.890037250000000000e+06,3.902370000000000000e+06,3.918150250000000000e+06,4.017024000000000000e+06,4.146725000000000000e+06,4.276506000000000000e+06,4.395704000000000000e+06,4.498231000000000000e+06,4.580969500000000000e+06,4.641206500000000000e+06,4.676639000000000000e+06,4.685162000000000000e+06,4.665089500000000000e+06,4.615397000000000000e+06,4.618719000000000000e+06,4.614135500000000000e+06,4.583876000000000000e+06,4.527118000000000000e+06,4.444015000000000000e+06,4.335398000000000000e+06,4.202652500000000000e+06,4.047647750000000000e+06,3.872568000000000000e+06,3.679306000000000000e+06,3.469791500000000000e+06,3.245838000000000000e+06,3.009031750000000000e+06,2.761022500000000000e+06,2.503199000000000000e+06,2.237188000000000000e+06,1.965414250000000000e+06,1.691069375000000000e+06,1.416618250000000000e+06,1.143781875000000000e+06,8.792155625000000000e+05,6.373968125000000000e+05,4.239486875000000000e+05,2.267867343750000000e+05,7.040006250000000000e+04,9.491732421875000000e+03
3.733332000000000000e+06,3.735912750000000000e+06,3.743114000000000000e+06,3.753785000000000000e+06,3.766540750000000000e+06,3.785248000000000000e+06,3.809611750000000000e+06,3.833046250000000000e+06,3.856124000000000000e+06,3.880642750000000000e+06,3.920628500000000000e+06,3.970385500000000000e+06,4.025642750000000000e+06,4.085198000000000000e+06,4.169237250000000000e+06,4.264847500000000000e+06,4.358399000000000000e+06,4.447595000000000000e+06,4.549414000000000000e+06,4.674982000000000000e+06,4.783718500000000000e+06,4.872058000000000000e+06,4.936368000000000000e+06,5.004578000000000000e+06,5.095161000000000000e+06,5.142885000000000000e+06,5.142917000000000000e+06,5.090454500000000000e+06,4.980886500000000000e+06,4.984114000000000000e+06,5.023577500000000000e+06,4.948555000000000000e+06,4.750889500000000000e+06,4.422683500000000000e+06,3.955570250000000000e+06,3.455690500000000000e+06,2.934837250000000000e+06,2.315048500000000000e+06,1.534999500000000000e+06,6.594426875000000000e+05,1.218920781250000000e+05
1.235681250000000000e+06,1.238459375000000000e+06,1.246303250000000000e+06,1.258473625000000000e+06,1.274225625000000000e+06,1.292806375000000000e+06,1.313455000000000000e+06,1.341024750000000000e+06,1.373407500000000000e+06,1.405605500000000000e+06,1.436479125000000000e+06,1.464935875000000000e+06,1.490337000000000000e+06,1.512270625000000000e+06,1.530328250000000000e+06,1.555589375000000000e+06,1.580704875000000000e+06,1.600347250000000000e+06,1.614357875000000000e+06,1.622549750000000000e+06,1.624709250000000000e+06,1.620481000000000000e+06,1.609386250000000000e+06,1.590908125000000000e+06,1.564376000000000000e+06,1.563564875000000000e+06,1.575458000000000000e+06,1.573265625000000000e+06,1.555137375000000000e+06,1.519168750000000000e+06,1.463596625000000000e+06,1.386968875000000000e+06,1.288448500000000000e+06,1.167812750000000000e+06,1.058498500000000000e+06,9.367162500000000000e+05,7.941564375000000000e+05,6.316242500000000000e+05,4.494114062500000000e+05,2.534345468750000000e+05,9.040470312500000000e+04
3.243996250000000000e+06,3.247599000000000000e+06,3.255061750000000000e+06,3.260774250000000000e+06,3.258742250000000000e+06,3.243065250000000000e+06,3.208376500000000000e+06,3.150636750000000000e+06,3.071188000000000000e+06,2.974540750000000000e+06,2.865520250000000000e+06,2.748849250000000000e+06,2.627278500000000000e+06,2.502698000000000000e+06,2.377144750000000000e+06,2.252470750000000000e+06,2.153344750000000000e+06,2.065579875000000000e+06,1.979761125000000000e+06,1.895604875000000000e+06,1.812779375000000000e+06,1.730812000000000000e+06,1.649105750000000000e+06,1.567058000000000000e+06,1.484030250000000000e+06,1.399397125000000000e+06,1.312620625000000000e+06,1.223285250000000000e+06,1.131086625000000000e+06,1.035933812500000000e+06,9.378941250000000000e+05,8.372653750000000000e+05,7.346177500000000000e+05,6.308122500000000000e+05,5.269534375000000000e+05,4.245639375000000000e+05,3.261642187500000000e+05,2.344722500000000000e+05,1.504715937500000000e+05,7.797540625000000000e+04,2.934985546875000000e+04
8.409645625000000000e+05,8.425094375000000000e+05,8.457613750000000000e+05,8.484658750000000000e+05,8.482956875000000000e+05,8.430451875000000000e+05,8.319808750000000000e+05,8.142579375000000000e+05,7.888166250000000000e+05,7.581128125000000000e+05,7.244642500000000000e+05,6.911176875000000000e+05,6.604585625000000000e+05,6.293647500000000000e+05,5.982223750000000000e+05,5.674663125000000000e+05,5.391831875000000000e+05,5.156630625000000000e+05,4.925259687500000000e+05,4.698031562500000000e+05,4.474894375000000000e+05,4.255190625000000000e+05,4.103391562500000000e+05,3.944655000000000000e+05,3.774561562500000000e+05,3.592444375000000000e+05,3.397729375000000000e+05,3.190121562500000000e+05,3.143372500000000000e+05,3.054004062500000000e+05,2.919661875000000000e+05,2.742278125000000000e+05,2.524610468750000000e+05,2.271698281250000000e+05,2.021074062500000000e+05,1.801179843750000000e+05,1.551203906250000000e+05,1.273212968750000000e+05,9.954046093750000000e+04,7.193028125000000000e+04,3.946106250000000000e+04
2.115326406250000000e+05,2.114176562500000000e+05,2.111013437500000000e+05,2.105410625000000000e+05,2.093855937500000000e+05,2.074212343750000000e+05,2.044609218750000000e+05,2.003805781250000000e+05,1.953285156250000000e+05,1.901359687500000000e+05,1.850451406250000000e+05,1.797683750000000000e+05,1.744580781250000000e+05,1.692152968750000000e+05,1.642518281250000000e+05,1.611528750000000000e+05,1.582431406250000000e+05,1.556347031250000000e+05,1.534089062500000000e+05,1.516003125000000000e+05,1.516392812500000000e+05,1.530914531250000000e+05,1.548158593750000000e+05,1.568265000000000000e+05,1.591042031250000000e+05,1.616086875000000000e+05,1.667467031250000000e+05,1.786372343750000000e+05,1.903832187500000000e+05,2.016535156250000000e+05,2.119704062500000000e+05,2.208387656250000000e+05,2.277261250000000000e+05,2.308649218750000000e+05,2.353985312500000000e+05,2.318269062500000000e+05,2.222835781250000000e+05,2.006873125000000000e+05,1.350408593750000000e+05,3.827874218750000000e+04,1.400022949218750000e+03
4.253477500000000000e+06,4.260506000000000000e+06,4.280243000000000000e+06,4.310514000000000000e+06,4.348997500000000000e+06,4.393288000000000000e+06,4.447478000000000000e+06,4.536116000000000000e+06,4.625268500000000000e+06,4.711737000000000000e+06,4.792599500000000000e+06,4.865317000000000000e+06,4.959911000000000000e+06,5.092446000000000000e+06,5.207408500000000000e+06,5.303585000000000000e+06,5.380567000000000000e+06,5.438023000000000000e+06,5.475677000000000000e+06,5.656884500000000000e+06,5.877874000000000000e+06,6.057412500000000000e+06,6.194815500000000000e+06,6.289008500000000000e+06,6.337689500000000000e+06,6.337991500000000000e+06,6.286276000000000000e+06,6.178043000000000000e+06,6.008588500000000000e+06,5.771936000000000000e+06,5.558638000000000000e+06,5.306178000000000000e+06,4.977729000000000000e+06,4.561450000000000000e+06,4.039927750000000000e+06,3.416356500000000000e+06,2.734791250000000000e+06,2.010190750000000000e+06,1.173101750000000000e+06,3.726300312500000000e+05,3.473403125000000000e+04
2.332090625000000000e+05,2.334051875000000000e+05,2.339050781250000000e+05,2.345654687500000000e+05,2.352356406250000000e+05,2.362766406250000000e+05,2.381366093750000000e+05,2.396048281250000000e+05,2.406671406250000000e+05,2.414238593750000000e+05,2.419879218750000000e+05,2.424746562500000000e+05,2.429359218750000000e+05,2.458069062500000000e+05,2.493829218750000000e+05,2.528579062500000000e+05,2.562908125000000000e+05,2.597417812500000000e+05,2.632541562500000000e+05,2.668438125000000000e+05,2.705181562500000000e+05,2.808654687500000000e+05,2.954725000000000000e+05,3.099084375000000000e+05,3.240857187500000000e+05,3.378606562500000000e+05,3.509958437500000000e+05,3.631277500000000000e+05,3.737674062500000000e+05,3.820639687500000000e+05,3.869949062500000000e+05,3.918985937500000000e+05,3.986390625000000000e+05,3.991320312500000000e+05,3.886442500000000000e+05,3.641589062500000000e+05,3.275831875000000000e+05,2.747623437500000000e+05,1.833196562500000000e+05,6.843231250000000000e+04,1.064565234375000000e+04
6.406077343750000000e+04,6.396521484375000000e+04,6.381001562500000000e+04,6.355261718750000000e+04,6.313039453125000000e+04,6.250365234375000000e+04,6.163520312500000000e+04,6.049561718750000000e+04,5.908535937500000000e+04,5.742690625000000000e+04,5.559112890625000000e+04,5.430159765625000000e+04,5.277383593750000000e+04,5.105148828125000000e+04,4.918375390625000000e+04,4.722191406250000000e+04,4.521479296875000000e+04,4.320794531250000000e+04,4.203050781250000000e+04,4.156912109375000000e+04,4.095551171875000000e+04,4.023759375000000000e+04,3.945069921875000000e+04,3.862181640625000000e+04,3.776544531250000000e+04,3.688880859375000000e+04,3.599130078125000000e+04,3.506407421875000000e+04,3.409701953125000000e+04,3.308518359375000000e+04,3.269132812500000000e+04,3.237097460937500000e+04,3.199589453125000000e+04,3.159479492187500000e+04,3.132463671875000000e+04,3.110491015625000000e+04,3.023780273437500000e+04,2.869271093750000000e+04,2.905112109375000000e+04,3.222644921875000000e+04,2.706529492187500000e+04
3.164873250000000000e+06,3.158735500000000000e+06,3.140505500000000000e+06,3.110305750000000000e+06,3.068144250000000000e+06,3.014522000000000000e+06,2.966378750000000000e+06,2.906942250000000000e+06,2.837305500000000000e+06,2.759613250000000000e+06,2.676218000000000000e+06,2.589560500000000000e+06,2.501474000000000000e+06,2.432909500000000000e+06,2.379988000000000000e+06,2.326701000000000000e+06,2.274480750000000000e+06,2.224810500000000000e+06,2.178850000000000000e+06,2.137205500000000000e+06,2.182030000000000000e+06,2.247422250000000000e+06,2.309267750000000000e+06,2.368172250000000000e+06,2.423929250000000000e+06,2.475731500000000000e+06,2.521997000000000000e+06,2.560202000000000000e+06,2.586944000000000000e+06,2.662307250000000000e+06,2.729100500000000000e+06,2.774238000000000000e+06,2.787291500000000000e+06,2.749026750000000000e+06,2.628725000000000000e+06,2.408426000000000000e+06,2.103175000000000000e+06,1.695848875000000000e+06,1.072674500000000000e+06,3.581984062500000000e+05,3.450176171875000000e+04
4.343835546875000000e+04,4.347259375000000000e+04,4.357208984375000000e+04,4.375136718750000000e+04,4.402394921875000000e+04,4.435537500000000000e+04,4.473674609375000000e+04,4.516016796875000000e+04,4.562469140625000000e+04,4.613416015625000000e+04,4.669375000000000000e+04,4.737075000000000000e+04,4.830294921875000000e+04,4.928865625000000000e+04,5.032283203125000000e+04,5.139948046875000000e+04,5.251033203125000000e+04,5.394366015625000000e+04,5.563532421875000000e+04,5.732058984375000000e+04,5.898225781250000000e+04,6.059979296875000000e+04,6.214896875000000000e+04,6.450385156250000000e+04,6.686631250000000000e+04,6.904268750000000000e+04,7.098003125000000000e+04,7.261136718750000000e+04,7.386425781250000000e+04,7.835385156250000000e+04,8.313701562500000000e+04,8.705525781250000000e+04,8.977240625000000000e+04,9.111151562500000000e+04,9.115060937500000000e+04,9.237769531250000000e+04,9.245237500000000000e+04,8.930087500000000000e+04,8.961734375000000000e+04,9.601384375000000000e+04,7.321795312500000000e+04
5.688366250000000000e+05,5.685751875000000000e+05,5.676945625000000000e+05,5.659760625000000000e+05,5.631428750000000000e+05,5.598532500000000000e+05,5.558235000000000000e+05,5.499318125000000000e+05,5.421842500000000000e+05,5.328190000000000000e+05,5.263038125000000000e+05,5.185296250000000000e+05,5.098834375000000000e+05,5.007825000000000000e+05,4.964952812500000000e+05,4.930501875000000000e+05,4.896021875000000000e+05,4.865609375000000000e+05,4.842457500000000000e+05,4.874837187500000000e+05,4.941963125000000000e+05,5.014707500000000000e+05,5.094605937500000000e+05,5.182569687500000000e+05,5.278516875000000000e+05,5.381761875000000000e+05,5.628071875000000000e+05,6.014307500000000000e+05,6.406695625000000000e+05,6.797821875000000000e+05,7.176396250000000000e+05,7.526551250000000000e+05,7.827724375000000000e+05,8.029060000000000000e+05,8.339552500000000000e+05,8.514922500000000000e+05,8.468911250000000000e+05,7.987867500000000000e+05,6.368423750000000000e+05,3.390322500000000000e+05,9.051833593750000000e+04
2.221238125000000000e+05,2.227210156250000000e+05,2.242950468750000000e+05,2.264973593750000000e+05,2.289620937500000000e+05,2.313204843750000000e+05,2.332145156250000000e+05,2.343344531250000000e+05,2.346638750000000000e+05,2.343647656250000000e+05,2.336161562500000000e+05,2.325926718750000000e+05,2.313336718750000000e+05,2.298180312500000000e+05,2.280383281250000000e+05,2.295710000000000000e+05,2.315856250000000000e+05,2.335239062500000000e+05,2.352921250000000000e+05,2.367640781250000000e+05,2.378035781250000000e+05,2.382730000000000000e+05,2.380367500000000000e+05,2.369599531250000000e+05,2.349103906250000000e+05,2.317612343750000000e+05,2.273910156250000000e+05,2.216853593750000000e+05,2.145469531250000000e+05,2.059106406250000000e+05,1.957326250000000000e+05,1.839397656250000000e+05,1.704655781250000000e+05,1.554417968750000000e+05,1.392198593750000000e+05,1.218243203125000000e+05,1.027139140625000000e+05,8.252818750000000000e+04,6.417908593750000000e+04,4.786507031250000000e+04,2.817442578125000000e+04
1.124046500000000000e+06,1.124782125000000000e+06,1.126429250000000000e+06,1.128076875000000000e+06,1.128765375000000000e+06,1.127541750000000000e+06,1.123506625000000000e+06,1.115929250000000000e+06,1.108807250000000000e+06,1.103214375000000000e+06,1.095206375000000000e+06,1.085480250000000000e+06,1.074460625000000000e+06,1.062461750000000000e+06,1.049844125000000000e+06,1.036981750000000000e+06,1.035812062500000000e+06,1.034911812500000000e+06,1.033762250000000000e+06,1.032421250000000000e+06,1.030886875000000000e+06,1.028955375000000000e+06,1.026230625000000000e+06,1.022225937500000000e+06,1.030894750000000000e+06,1.064112625000000000e+06,1.091679250000000000e+06,1.111892625000000000e+06,1.122780125000000000e+06,1.121862750000000000e+06,1.106481000000000000e+06,1.074129125000000000e+06,1.022667750000000000e+06,9.698542500000000000e+05,9.060471875000000000e+05,8.159913125000000000e+05,7.018794375000000000e+05,5.619353125000000000e+05,3.787551875000000000e+05,1.706303437500000000e+05,4.053575000000000000e+04
1.813660750000000000e+06,1.815079125000000000e+06,1.818707250000000000e+06,1.822750125000000000e+06,1.819292750000000000e+06,1.803435250000000000e+06,1.775625625000000000e+06,1.733563250000000000e+06,1.674171250000000000e+06,1.602708500000000000e+06,1.537322125000000000e+06,1.467477000000000000e+06,1.396058125000000000e+06,1.324660875000000000e+06,1.267416250000000000e+06,1.211480375000000000e+06,1.155993500000000000e+06,1.101737875000000000e+06,1.048932125000000000e+06,1.000196250000000000e+06,9.625268750000000000e+05,9.227345000000000000e+05,8.806235000000000000e+05,8.359437500000000000e+05,7.885419375000000000e+05,7.383214375000000000e+05,6.910358750000000000e+05,6.681186875000000000e+05,6.362113125000000000e+05,5.957520625000000000e+05,5.473698125000000000e+05,4.920955000000000000e+05,4.313670937500000000e+05,3.664834687500000000e+05,3.113274375000000000e+05,2.536378125000000000e+05,1.961806406250000000e+05,1.401863906250000000e+05,8.032116406250000000e+04,2.457261914062500000e+04,2.566014160156250000e+03
7.228398500000000000e+06,7.235803500000000000e+06,7.253375500000000000e+06,7.273758000000000000e+06,7.289345000000000000e+06,7.292603000000000000e+06,7.276360000000000000e+06,7.234841000000000000e+06,7.171038500000000000e+06,7.092971500000000000e+06,7.008628500000000000e+06,6.925408000000000000e+06,6.846933000000000000e+06,6.775103500000000000e+06,6.712013500000000000e+06,6.659729500000000000e+06,6.620131000000000000e+06,6.595136500000000000e+06,6.585958500000000000e+06,6.592734500000000000e+06,6.615561000000000000e+06,6.654196000000000000e+06,6.708066000000000000e+06,6.856589000000000000e+06,7.048345000000000000e+06,7.268850000000000000e+06,7.518963000000000000e+06,7.799681500000000000e+06,8.110761500000000000e+06,8.445379000000000000e+06,8.793838000000000000e+06,9.148302000000000000e+06,9.500502000000000000e+06,9.784680000000000000e+06,9.848762000000000000e+06,9.598360000000000000e+06,9.113049000000000000e+06,8.144443000000000000e+06,5.503267000000000000e+06,1.708659500000000000e+06,8.621215625000000000e+04
8.836836000000000000e+06,8.802965000000000000e+06,8.705759000000000000e+06,8.656631000000000000e+06,8.595493000000000000e+06,8.506394000000000000e+06,8.385374500000000000e+06,8.230748000000000000e+06,8.048852000000000000e+06,7.851117000000000000e+06,7.650193000000000000e+06,7.458877500000000000e+06,7.283145500000000000e+06,7.125869500000000000e+06,6.990557500000000000e+06,6.879159000000000000e+06,6.790970000000000000e+06,6.789648500000000000e+06,6.879684000000000000e+06,6.994508500000000000e+06,7.127715000000000000e+06,7.271945500000000000e+06,7.418861500000000000e+06,7.559075500000000000e+06,7.682217500000000000e+06,7.777033500000000000e+06,7.831419000000000000e+06,7.832599000000000000e+06,7.767043500000000000e+06,7.618815000000000000e+06,7.372252000000000000e+06,7.015530500000000000e+06,6.541061000000000000e+06,5.933336000000000000e+06,5.169305000000000000e+06,4.267857500000000000e+06,3.318164500000000000e+06,2.349447250000000000e+06,1.260982875000000000e+06,3.109123750000000000e+05,9.971729492187500000e+03
3.428630312500000000e+05,3.430209062500000000e+05,3.433863125000000000e+05,3.437531562500000000e+05,3.438842187500000000e+05,3.435412187500000000e+05,3.432791562500000000e+05,3.437942812500000000e+05,3.434057812500000000e+05,3.422174062500000000e+05,3.404083750000000000e+05,3.424048437500000000e+05,3.439363125000000000e+05,3.449947187500000000e+05,3.457781250000000000e+05,3.481774062500000000e+05,3.547740000000000000e+05,3.609841250000000000e+05,3.670110625000000000e+05,3.729990312500000000e+05,3.790517500000000000e+05,3.852231875000000000e+05,3.977972812500000000e+05,4.207410000000000000e+05,4.433461875000000000e+05,4.656318750000000000e+05,4.874824062500000000e+05,5.086013125000000000e+05,5.285363125000000000e+05,5.464053750000000000e+05,5.610796875000000000e+05,5.710573125000000000e+05,5.849332500000000000e+05,5.986336250000000000e+05,6.014406875000000000e+05,5.881866250000000000e+05,5.550004375000000000e+05,4.935340312500000000e+05,3.821626875000000000e+05,2.212493906250000000e+05,8.032550781250000000e+04
6.585421250000000000e+05,6.570058750000000000e+05,6.525489375000000000e+05,6.452881250000000000e+05,6.352736250000000000e+05,6.225775000000000000e+05,6.073595000000000000e+05,5.899290625000000000e+05,5.767825625000000000e+05,5.632415000000000000e+05,5.492661250000000000e+05,5.358678750000000000e+05,5.253546250000000000e+05,5.241251875000000000e+05,5.233276875000000000e+05,5.233510312500000000e+05,5.244010625000000000e+05,5.265906250000000000e+05,5.372550000000000000e+05,5.665830000000000000e+05,5.948826875000000000e+05,6.224173125000000000e+05,6.494179375000000000e+05,6.760299375000000000e+05,7.023568125000000000e+05,7.284588125000000000e+05,7.543568750000000000e+05,7.800463125000000000e+05,8.053535625000000000e+05,8.417060625000000000e+05,8.846760625000000000e+05,9.286846250000000000e+05,9.731465000000000000e+05,1.011852312500000000e+06,1.029793312500000000e+06,1.017203000000000000e+06,9.815307500000000000e+05,8.964715000000000000e+05,6.344189375000000000e+05,2.322885156250000000e+05,2.809679296875000000e+04
6.863797500000000000e+05,6.843930625000000000e+05,6.786622500000000000e+05,6.694856875000000000e+05,6.571276875000000000e+05,6.418498125000000000e+05,6.239360000000000000e+05,6.037346875000000000e+05,5.818886250000000000e+05,5.592215000000000000e+05,5.394885000000000000e+05,5.203343750000000000e+05,5.022294687500000000e+05,4.855215312500000000e+05,4.705795937500000000e+05,4.586865312500000000e+05,4.520826250000000000e+05,4.472211562500000000e+05,4.441782187500000000e+05,4.428998437500000000e+05,4.433049375000000000e+05,4.461158750000000000e+05,4.560957500000000000e+05,4.670325312500000000e+05,4.787534687500000000e+05,4.910252812500000000e+05,5.035281562500000000e+05,5.158384687500000000e+05,5.396826250000000000e+05,5.797975000000000000e+05,6.174362500000000000e+05,6.505762500000000000e+05,6.766199375000000000e+05,6.910431875000000000e+05,6.865698750000000000e+05,6.861220625000000000e+05,6.686992500000000000e+05,6.165205000000000000e+05,4.927355625000000000e+05,2.834588125000000000e+05,9.076052343750000000e+04
5.523729500000000000e+06,5.495928500000000000e+06,5.417512000000000000e+06,5.336435500000000000e+06,5.248852500000000000e+06,5.142062000000000000e+06,5.018770500000000000e+06,4.882422000000000000e+06,4.738805000000000000e+06,4.595327000000000000e+06,4.460014500000000000e+06,4.340865000000000000e+06,4.241011500000000000e+06,4.161329250000000000e+06,4.103083000000000000e+06,4.066524250000000000e+06,4.050236500000000000e+06,4.052692750000000000e+06,4.071988250000000000e+06,4.157423500000000000e+06,4.281937500000000000e+06,4.423562500000000000e+06,4.580116000000000000e+06,4.749119000000000000e+06,4.928433500000000000e+06,5.115849000000000000e+06,5.309173000000000000e+06,5.506450000000000000e+06,5.704457500000000000e+06,5.894535000000000000e+06,6.065737000000000000e+06,6.208803500000000000e+06,6.314796000000000000e+06,6.334578000000000000e+06,6.163814000000000000e+06,5.757947500000000000e+06,5.212274500000000000e+06,4.410828500000000000e+06,2.710399250000000000e+06,6.584890000000000000e+05,7.700347167968750000e+03
2.738026875000000000e+05,2.734941875000000000e+05,2.724873750000000000e+05,2.706089062500000000e+05,2.676641250000000000e+05,2.643028750000000000e+05,2.605737500000000000e+05,2.553618593750000000e+05,2.489284218750000000e+05,2.417494218750000000e+05,2.372229687500000000e+05,2.326126406250000000e+05,2.281082031250000000e+05,2.238185781250000000e+05,2.209635625000000000e+05,2.210647343750000000e+05,2.210532968750000000e+05,2.209890781250000000e+05,2.208685312500000000e+05,2.206168125000000000e+05,2.201233281250000000e+05,2.252955781250000000e+05,2.330569531250000000e+05,2.394858281250000000e+05,2.444827968750000000e+05,2.479212500000000000e+05,2.496475937500000000e+05,2.494896718750000000e+05,2.472786406250000000e+05,2.428870156250000000e+05,2.362036562500000000e+05,2.326420937500000000e+05,2.277942187500000000e+05,2.207806875000000000e+05,2.121102656250000000e+05,2.010929375000000000e+05,1.842089062500000000e+05,1.614170937500000000e+05,1.436598437500000000e+05,1.322911093750000000e+05,8.770679687500000000e+04
3.950212500000000000e+06,3.948729750000000000e+06,3.942447750000000000e+06,3.927917250000000000e+06,3.901372250000000000e+06,3.860785500000000000e+06,3.814788250000000000e+06,3.748528250000000000e+06,3.665814250000000000e+06,3.573679000000000000e+06,3.494597250000000000e+06,3.428607500000000000e+06,3.367439500000000000e+06,3.311992500000000000e+06,3.267519500000000000e+06,3.263051500000000000e+06,3.261418750000000000e+06,3.262628000000000000e+06,3.265848250000000000e+06,3.269151000000000000e+06,3.311302750000000000e+06,3.355995250000000000e+06,3.389007750000000000e+06,3.407463500000000000e+06,3.408259250000000000e+06,3.388108000000000000e+06,3.355338000000000000e+06,3.453068750000000000e+06,3.504685500000000000e+06,3.503673500000000000e+06,3.443667000000000000e+06,3.319513500000000000e+06,3.128016000000000000e+06,2.866032750000000000e+06,2.597114000000000000e+06,2.295430250000000000e+06,1.934364375000000000e+06,1.515237375000000000e+06,1.008087437500000000e+06,4.607593125000000000e+05,1.105405859375000000e+05
2.750784500000000000e+06,2.749297500000000000e+06,2.744678000000000000e+06,2.743056250000000000e+06,2.736219000000000000e+06,2.721440500000000000e+06,2.696119250000000000e+06,2.658085000000000000e+06,2.607373000000000000e+06,2.545310000000000000e+06,2.473313750000000000e+06,2.392791250000000000e+06,2.310843500000000000e+06,2.242116250000000000e+06,2.164326500000000000e+06,2.078464500000000000e+06,1.985855750000000000e+06,1.887911750000000000e+06,1.785968625000000000e+06,1.681203375000000000e+06,1.574763375000000000e+06,1.522815875000000000e+06,1.466226625000000000e+06,1.400296500000000000e+06,1.326490000000000000e+06,1.246164250000000000e+06,1.160553500000000000e+06,1.070755000000000000e+06,9.778025000000000000e+05,8.826339375000000000e+05,7.868734375000000000e+05,7.095231250000000000e+05,6.308988125000000000e+05,5.510520625000000000e+05,4.701344375000000000e+05,3.885102500000000000e+05,3.073067187500000000e+05,2.282265000000000000e+05,1.517254687500000000e+05,8.080344531250000000e+04,3.028439648437500000e+04
1.102226750000000000e+06,1.099377625000000000e+06,1.091217375000000000e+06,1.078295250000000000e+06,1.061127625000000000e+06,1.040209687500000000e+06,1.016026500000000000e+06,9.890817500000000000e+05,9.600802500000000000e+05,9.298594375000000000e+05,8.992789375000000000e+05,8.691747500000000000e+05,8.400313125000000000e+05,8.121708125000000000e+05,7.859343750000000000e+05,7.831268125000000000e+05,7.850868750000000000e+05,7.867875625000000000e+05,7.881010000000000000e+05,7.886986250000000000e+05,7.881947500000000000e+05,7.860953750000000000e+05,7.817945625000000000e+05,7.746341250000000000e+05,7.639036250000000000e+05,7.488673750000000000e+05,7.325241250000000000e+05,7.223161250000000000e+05,7.064508125000000000e+05,6.837726250000000000e+05,6.531705625000000000e+05,6.139377500000000000e+05,5.657540000000000000e+05,5.077791250000000000e+05,4.386247812500000000e+05,3.599667187500000000e+05,2.790003125000000000e+05,1.981794375000000000e+05,1.083527031250000000e+05,2.827854101562500000e+04,1.795549438476562500e+03
1.456577125000000000e+06,1.461566000000000000e+06,1.475142250000000000e+06,1.497584625000000000e+06,1.535697875000000000e+06,1.577601750000000000e+06,1.620136000000000000e+06,1.660381875000000000e+06,1.696981875000000000e+06,1.762961125000000000e+06,1.823304500000000000e+06,1.877170750000000000e+06,1.924338750000000000e+06,1.964776500000000000e+06,2.058474500000000000e+06,2.186719250000000000e+06,2.299747000000000000e+06,2.399288000000000000e+06,2.486982250000000000e+06,2.564226500000000000e+06,2.632326000000000000e+06,2.691973500000000000e+06,2.743263750000000000e+06,2.785972000000000000e+06,2.818705000000000000e+06,2.878755750000000000e+06,2.940474250000000000e+06,2.989978500000000000e+06,3.022605750000000000e+06,3.031314250000000000e+06,3.008042000000000000e+06,2.944917750000000000e+06,2.834335250000000000e+06,2.662621250000000000e+06,2.409243750000000000e+06,2.072206625000000000e+06,1.685997000000000000e+06,1.254772625000000000e+06,7.063816250000000000e+05,1.795528906250000000e+05,5.645328613281250000e+03
1.173554375000000000e+06,1.175561000000000000e+06,1.180514375000000000e+06,1.187926375000000000e+06,1.204162125000000000e+06,1.219058250000000000e+06,1.229953375000000000e+06,1.234467875000000000e+06,1.231354250000000000e+06,1.243706000000000000e+06,1.245988750000000000e+06,1.236853875000000000e+06,1.216809625000000000e+06,1.186864000000000000e+06,1.190226375000000000e+06,1.197135000000000000e+06,1.187041500000000000e+06,1.162994125000000000e+06,1.127911750000000000e+06,1.084450000000000000e+06,1.034997062500000000e+06,9.814469375000000000e+05,9.252554375000000000e+05,8.676100000000000000e+05,8.093523125000000000e+05,7.643459375000000000e+05,7.190033125000000000e+05,6.733426875000000000e+05,6.273603125000000000e+05,5.810210000000000000e+05,5.342714375000000000e+05,4.868803750000000000e+05,4.385574062500000000e+05,3.895627812500000000e+05,3.407378437500000000e+05,2.917804687500000000e+05,2.405589531250000000e+05,1.885097187500000000e+05,1.436845781250000000e+05,1.057003437500000000e+05,5.794898437500000000e+04
5.130725000000000000e+06,5.150449000000000000e+06,5.203911500000000000e+06,5.282367000000000000e+06,5.376871000000000000e+06,5.478347000000000000e+06,5.577686000000000000e+06,5.666382000000000000e+06,5.741594000000000000e+06,5.803873500000000000e+06,5.853865500000000000e+06,6.093286000000000000e+06,6.360859000000000000e+06,6.603726000000000000e+06,6.813880000000000000e+06,6.985833000000000000e+06,7.117352500000000000e+06,7.206664500000000000e+06,7.252263000000000000e+06,7.252886500000000000e+06,7.207579500000000000e+06,7.167263000000000000e+06,7.171216000000000000e+06,7.132654000000000000e+06,7.047825500000000000e+06,6.913384500000000000e+06,6.726381000000000000e+06,6.484265000000000000e+06,6.185094000000000000e+06,5.827068500000000000e+06,5.409448500000000000e+06,4.933944500000000000e+06,4.404948500000000000e+06,3.826126000000000000e+06,3.200254000000000000e+06,2.544461250000000000e+06,1.901486000000000000e+06,1.295697125000000000e+06,7.003136875000000000e+05,2.050511250000000000e+05,1.764472265625000000e+04
5.702736000000000000e+06,5.715040500000000000e+06,5.749788500000000000e+06,5.803717500000000000e+06,5.873558000000000000e+06,5.956039500000000000e+06,6.047896500000000000e+06,6.146051000000000000e+06,6.249306000000000000e+06,6.357591000000000000e+06,6.470849500000000000e+06,6.588825500000000000e+06,6.709544000000000000e+06,6.830080000000000000e+06,7.112227000000000000e+06,7.471300000000000000e+06,7.823246500000000000e+06,8.162051500000000000e+06,8.480988000000000000e+06,8.772536000000000000e+06,9.028657000000000000e+06,9.240973000000000000e+06,9.400862000000000000e+06,9.499540000000000000e+06,9.527939000000000000e+06,9.544655000000000000e+06,9.617034000000000000e+06,9.608402000000000000e+06,9.503273000000000000e+06,9.284413000000000000e+06,8.935291000000000000e+06,8.445033000000000000e+06,7.808727000000000000e+06,7.014786500000000000e+06,6.045291000000000000e+06,4.928960500000000000e+06,3.773660750000000000e+06,2.621719000000000000e+06,1.370337250000000000e+06,3.122739375000000000e+05,4.691861328125000000e+03
1.035741125000000000e+06,1.041727062500000000e+06,1.058057375000000000e+06,1.082185000000000000e+06,1.116125250000000000e+06,1.153002500000000000e+06,1.189687125000000000e+06,1.228391500000000000e+06,1.263755000000000000e+06,1.292348000000000000e+06,1.325037625000000000e+06,1.349695125000000000e+06,1.363688500000000000e+06,1.381977250000000000e+06,1.393646000000000000e+06,1.392636125000000000e+06,1.380558250000000000e+06,1.370710125000000000e+06,1.362929500000000000e+06,1.344694125000000000e+06,1.317803625000000000e+06,1.283688000000000000e+06,1.243446125000000000e+06,1.197988750000000000e+06,1.181081750000000000e+06,1.173364875000000000e+06,1.154772500000000000e+06,1.125419125000000000e+06,1.085340125000000000e+06,1.034406000000000000e+06,9.725393125000000000e+05,8.998223750000000000e+05,8.166665625000000000e+05,7.491541250000000000e+05,6.724688750000000000e+05,5.855344375000000000e+05,4.883023125000000000e+05,3.821441562500000000e+05,2.682521562500000000e+05,1.511832187500000000e+05,5.685167968750000000e+04
1.153659125000000000e+06,1.150769125000000000e+06,1.142297875000000000e+06,1.128503875000000000e+06,1.109620375000000000e+06,1.087508500000000000e+06,1.060973375000000000e+06,1.030225812500000000e+06,9.961218750000000000e+05,9.598431250000000000e+05,9.225678750000000000e+05,8.854028125000000000e+05,8.489710000000000000e+05,8.172010625000000000e+05,7.871908125000000000e+05,7.585483125000000000e+05,7.312893125000000000e+05,7.054243750000000000e+05,6.808410000000000000e+05,6.619960000000000000e+05,6.447892500000000000e+05,6.272541250000000000e+05,6.090280625000000000e+05,5.897436875000000000e+05,5.690498125000000000e+05,5.553161250000000000e+05,5.389244375000000000e+05,5.190330625000000000e+05,4.954377812500000000e+05,4.680645937500000000e+05,4.441897187500000000e+05,4.359988437500000000e+05,4.184877812500000000e+05,3.919436562500000000e+05,3.573177812500000000e+05,3.149882812500000000e+05,2.766580312500000000e+05,2.347563437500000000e+05,1.939778437500000000e+05,1.542945937500000000e+05,8.881050000000000000e+04
1.140972031250000000e+05,1.143889296875000000e+05,1.151511328125000000e+05,1.162058046875000000e+05,1.173678984375000000e+05,1.184507343750000000e+05,1.192714296875000000e+05,1.239342656250000000e+05,1.288734218750000000e+05,1.330303437500000000e+05,1.363056406250000000e+05,1.386246250000000000e+05,1.399683437500000000e+05,1.403539531250000000e+05,1.398166718750000000e+05,1.384442031250000000e+05,1.363796406250000000e+05,1.340090468750000000e+05,1.329862812500000000e+05,1.315976093750000000e+05,1.299329062500000000e+05,1.280691171875000000e+05,1.260691250000000000e+05,1.239943750000000000e+05,1.218823359375000000e+05,1.197624765625000000e+05,1.176478906250000000e+05,1.155279140625000000e+05,1.133981406250000000e+05,1.112916718750000000e+05,1.092409921875000000e+05,1.071205781250000000e+05,1.047003671875000000e+05,1.021967968750000000e+05,1.004356406250000000e+05,9.903578906250000000e+04,9.479439843750000000e+04,8.789475000000000000e+04,8.984092187500000000e+04,1.037948281250000000e+05,8.319646093750000000e+04
3.665093250000000000e+06,3.666552500000000000e+06,3.668215250000000000e+06,3.671978000000000000e+06,3.665688750000000000e+06,3.642616500000000000e+06,3.596752750000000000e+06,3.523757500000000000e+06,3.437949750000000000e+06,3.332307750000000000e+06,3.211602750000000000e+06,3.081396000000000000e+06,2.959135500000000000e+06,2.837665250000000000e+06,2.709881250000000000e+06,2.578164500000000000e+06,2.457736000000000000e+06,2.351386250000000000e+06,2.241223000000000000e+06,2.128459500000000000e+06,2.014059875000000000e+06,1.920973125000000000e+06,1.834162375000000000e+06,1.740451625000000000e+06,1.640630000000000000e+06,1.535299250000000000e+06,1.425028875000000000e+06,1.372372500000000000e+06,1.315746250000000000e+06,1.239975750000000000e+06,1.146967250000000000e+06,1.039019625000000000e+06,9.189420625000000000e+05,7.895255625000000000e+05,6.802673750000000000e+05,5.662088125000000000e+05,4.490923437500000000e+05,3.314050312500000000e+05,2.085903593750000000e+05,8.986601562500000000e+04,2.142014257812500000e+04
6.140448750000000000e+05,6.141239375000000000e+05,6.142365625000000000e+05,6.141391875000000000e+05,6.135433125000000000e+05,6.121501875000000000e+05,6.096800625000000000e+05,6.059166250000000000e+05,6.029139375000000000e+05,6.006985625000000000e+05,5.976126250000000000e+05,5.939740625000000000e+05,5.900325625000000000e+05,5.900926250000000000e+05,5.924206875000000000e+05,5.945870000000000000e+05,5.968576875000000000e+05,5.994878750000000000e+05,6.043471250000000000e+05,6.174406250000000000e+05,6.306861250000000000e+05,6.442660000000000000e+05,6.583143750000000000e+05,6.729217500000000000e+05,6.881150625000000000e+05,7.067221250000000000e+05,7.574883750000000000e+05,8.093328125000000000e+05,8.623193125000000000e+05,9.158370625000000000e+05,9.689017500000000000e+05,1.020592750000000000e+06,1.069938125000000000e+06,1.115104000000000000e+06,1.178681375000000000e+06,1.221793375000000000e+06,1.246677250000000000e+06,1.216320125000000000e+06,9.631668750000000000e+05,4.499239375000000000e+05,8.711764843750000000e+04
5.455385500000000000e+06,5.450862000000000000e+06,5.437358500000000000e+06,5.414720000000000000e+06,5.382537000000000000e+06,5.340247000000000000e+06,5.287233000000000000e+06,5.222955500000000000e+06,5.147507000000000000e+06,5.061568000000000000e+06,4.967925500000000000e+06,4.923761500000000000e+06,4.869256500000000000e+06,4.805704000000000000e+06,4.734835500000000000e+06,4.658621000000000000e+06,4.579065500000000000e+06,4.498253500000000000e+06,4.417972000000000000e+06,4.483365500000000000e+06,4.566052000000000000e+06,4.637561500000000000e+06,4.699324500000000000e+06,4.752160500000000000e+06,4.795328500000000000e+06,4.827153000000000000e+06,4.844576000000000000e+06,4.842797500000000000e+06,4.815751000000000000e+06,4.753905500000000000e+06,4.716588500000000000e+06,4.671316000000000000e+06,4.569453500000000000e+06,4.386514000000000000e+06,4.084572250000000000e+06,3.645864750000000000e+06,3.099856250000000000e+06,2.433598000000000000e+06,1.509034750000000000e+06,5.011200000000000000e+05,4.743834375000000000e+04
3.935624750000000000e+06,3.936261000000000000e+06,3.936759750000000000e+06,3.934821250000000000e+06,3.927998750000000000e+06,3.913822750000000000e+06,3.894897750000000000e+06,3.866728000000000000e+06,3.827265750000000000e+06,3.778508750000000000e+06,3.722495500000000000e+06,3.661155500000000000e+06,3.595480500000000000e+06,3.531010500000000000e+06,3.468051500000000000e+06,3.402052500000000000e+06,3.333520000000000000e+06,3.262976750000000000e+06,3.190608750000000000e+06,3.131307500000000000e+06,3.071839750000000000e+06,3.007615000000000000e+06,2.937630500000000000e+06,2.860810000000000000e+06,2.798344750000000000e+06,2.732752500000000000e+06,2.652263000000000000e+06,2.555058250000000000e+06,2.440220000000000000e+06,2.354662750000000000e+06,2.239051500000000000e+06,2.092299875000000000e+06,1.914558125000000000e+06,1.807969875000000000e+06,1.689108625000000000e+06,1.496768000000000000e+06,1.243667250000000000e+06,9.843719375000000000e+05,7.080297500000000000e+05,3.822934687500000000e+05,1.153725156250000000e+05
8.424703000000000000e+06,8.372002000000000000e+06,8.221836500000000000e+06,7.984740500000000000e+06,7.671123000000000000e+06,7.292932500000000000e+06,6.864620000000000000e+06,6.403347500000000000e+06,6.154504000000000000e+06,5.932873000000000000e+06,5.679805500000000000e+06,5.418953500000000000e+06,5.166049000000000000e+06,4.929830500000000000e+06,4.716361500000000000e+06,4.527800500000000000e+06,4.362053000000000000e+06,4.215404500000000000e+06,4.100962000000000000e+06,4.031941750000000000e+06,3.964717250000000000e+06,3.895035500000000000e+06,3.819308500000000000e+06,3.734067500000000000e+06,3.636648500000000000e+06,3.524683250000000000e+06,3.396128000000000000e+06,3.249426000000000000e+06,3.083263750000000000e+06,2.896831000000000000e+06,2.689689750000000000e+06,2.461755000000000000e+06,2.213604750000000000e+06,1.947082125000000000e+06,1.665225375000000000e+06,1.371758500000000000e+06,1.073114500000000000e+06,7.801616250000000000e+05,5.017557500000000000e+05,2.525524062500000000e+05,8.180858593750000000e+04
3.719830500000000000e+06,3.719086000000000000e+06,3.716241250000000000e+06,3.710321750000000000e+06,3.700296750000000000e+06,3.685104000000000000e+06,3.670023000000000000e+06,3.650245000000000000e+06,3.623277750000000000e+06,3.589046000000000000e+06,3.547494250000000000e+06,3.498560000000000000e+06,3.441999250000000000e+06,3.377516000000000000e+06,3.304887250000000000e+06,3.224000500000000000e+06,3.146777500000000000e+06,3.070422000000000000e+06,2.984312000000000000e+06,2.888417250000000000e+06,2.782808750000000000e+06,2.667660000000000000e+06,2.543251250000000000e+06,2.414312500000000000e+06,2.304850750000000000e+06,2.182776250000000000e+06,2.048753625000000000e+06,1.903688500000000000e+06,1.748722000000000000e+06,1.585193500000000000e+06,1.475430500000000000e+06,1.370401875000000000e+06,1.240615750000000000e+06,1.089372625000000000e+06,9.201031250000000000e+05,7.390331250000000000e+05,5.893566250000000000e+05,4.400913437500000000e+05,2.815205937500000000e+05,1.225496875000000000e+05,2.715752734375000000e+04
1.100036484375000000e+05,1.100547890625000000e+05,1.101521406250000000e+05,1.102037500000000000e+05,1.101118750000000000e+05,1.097784218750000000e+05,1.091100078125000000e+05,1.080304765625000000e+05,1.065594921875000000e+05,1.047717343750000000e+05,1.029779843750000000e+05,1.010501562500000000e+05,9.897485156250000000e+04,9.677389062500000000e+04,9.447440625000000000e+04,9.216762500000000000e+04,9.028995312500000000e+04,8.834264843750000000e+04,8.634331250000000000e+04,8.429389843750000000e+04,8.219518750000000000e+04,8.078806250000000000e+04,7.933866406250000000e+04,7.770596093750000000e+04,7.586153125000000000e+04,7.377246093750000000e+04,7.238632031250000000e+04,7.092108593750000000e+04,6.892229687500000000e+04,6.634352343750000000e+04,6.314265625000000000e+04,6.219570312500000000e+04,6.154626171875000000e+04,5.935196875000000000e+04,5.556738671875000000e+04,5.017065625000000000e+04,4.521795703125000000e+04,3.983555468750000000e+04,3.343808203125000000e+04,2.569070507812500000e+04,1.565590625000000000e+04
1.312289625000000000e+06,1.311759500000000000e+06,1.309887625000000000e+06,1.306327750000000000e+06,1.307779125000000000e+06,1.307259750000000000e+06,1.303687875000000000e+06,1.296129625000000000e+06,1.284275875000000000e+06,1.268276250000000000e+06,1.249720500000000000e+06,1.246037125000000000e+06,1.237682125000000000e+06,1.225252250000000000e+06,1.209494875000000000e+06,1.191312625000000000e+06,1.171690875000000000e+06,1.172251000000000000e+06,1.201234500000000000e+06,1.225648000000000000e+06,1.246964500000000000e+06,1.266487375000000000e+06,1.285339625000000000e+06,1.304489500000000000e+06,1.324572000000000000e+06,1.346045375000000000e+06,1.369227250000000000e+06,1.394286500000000000e+06,1.434710750000000000e+06,1.495453375000000000e+06,1.560884250000000000e+06,1.630597750000000000e+06,1.704599125000000000e+06,1.770979125000000000e+06,1.799048375000000000e+06,1.771251375000000000e+06,1.711043625000000000e+06,1.565184125000000000e+06,1.050378250000000000e+06,2.824327187500000000e+05,4.662874023437500000e+03
1.136842250000000000e+06,1.138293625000000000e+06,1.142503375000000000e+06,1.150073125000000000e+06,1.158498125000000000e+06,1.166410125000000000e+06,1.172459875000000000e+06,1.175402500000000000e+06,1.182229250000000000e+06,1.185753000000000000e+06,1.183714250000000000e+06,1.175900875000000000e+06,1.175050750000000000e+06,1.170588875000000000e+06,1.160422000000000000e+06,1.145723125000000000e+06,1.127829625000000000e+06,1.123118875000000000e+06,1.117400750000000000e+06,1.109677375000000000e+06,1.101184750000000000e+06,1.092805750000000000e+06,1.085109125000000000e+06,1.078492500000000000e+06,1.083296625000000000e+06,1.123362375000000000e+06,1.162384875000000000e+06,1.199616625000000000e+06,1.233800500000000000e+06,1.262374500000000000e+06,1.282043250000000000e+06,1.288843875000000000e+06,1.278315875000000000e+06,1.265756875000000000e+06,1.243841000000000000e+06,1.183190500000000000e+06,1.081997875000000000e+06,9.242422500000000000e+05,6.484639375000000000e+05,2.759474375000000000e+05,4.823442578125000000e+04
1.045013187500000000e+06,1.043423125000000000e+06,1.038736312500000000e+06,1.031057375000000000e+06,1.020473000000000000e+06,1.007062562500000000e+06,9.909080625000000000e+05,9.721280625000000000e+05,9.511175000000000000e+05,9.284340625000000000e+05,9.046391250000000000e+05,8.802826875000000000e+05,8.600413125000000000e+05,8.408376250000000000e+05,8.220730000000000000e+05,8.040869375000000000e+05,7.871609375000000000e+05,7.715860625000000000e+05,7.575938125000000000e+05,7.453186875000000000e+05,7.390668125000000000e+05,7.395946250000000000e+05,7.416739375000000000e+05,7.453796250000000000e+05,7.506735000000000000e+05,7.574666875000000000e+05,7.656006875000000000e+05,7.748175000000000000e+05,8.244058125000000000e+05,8.752385000000000000e+05,9.243928750000000000e+05,9.699655625000000000e+05,1.009692625000000000e+06,1.035726250000000000e+06,1.031820062500000000e+06,1.034834250000000000e+06,1.015072937500000000e+06,9.428453750000000000e+05,6.839163125000000000e+05,2.501255000000000000e+05,2.265248242187500000e+04
3.808371000000000000e+06,3.804289250000000000e+06,3.792813000000000000e+06,3.779125500000000000e+06,3.761323250000000000e+06,3.739379750000000000e+06,3.713635750000000000e+06,3.684668750000000000e+06,3.654255000000000000e+06,3.625010500000000000e+06,3.608868250000000000e+06,3.602803500000000000e+06,3.604757750000000000e+06,3.615260000000000000e+06,3.637022000000000000e+06,3.693204750000000000e+06,3.757836500000000000e+06,3.830732000000000000e+06,3.911457000000000000e+06,4.031897750000000000e+06,4.174065500000000000e+06,4.319758000000000000e+06,4.468055500000000000e+06,4.617800000000000000e+06,4.856655000000000000e+06,5.096468500000000000e+06,5.331850500000000000e+06,5.560901000000000000e+06,5.780185500000000000e+06,6.249134500000000000e+06,6.826074000000000000e+06,7.359539500000000000e+06,7.830953000000000000e+06,8.169745500000000000e+06,8.223750000000000000e+06,8.212283000000000000e+06,8.088772500000000000e+06,7.506786500000000000e+06,5.161637500000000000e+06,1.398022625000000000e+06,5.604060546875000000e+03
3.577995312500000000e+05,3.574989062500000000e+05,3.566241875000000000e+05,3.551950625000000000e+05,3.532112812500000000e+05,3.506623750000000000e+05,3.475363125000000000e+05,3.438323125000000000e+05,3.396206562500000000e+05,3.350941875000000000e+05,3.321565625000000000e+05,3.290749375000000000e+05,3.259635625000000000e+05,3.229326562500000000e+05,3.201141875000000000e+05,3.194304375000000000e+05,3.204367187500000000e+05,3.217042812500000000e+05,3.233201875000000000e+05,3.253300625000000000e+05,3.277671562500000000e+05,3.342358437500000000e+05,3.423428125000000000e+05,3.505837187500000000e+05,3.588681875000000000e+05,3.670544062500000000e+05,3.749213750000000000e+05,3.821458125000000000e+05,4.066430312500000000e+05,4.315066875000000000e+05,4.531310937500000000e+05,4.699685625000000000e+05,4.802624062500000000e+05,4.801062812500000000e+05,4.626207812500000000e+05,4.422746562500000000e+05,4.103582500000000000e+05,3.562871875000000000e+05,2.376724062500000000e+05,7.384404687500000000e+04,3.990631591796875000e+03
1.442402968750000000e+05,1.442635781250000000e+05,1.443105937500000000e+05,1.443437656250000000e+05,1.443227343750000000e+05,1.442062343750000000e+05,1.439537500000000000e+05,1.435319531250000000e+05,1.429625781250000000e+05,1.425645625000000000e+05,1.423743125000000000e+05,1.422086718750000000e+05,1.420978593750000000e+05,1.420629375000000000e+05,1.421285000000000000e+05,1.423192500000000000e+05,1.426579218750000000e+05,1.439152343750000000e+05,1.457741875000000000e+05,1.478224687500000000e+05,1.500718437500000000e+05,1.525300625000000000e+05,1.552003750000000000e+05,1.580962656250000000e+05,1.636625156250000000e+05,1.694337031250000000e+05,1.753927812500000000e+05,1.815134687500000000e+05,1.877323281250000000e+05,1.938323125000000000e+05,2.107233750000000000e+05,2.290459843750000000e+05,2.467410781250000000e+05,2.620146250000000000e+05,2.707887187500000000e+05,2.723389375000000000e+05,2.796812500000000000e+05,2.752257500000000000e+05,2.194926406250000000e+05,1.007929765625000000e+05,1.878366406250000000e+04
1.335539125000000000e+06,1.337140500000000000e+06,1.341851625000000000e+06,1.349493375000000000e+06,1.359849375000000000e+06,1.372684625000000000e+06,1.391338750000000000e+06,1.412404000000000000e+06,1.435490125000000000e+06,1.460257750000000000e+06,1.486447625000000000e+06,1.520311250000000000e+06,1.559418625000000000e+06,1.599178875000000000e+06,1.639346000000000000e+06,1.679899375000000000e+06,1.740450125000000000e+06,1.800140125000000000e+06,1.858833000000000000e+06,1.916482750000000000e+06,1.973019875000000000e+06,2.058771750000000000e+06,2.146441500000000000e+06,2.232201000000000000e+06,2.316227250000000000e+06,2.398661500000000000e+06,2.479692500000000000e+06,2.632047250000000000e+06,2.852729000000000000e+06,3.073255500000000000e+06,3.290252500000000000e+06,3.501452250000000000e+06,3.705255500000000000e+06,3.875860000000000000e+06,4.012894500000000000e+06,4.153041000000000000e+06,4.246505500000000000e+06,4.153578750000000000e+06,3.136992250000000000e+06,1.137673875000000000e+06,7.661052343750000000e+04
2.326175000000000000e+06,2.333082750000000000e+06,2.351626250000000000e+06,2.378435750000000000e+06,2.410068250000000000e+06,2.443074250000000000e+06,2.474064000000000000e+06,2.500002250000000000e+06,2.520494000000000000e+06,2.536721500000000000e+06,2.572653500000000000e+06,2.613224250000000000e+06,2.651523500000000000e+06,2.687192250000000000e+06,2.719978250000000000e+06,2.750070000000000000e+06,2.778154250000000000e+06,2.804945750000000000e+06,2.830931250000000000e+06,2.948043250000000000e+06,3.074822250000000000e+06,3.198648750000000000e+06,3.319317500000000000e+06,3.436277500000000000e+06,3.547844750000000000e+06,3.651679500000000000e+06,3.744400250000000000e+06,3.821234750000000000e+06,3.876345250000000000e+06,3.900995250000000000e+06,3.965709500000000000e+06,4.013964250000000000e+06,4.014128250000000000e+06,3.942679750000000000e+06,3.764260500000000000e+06,3.454956500000000000e+06,3.022634000000000000e+06,2.447863750000000000e+06,1.618030375000000000e+06,6.503833750000000000e+05,1.087510078125000000e+05
2.638600250000000000e+06,2.641339000000000000e+06,2.648283000000000000e+06,2.657314250000000000e+06,2.666131750000000000e+06,2.672366000000000000e+06,2.673685500000000000e+06,2.667976500000000000e+06,2.658451000000000000e+06,2.652441750000000000e+06,2.637059250000000000e+06,2.612327750000000000e+06,2.579049750000000000e+06,2.538461500000000000e+06,2.513903250000000000e+06,2.484319750000000000e+06,2.449528500000000000e+06,2.411636000000000000e+06,2.372568500000000000e+06,2.333988000000000000e+06,2.309568750000000000e+06,2.305294500000000000e+06,2.303017000000000000e+06,2.303986250000000000e+06,2.308905000000000000e+06,2.318248750000000000e+06,2.332348000000000000e+06,2.351371250000000000e+06,2.489304750000000000e+06,2.641024500000000000e+06,2.793439500000000000e+06,2.944635250000000000e+06,3.093459500000000000e+06,3.216326750000000000e+06,3.256715000000000000e+06,3.337218500000000000e+06,3.388302250000000000e+06,3.291875500000000000e+06,2.378257750000000000e+06,6.837605625000000000e+05,5.379704589843750000e+03
4.953756500000000000e+06,4.937501500000000000e+06,4.890535500000000000e+06,4.815372500000000000e+06,4.714435500000000000e+06,4.590231000000000000e+06,4.451741000000000000e+06,4.315892000000000000e+06,4.167366750000000000e+06,4.013001500000000000e+06,3.859657500000000000e+06,3.713791000000000000e+06,3.578743000000000000e+06,3.456455250000000000e+06,3.371554000000000000e+06,3.324596250000000000e+06,3.289939000000000000e+06,3.268216000000000000e+06,3.259424000000000000e+06,3.262497250000000000e+06,3.276176750000000000e+06,3.361993250000000000e+06,3.550844000000000000e+06,3.739343750000000000e+06,3.924939000000000000e+06,4.104043250000000000e+06,4.271851500000000000e+06,4.422220000000000000e+06,4.547352000000000000e+06,4.635387500000000000e+06,4.756446000000000000e+06,4.879833500000000000e+06,4.943391500000000000e+06,4.909510000000000000e+06,4.715859000000000000e+06,4.327876000000000000e+06,3.783072000000000000e+06,3.045258750000000000e+06,1.867466750000000000e+06,5.353524375000000000e+05,2.328416406250000000e+04
4.576503437500000000e+05,4.572801250000000000e+05,4.559975625000000000e+05,4.535225312500000000e+05,4.495618125000000000e+05,4.438290937500000000e+05,4.360638437500000000e+05,4.260777187500000000e+05,4.140357500000000000e+05,4.003020312500000000e+05,3.857071250000000000e+05,3.803732187500000000e+05,3.735194062500000000e+05,3.651259062500000000e+05,3.552395312500000000e+05,3.439875312500000000e+05,3.315613437500000000e+05,3.181769375000000000e+05,3.040315312500000000e+05,2.892821875000000000e+05,2.740884687500000000e+05,2.585892500000000000e+05,2.428999062500000000e+05,2.293275781250000000e+05,2.178686875000000000e+05,2.062408906250000000e+05,1.943965937500000000e+05,1.822882968750000000e+05,1.698770000000000000e+05,1.571361093750000000e+05,1.440520000000000000e+05,1.306253359375000000e+05,1.168791484375000000e+05,1.028806953125000000e+05,8.873877343750000000e+04,7.457067187500000000e+04,6.054130078125000000e+04,4.694747656250000000e+04,3.409146484375000000e+04,2.226258398437500000e+04,1.243656542968750000e+04
8.420966250000000000e+05,8.391850625000000000e+05,8.307753125000000000e+05,8.172937500000000000e+05,7.991375625000000000e+05,7.767306250000000000e+05,7.505655000000000000e+05,7.212612500000000000e+05,6.898692500000000000e+05,6.576866875000000000e+05,6.456071250000000000e+05,6.361323750000000000e+05,6.264506875000000000e+05,6.171066250000000000e+05,6.086955625000000000e+05,6.016946250000000000e+05,5.963525000000000000e+05,5.928470000000000000e+05,5.912021875000000000e+05,5.912308750000000000e+05,5.926680000000000000e+05,5.951586250000000000e+05,6.022776250000000000e+05,6.153895000000000000e+05,6.289081875000000000e+05,6.421915000000000000e+05,6.544757500000000000e+05,6.648385000000000000e+05,6.721918750000000000e+05,6.750180625000000000e+05,6.716021875000000000e+05,6.602125625000000000e+05,6.391210625000000000e+05,6.053826250000000000e+05,5.546549375000000000e+05,4.859407187500000000e+05,4.050326250000000000e+05,3.121357187500000000e+05,1.919413437500000000e+05,6.746674218750000000e+04,1.051790332031250000e+04
6.891449500000000000e+06,6.897310500000000000e+06,6.913534000000000000e+06,6.938052500000000000e+06,6.968767000000000000e+06,7.003559500000000000e+06,7.040299500000000000e+06,7.076956500000000000e+06,7.112525500000000000e+06,7.146607500000000000e+06,7.199097000000000000e+06,7.273201500000000000e+06,7.345306500000000000e+06,7.413691500000000000e+06,7.476583500000000000e+06,7.532094000000000000e+06,7.578171500000000000e+06,7.612664500000000000e+06,7.633012500000000000e+06,7.636094500000000000e+06,7.618658500000000000e+06,7.577028000000000000e+06,7.507175500000000000e+06,7.512781000000000000e+06,7.625844500000000000e+06,7.686983000000000000e+06,7.686989000000000000e+06,7.616349000000000000e+06,7.465735500000000000e+06,7.225765000000000000e+06,6.888313000000000000e+06,6.448859000000000000e+06,5.907337000000000000e+06,5.384686500000000000e+06,4.811210500000000000e+06,4.130986000000000000e+06,3.371216500000000000e+06,2.544505000000000000e+06,1.599191375000000000e+06,6.423507500000000000e+05,1.133653671875000000e+05
1.829459875000000000e+06,1.827691375000000000e+06,1.822190375000000000e+06,1.812556875000000000e+06,1.798298250000000000e+06,1.778888625000000000e+06,1.753824250000000000e+06,1.722741500000000000e+06,1.687669500000000000e+06,1.650845375000000000e+06,1.610312750000000000e+06,1.567071250000000000e+06,1.521919750000000000e+06,1.475609875000000000e+06,1.434705000000000000e+06,1.396887250000000000e+06,1.359388125000000000e+06,1.323011625000000000e+06,1.288449375000000000e+06,1.264720125000000000e+06,1.248216750000000000e+06,1.233516625000000000e+06,1.221012125000000000e+06,1.211034875000000000e+06,1.214723000000000000e+06,1.231299250000000000e+06,1.249014750000000000e+06,1.267808750000000000e+06,1.287268125000000000e+06,1.309127625000000000e+06,1.413523750000000000e+06,1.510934500000000000e+06,1.598100625000000000e+06,1.662505125000000000e+06,1.677040750000000000e+06,1.649496375000000000e+06,1.634918000000000000e+06,1.536839250000000000e+06,1.123016250000000000e+06,4.038018750000000000e+05,3.065843164062500000e+04
1.177688125000000000e+06,1.172781625000000000e+06,1.158444125000000000e+06,1.135107625000000000e+06,1.103211000000000000e+06,1.063395250000000000e+06,1.018744937500000000e+06,9.715990000000000000e+05,9.208171875000000000e+05,8.697802500000000000e+05,8.216389375000000000e+05,7.790830000000000000e+05,7.471512500000000000e+05,7.239801250000000000e+05,7.061296875000000000e+05,6.935403750000000000e+05,6.858308750000000000e+05,6.825839375000000000e+05,6.929826250000000000e+05,7.072249375000000000e+05,7.234857500000000000e+05,7.411874375000000000e+05,7.597586875000000000e+05,7.785342500000000000e+05,8.077541875000000000e+05,8.660370625000000000e+05,9.218723125000000000e+05,9.739666875000000000e+05,1.020652625000000000e+06,1.059434375000000000e+06,1.087316125000000000e+06,1.100827750000000000e+06,1.108341000000000000e+06,1.121413875000000000e+06,1.107718875000000000e+06,1.057813000000000000e+06,9.680952500000000000e+05,8.264732500000000000e+05,5.923821875000000000e+05,2.816646562500000000e+05,6.770320312500000000e+04
3.208848000000000000e+06,3.207325000000000000e+06,3.202855500000000000e+06,3.195503500000000000e+06,3.185240750000000000e+06,3.171972250000000000e+06,3.155559750000000000e+06,3.135865500000000000e+06,3.112971500000000000e+06,3.087145000000000000e+06,3.071036000000000000e+06,3.062197500000000000e+06,3.051274000000000000e+06,3.038554500000000000e+06,3.024481500000000000e+06,3.009584750000000000e+06,2.994429750000000000e+06,2.991416000000000000e+06,3.017529250000000000e+06,3.042940000000000000e+06,3.068334750000000000e+06,3.094331000000000000e+06,3.121448750000000000e+06,3.150114500000000000e+06,3.180345250000000000e+06,3.332814750000000000e+06,3.513964000000000000e+06,3.693295500000000000e+06,3.869258000000000000e+06,4.036250500000000000e+06,4.186396250000000000e+06,4.310846500000000000e+06,4.399475500000000000e+06,4.490131000000000000e+06,4.554297500000000000e+06,4.474149500000000000e+06,4.267470500000000000e+06,3.823431750000000000e+06,2.635437000000000000e+06,8.674380625000000000e+05,4.992883203125000000e+04
1.894979062500000000e+05,1.897160625000000000e+05,1.903617812500000000e+05,1.914202968750000000e+05,1.929378750000000000e+05,1.950897031250000000e+05,1.976584687500000000e+05,2.006234531250000000e+05,2.039676250000000000e+05,2.076780156250000000e+05,2.117456875000000000e+05,2.161633593750000000e+05,2.219150781250000000e+05,2.282441875000000000e+05,2.348443593750000000e+05,2.416694062500000000e+05,2.486719531250000000e+05,2.569096718750000000e+05,2.668771562500000000e+05,2.768690000000000000e+05,2.868262500000000000e+05,2.966893750000000000e+05,3.064158437500000000e+05,3.213204687500000000e+05,3.358572500000000000e+05,3.498860312500000000e+05,3.632083125000000000e+05,3.755440000000000000e+05,3.886625937500000000e+05,4.216837500000000000e+05,4.518202500000000000e+05,4.775329687500000000e+05,4.969044375000000000e+05,5.067461875000000000e+05,5.020954687500000000e+05,4.955181250000000000e+05,4.787716562500000000e+05,4.373817187500000000e+05,3.471182187500000000e+05,2.023977031250000000e+05,7.146598437500000000e+04
6.362548125000000000e+05,6.370675000000000000e+05,6.394418750000000000e+05,6.425588750000000000e+05,6.456810625000000000e+05,6.480593750000000000e+05,6.489616875000000000e+05,6.477411250000000000e+05,6.442499375000000000e+05,6.412668125000000000e+05,6.373179375000000000e+05,6.314077500000000000e+05,6.235777500000000000e+05,6.138425000000000000e+05,6.041849375000000000e+05,5.967725000000000000e+05,5.871578750000000000e+05,5.755723750000000000e+05,5.622260625000000000e+05,5.472830000000000000e+05,5.348923750000000000e+05,5.245948750000000000e+05,5.120224375000000000e+05,4.972950625000000000e+05,4.804707500000000000e+05,4.615814375000000000e+05,4.406343437500000000e+05,4.327670625000000000e+05,4.271054687500000000e+05,4.160606250000000000e+05,3.995679687500000000e+05,3.775645625000000000e+05,3.500792187500000000e+05,3.174092187500000000e+05,2.857201562500000000e+05,2.560036718750000000e+05,2.212415937500000000e+05,1.815129375000000000e+05,1.398134687500000000e+05,9.627176562500000000e+04,4.834007812500000000e+04
2.810909250000000000e+06,2.815922500000000000e+06,2.827307750000000000e+06,2.839164750000000000e+06,2.845421000000000000e+06,2.840265750000000000e+06,2.823202000000000000e+06,2.789663500000000000e+06,2.737337000000000000e+06,2.672919500000000000e+06,2.602851750000000000e+06,2.532809500000000000e+06,2.476288000000000000e+06,2.425311750000000000e+06,2.377646750000000000e+06,2.334580500000000000e+06,2.297391500000000000e+06,2.271278250000000000e+06,2.270961500000000000e+06,2.277065250000000000e+06,2.289791500000000000e+06,2.309154750000000000e+06,2.334968500000000000e+06,2.384653250000000000e+06,2.461927500000000000e+06,2.543616500000000000e+06,2.629205000000000000e+06,2.718089000000000000e+06,2.808993500000000000e+06,3.011328000000000000e+06,3.287770750000000000e+06,3.557924250000000000e+06,3.815898500000000000e+06,4.030626250000000000e+06,4.129680250000000000e+06,4.236581500000000000e+06,4.323350500000000000e+06,4.198918000000000000e+06,3.124677750000000000e+06,1.058540000000000000e+06,4.139639062500000000e+04
6.678331250000000000e+05,6.652286875000000000e+05,6.579287500000000000e+05,6.466559375000000000e+05,6.320934375000000000e+05,6.149121250000000000e+05,5.957925625000000000e+05,5.754498125000000000e+05,5.555734375000000000e+05,5.384444375000000000e+05,5.226157812500000000e+05,5.089984375000000000e+05,4.979078125000000000e+05,4.895680000000000000e+05,4.891262187500000000e+05,4.908932500000000000e+05,4.947256562500000000e+05,5.004520625000000000e+05,5.078617500000000000e+05,5.250856875000000000e+05,5.437271875000000000e+05,5.628698750000000000e+05,5.823411875000000000e+05,6.019303750000000000e+05,6.214898750000000000e+05,6.711770625000000000e+05,7.253536250000000000e+05,7.793398125000000000e+05,8.330735000000000000e+05,8.859379375000000000e+05,9.370287500000000000e+05,9.857789375000000000e+05,1.039397187500000000e+06,1.118420750000000000e+06,1.186460125000000000e+06,1.232951750000000000e+06,1.262539250000000000e+06,1.236369500000000000e+06,9.699916875000000000e+05,4.300644687500000000e+05,7.176654687500000000e+04
3.123184000000000000e+06,3.127902250000000000e+06,3.145143250000000000e+06,3.173057750000000000e+06,3.205159000000000000e+06,3.237254500000000000e+06,3.265248750000000000e+06,3.285516500000000000e+06,3.297265500000000000e+06,3.337389250000000000e+06,3.369788000000000000e+06,3.395388750000000000e+06,3.414266750000000000e+06,3.426261500000000000e+06,3.493277250000000000e+06,3.550989500000000000e+06,3.598714250000000000e+06,3.638095750000000000e+06,3.670788000000000000e+06,3.735798750000000000e+06,3.954661250000000000e+06,4.156743750000000000e+06,4.344866000000000000e+06,4.521688000000000000e+06,4.689461000000000000e+06,4.850132000000000000e+06,5.005504000000000000e+06,5.157304000000000000e+06,5.322347000000000000e+06,5.599819000000000000e+06,5.889797000000000000e+06,6.192063000000000000e+06,6.509220000000000000e+06,6.796464000000000000e+06,6.933257000000000000e+06,6.854763000000000000e+06,6.667741000000000000e+06,6.158748500000000000e+06,4.153327250000000000e+06,1.126519500000000000e+06,2.002504492187500000e+04
8.678375000000000000e+06,8.641409000000000000e+06,8.531557000000000000e+06,8.348475500000000000e+06,8.091874000000000000e+06,7.764100500000000000e+06,7.371770500000000000e+06,6.927294000000000000e+06,6.456250500000000000e+06,5.988885000000000000e+06,5.552501500000000000e+06,5.169327500000000000e+06,4.842951500000000000e+06,4.569022000000000000e+06,4.344026000000000000e+06,4.163056000000000000e+06,4.018842500000000000e+06,3.904202500000000000e+06,3.827414000000000000e+06,3.808698500000000000e+06,3.799275000000000000e+06,3.792324500000000000e+06,3.781920250000000000e+06,3.762046500000000000e+06,3.727848000000000000e+06,3.674816500000000000e+06,3.598926750000000000e+06,3.496986250000000000e+06,3.366132000000000000e+06,3.204089750000000000e+06,3.009225250000000000e+06,2.781046750000000000e+06,2.520388250000000000e+06,2.228511250000000000e+06,1.907166375000000000e+06,1.563351375000000000e+06,1.213504250000000000e+06,8.704914375000000000e+05,5.309753750000000000e+05,2.286997812500000000e+05,5.794304296875000000e+04
2.243269687500000000e+05,2.239183906250000000e+05,2.227308593750000000e+05,2.208095156250000000e+05,2.181890625000000000e+05,2.149002343750000000e+05,2.109756562500000000e+05,2.064605937500000000e+05,2.014744687500000000e+05,1.962810312500000000e+05,1.913764375000000000e+05,1.864904531250000000e+05,1.817423750000000000e+05,1.772281406250000000e+05,1.730505156250000000e+05,1.695274687500000000e+05,1.671326875000000000e+05,1.651372500000000000e+05,1.635553437500000000e+05,1.623572343750000000e+05,1.615054531250000000e+05,1.618364687500000000e+05,1.629929531250000000e+05,1.641647343750000000e+05,1.652262187500000000e+05,1.660302031250000000e+05,1.664033750000000000e+05,1.690170000000000000e+05,1.707650781250000000e+05,1.712507812500000000e+05,1.701795937500000000e+05,1.671829218750000000e+05,1.710662656250000000e+05,1.744858281250000000e+05,1.735605312500000000e+05,1.672778437500000000e+05,1.536107031250000000e+05,1.419362656250000000e+05,1.302351796875000000e+05,1.186958750000000000e+05,7.839946875000000000e+04
2.395981406250000000e+05,2.389404218750000000e+05,2.370843125000000000e+05,2.341996718750000000e+05,2.304502656250000000e+05,2.259957968750000000e+05,2.209938593750000000e+05,2.156058437500000000e+05,2.100381250000000000e+05,2.045240312500000000e+05,1.992983281250000000e+05,1.945843593750000000e+05,1.904910781250000000e+05,1.878862656250000000e+05,1.860162812500000000e+05,1.848854687500000000e+05,1.844768281250000000e+05,1.847744375000000000e+05,1.857475781250000000e+05,1.876270000000000000e+05,1.914360937500000000e+05,1.957349062500000000e+05,2.004684531250000000e+05,2.055730156250000000e+05,2.109751250000000000e+05,2.165898906250000000e+05,2.259309843750000000e+05,2.353791250000000000e+05,2.446850312500000000e+05,2.534652812500000000e+05,2.612283281250000000e+05,2.738545625000000000e+05,2.970398125000000000e+05,3.159841875000000000e+05,3.265956875000000000e+05,3.249937812500000000e+05,3.147507500000000000e+05,3.011191562500000000e+05,2.484521875000000000e+05,1.443762187500000000e+05,4.711307812500000000e+04
1.293482812500000000e+05,1.293581953125000000e+05,1.293798906250000000e+05,1.293969062500000000e+05,1.293896953125000000e+05,1.293386171875000000e+05,1.292264062500000000e+05,1.290443203125000000e+05,1.288334765625000000e+05,1.286653750000000000e+05,1.286150468750000000e+05,1.296503203125000000e+05,1.313586875000000000e+05,1.332734843750000000e+05,1.353829375000000000e+05,1.376678750000000000e+05,1.400950625000000000e+05,1.426280468750000000e+05,1.452177031250000000e+05,1.477958125000000000e+05,1.556288906250000000e+05,1.641641562500000000e+05,1.723629375000000000e+05,1.800701250000000000e+05,1.870992031250000000e+05,1.932379687500000000e+05,1.982417031250000000e+05,2.018297968750000000e+05,2.036961093750000000e+05,2.034734687500000000e+05,2.061293125000000000e+05,2.067458750000000000e+05,2.046276718750000000e+05,1.989916875000000000e+05,1.888650937500000000e+05,1.734926718750000000e+05,1.527423593750000000e+05,1.263167968750000000e+05,9.240632812500000000e+04,5.291845312500000000e+04,2.153602343750000000e+04
8.131499375000000000e+05,8.103281875000000000e+05,8.020130625000000000e+05,7.884313750000000000e+05,7.698310625000000000e+05,7.465034375000000000e+05,7.187991250000000000e+05,6.871838125000000000e+05,6.526401250000000000e+05,6.163970625000000000e+05,5.796101250000000000e+05,5.528568750000000000e+05,5.272632500000000000e+05,5.019874062500000000e+05,4.773724375000000000e+05,4.536748125000000000e+05,4.310158125000000000e+05,4.095025000000000000e+05,3.891407187500000000e+05,3.697958750000000000e+05,3.513259062500000000e+05,3.335558125000000000e+05,3.162821875000000000e+05,2.993079375000000000e+05,2.824476562500000000e+05,2.655278750000000000e+05,2.484062343750000000e+05,2.327830625000000000e+05,2.191472031250000000e+05,2.049984218750000000e+05,1.902328125000000000e+05,1.747649531250000000e+05,1.585366406250000000e+05,1.415683281250000000e+05,1.239640781250000000e+05,1.057811250000000000e+05,8.705179687500000000e+04,6.818111718750000000e+04,4.993168750000000000e+04,3.265937304687500000e+04,1.731294335937500000e+04
1.571512031250000000e+05,1.569918593750000000e+05,1.566669531250000000e+05,1.560977343750000000e+05,1.552518906250000000e+05,1.540924843750000000e+05,1.525812968750000000e+05,1.506845937500000000e+05,1.484011562500000000e+05,1.457534843750000000e+05,1.427727187500000000e+05,1.394979218750000000e+05,1.365034687500000000e+05,1.344880312500000000e+05,1.321521406250000000e+05,1.295349140625000000e+05,1.266797421875000000e+05,1.236361718750000000e+05,1.204499687500000000e+05,1.171560000000000000e+05,1.186154921875000000e+05,1.199305468750000000e+05,1.206457187500000000e+05,1.207984453125000000e+05,1.204110781250000000e+05,1.194941718750000000e+05,1.180411406250000000e+05,1.160248750000000000e+05,1.134126562500000000e+05,1.118340625000000000e+05,1.110197500000000000e+05,1.096760781250000000e+05,1.075602421875000000e+05,1.046188984375000000e+05,1.010841484375000000e+05,9.659831250000000000e+04,8.940854687500000000e+04,7.945206250000000000e+04,7.205455468750000000e+04,6.788945312500000000e+04,4.709816406250000000e+04
1.072440078125000000e+05,1.073084609375000000e+05,1.074784843750000000e+05,1.077123437500000000e+05,1.079625703125000000e+05,1.081796718750000000e+05,1.083153437500000000e+05,1.083282109375000000e+05,1.082152421875000000e+05,1.079997031250000000e+05,1.085040000000000000e+05,1.091914531250000000e+05,1.098222578125000000e+05,1.104081328125000000e+05,1.109683750000000000e+05,1.115260078125000000e+05,1.137789453125000000e+05,1.160421171875000000e+05,1.182583671875000000e+05,1.204471953125000000e+05,1.226238203125000000e+05,1.247952109375000000e+05,1.269592890625000000e+05,1.348475468750000000e+05,1.426743593750000000e+05,1.503036250000000000e+05,1.576854531250000000e+05,1.647213125000000000e+05,1.712698750000000000e+05,1.770826250000000000e+05,1.818435937500000000e+05,1.850970312500000000e+05,1.903416406250000000e+05,1.952194062500000000e+05,1.972807968750000000e+05,1.950150156250000000e+05,1.863626718750000000e+05,1.689700156250000000e+05,1.400863750000000000e+05,9.809193750000000000e+04,4.877336328125000000e+04
1.875107031250000000e+05,1.872894375000000000e+05,1.866415937500000000e+05,1.855763906250000000e+05,1.840892812500000000e+05,1.821687968750000000e+05,1.798025781250000000e+05,1.769872500000000000e+05,1.737752031250000000e+05,1.708203906250000000e+05,1.676452812500000000e+05,1.643597031250000000e+05,1.610495000000000000e+05,1.580484375000000000e+05,1.560287343750000000e+05,1.541282187500000000e+05,1.524109531250000000e+05,1.509443281250000000e+05,1.510100468750000000e+05,1.518206875000000000e+05,1.528332500000000000e+05,1.540681250000000000e+05,1.555237500000000000e+05,1.591593750000000000e+05,1.636934843750000000e+05,1.681962812500000000e+05,1.725910625000000000e+05,1.767533593750000000e+05,1.805102031250000000e+05,1.936333125000000000e+05,2.067554531250000000e+05,2.179972500000000000e+05,2.265208906250000000e+05,2.309304531250000000e+05,2.290526562500000000e+05,2.252045468750000000e+05,2.184542500000000000e+05,2.010970312500000000e+05,1.626649687500000000e+05,9.965010156250000000e+04,3.956217968750000000e+04
2.833952250000000000e+06,2.818448500000000000e+06,2.774506750000000000e+06,2.706113500000000000e+06,2.617346500000000000e+06,2.512282750000000000e+06,2.394926500000000000e+06,2.269232000000000000e+06,2.139812750000000000e+06,2.011456250000000000e+06,1.888552125000000000e+06,1.774889500000000000e+06,1.672231125000000000e+06,1.581374625000000000e+06,1.503081000000000000e+06,1.437418625000000000e+06,1.383612125000000000e+06,1.340966250000000000e+06,1.308522250000000000e+06,1.284860500000000000e+06,1.268605625000000000e+06,1.258267500000000000e+06,1.252215625000000000e+06,1.248775000000000000e+06,1.246138000000000000e+06,1.242391875000000000e+06,1.235522625000000000e+06,1.223417750000000000e+06,1.208768250000000000e+06,1.201190875000000000e+06,1.183132875000000000e+06,1.151761250000000000e+06,1.104369375000000000e+06,1.036277250000000000e+06,9.405248125000000000e+05,8.159003125000000000e+05,6.729351250000000000e+05,5.121597500000000000e+05,3.071575000000000000e+05,9.888021093750000000e+04,1.070027734375000000e+04
1.459993593750000000e+05,1.455687656250000000e+05,1.443129531250000000e+05,1.422838281250000000e+05,1.395324687500000000e+05,1.361114843750000000e+05,1.320769375000000000e+05,1.274939218750000000e+05,1.224758046875000000e+05,1.171641406250000000e+05,1.117008906250000000e+05,1.062237656250000000e+05,1.008453906250000000e+05,9.566232031250000000e+04,9.076477343750000000e+04,8.622016406250000000e+04,8.364301562500000000e+04,8.166901562500000000e+04,7.998162500000000000e+04,7.861360156250000000e+04,7.759395312500000000e+04,7.693714062500000000e+04,7.664492187500000000e+04,7.671646093750000000e+04,7.713792187500000000e+04,7.789042187500000000e+04,7.895171875000000000e+04,8.029469531250000000e+04,8.187769531250000000e+04,8.360025781250000000e+04,8.587298437500000000e+04,8.974192187500000000e+04,9.396099218750000000e+04,9.803853125000000000e+04,1.007515625000000000e+05,1.012343984375000000e+05,9.992207812500000000e+04,9.430387500000000000e+04,7.242953125000000000e+04,3.396107812500000000e+04,9.094849609375000000e+03
4.133073750000000000e+06,4.130299500000000000e+06,4.120613000000000000e+06,4.101818500000000000e+06,4.071639000000000000e+06,4.027858750000000000e+06,3.968454500000000000e+06,3.891925750000000000e+06,3.799359500000000000e+06,3.693311250000000000e+06,3.576362500000000000e+06,3.468026500000000000e+06,3.360861750000000000e+06,3.246616500000000000e+06,3.126755250000000000e+06,3.002767250000000000e+06,2.876080000000000000e+06,2.748057250000000000e+06,2.619681500000000000e+06,2.491437250000000000e+06,2.363743500000000000e+06,2.236704000000000000e+06,2.110166750000000000e+06,2.049227375000000000e+06,1.984591000000000000e+06,1.910483375000000000e+06,1.826347375000000000e+06,1.731585875000000000e+06,1.625695625000000000e+06,1.508154000000000000e+06,1.378728375000000000e+06,1.238123625000000000e+06,1.089752500000000000e+06,9.618411875000000000e+05,8.216448750000000000e+05,6.707744375000000000e+05,5.190201562500000000e+05,3.693388750000000000e+05,2.062343750000000000e+05,5.786760937500000000e+04,3.772123291015625000e+03
2.810863750000000000e+06,2.801221000000000000e+06,2.773152250000000000e+06,2.727761500000000000e+06,2.666076000000000000e+06,2.589232000000000000e+06,2.498614000000000000e+06,2.396072000000000000e+06,2.285131500000000000e+06,2.170241250000000000e+06,2.055837125000000000e+06,1.946063125000000000e+06,1.871789375000000000e+06,1.832537375000000000e+06,1.795486125000000000e+06,1.762630500000000000e+06,1.735311000000000000e+06,1.714673000000000000e+06,1.701365375000000000e+06,1.695351875000000000e+06,1.696402875000000000e+06,1.703996250000000000e+06,1.717331125000000000e+06,1.735436125000000000e+06,1.757017250000000000e+06,1.780559750000000000e+06,1.820020125000000000e+06,1.876457000000000000e+06,1.933703500000000000e+06,1.987757500000000000e+06,2.033596875000000000e+06,2.065341375000000000e+06,2.076078000000000000e+06,2.051607000000000000e+06,1.968111000000000000e+06,1.811815375000000000e+06,1.594608875000000000e+06,1.299976500000000000e+06,8.300356250000000000e+05,2.796330937500000000e+05,2.846066601562500000e+04
7.823355625000000000e+05,7.835322500000000000e+05,7.866678750000000000e+05,7.909965625000000000e+05,7.957131250000000000e+05,7.999855000000000000e+05,8.051862500000000000e+05,8.088184375000000000e+05,8.100925625000000000e+05,8.089701875000000000e+05,8.061500625000000000e+05,8.063613125000000000e+05,8.037931875000000000e+05,7.983058750000000000e+05,7.898560625000000000e+05,7.872239375000000000e+05,7.819518125000000000e+05,7.729137500000000000e+05,7.603144375000000000e+05,7.473774375000000000e+05,7.412154375000000000e+05,7.300191250000000000e+05,7.140429375000000000e+05,6.935238125000000000e+05,6.686634375000000000e+05,6.503525625000000000e+05,6.493512500000000000e+05,6.388484375000000000e+05,6.191654375000000000e+05,5.906278750000000000e+05,5.536445625000000000e+05,5.088807187500000000e+05,4.572861250000000000e+05,4.082584687500000000e+05,3.585005625000000000e+05,3.029858437500000000e+05,2.443841718750000000e+05,1.838610000000000000e+05,1.172056250000000000e+05,5.106369140625000000e+04,1.368318847656250000e+04
5.501755500000000000e+06,5.499712000000000000e+06,5.493572500000000000e+06,5.483277000000000000e+06,5.468722000000000000e+06,5.449773000000000000e+06,5.426280000000000000e+06,5.398134500000000000e+06,5.365681000000000000e+06,5.329544500000000000e+06,5.290369500000000000e+06,5.248801000000000000e+06,5.205311500000000000e+06,5.179660000000000000e+06,5.167009500000000000e+06,5.153514500000000000e+06,5.138932500000000000e+06,5.122991500000000000e+06,5.105037500000000000e+06,5.083843000000000000e+06,5.058062500000000000e+06,5.025731500000000000e+06,4.984314000000000000e+06,4.931045500000000000e+06,4.862282500000000000e+06,4.871039000000000000e+06,4.939749500000000000e+06,4.971178000000000000e+06,4.956381500000000000e+06,4.884715500000000000e+06,4.745276500000000000e+06,4.529163000000000000e+06,4.230363500000000000e+06,3.839722750000000000e+06,3.475777500000000000e+06,3.020261000000000000e+06,2.491632750000000000e+06,1.889818375000000000e+06,1.124256500000000000e+06,3.242340937500000000e+05,1.136083593750000000e+04
2.903764750000000000e+06,2.899384750000000000e+06,2.885922000000000000e+06,2.862741750000000000e+06,2.829116750000000000e+06,2.784349750000000000e+06,2.727883000000000000e+06,2.659526500000000000e+06,2.580834500000000000e+06,2.494362750000000000e+06,2.454864750000000000e+06,2.432491500000000000e+06,2.403471000000000000e+06,2.368357250000000000e+06,2.328115750000000000e+06,2.283935250000000000e+06,2.237015750000000000e+06,2.188621000000000000e+06,2.139685000000000000e+06,2.090575500000000000e+06,2.041549875000000000e+06,1.992462125000000000e+06,1.969834625000000000e+06,1.957381125000000000e+06,1.943412750000000000e+06,1.925925375000000000e+06,1.902663500000000000e+06,1.871087500000000000e+06,1.828486125000000000e+06,1.771732375000000000e+06,1.697713875000000000e+06,1.603942625000000000e+06,1.488637875000000000e+06,1.349075125000000000e+06,1.181689000000000000e+06,9.892493750000000000e+05,7.854176250000000000e+05,5.758020000000000000e+05,3.456932500000000000e+05,1.311020781250000000e+05,2.601849218750000000e+04
8.079297000000000000e+06,8.091092500000000000e+06,8.121974500000000000e+06,8.164875000000000000e+06,8.212494500000000000e+06,8.257508500000000000e+06,8.292761500000000000e+06,8.311972500000000000e+06,8.314902000000000000e+06,8.304919000000000000e+06,8.285575500000000000e+06,8.260334500000000000e+06,8.231048500000000000e+06,8.198877000000000000e+06,8.371632500000000000e+06,8.570361000000000000e+06,8.762952000000000000e+06,8.952767000000000000e+06,9.142901000000000000e+06,9.335891000000000000e+06,9.534251000000000000e+06,9.740262000000000000e+06,9.955957000000000000e+06,1.018315300000000000e+07,1.042255400000000000e+07,1.067438000000000000e+07,1.093897600000000000e+07,1.126392000000000000e+07,1.180366100000000000e+07,1.239937600000000000e+07,1.304429900000000000e+07,1.374281900000000000e+07,1.450655500000000000e+07,1.524259700000000000e+07,1.568867800000000000e+07,1.569486100000000000e+07,1.547838200000000000e+07,1.451505500000000000e+07,9.980041000000000000e+06,2.708130500000000000e+06,2.732873632812500000e+04
4.895459000000000000e+06,4.876251000000000000e+06,4.820893000000000000e+06,4.732703500000000000e+06,4.615006000000000000e+06,4.471254500000000000e+06,4.305122000000000000e+06,4.120717250000000000e+06,3.934604750000000000e+06,3.753545250000000000e+06,3.571763000000000000e+06,3.395598000000000000e+06,3.229404500000000000e+06,3.076373250000000000e+06,2.939445250000000000e+06,2.820360750000000000e+06,2.719416500000000000e+06,2.636798000000000000e+06,2.582983750000000000e+06,2.558808500000000000e+06,2.549181500000000000e+06,2.553151500000000000e+06,2.569509500000000000e+06,2.596992250000000000e+06,2.634176250000000000e+06,2.679511750000000000e+06,2.731372750000000000e+06,2.821870500000000000e+06,3.016153500000000000e+06,3.214490500000000000e+06,3.409996500000000000e+06,3.594977000000000000e+06,3.760532750000000000e+06,3.875741750000000000e+06,3.876301750000000000e+06,3.886113750000000000e+06,3.820422250000000000e+06,3.552618250000000000e+06,2.548206250000000000e+06,8.672666250000000000e+05,4.733298046875000000e+04
1.389009531250000000e+05,1.392093906250000000e+05,1.399140781250000000e+05,1.406600625000000000e+05,1.414122031250000000e+05,1.416194218750000000e+05,1.407958750000000000e+05,1.386740312500000000e+05,1.353990625000000000e+05,1.316743437500000000e+05,1.275265468750000000e+05,1.232001718750000000e+05,1.188301015625000000e+05,1.144777265625000000e+05,1.105936484375000000e+05,1.071410781250000000e+05,1.038649218750000000e+05,1.008581171875000000e+05,9.818227343750000000e+04,9.628282031250000000e+04,9.530767187500000000e+04,9.461514062500000000e+04,9.420749218750000000e+04,9.407910156250000000e+04,9.449617187500000000e+04,9.653426562500000000e+04,9.863729687500000000e+04,1.007259453125000000e+05,1.026910312500000000e+05,1.043494687500000000e+05,1.113813593750000000e+05,1.189719843750000000e+05,1.250553828125000000e+05,1.288191015625000000e+05,1.290343906250000000e+05,1.269171562500000000e+05,1.249341953125000000e+05,1.170962578125000000e+05,9.807029687500000000e+04,6.453609765625000000e+04,2.833089843750000000e+04
4.327272000000000000e+06,4.345054000000000000e+06,4.394066500000000000e+06,4.467758500000000000e+06,4.559514500000000000e+06,4.662661000000000000e+06,4.770481500000000000e+06,4.881920500000000000e+06,5.001572500000000000e+06,5.120675000000000000e+06,5.241597000000000000e+06,5.366495500000000000e+06,5.506210500000000000e+06,5.675522000000000000e+06,5.845159000000000000e+06,6.014060000000000000e+06,6.182186000000000000e+06,6.395412000000000000e+06,6.635678000000000000e+06,6.873374500000000000e+06,7.108130000000000000e+06,7.339812000000000000e+06,7.654192000000000000e+06,8.017412000000000000e+06,8.375070500000000000e+06,8.726561000000000000e+06,9.071137000000000000e+06,9.407941000000000000e+06,1.029466900000000000e+07,1.121198300000000000e+07,1.209669800000000000e+07,1.292948700000000000e+07,1.369076800000000000e+07,1.427053400000000000e+07,1.473669000000000000e+07,1.507823600000000000e+07,1.512493800000000000e+07,1.436975400000000000e+07,1.030287900000000000e+07,3.227968500000000000e+06,9.029544531250000000e+04
2.398015000000000000e+06,2.393460250000000000e+06,2.378794750000000000e+06,2.352205000000000000e+06,2.311776250000000000e+06,2.255843250000000000e+06,2.185290250000000000e+06,2.107530500000000000e+06,2.014796000000000000e+06,1.912303250000000000e+06,1.805092000000000000e+06,1.697640750000000000e+06,1.602118500000000000e+06,1.514953125000000000e+06,1.429366625000000000e+06,1.346538750000000000e+06,1.267165125000000000e+06,1.200704000000000000e+06,1.148471875000000000e+06,1.096374750000000000e+06,1.044407687500000000e+06,9.924030625000000000e+05,9.400364375000000000e+05,9.149578750000000000e+05,9.040968750000000000e+05,8.830267500000000000e+05,8.521255625000000000e+05,8.118951875000000000e+05,7.628734375000000000e+05,7.057780000000000000e+05,6.414821250000000000e+05,5.840835625000000000e+05,5.259198125000000000e+05,4.620316875000000000e+05,3.921976562500000000e+05,3.180798125000000000e+05,2.446693593750000000e+05,1.740678437500000000e+05,1.010362031250000000e+05,3.574755078125000000e+04,6.818756347656250000e+03
3.121504500000000000e+06,3.122803750000000000e+06,3.125025000000000000e+06,3.125341750000000000e+06,3.121518250000000000e+06,3.125157250000000000e+06,3.118396750000000000e+06,3.097641250000000000e+06,3.061762250000000000e+06,3.011241750000000000e+06,2.974992250000000000e+06,2.930602500000000000e+06,2.870718500000000000e+06,2.796095250000000000e+06,2.713988750000000000e+06,2.663734250000000000e+06,2.595500000000000000e+06,2.512094500000000000e+06,2.416284750000000000e+06,2.310582000000000000e+06,2.254164000000000000e+06,2.239915250000000000e+06,2.200382750000000000e+06,2.139221500000000000e+06,2.059551000000000000e+06,1.964065500000000000e+06,1.855038375000000000e+06,1.734352125000000000e+06,1.603669500000000000e+06,1.491788000000000000e+06,1.381964250000000000e+06,1.263153000000000000e+06,1.135374250000000000e+06,9.985980000000000000e+05,8.526807500000000000e+05,6.993696875000000000e+05,5.445741250000000000e+05,3.927930312500000000e+05,2.398172968750000000e+05,9.942870312500000000e+04,2.313115039062500000e+04
6.729270625000000000e+05,6.727531250000000000e+05,6.720498750000000000e+05,6.705305625000000000e+05,6.678976250000000000e+05,6.638534375000000000e+05,6.594532500000000000e+05,6.544376875000000000e+05,6.475451250000000000e+05,6.390469375000000000e+05,6.292177500000000000e+05,6.183135000000000000e+05,6.064479375000000000e+05,5.936736250000000000e+05,5.800558125000000000e+05,5.656620000000000000e+05,5.505525625000000000e+05,5.361860000000000000e+05,5.251106250000000000e+05,5.129959687500000000e+05,4.998116875000000000e+05,4.855157187500000000e+05,4.700559687500000000e+05,4.533865937500000000e+05,4.354620000000000000e+05,4.162458125000000000e+05,4.037814062500000000e+05,3.986134375000000000e+05,3.898949062500000000e+05,3.775994687500000000e+05,3.617444062500000000e+05,3.422261250000000000e+05,3.189235312500000000e+05,2.923227187500000000e+05,2.703840937500000000e+05,2.507882031250000000e+05,2.258787031250000000e+05,1.956635000000000000e+05,1.732277187500000000e+05,1.607737031250000000e+05,1.079797890625000000e+05
3.067417250000000000e+06,3.062068250000000000e+06,3.046354000000000000e+06,3.020731500000000000e+06,2.985614250000000000e+06,2.941391750000000000e+06,2.888447000000000000e+06,2.827210750000000000e+06,2.758528750000000000e+06,2.683520250000000000e+06,2.603355250000000000e+06,2.519229250000000000e+06,2.479897750000000000e+06,2.449648250000000000e+06,2.414379250000000000e+06,2.374521250000000000e+06,2.330517500000000000e+06,2.282933750000000000e+06,2.232259500000000000e+06,2.178769750000000000e+06,2.122734000000000000e+06,2.064175875000000000e+06,2.002874500000000000e+06,1.938526625000000000e+06,1.870480125000000000e+06,1.797961625000000000e+06,1.733093375000000000e+06,1.680031375000000000e+06,1.619822500000000000e+06,1.550324000000000000e+06,1.469342125000000000e+06,1.375089250000000000e+06,1.266201750000000000e+06,1.140332250000000000e+06,9.941132500000000000e+05,8.291254375000000000e+05,6.561955625000000000e+05,4.792617500000000000e+05,2.832498125000000000e+05,9.902389843750000000e+04,1.530384570312500000e+04
1.041364500000000000e+06,1.043740187500000000e+06,1.050241250000000000e+06,1.059898250000000000e+06,1.071718000000000000e+06,1.084704250000000000e+06,1.097874500000000000e+06,1.110612250000000000e+06,1.127748750000000000e+06,1.144079875000000000e+06,1.159798875000000000e+06,1.175104250000000000e+06,1.189971500000000000e+06,1.204264875000000000e+06,1.224063750000000000e+06,1.246938625000000000e+06,1.268509250000000000e+06,1.288684500000000000e+06,1.307235750000000000e+06,1.323734000000000000e+06,1.337686500000000000e+06,1.359566000000000000e+06,1.384240000000000000e+06,1.403413250000000000e+06,1.415782000000000000e+06,1.419897875000000000e+06,1.414175875000000000e+06,1.396899625000000000e+06,1.406814750000000000e+06,1.432705750000000000e+06,1.433459500000000000e+06,1.405278250000000000e+06,1.345219000000000000e+06,1.249687750000000000e+06,1.114189250000000000e+06,9.875155625000000000e+05,8.359186875000000000e+05,6.553423125000000000e+05,4.168580937500000000e+05,1.505734687500000000e+05,1.765947265625000000e+04
1.498608398437500000e+04,1.500315136718750000e+04,1.504691992187500000e+04,1.510557128906250000e+04,1.516933105468750000e+04,1.528269238281250000e+04,1.537747656250000000e+04,1.543985058593750000e+04,1.546978125000000000e+04,1.547538867187500000e+04,1.546514160156250000e+04,1.546228710937500000e+04,1.558290527343750000e+04,1.569504492187500000e+04,1.579870410156250000e+04,1.589561914062500000e+04,1.598911328125000000e+04,1.613702929687500000e+04,1.649147656250000000e+04,1.683919140625000000e+04,1.718265625000000000e+04,1.752417578125000000e+04,1.786566406250000000e+04,1.820862109375000000e+04,1.936143164062500000e+04,2.068542187500000000e+04,2.199481640625000000e+04,2.328697851562500000e+04,2.455580664062500000e+04,2.578608789062500000e+04,2.695568945312500000e+04,2.802412695312500000e+04,2.989627929687500000e+04,3.182030273437500000e+04,3.364739843750000000e+04,3.515689843750000000e+04,3.590688281250000000e+04,3.532727343750000000e+04,3.281671093750000000e+04,2.742255468750000000e+04,1.779810742187500000e+04
6.863797500000000000e+05,6.843930625000000000e+05,6.786622500000000000e+05,6.694856875000000000e+05,6.571276875000000000e+05,6.418498125000000000e+05,6.239360000000000000e+05,6.037346875000000000e+05,5.818886250000000000e+05,5.592215000000000000e+05,5.394885000000000000e+05,5.203343750000000000e+05,5.022294687500000000e+05,4.855215312500000000e+05,4.705795937500000000e+05,4.586865312500000000e+05,4.520826250000000000e+05,4.472211562500000000e+05,4.441782187500000000e+05,4.428998437500000000e+05,4.433049375000000000e+05,4.461158750000000000e+05,4.560957500000000000e+05,4.670325312500000000e+05,4.787534687500000000e+05,4.910252812500000000e+05,5.035281562500000000e+05,5.158384687500000000e+05,5.396826250000000000e+05,5.797975000000000000e+05,6.174362500000000000e+05,6.505762500000000000e+05,6.766199375000000000e+05,6.910431875000000000e+05,6.865698750000000000e+05,6.861220625000000000e+05,6.686992500000000000e+05,6.165205000000000000e+05,4.927355625000000000e+05,2.834588125000000000e+05,9.076052343750000000e+04
3.868411250000000000e+05,3.878628750000000000e+05,3.907066875000000000e+05,3.950311875000000000e+05,4.004835937500000000e+05,4.067014062500000000e+05,4.149930625000000000e+05,4.240856875000000000e+05,4.329600625000000000e+05,4.412647500000000000e+05,4.486579062500000000e+05,4.573491250000000000e+05,4.669542500000000000e+05,4.745987812500000000e+05,4.800717187500000000e+05,4.832527812500000000e+05,4.841267500000000000e+05,4.894066875000000000e+05,4.920811875000000000e+05,4.918061562500000000e+05,4.886753125000000000e+05,4.827765312500000000e+05,4.741907812500000000e+05,4.629941562500000000e+05,4.542393750000000000e+05,4.563126250000000000e+05,4.538720000000000000e+05,4.468116875000000000e+05,4.350395000000000000e+05,4.184721250000000000e+05,3.970731562500000000e+05,3.708473750000000000e+05,3.399195000000000000e+05,3.107717187500000000e+05,2.826244375000000000e+05,2.506834687500000000e+05,2.140069062500000000e+05,1.729824687500000000e+05,1.302748828125000000e+05,8.618532031250000000e+04,4.127094921875000000e+04
1.170994625000000000e+06,1.171004625000000000e+06,1.170882125000000000e+06,1.170303500000000000e+06,1.168870000000000000e+06,1.166165250000000000e+06,1.163219125000000000e+06,1.160411875000000000e+06,1.155946000000000000e+06,1.150411750000000000e+06,1.144496875000000000e+06,1.141819750000000000e+06,1.144841625000000000e+06,1.147856500000000000e+06,1.150816500000000000e+06,1.153580375000000000e+06,1.170051500000000000e+06,1.184882000000000000e+06,1.197228000000000000e+06,1.206376625000000000e+06,1.220311000000000000e+06,1.243210375000000000e+06,1.258212500000000000e+06,1.264289250000000000e+06,1.260441250000000000e+06,1.245699375000000000e+06,1.281631875000000000e+06,1.307785375000000000e+06,1.310809000000000000e+06,1.289268625000000000e+06,1.242144750000000000e+06,1.169546500000000000e+06,1.072793250000000000e+06,9.815066250000000000e+05,8.725311875000000000e+05,7.393020000000000000e+05,5.924311875000000000e+05,4.353849062500000000e+05,2.494848125000000000e+05,7.036532031250000000e+04,4.059547363281250000e+03
3.220576000000000000e+06,3.227022250000000000e+06,3.242852750000000000e+06,3.263329500000000000e+06,3.289886500000000000e+06,3.309425000000000000e+06,3.315763000000000000e+06,3.303836500000000000e+06,3.274592250000000000e+06,3.235052500000000000e+06,3.201150500000000000e+06,3.161366250000000000e+06,3.116265750000000000e+06,3.064932000000000000e+06,3.006715250000000000e+06,2.957162000000000000e+06,2.912870500000000000e+06,2.858615750000000000e+06,2.794332000000000000e+06,2.719617000000000000e+06,2.634144000000000000e+06,2.576880500000000000e+06,2.506309000000000000e+06,2.419157750000000000e+06,2.315967500000000000e+06,2.197497500000000000e+06,2.064806375000000000e+06,2.009732125000000000e+06,1.944557000000000000e+06,1.847716750000000000e+06,1.721828375000000000e+06,1.570327875000000000e+06,1.397572750000000000e+06,1.208271375000000000e+06,1.048734250000000000e+06,8.801064375000000000e+05,7.042246875000000000e+05,5.252023750000000000e+05,3.409146875000000000e+05,1.628860781250000000e+05,4.678964843750000000e+04
7.295583500000000000e+06,7.271255000000000000e+06,7.200419500000000000e+06,7.093758000000000000e+06,6.974085000000000000e+06,6.822105500000000000e+06,6.638699000000000000e+06,6.425329500000000000e+06,6.185884000000000000e+06,5.926057500000000000e+06,5.652237500000000000e+06,5.371132500000000000e+06,5.087798000000000000e+06,4.806380000000000000e+06,4.530965500000000000e+06,4.304169000000000000e+06,4.172054750000000000e+06,4.029950500000000000e+06,3.880724000000000000e+06,3.726072000000000000e+06,3.567137250000000000e+06,3.404368250000000000e+06,3.237606250000000000e+06,3.066408500000000000e+06,2.890140750000000000e+06,2.708081500000000000e+06,2.519657000000000000e+06,2.324597250000000000e+06,2.122853250000000000e+06,1.943724000000000000e+06,1.768220750000000000e+06,1.585295500000000000e+06,1.395637500000000000e+06,1.199336000000000000e+06,9.957627500000000000e+05,7.884913125000000000e+05,5.892604375000000000e+05,4.032780937500000000e+05,2.172986406250000000e+05,5.915005859375000000e+04,3.671591796875000000e+03
2.727870500000000000e+06,2.707323750000000000e+06,2.650144000000000000e+06,2.563159000000000000e+06,2.453216750000000000e+06,2.327029500000000000e+06,2.191055500000000000e+06,2.051397000000000000e+06,1.913622750000000000e+06,1.782833875000000000e+06,1.663751375000000000e+06,1.570702500000000000e+06,1.498820125000000000e+06,1.440253500000000000e+06,1.394354875000000000e+06,1.359954500000000000e+06,1.335062625000000000e+06,1.317694000000000000e+06,1.305829250000000000e+06,1.299665125000000000e+06,1.346031625000000000e+06,1.388678000000000000e+06,1.425751625000000000e+06,1.455183500000000000e+06,1.475157375000000000e+06,1.483891875000000000e+06,1.479716250000000000e+06,1.461225250000000000e+06,1.427157625000000000e+06,1.376505750000000000e+06,1.340187625000000000e+06,1.289945000000000000e+06,1.221916875000000000e+06,1.134493625000000000e+06,1.026372062500000000e+06,8.969401875000000000e+05,7.474453125000000000e+05,5.814666250000000000e+05,4.017997187500000000e+05,2.189341562500000000e+05,7.747680468750000000e+04
2.428945500000000000e+06,2.433221750000000000e+06,2.444315750000000000e+06,2.459535500000000000e+06,2.485244500000000000e+06,2.516563250000000000e+06,2.544225250000000000e+06,2.564814750000000000e+06,2.578041250000000000e+06,2.585436750000000000e+06,2.588551750000000000e+06,2.588755000000000000e+06,2.596963500000000000e+06,2.623259500000000000e+06,2.644221750000000000e+06,2.659298000000000000e+06,2.668391500000000000e+06,2.671457000000000000e+06,2.668233500000000000e+06,2.658123500000000000e+06,2.693540500000000000e+06,2.779530750000000000e+06,2.848433750000000000e+06,2.898571250000000000e+06,2.927898500000000000e+06,2.934196750000000000e+06,2.915107750000000000e+06,2.868165250000000000e+06,2.790972250000000000e+06,2.680910500000000000e+06,2.605018000000000000e+06,2.498385500000000000e+06,2.354861500000000000e+06,2.168572750000000000e+06,1.931824625000000000e+06,1.644837625000000000e+06,1.324651500000000000e+06,9.797330000000000000e+05,5.844980000000000000e+05,1.998982031250000000e+05,2.424996289062500000e+04
6.941643000000000000e+06,6.952715000000000000e+06,6.981001000000000000e+06,7.018814500000000000e+06,7.058194500000000000e+06,7.091058500000000000e+06,7.293679500000000000e+06,7.516526000000000000e+06,7.711058000000000000e+06,7.874415500000000000e+06,8.004288500000000000e+06,8.098634000000000000e+06,8.153802000000000000e+06,8.165736000000000000e+06,8.131237500000000000e+06,8.049671500000000000e+06,7.923223500000000000e+06,7.754593500000000000e+06,7.606301500000000000e+06,7.484618500000000000e+06,7.325983500000000000e+06,7.130754500000000000e+06,6.899855000000000000e+06,6.634604500000000000e+06,6.336178000000000000e+06,6.005970000000000000e+06,5.645580500000000000e+06,5.256780000000000000e+06,4.841680000000000000e+06,4.402346500000000000e+06,3.941559250000000000e+06,3.464284750000000000e+06,2.977330000000000000e+06,2.485406500000000000e+06,1.991270375000000000e+06,1.509622625000000000e+06,1.073159500000000000e+06,6.922881250000000000e+05,3.384535000000000000e+05,7.339568750000000000e+04,1.535995727539062500e+03
9.876604375000000000e+05,9.876818125000000000e+05,9.877207500000000000e+05,9.876784375000000000e+05,9.876045000000000000e+05,9.890477500000000000e+05,9.901452500000000000e+05,9.907313750000000000e+05,9.910736250000000000e+05,9.917268125000000000e+05,9.941122500000000000e+05,1.000877250000000000e+06,1.009415375000000000e+06,1.019781750000000000e+06,1.032093812500000000e+06,1.052286500000000000e+06,1.076117000000000000e+06,1.101484875000000000e+06,1.128199000000000000e+06,1.162049500000000000e+06,1.204711250000000000e+06,1.246966875000000000e+06,1.288161875000000000e+06,1.327501625000000000e+06,1.384449375000000000e+06,1.442841750000000000e+06,1.494498250000000000e+06,1.537249875000000000e+06,1.568483875000000000e+06,1.637718750000000000e+06,1.737941000000000000e+06,1.805776750000000000e+06,1.833217625000000000e+06,1.807244625000000000e+06,1.708208250000000000e+06,1.575264500000000000e+06,1.413938875000000000e+06,1.177201625000000000e+06,7.647745000000000000e+05,2.474508593750000000e+05,1.617181347656250000e+04
3.060730000000000000e+06,3.065662250000000000e+06,3.077550750000000000e+06,3.091490000000000000e+06,3.102227750000000000e+06,3.115005500000000000e+06,3.115508000000000000e+06,3.098591000000000000e+06,3.065600750000000000e+06,3.032200750000000000e+06,2.993334000000000000e+06,2.951330750000000000e+06,2.911380000000000000e+06,2.893600250000000000e+06,2.874500000000000000e+06,2.855846000000000000e+06,2.858951000000000000e+06,2.884891750000000000e+06,2.911955250000000000e+06,2.941137250000000000e+06,2.997288500000000000e+06,3.093881250000000000e+06,3.189295750000000000e+06,3.284175750000000000e+06,3.378739500000000000e+06,3.528393250000000000e+06,3.843066750000000000e+06,4.151544000000000000e+06,4.453539000000000000e+06,4.744233000000000000e+06,5.016339500000000000e+06,5.265225500000000000e+06,5.541771000000000000e+06,5.923958000000000000e+06,6.189886000000000000e+06,6.269053500000000000e+06,6.232338000000000000e+06,5.866854500000000000e+06,4.042187000000000000e+06,1.088410125000000000e+06,8.791457031250000000e+03
2.569333593750000000e+04,2.578253125000000000e+04,2.602725976562500000e+04,2.639251562500000000e+04,2.690778125000000000e+04,2.748291796875000000e+04,2.807492773437500000e+04,2.864637500000000000e+04,2.919130273437500000e+04,2.979412500000000000e+04,3.043486718750000000e+04,3.108988281250000000e+04,3.175721484375000000e+04,3.249211328125000000e+04,3.341083984375000000e+04,3.431355078125000000e+04,3.519868359375000000e+04,3.610179687500000000e+04,3.742249218750000000e+04,3.869869531250000000e+04,3.992234375000000000e+04,4.108339453125000000e+04,4.269182031250000000e+04,4.452235937500000000e+04,4.620596093750000000e+04,4.771522656250000000e+04,4.901519531250000000e+04,5.139172265625000000e+04,5.538587500000000000e+04,5.886898828125000000e+04,6.172666796875000000e+04,6.379274218750000000e+04,6.486214453125000000e+04,6.479818359375000000e+04,6.633471093750000000e+04,6.705588281250000000e+04,6.572690625000000000e+04,6.182705859375000000e+04,5.794317578125000000e+04,5.424250000000000000e+04,3.825219921875000000e+04
4.688852500000000000e+05,4.691747187500000000e+05,4.697833125000000000e+05,4.702781250000000000e+05,4.722854062500000000e+05,4.749732500000000000e+05,4.763410312500000000e+05,4.757499687500000000e+05,4.728487812500000000e+05,4.674946875000000000e+05,4.648844062500000000e+05,4.619345312500000000e+05,4.556468125000000000e+05,4.462206250000000000e+05,4.339366250000000000e+05,4.192019062500000000e+05,4.124982187500000000e+05,4.111218125000000000e+05,4.054102500000000000e+05,3.961855312500000000e+05,3.842218125000000000e+05,3.701931875000000000e+05,3.546691875000000000e+05,3.381335937500000000e+05,3.209356250000000000e+05,3.033469375000000000e+05,2.855544375000000000e+05,2.693605937500000000e+05,2.564615781250000000e+05,2.435824062500000000e+05,2.307322968750000000e+05,2.177279531250000000e+05,2.042677968750000000e+05,1.905427500000000000e+05,1.773732031250000000e+05,1.642585937500000000e+05,1.478708125000000000e+05,1.285598359375000000e+05,1.175925703125000000e+05,1.167146250000000000e+05,8.430155468750000000e+04
6.442293125000000000e+05,6.430410625000000000e+05,6.395060625000000000e+05,6.336430000000000000e+05,6.254461875000000000e+05,6.148993125000000000e+05,6.019879375000000000e+05,5.867267500000000000e+05,5.693152500000000000e+05,5.500763750000000000e+05,5.307111875000000000e+05,5.112794375000000000e+05,4.908150000000000000e+05,4.695884687500000000e+05,4.478964062500000000e+05,4.260059375000000000e+05,4.049005937500000000e+05,3.866858437500000000e+05,3.683039687500000000e+05,3.498755625000000000e+05,3.315080000000000000e+05,3.132570312500000000e+05,2.951311250000000000e+05,2.812941250000000000e+05,2.668740937500000000e+05,2.518136093750000000e+05,2.361088125000000000e+05,2.197498906250000000e+05,2.027320000000000000e+05,1.915045312500000000e+05,1.824975625000000000e+05,1.705935625000000000e+05,1.559739843750000000e+05,1.388339843750000000e+05,1.193292578125000000e+05,1.004439531250000000e+05,8.330284375000000000e+04,6.531373046875000000e+04,4.478985156250000000e+04,2.235659179687500000e+04,7.721896484375000000e+03
5.737940625000000000e+05,5.728300000000000000e+05,5.698770625000000000e+05,5.648272500000000000e+05,5.575666250000000000e+05,5.479941250000000000e+05,5.360381875000000000e+05,5.276263125000000000e+05,5.219946250000000000e+05,5.141190625000000000e+05,5.043836562500000000e+05,4.931904375000000000e+05,4.808114375000000000e+05,4.674755937500000000e+05,4.534483437500000000e+05,4.390116875000000000e+05,4.244374687500000000e+05,4.099866562500000000e+05,3.958466250000000000e+05,3.821015625000000000e+05,3.688136875000000000e+05,3.559750937500000000e+05,3.435157187500000000e+05,3.313468437500000000e+05,3.211573125000000000e+05,3.138496875000000000e+05,3.064916250000000000e+05,2.988349062500000000e+05,2.906256875000000000e+05,2.816262500000000000e+05,2.715893125000000000e+05,2.601345781250000000e+05,2.468044687500000000e+05,2.315235625000000000e+05,2.147097500000000000e+05,1.958494375000000000e+05,1.725330937500000000e+05,1.452468437500000000e+05,1.218698437500000000e+05,1.027847421875000000e+05,6.500759375000000000e+04
3.277890250000000000e+06,3.282960250000000000e+06,3.297585500000000000e+06,3.320875000000000000e+06,3.351925000000000000e+06,3.389820000000000000e+06,3.433638250000000000e+06,3.482473750000000000e+06,3.535626500000000000e+06,3.592529000000000000e+06,3.652627750000000000e+06,3.715377750000000000e+06,3.799985000000000000e+06,3.910827500000000000e+06,4.023228000000000000e+06,4.136341250000000000e+06,4.249539000000000000e+06,4.362220500000000000e+06,4.473898500000000000e+06,4.584234000000000000e+06,4.727250000000000000e+06,5.038255000000000000e+06,5.347543000000000000e+06,5.654670000000000000e+06,5.959210000000000000e+06,6.260671500000000000e+06,6.558671500000000000e+06,6.853046500000000000e+06,7.142218000000000000e+06,7.417861500000000000e+06,7.737559000000000000e+06,8.184471500000000000e+06,8.647813000000000000e+06,9.066618000000000000e+06,9.282389000000000000e+06,9.200022000000000000e+06,8.933420000000000000e+06,8.203117000000000000e+06,5.535506000000000000e+06,1.521189750000000000e+06,2.617031250000000000e+04
1.320100250000000000e+06,1.319262625000000000e+06,1.316462125000000000e+06,1.311152000000000000e+06,1.302676500000000000e+06,1.290328125000000000e+06,1.273402500000000000e+06,1.256318500000000000e+06,1.236034625000000000e+06,1.210036875000000000e+06,1.178389750000000000e+06,1.141403125000000000e+06,1.108437125000000000e+06,1.073869000000000000e+06,1.034006375000000000e+06,9.897887500000000000e+05,9.422306250000000000e+05,9.017483750000000000e+05,8.632283750000000000e+05,8.212889375000000000e+05,7.769770000000000000e+05,7.311559375000000000e+05,6.845031250000000000e+05,6.375672500000000000e+05,6.161968125000000000e+05,5.918246875000000000e+05,5.629334375000000000e+05,5.301811250000000000e+05,4.941137500000000000e+05,4.551683125000000000e+05,4.137373750000000000e+05,3.702411250000000000e+05,3.268556250000000000e+05,2.904239062500000000e+05,2.524983125000000000e+05,2.130688593750000000e+05,1.726212812500000000e+05,1.317930468750000000e+05,9.004398437500000000e+04,4.876249609375000000e+04,1.884865039062500000e+04
3.345807812500000000e+04,3.355507812500000000e+04,3.382296484375000000e+04,3.422534375000000000e+04,3.472416406250000000e+04,3.528048828125000000e+04,3.585525000000000000e+04,3.641084375000000000e+04,3.692025390625000000e+04,3.736396093750000000e+04,3.772483203125000000e+04,3.946448828125000000e+04,4.131725390625000000e+04,4.295642578125000000e+04,4.436432812500000000e+04,4.553950000000000000e+04,4.649995312500000000e+04,4.726662109375000000e+04,4.786273046875000000e+04,4.831325390625000000e+04,4.864244531250000000e+04,4.886766015625000000e+04,4.975771093750000000e+04,5.065439062500000000e+04,5.151348046875000000e+04,5.232122656250000000e+04,5.305267968750000000e+04,5.366501171875000000e+04,5.410349609375000000e+04,5.427458203125000000e+04,5.406810156250000000e+04,5.337034375000000000e+04,5.206324609375000000e+04,4.992165625000000000e+04,4.658812890625000000e+04,4.194994140625000000e+04,3.642605078125000000e+04,2.990897460937500000e+04,2.070227929687500000e+04,9.920549804687500000e+03,3.962634521484375000e+03
2.909293000000000000e+06,2.898158000000000000e+06,2.866390500000000000e+06,2.816062000000000000e+06,2.748977500000000000e+06,2.668991250000000000e+06,2.581594500000000000e+06,2.483407000000000000e+06,2.377761000000000000e+06,2.268933500000000000e+06,2.166756500000000000e+06,2.073441125000000000e+06,1.986990000000000000e+06,1.908301750000000000e+06,1.845286375000000000e+06,1.796995625000000000e+06,1.754973875000000000e+06,1.718547500000000000e+06,1.687179750000000000e+06,1.676928125000000000e+06,1.665573000000000000e+06,1.651629000000000000e+06,1.633548750000000000e+06,1.609663750000000000e+06,1.598670000000000000e+06,1.583441875000000000e+06,1.555353000000000000e+06,1.513339250000000000e+06,1.456457250000000000e+06,1.384020000000000000e+06,1.370654000000000000e+06,1.337422750000000000e+06,1.272373125000000000e+06,1.175100125000000000e+06,1.045764312500000000e+06,8.967953125000000000e+05,7.626843750000000000e+05,6.079460625000000000e+05,4.266057500000000000e+05,2.229850468750000000e+05,6.592887500000000000e+04
6.013476875000000000e+05,5.976133125000000000e+05,5.871791875000000000e+05,5.712316250000000000e+05,5.509738125000000000e+05,5.275980625000000000e+05,5.022632500000000000e+05,4.827603750000000000e+05,4.638045312500000000e+05,4.455582812500000000e+05,4.288206875000000000e+05,4.143281562500000000e+05,4.021446562500000000e+05,3.920157500000000000e+05,3.837139687500000000e+05,3.769400937500000000e+05,3.712778125000000000e+05,3.663002187500000000e+05,3.615970312500000000e+05,3.567823125000000000e+05,3.514664687500000000e+05,3.453409062500000000e+05,3.381731562500000000e+05,3.297496875000000000e+05,3.199428437500000000e+05,3.118488437500000000e+05,3.040625312500000000e+05,2.948504062500000000e+05,2.841231250000000000e+05,2.718400000000000000e+05,2.579743906250000000e+05,2.424265468750000000e+05,2.250675156250000000e+05,2.060447031250000000e+05,1.858299531250000000e+05,1.642850937500000000e+05,1.401508906250000000e+05,1.140918828125000000e+05,9.099031250000000000e+04,7.094852343750000000e+04,4.231811328125000000e+04
8.782225000000000000e+05,8.772725625000000000e+05,8.743103750000000000e+05,8.691386250000000000e+05,8.615393125000000000e+05,8.512950625000000000e+05,8.382083125000000000e+05,8.221510000000000000e+05,8.033793125000000000e+05,7.823728750000000000e+05,7.596203750000000000e+05,7.356030000000000000e+05,7.107238750000000000e+05,6.879428125000000000e+05,6.685305625000000000e+05,6.488213750000000000e+05,6.291631875000000000e+05,6.099077500000000000e+05,5.913603125000000000e+05,5.737544375000000000e+05,5.573130625000000000e+05,5.422022500000000000e+05,5.285361250000000000e+05,5.249056250000000000e+05,5.334955000000000000e+05,5.427008750000000000e+05,5.526697500000000000e+05,5.634773125000000000e+05,5.750525000000000000e+05,5.867362500000000000e+05,5.976091875000000000e+05,6.069145000000000000e+05,6.139329375000000000e+05,6.327950625000000000e+05,6.403151250000000000e+05,6.286876875000000000e+05,6.049394375000000000e+05,5.511083750000000000e+05,3.716070625000000000e+05,1.018748281250000000e+05,2.041377075195312500e+03
9.282995000000000000e+05,9.261783750000000000e+05,9.198115000000000000e+05,9.091392500000000000e+05,8.941005625000000000e+05,8.747061250000000000e+05,8.510907500000000000e+05,8.236226875000000000e+05,7.936305000000000000e+05,7.629053125000000000e+05,7.331352500000000000e+05,7.057971875000000000e+05,6.814673750000000000e+05,6.670658125000000000e+05,6.665774375000000000e+05,6.685530000000000000e+05,6.731230625000000000e+05,6.804058125000000000e+05,6.903953125000000000e+05,7.028905000000000000e+05,7.176460625000000000e+05,7.344059375000000000e+05,7.528945000000000000e+05,7.727909375000000000e+05,7.937399375000000000e+05,8.153362500000000000e+05,8.370920000000000000e+05,8.673333125000000000e+05,9.067830625000000000e+05,9.472569375000000000e+05,9.872081875000000000e+05,1.024548500000000000e+06,1.056531500000000000e+06,1.076554375000000000e+06,1.072522500000000000e+06,1.034865187500000000e+06,9.627822500000000000e+05,8.400436250000000000e+05,6.049526875000000000e+05,2.807512812500000000e+05,6.811515625000000000e+04
3.931929750000000000e+06,3.941666250000000000e+06,3.965790500000000000e+06,4.000399500000000000e+06,4.041684000000000000e+06,4.073237750000000000e+06,4.086221750000000000e+06,4.073695750000000000e+06,4.049654750000000000e+06,4.022119000000000000e+06,3.983640000000000000e+06,3.941274000000000000e+06,3.897147750000000000e+06,3.867031500000000000e+06,3.860239500000000000e+06,3.848496000000000000e+06,3.833032250000000000e+06,3.814957500000000000e+06,3.794458000000000000e+06,3.826251000000000000e+06,3.852770750000000000e+06,3.867381250000000000e+06,3.868040000000000000e+06,3.852338250000000000e+06,3.817267750000000000e+06,3.818427500000000000e+06,3.920471250000000000e+06,3.974377250000000000e+06,3.974124750000000000e+06,3.913088750000000000e+06,3.785117000000000000e+06,3.586698000000000000e+06,3.317465000000000000e+06,3.036706000000000000e+06,2.723756250000000000e+06,2.331974000000000000e+06,1.889638750000000000e+06,1.403939750000000000e+06,8.156311250000000000e+05,2.365944375000000000e+05,1.269852246093750000e+04
2.047664000000000000e+06,2.042267750000000000e+06,2.025881125000000000e+06,1.998041875000000000e+06,1.958329875000000000e+06,1.906629625000000000e+06,1.878623625000000000e+06,1.855229875000000000e+06,1.816206625000000000e+06,1.767984125000000000e+06,1.716827250000000000e+06,1.668244375000000000e+06,1.623826250000000000e+06,1.583366375000000000e+06,1.546762000000000000e+06,1.513823375000000000e+06,1.484088375000000000e+06,1.456962000000000000e+06,1.431516125000000000e+06,1.406406375000000000e+06,1.380213750000000000e+06,1.359536375000000000e+06,1.347670375000000000e+06,1.331997375000000000e+06,1.311314000000000000e+06,1.284443000000000000e+06,1.250294125000000000e+06,1.207933625000000000e+06,1.156494125000000000e+06,1.095223125000000000e+06,1.023543062500000000e+06,9.413318125000000000e+05,8.489486875000000000e+05,7.466488750000000000e+05,6.345665625000000000e+05,5.152921562500000000e+05,3.959182187500000000e+05,2.805725625000000000e+05,1.640609531250000000e+05,6.077486328125000000e+04,1.207254296875000000e+04
4.524654500000000000e+06,4.485524000000000000e+06,4.402496000000000000e+06,4.277380000000000000e+06,4.119473000000000000e+06,3.938297000000000000e+06,3.743321250000000000e+06,3.543937750000000000e+06,3.348380000000000000e+06,3.164442500000000000e+06,3.000271500000000000e+06,2.863549000000000000e+06,2.755401750000000000e+06,2.673888250000000000e+06,2.617419250000000000e+06,2.583792000000000000e+06,2.569713000000000000e+06,2.571781750000000000e+06,2.586756000000000000e+06,2.611605250000000000e+06,2.673040000000000000e+06,2.750497000000000000e+06,2.833675000000000000e+06,2.920412250000000000e+06,3.008600250000000000e+06,3.096012750000000000e+06,3.179908500000000000e+06,3.256852000000000000e+06,3.322475250000000000e+06,3.369375000000000000e+06,3.388769750000000000e+06,3.371306000000000000e+06,3.307035000000000000e+06,3.175458250000000000e+06,2.943236000000000000e+06,2.599382250000000000e+06,2.180500250000000000e+06,1.678066375000000000e+06,9.664361875000000000e+05,2.372627187500000000e+05,4.151792480468750000e+03
3.630987187500000000e+05,3.640675000000000000e+05,3.666860000000000000e+05,3.705109687500000000e+05,3.750900000000000000e+05,3.799685625000000000e+05,3.861213125000000000e+05,3.922364687500000000e+05,3.977450625000000000e+05,4.028965000000000000e+05,4.079488437500000000e+05,4.131382812500000000e+05,4.206367500000000000e+05,4.302267812500000000e+05,4.397548125000000000e+05,4.491576875000000000e+05,4.584317812500000000e+05,4.675796875000000000e+05,4.833635000000000000e+05,4.997898750000000000e+05,5.155885312500000000e+05,5.305757500000000000e+05,5.445167500000000000e+05,5.571309375000000000e+05,5.863030625000000000e+05,6.251960000000000000e+05,6.601541875000000000e+05,6.900350625000000000e+05,7.134843750000000000e+05,7.286461250000000000e+05,7.334646875000000000e+05,7.259921875000000000e+05,7.203586875000000000e+05,7.064497500000000000e+05,6.709950000000000000e+05,6.104459375000000000e+05,5.296251875000000000e+05,4.257856562500000000e+05,2.734575000000000000e+05,1.008010234375000000e+05,1.595804589843750000e+04
3.770421562500000000e+05,3.757365937500000000e+05,3.719549062500000000e+05,3.658843125000000000e+05,3.577096250000000000e+05,3.476319375000000000e+05,3.358818750000000000e+05,3.227476562500000000e+05,3.087630312500000000e+05,2.945789375000000000e+05,2.808157812500000000e+05,2.680261562500000000e+05,2.587697656250000000e+05,2.508493125000000000e+05,2.441638906250000000e+05,2.387874687500000000e+05,2.347015625000000000e+05,2.318868593750000000e+05,2.302877500000000000e+05,2.297896875000000000e+05,2.302730781250000000e+05,2.332531562500000000e+05,2.440560000000000000e+05,2.554903750000000000e+05,2.675289062500000000e+05,2.801285937500000000e+05,2.932453437500000000e+05,3.068489062500000000e+05,3.208737187500000000e+05,3.351355000000000000e+05,3.493841875000000000e+05,3.633712500000000000e+05,3.877357812500000000e+05,4.135418125000000000e+05,4.375331250000000000e+05,4.566082812500000000e+05,4.689094062500000000e+05,4.629962500000000000e+05,3.976927812500000000e+05,2.520172187500000000e+05,9.848058593750000000e+04
6.967824000000000000e+06,6.940480500000000000e+06,6.863273000000000000e+06,6.743050000000000000e+06,6.586266500000000000e+06,6.399134500000000000e+06,6.187774500000000000e+06,5.958466000000000000e+06,5.719007000000000000e+06,5.478219500000000000e+06,5.245136000000000000e+06,5.028394500000000000e+06,4.831798000000000000e+06,4.656927500000000000e+06,4.505657000000000000e+06,4.378201500000000000e+06,4.272410500000000000e+06,4.186136500000000000e+06,4.116414250000000000e+06,4.058914000000000000e+06,4.009118750000000000e+06,3.977062000000000000e+06,3.993741750000000000e+06,4.007951500000000000e+06,4.014003250000000000e+06,4.005879500000000000e+06,3.977456500000000000e+06,3.922752000000000000e+06,3.835618750000000000e+06,3.709708750000000000e+06,3.539053000000000000e+06,3.319778250000000000e+06,3.050152000000000000e+06,2.726217750000000000e+06,2.341820000000000000e+06,1.906717000000000000e+06,1.458942625000000000e+06,1.014641500000000000e+06,5.355811250000000000e+05,1.255637421875000000e+05,2.659444580078125000e+03
3.299203000000000000e+06,3.299689000000000000e+06,3.308120250000000000e+06,3.320040750000000000e+06,3.328752500000000000e+06,3.329586250000000000e+06,3.318177250000000000e+06,3.291032000000000000e+06,3.248937500000000000e+06,3.195123250000000000e+06,3.144883250000000000e+06,3.118535750000000000e+06,3.085461500000000000e+06,3.045884750000000000e+06,3.000434250000000000e+06,2.950177250000000000e+06,2.896451250000000000e+06,2.856860000000000000e+06,2.929004500000000000e+06,2.987069250000000000e+06,3.031770500000000000e+06,3.063459250000000000e+06,3.082024000000000000e+06,3.086966000000000000e+06,3.076938000000000000e+06,3.050130000000000000e+06,3.004288000000000000e+06,2.959848250000000000e+06,2.935339500000000000e+06,2.884690750000000000e+06,2.801237500000000000e+06,2.679519750000000000e+06,2.515309500000000000e+06,2.300440000000000000e+06,2.022606125000000000e+06,1.686429125000000000e+06,1.326889375000000000e+06,9.525084375000000000e+05,5.125818750000000000e+05,1.193395546875000000e+05,2.350833740234375000e+03
8.132825625000000000e+05,8.133296250000000000e+05,8.130515000000000000e+05,8.138673125000000000e+05,8.144095625000000000e+05,8.127420625000000000e+05,8.078565000000000000e+05,7.989352500000000000e+05,7.859108750000000000e+05,7.756723750000000000e+05,7.635419375000000000e+05,7.478728750000000000e+05,7.292601250000000000e+05,7.083532500000000000e+05,6.906694375000000000e+05,6.771332500000000000e+05,6.617893750000000000e+05,6.455399375000000000e+05,6.291170000000000000e+05,6.130277500000000000e+05,5.976847500000000000e+05,5.841278750000000000e+05,5.938808750000000000e+05,6.024821250000000000e+05,6.099980000000000000e+05,6.162838125000000000e+05,6.209429375000000000e+05,6.232751875000000000e+05,6.223855000000000000e+05,6.169418125000000000e+05,6.054430000000000000e+05,5.899594375000000000e+05,5.797890000000000000e+05,5.600765000000000000e+05,5.262737500000000000e+05,4.757401250000000000e+05,4.107958125000000000e+05,3.294931250000000000e+05,2.154668593750000000e+05,8.451105468750000000e+04,1.503145703125000000e+04
1.829459875000000000e+06,1.827691375000000000e+06,1.822190375000000000e+06,1.812556875000000000e+06,1.798298250000000000e+06,1.778888625000000000e+06,1.753824250000000000e+06,1.722741500000000000e+06,1.687669500000000000e+06,1.650845375000000000e+06,1.610312750000000000e+06,1.567071250000000000e+06,1.521919750000000000e+06,1.475609875000000000e+06,1.434705000000000000e+06,1.396887250000000000e+06,1.359388125000000000e+06,1.323011625000000000e+06,1.288449375000000000e+06,1.264720125000000000e+06,1.248216750000000000e+06,1.233516625000000000e+06,1.221012125000000000e+06,1.211034875000000000e+06,1.214723000000000000e+06,1.231299250000000000e+06,1.249014750000000000e+06,1.267808750000000000e+06,1.287268125000000000e+06,1.309127625000000000e+06,1.413523750000000000e+06,1.510934500000000000e+06,1.598100625000000000e+06,1.662505125000000000e+06,1.677040750000000000e+06,1.649496375000000000e+06,1.634918000000000000e+06,1.536839250000000000e+06,1.123016250000000000e+06,4.038018750000000000e+05,3.065843164062500000e+04
5.750347500000000000e+06,5.767730000000000000e+06,5.816382500000000000e+06,5.890522000000000000e+06,5.984036000000000000e+06,6.090894000000000000e+06,6.205485500000000000e+06,6.322905500000000000e+06,6.439504000000000000e+06,6.552772500000000000e+06,6.661089000000000000e+06,6.763728500000000000e+06,6.861169000000000000e+06,6.954205500000000000e+06,7.097059500000000000e+06,7.297550000000000000e+06,7.498197500000000000e+06,7.698659000000000000e+06,7.899252000000000000e+06,8.101135000000000000e+06,8.306107500000000000e+06,8.516097000000000000e+06,8.733105000000000000e+06,8.959382000000000000e+06,9.196234000000000000e+06,9.444773000000000000e+06,9.705698000000000000e+06,9.978894000000000000e+06,1.026218900000000000e+07,1.054383100000000000e+07,1.080826800000000000e+07,1.104124800000000000e+07,1.122755500000000000e+07,1.128705200000000000e+07,1.104983000000000000e+07,1.043003800000000000e+07,9.548831000000000000e+06,8.193185000000000000e+06,5.278749500000000000e+06,1.551864500000000000e+06,7.571770312500000000e+04
1.651725125000000000e+06,1.647953750000000000e+06,1.637242000000000000e+06,1.629741625000000000e+06,1.615930750000000000e+06,1.593927000000000000e+06,1.562200750000000000e+06,1.519886750000000000e+06,1.468151000000000000e+06,1.409373875000000000e+06,1.346133500000000000e+06,1.315611875000000000e+06,1.301381500000000000e+06,1.278991375000000000e+06,1.250162875000000000e+06,1.216689625000000000e+06,1.180187625000000000e+06,1.142017875000000000e+06,1.103068625000000000e+06,1.063659125000000000e+06,1.023892750000000000e+06,9.836356250000000000e+05,9.467120625000000000e+05,9.194341250000000000e+05,8.903386250000000000e+05,8.588173125000000000e+05,8.242933750000000000e+05,7.862428750000000000e+05,7.441840625000000000e+05,6.977303750000000000e+05,6.465888750000000000e+05,5.906819375000000000e+05,5.301679375000000000e+05,4.652732187500000000e+05,3.962761562500000000e+05,3.243632500000000000e+05,2.525426406250000000e+05,1.830583906250000000e+05,1.143631171875000000e+05,5.202428125000000000e+04,1.598377343750000000e+04
8.718152500000000000e+05,8.708472500000000000e+05,8.674953750000000000e+05,8.610104375000000000e+05,8.535927500000000000e+05,8.422195000000000000e+05,8.255275000000000000e+05,8.030376250000000000e+05,7.757888125000000000e+05,7.455975625000000000e+05,7.141933125000000000e+05,6.847692500000000000e+05,6.596742500000000000e+05,6.355968750000000000e+05,6.130210625000000000e+05,5.923823750000000000e+05,5.740096250000000000e+05,5.582053125000000000e+05,5.451142500000000000e+05,5.413328125000000000e+05,5.399565625000000000e+05,5.406340625000000000e+05,5.432400625000000000e+05,5.476076250000000000e+05,5.534456250000000000e+05,5.603921250000000000e+05,5.812135625000000000e+05,6.179298125000000000e+05,6.541462500000000000e+05,6.884053125000000000e+05,7.187626875000000000e+05,7.428091875000000000e+05,7.577171875000000000e+05,7.604758125000000000e+05,7.702862500000000000e+05,7.570310000000000000e+05,7.181307500000000000e+05,6.388698750000000000e+05,4.667972187500000000e+05,2.077119375000000000e+05,3.953305468750000000e+04
3.560641250000000000e+06,3.557415000000000000e+06,3.547772250000000000e+06,3.531597500000000000e+06,3.508596250000000000e+06,3.478352000000000000e+06,3.440383750000000000e+06,3.394228000000000000e+06,3.341781000000000000e+06,3.296312750000000000e+06,3.242715000000000000e+06,3.181252000000000000e+06,3.112544500000000000e+06,3.037512500000000000e+06,2.970504500000000000e+06,2.915345500000000000e+06,2.854264000000000000e+06,2.788775000000000000e+06,2.720352500000000000e+06,2.650260250000000000e+06,2.615837000000000000e+06,2.582653500000000000e+06,2.545579750000000000e+06,2.505374750000000000e+06,2.462064750000000000e+06,2.415291250000000000e+06,2.406290000000000000e+06,2.467422500000000000e+06,2.509313750000000000e+06,2.528287500000000000e+06,2.519605250000000000e+06,2.477579500000000000e+06,2.396138750000000000e+06,2.266476000000000000e+06,2.151877750000000000e+06,1.988827250000000000e+06,1.762870375000000000e+06,1.460183625000000000e+06,1.030485187500000000e+06,4.977431250000000000e+05,1.215549062500000000e+05
2.470026750000000000e+06,2.470699750000000000e+06,2.472469500000000000e+06,2.474832750000000000e+06,2.477160500000000000e+06,2.478750250000000000e+06,2.478875500000000000e+06,2.476828500000000000e+06,2.471973750000000000e+06,2.463820000000000000e+06,2.452058750000000000e+06,2.436552000000000000e+06,2.419088500000000000e+06,2.491833500000000000e+06,2.553965000000000000e+06,2.604421000000000000e+06,2.642443250000000000e+06,2.667339000000000000e+06,2.678575000000000000e+06,2.675771000000000000e+06,2.658548000000000000e+06,2.626608000000000000e+06,2.579724000000000000e+06,2.517700000000000000e+06,2.458254750000000000e+06,2.407827500000000000e+06,2.342131750000000000e+06,2.260401750000000000e+06,2.162023750000000000e+06,2.046499625000000000e+06,1.913545375000000000e+06,1.763217625000000000e+06,1.596039500000000000e+06,1.412789500000000000e+06,1.214471000000000000e+06,1.004064375000000000e+06,7.888151875000000000e+05,5.756530000000000000e+05,3.640535000000000000e+05,1.701770625000000000e+05,4.960887109375000000e+04
5.310540625000000000e+05,5.302833125000000000e+05,5.280115625000000000e+05,5.242509375000000000e+05,5.189850625000000000e+05,5.122080312500000000e+05,5.039543750000000000e+05,4.969654375000000000e+05,5.050994375000000000e+05,5.111200937500000000e+05,5.148812500000000000e+05,5.164344687500000000e+05,5.159869375000000000e+05,5.137644687500000000e+05,5.099700937500000000e+05,5.047746250000000000e+05,4.982947812500000000e+05,4.905972500000000000e+05,4.817035000000000000e+05,4.715943750000000000e+05,4.607150312500000000e+05,4.535432812500000000e+05,4.450544375000000000e+05,4.351902500000000000e+05,4.238883750000000000e+05,4.110866250000000000e+05,3.967180312500000000e+05,3.807090937500000000e+05,3.629990625000000000e+05,3.435678125000000000e+05,3.224068125000000000e+05,2.994232187500000000e+05,2.745020000000000000e+05,2.478572031250000000e+05,2.200588593750000000e+05,1.910119843750000000e+05,1.595447343750000000e+05,1.266401796875000000e+05,9.722275000000000000e+04,7.121424218750000000e+04,3.945777343750000000e+04
2.470026750000000000e+06,2.470699750000000000e+06,2.472469500000000000e+06,2.474832750000000000e+06,2.477160500000000000e+06,2.478750250000000000e+06,2.478875500000000000e+06,2.476828500000000000e+06,2.471973750000000000e+06,2.463820000000000000e+06,2.452058750000000000e+06,2.436552000000000000e+06,2.419088500000000000e+06,2.491833500000000000e+06,2.553965000000000000e+06,2.604421000000000000e+06,2.642443250000000000e+06,2.667339000000000000e+06,2.678575000000000000e+06,2.675771000000000000e+06,2.658548000000000000e+06,2.626608000000000000e+06,2.579724000000000000e+06,2.517700000000000000e+06,2.458254750000000000e+06,2.407827500000000000e+06,2.342131750000000000e+06,2.260401750000000000e+06,2.162023750000000000e+06,2.046499625000000000e+06,1.913545375000000000e+06,1.763217625000000000e+06,1.596039500000000000e+06,1.412789500000000000e+06,1.214471000000000000e+06,1.004064375000000000e+06,7.888151875000000000e+05,5.756530000000000000e+05,3.640535000000000000e+05,1.701770625000000000e+05,4.960887109375000000e+04
4.587168500000000000e+06,4.584928500000000000e+06,4.578099000000000000e+06,4.566331000000000000e+06,4.549085500000000000e+06,4.525707500000000000e+06,4.499954500000000000e+06,4.472063500000000000e+06,4.437146000000000000e+06,4.395557000000000000e+06,4.347851500000000000e+06,4.294724500000000000e+06,4.236598500000000000e+06,4.197995000000000000e+06,4.152782750000000000e+06,4.100815500000000000e+06,4.041660000000000000e+06,3.974983500000000000e+06,3.929862750000000000e+06,3.884186750000000000e+06,3.824494250000000000e+06,3.749788000000000000e+06,3.658970750000000000e+06,3.567082750000000000e+06,3.497735250000000000e+06,3.401231750000000000e+06,3.276863750000000000e+06,3.124332500000000000e+06,2.943714250000000000e+06,2.795652750000000000e+06,2.710416000000000000e+06,2.565618500000000000e+06,2.364204750000000000e+06,2.109336250000000000e+06,1.803870125000000000e+06,1.479151375000000000e+06,1.188143125000000000e+06,8.830718750000000000e+05,5.348960000000000000e+05,1.873436875000000000e+05,2.220166601562500000e+04
3.367877500000000000e+06,3.365478000000000000e+06,3.357548750000000000e+06,3.342599000000000000e+06,3.318834250000000000e+06,3.284414250000000000e+06,3.237677000000000000e+06,3.183528750000000000e+06,3.121828000000000000e+06,3.050424000000000000e+06,2.972431500000000000e+06,2.891095000000000000e+06,2.829500750000000000e+06,2.766760500000000000e+06,2.704104000000000000e+06,2.643408250000000000e+06,2.614002250000000000e+06,2.591807500000000000e+06,2.571728000000000000e+06,2.554410000000000000e+06,2.558175000000000000e+06,2.595029500000000000e+06,2.629469250000000000e+06,2.660978000000000000e+06,2.688083000000000000e+06,2.708679250000000000e+06,2.866378250000000000e+06,3.017977000000000000e+06,3.140025000000000000e+06,3.224105500000000000e+06,3.260310250000000000e+06,3.239044250000000000e+06,3.151603250000000000e+06,3.064796500000000000e+06,2.904474500000000000e+06,2.627839250000000000e+06,2.260988750000000000e+06,1.788683375000000000e+06,1.074282500000000000e+06,2.894866562500000000e+05,7.811147949218750000e+03
4.966676953125000000e+04,4.964150390625000000e+04,4.957023046875000000e+04,4.945795703125000000e+04,4.931803125000000000e+04,4.921502734375000000e+04,4.908896484375000000e+04,4.894054296875000000e+04,4.878146093750000000e+04,4.863107421875000000e+04,4.851108203125000000e+04,4.844411328125000000e+04,4.866596484375000000e+04,4.900744140625000000e+04,4.942058593750000000e+04,4.990846875000000000e+04,5.046759765625000000e+04,5.131887500000000000e+04,5.254482812500000000e+04,5.379971875000000000e+04,5.506597265625000000e+04,5.632000390625000000e+04,5.755415234375000000e+04,5.969998046875000000e+04,6.169500390625000000e+04,6.348319531250000000e+04,6.499686718750000000e+04,6.615470312500000000e+04,6.747578906250000000e+04,7.170746093750000000e+04,7.504100781250000000e+04,7.722624218750000000e+04,7.799113281250000000e+04,7.701878906250000000e+04,7.393682031250000000e+04,7.114817968750000000e+04,6.687560156250000000e+04,5.992300000000000000e+04,4.929161718750000000e+04,3.447932421875000000e+04,1.848031640625000000e+04
9.704157812500000000e+04,9.622902343750000000e+04,9.394854687500000000e+04,9.044121875000000000e+04,8.595669531250000000e+04,8.075342968750000000e+04,7.509588281250000000e+04,6.925125000000000000e+04,6.350104687500000000e+04,5.810937109375000000e+04,5.330162500000000000e+04,4.925012890625000000e+04,4.660617578125000000e+04,4.519578515625000000e+04,4.428599218750000000e+04,4.384507812500000000e+04,4.382193359375000000e+04,4.416325781250000000e+04,4.481457421875000000e+04,4.571906640625000000e+04,4.681412500000000000e+04,4.804744531250000000e+04,4.937623046875000000e+04,5.075376953125000000e+04,5.213850781250000000e+04,5.380989453125000000e+04,5.620589062500000000e+04,5.865716796875000000e+04,6.110117187500000000e+04,6.341876953125000000e+04,6.545828125000000000e+04,6.705307031250000000e+04,6.801433593750000000e+04,6.788311718750000000e+04,6.583289062500000000e+04,6.145273437500000000e+04,5.536910937500000000e+04,4.694286718750000000e+04,3.186238476562500000e+04,1.275460644531250000e+04,3.347412353515625000e+03
2.166832000000000000e+06,2.170870000000000000e+06,2.182360000000000000e+06,2.200358000000000000e+06,2.223911500000000000e+06,2.252064500000000000e+06,2.283857750000000000e+06,2.318356750000000000e+06,2.365602250000000000e+06,2.420431250000000000e+06,2.476695000000000000e+06,2.533664250000000000e+06,2.590789500000000000e+06,2.647618250000000000e+06,2.703714500000000000e+06,2.758840750000000000e+06,2.841898000000000000e+06,2.928156000000000000e+06,3.012966750000000000e+06,3.096618250000000000e+06,3.179411000000000000e+06,3.261660250000000000e+06,3.343690500000000000e+06,3.425758500000000000e+06,3.512842500000000000e+06,3.740720500000000000e+06,3.972456000000000000e+06,4.207335000000000000e+06,4.443423000000000000e+06,4.673945500000000000e+06,4.889494500000000000e+06,5.079964000000000000e+06,5.234002500000000000e+06,5.336050000000000000e+06,5.453258000000000000e+06,5.399650000000000000e+06,5.204908000000000000e+06,4.723306500000000000e+06,3.264338250000000000e+06,1.040484125000000000e+06,4.893407031250000000e+04
1.803701250000000000e+06,1.806869125000000000e+06,1.814688500000000000e+06,1.824361375000000000e+06,1.836558750000000000e+06,1.846908750000000000e+06,1.850115000000000000e+06,1.843118750000000000e+06,1.827376250000000000e+06,1.804902750000000000e+06,1.770109875000000000e+06,1.723600375000000000e+06,1.672355375000000000e+06,1.617852250000000000e+06,1.553789250000000000e+06,1.482253250000000000e+06,1.405469875000000000e+06,1.337543250000000000e+06,1.267380125000000000e+06,1.194595625000000000e+06,1.120702500000000000e+06,1.046775000000000000e+06,9.735178750000000000e+05,9.149326250000000000e+05,8.553033750000000000e+05,7.947016875000000000e+05,7.333706250000000000e+05,6.714300625000000000e+05,6.089835000000000000e+05,5.654443750000000000e+05,5.293053125000000000e+05,4.852371562500000000e+05,4.341647187500000000e+05,3.769305625000000000e+05,3.141433437500000000e+05,2.549564531250000000e+05,2.014943281250000000e+05,1.479857031250000000e+05,8.825636718750000000e+04,2.906388671875000000e+04,3.368982421875000000e+03
1.076426093750000000e+05,1.077526093750000000e+05,1.080593125000000000e+05,1.085222500000000000e+05,1.090951406250000000e+05,1.099065390625000000e+05,1.108293828125000000e+05,1.117288437500000000e+05,1.125496406250000000e+05,1.132447578125000000e+05,1.139488046875000000e+05,1.147154218750000000e+05,1.152496328125000000e+05,1.155450312500000000e+05,1.156685390625000000e+05,1.163423984375000000e+05,1.167438593750000000e+05,1.169007968750000000e+05,1.168431562500000000e+05,1.172441640625000000e+05,1.180820078125000000e+05,1.186651718750000000e+05,1.190090781250000000e+05,1.191205703125000000e+05,1.193238984375000000e+05,1.209088359375000000e+05,1.220256796875000000e+05,1.225947265625000000e+05,1.225186640625000000e+05,1.216681328125000000e+05,1.226768125000000000e+05,1.274138359375000000e+05,1.300490078125000000e+05,1.301999375000000000e+05,1.276246093750000000e+05,1.216837265625000000e+05,1.159940390625000000e+05,1.075181015625000000e+05,9.869192187500000000e+04,8.954318750000000000e+04,5.936218359375000000e+04
9.286865000000000000e+05,9.277373750000000000e+05,9.251000625000000000e+05,9.305308750000000000e+05,9.359543125000000000e+05,9.400691875000000000e+05,9.416131875000000000e+05,9.395121250000000000e+05,9.338590000000000000e+05,9.254298125000000000e+05,9.150233125000000000e+05,9.033770625000000000e+05,8.906860625000000000e+05,8.769114375000000000e+05,8.620663125000000000e+05,8.461783125000000000e+05,8.292531875000000000e+05,8.113033125000000000e+05,7.922571250000000000e+05,7.719155000000000000e+05,7.500788125000000000e+05,7.326222500000000000e+05,7.185078125000000000e+05,7.023418125000000000e+05,6.837010625000000000e+05,6.621699375000000000e+05,6.373751875000000000e+05,6.090100000000000000e+05,5.768195000000000000e+05,5.406284375000000000e+05,5.003610312500000000e+05,4.561605625000000000e+05,4.083798125000000000e+05,3.573412187500000000e+05,3.033442812500000000e+05,2.475930781250000000e+05,1.927862812500000000e+05,1.404088125000000000e+05,8.878699218750000000e+04,4.238203515625000000e+04,1.493053320312500000e+04
7.583005500000000000e+06,7.547911000000000000e+06,7.448201000000000000e+06,7.292292000000000000e+06,7.088666500000000000e+06,6.871863500000000000e+06,6.638698500000000000e+06,6.383337000000000000e+06,6.114362000000000000e+06,5.841623000000000000e+06,5.575177000000000000e+06,5.324653500000000000e+06,5.095414500000000000e+06,4.890596000000000000e+06,4.713216500000000000e+06,4.564627500000000000e+06,4.444036000000000000e+06,4.350562000000000000e+06,4.332312500000000000e+06,4.397599500000000000e+06,4.480733500000000000e+06,4.581472000000000000e+06,4.699242000000000000e+06,4.833180500000000000e+06,4.982245000000000000e+06,5.145135000000000000e+06,5.320473000000000000e+06,5.506927500000000000e+06,5.701937000000000000e+06,5.898009500000000000e+06,6.085417000000000000e+06,6.302121000000000000e+06,6.632620000000000000e+06,6.940442500000000000e+06,7.119132500000000000e+06,7.096730500000000000e+06,6.924127500000000000e+06,6.393805500000000000e+06,4.494756500000000000e+06,1.465731750000000000e+06,7.747260937500000000e+04
1.627245000000000000e+05,1.630923593750000000e+05,1.640871250000000000e+05,1.659477343750000000e+05,1.687689375000000000e+05,1.718593750000000000e+05,1.749729218750000000e+05,1.778764843750000000e+05,1.804527656250000000e+05,1.826566875000000000e+05,1.858187812500000000e+05,1.899934531250000000e+05,1.935280625000000000e+05,1.963124687500000000e+05,1.982478750000000000e+05,1.992778437500000000e+05,1.993938750000000000e+05,2.053535000000000000e+05,2.119743906250000000e+05,2.168091093750000000e+05,2.198738281250000000e+05,2.212070625000000000e+05,2.208659531250000000e+05,2.189120468750000000e+05,2.154070000000000000e+05,2.104155781250000000e+05,2.039989531250000000e+05,1.966253593750000000e+05,1.917036093750000000e+05,1.857356562500000000e+05,1.787123750000000000e+05,1.705323593750000000e+05,1.610377812500000000e+05,1.503289531250000000e+05,1.388362656250000000e+05,1.263228281250000000e+05,1.111843046875000000e+05,9.379071875000000000e+04,7.962709375000000000e+04,6.899534375000000000e+04,4.497547656250000000e+04
2.828366875000000000e+05,2.828234062500000000e+05,2.828087812500000000e+05,2.828295625000000000e+05,2.829216875000000000e+05,2.831205312500000000e+05,2.834613125000000000e+05,2.839799687500000000e+05,2.847170625000000000e+05,2.857167187500000000e+05,2.874268125000000000e+05,2.901274375000000000e+05,2.932745625000000000e+05,2.968663125000000000e+05,3.009017812500000000e+05,3.053750937500000000e+05,3.102725312500000000e+05,3.155797812500000000e+05,3.212817500000000000e+05,3.273620000000000000e+05,3.338034687500000000e+05,3.405939062500000000e+05,3.513773125000000000e+05,3.629416562500000000e+05,3.750120937500000000e+05,3.875692187500000000e+05,4.006067500000000000e+05,4.141406875000000000e+05,4.281249687500000000e+05,4.485010937500000000e+05,4.880564375000000000e+05,5.286980625000000000e+05,5.703504375000000000e+05,6.094731875000000000e+05,6.365553750000000000e+05,6.463666250000000000e+05,6.790729375000000000e+05,6.904094375000000000e+05,5.614141875000000000e+05,2.512388750000000000e+05,3.939107031250000000e+04
8.613346875000000000e+05,8.637847500000000000e+05,8.704518125000000000e+05,8.801899375000000000e+05,8.917785000000000000e+05,9.040160625000000000e+05,9.193296875000000000e+05,9.338500000000000000e+05,9.466403750000000000e+05,9.601195000000000000e+05,9.789712500000000000e+05,9.965622500000000000e+05,1.012885187500000000e+06,1.036761937500000000e+06,1.063330000000000000e+06,1.086498750000000000e+06,1.106166250000000000e+06,1.125091875000000000e+06,1.156682250000000000e+06,1.181947875000000000e+06,1.200592750000000000e+06,1.212278500000000000e+06,1.216644500000000000e+06,1.213283250000000000e+06,1.230637000000000000e+06,1.263980625000000000e+06,1.283179375000000000e+06,1.287182000000000000e+06,1.274941375000000000e+06,1.245325750000000000e+06,1.197374250000000000e+06,1.130540000000000000e+06,1.044889687500000000e+06,9.721015625000000000e+05,8.825614375000000000e+05,7.737630625000000000e+05,6.476470000000000000e+05,5.059850937500000000e+05,3.449968437500000000e+05,1.758531718750000000e+05,5.555388281250000000e+04
3.057260000000000000e+06,3.060188750000000000e+06,3.067896250000000000e+06,3.089502750000000000e+06,3.120175750000000000e+06,3.153207750000000000e+06,3.185720500000000000e+06,3.215094250000000000e+06,3.240822750000000000e+06,3.263670500000000000e+06,3.284459750000000000e+06,3.303952250000000000e+06,3.322086750000000000e+06,3.338428000000000000e+06,3.352614000000000000e+06,3.439027500000000000e+06,3.562518750000000000e+06,3.680054250000000000e+06,3.790862500000000000e+06,3.893799250000000000e+06,3.987576250000000000e+06,4.070558750000000000e+06,4.140735000000000000e+06,4.195803000000000000e+06,4.232663000000000000e+06,4.247816500000000000e+06,4.237241500000000000e+06,4.236900000000000000e+06,4.251456500000000000e+06,4.232170000000000000e+06,4.170170250000000000e+06,4.056372250000000000e+06,3.881773500000000000e+06,3.634297500000000000e+06,3.298666000000000000e+06,2.871260250000000000e+06,2.372635000000000000e+06,1.811898250000000000e+06,1.153023500000000000e+06,4.843340312500000000e+05,1.036957500000000000e+05
1.379304625000000000e+06,1.380376375000000000e+06,1.383519000000000000e+06,1.388616625000000000e+06,1.395547875000000000e+06,1.404188875000000000e+06,1.418685750000000000e+06,1.436655625000000000e+06,1.456568500000000000e+06,1.478214250000000000e+06,1.501393250000000000e+06,1.525901875000000000e+06,1.551405500000000000e+06,1.577493750000000000e+06,1.603744875000000000e+06,1.629672875000000000e+06,1.665011750000000000e+06,1.706893250000000000e+06,1.746457250000000000e+06,1.782767625000000000e+06,1.814813750000000000e+06,1.841437875000000000e+06,1.861341375000000000e+06,1.873133750000000000e+06,1.875181125000000000e+06,1.925292125000000000e+06,1.980264500000000000e+06,2.015665500000000000e+06,2.027710000000000000e+06,2.011941250000000000e+06,1.963887500000000000e+06,1.880189125000000000e+06,1.758922750000000000e+06,1.614168625000000000e+06,1.463270125000000000e+06,1.266632125000000000e+06,1.039104062500000000e+06,7.815430625000000000e+05,4.499124062500000000e+05,1.122964140625000000e+05,1.292383300781250000e+03
5.300373750000000000e+05,5.300427500000000000e+05,5.299313125000000000e+05,5.294950625000000000e+05,5.285097500000000000e+05,5.281798125000000000e+05,5.381024375000000000e+05,5.476316250000000000e+05,5.560851250000000000e+05,5.628245000000000000e+05,5.672654375000000000e+05,5.689215625000000000e+05,5.676183750000000000e+05,5.633598125000000000e+05,5.562051250000000000e+05,5.463317500000000000e+05,5.340358750000000000e+05,5.196303750000000000e+05,5.034336875000000000e+05,4.857585937500000000e+05,4.670916562500000000e+05,4.529417812500000000e+05,4.378637500000000000e+05,4.219947812500000000e+05,4.054055625000000000e+05,3.881425312500000000e+05,3.702125937500000000e+05,3.515705937500000000e+05,3.321679687500000000e+05,3.119514062500000000e+05,2.908643750000000000e+05,2.687686875000000000e+05,2.455002968750000000e+05,2.211512343750000000e+05,1.960928281250000000e+05,1.701861250000000000e+05,1.424494531250000000e+05,1.135956718750000000e+05,8.757646093750000000e+04,6.443762500000000000e+04,3.654550781250000000e+04
3.181805500000000000e+06,3.183019250000000000e+06,3.185600000000000000e+06,3.187746250000000000e+06,3.187468500000000000e+06,3.182701250000000000e+06,3.171407000000000000e+06,3.151715750000000000e+06,3.122448000000000000e+06,3.093647750000000000e+06,3.059571750000000000e+06,3.013547000000000000e+06,2.956838250000000000e+06,2.891408250000000000e+06,2.819285000000000000e+06,2.745259250000000000e+06,2.685494250000000000e+06,2.622605000000000000e+06,2.558434500000000000e+06,2.494258000000000000e+06,2.431134250000000000e+06,2.369449500000000000e+06,2.309015250000000000e+06,2.256089250000000000e+06,2.224354000000000000e+06,2.189168500000000000e+06,2.148706500000000000e+06,2.100553000000000000e+06,2.042035250000000000e+06,1.969684250000000000e+06,1.924303625000000000e+06,1.922928625000000000e+06,1.881887250000000000e+06,1.793107625000000000e+06,1.646394625000000000e+06,1.438837625000000000e+06,1.240035375000000000e+06,1.010598687500000000e+06,6.911808750000000000e+05,2.980057187500000000e+05,5.126044921875000000e+04
4.813290000000000000e+06,4.809528000000000000e+06,4.798270000000000000e+06,4.779267500000000000e+06,4.752043000000000000e+06,4.716065500000000000e+06,4.677975000000000000e+06,4.674525000000000000e+06,4.662387000000000000e+06,4.641191500000000000e+06,4.611275000000000000e+06,4.573495500000000000e+06,4.527788500000000000e+06,4.473586000000000000e+06,4.410476500000000000e+06,4.510726000000000000e+06,4.584056000000000000e+06,4.627419000000000000e+06,4.640619000000000000e+06,4.623909500000000000e+06,4.577439000000000000e+06,4.501615500000000000e+06,4.397113000000000000e+06,4.264620500000000000e+06,4.105041500000000000e+06,3.919436250000000000e+06,3.709045250000000000e+06,3.521019000000000000e+06,3.331040250000000000e+06,3.119618500000000000e+06,2.886922000000000000e+06,2.633445250000000000e+06,2.360227250000000000e+06,2.068665250000000000e+06,1.760373875000000000e+06,1.439464375000000000e+06,1.116274125000000000e+06,8.011381250000000000e+05,4.922395625000000000e+05,2.129711718750000000e+05,5.150405859375000000e+04
6.891449500000000000e+06,6.897310500000000000e+06,6.913534000000000000e+06,6.938052500000000000e+06,6.968767000000000000e+06,7.003559500000000000e+06,7.040299500000000000e+06,7.076956500000000000e+06,7.112525500000000000e+06,7.146607500000000000e+06,7.199097000000000000e+06,7.273201500000000000e+06,7.345306500000000000e+06,7.413691500000000000e+06,7.476583500000000000e+06,7.532094000000000000e+06,7.578171500000000000e+06,7.612664500000000000e+06,7.633012500000000000e+06,7.636094500000000000e+06,7.618658500000000000e+06,7.577028000000000000e+06,7.507175500000000000e+06,7.512781000000000000e+06,7.625844500000000000e+06,7.686983000000000000e+06,7.686989000000000000e+06,7.616349000000000000e+06,7.465735500000000000e+06,7.225765000000000000e+06,6.888313000000000000e+06,6.448859000000000000e+06,5.907337000000000000e+06,5.384686500000000000e+06,4.811210500000000000e+06,4.130986000000000000e+06,3.371216500000000000e+06,2.544505000000000000e+06,1.599191375000000000e+06,6.423507500000000000e+05,1.133653671875000000e+05
1.152945125000000000e+06,1.151955625000000000e+06,1.148578125000000000e+06,1.142115000000000000e+06,1.131811750000000000e+06,1.116922750000000000e+06,1.096771500000000000e+06,1.070869125000000000e+06,1.039548062500000000e+06,1.003735312500000000e+06,9.665373125000000000e+05,9.261961875000000000e+05,8.834168750000000000e+05,8.388556250000000000e+05,7.931916250000000000e+05,7.470724375000000000e+05,7.038455000000000000e+05,6.617452500000000000e+05,6.201371250000000000e+05,5.793105625000000000e+05,5.395148125000000000e+05,5.008902812500000000e+05,4.675652812500000000e+05,4.352607812500000000e+05,4.033704062500000000e+05,3.719004375000000000e+05,3.408450000000000000e+05,3.132620625000000000e+05,2.879888437500000000e+05,2.618420156250000000e+05,2.349543906250000000e+05,2.075319062500000000e+05,1.889133125000000000e+05,1.721429062500000000e+05,1.511932031250000000e+05,1.268571093750000000e+05,1.012201875000000000e+05,8.041565625000000000e+04,5.789350781250000000e+04,3.337810156250000000e+04,1.376082031250000000e+04
6.001964000000000000e+06,6.011484000000000000e+06,6.035796000000000000e+06,6.068080000000000000e+06,6.101173000000000000e+06,6.127862500000000000e+06,6.141160500000000000e+06,6.150209500000000000e+06,6.178603500000000000e+06,6.187929000000000000e+06,6.181015000000000000e+06,6.160664000000000000e+06,6.127618500000000000e+06,6.111855500000000000e+06,6.150960500000000000e+06,6.170586500000000000e+06,6.173037000000000000e+06,6.160901000000000000e+06,6.136431000000000000e+06,6.101182000000000000e+06,6.332770500000000000e+06,6.559544000000000000e+06,6.752594000000000000e+06,6.912532000000000000e+06,7.037999000000000000e+06,7.126393500000000000e+06,7.173337500000000000e+06,7.172264000000000000e+06,7.115156500000000000e+06,7.156331000000000000e+06,7.154885500000000000e+06,7.072999500000000000e+06,6.888901500000000000e+06,6.569007000000000000e+06,6.065703500000000000e+06,5.357987500000000000e+06,4.486473500000000000e+06,3.451962750000000000e+06,2.116201000000000000e+06,7.166441875000000000e+05,7.343746875000000000e+04
1.993745750000000000e+06,1.997822000000000000e+06,2.008272000000000000e+06,2.022175250000000000e+06,2.046563375000000000e+06,2.071573000000000000e+06,2.091146375000000000e+06,2.101673250000000000e+06,2.111241000000000000e+06,2.126207750000000000e+06,2.125265500000000000e+06,2.107997750000000000e+06,2.075871500000000000e+06,2.064563875000000000e+06,2.039425750000000000e+06,2.000775500000000000e+06,1.952251750000000000e+06,1.897229125000000000e+06,1.838485000000000000e+06,1.778078750000000000e+06,1.754727250000000000e+06,1.751989000000000000e+06,1.744122875000000000e+06,1.732509625000000000e+06,1.717381000000000000e+06,1.698446000000000000e+06,1.674848250000000000e+06,1.645057750000000000e+06,1.607273375000000000e+06,1.559063375000000000e+06,1.497847750000000000e+06,1.441915125000000000e+06,1.387791500000000000e+06,1.314532625000000000e+06,1.216348625000000000e+06,1.088919500000000000e+06,9.321086250000000000e+05,7.449975625000000000e+05,5.178966562500000000e+05,2.669098125000000000e+05,8.301311718750000000e+04
9.876604375000000000e+05,9.876818125000000000e+05,9.877207500000000000e+05,9.876784375000000000e+05,9.876045000000000000e+05,9.890477500000000000e+05,9.901452500000000000e+05,9.907313750000000000e+05,9.910736250000000000e+05,9.917268125000000000e+05,9.941122500000000000e+05,1.000877250000000000e+06,1.009415375000000000e+06,1.019781750000000000e+06,1.032093812500000000e+06,1.052286500000000000e+06,1.076117000000000000e+06,1.101484875000000000e+06,1.128199000000000000e+06,1.162049500000000000e+06,1.204711250000000000e+06,1.246966875000000000e+06,1.288161875000000000e+06,1.327501625000000000e+06,1.384449375000000000e+06,1.442841750000000000e+06,1.494498250000000000e+06,1.537249875000000000e+06,1.568483875000000000e+06,1.637718750000000000e+06,1.737941000000000000e+06,1.805776750000000000e+06,1.833217625000000000e+06,1.807244625000000000e+06,1.708208250000000000e+06,1.575264500000000000e+06,1.413938875000000000e+06,1.177201625000000000e+06,7.647745000000000000e+05,2.474508593750000000e+05,1.617181347656250000e+04
4.520291000000000000e+06,4.531005000000000000e+06,4.558934500000000000e+06,4.619341000000000000e+06,4.694835500000000000e+06,4.770782500000000000e+06,4.837882500000000000e+06,4.887917500000000000e+06,4.920039500000000000e+06,4.937737000000000000e+06,4.977597000000000000e+06,5.042146000000000000e+06,5.097471500000000000e+06,5.142319500000000000e+06,5.175849000000000000e+06,5.198657500000000000e+06,5.212928000000000000e+06,5.220963500000000000e+06,5.401979000000000000e+06,5.606625000000000000e+06,5.797510500000000000e+06,5.976776000000000000e+06,6.146294000000000000e+06,6.307452500000000000e+06,6.459755500000000000e+06,6.601709500000000000e+06,6.730081000000000000e+06,6.839259000000000000e+06,6.921491500000000000e+06,7.109790000000000000e+06,7.278381000000000000e+06,7.394017500000000000e+06,7.431913000000000000e+06,7.338455500000000000e+06,7.021510500000000000e+06,6.431227500000000000e+06,5.624684500000000000e+06,4.541317500000000000e+06,2.796739500000000000e+06,8.141515000000000000e+05,3.924498437500000000e+04
9.157993000000000000e+06,9.134773000000000000e+06,9.066555000000000000e+06,8.955056000000000000e+06,8.801738000000000000e+06,8.608186000000000000e+06,8.376420000000000000e+06,8.113150000000000000e+06,8.058690000000000000e+06,7.974178000000000000e+06,7.865709000000000000e+06,7.740897500000000000e+06,7.605264500000000000e+06,7.463712000000000000e+06,7.322158500000000000e+06,7.186291000000000000e+06,7.060661500000000000e+06,6.949627000000000000e+06,6.856321000000000000e+06,6.786964500000000000e+06,6.857100000000000000e+06,6.954349000000000000e+06,7.077965500000000000e+06,7.227117000000000000e+06,7.400703000000000000e+06,7.597499500000000000e+06,7.816800500000000000e+06,8.058743500000000000e+06,8.322150000000000000e+06,8.598772000000000000e+06,8.878013000000000000e+06,9.157884000000000000e+06,9.441636000000000000e+06,9.661242000000000000e+06,9.643901000000000000e+06,9.316349000000000000e+06,8.861907000000000000e+06,8.004897000000000000e+06,5.205104500000000000e+06,1.285351125000000000e+06,9.759163085937500000e+03
1.140972031250000000e+05,1.143889296875000000e+05,1.151511328125000000e+05,1.162058046875000000e+05,1.173678984375000000e+05,1.184507343750000000e+05,1.192714296875000000e+05,1.239342656250000000e+05,1.288734218750000000e+05,1.330303437500000000e+05,1.363056406250000000e+05,1.386246250000000000e+05,1.399683437500000000e+05,1.403539531250000000e+05,1.398166718750000000e+05,1.384442031250000000e+05,1.363796406250000000e+05,1.340090468750000000e+05,1.329862812500000000e+05,1.315976093750000000e+05,1.299329062500000000e+05,1.280691171875000000e+05,1.260691250000000000e+05,1.239943750000000000e+05,1.218823359375000000e+05,1.197624765625000000e+05,1.176478906250000000e+05,1.155279140625000000e+05,1.133981406250000000e+05,1.112916718750000000e+05,1.092409921875000000e+05,1.071205781250000000e+05,1.047003671875000000e+05,1.021967968750000000e+05,1.004356406250000000e+05,9.903578906250000000e+04,9.479439843750000000e+04,8.789475000000000000e+04,8.984092187500000000e+04,1.037948281250000000e+05,8.319646093750000000e+04
1.155463750000000000e+06,1.154727250000000000e+06,1.152274500000000000e+06,1.148051875000000000e+06,1.142891625000000000e+06,1.134700375000000000e+06,1.122755625000000000e+06,1.106442250000000000e+06,1.085566000000000000e+06,1.060943250000000000e+06,1.035110937500000000e+06,1.005255437500000000e+06,9.720572500000000000e+05,9.363105625000000000e+05,8.998548125000000000e+05,8.664745625000000000e+05,8.319723125000000000e+05,7.970502500000000000e+05,7.622354375000000000e+05,7.278231250000000000e+05,6.966019375000000000e+05,6.692340625000000000e+05,6.416041875000000000e+05,6.136556250000000000e+05,5.851998750000000000e+05,5.559992500000000000e+05,5.287366250000000000e+05,5.054061250000000000e+05,4.792614375000000000e+05,4.500917187500000000e+05,4.177438125000000000e+05,3.821718750000000000e+05,3.660630937500000000e+05,3.444504062500000000e+05,3.139012187500000000e+05,2.747727500000000000e+05,2.287134687500000000e+05,1.897572968750000000e+05,1.476666093750000000e+05,1.014236015625000000e+05,4.939547265625000000e+04
3.647044750000000000e+06,3.647452500000000000e+06,3.652191250000000000e+06,3.655680500000000000e+06,3.653991250000000000e+06,3.643195250000000000e+06,3.619595750000000000e+06,3.580227500000000000e+06,3.525774000000000000e+06,3.465370750000000000e+06,3.421244250000000000e+06,3.368573500000000000e+06,3.308480250000000000e+06,3.241624000000000000e+06,3.169071500000000000e+06,3.124342750000000000e+06,3.093878750000000000e+06,3.056159000000000000e+06,3.012711750000000000e+06,2.964464000000000000e+06,2.912244500000000000e+06,2.957276750000000000e+06,3.043372500000000000e+06,3.108708750000000000e+06,3.152972000000000000e+06,3.175245500000000000e+06,3.173966250000000000e+06,3.146873250000000000e+06,3.091304750000000000e+06,3.047374500000000000e+06,3.013263750000000000e+06,2.943371750000000000e+06,2.829982250000000000e+06,2.663512500000000000e+06,2.432555750000000000e+06,2.133152000000000000e+06,1.777093125000000000e+06,1.370716500000000000e+06,8.930994375000000000e+05,4.020840625000000000e+05,1.007084375000000000e+05
9.414611250000000000e+05,9.422965625000000000e+05,9.445158750000000000e+05,9.476793750000000000e+05,9.513397500000000000e+05,9.550473750000000000e+05,9.583556875000000000e+05,9.608643750000000000e+05,9.625871250000000000e+05,9.637832500000000000e+05,9.647155625000000000e+05,9.656294375000000000e+05,9.666270625000000000e+05,9.839505000000000000e+05,1.005917937500000000e+06,1.028455312500000000e+06,1.051665625000000000e+06,1.075672750000000000e+06,1.100576375000000000e+06,1.126431250000000000e+06,1.153296375000000000e+06,1.181222375000000000e+06,1.210248500000000000e+06,1.240393375000000000e+06,1.271543250000000000e+06,1.303520000000000000e+06,1.336035750000000000e+06,1.368645750000000000e+06,1.409257375000000000e+06,1.469691375000000000e+06,1.531029375000000000e+06,1.591050875000000000e+06,1.647077375000000000e+06,1.686947250000000000e+06,1.684323875000000000e+06,1.622833000000000000e+06,1.516116375000000000e+06,1.327911875000000000e+06,8.791509375000000000e+05,2.684850312500000000e+05,1.508255273437500000e+04
2.532667500000000000e+06,2.546997750000000000e+06,2.586473000000000000e+06,2.645595250000000000e+06,2.722384250000000000e+06,2.816357500000000000e+06,2.913139000000000000e+06,3.008657750000000000e+06,3.111930000000000000e+06,3.203863000000000000e+06,3.292281750000000000e+06,3.389385500000000000e+06,3.465488000000000000e+06,3.533037250000000000e+06,3.619072750000000000e+06,3.674656750000000000e+06,3.701763750000000000e+06,3.729071000000000000e+06,3.774756000000000000e+06,3.787316000000000000e+06,3.769794500000000000e+06,3.724792750000000000e+06,3.654479750000000000e+06,3.612098500000000000e+06,3.657111500000000000e+06,3.658016000000000000e+06,3.616145000000000000e+06,3.532062250000000000e+06,3.406270000000000000e+06,3.238902500000000000e+06,3.030526000000000000e+06,2.782977250000000000e+06,2.540583500000000000e+06,2.301168750000000000e+06,2.024898500000000000e+06,1.713085375000000000e+06,1.377403500000000000e+06,1.025997000000000000e+06,6.463156250000000000e+05,2.756907812500000000e+05,6.117978906250000000e+04
4.802345000000000000e+06,4.772022000000000000e+06,4.686677500000000000e+06,4.554258500000000000e+06,4.382529500000000000e+06,4.179556000000000000e+06,3.953995750000000000e+06,3.715190000000000000e+06,3.473123750000000000e+06,3.237891000000000000e+06,3.019309750000000000e+06,2.871707250000000000e+06,2.820428500000000000e+06,2.775225250000000000e+06,2.736243250000000000e+06,2.702834750000000000e+06,2.672967000000000000e+06,2.643852000000000000e+06,2.612532000000000000e+06,2.576151500000000000e+06,2.531530000000000000e+06,2.490350000000000000e+06,2.469797000000000000e+06,2.435375750000000000e+06,2.385358000000000000e+06,2.318548750000000000e+06,2.234250750000000000e+06,2.132390500000000000e+06,2.013220625000000000e+06,1.877267500000000000e+06,1.725436750000000000e+06,1.559330250000000000e+06,1.381211375000000000e+06,1.193004625000000000e+06,9.963048750000000000e+05,7.961722500000000000e+05,6.033032500000000000e+05,4.232267812500000000e+05,2.494992968750000000e+05,1.005379765625000000e+05,2.449076953125000000e+04
2.766080750000000000e+06,2.760120000000000000e+06,2.742672250000000000e+06,2.714215000000000000e+06,2.675145500000000000e+06,2.625945500000000000e+06,2.572971500000000000e+06,2.522934000000000000e+06,2.466308250000000000e+06,2.406679000000000000e+06,2.347755750000000000e+06,2.293100750000000000e+06,2.244388750000000000e+06,2.202394250000000000e+06,2.183126000000000000e+06,2.182213000000000000e+06,2.187414500000000000e+06,2.198995250000000000e+06,2.216917500000000000e+06,2.240704000000000000e+06,2.269737500000000000e+06,2.303311250000000000e+06,2.340621500000000000e+06,2.472992750000000000e+06,2.610741000000000000e+06,2.750135750000000000e+06,2.889588000000000000e+06,3.026670500000000000e+06,3.157832500000000000e+06,3.276156500000000000e+06,3.372864750000000000e+06,3.438037500000000000e+06,3.517506250000000000e+06,3.599262500000000000e+06,3.589317000000000000e+06,3.450986250000000000e+06,3.192766750000000000e+06,2.750900750000000000e+06,1.843418875000000000e+06,6.173891875000000000e+05,4.433220312500000000e+04
5.653489000000000000e+06,5.658913500000000000e+06,5.668953500000000000e+06,5.673314000000000000e+06,5.661288500000000000e+06,5.622713500000000000e+06,5.548768500000000000e+06,5.457041500000000000e+06,5.354921000000000000e+06,5.220536500000000000e+06,5.065457500000000000e+06,4.900288000000000000e+06,4.730431500000000000e+06,4.597938500000000000e+06,4.493562000000000000e+06,4.385172500000000000e+06,4.277958000000000000e+06,4.176734000000000000e+06,4.084932250000000000e+06,4.004180750000000000e+06,4.019484750000000000e+06,4.126440500000000000e+06,4.232456000000000000e+06,4.339750000000000000e+06,4.448594500000000000e+06,4.558044500000000000e+06,4.665648000000000000e+06,4.767092500000000000e+06,4.856163500000000000e+06,4.921306500000000000e+06,5.008155000000000000e+06,5.125505000000000000e+06,5.196771000000000000e+06,5.180309000000000000e+06,5.001027500000000000e+06,4.617590000000000000e+06,4.078120250000000000e+06,3.324785250000000000e+06,2.010000625000000000e+06,5.008660000000000000e+05,5.744306640625000000e+03
4.511611500000000000e+06,4.500444500000000000e+06,4.468240000000000000e+06,4.422843500000000000e+06,4.370057000000000000e+06,4.303380000000000000e+06,4.223631000000000000e+06,4.132255750000000000e+06,4.033547250000000000e+06,3.933344000000000000e+06,3.837437750000000000e+06,3.751193750000000000e+06,3.676860750000000000e+06,3.615242750000000000e+06,3.591438250000000000e+06,3.595331000000000000e+06,3.611341500000000000e+06,3.639306500000000000e+06,3.678708750000000000e+06,3.728448750000000000e+06,3.787294250000000000e+06,3.854095000000000000e+06,3.927752500000000000e+06,4.128131250000000000e+06,4.380793000000000000e+06,4.640571500000000000e+06,4.907161000000000000e+06,5.180706000000000000e+06,5.460424000000000000e+06,5.741195500000000000e+06,6.015980000000000000e+06,6.282158000000000000e+06,6.649860000000000000e+06,7.111750500000000000e+06,7.479113500000000000e+06,7.682738000000000000e+06,7.803796000000000000e+06,7.580748000000000000e+06,5.600825500000000000e+06,1.918720250000000000e+06,1.123623046875000000e+05
3.452426500000000000e+06,3.447203250000000000e+06,3.431086500000000000e+06,3.403093500000000000e+06,3.363314500000000000e+06,3.316602750000000000e+06,3.255666250000000000e+06,3.180766500000000000e+06,3.096665250000000000e+06,3.010397500000000000e+06,2.928742750000000000e+06,2.861449500000000000e+06,2.817348500000000000e+06,2.785235750000000000e+06,2.765459500000000000e+06,2.758027250000000000e+06,2.762306250000000000e+06,2.782242250000000000e+06,2.833929500000000000e+06,2.893407750000000000e+06,2.959001250000000000e+06,3.028879250000000000e+06,3.101022750000000000e+06,3.187610750000000000e+06,3.309901250000000000e+06,3.425711250000000000e+06,3.530777250000000000e+06,3.619835750000000000e+06,3.686532000000000000e+06,3.806491500000000000e+06,4.035473750000000000e+06,4.197743000000000000e+06,4.272957500000000000e+06,4.228477500000000000e+06,4.015166000000000000e+06,3.699187500000000000e+06,3.339880500000000000e+06,2.797664000000000000e+06,1.830576625000000000e+06,5.877793125000000000e+05,2.981881835937500000e+04
7.101268750000000000e+05,7.072330625000000000e+05,6.987993750000000000e+05,6.851979375000000000e+05,6.668247500000000000e+05,6.441243125000000000e+05,6.176056875000000000e+05,5.878947500000000000e+05,5.561395000000000000e+05,5.237103750000000000e+05,4.918657500000000000e+05,4.648466562500000000e+05,4.397769375000000000e+05,4.169376250000000000e+05,3.966358125000000000e+05,3.790361562500000000e+05,3.641235937500000000e+05,3.518836875000000000e+05,3.422144062500000000e+05,3.348818750000000000e+05,3.296605625000000000e+05,3.262907500000000000e+05,3.246649687500000000e+05,3.356418125000000000e+05,3.475588750000000000e+05,3.601140625000000000e+05,3.729077187500000000e+05,3.854200937500000000e+05,3.970039062500000000e+05,4.067588125000000000e+05,4.136171875000000000e+05,4.163013437500000000e+05,4.149922187500000000e+05,4.180748750000000000e+05,4.131231250000000000e+05,3.970333125000000000e+05,3.673901562500000000e+05,3.201409375000000000e+05,2.459154531250000000e+05,1.457729375000000000e+05,5.643956250000000000e+04
1.170178906250000000e+05,1.169893046875000000e+05,1.168881875000000000e+05,1.166898671875000000e+05,1.163684375000000000e+05,1.158978515625000000e+05,1.152529687500000000e+05,1.144136171875000000e+05,1.133955156250000000e+05,1.122355859375000000e+05,1.109714296875000000e+05,1.108332968750000000e+05,1.114425468750000000e+05,1.120226015625000000e+05,1.125922421875000000e+05,1.131771328125000000e+05,1.138100234375000000e+05,1.145257187500000000e+05,1.153549687500000000e+05,1.163214609375000000e+05,1.174493125000000000e+05,1.187582031250000000e+05,1.202636953125000000e+05,1.219798046875000000e+05,1.239077500000000000e+05,1.260439296875000000e+05,1.283850156250000000e+05,1.309283984375000000e+05,1.344089843750000000e+05,1.400234375000000000e+05,1.460912656250000000e+05,1.526157343750000000e+05,1.596669218750000000e+05,1.661777656250000000e+05,1.692782187500000000e+05,1.674634843750000000e+05,1.634147343750000000e+05,1.521488593750000000e+05,1.049395781250000000e+05,3.094394335937500000e+04,1.796770141601562500e+03
1.876030750000000000e+06,1.868672625000000000e+06,1.847475375000000000e+06,1.813670000000000000e+06,1.768455125000000000e+06,1.719203125000000000e+06,1.661188125000000000e+06,1.595467375000000000e+06,1.524041375000000000e+06,1.449487000000000000e+06,1.374453625000000000e+06,1.304304375000000000e+06,1.247020750000000000e+06,1.192614500000000000e+06,1.142275750000000000e+06,1.096811125000000000e+06,1.056454375000000000e+06,1.031140312500000000e+06,1.016379500000000000e+06,1.004395062500000000e+06,9.948833125000000000e+05,9.873008750000000000e+05,9.808643750000000000e+05,9.746624375000000000e+05,1.015341125000000000e+06,1.050693750000000000e+06,1.079316125000000000e+06,1.099695250000000000e+06,1.110077625000000000e+06,1.108495625000000000e+06,1.092890125000000000e+06,1.061201875000000000e+06,1.027451437500000000e+06,9.916957500000000000e+05,9.360101250000000000e+05,8.567872500000000000e+05,7.508441875000000000e+05,6.170818125000000000e+05,4.560391875000000000e+05,2.741472500000000000e+05,1.090932968750000000e+05
4.228410625000000000e+05,4.237844687500000000e+05,4.263436562500000000e+05,4.300968125000000000e+05,4.346089687500000000e+05,4.404017187500000000e+05,4.473607500000000000e+05,4.538415625000000000e+05,4.597379375000000000e+05,4.651840000000000000e+05,4.703269687500000000e+05,4.776337187500000000e+05,4.873957500000000000e+05,4.968063750000000000e+05,5.057569062500000000e+05,5.142147500000000000e+05,5.232021250000000000e+05,5.399068750000000000e+05,5.558825000000000000e+05,5.711790000000000000e+05,5.858491875000000000e+05,5.999590000000000000e+05,6.136480625000000000e+05,6.604878125000000000e+05,7.061173125000000000e+05,7.505444375000000000e+05,7.937090625000000000e+05,8.354583750000000000e+05,8.754095625000000000e+05,9.122947500000000000e+05,9.444028750000000000e+05,9.994613750000000000e+05,1.055239250000000000e+06,1.102661000000000000e+06,1.124537875000000000e+06,1.108328875000000000e+06,1.058938375000000000e+06,9.486432500000000000e+05,6.503001250000000000e+05,2.118920781250000000e+05,1.407155859375000000e+04
1.616195250000000000e+06,1.614200750000000000e+06,1.608283250000000000e+06,1.598271625000000000e+06,1.583789500000000000e+06,1.564428125000000000e+06,1.539889750000000000e+06,1.513521875000000000e+06,1.485117375000000000e+06,1.452762125000000000e+06,1.417916125000000000e+06,1.389654875000000000e+06,1.365089000000000000e+06,1.340788000000000000e+06,1.318084625000000000e+06,1.306737250000000000e+06,1.304389125000000000e+06,1.304061000000000000e+06,1.306419375000000000e+06,1.311763125000000000e+06,1.325501500000000000e+06,1.356918000000000000e+06,1.390041625000000000e+06,1.424958125000000000e+06,1.461515625000000000e+06,1.499388375000000000e+06,1.538051000000000000e+06,1.597975125000000000e+06,1.719700125000000000e+06,1.839827875000000000e+06,1.954071250000000000e+06,2.057314750000000000e+06,2.143508500000000000e+06,2.194199250000000000e+06,2.192982000000000000e+06,2.185999500000000000e+06,2.120571750000000000e+06,1.935176625000000000e+06,1.344375625000000000e+06,4.078168437500000000e+05,9.099015625000000000e+03
3.558328250000000000e+06,3.546137750000000000e+06,3.511745750000000000e+06,3.458237500000000000e+06,3.388572250000000000e+06,3.305715750000000000e+06,3.212739250000000000e+06,3.122087500000000000e+06,3.033150750000000000e+06,2.946001250000000000e+06,2.865432750000000000e+06,2.795939250000000000e+06,2.738597500000000000e+06,2.700743000000000000e+06,2.692357000000000000e+06,2.692674000000000000e+06,2.699823250000000000e+06,2.711760250000000000e+06,2.726086750000000000e+06,2.769173250000000000e+06,2.823043000000000000e+06,2.867398250000000000e+06,2.899003500000000000e+06,2.914463500000000000e+06,2.910634000000000000e+06,2.945389250000000000e+06,3.044324000000000000e+06,3.099778750000000000e+06,3.106875750000000000e+06,3.060996500000000000e+06,2.958390000000000000e+06,2.797773750000000000e+06,2.580554500000000000e+06,2.372433000000000000e+06,2.120286000000000000e+06,1.808097000000000000e+06,1.459512750000000000e+06,1.081955750000000000e+06,6.340912500000000000e+05,1.979739531250000000e+05,1.715778515625000000e+04
4.398208000000000000e+06,4.386224500000000000e+06,4.351122000000000000e+06,4.294836500000000000e+06,4.229998000000000000e+06,4.146308250000000000e+06,4.043683750000000000e+06,3.922533750000000000e+06,3.784955250000000000e+06,3.634384750000000000e+06,3.478296250000000000e+06,3.345728750000000000e+06,3.207773250000000000e+06,3.068538750000000000e+06,2.932143500000000000e+06,2.802025500000000000e+06,2.680597750000000000e+06,2.591705750000000000e+06,2.521682750000000000e+06,2.459558250000000000e+06,2.406125250000000000e+06,2.361268750000000000e+06,2.324082750000000000e+06,2.293334000000000000e+06,2.266930750000000000e+06,2.242383000000000000e+06,2.305256000000000000e+06,2.364235500000000000e+06,2.411296750000000000e+06,2.439804000000000000e+06,2.441943500000000000e+06,2.409778250000000000e+06,2.335642250000000000e+06,2.207138000000000000e+06,2.047486875000000000e+06,1.852308000000000000e+06,1.600474375000000000e+06,1.279673375000000000e+06,7.995543750000000000e+05,2.471531718750000000e+05,1.394370019531250000e+04
3.468788125000000000e+05,3.479229375000000000e+05,3.526481875000000000e+05,3.599089375000000000e+05,3.691946562500000000e+05,3.799803750000000000e+05,3.917224687500000000e+05,4.038720625000000000e+05,4.160198125000000000e+05,4.278408437500000000e+05,4.390063125000000000e+05,4.491890000000000000e+05,4.580878125000000000e+05,4.654208437500000000e+05,4.709206562500000000e+05,4.744106562500000000e+05,4.816025000000000000e+05,4.902516250000000000e+05,4.971323125000000000e+05,5.020445000000000000e+05,5.048157187500000000e+05,5.053249375000000000e+05,5.035081250000000000e+05,4.993372187500000000e+05,4.928033125000000000e+05,4.839238125000000000e+05,4.727077812500000000e+05,4.591375312500000000e+05,4.432262812500000000e+05,4.250601562500000000e+05,4.047355000000000000e+05,3.820597187500000000e+05,3.566967812500000000e+05,3.291614687500000000e+05,3.009524687500000000e+05,2.714789375000000000e+05,2.362175156250000000e+05,1.966105000000000000e+05,1.683631093750000000e+05,1.519313437500000000e+05,9.921517187500000000e+04
4.201030312500000000e+05,4.221628125000000000e+05,4.277077500000000000e+05,4.369584687500000000e+05,4.481096562500000000e+05,4.598171250000000000e+05,4.708916250000000000e+05,4.826568125000000000e+05,4.922934375000000000e+05,4.998128437500000000e+05,5.088363437500000000e+05,5.172726250000000000e+05,5.234962187500000000e+05,5.306088125000000000e+05,5.400258125000000000e+05,5.462423125000000000e+05,5.496738125000000000e+05,5.567961875000000000e+05,5.667433750000000000e+05,5.736944375000000000e+05,5.781276250000000000e+05,5.804442500000000000e+05,5.833583750000000000e+05,6.137290625000000000e+05,6.396925625000000000e+05,6.614493750000000000e+05,6.789463750000000000e+05,6.918033125000000000e+05,6.994275625000000000e+05,7.007085000000000000e+05,6.943208125000000000e+05,6.946653125000000000e+05,6.917226250000000000e+05,6.775866875000000000e+05,6.474090000000000000e+05,5.973876875000000000e+05,5.270461875000000000e+05,4.334536562500000000e+05,3.031806250000000000e+05,1.470594062500000000e+05,4.048552343750000000e+04
4.718385500000000000e+06,4.704480500000000000e+06,4.665320500000000000e+06,4.604197000000000000e+06,4.524068500000000000e+06,4.427977000000000000e+06,4.319356500000000000e+06,4.222260000000000000e+06,4.126279250000000000e+06,4.031288750000000000e+06,3.943641750000000000e+06,3.869779000000000000e+06,3.845204500000000000e+06,3.842093500000000000e+06,3.850123750000000000e+06,3.868752000000000000e+06,3.896201250000000000e+06,3.958290000000000000e+06,4.056056500000000000e+06,4.150483000000000000e+06,4.238516000000000000e+06,4.316941500000000000e+06,4.382446500000000000e+06,4.431313500000000000e+06,4.525533000000000000e+06,4.731167500000000000e+06,4.898038000000000000e+06,5.018405000000000000e+06,5.083590000000000000e+06,5.082914500000000000e+06,5.005268000000000000e+06,4.840750000000000000e+06,4.581770500000000000e+06,4.354047000000000000e+06,4.034254000000000000e+06,3.591260500000000000e+06,3.039173250000000000e+06,2.375115750000000000e+06,1.522475375000000000e+06,5.849892500000000000e+05,8.132086718750000000e+04
1.012769687500000000e+06,1.015698500000000000e+06,1.023150125000000000e+06,1.033618062500000000e+06,1.047092687500000000e+06,1.058764500000000000e+06,1.066182750000000000e+06,1.067271250000000000e+06,1.066395000000000000e+06,1.062988375000000000e+06,1.054688625000000000e+06,1.042551625000000000e+06,1.028847250000000000e+06,1.022151500000000000e+06,1.010359500000000000e+06,9.937963125000000000e+05,9.731033125000000000e+05,9.578213125000000000e+05,9.466797500000000000e+05,9.304900000000000000e+05,9.097926250000000000e+05,8.850688750000000000e+05,8.567221875000000000e+05,8.497432500000000000e+05,8.543933125000000000e+05,8.498451250000000000e+05,8.365560625000000000e+05,8.148887500000000000e+05,7.851865000000000000e+05,7.478303750000000000e+05,7.032286250000000000e+05,6.599257500000000000e+05,6.222997500000000000e+05,5.787626250000000000e+05,5.300931875000000000e+05,4.752991875000000000e+05,4.098125625000000000e+05,3.348940625000000000e+05,2.654611562500000000e+05,2.017831093750000000e+05,1.090469218750000000e+05
9.172583125000000000e+05,9.176510625000000000e+05,9.186965625000000000e+05,9.201879375000000000e+05,9.219078750000000000e+05,9.236294375000000000e+05,9.251173750000000000e+05,9.261332500000000000e+05,9.264792500000000000e+05,9.259842500000000000e+05,9.244803750000000000e+05,9.218021875000000000e+05,9.203265625000000000e+05,9.373412500000000000e+05,9.524416875000000000e+05,9.651507500000000000e+05,9.750321875000000000e+05,9.816622500000000000e+05,9.846560000000000000e+05,9.836786875000000000e+05,9.784187500000000000e+05,9.686185000000000000e+05,9.540725000000000000e+05,9.346141250000000000e+05,9.101471250000000000e+05,8.806275000000000000e+05,8.460588750000000000e+05,8.136954375000000000e+05,7.847676250000000000e+05,7.515395000000000000e+05,7.139411250000000000e+05,6.716291250000000000e+05,6.241257500000000000e+05,5.718599375000000000e+05,5.163449062500000000e+05,4.569572500000000000e+05,3.890855937500000000e+05,3.147003750000000000e+05,2.504297968750000000e+05,1.963366718750000000e+05,1.109333359375000000e+05
3.773551250000000000e+06,3.746832750000000000e+06,3.671957000000000000e+06,3.569351000000000000e+06,3.441439000000000000e+06,3.289677000000000000e+06,3.120275500000000000e+06,2.940054250000000000e+06,2.756190750000000000e+06,2.576219000000000000e+06,2.434360750000000000e+06,2.317869250000000000e+06,2.216010500000000000e+06,2.129978500000000000e+06,2.060717375000000000e+06,2.008163375000000000e+06,1.970922000000000000e+06,1.990328000000000000e+06,2.047418500000000000e+06,2.108437500000000000e+06,2.173321750000000000e+06,2.241926250000000000e+06,2.314164000000000000e+06,2.389683500000000000e+06,2.468150500000000000e+06,2.549132500000000000e+06,2.632006250000000000e+06,2.715969000000000000e+06,2.799523500000000000e+06,2.880658000000000000e+06,3.018214250000000000e+06,3.157501500000000000e+06,3.294126500000000000e+06,3.405434000000000000e+06,3.440682750000000000e+06,3.364314750000000000e+06,3.192773000000000000e+06,2.843642000000000000e+06,1.938947250000000000e+06,6.241516875000000000e+05,3.512385546875000000e+04
8.086915000000000000e+05,8.107783750000000000e+05,8.161824375000000000e+05,8.234815000000000000e+05,8.311440625000000000e+05,8.376171875000000000e+05,8.443632500000000000e+05,8.555153750000000000e+05,8.611991875000000000e+05,8.607340000000000000e+05,8.571235000000000000e+05,8.609360625000000000e+05,8.559015000000000000e+05,8.433641250000000000e+05,8.247446250000000000e+05,8.015944375000000000e+05,7.943636875000000000e+05,7.968751250000000000e+05,7.933341875000000000e+05,7.858974375000000000e+05,7.764686250000000000e+05,7.664161250000000000e+05,7.566555625000000000e+05,7.478971250000000000e+05,7.403588125000000000e+05,7.340529375000000000e+05,7.287415000000000000e+05,7.238659375000000000e+05,7.236730000000000000e+05,7.324416875000000000e+05,7.400135000000000000e+05,7.444835000000000000e+05,7.435720625000000000e+05,7.322490625000000000e+05,7.017698125000000000e+05,6.470263125000000000e+05,5.724671250000000000e+05,4.711033437500000000e+05,3.031147812500000000e+05,1.015991093750000000e+05,1.083008886718750000e+04
2.376342750000000000e+06,2.375949250000000000e+06,2.374752750000000000e+06,2.373405750000000000e+06,2.370590000000000000e+06,2.365690750000000000e+06,2.358056250000000000e+06,2.347025250000000000e+06,2.332120000000000000e+06,2.312991750000000000e+06,2.289324500000000000e+06,2.260848250000000000e+06,2.227360250000000000e+06,2.192906750000000000e+06,2.158686500000000000e+06,2.118632500000000000e+06,2.072691000000000000e+06,2.020875625000000000e+06,1.963240750000000000e+06,1.899857875000000000e+06,1.842352250000000000e+06,1.782656000000000000e+06,1.715737000000000000e+06,1.641726500000000000e+06,1.560760500000000000e+06,1.473031625000000000e+06,1.393006500000000000e+06,1.312871875000000000e+06,1.223023500000000000e+06,1.123943375000000000e+06,1.016353937500000000e+06,9.081306875000000000e+05,8.448536250000000000e+05,7.593141250000000000e+05,6.527018750000000000e+05,5.295741875000000000e+05,4.062743437500000000e+05,3.008632187500000000e+05,1.805348281250000000e+05,5.796834765625000000e+04,4.434217285156250000e+03
6.831734375000000000e+04,6.834360937500000000e+04,6.838063281250000000e+04,6.836103906250000000e+04,6.821397656250000000e+04,6.786860156250000000e+04,6.725750781250000000e+04,6.632507031250000000e+04,6.507826953125000000e+04,6.355993359375000000e+04,6.181387890625000000e+04,5.988159375000000000e+04,5.778707421875000000e+04,5.554851953125000000e+04,5.444953906250000000e+04,5.372670703125000000e+04,5.271997656250000000e+04,5.145768359375000000e+04,4.996871875000000000e+04,4.827946484375000000e+04,4.641827343750000000e+04,4.441271093750000000e+04,4.228840234375000000e+04,4.006981640625000000e+04,3.777666015625000000e+04,3.572876562500000000e+04,3.407882421875000000e+04,3.237660351562500000e+04,3.061409765625000000e+04,2.878127929687500000e+04,2.686866406250000000e+04,2.487254296875000000e+04,2.279421093750000000e+04,2.062397070312500000e+04,1.833694140625000000e+04,1.595222949218750000e+04,1.358425195312500000e+04,1.125198828125000000e+04,8.646278320312500000e+03,5.818631835937500000e+03,4.033500244140625000e+03
2.255615156250000000e+05,2.245333125000000000e+05,2.215183281250000000e+05,2.166114062500000000e+05,2.099199062500000000e+05,2.015883750000000000e+05,1.918134843750000000e+05,1.808700937500000000e+05,1.692918281250000000e+05,1.577553593750000000e+05,1.479383281250000000e+05,1.389745781250000000e+05,1.310373671875000000e+05,1.241559687500000000e+05,1.183681484375000000e+05,1.136692500000000000e+05,1.099940468750000000e+05,1.072810312500000000e+05,1.054495078125000000e+05,1.043859765625000000e+05,1.053574296875000000e+05,1.092565312500000000e+05,1.136169062500000000e+05,1.183917500000000000e+05,1.235383281250000000e+05,1.290059843750000000e+05,1.347509062500000000e+05,1.407495625000000000e+05,1.469512656250000000e+05,1.531944375000000000e+05,1.593901875000000000e+05,1.700869062500000000e+05,1.820108750000000000e+05,1.941868437500000000e+05,2.035891406250000000e+05,2.083915937500000000e+05,2.111460781250000000e+05,2.050772343750000000e+05,1.520720937500000000e+05,5.383933984375000000e+04,5.387533203125000000e+03
2.772385250000000000e+06,2.774060750000000000e+06,2.777621250000000000e+06,2.780624000000000000e+06,2.780433250000000000e+06,2.774379000000000000e+06,2.759902000000000000e+06,2.744843250000000000e+06,2.744070000000000000e+06,2.728683250000000000e+06,2.697798250000000000e+06,2.651352250000000000e+06,2.591239750000000000e+06,2.520256000000000000e+06,2.441229250000000000e+06,2.366161750000000000e+06,2.352134750000000000e+06,2.327200500000000000e+06,2.295541000000000000e+06,2.260604500000000000e+06,2.225458250000000000e+06,2.192228000000000000e+06,2.162247750000000000e+06,2.136529000000000000e+06,2.115114500000000000e+06,2.097659000000000000e+06,2.083246125000000000e+06,2.070186750000000000e+06,2.056266500000000000e+06,2.059497375000000000e+06,2.081148500000000000e+06,2.095766000000000000e+06,2.096874625000000000e+06,2.071363625000000000e+06,1.997083625000000000e+06,1.858271000000000000e+06,1.658323750000000000e+06,1.376464000000000000e+06,9.170581250000000000e+05,3.453964375000000000e+05,4.556317187500000000e+04
6.113925500000000000e+06,6.098506500000000000e+06,6.053433000000000000e+06,5.980374000000000000e+06,5.880896000000000000e+06,5.756513000000000000e+06,5.608736000000000000e+06,5.439251000000000000e+06,5.251157000000000000e+06,5.048451500000000000e+06,4.840611000000000000e+06,4.665374000000000000e+06,4.483095000000000000e+06,4.295901500000000000e+06,4.106187000000000000e+06,3.915937750000000000e+06,3.726467500000000000e+06,3.539143000000000000e+06,3.354864750000000000e+06,3.173790750000000000e+06,3.106784000000000000e+06,3.036226000000000000e+06,2.951068250000000000e+06,2.851755500000000000e+06,2.738543250000000000e+06,2.611572500000000000e+06,2.471025500000000000e+06,2.317205500000000000e+06,2.150551250000000000e+06,1.971765625000000000e+06,1.815005000000000000e+06,1.658902000000000000e+06,1.491070125000000000e+06,1.311377875000000000e+06,1.119630250000000000e+06,9.184455000000000000e+05,7.160334375000000000e+05,5.178763125000000000e+05,3.181831250000000000e+05,1.354346875000000000e+05,3.331170703125000000e+04
3.854246875000000000e+04,3.853249609375000000e+04,3.850249218750000000e+04,3.845188281250000000e+04,3.837964453125000000e+04,3.828444921875000000e+04,3.816482812500000000e+04,3.801966406250000000e+04,3.785200000000000000e+04,3.766751953125000000e+04,3.747222656250000000e+04,3.730235546875000000e+04,3.795142968750000000e+04,3.861837500000000000e+04,3.930161718750000000e+04,4.000093750000000000e+04,4.071719531250000000e+04,4.145225390625000000e+04,4.220826562500000000e+04,4.298699609375000000e+04,4.379052343750000000e+04,4.462008203125000000e+04,4.547585156250000000e+04,4.635786718750000000e+04,4.726628125000000000e+04,4.820091015625000000e+04,4.934502343750000000e+04,5.131156250000000000e+04,5.346326953125000000e+04,5.584576562500000000e+04,5.851461718750000000e+04,6.141023437500000000e+04,6.437347265625000000e+04,6.760589062500000000e+04,7.192604687500000000e+04,7.715037500000000000e+04,8.002610937500000000e+04,8.027404687500000000e+04,9.130786718750000000e+04,1.205330312500000000e+05,1.037122968750000000e+05
1.420360500000000000e+06,1.412489000000000000e+06,1.390567500000000000e+06,1.357088625000000000e+06,1.314488375000000000e+06,1.265157000000000000e+06,1.211449875000000000e+06,1.155695500000000000e+06,1.100220625000000000e+06,1.047340375000000000e+06,9.993488750000000000e+05,9.583433750000000000e+05,9.248105625000000000e+05,8.985006875000000000e+05,8.792560000000000000e+05,8.666673750000000000e+05,8.599321250000000000e+05,8.582473750000000000e+05,8.607793750000000000e+05,8.666168125000000000e+05,8.748040000000000000e+05,8.844488125000000000e+05,9.012627500000000000e+05,9.248449375000000000e+05,9.489325000000000000e+05,9.726685000000000000e+05,9.950378750000000000e+05,1.014827375000000000e+06,1.030606812500000000e+06,1.040435062500000000e+06,1.042079375000000000e+06,1.032884875000000000e+06,1.009866812500000000e+06,9.691201875000000000e+05,9.057268750000000000e+05,8.163279375000000000e+05,7.015217500000000000e+05,5.611075625000000000e+05,3.867246250000000000e+05,1.940542343750000000e+05,5.879774218750000000e+04
3.625580625000000000e+05,3.633841562500000000e+05,3.656828750000000000e+05,3.691425937500000000e+05,3.738280312500000000e+05,3.800571250000000000e+05,3.865342812500000000e+05,3.928996562500000000e+05,4.004608750000000000e+05,4.095497187500000000e+05,4.176528750000000000e+05,4.246540312500000000e+05,4.364242812500000000e+05,4.468629375000000000e+05,4.556709062500000000e+05,4.629490937500000000e+05,4.728330937500000000e+05,4.846955937500000000e+05,4.943328437500000000e+05,5.018293125000000000e+05,5.072180937500000000e+05,5.104418125000000000e+05,5.113661562500000000e+05,5.098162500000000000e+05,5.248392500000000000e+05,5.366651875000000000e+05,5.438820625000000000e+05,5.458651250000000000e+05,5.419304375000000000e+05,5.312530625000000000e+05,5.130270625000000000e+05,4.866811562500000000e+05,4.519568437500000000e+05,4.186474062500000000e+05,3.800223750000000000e+05,3.317402187500000000e+05,2.761900937500000000e+05,2.136879375000000000e+05,1.365817187500000000e+05,5.368672265625000000e+04,1.008125488281250000e+04
2.532261562500000000e+05,2.537403906250000000e+05,2.549941406250000000e+05,2.565309218750000000e+05,2.578787812500000000e+05,2.585694218750000000e+05,2.581569687500000000e+05,2.578847656250000000e+05,2.565113281250000000e+05,2.537456875000000000e+05,2.498677812500000000e+05,2.451296093750000000e+05,2.396107031250000000e+05,2.333238437500000000e+05,2.285738125000000000e+05,2.236226875000000000e+05,2.177625156250000000e+05,2.111392968750000000e+05,2.038758125000000000e+05,1.960617187500000000e+05,1.877821718750000000e+05,1.791110000000000000e+05,1.759266718750000000e+05,1.729220781250000000e+05,1.686934687500000000e+05,1.633208125000000000e+05,1.568747812500000000e+05,1.494175937500000000e+05,1.410145156250000000e+05,1.317388125000000000e+05,1.216712812500000000e+05,1.122327578125000000e+05,1.040754453125000000e+05,9.533893750000000000e+04,8.610149218750000000e+04,7.627473437500000000e+04,6.546985937500000000e+04,5.384704687500000000e+04,4.270345703125000000e+04,3.201620507812500000e+04,1.927411523437500000e+04
8.133974000000000000e+06,8.101084000000000000e+06,8.029012000000000000e+06,7.929182500000000000e+06,7.795192000000000000e+06,7.630222500000000000e+06,7.437664500000000000e+06,7.221621000000000000e+06,6.990207000000000000e+06,6.753741000000000000e+06,6.522443000000000000e+06,6.305886500000000000e+06,6.109160000000000000e+06,5.935290000000000000e+06,5.787522000000000000e+06,5.667728000000000000e+06,5.575840500000000000e+06,5.511879500000000000e+06,5.475050500000000000e+06,5.463183500000000000e+06,5.474047000000000000e+06,5.504984000000000000e+06,5.552862500000000000e+06,5.614277000000000000e+06,5.685050000000000000e+06,5.799871000000000000e+06,5.972573000000000000e+06,6.152784500000000000e+06,6.333159000000000000e+06,6.500425000000000000e+06,6.638026000000000000e+06,6.727161500000000000e+06,6.746278500000000000e+06,6.648189500000000000e+06,6.352142000000000000e+06,5.816400500000000000e+06,5.092917500000000000e+06,4.127257250000000000e+06,2.580819500000000000e+06,8.122418125000000000e+05,6.248597265625000000e+04
8.323517187500000000e+04,8.297125781250000000e+04,8.222100000000000000e+04,8.104298437500000000e+04,7.949267968750000000e+04,7.762454687500000000e+04,7.549382031250000000e+04,7.315950000000000000e+04,7.070167968750000000e+04,6.821323437500000000e+04,6.593322656250000000e+04,6.397068750000000000e+04,6.217142578125000000e+04,6.054639843750000000e+04,5.910942578125000000e+04,5.786060156250000000e+04,5.690100781250000000e+04,5.647243750000000000e+04,5.612388281250000000e+04,5.582496875000000000e+04,5.554228125000000000e+04,5.524385546875000000e+04,5.489880078125000000e+04,5.529589062500000000e+04,5.554490234375000000e+04,5.561789062500000000e+04,5.549230859375000000e+04,5.514621875000000000e+04,5.456187890625000000e+04,5.559630468750000000e+04,5.766939453125000000e+04,5.926147265625000000e+04,6.022268359375000000e+04,6.063249609375000000e+04,6.091552343750000000e+04,6.243155859375000000e+04,6.407301171875000000e+04,6.433833593750000000e+04,7.257490625000000000e+04,9.683294531250000000e+04,8.763215625000000000e+04
1.896466250000000000e+06,1.891705500000000000e+06,1.877796500000000000e+06,1.855030875000000000e+06,1.823516500000000000e+06,1.783373750000000000e+06,1.734892500000000000e+06,1.680435875000000000e+06,1.623790250000000000e+06,1.562429750000000000e+06,1.498774375000000000e+06,1.435479000000000000e+06,1.381027000000000000e+06,1.332013375000000000e+06,1.287050750000000000e+06,1.247421500000000000e+06,1.213757125000000000e+06,1.190353750000000000e+06,1.179766625000000000e+06,1.174486000000000000e+06,1.174454125000000000e+06,1.179411750000000000e+06,1.188923875000000000e+06,1.202460375000000000e+06,1.230408750000000000e+06,1.267489500000000000e+06,1.306433500000000000e+06,1.346179250000000000e+06,1.385225875000000000e+06,1.420702875000000000e+06,1.465741125000000000e+06,1.578085750000000000e+06,1.675236375000000000e+06,1.741946875000000000e+06,1.749867500000000000e+06,1.678933875000000000e+06,1.594607875000000000e+06,1.454227750000000000e+06,1.045828562500000000e+06,3.822585937500000000e+05,2.968782617187500000e+04
5.571930500000000000e+06,5.554018500000000000e+06,5.501281000000000000e+06,5.427200500000000000e+06,5.354812000000000000e+06,5.254655000000000000e+06,5.124370500000000000e+06,4.963176000000000000e+06,4.774089000000000000e+06,4.563061500000000000e+06,4.337471000000000000e+06,4.121901500000000000e+06,4.053078250000000000e+06,3.958420250000000000e+06,3.849137250000000000e+06,3.735166250000000000e+06,3.624438500000000000e+06,3.523519750000000000e+06,3.436894500000000000e+06,3.366726500000000000e+06,3.314412500000000000e+06,3.280143500000000000e+06,3.263168250000000000e+06,3.262489500000000000e+06,3.276571250000000000e+06,3.303643750000000000e+06,3.389967750000000000e+06,3.498923500000000000e+06,3.626616250000000000e+06,3.769933500000000000e+06,3.924677500000000000e+06,4.088641500000000000e+06,4.260394500000000000e+06,4.409924000000000000e+06,4.463115500000000000e+06,4.376525000000000000e+06,4.200671500000000000e+06,3.808438000000000000e+06,2.548560000000000000e+06,6.950575625000000000e+05,1.145288574218750000e+04
3.161148000000000000e+06,3.154092000000000000e+06,3.132670250000000000e+06,3.096370500000000000e+06,3.044681250000000000e+06,2.977280250000000000e+06,2.894181750000000000e+06,2.796079500000000000e+06,2.686569250000000000e+06,2.570680750000000000e+06,2.453163000000000000e+06,2.338177250000000000e+06,2.227640250000000000e+06,2.122416500000000000e+06,2.023344375000000000e+06,1.930737875000000000e+06,1.844234500000000000e+06,1.763433000000000000e+06,1.731206875000000000e+06,1.700877375000000000e+06,1.669584500000000000e+06,1.636129375000000000e+06,1.599192625000000000e+06,1.557427500000000000e+06,1.509550750000000000e+06,1.454332375000000000e+06,1.390734500000000000e+06,1.318013000000000000e+06,1.235628500000000000e+06,1.143323750000000000e+06,1.047550312500000000e+06,9.608151875000000000e+05,8.651740625000000000e+05,7.601338125000000000e+05,6.445438750000000000e+05,5.208336562500000000e+05,3.979664375000000000e+05,2.791777187500000000e+05,1.534588437500000000e+05,4.291879687500000000e+04,3.329315429687500000e+03
2.648866250000000000e+06,2.656988000000000000e+06,2.678452500000000000e+06,2.708533500000000000e+06,2.746069500000000000e+06,2.788573500000000000e+06,2.824735000000000000e+06,2.849371500000000000e+06,2.868376500000000000e+06,2.880232000000000000e+06,2.878760750000000000e+06,2.869176250000000000e+06,2.869535750000000000e+06,2.854263000000000000e+06,2.823623500000000000e+06,2.811199250000000000e+06,2.790713500000000000e+06,2.753565500000000000e+06,2.702010250000000000e+06,2.683543000000000000e+06,2.656572500000000000e+06,2.611771500000000000e+06,2.551191250000000000e+06,2.476524750000000000e+06,2.461605000000000000e+06,2.486122000000000000e+06,2.476832750000000000e+06,2.434910000000000000e+06,2.361177250000000000e+06,2.255751500000000000e+06,2.118786000000000000e+06,1.951508250000000000e+06,1.808192000000000000e+06,1.643547500000000000e+06,1.443741625000000000e+06,1.209965000000000000e+06,9.586930625000000000e+05,6.957998125000000000e+05,3.938065625000000000e+05,1.090736640625000000e+05,5.417492187500000000e+03
2.016422500000000000e+06,2.017640250000000000e+06,2.020602625000000000e+06,2.027039375000000000e+06,2.034029375000000000e+06,2.039582000000000000e+06,2.042078875000000000e+06,2.040039625000000000e+06,2.032871375000000000e+06,2.026485375000000000e+06,2.022580125000000000e+06,2.013254125000000000e+06,1.998549375000000000e+06,1.978629750000000000e+06,1.974323000000000000e+06,1.967317875000000000e+06,1.954486750000000000e+06,1.936832750000000000e+06,1.919764500000000000e+06,1.930262500000000000e+06,1.934885875000000000e+06,1.934819250000000000e+06,1.931082375000000000e+06,1.924520875000000000e+06,1.948716375000000000e+06,2.039981625000000000e+06,2.120314250000000000e+06,2.189255500000000000e+06,2.245512750000000000e+06,2.285604500000000000e+06,2.304905000000000000e+06,2.297938250000000000e+06,2.295506500000000000e+06,2.293839250000000000e+06,2.234521500000000000e+06,2.099140750000000000e+06,1.891410500000000000e+06,1.586280000000000000e+06,1.070070500000000000e+06,4.151912187500000000e+05,6.034816015625000000e+04
1.278271796875000000e+05,1.271151406250000000e+05,1.251020625000000000e+05,1.219687343750000000e+05,1.178967578125000000e+05,1.130742578125000000e+05,1.076988203125000000e+05,1.019822109375000000e+05,9.618828125000000000e+04,9.071619531250000000e+04,8.596432031250000000e+04,8.185156250000000000e+04,7.842765625000000000e+04,7.566403906250000000e+04,7.354132812500000000e+04,7.201738281250000000e+04,7.150885937500000000e+04,7.157174218750000000e+04,7.197117968750000000e+04,7.262399218750000000e+04,7.344042187500000000e+04,7.433747656250000000e+04,7.599310937500000000e+04,7.798187500000000000e+04,7.978905468750000000e+04,8.134004687500000000e+04,8.255628125000000000e+04,8.335811718750000000e+04,8.546829687500000000e+04,9.014999218750000000e+04,9.400479687500000000e+04,9.679896093750000000e+04,9.822121875000000000e+04,9.822472656250000000e+04,9.720333593750000000e+04,9.960802343750000000e+04,9.935755468750000000e+04,9.589598437500000000e+04,9.885998437500000000e+04,1.132172421875000000e+05,9.044557812500000000e+04
3.220576000000000000e+06,3.227022250000000000e+06,3.242852750000000000e+06,3.263329500000000000e+06,3.289886500000000000e+06,3.309425000000000000e+06,3.315763000000000000e+06,3.303836500000000000e+06,3.274592250000000000e+06,3.235052500000000000e+06,3.201150500000000000e+06,3.161366250000000000e+06,3.116265750000000000e+06,3.064932000000000000e+06,3.006715250000000000e+06,2.957162000000000000e+06,2.912870500000000000e+06,2.858615750000000000e+06,2.794332000000000000e+06,2.719617000000000000e+06,2.634144000000000000e+06,2.576880500000000000e+06,2.506309000000000000e+06,2.419157750000000000e+06,2.315967500000000000e+06,2.197497500000000000e+06,2.064806375000000000e+06,2.009732125000000000e+06,1.944557000000000000e+06,1.847716750000000000e+06,1.721828375000000000e+06,1.570327875000000000e+06,1.397572750000000000e+06,1.208271375000000000e+06,1.048734250000000000e+06,8.801064375000000000e+05,7.042246875000000000e+05,5.252023750000000000e+05,3.409146875000000000e+05,1.628860781250000000e+05,4.678964843750000000e+04
2.790027250000000000e+06,2.779491750000000000e+06,2.747366250000000000e+06,2.692409750000000000e+06,2.613546250000000000e+06,2.510638250000000000e+06,2.384967250000000000e+06,2.239801000000000000e+06,2.086904625000000000e+06,1.934468125000000000e+06,1.789076000000000000e+06,1.657999625000000000e+06,1.542748875000000000e+06,1.442417000000000000e+06,1.359726625000000000e+06,1.293512625000000000e+06,1.237495875000000000e+06,1.190048000000000000e+06,1.149368250000000000e+06,1.113388750000000000e+06,1.088829250000000000e+06,1.066472625000000000e+06,1.042530937500000000e+06,1.015642187500000000e+06,9.848153750000000000e+05,9.557536250000000000e+05,9.308426250000000000e+05,8.978388125000000000e+05,8.564511250000000000e+05,8.066975000000000000e+05,7.550456250000000000e+05,7.392270000000000000e+05,7.047637500000000000e+05,6.524646875000000000e+05,5.839833125000000000e+05,5.012663125000000000e+05,4.332092812500000000e+05,3.545965937500000000e+05,2.710370937500000000e+05,1.812842187500000000e+05,8.130878906250000000e+04
3.058613671875000000e+04,3.065777539062500000e+04,3.085124609375000000e+04,3.113397656250000000e+04,3.147300585937500000e+04,3.183520312500000000e+04,3.218750585937500000e+04,3.249980273437500000e+04,3.276985156250000000e+04,3.301205468750000000e+04,3.324105859375000000e+04,3.347017968750000000e+04,3.370193750000000000e+04,3.393362890625000000e+04,3.416290625000000000e+04,3.438975781250000000e+04,3.523710156250000000e+04,3.644613671875000000e+04,3.767055859375000000e+04,3.890901171875000000e+04,4.015972265625000000e+04,4.141911328125000000e+04,4.268150781250000000e+04,4.393918750000000000e+04,4.517685937500000000e+04,4.637485546875000000e+04,4.750473046875000000e+04,4.852580078125000000e+04,4.938885937500000000e+04,5.096653515625000000e+04,5.266921484375000000e+04,5.418778125000000000e+04,5.536803515625000000e+04,5.601466796875000000e+04,5.588888671875000000e+04,5.464593750000000000e+04,5.173781250000000000e+04,4.673916796875000000e+04,3.962705078125000000e+04,3.005150976562500000e+04,1.776597460937500000e+04
4.258066250000000000e+05,4.259726875000000000e+05,4.262979687500000000e+05,4.264613125000000000e+05,4.260907500000000000e+05,4.247996562500000000e+05,4.235237812500000000e+05,4.224474375000000000e+05,4.194896875000000000e+05,4.145455937500000000e+05,4.096425625000000000e+05,4.062351875000000000e+05,4.005416250000000000e+05,3.930038750000000000e+05,3.841038437500000000e+05,3.810216250000000000e+05,3.765322500000000000e+05,3.710791250000000000e+05,3.652015625000000000e+05,3.593211250000000000e+05,3.537861250000000000e+05,3.530923437500000000e+05,3.626725625000000000e+05,3.718258437500000000e+05,3.807670937500000000e+05,3.895810000000000000e+05,3.981809687500000000e+05,4.062650312500000000e+05,4.133928437500000000e+05,4.188056562500000000e+05,4.215686250000000000e+05,4.229788750000000000e+05,4.298167500000000000e+05,4.319334687500000000e+05,4.264288437500000000e+05,4.100600625000000000e+05,3.794798750000000000e+05,3.304831250000000000e+05,2.556956093750000000e+05,1.542485156250000000e+05,5.899891406250000000e+04
1.894979062500000000e+05,1.897160625000000000e+05,1.903617812500000000e+05,1.914202968750000000e+05,1.929378750000000000e+05,1.950897031250000000e+05,1.976584687500000000e+05,2.006234531250000000e+05,2.039676250000000000e+05,2.076780156250000000e+05,2.117456875000000000e+05,2.161633593750000000e+05,2.219150781250000000e+05,2.282441875000000000e+05,2.348443593750000000e+05,2.416694062500000000e+05,2.486719531250000000e+05,2.569096718750000000e+05,2.668771562500000000e+05,2.768690000000000000e+05,2.868262500000000000e+05,2.966893750000000000e+05,3.064158437500000000e+05,3.213204687500000000e+05,3.358572500000000000e+05,3.498860312500000000e+05,3.632083125000000000e+05,3.755440000000000000e+05,3.886625937500000000e+05,4.216837500000000000e+05,4.518202500000000000e+05,4.775329687500000000e+05,4.969044375000000000e+05,5.067461875000000000e+05,5.020954687500000000e+05,4.955181250000000000e+05,4.787716562500000000e+05,4.373817187500000000e+05,3.471182187500000000e+05,2.023977031250000000e+05,7.146598437500000000e+04
1.261293281250000000e+05,1.260285625000000000e+05,1.256621171875000000e+05,1.249220234375000000e+05,1.237353437500000000e+05,1.224776875000000000e+05,1.205272187500000000e+05,1.177944296875000000e+05,1.143702265625000000e+05,1.104447109375000000e+05,1.062081562500000000e+05,1.020455156250000000e+05,9.845066406250000000e+04,9.482427343750000000e+04,9.126107812500000000e+04,8.785025000000000000e+04,8.466775000000000000e+04,8.178242968750000000e+04,7.930938281250000000e+04,7.809344531250000000e+04,7.715868750000000000e+04,7.652357031250000000e+04,7.619258593750000000e+04,7.616570312500000000e+04,7.642857031250000000e+04,7.696067187500000000e+04,7.895355468750000000e+04,8.384957031250000000e+04,8.901391406250000000e+04,9.437239843750000000e+04,9.980770312500000000e+04,1.052721640625000000e+05,1.107680859375000000e+05,1.155325468750000000e+05,1.217405312500000000e+05,1.265410078125000000e+05,1.308622187500000000e+05,1.305289062500000000e+05,1.003527968750000000e+05,3.776108984375000000e+04,4.522537109375000000e+03
2.274064500000000000e+06,2.277588250000000000e+06,2.286801000000000000e+06,2.299469250000000000e+06,2.313269000000000000e+06,2.325964250000000000e+06,2.335543000000000000e+06,2.340565500000000000e+06,2.342576250000000000e+06,2.344856750000000000e+06,2.350788000000000000e+06,2.363538750000000000e+06,2.383696250000000000e+06,2.410572000000000000e+06,2.443532750000000000e+06,2.481924750000000000e+06,2.524989250000000000e+06,2.571886250000000000e+06,2.625434750000000000e+06,2.720847500000000000e+06,2.822245250000000000e+06,2.928070500000000000e+06,3.036572250000000000e+06,3.145623750000000000e+06,3.252471250000000000e+06,3.353859250000000000e+06,3.445749000000000000e+06,3.523145000000000000e+06,3.580142250000000000e+06,3.608460500000000000e+06,3.598889750000000000e+06,3.542051750000000000e+06,3.428799000000000000e+06,3.244211000000000000e+06,2.967143000000000000e+06,2.594193250000000000e+06,2.154981000000000000e+06,1.653005500000000000e+06,1.025067375000000000e+06,3.886955937500000000e+05,6.959082031250000000e+04
6.172352500000000000e+05,6.161258750000000000e+05,6.139107500000000000e+05,6.105300625000000000e+05,6.045969375000000000e+05,5.954806875000000000e+05,5.826945000000000000e+05,5.660295000000000000e+05,5.463515000000000000e+05,5.250615625000000000e+05,5.034779062500000000e+05,4.829635000000000000e+05,4.687870625000000000e+05,4.557215000000000000e+05,4.440067500000000000e+05,4.338556875000000000e+05,4.254024687500000000e+05,4.187726250000000000e+05,4.139785625000000000e+05,4.108673125000000000e+05,4.172759062500000000e+05,4.337989687500000000e+05,4.508400625000000000e+05,4.681991562500000000e+05,4.855391875000000000e+05,5.024093125000000000e+05,5.182220312500000000e+05,5.322326875000000000e+05,5.435400000000000000e+05,5.509066250000000000e+05,5.643800000000000000e+05,5.769465625000000000e+05,5.831941250000000000e+05,5.798105625000000000e+05,5.620025625000000000e+05,5.259699375000000000e+05,4.710776250000000000e+05,3.938621562500000000e+05,2.804559687500000000e+05,1.409649062500000000e+05,4.253287109375000000e+04
1.461673625000000000e+06,1.462905375000000000e+06,1.466057875000000000e+06,1.470223125000000000e+06,1.474403250000000000e+06,1.478258500000000000e+06,1.483439250000000000e+06,1.485699125000000000e+06,1.484265625000000000e+06,1.478670000000000000e+06,1.468581250000000000e+06,1.460942500000000000e+06,1.450388250000000000e+06,1.434583125000000000e+06,1.413806000000000000e+06,1.388494750000000000e+06,1.366830375000000000e+06,1.346423250000000000e+06,1.321508375000000000e+06,1.292632500000000000e+06,1.260286750000000000e+06,1.224795250000000000e+06,1.193097250000000000e+06,1.167904750000000000e+06,1.137777250000000000e+06,1.102633125000000000e+06,1.062275625000000000e+06,1.016393437500000000e+06,9.646894375000000000e+05,9.442294375000000000e+05,9.267821250000000000e+05,8.940853750000000000e+05,8.452734375000000000e+05,7.803145000000000000e+05,6.999842500000000000e+05,6.213377500000000000e+05,5.428225000000000000e+05,4.494123750000000000e+05,3.497193437500000000e+05,2.420672187500000000e+05,1.128188828125000000e+05
6.251510000000000000e+06,6.247919500000000000e+06,6.235493000000000000e+06,6.211490500000000000e+06,6.195432500000000000e+06,6.184156000000000000e+06,6.155466500000000000e+06,6.104484500000000000e+06,6.029136500000000000e+06,5.929344500000000000e+06,5.805746000000000000e+06,5.659767000000000000e+06,5.494098500000000000e+06,5.312009000000000000e+06,5.116846500000000000e+06,4.917390000000000000e+06,4.835384500000000000e+06,4.731337500000000000e+06,4.609105000000000000e+06,4.471552500000000000e+06,4.321117500000000000e+06,4.159275750000000000e+06,3.986714250000000000e+06,3.803865500000000000e+06,3.610620250000000000e+06,3.406744250000000000e+06,3.192041500000000000e+06,2.966434250000000000e+06,2.730132250000000000e+06,2.487663000000000000e+06,2.284693500000000000e+06,2.071831250000000000e+06,1.848981250000000000e+06,1.616245875000000000e+06,1.373827875000000000e+06,1.123942750000000000e+06,8.737968125000000000e+05,6.301050000000000000e+05,3.894286250000000000e+05,1.692306093750000000e+05,4.131801171875000000e+04
5.586650500000000000e+06,5.591232000000000000e+06,5.599900500000000000e+06,5.604109000000000000e+06,5.594769000000000000e+06,5.563062500000000000e+06,5.501128500000000000e+06,5.403185500000000000e+06,5.284813500000000000e+06,5.202251000000000000e+06,5.088646500000000000e+06,4.950882000000000000e+06,4.794809000000000000e+06,4.625902500000000000e+06,4.449922500000000000e+06,4.328179000000000000e+06,4.323483000000000000e+06,4.300274500000000000e+06,4.267283000000000000e+06,4.231227000000000000e+06,4.197885500000000000e+06,4.171468000000000000e+06,4.154807250000000000e+06,4.150023500000000000e+06,4.157661250000000000e+06,4.177545500000000000e+06,4.208846500000000000e+06,4.306079000000000000e+06,4.451795000000000000e+06,4.614772500000000000e+06,4.788253500000000000e+06,4.965476500000000000e+06,5.138438000000000000e+06,5.268486500000000000e+06,5.270973500000000000e+06,5.092180500000000000e+06,4.773445500000000000e+06,4.192237000000000000e+06,2.757094500000000000e+06,7.932569375000000000e+05,2.581716406250000000e+04
3.770421562500000000e+05,3.757365937500000000e+05,3.719549062500000000e+05,3.658843125000000000e+05,3.577096250000000000e+05,3.476319375000000000e+05,3.358818750000000000e+05,3.227476562500000000e+05,3.087630312500000000e+05,2.945789375000000000e+05,2.808157812500000000e+05,2.680261562500000000e+05,2.587697656250000000e+05,2.508493125000000000e+05,2.441638906250000000e+05,2.387874687500000000e+05,2.347015625000000000e+05,2.318868593750000000e+05,2.302877500000000000e+05,2.297896875000000000e+05,2.302730781250000000e+05,2.332531562500000000e+05,2.440560000000000000e+05,2.554903750000000000e+05,2.675289062500000000e+05,2.801285937500000000e+05,2.932453437500000000e+05,3.068489062500000000e+05,3.208737187500000000e+05,3.351355000000000000e+05,3.493841875000000000e+05,3.633712500000000000e+05,3.877357812500000000e+05,4.135418125000000000e+05,4.375331250000000000e+05,4.566082812500000000e+05,4.689094062500000000e+05,4.629962500000000000e+05,3.976927812500000000e+05,2.520172187500000000e+05,9.848058593750000000e+04
1.438286093750000000e+05,1.440616562500000000e+05,1.446520468750000000e+05,1.454552968750000000e+05,1.468778593750000000e+05,1.481972812500000000e+05,1.491839687500000000e+05,1.496324375000000000e+05,1.494897812500000000e+05,1.488465000000000000e+05,1.492096093750000000e+05,1.490297812500000000e+05,1.482759687500000000e+05,1.469003906250000000e+05,1.448759375000000000e+05,1.446573750000000000e+05,1.437162343750000000e+05,1.419043437500000000e+05,1.392771093750000000e+05,1.358929218750000000e+05,1.337646406250000000e+05,1.360272812500000000e+05,1.366269375000000000e+05,1.356697031250000000e+05,1.332695468750000000e+05,1.295434765625000000e+05,1.246094062500000000e+05,1.185849531250000000e+05,1.118972968750000000e+05,1.069671171875000000e+05,1.012114062500000000e+05,9.460785156250000000e+04,8.715596093750000000e+04,7.885121875000000000e+04,6.967892968750000000e+04,5.973789062500000000e+04,4.937059765625000000e+04,3.880355078125000000e+04,2.763350195312500000e+04,1.637201855468750000e+04,8.367916015625000000e+03
7.077058750000000000e+05,7.071962500000000000e+05,7.057566875000000000e+05,7.035053750000000000e+05,7.005455000000000000e+05,6.969725625000000000e+05,6.928804375000000000e+05,6.883736875000000000e+05,6.948180000000000000e+05,7.075500000000000000e+05,7.210353750000000000e+05,7.353111875000000000e+05,7.503464375000000000e+05,7.660879375000000000e+05,7.825208125000000000e+05,7.996311875000000000e+05,8.173751875000000000e+05,8.357081250000000000e+05,8.545740625000000000e+05,8.738905000000000000e+05,8.935550625000000000e+05,9.172338125000000000e+05,9.548235625000000000e+05,9.948110000000000000e+05,1.037088000000000000e+06,1.081526250000000000e+06,1.127935875000000000e+06,1.176041375000000000e+06,1.225327125000000000e+06,1.274267375000000000e+06,1.320833375000000000e+06,1.362602000000000000e+06,1.396589750000000000e+06,1.413566750000000000e+06,1.395538250000000000e+06,1.330692875000000000e+06,1.224576750000000000e+06,1.054717375000000000e+06,7.193376250000000000e+05,2.731885312500000000e+05,3.972633203125000000e+04
2.974642250000000000e+06,2.976051250000000000e+06,2.978302500000000000e+06,2.978257000000000000e+06,2.974248000000000000e+06,2.965889000000000000e+06,2.945659500000000000e+06,2.910566750000000000e+06,2.860820500000000000e+06,2.798454000000000000e+06,2.725520500000000000e+06,2.643929250000000000e+06,2.563091250000000000e+06,2.478611500000000000e+06,2.386910750000000000e+06,2.289005500000000000e+06,2.186149000000000000e+06,2.079614875000000000e+06,1.975156375000000000e+06,1.880851375000000000e+06,1.783066250000000000e+06,1.682606375000000000e+06,1.580157125000000000e+06,1.476365000000000000e+06,1.376486500000000000e+06,1.291785625000000000e+06,1.202861375000000000e+06,1.110287375000000000e+06,1.014663562500000000e+06,9.165613125000000000e+05,8.409355625000000000e+05,7.851956250000000000e+05,7.152229375000000000e+05,6.328961250000000000e+05,5.401273125000000000e+05,4.400073125000000000e+05,3.581677812500000000e+05,2.745976250000000000e+05,1.852055937500000000e+05,9.279086718750000000e+04,2.825069140625000000e+04
2.526295500000000000e+06,2.517069250000000000e+06,2.490780000000000000e+06,2.449377750000000000e+06,2.394722000000000000e+06,2.328674750000000000e+06,2.257797250000000000e+06,2.190511750000000000e+06,2.118179000000000000e+06,2.043894750000000000e+06,1.970982250000000000e+06,1.902736625000000000e+06,1.840784500000000000e+06,1.797368625000000000e+06,1.775384875000000000e+06,1.759246500000000000e+06,1.749061125000000000e+06,1.744826375000000000e+06,1.746208875000000000e+06,1.752370500000000000e+06,1.781368375000000000e+06,1.870903750000000000e+06,1.958226250000000000e+06,2.042235500000000000e+06,2.121375500000000000e+06,2.193649750000000000e+06,2.256503250000000000e+06,2.306783750000000000e+06,2.340775500000000000e+06,2.353515750000000000e+06,2.359812000000000000e+06,2.379408250000000000e+06,2.368743000000000000e+06,2.316230750000000000e+06,2.205766750000000000e+06,2.025226625000000000e+06,1.774157375000000000e+06,1.444449125000000000e+06,9.948791250000000000e+05,4.684114687500000000e+05,1.159886328125000000e+05
6.678331250000000000e+05,6.652286875000000000e+05,6.579287500000000000e+05,6.466559375000000000e+05,6.320934375000000000e+05,6.149121250000000000e+05,5.957925625000000000e+05,5.754498125000000000e+05,5.555734375000000000e+05,5.384444375000000000e+05,5.226157812500000000e+05,5.089984375000000000e+05,4.979078125000000000e+05,4.895680000000000000e+05,4.891262187500000000e+05,4.908932500000000000e+05,4.947256562500000000e+05,5.004520625000000000e+05,5.078617500000000000e+05,5.250856875000000000e+05,5.437271875000000000e+05,5.628698750000000000e+05,5.823411875000000000e+05,6.019303750000000000e+05,6.214898750000000000e+05,6.711770625000000000e+05,7.253536250000000000e+05,7.793398125000000000e+05,8.330735000000000000e+05,8.859379375000000000e+05,9.370287500000000000e+05,9.857789375000000000e+05,1.039397187500000000e+06,1.118420750000000000e+06,1.186460125000000000e+06,1.232951750000000000e+06,1.262539250000000000e+06,1.236369500000000000e+06,9.699916875000000000e+05,4.300644687500000000e+05,7.176654687500000000e+04
6.139803500000000000e+06,6.131466500000000000e+06,6.105484500000000000e+06,6.060149500000000000e+06,5.993621000000000000e+06,5.904160500000000000e+06,5.790336000000000000e+06,5.651524000000000000e+06,5.491069000000000000e+06,5.343390000000000000e+06,5.185256000000000000e+06,5.019738000000000000e+06,4.850431500000000000e+06,4.680317000000000000e+06,4.512495500000000000e+06,4.349817000000000000e+06,4.194678000000000000e+06,4.054826500000000000e+06,3.966002500000000000e+06,3.885005250000000000e+06,3.812859000000000000e+06,3.749807250000000000e+06,3.695358750000000000e+06,3.648722250000000000e+06,3.607857500000000000e+06,3.570186750000000000e+06,3.659264250000000000e+06,3.773957750000000000e+06,3.871792750000000000e+06,3.942491250000000000e+06,3.973483250000000000e+06,3.951688750000000000e+06,3.864003000000000000e+06,3.685635750000000000e+06,3.487191500000000000e+06,3.181137250000000000e+06,2.772276500000000000e+06,2.228933250000000000e+06,1.343502375000000000e+06,3.321167500000000000e+05,1.899694091796875000e+03
3.502510000000000000e+05,3.496564375000000000e+05,3.479138750000000000e+05,3.450681250000000000e+05,3.413439375000000000e+05,3.369586875000000000e+05,3.315911875000000000e+05,3.252387812500000000e+05,3.179791562500000000e+05,3.099510000000000000e+05,3.013173750000000000e+05,2.928414062500000000e+05,2.851868125000000000e+05,2.772720937500000000e+05,2.692675625000000000e+05,2.613319218750000000e+05,2.537430312500000000e+05,2.489202656250000000e+05,2.442145468750000000e+05,2.397052031250000000e+05,2.354606562500000000e+05,2.315000625000000000e+05,2.297585468750000000e+05,2.297608437500000000e+05,2.295234062500000000e+05,2.289309062500000000e+05,2.278117187500000000e+05,2.259264531250000000e+05,2.260964843750000000e+05,2.341492500000000000e+05,2.393014531250000000e+05,2.408574062500000000e+05,2.380713437500000000e+05,2.299479062500000000e+05,2.151835312500000000e+05,1.990342187500000000e+05,1.801127812500000000e+05,1.538602187500000000e+05,1.148701250000000000e+05,6.393167578125000000e+04,2.344291992187500000e+04
3.433351000000000000e+06,3.439556500000000000e+06,3.455615250000000000e+06,3.477236750000000000e+06,3.499798500000000000e+06,3.518655000000000000e+06,3.555533250000000000e+06,3.595939000000000000e+06,3.620228000000000000e+06,3.626436750000000000e+06,3.613686500000000000e+06,3.645973250000000000e+06,3.653711000000000000e+06,3.640677000000000000e+06,3.612263500000000000e+06,3.573683000000000000e+06,3.529760000000000000e+06,3.484839750000000000e+06,3.506977250000000000e+06,3.569234250000000000e+06,3.628915250000000000e+06,3.689305750000000000e+06,3.751813750000000000e+06,3.817133500000000000e+06,3.883837250000000000e+06,3.949469750000000000e+06,4.010277000000000000e+06,4.060795250000000000e+06,4.094320250000000000e+06,4.100845250000000000e+06,4.069044000000000000e+06,4.046064000000000000e+06,4.012506500000000000e+06,3.908561250000000000e+06,3.695570250000000000e+06,3.352608000000000000e+06,2.902965000000000000e+06,2.325902750000000000e+06,1.472038750000000000e+06,5.020990625000000000e+05,5.133133984375000000e+04
4.191794750000000000e+06,4.197838500000000000e+06,4.214742000000000000e+06,4.240528000000000000e+06,4.273071000000000000e+06,4.310147000000000000e+06,4.349474000000000000e+06,4.388821000000000000e+06,4.426695000000000000e+06,4.462115500000000000e+06,4.494238500000000000e+06,4.522382000000000000e+06,4.546098000000000000e+06,4.565137500000000000e+06,4.579427500000000000e+06,4.589259500000000000e+06,4.595315500000000000e+06,4.598392500000000000e+06,4.599387500000000000e+06,4.599270500000000000e+06,4.599035000000000000e+06,4.630577000000000000e+06,4.700374500000000000e+06,4.778315000000000000e+06,4.865226500000000000e+06,4.961938000000000000e+06,5.069348500000000000e+06,5.188409500000000000e+06,5.319165500000000000e+06,5.456769000000000000e+06,5.594643000000000000e+06,5.729137500000000000e+06,5.857860000000000000e+06,5.938257500000000000e+06,5.869689000000000000e+06,5.605267000000000000e+06,5.236008000000000000e+06,4.617043000000000000e+06,2.967824500000000000e+06,7.656071875000000000e+05,1.261387500000000000e+04
1.743306375000000000e+06,1.727030750000000000e+06,1.682102125000000000e+06,1.616802250000000000e+06,1.534391875000000000e+06,1.440007625000000000e+06,1.338662750000000000e+06,1.235150125000000000e+06,1.133717375000000000e+06,1.038141000000000000e+06,9.518668750000000000e+05,8.832463125000000000e+05,8.281783125000000000e+05,7.825186250000000000e+05,7.452857500000000000e+05,7.152746875000000000e+05,6.908914375000000000e+05,6.794666875000000000e+05,6.714348750000000000e+05,6.635565000000000000e+05,6.545903750000000000e+05,6.435623125000000000e+05,6.297628750000000000e+05,6.218119375000000000e+05,6.299663125000000000e+05,6.300685625000000000e+05,6.218590625000000000e+05,6.053185625000000000e+05,5.805576250000000000e+05,5.478507500000000000e+05,5.076481875000000000e+05,4.611942812500000000e+05,4.223973437500000000e+05,3.780430625000000000e+05,3.276976875000000000e+05,2.721024062500000000e+05,2.145004843750000000e+05,1.564690312500000000e+05,9.342562500000000000e+04,3.316449609375000000e+04,5.597159667968750000e+03
2.251062031250000000e+05,2.260400468750000000e+05,2.286354375000000000e+05,2.325726406250000000e+05,2.376525468750000000e+05,2.441450781250000000e+05,2.510396875000000000e+05,2.579622031250000000e+05,2.649335625000000000e+05,2.725568437500000000e+05,2.796189062500000000e+05,2.859705937500000000e+05,2.933159062500000000e+05,3.003167812500000000e+05,3.060260937500000000e+05,3.103712500000000000e+05,3.169025625000000000e+05,3.221462187500000000e+05,3.256158437500000000e+05,3.273437500000000000e+05,3.273586875000000000e+05,3.311192187500000000e+05,3.326331250000000000e+05,3.319128125000000000e+05,3.289661562500000000e+05,3.237910625000000000e+05,3.163700312500000000e+05,3.160677812500000000e+05,3.195020937500000000e+05,3.187046875000000000e+05,3.135303750000000000e+05,3.037299687500000000e+05,2.890486875000000000e+05,2.697014687500000000e+05,2.521619218750000000e+05,2.364625781250000000e+05,2.147074843750000000e+05,1.865915156250000000e+05,1.620286718750000000e+05,1.420380625000000000e+05,8.955539062500000000e+04
5.607795000000000000e+05,5.599730625000000000e+05,5.574503750000000000e+05,5.530139375000000000e+05,5.464421875000000000e+05,5.389886250000000000e+05,5.298629375000000000e+05,5.180644687500000000e+05,5.038883750000000000e+05,4.879241250000000000e+05,4.707873750000000000e+05,4.530997812500000000e+05,4.393156250000000000e+05,4.252194687500000000e+05,4.111725625000000000e+05,3.975119687500000000e+05,3.845097812500000000e+05,3.724221875000000000e+05,3.656255625000000000e+05,3.604130625000000000e+05,3.557968750000000000e+05,3.517971562500000000e+05,3.483422500000000000e+05,3.453157187500000000e+05,3.424894062500000000e+05,3.473511875000000000e+05,3.595298125000000000e+05,3.699769062500000000e+05,3.781180312500000000e+05,3.831409375000000000e+05,3.840948437500000000e+05,3.799372500000000000e+05,3.696083437500000000e+05,3.552217187500000000e+05,3.411961875000000000e+05,3.178190625000000000e+05,2.844492812500000000e+05,2.392320625000000000e+05,1.756562968750000000e+05,9.677312500000000000e+04,3.473861718750000000e+04
1.318242500000000000e+06,1.316048875000000000e+06,1.310759750000000000e+06,1.301061000000000000e+06,1.285643125000000000e+06,1.263417125000000000e+06,1.233504750000000000e+06,1.195420250000000000e+06,1.155864500000000000e+06,1.110981750000000000e+06,1.059991125000000000e+06,1.004690000000000000e+06,9.469859375000000000e+05,8.961870000000000000e+05,8.454825000000000000e+05,7.952696875000000000e+05,7.465876250000000000e+05,7.002266250000000000e+05,6.565858750000000000e+05,6.156410625000000000e+05,5.819966875000000000e+05,5.516832500000000000e+05,5.223342187500000000e+05,4.936641562500000000e+05,4.653492812500000000e+05,4.370622187500000000e+05,4.085184687500000000e+05,3.795000937500000000e+05,3.613611562500000000e+05,3.466564062500000000e+05,3.281061250000000000e+05,3.056794687500000000e+05,2.794719375000000000e+05,2.498772968750000000e+05,2.175331250000000000e+05,1.910352343750000000e+05,1.633042031250000000e+05,1.331264062500000000e+05,1.033689453125000000e+05,7.354502343750000000e+04,3.825957421875000000e+04
4.415976250000000000e+05,4.420513750000000000e+05,4.429367187500000000e+05,4.434920000000000000e+05,4.429287812500000000e+05,4.404770625000000000e+05,4.354287812500000000e+05,4.272386875000000000e+05,4.171750625000000000e+05,4.055380312500000000e+05,3.919670625000000000e+05,3.770242812500000000e+05,3.609893750000000000e+05,3.440355000000000000e+05,3.263679375000000000e+05,3.108370312500000000e+05,2.948152812500000000e+05,2.784410312500000000e+05,2.619476250000000000e+05,2.454961250000000000e+05,2.292344062500000000e+05,2.151219843750000000e+05,2.022885625000000000e+05,1.893321093750000000e+05,1.763315468750000000e+05,1.633465156250000000e+05,1.504208125000000000e+05,1.377791562500000000e+05,1.321926250000000000e+05,1.251420312500000000e+05,1.167506328125000000e+05,1.071482343750000000e+05,9.649202343750000000e+04,8.495381250000000000e+04,7.411988281250000000e+04,6.459386718750000000e+04,5.455489843750000000e+04,4.402300000000000000e+04,3.273141601562500000e+04,2.062133984375000000e+04,1.046955078125000000e+04
6.486732500000000000e+06,6.485462500000000000e+06,6.482009000000000000e+06,6.476241500000000000e+06,6.467557500000000000e+06,6.455339000000000000e+06,6.439318500000000000e+06,6.419725500000000000e+06,6.396302500000000000e+06,6.368962000000000000e+06,6.417126000000000000e+06,6.475454000000000000e+06,6.522867500000000000e+06,6.557385500000000000e+06,6.576866500000000000e+06,6.579249000000000000e+06,6.562470000000000000e+06,6.587394000000000000e+06,6.746588000000000000e+06,6.855422500000000000e+06,6.914330000000000000e+06,6.923720000000000000e+06,6.884079000000000000e+06,6.795677000000000000e+06,6.658378500000000000e+06,6.471989500000000000e+06,6.236252500000000000e+06,5.950989000000000000e+06,5.616429500000000000e+06,5.232956500000000000e+06,4.818502500000000000e+06,4.446558500000000000e+06,4.032535000000000000e+06,3.575176250000000000e+06,3.071427500000000000e+06,2.528447000000000000e+06,1.973574625000000000e+06,1.421185625000000000e+06,8.431173125000000000e+05,3.104066875000000000e+05,4.957212109375000000e+04
2.688284000000000000e+06,2.682876500000000000e+06,2.667142250000000000e+06,2.641728000000000000e+06,2.607217750000000000e+06,2.564194750000000000e+06,2.513292750000000000e+06,2.455311750000000000e+06,2.402168750000000000e+06,2.355831750000000000e+06,2.307782750000000000e+06,2.260040500000000000e+06,2.213964250000000000e+06,2.170620250000000000e+06,2.131159250000000000e+06,2.096482750000000000e+06,2.067093000000000000e+06,2.043471000000000000e+06,2.025863375000000000e+06,2.081373625000000000e+06,2.139655500000000000e+06,2.201023250000000000e+06,2.265505250000000000e+06,2.332885750000000000e+06,2.402391000000000000e+06,2.472871250000000000e+06,2.542598750000000000e+06,2.609094250000000000e+06,2.668957750000000000e+06,2.715944750000000000e+06,2.747427250000000000e+06,2.815238500000000000e+06,2.859282750000000000e+06,2.857378500000000000e+06,2.768301000000000000e+06,2.569280500000000000e+06,2.286804000000000000e+06,1.885287500000000000e+06,1.158337250000000000e+06,3.003799062500000000e+05,5.461541992187500000e+03
2.047664000000000000e+06,2.042267750000000000e+06,2.025881125000000000e+06,1.998041875000000000e+06,1.958329875000000000e+06,1.906629625000000000e+06,1.878623625000000000e+06,1.855229875000000000e+06,1.816206625000000000e+06,1.767984125000000000e+06,1.716827250000000000e+06,1.668244375000000000e+06,1.623826250000000000e+06,1.583366375000000000e+06,1.546762000000000000e+06,1.513823375000000000e+06,1.484088375000000000e+06,1.456962000000000000e+06,1.431516125000000000e+06,1.406406375000000000e+06,1.380213750000000000e+06,1.359536375000000000e+06,1.347670375000000000e+06,1.331997375000000000e+06,1.311314000000000000e+06,1.284443000000000000e+06,1.250294125000000000e+06,1.207933625000000000e+06,1.156494125000000000e+06,1.095223125000000000e+06,1.023543062500000000e+06,9.413318125000000000e+05,8.489486875000000000e+05,7.466488750000000000e+05,6.345665625000000000e+05,5.152921562500000000e+05,3.959182187500000000e+05,2.805725625000000000e+05,1.640609531250000000e+05,6.077486328125000000e+04,1.207254296875000000e+04
5.618642000000000000e+06,5.598441500000000000e+06,5.540173000000000000e+06,5.447237000000000000e+06,5.322955500000000000e+06,5.170651000000000000e+06,4.993716500000000000e+06,4.795815500000000000e+06,4.582316500000000000e+06,4.363889500000000000e+06,4.165735500000000000e+06,3.967876000000000000e+06,3.774630000000000000e+06,3.589620000000000000e+06,3.416435500000000000e+06,3.257728000000000000e+06,3.114908000000000000e+06,2.989710250000000000e+06,2.915297000000000000e+06,2.854571750000000000e+06,2.807854000000000000e+06,2.774960750000000000e+06,2.755243500000000000e+06,2.747901750000000000e+06,2.751647500000000000e+06,2.764946750000000000e+06,2.836723250000000000e+06,2.987998250000000000e+06,3.144160250000000000e+06,3.299572250000000000e+06,3.446282500000000000e+06,3.575293250000000000e+06,3.676256000000000000e+06,3.718094250000000000e+06,3.701573000000000000e+06,3.638551250000000000e+06,3.475983750000000000e+06,3.118884250000000000e+06,2.116210500000000000e+06,6.191319375000000000e+05,1.246489453125000000e+04
3.212127750000000000e+06,3.200019250000000000e+06,3.165802000000000000e+06,3.112568500000000000e+06,3.043345000000000000e+06,2.961127000000000000e+06,2.868908500000000000e+06,2.769743750000000000e+06,2.667148000000000000e+06,2.564866250000000000e+06,2.466586750000000000e+06,2.375634750000000000e+06,2.292708500000000000e+06,2.246360500000000000e+06,2.248091250000000000e+06,2.251374250000000000e+06,2.254621500000000000e+06,2.256099750000000000e+06,2.253917000000000000e+06,2.245973250000000000e+06,2.230053000000000000e+06,2.204234250000000000e+06,2.166902500000000000e+06,2.116575500000000000e+06,2.052334250000000000e+06,2.000318375000000000e+06,1.948763875000000000e+06,1.882559375000000000e+06,1.800631250000000000e+06,1.702277875000000000e+06,1.587164750000000000e+06,1.455623500000000000e+06,1.308700375000000000e+06,1.147596375000000000e+06,9.736106875000000000e+05,7.907133125000000000e+05,6.079683125000000000e+05,4.319126875000000000e+05,2.586973593750000000e+05,1.054616875000000000e+05,2.473777148437500000e+04
2.638596500000000000e+06,2.638571250000000000e+06,2.637310750000000000e+06,2.632814250000000000e+06,2.629346000000000000e+06,2.618754750000000000e+06,2.598620500000000000e+06,2.567298750000000000e+06,2.526470500000000000e+06,2.485198750000000000e+06,2.451473000000000000e+06,2.417922500000000000e+06,2.386180000000000000e+06,2.357060250000000000e+06,2.343640500000000000e+06,2.348065000000000000e+06,2.355504250000000000e+06,2.366885000000000000e+06,2.382754750000000000e+06,2.414056000000000000e+06,2.479044000000000000e+06,2.545613000000000000e+06,2.613554750000000000e+06,2.682365750000000000e+06,2.751055500000000000e+06,2.818273000000000000e+06,3.032080000000000000e+06,3.242855000000000000e+06,3.442583000000000000e+06,3.623246250000000000e+06,3.774351500000000000e+06,3.884057250000000000e+06,3.939307500000000000e+06,3.960406000000000000e+06,3.949345250000000000e+06,3.788408000000000000e+06,3.496212750000000000e+06,3.001691000000000000e+06,1.965235750000000000e+06,5.965525625000000000e+05,2.618124218750000000e+04
4.036564375000000000e+05,4.022739687500000000e+05,3.983185312500000000e+05,3.920767187500000000e+05,3.838341875000000000e+05,3.738769687500000000e+05,3.624926875000000000e+05,3.499837812500000000e+05,3.367853750000000000e+05,3.236049687500000000e+05,3.110372187500000000e+05,2.991744687500000000e+05,2.882646562500000000e+05,2.784663125000000000e+05,2.699387500000000000e+05,2.627670312500000000e+05,2.569390937500000000e+05,2.527245781250000000e+05,2.507221093750000000e+05,2.498460937500000000e+05,2.499784843750000000e+05,2.509622031250000000e+05,2.525989375000000000e+05,2.550926093750000000e+05,2.599750468750000000e+05,2.646897187500000000e+05,2.688554687500000000e+05,2.720163750000000000e+05,2.741027187500000000e+05,2.791634062500000000e+05,2.808886562500000000e+05,2.783680937500000000e+05,2.707573750000000000e+05,2.711586562500000000e+05,2.684242812500000000e+05,2.505872968750000000e+05,2.197732968750000000e+05,1.837284687500000000e+05,1.273313984375000000e+05,4.724717187500000000e+04,4.679184082031250000e+03
4.720747500000000000e+05,4.727702187500000000e+05,4.747116250000000000e+05,4.776371875000000000e+05,4.819825000000000000e+05,4.874448750000000000e+05,4.931162500000000000e+05,4.986776562500000000e+05,5.040493125000000000e+05,5.115349062500000000e+05,5.188910312500000000e+05,5.262636875000000000e+05,5.356597500000000000e+05,5.478694375000000000e+05,5.598952500000000000e+05,5.717989375000000000e+05,5.894273750000000000e+05,6.089451875000000000e+05,6.279495000000000000e+05,6.465045625000000000e+05,6.687461875000000000e+05,6.990791250000000000e+05,7.284056875000000000e+05,7.568324375000000000e+05,7.844442500000000000e+05,8.112962500000000000e+05,8.589676250000000000e+05,9.316550625000000000e+05,1.003944562500000000e+06,1.075034500000000000e+06,1.143629250000000000e+06,1.208993625000000000e+06,1.270758125000000000e+06,1.321683625000000000e+06,1.389635875000000000e+06,1.424062875000000000e+06,1.440454000000000000e+06,1.390812875000000000e+06,1.011646687500000000e+06,3.265185000000000000e+05,1.488629882812500000e+04
3.468442500000000000e+06,3.474506500000000000e+06,3.491351000000000000e+06,3.516886250000000000e+06,3.548928250000000000e+06,3.585198250000000000e+06,3.623327750000000000e+06,3.660890750000000000e+06,3.695616000000000000e+06,3.725351000000000000e+06,3.747980500000000000e+06,3.761485500000000000e+06,3.764186250000000000e+06,3.754636500000000000e+06,3.784553250000000000e+06,3.878992500000000000e+06,3.948840250000000000e+06,3.992210750000000000e+06,4.007879250000000000e+06,3.995430500000000000e+06,3.954766500000000000e+06,3.886273500000000000e+06,3.790760000000000000e+06,3.669261250000000000e+06,3.523045750000000000e+06,3.353588750000000000e+06,3.163634750000000000e+06,3.009008250000000000e+06,2.835209000000000000e+06,2.642496000000000000e+06,2.431375000000000000e+06,2.202977250000000000e+06,1.959113625000000000e+06,1.701229500000000000e+06,1.430303875000000000e+06,1.151512750000000000e+06,8.781030000000000000e+05,6.180691875000000000e+05,3.621199687500000000e+05,1.374791718750000000e+05,2.668420312500000000e+04
6.374827500000000000e+06,6.365375500000000000e+06,6.353560000000000000e+06,6.361428000000000000e+06,6.370732500000000000e+06,6.380009500000000000e+06,6.387646000000000000e+06,6.392024500000000000e+06,6.391942000000000000e+06,6.386742000000000000e+06,6.376283000000000000e+06,6.360963500000000000e+06,6.341427500000000000e+06,6.318640500000000000e+06,6.294014500000000000e+06,6.269104000000000000e+06,6.245391000000000000e+06,6.224525500000000000e+06,6.208016000000000000e+06,6.196981500000000000e+06,6.259917000000000000e+06,6.373066500000000000e+06,6.503165500000000000e+06,6.650607500000000000e+06,6.815354000000000000e+06,6.997211000000000000e+06,7.195638000000000000e+06,7.409561500000000000e+06,7.636430500000000000e+06,7.867179000000000000e+06,8.089809500000000000e+06,8.291380500000000000e+06,8.456697000000000000e+06,8.527655000000000000e+06,8.385993500000000000e+06,7.960971500000000000e+06,7.308571500000000000e+06,6.277783000000000000e+06,4.152259000000000000e+06,1.370184125000000000e+06,1.110523750000000000e+05
2.497762968750000000e+05,2.496421406250000000e+05,2.492142031250000000e+05,2.484289375000000000e+05,2.475639687500000000e+05,2.464817812500000000e+05,2.448418906250000000e+05,2.425739218750000000e+05,2.397269375000000000e+05,2.366365468750000000e+05,2.346357812500000000e+05,2.323914375000000000e+05,2.299824218750000000e+05,2.274418906250000000e+05,2.253522812500000000e+05,2.248942812500000000e+05,2.240735781250000000e+05,2.228771562500000000e+05,2.212657343750000000e+05,2.191667812500000000e+05,2.170900625000000000e+05,2.166880156250000000e+05,2.152322343750000000e+05,2.126334375000000000e+05,2.088026093750000000e+05,2.036521875000000000e+05,1.971047343750000000e+05,1.891029375000000000e+05,1.883015312500000000e+05,1.854481093750000000e+05,1.796834843750000000e+05,1.709201875000000000e+05,1.591716093750000000e+05,1.444934687500000000e+05,1.269603125000000000e+05,1.116181250000000000e+05,9.495959375000000000e+04,7.652092968750000000e+04,5.514084765625000000e+04,3.148593164062500000e+04,1.344023535156250000e+04
4.771247500000000000e+05,4.754708750000000000e+05,4.706650937500000000e+05,4.629462812500000000e+05,4.525604687500000000e+05,4.397609375000000000e+05,4.248088125000000000e+05,4.079860312500000000e+05,3.897148437500000000e+05,3.709203750000000000e+05,3.535210000000000000e+05,3.359190937500000000e+05,3.183968437500000000e+05,3.011801562500000000e+05,2.844907187500000000e+05,2.684830000000000000e+05,2.532265937500000000e+05,2.387842812500000000e+05,2.251667968750000000e+05,2.123128906250000000e+05,2.001587812500000000e+05,1.895637343750000000e+05,1.845767031250000000e+05,1.791710468750000000e+05,1.732636718750000000e+05,1.667592656250000000e+05,1.595632187500000000e+05,1.515877656250000000e+05,1.427523281250000000e+05,1.329889375000000000e+05,1.222549531250000000e+05,1.105965078125000000e+05,9.992122656250000000e+04,8.940731250000000000e+04,7.778725000000000000e+04,6.518667968750000000e+04,5.244183593750000000e+04,3.971079687500000000e+04,2.520188476562500000e+04,1.053585156250000000e+04,3.329107421875000000e+03
4.234488000000000000e+06,4.218885000000000000e+06,4.173754000000000000e+06,4.100901250000000000e+06,4.001876750000000000e+06,3.878685000000000000e+06,3.734277750000000000e+06,3.572968250000000000e+06,3.401834250000000000e+06,3.229266750000000000e+06,3.063600000000000000e+06,2.912274750000000000e+06,2.776489250000000000e+06,2.654517750000000000e+06,2.544815750000000000e+06,2.445479250000000000e+06,2.353968000000000000e+06,2.291506000000000000e+06,2.242730250000000000e+06,2.194126250000000000e+06,2.143189750000000000e+06,2.088088750000000000e+06,2.027630500000000000e+06,1.960762000000000000e+06,1.887002000000000000e+06,1.806109000000000000e+06,1.718014875000000000e+06,1.622874875000000000e+06,1.520985750000000000e+06,1.412940000000000000e+06,1.299429000000000000e+06,1.180758125000000000e+06,1.057172250000000000e+06,9.304505000000000000e+05,8.038607500000000000e+05,6.775526875000000000e+05,5.471095625000000000e+05,4.174209375000000000e+05,3.087928437500000000e+05,2.197884531250000000e+05,1.127755546875000000e+05
1.019476375000000000e+06,1.018301937500000000e+06,1.014819312500000000e+06,1.009032437500000000e+06,1.000887187500000000e+06,9.902932500000000000e+05,9.771451875000000000e+05,9.613556250000000000e+05,9.430097500000000000e+05,9.260961250000000000e+05,9.083293125000000000e+05,8.885703125000000000e+05,8.671035625000000000e+05,8.442708750000000000e+05,8.236617500000000000e+05,8.077646875000000000e+05,7.906780625000000000e+05,7.728354375000000000e+05,7.546181875000000000e+05,7.369818125000000000e+05,7.308706250000000000e+05,7.234720000000000000e+05,7.149180625000000000e+05,7.052544375000000000e+05,6.943007500000000000e+05,6.817582500000000000e+05,6.947636875000000000e+05,7.100125000000000000e+05,7.182168125000000000e+05,7.180745000000000000e+05,7.080610625000000000e+05,6.867976875000000000e+05,6.531507500000000000e+05,6.069436875000000000e+05,5.616491875000000000e+05,4.979536250000000000e+05,4.212208437500000000e+05,3.298348750000000000e+05,2.016504531250000000e+05,6.200455859375000000e+04,4.963168945312500000e+03
2.926473046875000000e+04,2.919079882812500000e+04,2.897691406250000000e+04,2.863331835937500000e+04,2.816951367187500000e+04,2.759578320312500000e+04,2.692430468750000000e+04,2.617129101562500000e+04,2.537040820312500000e+04,2.456439453125000000e+04,2.386341601562500000e+04,2.341335351562500000e+04,2.304009375000000000e+04,2.274768359375000000e+04,2.254186718750000000e+04,2.242446679687500000e+04,2.239067773437500000e+04,2.243527148437500000e+04,2.255014062500000000e+04,2.326343164062500000e+04,2.441294921875000000e+04,2.557582421875000000e+04,2.673938476562500000e+04,2.788759179687500000e+04,2.900389257812500000e+04,3.006950585937500000e+04,3.106214257812500000e+04,3.195595312500000000e+04,3.272405859375000000e+04,3.377673828125000000e+04,3.519671484375000000e+04,3.656892578125000000e+04,3.779863281250000000e+04,3.888924218750000000e+04,4.001393359375000000e+04,4.102023046875000000e+04,4.084510937500000000e+04,3.932599609375000000e+04,4.006268359375000000e+04,4.422482812500000000e+04,3.567671875000000000e+04
2.479250500000000000e+06,2.474690000000000000e+06,2.460366000000000000e+06,2.435173750000000000e+06,2.398017000000000000e+06,2.348021000000000000e+06,2.284692500000000000e+06,2.208286750000000000e+06,2.122181000000000000e+06,2.031275625000000000e+06,1.940146125000000000e+06,1.852766750000000000e+06,1.807847875000000000e+06,1.772399875000000000e+06,1.741316000000000000e+06,1.715553375000000000e+06,1.695926750000000000e+06,1.683241125000000000e+06,1.677889000000000000e+06,1.679645125000000000e+06,1.688235250000000000e+06,1.703261750000000000e+06,1.724187125000000000e+06,1.750395250000000000e+06,1.781089875000000000e+06,1.815342000000000000e+06,1.852086125000000000e+06,1.922580625000000000e+06,2.002458000000000000e+06,2.085892500000000000e+06,2.169151750000000000e+06,2.248107000000000000e+06,2.317817750000000000e+06,2.361225500000000000e+06,2.343675500000000000e+06,2.243529000000000000e+06,2.076698875000000000e+06,1.799459125000000000e+06,1.201479250000000000e+06,4.070970000000000000e+05,3.978233203125000000e+04
1.099904875000000000e+06,1.099545875000000000e+06,1.098120750000000000e+06,1.094969375000000000e+06,1.089331750000000000e+06,1.080443375000000000e+06,1.067616375000000000e+06,1.050379750000000000e+06,1.029208437500000000e+06,1.005157062500000000e+06,9.793713125000000000e+05,9.529921250000000000e+05,9.265666250000000000e+05,9.003871875000000000e+05,8.748143125000000000e+05,8.500885625000000000e+05,8.295467500000000000e+05,8.217593750000000000e+05,8.152508750000000000e+05,8.094515625000000000e+05,8.037273125000000000e+05,7.973816875000000000e+05,7.896616875000000000e+05,7.797841250000000000e+05,7.669848750000000000e+05,7.505106875000000000e+05,7.296695000000000000e+05,7.038743125000000000e+05,6.726180000000000000e+05,6.355166250000000000e+05,5.923371875000000000e+05,5.431455625000000000e+05,4.883177812500000000e+05,4.282393750000000000e+05,3.632868125000000000e+05,2.950855312500000000e+05,2.274754531250000000e+05,1.627457343750000000e+05,9.844838281250000000e+04,4.125263671875000000e+04,1.140554101562500000e+04
3.036775750000000000e+06,3.030349750000000000e+06,3.011510750000000000e+06,2.983833000000000000e+06,2.946545000000000000e+06,2.898486000000000000e+06,2.839694000000000000e+06,2.770617250000000000e+06,2.693506000000000000e+06,2.611700250000000000e+06,2.537185750000000000e+06,2.470574250000000000e+06,2.406824750000000000e+06,2.347264250000000000e+06,2.293393500000000000e+06,2.254372500000000000e+06,2.237380250000000000e+06,2.225691750000000000e+06,2.219543750000000000e+06,2.218439250000000000e+06,2.221700000000000000e+06,2.260373250000000000e+06,2.303357500000000000e+06,2.344323250000000000e+06,2.381178250000000000e+06,2.411386000000000000e+06,2.431918500000000000e+06,2.515779000000000000e+06,2.638152500000000000e+06,2.729928750000000000e+06,2.782437000000000000e+06,2.786523500000000000e+06,2.733241500000000000e+06,2.610327500000000000e+06,2.460601500000000000e+06,2.270025000000000000e+06,2.000920250000000000e+06,1.638674875000000000e+06,1.110068500000000000e+06,4.683527812500000000e+05,8.307732031250000000e+04
6.838496875000000000e+05,6.854981250000000000e+05,6.899646250000000000e+05,6.964767500000000000e+05,7.042121250000000000e+05,7.123247500000000000e+05,7.225105625000000000e+05,7.315428125000000000e+05,7.388428125000000000e+05,7.441590625000000000e+05,7.508626250000000000e+05,7.573395000000000000e+05,7.611260625000000000e+05,7.623055625000000000e+05,7.640828125000000000e+05,7.693013750000000000e+05,7.718226250000000000e+05,7.721957500000000000e+05,7.709730625000000000e+05,7.691908750000000000e+05,7.781897500000000000e+05,7.860035625000000000e+05,7.931985625000000000e+05,8.002756875000000000e+05,8.075552500000000000e+05,8.152711875000000000e+05,8.274748125000000000e+05,8.784793125000000000e+05,9.297935000000000000e+05,9.805400000000000000e+05,1.029268000000000000e+06,1.074346125000000000e+06,1.113866000000000000e+06,1.139559125000000000e+06,1.165374125000000000e+06,1.175110000000000000e+06,1.159748000000000000e+06,1.084893000000000000e+06,7.899118750000000000e+05,2.865257500000000000e+05,2.453162890625000000e+04
7.459841500000000000e+06,7.417068500000000000e+06,7.295573500000000000e+06,7.105843500000000000e+06,6.858554500000000000e+06,6.564435000000000000e+06,6.234150500000000000e+06,5.878332000000000000e+06,5.508769000000000000e+06,5.137556500000000000e+06,4.776036500000000000e+06,4.542806000000000000e+06,4.334574000000000000e+06,4.135606500000000000e+06,3.947808500000000000e+06,3.771802000000000000e+06,3.606202750000000000e+06,3.449601500000000000e+06,3.300133500000000000e+06,3.155155500000000000e+06,3.011976000000000000e+06,2.868269500000000000e+06,2.722032750000000000e+06,2.571459750000000000e+06,2.458374750000000000e+06,2.341423750000000000e+06,2.215760250000000000e+06,2.080637000000000000e+06,1.935616250000000000e+06,1.780873125000000000e+06,1.616965875000000000e+06,1.445038125000000000e+06,1.266816250000000000e+06,1.084197375000000000e+06,8.991228125000000000e+05,7.151891875000000000e+05,5.394400000000000000e+05,3.770730625000000000e+05,2.253773750000000000e+05,9.563390625000000000e+04,2.505727343750000000e+04
2.501669218750000000e+05,2.493280781250000000e+05,2.469086250000000000e+05,2.430555781250000000e+05,2.379177812500000000e+05,2.316461875000000000e+05,2.243940468750000000e+05,2.163234062500000000e+05,2.076655937500000000e+05,1.986879218750000000e+05,1.911678906250000000e+05,1.860080937500000000e+05,1.809220000000000000e+05,1.760229375000000000e+05,1.714357343750000000e+05,1.672605156250000000e+05,1.635570000000000000e+05,1.603853281250000000e+05,1.577774062500000000e+05,1.557197500000000000e+05,1.541934375000000000e+05,1.531504531250000000e+05,1.525142500000000000e+05,1.521972187500000000e+05,1.520760937500000000e+05,1.520086406250000000e+05,1.518268281250000000e+05,1.528924062500000000e+05,1.546750000000000000e+05,1.559689687500000000e+05,1.564407031250000000e+05,1.557042812500000000e+05,1.533243593750000000e+05,1.486842343750000000e+05,1.409504062500000000e+05,1.295501796875000000e+05,1.145654687500000000e+05,9.558478906250000000e+04,7.034285937500000000e+04,4.052637109375000000e+04,1.737872656250000000e+04
4.529269000000000000e+06,4.533991500000000000e+06,4.544409000000000000e+06,4.554509500000000000e+06,4.558063500000000000e+06,4.639601000000000000e+06,4.778018500000000000e+06,4.884523500000000000e+06,4.954705500000000000e+06,4.991758500000000000e+06,4.999779500000000000e+06,4.983288500000000000e+06,4.945366500000000000e+06,4.888602000000000000e+06,4.816030000000000000e+06,4.731816500000000000e+06,4.641142500000000000e+06,4.581248000000000000e+06,4.556918000000000000e+06,4.536655500000000000e+06,4.522543500000000000e+06,4.515711500000000000e+06,4.516375500000000000e+06,4.524447000000000000e+06,4.537935500000000000e+06,4.554048500000000000e+06,4.568794500000000000e+06,4.576460500000000000e+06,4.570038000000000000e+06,4.538501000000000000e+06,4.469378000000000000e+06,4.350866000000000000e+06,4.171840250000000000e+06,3.909259750000000000e+06,3.526967750000000000e+06,3.022875500000000000e+06,2.457150000000000000e+06,1.829176000000000000e+06,1.007601187500000000e+06,2.323458125000000000e+05,3.547534912109375000e+03
2.424587500000000000e+06,2.426941750000000000e+06,2.432794000000000000e+06,2.440272250000000000e+06,2.447455250000000000e+06,2.452409250000000000e+06,2.453224750000000000e+06,2.448188000000000000e+06,2.437069250000000000e+06,2.453356750000000000e+06,2.486653750000000000e+06,2.516092750000000000e+06,2.540985000000000000e+06,2.559968750000000000e+06,2.571778750000000000e+06,2.575531500000000000e+06,2.570778750000000000e+06,2.557155000000000000e+06,2.534234000000000000e+06,2.501477000000000000e+06,2.458411750000000000e+06,2.404629250000000000e+06,2.339786000000000000e+06,2.263626750000000000e+06,2.195071000000000000e+06,2.133524500000000000e+06,2.060249500000000000e+06,1.974308625000000000e+06,1.874867625000000000e+06,1.761151875000000000e+06,1.632660000000000000e+06,1.489661500000000000e+06,1.333173000000000000e+06,1.163803750000000000e+06,9.818006875000000000e+05,7.916583750000000000e+05,6.048799375000000000e+05,4.269340000000000000e+05,2.490846718750000000e+05,9.394744531250000000e+04,1.953242773437500000e+04
6.344456000000000000e+06,6.339038000000000000e+06,6.324244500000000000e+06,6.302052000000000000e+06,6.291605000000000000e+06,6.289723500000000000e+06,6.289466500000000000e+06,6.291629500000000000e+06,6.297131500000000000e+06,6.307247500000000000e+06,6.323799000000000000e+06,6.348947000000000000e+06,6.397947500000000000e+06,6.529122500000000000e+06,6.666461000000000000e+06,6.809519000000000000e+06,6.957449000000000000e+06,7.109237500000000000e+06,7.263836000000000000e+06,7.420155500000000000e+06,7.745148500000000000e+06,8.215969000000000000e+06,8.679320000000000000e+06,9.134594000000000000e+06,9.580333000000000000e+06,1.001431500000000000e+07,1.043253500000000000e+07,1.082854500000000000e+07,1.119242600000000000e+07,1.150217900000000000e+07,1.177308400000000000e+07,1.221575200000000000e+07,1.258087200000000000e+07,1.277464600000000000e+07,1.261460300000000000e+07,1.197816000000000000e+07,1.092891000000000000e+07,9.255863000000000000e+06,5.943245000000000000e+06,1.696635000000000000e+06,4.321196093750000000e+04
4.375636500000000000e+06,4.353007500000000000e+06,4.289381000000000000e+06,4.191031250000000000e+06,4.064201000000000000e+06,3.954454000000000000e+06,3.890729000000000000e+06,3.814421000000000000e+06,3.729068750000000000e+06,3.640122000000000000e+06,3.554242250000000000e+06,3.478571250000000000e+06,3.416219500000000000e+06,3.368048000000000000e+06,3.334886250000000000e+06,3.316812750000000000e+06,3.312747500000000000e+06,3.321249500000000000e+06,3.340626750000000000e+06,3.416336000000000000e+06,3.503600250000000000e+06,3.599426750000000000e+06,3.702504000000000000e+06,3.811431750000000000e+06,3.924498500000000000e+06,4.039772500000000000e+06,4.154605500000000000e+06,4.265281000000000000e+06,4.366747000000000000e+06,4.449370500000000000e+06,4.501398500000000000e+06,4.510243000000000000e+06,4.462275500000000000e+06,4.326079500000000000e+06,4.048106250000000000e+06,3.609220500000000000e+06,3.064171500000000000e+06,2.390025750000000000e+06,1.371974500000000000e+06,3.147493750000000000e+05,2.209674072265625000e+03
3.404439750000000000e+06,3.405818750000000000e+06,3.410130500000000000e+06,3.417602250000000000e+06,3.428430000000000000e+06,3.442801000000000000e+06,3.460910500000000000e+06,3.482962000000000000e+06,3.514126500000000000e+06,3.556653250000000000e+06,3.603863750000000000e+06,3.655677000000000000e+06,3.711580500000000000e+06,3.770818750000000000e+06,3.832620750000000000e+06,3.896067500000000000e+06,3.965213500000000000e+06,4.058237000000000000e+06,4.149106750000000000e+06,4.236067000000000000e+06,4.317178000000000000e+06,4.390089500000000000e+06,4.452045000000000000e+06,4.499977000000000000e+06,4.578231000000000000e+06,4.648160000000000000e+06,4.689198500000000000e+06,4.694685000000000000e+06,4.657379000000000000e+06,4.568252000000000000e+06,4.465307500000000000e+06,4.510185000000000000e+06,4.445570500000000000e+06,4.249282000000000000e+06,3.892455500000000000e+06,3.372310750000000000e+06,2.824756750000000000e+06,2.241655000000000000e+06,1.415818250000000000e+06,4.630918750000000000e+05,2.864810742187500000e+04
3.673375000000000000e+06,3.671300500000000000e+06,3.672641000000000000e+06,3.723405500000000000e+06,3.781716750000000000e+06,3.839672000000000000e+06,3.889382000000000000e+06,3.923502750000000000e+06,3.937825500000000000e+06,3.930445000000000000e+06,3.900349250000000000e+06,3.847511250000000000e+06,3.773297750000000000e+06,3.679864750000000000e+06,3.569728000000000000e+06,3.450155250000000000e+06,3.369924250000000000e+06,3.278471250000000000e+06,3.177262500000000000e+06,3.067619500000000000e+06,2.950947250000000000e+06,2.828267250000000000e+06,2.700231750000000000e+06,2.567403750000000000e+06,2.429889500000000000e+06,2.287665500000000000e+06,2.140647000000000000e+06,1.988688750000000000e+06,1.831740500000000000e+06,1.669832250000000000e+06,1.503226375000000000e+06,1.332770875000000000e+06,1.159846500000000000e+06,9.856578125000000000e+05,8.112710625000000000e+05,6.402470625000000000e+05,4.800507187500000000e+05,3.343042812500000000e+05,1.982546875000000000e+05,8.385525781250000000e+04,2.312071679687500000e+04
4.459947500000000000e+06,4.442309000000000000e+06,4.389848500000000000e+06,4.302238000000000000e+06,4.179152750000000000e+06,4.021590750000000000e+06,3.860655250000000000e+06,3.669697750000000000e+06,3.460010750000000000e+06,3.246279000000000000e+06,3.060004000000000000e+06,2.909491000000000000e+06,2.778045000000000000e+06,2.665831250000000000e+06,2.573041250000000000e+06,2.516919750000000000e+06,2.496664250000000000e+06,2.485312750000000000e+06,2.480978750000000000e+06,2.480824500000000000e+06,2.481467750000000000e+06,2.479698500000000000e+06,2.509435750000000000e+06,2.598874500000000000e+06,2.669948250000000000e+06,2.719268250000000000e+06,2.743157000000000000e+06,2.737908750000000000e+06,2.699765250000000000e+06,2.624739500000000000e+06,2.509348750000000000e+06,2.356533250000000000e+06,2.226335250000000000e+06,2.053128250000000000e+06,1.827157250000000000e+06,1.549046000000000000e+06,1.240960375000000000e+06,9.095919375000000000e+05,5.154230625000000000e+05,1.392250468750000000e+05,5.671007324218750000e+03
8.428464375000000000e+05,8.409793125000000000e+05,8.355051875000000000e+05,8.266015000000000000e+05,8.144371250000000000e+05,7.998743750000000000e+05,7.826999375000000000e+05,7.628753125000000000e+05,7.409163750000000000e+05,7.175222500000000000e+05,6.933809375000000000e+05,6.691436875000000000e+05,6.452764375000000000e+05,6.221546875000000000e+05,6.001502500000000000e+05,5.818535625000000000e+05,5.651899375000000000e+05,5.500408750000000000e+05,5.364641875000000000e+05,5.243735625000000000e+05,5.136741875000000000e+05,5.052894687500000000e+05,5.012949375000000000e+05,4.976586250000000000e+05,4.939710312500000000e+05,4.897614375000000000e+05,4.844850625000000000e+05,4.824555000000000000e+05,4.814855000000000000e+05,4.766486250000000000e+05,4.669950312500000000e+05,4.515460937500000000e+05,4.465552812500000000e+05,4.472145000000000000e+05,4.331830625000000000e+05,4.023592812500000000e+05,3.538708125000000000e+05,3.077242500000000000e+05,2.491566875000000000e+05,1.725238750000000000e+05,8.027310156250000000e+04
2.032048125000000000e+05,2.033621406250000000e+05,2.037435000000000000e+05,2.041998593750000000e+05,2.045962187500000000e+05,2.052130937500000000e+05,2.054496562500000000e+05,2.051387656250000000e+05,2.042611250000000000e+05,2.028873906250000000e+05,2.012421875000000000e+05,2.003927812500000000e+05,1.991499218750000000e+05,1.974792031250000000e+05,1.953625156250000000e+05,1.934070937500000000e+05,1.925200781250000000e+05,1.909342500000000000e+05,1.886330468750000000e+05,1.855857656250000000e+05,1.827420937500000000e+05,1.812232187500000000e+05,1.784556250000000000e+05,1.744285156250000000e+05,1.691448281250000000e+05,1.626182187500000000e+05,1.591139375000000000e+05,1.582006875000000000e+05,1.546539687500000000e+05,1.485540625000000000e+05,1.400234843750000000e+05,1.292792500000000000e+05,1.166290859375000000e+05,1.033884609375000000e+05,9.116571875000000000e+04,7.751433593750000000e+04,6.325629687500000000e+04,4.862963671875000000e+04,3.199965234375000000e+04,1.489245507812500000e+04,5.354216308593750000e+03
5.210528125000000000e+05,5.220271875000000000e+05,5.246463750000000000e+05,5.284027500000000000e+05,5.327401250000000000e+05,5.370784375000000000e+05,5.414835625000000000e+05,5.462294375000000000e+05,5.494436875000000000e+05,5.508301250000000000e+05,5.511441875000000000e+05,5.527166875000000000e+05,5.517597500000000000e+05,5.484461875000000000e+05,5.435478125000000000e+05,5.427128125000000000e+05,5.396513125000000000e+05,5.348895625000000000e+05,5.289448750000000000e+05,5.223071875000000000e+05,5.219471562500000000e+05,5.223734687500000000e+05,5.224975937500000000e+05,5.227232812500000000e+05,5.232992500000000000e+05,5.243989375000000000e+05,5.260946250000000000e+05,5.499225625000000000e+05,5.792363125000000000e+05,6.080999375000000000e+05,6.356004375000000000e+05,6.605168125000000000e+05,6.812997500000000000e+05,6.931838125000000000e+05,7.015675625000000000e+05,7.055945000000000000e+05,6.926531250000000000e+05,6.443005625000000000e+05,4.846443750000000000e+05,2.087827812500000000e+05,3.378069531250000000e+04
4.932881562500000000e+05,4.932965625000000000e+05,4.929836562500000000e+05,4.917802812500000000e+05,4.890820937500000000e+05,4.848964062500000000e+05,4.789655625000000000e+05,4.699605625000000000e+05,4.581658437500000000e+05,4.442792812500000000e+05,4.290181250000000000e+05,4.156604375000000000e+05,4.016780625000000000e+05,3.873496250000000000e+05,3.729952187500000000e+05,3.589533750000000000e+05,3.492284687500000000e+05,3.398337187500000000e+05,3.310331250000000000e+05,3.229642812500000000e+05,3.157379062500000000e+05,3.123901250000000000e+05,3.116145625000000000e+05,3.111313125000000000e+05,3.108413750000000000e+05,3.105776250000000000e+05,3.100887812500000000e+05,3.141965937500000000e+05,3.291860937500000000e+05,3.415803125000000000e+05,3.504748750000000000e+05,3.547653750000000000e+05,3.532165625000000000e+05,3.441272500000000000e+05,3.301372187500000000e+05,3.147234687500000000e+05,2.890034687500000000e+05,2.499190625000000000e+05,1.886297031250000000e+05,1.064111875000000000e+05,3.851493359375000000e+04
5.677046875000000000e+04,5.650204687500000000e+04,5.574168750000000000e+04,5.455344531250000000e+04,5.299866015625000000e+04,5.113800781250000000e+04,4.903317968750000000e+04,4.674911328125000000e+04,4.439161328125000000e+04,4.223637109375000000e+04,4.013358593750000000e+04,3.816797656250000000e+04,3.638214453125000000e+04,3.479819531250000000e+04,3.367621093750000000e+04,3.286186718750000000e+04,3.223504296875000000e+04,3.179454687500000000e+04,3.153317578125000000e+04,3.143441210937500000e+04,3.188114062500000000e+04,3.249211718750000000e+04,3.318712500000000000e+04,3.395178906250000000e+04,3.477308203125000000e+04,3.563625781250000000e+04,3.652314453125000000e+04,3.879216015625000000e+04,4.157300390625000000e+04,4.435216015625000000e+04,4.709320312500000000e+04,4.969456250000000000e+04,5.199525390625000000e+04,5.387853515625000000e+04,5.601844921875000000e+04,5.945716015625000000e+04,6.158062500000000000e+04,6.165169140625000000e+04,6.297916015625000000e+04,6.619094531250000000e+04,5.008873046875000000e+04
2.422246750000000000e+06,2.424783000000000000e+06,2.431099250000000000e+06,2.439095000000000000e+06,2.446574500000000000e+06,2.457261250000000000e+06,2.546077500000000000e+06,2.628380750000000000e+06,2.702087000000000000e+06,2.767960250000000000e+06,2.827114250000000000e+06,2.880689000000000000e+06,2.927711500000000000e+06,2.966117500000000000e+06,2.993928250000000000e+06,3.009753750000000000e+06,3.051179000000000000e+06,3.106911750000000000e+06,3.150672000000000000e+06,3.179720750000000000e+06,3.191421250000000000e+06,3.183667000000000000e+06,3.154966750000000000e+06,3.104189250000000000e+06,3.030556250000000000e+06,2.933663000000000000e+06,2.813453500000000000e+06,2.670222500000000000e+06,2.504615250000000000e+06,2.317402500000000000e+06,2.109880000000000000e+06,1.884612000000000000e+06,1.645327625000000000e+06,1.394843250000000000e+06,1.135044375000000000e+06,8.745241875000000000e+05,6.324320625000000000e+05,4.161047500000000000e+05,2.100179218750000000e+05,4.995309375000000000e+04,2.214878662109375000e+03
6.268526250000000000e+05,6.268782500000000000e+05,6.266872500000000000e+05,6.258550625000000000e+05,6.239437500000000000e+05,6.205218750000000000e+05,6.151829375000000000e+05,6.076026875000000000e+05,5.979290625000000000e+05,5.865768125000000000e+05,5.739561250000000000e+05,5.604468125000000000e+05,5.462743125000000000e+05,5.315954375000000000e+05,5.165737812500000000e+05,5.013739062500000000e+05,4.938145625000000000e+05,4.903300312500000000e+05,4.863941562500000000e+05,4.820452187500000000e+05,4.773162500000000000e+05,4.721890937500000000e+05,4.665951562500000000e+05,4.604461562500000000e+05,4.535746250000000000e+05,4.457799687500000000e+05,4.368100937500000000e+05,4.263460625000000000e+05,4.140625937500000000e+05,4.001406562500000000e+05,3.923965312500000000e+05,3.824727812500000000e+05,3.695097500000000000e+05,3.530473750000000000e+05,3.332101562500000000e+05,3.088220312500000000e+05,2.759239687500000000e+05,2.345100312500000000e+05,1.952628281250000000e+05,1.584703437500000000e+05,9.309224218750000000e+04
5.544350781250000000e+04,5.543369531250000000e+04,5.539781640625000000e+04,5.532380859375000000e+04,5.519744531250000000e+04,5.500347656250000000e+04,5.472669921875000000e+04,5.435430468750000000e+04,5.389024218750000000e+04,5.334925390625000000e+04,5.294281250000000000e+04,5.271240234375000000e+04,5.243839453125000000e+04,5.212877343750000000e+04,5.179484375000000000e+04,5.144898828125000000e+04,5.110299609375000000e+04,5.133579296875000000e+04,5.172059375000000000e+04,5.208572656250000000e+04,5.243766796875000000e+04,5.277710546875000000e+04,5.309850390625000000e+04,5.339255078125000000e+04,5.526747656250000000e+04,5.794322265625000000e+04,6.040528906250000000e+04,6.259238281250000000e+04,6.442466015625000000e+04,6.578223437500000000e+04,6.652275000000000000e+04,6.648407031250000000e+04,6.586646093750000000e+04,6.591706250000000000e+04,6.471979296875000000e+04,6.188992578125000000e+04,5.725736328125000000e+04,5.033473046875000000e+04,3.952111328125000000e+04,2.483774609375000000e+04,1.212945996093750000e+04
1.724765429687500000e+04,1.729456445312500000e+04,1.742228515625000000e+04,1.760938281250000000e+04,1.783309765625000000e+04,1.807068164062500000e+04,1.832812304687500000e+04,1.860873437500000000e+04,1.885605273437500000e+04,1.907367968750000000e+04,1.933917773437500000e+04,1.967340820312500000e+04,1.998568359375000000e+04,2.027878320312500000e+04,2.064979687500000000e+04,2.115882421875000000e+04,2.164166796875000000e+04,2.210603515625000000e+04,2.255793945312500000e+04,2.304561718750000000e+04,2.383941210937500000e+04,2.461060156250000000e+04,2.536275195312500000e+04,2.609791406250000000e+04,2.681644140625000000e+04,2.751746679687500000e+04,2.831207812500000000e+04,3.040477539062500000e+04,3.248510546875000000e+04,3.455896875000000000e+04,3.663297265625000000e+04,3.864358593750000000e+04,4.046630468750000000e+04,4.216959375000000000e+04,4.512889062500000000e+04,4.958591015625000000e+04,5.307478515625000000e+04,5.535287500000000000e+04,6.531886718750000000e+04,8.988953125000000000e+04,8.308579687500000000e+04
2.131267750000000000e+06,2.129225750000000000e+06,2.122057250000000000e+06,2.110031500000000000e+06,2.100990000000000000e+06,2.082443625000000000e+06,2.051651625000000000e+06,2.006680750000000000e+06,1.948766250000000000e+06,1.880910750000000000e+06,1.808369875000000000e+06,1.755365625000000000e+06,1.696688375000000000e+06,1.633120750000000000e+06,1.565757750000000000e+06,1.495846375000000000e+06,1.424578500000000000e+06,1.387442750000000000e+06,1.376682125000000000e+06,1.355999750000000000e+06,1.326656875000000000e+06,1.289751500000000000e+06,1.246172625000000000e+06,1.196628750000000000e+06,1.141669500000000000e+06,1.081719625000000000e+06,1.020126625000000000e+06,9.731838750000000000e+05,9.213841875000000000e+05,8.644449375000000000e+05,8.022098750000000000e+05,7.346782500000000000e+05,6.620450625000000000e+05,5.848070000000000000e+05,5.037890000000000000e+05,4.200283437500000000e+05,3.350405000000000000e+05,2.512825625000000000e+05,1.715432968750000000e+05,9.930370312500000000e+04,4.275667187500000000e+04
4.909034500000000000e+06,4.926315500000000000e+06,4.975306000000000000e+06,5.051727500000000000e+06,5.151292500000000000e+06,5.283274000000000000e+06,5.469412000000000000e+06,5.670112500000000000e+06,5.878996000000000000e+06,6.089463000000000000e+06,6.302728500000000000e+06,6.615004500000000000e+06,6.906715500000000000e+06,7.175438000000000000e+06,7.418847500000000000e+06,7.636169000000000000e+06,7.828661000000000000e+06,8.225613500000000000e+06,8.684346000000000000e+06,9.100223000000000000e+06,9.478390000000000000e+06,9.822450000000000000e+06,1.013437100000000000e+07,1.041521500000000000e+07,1.066168600000000000e+07,1.086845400000000000e+07,1.102693900000000000e+07,1.112418400000000000e+07,1.114456000000000000e+07,1.111939000000000000e+07,1.116113400000000000e+07,1.108282100000000000e+07,1.085151800000000000e+07,1.040960000000000000e+07,9.668916000000000000e+06,8.590915000000000000e+06,7.251872500000000000e+06,5.631818000000000000e+06,3.423722250000000000e+06,1.070697625000000000e+06,7.509930468750000000e+04
5.996565000000000000e+05,5.983928750000000000e+05,5.947533125000000000e+05,5.889455625000000000e+05,5.811594375000000000e+05,5.728949375000000000e+05,5.634563750000000000e+05,5.526851250000000000e+05,5.408433750000000000e+05,5.282930000000000000e+05,5.154290312500000000e+05,5.026624062500000000e+05,4.902925000000000000e+05,4.816167500000000000e+05,4.745710000000000000e+05,4.683353437500000000e+05,4.630584687500000000e+05,4.588913125000000000e+05,4.559379375000000000e+05,4.542230312500000000e+05,4.596556562500000000e+05,4.663025000000000000e+05,4.738982812500000000e+05,4.824367187500000000e+05,4.918626250000000000e+05,5.020858437500000000e+05,5.129720000000000000e+05,5.388371250000000000e+05,5.774721875000000000e+05,6.164413125000000000e+05,6.548436250000000000e+05,6.913619375000000000e+05,7.242408750000000000e+05,7.489849375000000000e+05,7.668295625000000000e+05,7.897063750000000000e+05,7.944169375000000000e+05,7.608227500000000000e+05,6.234475625000000000e+05,3.531125000000000000e+05,1.053832500000000000e+05
2.077382656250000000e+05,2.070233281250000000e+05,2.049505937500000000e+05,2.016165937500000000e+05,1.971106250000000000e+05,1.915239375000000000e+05,1.849575468750000000e+05,1.775338281250000000e+05,1.724800781250000000e+05,1.696790312500000000e+05,1.661391093750000000e+05,1.620390625000000000e+05,1.575602656250000000e+05,1.528855312500000000e+05,1.482146093750000000e+05,1.437230156250000000e+05,1.395360312500000000e+05,1.357628906250000000e+05,1.324721093750000000e+05,1.301298593750000000e+05,1.300755781250000000e+05,1.305287421875000000e+05,1.314366718750000000e+05,1.327424687500000000e+05,1.343768437500000000e+05,1.362627812500000000e+05,1.383062187500000000e+05,1.403883750000000000e+05,1.423856718750000000e+05,1.441942500000000000e+05,1.456978281250000000e+05,1.465969375000000000e+05,1.464522656250000000e+05,1.452378437500000000e+05,1.435319843750000000e+05,1.406466718750000000e+05,1.329346718750000000e+05,1.203418359375000000e+05,1.141406406250000000e+05,1.159600703125000000e+05,8.281469531250000000e+04
4.524654500000000000e+06,4.485524000000000000e+06,4.402496000000000000e+06,4.277380000000000000e+06,4.119473000000000000e+06,3.938297000000000000e+06,3.743321250000000000e+06,3.543937750000000000e+06,3.348380000000000000e+06,3.164442500000000000e+06,3.000271500000000000e+06,2.863549000000000000e+06,2.755401750000000000e+06,2.673888250000000000e+06,2.617419250000000000e+06,2.583792000000000000e+06,2.569713000000000000e+06,2.571781750000000000e+06,2.586756000000000000e+06,2.611605250000000000e+06,2.673040000000000000e+06,2.750497000000000000e+06,2.833675000000000000e+06,2.920412250000000000e+06,3.008600250000000000e+06,3.096012750000000000e+06,3.179908500000000000e+06,3.256852000000000000e+06,3.322475250000000000e+06,3.369375000000000000e+06,3.388769750000000000e+06,3.371306000000000000e+06,3.307035000000000000e+06,3.175458250000000000e+06,2.943236000000000000e+06,2.599382250000000000e+06,2.180500250000000000e+06,1.678066375000000000e+06,9.664361875000000000e+05,2.372627187500000000e+05,4.151792480468750000e+03
9.613978906250000000e+04,9.528857812500000000e+04,9.291778125000000000e+04,8.930892187500000000e+04,8.474762500000000000e+04,7.951788281250000000e+04,7.389670312500000000e+04,6.814842968750000000e+04,6.258502343750000000e+04,5.766640234375000000e+04,5.321302734375000000e+04,4.939072265625000000e+04,4.621969140625000000e+04,4.365596875000000000e+04,4.166295312500000000e+04,4.018912109375000000e+04,3.916604296875000000e+04,3.894656640625000000e+04,3.900531640625000000e+04,3.928830859375000000e+04,3.973786718750000000e+04,4.030351953125000000e+04,4.094101953125000000e+04,4.160319921875000000e+04,4.224662109375000000e+04,4.304269921875000000e+04,4.537317578125000000e+04,4.755908203125000000e+04,4.951873828125000000e+04,5.114175390625000000e+04,5.229806250000000000e+04,5.283562109375000000e+04,5.258946484375000000e+04,5.134652734375000000e+04,5.069364843750000000e+04,4.909937109375000000e+04,4.614488281250000000e+04,4.140208203125000000e+04,3.392280078125000000e+04,2.323511132812500000e+04,1.236834179687500000e+04
3.800129250000000000e+06,3.803132500000000000e+06,3.811189500000000000e+06,3.822606500000000000e+06,3.835437000000000000e+06,3.847597000000000000e+06,3.856973000000000000e+06,3.879006750000000000e+06,3.901716500000000000e+06,3.917000250000000000e+06,3.923610750000000000e+06,3.920776500000000000e+06,3.954675000000000000e+06,3.976526000000000000e+06,3.984324000000000000e+06,3.978358250000000000e+06,3.976002250000000000e+06,4.013803500000000000e+06,4.031293250000000000e+06,4.029333250000000000e+06,4.008650750000000000e+06,3.969655000000000000e+06,3.917169500000000000e+06,4.028046500000000000e+06,4.097771500000000000e+06,4.126024250000000000e+06,4.111965500000000000e+06,4.054251250000000000e+06,3.951385750000000000e+06,3.801412000000000000e+06,3.602710500000000000e+06,3.355818250000000000e+06,3.152982000000000000e+06,2.902106750000000000e+06,2.596550500000000000e+06,2.235450250000000000e+06,1.830912750000000000e+06,1.390964875000000000e+06,8.982987500000000000e+05,4.008706562500000000e+05,9.562425000000000000e+04
4.871118500000000000e+06,4.853639000000000000e+06,4.800775000000000000e+06,4.711452500000000000e+06,4.584851500000000000e+06,4.421233500000000000e+06,4.222483500000000000e+06,3.992957750000000000e+06,3.744725250000000000e+06,3.492863500000000000e+06,3.250750750000000000e+06,3.029220750000000000e+06,2.831757250000000000e+06,2.718977500000000000e+06,2.636801000000000000e+06,2.570834750000000000e+06,2.521151500000000000e+06,2.487631500000000000e+06,2.469188500000000000e+06,2.463341000000000000e+06,2.467345000000000000e+06,2.478274500000000000e+06,2.492957000000000000e+06,2.507946500000000000e+06,2.519677500000000000e+06,2.524369500000000000e+06,2.518111500000000000e+06,2.540752750000000000e+06,2.554781000000000000e+06,2.550090500000000000e+06,2.520764750000000000e+06,2.460769750000000000e+06,2.364117500000000000e+06,2.223193500000000000e+06,2.028778500000000000e+06,1.777957125000000000e+06,1.481008125000000000e+06,1.143010625000000000e+06,7.455506250000000000e+05,3.367949375000000000e+05,8.570635156250000000e+04
9.593702343750000000e+04,9.582106250000000000e+04,9.548155468750000000e+04,9.493020312500000000e+04,9.417771875000000000e+04,9.323414062500000000e+04,9.210914062500000000e+04,9.081381250000000000e+04,8.937525781250000000e+04,8.782980468750000000e+04,8.621352343750000000e+04,8.456156250000000000e+04,8.290433593750000000e+04,8.126998437500000000e+04,7.968672656250000000e+04,7.817919531250000000e+04,7.692568750000000000e+04,7.609516406250000000e+04,7.538678906250000000e+04,7.480867187500000000e+04,7.436910156250000000e+04,7.406907812500000000e+04,7.390280468750000000e+04,7.386214843750000000e+04,7.432355468750000000e+04,7.551084375000000000e+04,7.672653906250000000e+04,7.790793750000000000e+04,7.897699218750000000e+04,7.981403906250000000e+04,8.052438281250000000e+04,8.568674218750000000e+04,8.989214062500000000e+04,9.266732812500000000e+04,9.341546093750000000e+04,9.136214062500000000e+04,8.876095312500000000e+04,8.436952343750000000e+04,7.615107812500000000e+04,6.223154687500000000e+04,3.669996484375000000e+04
3.214829750000000000e+06,3.214763000000000000e+06,3.213764250000000000e+06,3.210397000000000000e+06,3.203011750000000000e+06,3.189870500000000000e+06,3.169261250000000000e+06,3.139664000000000000e+06,3.100447250000000000e+06,3.051660750000000000e+06,2.994635250000000000e+06,2.968128750000000000e+06,2.930238500000000000e+06,2.881650500000000000e+06,2.823374500000000000e+06,2.756713000000000000e+06,2.683121250000000000e+06,2.604073500000000000e+06,2.559504750000000000e+06,2.567439250000000000e+06,2.559868000000000000e+06,2.538442750000000000e+06,2.504426500000000000e+06,2.458775750000000000e+06,2.401847500000000000e+06,2.333674750000000000e+06,2.253946750000000000e+06,2.162004750000000000e+06,2.057123000000000000e+06,1.943936375000000000e+06,1.853634500000000000e+06,1.748723625000000000e+06,1.627089625000000000e+06,1.486868875000000000e+06,1.326572500000000000e+06,1.145404375000000000e+06,9.446171250000000000e+05,7.285068750000000000e+05,5.014021562500000000e+05,2.757135625000000000e+05,9.962053125000000000e+04
6.074420000000000000e+06,6.064512000000000000e+06,6.034316000000000000e+06,5.982606500000000000e+06,5.907793500000000000e+06,5.808287000000000000e+06,5.684239000000000000e+06,5.578585000000000000e+06,5.445816000000000000e+06,5.287896500000000000e+06,5.108057000000000000e+06,4.910578000000000000e+06,4.699818500000000000e+06,4.516494500000000000e+06,4.345330000000000000e+06,4.162390250000000000e+06,3.971706750000000000e+06,3.776825750000000000e+06,3.580364500000000000e+06,3.383794250000000000e+06,3.188124250000000000e+06,2.993744500000000000e+06,2.886831750000000000e+06,2.777849750000000000e+06,2.654872250000000000e+06,2.518568500000000000e+06,2.369441250000000000e+06,2.207995250000000000e+06,2.034845875000000000e+06,1.850813625000000000e+06,1.657090375000000000e+06,1.455890125000000000e+06,1.262998125000000000e+06,1.088910250000000000e+06,9.086783750000000000e+05,7.250185000000000000e+05,5.477607500000000000e+05,3.807385000000000000e+05,2.111549843750000000e+05,6.273609765625000000e+04,5.552012207031250000e+03
5.764031000000000000e+06,5.746732500000000000e+06,5.695807000000000000e+06,5.611687500000000000e+06,5.494435500000000000e+06,5.344770500000000000e+06,5.164782000000000000e+06,4.958643500000000000e+06,4.773956000000000000e+06,4.591868000000000000e+06,4.409525500000000000e+06,4.238179500000000000e+06,4.081200500000000000e+06,3.990601000000000000e+06,3.925845750000000000e+06,3.863993750000000000e+06,3.803857250000000000e+06,3.743549500000000000e+06,3.680597750000000000e+06,3.770743750000000000e+06,3.858158750000000000e+06,3.910910000000000000e+06,3.927953500000000000e+06,3.907957250000000000e+06,3.850398250000000000e+06,3.755110750000000000e+06,3.622431500000000000e+06,3.453513750000000000e+06,3.288911500000000000e+06,3.129892500000000000e+06,2.938331250000000000e+06,2.714177000000000000e+06,2.458454000000000000e+06,2.171801000000000000e+06,1.854340375000000000e+06,1.512442125000000000e+06,1.164893250000000000e+06,8.239521250000000000e+05,4.764943437500000000e+05,1.664150156250000000e+05,2.429375195312500000e+04
3.463656562500000000e+05,3.469170000000000000e+05,3.495132812500000000e+05,3.533118437500000000e+05,3.578564687500000000e+05,3.626837812500000000e+05,3.673353437500000000e+05,3.713923125000000000e+05,3.747113437500000000e+05,3.774337187500000000e+05,3.853028437500000000e+05,3.924063125000000000e+05,3.986531562500000000e+05,4.039291562500000000e+05,4.081563125000000000e+05,4.113484375000000000e+05,4.304490000000000000e+05,4.524957500000000000e+05,4.723085312500000000e+05,4.900527812500000000e+05,5.059111875000000000e+05,5.201053437500000000e+05,5.328828750000000000e+05,5.444763125000000000e+05,5.550555000000000000e+05,5.714721250000000000e+05,5.935710625000000000e+05,6.163186250000000000e+05,6.395187500000000000e+05,6.625212500000000000e+05,6.844463750000000000e+05,7.040147500000000000e+05,7.195258125000000000e+05,7.271149375000000000e+05,7.199047500000000000e+05,6.922753125000000000e+05,6.428231875000000000e+05,5.621740625000000000e+05,4.178930625000000000e+05,2.205859218750000000e+05,7.189897656250000000e+04
4.571115500000000000e+06,4.564885500000000000e+06,4.546579000000000000e+06,4.516562000000000000e+06,4.475003000000000000e+06,4.421978500000000000e+06,4.357563500000000000e+06,4.282034500000000000e+06,4.197067500000000000e+06,4.116417500000000000e+06,4.040059250000000000e+06,3.961502000000000000e+06,3.882575500000000000e+06,3.804909750000000000e+06,3.730366250000000000e+06,3.681341750000000000e+06,3.652195750000000000e+06,3.627232750000000000e+06,3.607454000000000000e+06,3.593176000000000000e+06,3.584628250000000000e+06,3.635430500000000000e+06,3.692323000000000000e+06,3.749163500000000000e+06,3.804013000000000000e+06,3.854236000000000000e+06,3.896220750000000000e+06,4.076105250000000000e+06,4.301521500000000000e+06,4.487490500000000000e+06,4.618637000000000000e+06,4.678488500000000000e+06,4.650186000000000000e+06,4.502462000000000000e+06,4.296029500000000000e+06,3.978260750000000000e+06,3.520569500000000000e+06,2.878142500000000000e+06,1.787019250000000000e+06,4.914787187500000000e+05,1.074369726562500000e+04
4.915312000000000000e+06,4.924641500000000000e+06,4.950675500000000000e+06,4.990265500000000000e+06,5.040039500000000000e+06,5.096490000000000000e+06,5.176279000000000000e+06,5.267251500000000000e+06,5.355372500000000000e+06,5.436438500000000000e+06,5.506664000000000000e+06,5.610438500000000000e+06,5.713480000000000000e+06,5.796376000000000000e+06,5.858991000000000000e+06,5.902244000000000000e+06,5.972185500000000000e+06,6.068974500000000000e+06,6.143606500000000000e+06,6.199091500000000000e+06,6.238217000000000000e+06,6.262772500000000000e+06,6.273576000000000000e+06,6.270810000000000000e+06,6.441641500000000000e+06,6.651837000000000000e+06,6.829305000000000000e+06,6.966507000000000000e+06,7.053608500000000000e+06,7.075140000000000000e+06,7.013237000000000000e+06,6.849765500000000000e+06,6.567677000000000000e+06,6.270819500000000000e+06,5.885915000000000000e+06,5.307428500000000000e+06,4.561058000000000000e+06,3.620655500000000000e+06,2.287273000000000000e+06,7.684291875000000000e+05,6.077349218750000000e+04
1.757894125000000000e+06,1.747354750000000000e+06,1.717495750000000000e+06,1.671067750000000000e+06,1.610906125000000000e+06,1.539862125000000000e+06,1.460744375000000000e+06,1.376324125000000000e+06,1.289781875000000000e+06,1.204368875000000000e+06,1.123025375000000000e+06,1.048240437500000000e+06,9.810952500000000000e+05,9.220042500000000000e+05,8.713500000000000000e+05,8.290894375000000000e+05,7.988440000000000000e+05,7.763263125000000000e+05,7.604133750000000000e+05,7.503823125000000000e+05,7.455501875000000000e+05,7.452306875000000000e+05,7.487126875000000000e+05,7.552741875000000000e+05,7.718619375000000000e+05,7.930433125000000000e+05,8.150207500000000000e+05,8.367351875000000000e+05,8.568393125000000000e+05,8.731598750000000000e+05,8.976595000000000000e+05,9.555436875000000000e+05,9.999465625000000000e+05,1.021550062500000000e+06,1.004381000000000000e+06,9.386523750000000000e+05,8.689893750000000000e+05,7.642791875000000000e+05,5.216777812500000000e+05,1.663910312500000000e+05,6.569657226562500000e+03
7.474021000000000000e+06,7.417327500000000000e+06,7.258482000000000000e+06,7.014453000000000000e+06,6.746144500000000000e+06,6.548950500000000000e+06,6.311919000000000000e+06,6.042892000000000000e+06,5.755720500000000000e+06,5.467651500000000000e+06,5.196953500000000000e+06,4.960959500000000000e+06,4.764710500000000000e+06,4.606970500000000000e+06,4.486459500000000000e+06,4.400423500000000000e+06,4.343905500000000000e+06,4.314930500000000000e+06,4.365658000000000000e+06,4.431625500000000000e+06,4.506801000000000000e+06,4.585706500000000000e+06,4.663399500000000000e+06,4.734653000000000000e+06,4.794229000000000000e+06,4.836663500000000000e+06,4.856001000000000000e+06,4.845745500000000000e+06,4.798842500000000000e+06,4.706669500000000000e+06,4.560374500000000000e+06,4.352278500000000000e+06,4.076256250000000000e+06,3.722789750000000000e+06,3.279062250000000000e+06,2.751070750000000000e+06,2.179195000000000000e+06,1.581052625000000000e+06,9.101658750000000000e+05,2.898758750000000000e+05,3.076757226562500000e+04
8.613346875000000000e+05,8.637847500000000000e+05,8.704518125000000000e+05,8.801899375000000000e+05,8.917785000000000000e+05,9.040160625000000000e+05,9.193296875000000000e+05,9.338500000000000000e+05,9.466403750000000000e+05,9.601195000000000000e+05,9.789712500000000000e+05,9.965622500000000000e+05,1.012885187500000000e+06,1.036761937500000000e+06,1.063330000000000000e+06,1.086498750000000000e+06,1.106166250000000000e+06,1.125091875000000000e+06,1.156682250000000000e+06,1.181947875000000000e+06,1.200592750000000000e+06,1.212278500000000000e+06,1.216644500000000000e+06,1.213283250000000000e+06,1.230637000000000000e+06,1.263980625000000000e+06,1.283179375000000000e+06,1.287182000000000000e+06,1.274941375000000000e+06,1.245325750000000000e+06,1.197374250000000000e+06,1.130540000000000000e+06,1.044889687500000000e+06,9.721015625000000000e+05,8.825614375000000000e+05,7.737630625000000000e+05,6.476470000000000000e+05,5.059850937500000000e+05,3.449968437500000000e+05,1.758531718750000000e+05,5.555388281250000000e+04
5.975575000000000000e+05,5.948441875000000000e+05,5.870116250000000000e+05,5.746607500000000000e+05,5.594633125000000000e+05,5.408173125000000000e+05,5.191388437500000000e+05,4.948823437500000000e+05,4.687306562500000000e+05,4.414877187500000000e+05,4.139369375000000000e+05,3.868021875000000000e+05,3.605487500000000000e+05,3.355074375000000000e+05,3.119854375000000000e+05,2.906595312500000000e+05,2.733410000000000000e+05,2.573050312500000000e+05,2.425472968750000000e+05,2.289615000000000000e+05,2.164342031250000000e+05,2.048207656250000000e+05,1.939497500000000000e+05,1.836532656250000000e+05,1.737681875000000000e+05,1.706183125000000000e+05,1.670185156250000000e+05,1.625842031250000000e+05,1.572245156250000000e+05,1.508863750000000000e+05,1.435247500000000000e+05,1.350616562500000000e+05,1.254198750000000000e+05,1.153699453125000000e+05,1.080066640625000000e+05,1.000873984375000000e+05,9.026948437500000000e+04,7.855527343750000000e+04,6.924836718750000000e+04,6.293769531250000000e+04,4.345152343750000000e+04
1.411359625000000000e+06,1.406635500000000000e+06,1.393106750000000000e+06,1.371712500000000000e+06,1.343373125000000000e+06,1.309009000000000000e+06,1.269555500000000000e+06,1.228101500000000000e+06,1.191457500000000000e+06,1.153088375000000000e+06,1.114297250000000000e+06,1.076393875000000000e+06,1.040117062500000000e+06,1.005927500000000000e+06,9.743094375000000000e+05,9.454909375000000000e+05,9.193388125000000000e+05,8.956931875000000000e+05,8.890469375000000000e+05,8.962573750000000000e+05,9.023018750000000000e+05,9.067171875000000000e+05,9.088901875000000000e+05,9.080995625000000000e+05,9.035417500000000000e+05,8.943437500000000000e+05,8.796099375000000000e+05,8.584688125000000000e+05,8.300713125000000000e+05,7.936060625000000000e+05,7.528048125000000000e+05,7.162091875000000000e+05,6.708338750000000000e+05,6.155329375000000000e+05,5.488060000000000000e+05,4.707576562500000000e+05,3.848964062500000000e+05,2.928821562500000000e+05,1.889583906250000000e+05,8.392760937500000000e+04,2.211745117187500000e+04
1.221917000000000000e+06,1.221866250000000000e+06,1.221573000000000000e+06,1.220795500000000000e+06,1.219263125000000000e+06,1.216692375000000000e+06,1.213352875000000000e+06,1.209825250000000000e+06,1.204892500000000000e+06,1.198821000000000000e+06,1.191897125000000000e+06,1.184394750000000000e+06,1.176330375000000000e+06,1.167590875000000000e+06,1.158673500000000000e+06,1.151123125000000000e+06,1.142225250000000000e+06,1.131668500000000000e+06,1.119084750000000000e+06,1.104028375000000000e+06,1.087168375000000000e+06,1.072128625000000000e+06,1.052847625000000000e+06,1.028848125000000000e+06,9.997143125000000000e+05,9.666897500000000000e+05,9.373485625000000000e+05,9.006418750000000000e+05,8.563868750000000000e+05,8.045860000000000000e+05,7.585026250000000000e+05,7.068950000000000000e+05,6.450830000000000000e+05,5.740790625000000000e+05,5.342954375000000000e+05,4.847687187500000000e+05,4.130520625000000000e+05,3.266795000000000000e+05,2.563692500000000000e+05,1.789991250000000000e+05,8.583366406250000000e+04
2.701128906250000000e+04,2.706904687500000000e+04,2.723372656250000000e+04,2.749121875000000000e+04,2.782639257812500000e+04,2.824961718750000000e+04,2.878891210937500000e+04,2.936714648437500000e+04,2.996968750000000000e+04,3.058494921875000000e+04,3.137911132812500000e+04,3.223618164062500000e+04,3.307608203125000000e+04,3.389367578125000000e+04,3.491150000000000000e+04,3.608944921875000000e+04,3.721314843750000000e+04,3.828341015625000000e+04,3.930132031250000000e+04,4.055879296875000000e+04,4.210798828125000000e+04,4.357112890625000000e+04,4.494758593750000000e+04,4.623342187500000000e+04,4.741603906250000000e+04,4.847788281250000000e+04,5.042698437500000000e+04,5.354443359375000000e+04,5.640943750000000000e+04,5.892488281250000000e+04,6.096904296875000000e+04,6.237431250000000000e+04,6.293796484375000000e+04,6.242411718750000000e+04,6.189678906250000000e+04,6.115878125000000000e+04,5.869538671875000000e+04,5.393173437500000000e+04,4.664885156250000000e+04,3.622210546875000000e+04,2.175454101562500000e+04
3.791080000000000000e+05,3.789403125000000000e+05,3.783815625000000000e+05,3.773361562500000000e+05,3.756979062500000000e+05,3.733564062500000000e+05,3.702031875000000000e+05,3.661500000000000000e+05,3.614007812500000000e+05,3.564520937500000000e+05,3.509326562500000000e+05,3.449682812500000000e+05,3.386307812500000000e+05,3.319697187500000000e+05,3.250411875000000000e+05,3.179826562500000000e+05,3.115195937500000000e+05,3.048270000000000000e+05,2.979029687500000000e+05,2.907067187500000000e+05,2.831962812500000000e+05,2.764730000000000000e+05,2.697639375000000000e+05,2.623240937500000000e+05,2.540282187500000000e+05,2.447473281250000000e+05,2.371367656250000000e+05,2.280799375000000000e+05,2.172568593750000000e+05,2.045360312500000000e+05,1.930344687500000000e+05,1.801617656250000000e+05,1.644470312500000000e+05,1.459368906250000000e+05,1.346761562500000000e+05,1.196559140625000000e+05,9.942553906250000000e+04,7.609504687500000000e+04,5.203367578125000000e+04,2.300516796875000000e+04,5.500558105468750000e+03
1.537325000000000000e+06,1.536675750000000000e+06,1.533717125000000000e+06,1.526762875000000000e+06,1.515008375000000000e+06,1.502475500000000000e+06,1.480918875000000000e+06,1.448992375000000000e+06,1.407975875000000000e+06,1.360560250000000000e+06,1.309395375000000000e+06,1.264238125000000000e+06,1.221367375000000000e+06,1.177831375000000000e+06,1.134438625000000000e+06,1.091926875000000000e+06,1.050844875000000000e+06,1.011654562500000000e+06,9.842243750000000000e+05,9.601420625000000000e+05,9.361762500000000000e+05,9.120355000000000000e+05,8.872665625000000000e+05,8.613598750000000000e+05,8.337225000000000000e+05,8.037347500000000000e+05,8.052632500000000000e+05,8.015000625000000000e+05,7.893821875000000000e+05,7.681876875000000000e+05,7.372913125000000000e+05,6.962239375000000000e+05,6.448120000000000000e+05,5.847335000000000000e+05,5.352751250000000000e+05,4.772336875000000000e+05,4.087877812500000000e+05,3.304975625000000000e+05,2.472188750000000000e+05,1.604687500000000000e+05,7.321958593750000000e+04
6.622779500000000000e+06,6.596622500000000000e+06,6.521077500000000000e+06,6.399957500000000000e+06,6.236803000000000000e+06,6.035416000000000000e+06,5.800255500000000000e+06,5.536950000000000000e+06,5.293839500000000000e+06,5.067630500000000000e+06,4.836752000000000000e+06,4.612010000000000000e+06,4.399609500000000000e+06,4.203420000000000000e+06,4.027350750000000000e+06,3.921360500000000000e+06,3.951409000000000000e+06,3.981774750000000000e+06,4.015093250000000000e+06,4.051876250000000000e+06,4.091426750000000000e+06,4.131924250000000000e+06,4.170499000000000000e+06,4.203425500000000000e+06,4.226154500000000000e+06,4.233490000000000000e+06,4.233235000000000000e+06,4.275797000000000000e+06,4.292341000000000000e+06,4.272970000000000000e+06,4.206887000000000000e+06,4.084118250000000000e+06,3.895565750000000000e+06,3.625658000000000000e+06,3.251620500000000000e+06,2.773270000000000000e+06,2.234837500000000000e+06,1.645987500000000000e+06,9.253678125000000000e+05,2.413977031250000000e+05,8.460694335937500000e+03
3.141900000000000000e+06,3.149636750000000000e+06,3.171668250000000000e+06,3.206246750000000000e+06,3.251631750000000000e+06,3.310062250000000000e+06,3.379345500000000000e+06,3.454866250000000000e+06,3.535225750000000000e+06,3.619329750000000000e+06,3.706019250000000000e+06,3.796990750000000000e+06,3.908365250000000000e+06,4.017383250000000000e+06,4.121404250000000000e+06,4.217788000000000000e+06,4.307564000000000000e+06,4.429968000000000000e+06,4.535020500000000000e+06,4.619352000000000000e+06,4.679596000000000000e+06,4.712529500000000000e+06,4.800460500000000000e+06,4.848347000000000000e+06,4.852304000000000000e+06,4.809083500000000000e+06,4.716062500000000000e+06,4.663291500000000000e+06,4.726230500000000000e+06,4.693346500000000000e+06,4.560438500000000000e+06,4.327034500000000000e+06,3.997011000000000000e+06,3.574454250000000000e+06,3.161594750000000000e+06,2.703517750000000000e+06,2.190959000000000000e+06,1.634428500000000000e+06,9.879049375000000000e+05,3.434967500000000000e+05,3.938785546875000000e+04
1.185022500000000000e+06,1.186321500000000000e+06,1.190178125000000000e+06,1.196524500000000000e+06,1.205286625000000000e+06,1.216390250000000000e+06,1.229765125000000000e+06,1.245349625000000000e+06,1.263090750000000000e+06,1.282947750000000000e+06,1.310134625000000000e+06,1.340513750000000000e+06,1.373088250000000000e+06,1.407589250000000000e+06,1.443749250000000000e+06,1.481303000000000000e+06,1.528303750000000000e+06,1.582752000000000000e+06,1.637885500000000000e+06,1.693415375000000000e+06,1.749040250000000000e+06,1.804482250000000000e+06,1.881636500000000000e+06,1.966323500000000000e+06,2.049756250000000000e+06,2.131297750000000000e+06,2.210060000000000000e+06,2.284803000000000000e+06,2.425555750000000000e+06,2.624192750000000000e+06,2.808039250000000000e+06,2.968639250000000000e+06,3.096005250000000000e+06,3.165242500000000000e+06,3.129771000000000000e+06,3.081421750000000000e+06,2.956474750000000000e+06,2.665339750000000000e+06,1.887465250000000000e+06,7.013851250000000000e+05,7.314129687500000000e+04
1.061451750000000000e+06,1.060122125000000000e+06,1.056337500000000000e+06,1.050309750000000000e+06,1.043524062500000000e+06,1.035675312500000000e+06,1.026075312500000000e+06,1.014728750000000000e+06,1.001822250000000000e+06,9.880756250000000000e+05,9.771976250000000000e+05,9.660803125000000000e+05,9.551974375000000000e+05,9.449729375000000000e+05,9.422270000000000000e+05,9.411956250000000000e+05,9.413393750000000000e+05,9.429550000000000000e+05,9.511520000000000000e+05,9.665040000000000000e+05,9.827080000000000000e+05,9.997546875000000000e+05,1.017501875000000000e+06,1.037481437500000000e+06,1.072795625000000000e+06,1.106913750000000000e+06,1.139076125000000000e+06,1.168164125000000000e+06,1.192664000000000000e+06,1.209933375000000000e+06,1.283465750000000000e+06,1.349361500000000000e+06,1.393661375000000000e+06,1.405101000000000000e+06,1.365108250000000000e+06,1.263006500000000000e+06,1.164694500000000000e+06,1.011170375000000000e+06,6.973560625000000000e+05,2.543832656250000000e+05,2.452584570312500000e+04
1.647040500000000000e+06,1.646567625000000000e+06,1.644782500000000000e+06,1.641099125000000000e+06,1.648761875000000000e+06,1.666884750000000000e+06,1.684028500000000000e+06,1.698332875000000000e+06,1.708435000000000000e+06,1.713333875000000000e+06,1.712155875000000000e+06,1.704214375000000000e+06,1.689295875000000000e+06,1.667466375000000000e+06,1.638903625000000000e+06,1.603995875000000000e+06,1.563331625000000000e+06,1.517529125000000000e+06,1.467171375000000000e+06,1.412769000000000000e+06,1.354804125000000000e+06,1.293638500000000000e+06,1.229532625000000000e+06,1.176105500000000000e+06,1.121339500000000000e+06,1.063624000000000000e+06,1.002842875000000000e+06,9.388543125000000000e+05,8.715330000000000000e+05,8.007056250000000000e+05,7.262878125000000000e+05,6.485763125000000000e+05,5.681889375000000000e+05,4.853100000000000000e+05,3.997007187500000000e+05,3.134749375000000000e+05,2.325822656250000000e+05,1.587816875000000000e+05,8.524493750000000000e+04,2.404250390625000000e+04,2.583722656250000000e+03
5.899175000000000000e+05,5.903197500000000000e+05,5.919465000000000000e+05,5.944965625000000000e+05,5.971311875000000000e+05,5.992612500000000000e+05,6.003448125000000000e+05,6.011594375000000000e+05,6.018000625000000000e+05,6.006068125000000000e+05,5.977296875000000000e+05,5.977840625000000000e+05,5.970681875000000000e+05,5.951758750000000000e+05,5.925925625000000000e+05,5.946596250000000000e+05,5.978005625000000000e+05,6.004536250000000000e+05,6.028784375000000000e+05,6.051519375000000000e+05,6.072670000000000000e+05,6.157201875000000000e+05,6.247298125000000000e+05,6.323875000000000000e+05,6.382521250000000000e+05,6.417761875000000000e+05,6.422973125000000000e+05,6.390308750000000000e+05,6.414876250000000000e+05,6.602648750000000000e+05,6.702758125000000000e+05,6.694959375000000000e+05,6.558754375000000000e+05,6.273903125000000000e+05,5.820694375000000000e+05,5.311108125000000000e+05,4.758270937500000000e+05,4.023470000000000000e+05,3.078131875000000000e+05,1.923208125000000000e+05,7.964251562500000000e+04
3.413287000000000000e+06,3.412687500000000000e+06,3.407809500000000000e+06,3.393369750000000000e+06,3.363847750000000000e+06,3.336932000000000000e+06,3.298005000000000000e+06,3.228301250000000000e+06,3.130705750000000000e+06,3.012446250000000000e+06,2.902162250000000000e+06,2.807770500000000000e+06,2.704271000000000000e+06,2.596261250000000000e+06,2.488279250000000000e+06,2.384431750000000000e+06,2.288031500000000000e+06,2.240869000000000000e+06,2.244680500000000000e+06,2.250179500000000000e+06,2.260176250000000000e+06,2.276351250000000000e+06,2.299414750000000000e+06,2.329591500000000000e+06,2.366112500000000000e+06,2.407670750000000000e+06,2.452373250000000000e+06,2.497598750000000000e+06,2.539886250000000000e+06,2.613609000000000000e+06,2.697772500000000000e+06,2.769591250000000000e+06,2.820127250000000000e+06,2.827551750000000000e+06,2.752090750000000000e+06,2.570284250000000000e+06,2.303020250000000000e+06,1.914698125000000000e+06,1.213268125000000000e+06,3.661551875000000000e+05,2.179206835937500000e+04
1.607201625000000000e+06,1.602525750000000000e+06,1.588609375000000000e+06,1.565578375000000000e+06,1.533564125000000000e+06,1.492772750000000000e+06,1.443539875000000000e+06,1.386466500000000000e+06,1.323299625000000000e+06,1.256353375000000000e+06,1.187824500000000000e+06,1.119674125000000000e+06,1.053043125000000000e+06,9.921545625000000000e+05,9.363236875000000000e+05,8.831483750000000000e+05,8.327876875000000000e+05,7.853695625000000000e+05,7.408377500000000000e+05,6.988893125000000000e+05,6.592198125000000000e+05,6.242876875000000000e+05,5.954945625000000000e+05,5.668007500000000000e+05,5.379143125000000000e+05,5.085571250000000000e+05,4.784944687500000000e+05,4.475505312500000000e+05,4.219164375000000000e+05,4.100913125000000000e+05,3.933330000000000000e+05,3.716055625000000000e+05,3.449272500000000000e+05,3.138882500000000000e+05,2.796574687500000000e+05,2.531639687500000000e+05,2.239679062500000000e+05,1.901710000000000000e+05,1.618120781250000000e+05,1.398832968750000000e+05,8.736803125000000000e+04
4.716126000000000000e+06,4.709278500000000000e+06,4.689121000000000000e+06,4.656077000000000000e+06,4.610414500000000000e+06,4.552304500000000000e+06,4.481880000000000000e+06,4.399395000000000000e+06,4.306300000000000000e+06,4.204803000000000000e+06,4.097216500000000000e+06,3.985818000000000000e+06,3.871835250000000000e+06,3.756030750000000000e+06,3.639271250000000000e+06,3.522010250000000000e+06,3.404103500000000000e+06,3.285437750000000000e+06,3.165617750000000000e+06,3.043798000000000000e+06,2.919161750000000000e+06,2.790835500000000000e+06,2.657913500000000000e+06,2.519602500000000000e+06,2.408140000000000000e+06,2.292826500000000000e+06,2.169618000000000000e+06,2.037784000000000000e+06,1.896752250000000000e+06,1.746176750000000000e+06,1.586011625000000000e+06,1.417070375000000000e+06,1.240921875000000000e+06,1.058556500000000000e+06,8.703536250000000000e+05,6.809881875000000000e+05,5.024647500000000000e+05,3.395877500000000000e+05,1.809968750000000000e+05,5.079920703125000000e+04,4.494729003906250000e+03
4.813290000000000000e+06,4.809528000000000000e+06,4.798270000000000000e+06,4.779267500000000000e+06,4.752043000000000000e+06,4.716065500000000000e+06,4.677975000000000000e+06,4.674525000000000000e+06,4.662387000000000000e+06,4.641191500000000000e+06,4.611275000000000000e+06,4.573495500000000000e+06,4.527788500000000000e+06,4.473586000000000000e+06,4.410476500000000000e+06,4.510726000000000000e+06,4.584056000000000000e+06,4.627419000000000000e+06,4.640619000000000000e+06,4.623909500000000000e+06,4.577439000000000000e+06,4.501615500000000000e+06,4.397113000000000000e+06,4.264620500000000000e+06,4.105041500000000000e+06,3.919436250000000000e+06,3.709045250000000000e+06,3.521019000000000000e+06,3.331040250000000000e+06,3.119618500000000000e+06,2.886922000000000000e+06,2.633445250000000000e+06,2.360227250000000000e+06,2.068665250000000000e+06,1.760373875000000000e+06,1.439464375000000000e+06,1.116274125000000000e+06,8.011381250000000000e+05,4.922395625000000000e+05,2.129711718750000000e+05,5.150405859375000000e+04
6.966099000000000000e+06,6.967390500000000000e+06,6.968940000000000000e+06,6.967027500000000000e+06,6.957742500000000000e+06,6.948396500000000000e+06,6.966188000000000000e+06,6.966478500000000000e+06,6.947915500000000000e+06,6.911901000000000000e+06,6.859995500000000000e+06,6.793667000000000000e+06,6.712738500000000000e+06,6.616439000000000000e+06,6.504364500000000000e+06,6.376493000000000000e+06,6.429521000000000000e+06,6.494343500000000000e+06,6.523206000000000000e+06,6.514736000000000000e+06,6.467841000000000000e+06,6.381727500000000000e+06,6.255832000000000000e+06,6.089842000000000000e+06,5.883604500000000000e+06,5.637278000000000000e+06,5.351537500000000000e+06,5.121148000000000000e+06,4.867483000000000000e+06,4.572775000000000000e+06,4.235187500000000000e+06,3.855589250000000000e+06,3.437328750000000000e+06,2.981725000000000000e+06,2.488220000000000000e+06,1.971526625000000000e+06,1.470972625000000000e+06,1.001842562500000000e+06,5.303209375000000000e+05,1.419326718750000000e+05,8.930794921875000000e+03
1.549909250000000000e+06,1.552179250000000000e+06,1.557792375000000000e+06,1.564775625000000000e+06,1.571021250000000000e+06,1.574408750000000000e+06,1.572914875000000000e+06,1.567025000000000000e+06,1.557754500000000000e+06,1.542654875000000000e+06,1.522850375000000000e+06,1.499475125000000000e+06,1.480916250000000000e+06,1.461836000000000000e+06,1.439571750000000000e+06,1.414744625000000000e+06,1.391478500000000000e+06,1.379075375000000000e+06,1.364075375000000000e+06,1.346843000000000000e+06,1.327661375000000000e+06,1.308739375000000000e+06,1.307403500000000000e+06,1.301175000000000000e+06,1.289598750000000000e+06,1.272016125000000000e+06,1.247572125000000000e+06,1.215728250000000000e+06,1.242240500000000000e+06,1.249979375000000000e+06,1.236483000000000000e+06,1.199590375000000000e+06,1.137735375000000000e+06,1.048715375000000000e+06,9.397361250000000000e+05,8.315381875000000000e+05,7.019346250000000000e+05,5.499600000000000000e+05,3.537413437500000000e+05,1.378220468750000000e+05,2.279892187500000000e+04
1.637547031250000000e+05,1.639728906250000000e+05,1.645590156250000000e+05,1.654028125000000000e+05,1.663867031250000000e+05,1.673893906250000000e+05,1.682892656250000000e+05,1.694038281250000000e+05,1.712685156250000000e+05,1.728009062500000000e+05,1.739408593750000000e+05,1.746400156250000000e+05,1.748467812500000000e+05,1.746591875000000000e+05,1.762858593750000000e+05,1.770505937500000000e+05,1.769362031250000000e+05,1.759309375000000000e+05,1.740328593750000000e+05,1.712507343750000000e+05,1.675958593750000000e+05,1.659538906250000000e+05,1.667107656250000000e+05,1.659007812500000000e+05,1.635626406250000000e+05,1.597389375000000000e+05,1.544759375000000000e+05,1.478269687500000000e+05,1.398559531250000000e+05,1.306318515625000000e+05,1.202441015625000000e+05,1.096394140625000000e+05,1.003033593750000000e+05,9.010238281250000000e+04,7.895194531250000000e+04,6.695631250000000000e+04,5.463778125000000000e+04,4.220070312500000000e+04,2.863141210937500000e+04,1.474301855468750000e+04,6.201145019531250000e+03
5.067759000000000000e+06,5.066369000000000000e+06,5.062730500000000000e+06,5.057430000000000000e+06,5.050862000000000000e+06,5.043337500000000000e+06,5.035177500000000000e+06,5.026743000000000000e+06,5.018042000000000000e+06,5.009004500000000000e+06,4.999829000000000000e+06,5.001242000000000000e+06,5.031523000000000000e+06,5.056755000000000000e+06,5.074517500000000000e+06,5.082345000000000000e+06,5.077634000000000000e+06,5.057722000000000000e+06,5.028753000000000000e+06,5.033082000000000000e+06,5.010360500000000000e+06,4.958826000000000000e+06,4.877176500000000000e+06,4.764290000000000000e+06,4.619487500000000000e+06,4.442433500000000000e+06,4.233220500000000000e+06,4.172188000000000000e+06,4.059614750000000000e+06,3.889179250000000000e+06,3.660324750000000000e+06,3.374734750000000000e+06,3.036821250000000000e+06,2.650772000000000000e+06,2.244977750000000000e+06,1.868426125000000000e+06,1.475446125000000000e+06,1.073426500000000000e+06,6.282219375000000000e+05,1.989606406250000000e+05,1.537013867187500000e+04
1.335539125000000000e+06,1.337140500000000000e+06,1.341851625000000000e+06,1.349493375000000000e+06,1.359849375000000000e+06,1.372684625000000000e+06,1.391338750000000000e+06,1.412404000000000000e+06,1.435490125000000000e+06,1.460257750000000000e+06,1.486447625000000000e+06,1.520311250000000000e+06,1.559418625000000000e+06,1.599178875000000000e+06,1.639346000000000000e+06,1.679899375000000000e+06,1.740450125000000000e+06,1.800140125000000000e+06,1.858833000000000000e+06,1.916482750000000000e+06,1.973019875000000000e+06,2.058771750000000000e+06,2.146441500000000000e+06,2.232201000000000000e+06,2.316227250000000000e+06,2.398661500000000000e+06,2.479692500000000000e+06,2.632047250000000000e+06,2.852729000000000000e+06,3.073255500000000000e+06,3.290252500000000000e+06,3.501452250000000000e+06,3.705255500000000000e+06,3.875860000000000000e+06,4.012894500000000000e+06,4.153041000000000000e+06,4.246505500000000000e+06,4.153578750000000000e+06,3.136992250000000000e+06,1.137673875000000000e+06,7.661052343750000000e+04
1.391932500000000000e+06,1.390370500000000000e+06,1.385725750000000000e+06,1.378028125000000000e+06,1.371019500000000000e+06,1.362207250000000000e+06,1.350888250000000000e+06,1.336864000000000000e+06,1.320144375000000000e+06,1.300901000000000000e+06,1.279374625000000000e+06,1.255881000000000000e+06,1.230824125000000000e+06,1.204666125000000000e+06,1.180682750000000000e+06,1.166074500000000000e+06,1.150827375000000000e+06,1.135495750000000000e+06,1.120603625000000000e+06,1.106606750000000000e+06,1.093940375000000000e+06,1.082941500000000000e+06,1.073854750000000000e+06,1.066875125000000000e+06,1.090987000000000000e+06,1.128056125000000000e+06,1.166622125000000000e+06,1.206623000000000000e+06,1.247645875000000000e+06,1.288013500000000000e+06,1.325384000000000000e+06,1.357088875000000000e+06,1.380024875000000000e+06,1.399498500000000000e+06,1.418432000000000000e+06,1.396640750000000000e+06,1.338559125000000000e+06,1.210036875000000000e+06,8.572949375000000000e+05,3.140776562500000000e+05,3.195341015625000000e+04
3.552712500000000000e+06,3.557462500000000000e+06,3.567822250000000000e+06,3.577148500000000000e+06,3.586789500000000000e+06,3.588083000000000000e+06,3.568325000000000000e+06,3.522793000000000000e+06,3.474512500000000000e+06,3.417238250000000000e+06,3.348892000000000000e+06,3.277154250000000000e+06,3.241135250000000000e+06,3.211351500000000000e+06,3.180218750000000000e+06,3.150570750000000000e+06,3.153072250000000000e+06,3.189268500000000000e+06,3.226618500000000000e+06,3.266631750000000000e+06,3.310211000000000000e+06,3.357817500000000000e+06,3.484342250000000000e+06,3.707929000000000000e+06,3.928868750000000000e+06,4.147759500000000000e+06,4.364286000000000000e+06,4.577130000000000000e+06,4.783319000000000000e+06,4.974359500000000000e+06,5.138981000000000000e+06,5.368378000000000000e+06,5.634790000000000000e+06,5.846107500000000000e+06,5.904099000000000000e+06,5.741497000000000000e+06,5.398303000000000000e+06,4.733666000000000000e+06,3.070372250000000000e+06,8.010255000000000000e+05,6.828566894531250000e+03
3.255936750000000000e+06,3.257386500000000000e+06,3.261505750000000000e+06,3.267894000000000000e+06,3.276090250000000000e+06,3.285591250000000000e+06,3.300871750000000000e+06,3.329746000000000000e+06,3.359968500000000000e+06,3.390885250000000000e+06,3.421917500000000000e+06,3.452577000000000000e+06,3.482471000000000000e+06,3.511304750000000000e+06,3.545522500000000000e+06,3.619937750000000000e+06,3.691872250000000000e+06,3.761252000000000000e+06,3.828158750000000000e+06,3.892822750000000000e+06,3.955526500000000000e+06,4.016628750000000000e+06,4.210263500000000000e+06,4.455158000000000000e+06,4.695999000000000000e+06,4.933112000000000000e+06,5.166668500000000000e+06,5.396648000000000000e+06,5.621698000000000000e+06,5.834704000000000000e+06,6.025940500000000000e+06,6.307371000000000000e+06,6.651634000000000000e+06,6.957519500000000000e+06,7.105137500000000000e+06,7.016395000000000000e+06,6.758489000000000000e+06,6.124445000000000000e+06,4.071036500000000000e+06,1.045392375000000000e+06,4.311284667968750000e+03
4.704952000000000000e+06,4.723393500000000000e+06,4.792397500000000000e+06,4.897313500000000000e+06,5.029731000000000000e+06,5.181058000000000000e+06,5.342516500000000000e+06,5.505344000000000000e+06,5.706993500000000000e+06,5.960831500000000000e+06,6.193566000000000000e+06,6.396641000000000000e+06,6.564701000000000000e+06,6.694163500000000000e+06,7.109533000000000000e+06,7.478474500000000000e+06,7.765300500000000000e+06,7.971345500000000000e+06,8.099435000000000000e+06,8.153890000000000000e+06,8.139593000000000000e+06,8.060922000000000000e+06,7.921739500000000000e+06,7.725775500000000000e+06,7.479710500000000000e+06,7.301684000000000000e+06,7.075283500000000000e+06,6.799165500000000000e+06,6.472118500000000000e+06,6.092313500000000000e+06,5.658444500000000000e+06,5.171148500000000000e+06,4.633212000000000000e+06,4.046322000000000000e+06,3.411004750000000000e+06,2.741627000000000000e+06,2.077812750000000000e+06,1.442162000000000000e+06,8.072386875000000000e+05,2.615634375000000000e+05,3.098991601562500000e+04
6.406077343750000000e+04,6.396521484375000000e+04,6.381001562500000000e+04,6.355261718750000000e+04,6.313039453125000000e+04,6.250365234375000000e+04,6.163520312500000000e+04,6.049561718750000000e+04,5.908535937500000000e+04,5.742690625000000000e+04,5.559112890625000000e+04,5.430159765625000000e+04,5.277383593750000000e+04,5.105148828125000000e+04,4.918375390625000000e+04,4.722191406250000000e+04,4.521479296875000000e+04,4.320794531250000000e+04,4.203050781250000000e+04,4.156912109375000000e+04,4.095551171875000000e+04,4.023759375000000000e+04,3.945069921875000000e+04,3.862181640625000000e+04,3.776544531250000000e+04,3.688880859375000000e+04,3.599130078125000000e+04,3.506407421875000000e+04,3.409701953125000000e+04,3.308518359375000000e+04,3.269132812500000000e+04,3.237097460937500000e+04,3.199589453125000000e+04,3.159479492187500000e+04,3.132463671875000000e+04,3.110491015625000000e+04,3.023780273437500000e+04,2.869271093750000000e+04,2.905112109375000000e+04,3.222644921875000000e+04,2.706529492187500000e+04
3.000041500000000000e+06,2.994048500000000000e+06,2.975334750000000000e+06,2.942550000000000000e+06,2.894293500000000000e+06,2.829418500000000000e+06,2.747269500000000000e+06,2.648150500000000000e+06,2.536120500000000000e+06,2.425007250000000000e+06,2.314005250000000000e+06,2.205530000000000000e+06,2.102160750000000000e+06,2.005365750000000000e+06,1.916652500000000000e+06,1.837024750000000000e+06,1.780106875000000000e+06,1.733571625000000000e+06,1.695107625000000000e+06,1.663924625000000000e+06,1.639159375000000000e+06,1.619595250000000000e+06,1.617531125000000000e+06,1.627610750000000000e+06,1.636156500000000000e+06,1.640894125000000000e+06,1.639262750000000000e+06,1.628423750000000000e+06,1.635225000000000000e+06,1.689748750000000000e+06,1.715334125000000000e+06,1.705932000000000000e+06,1.656320000000000000e+06,1.559082000000000000e+06,1.408794750000000000e+06,1.261996625000000000e+06,1.075434125000000000e+06,8.434769375000000000e+05,5.093465000000000000e+05,1.372799062500000000e+05,2.469970214843750000e+03
1.305480125000000000e+06,1.299596750000000000e+06,1.282885875000000000e+06,1.256736375000000000e+06,1.222514375000000000e+06,1.181570625000000000e+06,1.135246875000000000e+06,1.084913500000000000e+06,1.032844500000000000e+06,9.819920625000000000e+05,9.322990625000000000e+05,8.853867500000000000e+05,8.419875625000000000e+05,8.024188125000000000e+05,7.670202500000000000e+05,7.393490625000000000e+05,7.157824375000000000e+05,6.952895000000000000e+05,6.774298125000000000e+05,6.615395625000000000e+05,6.488814375000000000e+05,6.411921250000000000e+05,6.327749375000000000e+05,6.229214375000000000e+05,6.109785000000000000e+05,5.963058125000000000e+05,5.867221250000000000e+05,5.742285625000000000e+05,5.562386250000000000e+05,5.323690625000000000e+05,5.023575312500000000e+05,4.799602187500000000e+05,4.669468750000000000e+05,4.409487812500000000e+05,4.018982812500000000e+05,3.504631250000000000e+05,2.937992812500000000e+05,2.410412656250000000e+05,1.795193750000000000e+05,1.093435546875000000e+05,4.515428515625000000e+04
1.336346125000000000e+06,1.335721000000000000e+06,1.335315625000000000e+06,1.333570750000000000e+06,1.329443875000000000e+06,1.321988250000000000e+06,1.310516625000000000e+06,1.296362375000000000e+06,1.282765750000000000e+06,1.267893000000000000e+06,1.253968000000000000e+06,1.245946500000000000e+06,1.248765000000000000e+06,1.253667250000000000e+06,1.260181125000000000e+06,1.276473250000000000e+06,1.301409250000000000e+06,1.324127750000000000e+06,1.343576625000000000e+06,1.368050125000000000e+06,1.404817375000000000e+06,1.431760750000000000e+06,1.447730500000000000e+06,1.451575625000000000e+06,1.456938875000000000e+06,1.520581875000000000e+06,1.558949125000000000e+06,1.570859000000000000e+06,1.555489250000000000e+06,1.512399500000000000e+06,1.441695875000000000e+06,1.345294500000000000e+06,1.267942000000000000e+06,1.167056125000000000e+06,1.040060687500000000e+06,8.877040625000000000e+05,7.178775625000000000e+05,5.355781250000000000e+05,3.310050625000000000e+05,1.291093125000000000e+05,2.374963671875000000e+04
6.442293125000000000e+05,6.430410625000000000e+05,6.395060625000000000e+05,6.336430000000000000e+05,6.254461875000000000e+05,6.148993125000000000e+05,6.019879375000000000e+05,5.867267500000000000e+05,5.693152500000000000e+05,5.500763750000000000e+05,5.307111875000000000e+05,5.112794375000000000e+05,4.908150000000000000e+05,4.695884687500000000e+05,4.478964062500000000e+05,4.260059375000000000e+05,4.049005937500000000e+05,3.866858437500000000e+05,3.683039687500000000e+05,3.498755625000000000e+05,3.315080000000000000e+05,3.132570312500000000e+05,2.951311250000000000e+05,2.812941250000000000e+05,2.668740937500000000e+05,2.518136093750000000e+05,2.361088125000000000e+05,2.197498906250000000e+05,2.027320000000000000e+05,1.915045312500000000e+05,1.824975625000000000e+05,1.705935625000000000e+05,1.559739843750000000e+05,1.388339843750000000e+05,1.193292578125000000e+05,1.004439531250000000e+05,8.330284375000000000e+04,6.531373046875000000e+04,4.478985156250000000e+04,2.235659179687500000e+04,7.721896484375000000e+03
1.100036484375000000e+05,1.100547890625000000e+05,1.101521406250000000e+05,1.102037500000000000e+05,1.101118750000000000e+05,1.097784218750000000e+05,1.091100078125000000e+05,1.080304765625000000e+05,1.065594921875000000e+05,1.047717343750000000e+05,1.029779843750000000e+05,1.010501562500000000e+05,9.897485156250000000e+04,9.677389062500000000e+04,9.447440625000000000e+04,9.216762500000000000e+04,9.028995312500000000e+04,8.834264843750000000e+04,8.634331250000000000e+04,8.429389843750000000e+04,8.219518750000000000e+04,8.078806250000000000e+04,7.933866406250000000e+04,7.770596093750000000e+04,7.586153125000000000e+04,7.377246093750000000e+04,7.238632031250000000e+04,7.092108593750000000e+04,6.892229687500000000e+04,6.634352343750000000e+04,6.314265625000000000e+04,6.219570312500000000e+04,6.154626171875000000e+04,5.935196875000000000e+04,5.556738671875000000e+04,5.017065625000000000e+04,4.521795703125000000e+04,3.983555468750000000e+04,3.343808203125000000e+04,2.569070507812500000e+04,1.565590625000000000e+04
4.095033500000000000e+06,4.095594750000000000e+06,4.097234000000000000e+06,4.099778750000000000e+06,4.102948250000000000e+06,4.106395750000000000e+06,4.109745500000000000e+06,4.112661000000000000e+06,4.125632750000000000e+06,4.146490750000000000e+06,4.168367500000000000e+06,4.191559500000000000e+06,4.215924500000000000e+06,4.241148000000000000e+06,4.269861000000000000e+06,4.336955500000000000e+06,4.402274000000000000e+06,4.464804000000000000e+06,4.523210500000000000e+06,4.575606000000000000e+06,4.632288500000000000e+06,4.739282500000000000e+06,4.828939000000000000e+06,4.897500000000000000e+06,4.940472500000000000e+06,4.952973500000000000e+06,4.929762000000000000e+06,5.070679500000000000e+06,5.211852500000000000e+06,5.272323000000000000e+06,5.239423000000000000e+06,5.102220500000000000e+06,4.852807000000000000e+06,4.481395000000000000e+06,4.109140500000000000e+06,3.651146500000000000e+06,3.085198000000000000e+06,2.408352750000000000e+06,1.538860250000000000e+06,5.812399375000000000e+05,7.469669531250000000e+04
6.425299375000000000e+05,6.435686250000000000e+05,6.464255625000000000e+05,6.506822500000000000e+05,6.558948125000000000e+05,6.616103750000000000e+05,6.673808750000000000e+05,6.764366250000000000e+05,6.874316875000000000e+05,6.977590625000000000e+05,7.072578125000000000e+05,7.158195000000000000e+05,7.233662500000000000e+05,7.373201875000000000e+05,7.535750625000000000e+05,7.679133125000000000e+05,7.803905625000000000e+05,7.910608750000000000e+05,7.999391875000000000e+05,8.069748125000000000e+05,8.245420000000000000e+05,8.598473750000000000e+05,8.908099375000000000e+05,9.171455000000000000e+05,9.383086875000000000e+05,9.536055625000000000e+05,9.621527500000000000e+05,9.628465000000000000e+05,9.544702500000000000e+05,9.354831875000000000e+05,9.043510625000000000e+05,8.765306875000000000e+05,8.415578750000000000e+05,7.911292500000000000e+05,7.210693125000000000e+05,6.303401250000000000e+05,5.246553125000000000e+05,4.047715000000000000e+05,2.558101562500000000e+05,9.999251562500000000e+04,1.921454687500000000e+04
6.902430625000000000e+05,6.897375625000000000e+05,6.879056875000000000e+05,6.841468125000000000e+05,6.777919375000000000e+05,6.682151875000000000e+05,6.596293125000000000e+05,6.495085625000000000e+05,6.351978125000000000e+05,6.175752500000000000e+05,5.976739375000000000e+05,5.871755000000000000e+05,5.754807500000000000e+05,5.620961250000000000e+05,5.476875000000000000e+05,5.328806250000000000e+05,5.371921875000000000e+05,5.487684375000000000e+05,5.569003750000000000e+05,5.622231250000000000e+05,5.651784375000000000e+05,5.660195000000000000e+05,5.648301250000000000e+05,5.615686875000000000e+05,5.560708750000000000e+05,5.512450000000000000e+05,5.519721250000000000e+05,5.502333750000000000e+05,5.454900625000000000e+05,5.372250625000000000e+05,5.249107500000000000e+05,5.077890937500000000e+05,4.849695625000000000e+05,4.562227187500000000e+05,4.221912187500000000e+05,3.819940312500000000e+05,3.317351562500000000e+05,2.727890937500000000e+05,2.183492968750000000e+05,1.688654687500000000e+05,9.431231250000000000e+04
3.331675250000000000e+06,3.323418500000000000e+06,3.298589750000000000e+06,3.256775750000000000e+06,3.202226250000000000e+06,3.148836750000000000e+06,3.077425000000000000e+06,2.988057000000000000e+06,2.886070500000000000e+06,2.779401500000000000e+06,2.675659750000000000e+06,2.585045750000000000e+06,2.538943250000000000e+06,2.501878500000000000e+06,2.474602750000000000e+06,2.457662250000000000e+06,2.451000750000000000e+06,2.454445250000000000e+06,2.496519000000000000e+06,2.638433250000000000e+06,2.782568500000000000e+06,2.928362750000000000e+06,3.075125250000000000e+06,3.221694750000000000e+06,3.366742500000000000e+06,3.508604000000000000e+06,3.645210000000000000e+06,3.789290750000000000e+06,4.010130750000000000e+06,4.233220500000000000e+06,4.449570500000000000e+06,4.648313500000000000e+06,4.815972500000000000e+06,4.915283000000000000e+06,4.874656500000000000e+06,4.646757000000000000e+06,4.256931000000000000e+06,3.625055000000000000e+06,2.369877750000000000e+06,7.598545000000000000e+05,5.383879296875000000e+04
1.191631640625000000e+05,1.192819062500000000e+05,1.195161875000000000e+05,1.196983046875000000e+05,1.203264062500000000e+05,1.204765937500000000e+05,1.198774765625000000e+05,1.183151406250000000e+05,1.172843515625000000e+05,1.152750468750000000e+05,1.122015390625000000e+05,1.082117890625000000e+05,1.053918906250000000e+05,1.018309218750000000e+05,9.752754687500000000e+04,9.273985156250000000e+04,8.770756250000000000e+04,8.263497656250000000e+04,8.065365625000000000e+04,7.852187500000000000e+04,7.608260156250000000e+04,7.348982812500000000e+04,7.083800000000000000e+04,6.819183593750000000e+04,6.557367968750000000e+04,6.298595312500000000e+04,6.041640234375000000e+04,5.783919140625000000e+04,5.522789062500000000e+04,5.332482421875000000e+04,5.188081250000000000e+04,5.040483203125000000e+04,4.880714843750000000e+04,4.711423437500000000e+04,4.551926171875000000e+04,4.389781640625000000e+04,4.135489843750000000e+04,3.788980859375000000e+04,3.664615625000000000e+04,3.847449609375000000e+04,3.050283007812500000e+04
6.101191000000000000e+06,6.099545000000000000e+06,6.090731000000000000e+06,6.068353000000000000e+06,6.025762500000000000e+06,5.956646000000000000e+06,5.855534500000000000e+06,5.718897500000000000e+06,5.551640000000000000e+06,5.363174000000000000e+06,5.162618500000000000e+06,4.958196000000000000e+06,4.878477500000000000e+06,4.829580000000000000e+06,4.771690000000000000e+06,4.707874000000000000e+06,4.642118500000000000e+06,4.578538500000000000e+06,4.520332500000000000e+06,4.469256000000000000e+06,4.426873000000000000e+06,4.394078000000000000e+06,4.371069500000000000e+06,4.369421000000000000e+06,4.454735500000000000e+06,4.556391000000000000e+06,4.671818000000000000e+06,4.797201500000000000e+06,4.927167000000000000e+06,5.051504000000000000e+06,5.157328000000000000e+06,5.229863000000000000e+06,5.252118500000000000e+06,5.186192000000000000e+06,4.966890500000000000e+06,4.560171500000000000e+06,4.006245750000000000e+06,3.259511250000000000e+06,2.046742125000000000e+06,6.524585000000000000e+05,5.509491015625000000e+04
1.904694687500000000e+05,1.899299375000000000e+05,1.883941875000000000e+05,1.860277343750000000e+05,1.824480312500000000e+05,1.775263281250000000e+05,1.712115781250000000e+05,1.639187187500000000e+05,1.559028906250000000e+05,1.472127812500000000e+05,1.383298750000000000e+05,1.302554062500000000e+05,1.229616953125000000e+05,1.160547421875000000e+05,1.096519531250000000e+05,1.038103359375000000e+05,9.943956250000000000e+04,9.546402343750000000e+04,9.176711718750000000e+04,8.828103906250000000e+04,8.492388281250000000e+04,8.161835937500000000e+04,7.923410937500000000e+04,7.682735156250000000e+04,7.414257812500000000e+04,7.114478906250000000e+04,6.780871875000000000e+04,6.412570703125000000e+04,6.040085937500000000e+04,5.922858593750000000e+04,5.716534375000000000e+04,5.422401562500000000e+04,5.044485937500000000e+04,4.589121875000000000e+04,4.063778515625000000e+04,3.594413671875000000e+04,3.142515039062500000e+04,2.650165625000000000e+04,2.106314648437500000e+04,1.503181152343750000e+04,9.315691406250000000e+03
3.109411875000000000e+05,3.113374062500000000e+05,3.124697500000000000e+05,3.142529687500000000e+05,3.166009375000000000e+05,3.194269062500000000e+05,3.226438750000000000e+05,3.261684375000000000e+05,3.299571875000000000e+05,3.339914062500000000e+05,3.423312500000000000e+05,3.562953125000000000e+05,3.709001250000000000e+05,3.860080937500000000e+05,4.014770312500000000e+05,4.171742500000000000e+05,4.329802500000000000e+05,4.487693437500000000e+05,4.644025312500000000e+05,4.797222500000000000e+05,4.945564062500000000e+05,5.086995625000000000e+05,5.219112500000000000e+05,5.382640625000000000e+05,5.599006875000000000e+05,5.810885000000000000e+05,6.012187500000000000e+05,6.194986250000000000e+05,6.349811250000000000e+05,6.463958750000000000e+05,6.522856250000000000e+05,6.509002500000000000e+05,6.402848125000000000e+05,6.181050625000000000e+05,5.816680625000000000e+05,5.289521875000000000e+05,4.595282187500000000e+05,3.734455937500000000e+05,2.689527500000000000e+05,1.538941718750000000e+05,6.015607031250000000e+04
2.597436250000000000e+06,2.584023250000000000e+06,2.546233750000000000e+06,2.487746000000000000e+06,2.412234250000000000e+06,2.362006250000000000e+06,2.311410750000000000e+06,2.254771250000000000e+06,2.193714250000000000e+06,2.130434500000000000e+06,2.067741625000000000e+06,2.008733000000000000e+06,1.954607500000000000e+06,1.905566750000000000e+06,1.861883750000000000e+06,1.823302000000000000e+06,1.788745375000000000e+06,1.756987750000000000e+06,1.726635625000000000e+06,1.710066875000000000e+06,1.703814375000000000e+06,1.694327500000000000e+06,1.679945375000000000e+06,1.659035250000000000e+06,1.630268250000000000e+06,1.592452125000000000e+06,1.544559250000000000e+06,1.485799625000000000e+06,1.415496750000000000e+06,1.333066375000000000e+06,1.238143500000000000e+06,1.130971375000000000e+06,1.012393312500000000e+06,8.828283125000000000e+05,7.422314375000000000e+05,5.942299375000000000e+05,4.489741562500000000e+05,3.111884062500000000e+05,1.716858281250000000e+05,5.205582812500000000e+04,5.931814453125000000e+03
9.516477500000000000e+05,9.511078125000000000e+05,9.490838125000000000e+05,9.448618125000000000e+05,9.376628125000000000e+05,9.267323125000000000e+05,9.114163750000000000e+05,8.912826250000000000e+05,8.972008125000000000e+05,9.025553750000000000e+05,9.018155625000000000e+05,8.955907500000000000e+05,8.846006250000000000e+05,8.696649375000000000e+05,8.517351250000000000e+05,8.318860000000000000e+05,8.112200625000000000e+05,7.907541875000000000e+05,7.780551250000000000e+05,7.736398125000000000e+05,7.709392500000000000e+05,7.700878125000000000e+05,7.710829375000000000e+05,7.738826250000000000e+05,7.781665000000000000e+05,7.834966875000000000e+05,7.892418750000000000e+05,7.944853125000000000e+05,7.981226875000000000e+05,7.985150625000000000e+05,7.937768125000000000e+05,7.817853125000000000e+05,7.602526875000000000e+05,7.257761250000000000e+05,6.737021875000000000e+05,6.018612500000000000e+05,5.133044062500000000e+05,4.075352500000000000e+05,2.723454062500000000e+05,1.255082734375000000e+05,3.492590625000000000e+04
5.903155000000000000e+05,5.915885000000000000e+05,5.950521875000000000e+05,6.001375000000000000e+05,6.068383750000000000e+05,6.167836875000000000e+05,6.268008125000000000e+05,6.361405625000000000e+05,6.442165000000000000e+05,6.512025000000000000e+05,6.629320000000000000e+05,6.715471250000000000e+05,6.770315000000000000e+05,6.795957500000000000e+05,6.794720625000000000e+05,6.808010625000000000e+05,6.844856250000000000e+05,6.853331875000000000e+05,6.836920000000000000e+05,6.797863125000000000e+05,6.737881875000000000e+05,6.657163125000000000e+05,6.554575625000000000e+05,6.428556875000000000e+05,6.371889375000000000e+05,6.424698750000000000e+05,6.428372500000000000e+05,6.375945625000000000e+05,6.260228125000000000e+05,6.073631875000000000e+05,5.809209375000000000e+05,5.462321250000000000e+05,5.031602812500000000e+05,4.588288125000000000e+05,4.151024687500000000e+05,3.629854375000000000e+05,3.035065312500000000e+05,2.371715000000000000e+05,1.602006406250000000e+05,7.721886718750000000e+04,2.206893945312500000e+04
5.671493750000000000e+05,5.685446250000000000e+05,5.724787500000000000e+05,5.785648750000000000e+05,5.882951250000000000e+05,6.003149375000000000e+05,6.136211875000000000e+05,6.276930625000000000e+05,6.419666250000000000e+05,6.558593750000000000e+05,6.755116875000000000e+05,6.939966875000000000e+05,7.102796250000000000e+05,7.241646250000000000e+05,7.354740625000000000e+05,7.462667500000000000e+05,7.622708125000000000e+05,7.747601250000000000e+05,7.838484375000000000e+05,7.896698125000000000e+05,7.923422500000000000e+05,7.918908125000000000e+05,7.882552500000000000e+05,7.813355000000000000e+05,7.803525000000000000e+05,7.941956875000000000e+05,8.024409375000000000e+05,8.043276875000000000e+05,7.990238750000000000e+05,7.855805000000000000e+05,7.630397500000000000e+05,7.304030000000000000e+05,6.868144375000000000e+05,6.331905625000000000e+05,5.889378125000000000e+05,5.342280625000000000e+05,4.660345000000000000e+05,3.840656250000000000e+05,2.936526562500000000e+05,1.952596875000000000e+05,8.950835937500000000e+04
7.202243500000000000e+06,7.196453000000000000e+06,7.176824000000000000e+06,7.139628000000000000e+06,7.081032000000000000e+06,6.997482500000000000e+06,6.886020500000000000e+06,6.745076000000000000e+06,6.579690500000000000e+06,6.398468000000000000e+06,6.209768000000000000e+06,6.114985000000000000e+06,6.061124500000000000e+06,6.004474500000000000e+06,5.946273500000000000e+06,5.887854500000000000e+06,5.830259500000000000e+06,5.774355000000000000e+06,5.719722000000000000e+06,5.664113500000000000e+06,5.604966500000000000e+06,5.539010000000000000e+06,5.462316000000000000e+06,5.370741500000000000e+06,5.259738000000000000e+06,5.124664000000000000e+06,4.961083500000000000e+06,4.847975500000000000e+06,4.711656500000000000e+06,4.538405500000000000e+06,4.322319000000000000e+06,4.058606000000000000e+06,3.743784000000000000e+06,3.373756750000000000e+06,2.943942000000000000e+06,2.459286500000000000e+06,1.943889625000000000e+06,1.414651875000000000e+06,8.538364375000000000e+05,3.302570000000000000e+05,5.993748437500000000e+04
4.621572500000000000e+06,4.597275000000000000e+06,4.526944500000000000e+06,4.414069500000000000e+06,4.316757500000000000e+06,4.269443000000000000e+06,4.183317750000000000e+06,4.055481250000000000e+06,3.893847250000000000e+06,3.712106500000000000e+06,3.524448000000000000e+06,3.344063750000000000e+06,3.176319000000000000e+06,3.022449000000000000e+06,2.883322250000000000e+06,2.758686000000000000e+06,2.669190250000000000e+06,2.605589750000000000e+06,2.548164000000000000e+06,2.494001750000000000e+06,2.440117750000000000e+06,2.383972750000000000e+06,2.323442250000000000e+06,2.256494750000000000e+06,2.181606750000000000e+06,2.097474500000000000e+06,2.003089000000000000e+06,1.897857625000000000e+06,1.781403000000000000e+06,1.653690375000000000e+06,1.515006125000000000e+06,1.366178500000000000e+06,1.208610875000000000e+06,1.043870187500000000e+06,8.736536250000000000e+05,7.016133750000000000e+05,5.348898750000000000e+05,3.786239687500000000e+05,2.309400312500000000e+05,1.035387656250000000e+05,3.038327148437500000e+04
5.520344500000000000e+06,5.526317000000000000e+06,5.542128500000000000e+06,5.558610500000000000e+06,5.567284500000000000e+06,5.559782500000000000e+06,5.528244500000000000e+06,5.466315500000000000e+06,5.375268000000000000e+06,5.260649500000000000e+06,5.155945000000000000e+06,5.047668500000000000e+06,4.925721000000000000e+06,4.790730500000000000e+06,4.643796500000000000e+06,4.486626500000000000e+06,4.321348500000000000e+06,4.187069250000000000e+06,4.061766500000000000e+06,3.925711750000000000e+06,3.779978000000000000e+06,3.625336000000000000e+06,3.462249500000000000e+06,3.291089250000000000e+06,3.130028250000000000e+06,3.079182750000000000e+06,2.998030500000000000e+06,2.886842000000000000e+06,2.745999250000000000e+06,2.575991500000000000e+06,2.377745000000000000e+06,2.153444000000000000e+06,1.906657500000000000e+06,1.695431750000000000e+06,1.467095250000000000e+06,1.218260125000000000e+06,9.600608750000000000e+05,6.985230625000000000e+05,4.186487500000000000e+05,1.531343593750000000e+05,2.338228320312500000e+04
4.390992000000000000e+06,4.366783500000000000e+06,4.298566000000000000e+06,4.193034250000000000e+06,4.056908250000000000e+06,3.896847250000000000e+06,3.719386000000000000e+06,3.530976000000000000e+06,3.338829750000000000e+06,3.150377000000000000e+06,2.977082500000000000e+06,2.827476250000000000e+06,2.696052000000000000e+06,2.583550000000000000e+06,2.490860750000000000e+06,2.417922750000000000e+06,2.363369500000000000e+06,2.331155500000000000e+06,2.329064000000000000e+06,2.339747000000000000e+06,2.361397750000000000e+06,2.392159250000000000e+06,2.430068000000000000e+06,2.472976250000000000e+06,2.553431750000000000e+06,2.638479000000000000e+06,2.720561000000000000e+06,2.795988000000000000e+06,2.860146000000000000e+06,2.905922000000000000e+06,3.069391000000000000e+06,3.237486000000000000e+06,3.349749750000000000e+06,3.378133500000000000e+06,3.278007750000000000e+06,3.035145000000000000e+06,2.813013250000000000e+06,2.434626750000000000e+06,1.672838875000000000e+06,5.938808125000000000e+05,4.234870703125000000e+04
2.795742750000000000e+06,2.793081000000000000e+06,2.785403250000000000e+06,2.773118250000000000e+06,2.756578000000000000e+06,2.736090000000000000e+06,2.711933500000000000e+06,2.684393750000000000e+06,2.653992000000000000e+06,2.621419000000000000e+06,2.587412500000000000e+06,2.552733000000000000e+06,2.517926250000000000e+06,2.483456750000000000e+06,2.449836000000000000e+06,2.417399000000000000e+06,2.457841250000000000e+06,2.497350750000000000e+06,2.535564500000000000e+06,2.571883500000000000e+06,2.605634000000000000e+06,2.635814250000000000e+06,2.661068750000000000e+06,2.679841500000000000e+06,2.690052250000000000e+06,2.689337750000000000e+06,2.674995250000000000e+06,2.643936250000000000e+06,2.604534250000000000e+06,2.585087500000000000e+06,2.542154750000000000e+06,2.470334000000000000e+06,2.364220000000000000e+06,2.216736000000000000e+06,2.019054500000000000e+06,1.768330625000000000e+06,1.474357000000000000e+06,1.141087750000000000e+06,7.483812500000000000e+05,3.415467500000000000e+05,8.830560156250000000e+04
1.869182250000000000e+06,1.872893500000000000e+06,1.883159500000000000e+06,1.898635000000000000e+06,1.917938875000000000e+06,1.939676625000000000e+06,1.972324375000000000e+06,2.064085250000000000e+06,2.156867500000000000e+06,2.248104500000000000e+06,2.335261000000000000e+06,2.416019250000000000e+06,2.489621000000000000e+06,2.556140750000000000e+06,2.615734500000000000e+06,2.669000500000000000e+06,2.717086000000000000e+06,2.761190500000000000e+06,2.802418250000000000e+06,2.844907000000000000e+06,2.920309750000000000e+06,2.998372500000000000e+06,3.079692750000000000e+06,3.164851500000000000e+06,3.253547750000000000e+06,3.345129500000000000e+06,3.438201250000000000e+06,3.530195000000000000e+06,3.617434250000000000e+06,3.692460750000000000e+06,3.745992750000000000e+06,3.767658750000000000e+06,3.745816500000000000e+06,3.654531750000000000e+06,3.449763750000000000e+06,3.112306500000000000e+06,2.678804250000000000e+06,2.126121250000000000e+06,1.275907875000000000e+06,3.498960937500000000e+05,1.398794726562500000e+04
4.352044687500000000e+05,4.358392500000000000e+05,4.374250937500000000e+05,4.394446250000000000e+05,4.413455625000000000e+05,4.434933125000000000e+05,4.447342500000000000e+05,4.442314375000000000e+05,4.418704062500000000e+05,4.378062812500000000e+05,4.332623125000000000e+05,4.278677812500000000e+05,4.210806250000000000e+05,4.129245625000000000e+05,4.042009687500000000e+05,3.963808437500000000e+05,3.871684687500000000e+05,3.767447187500000000e+05,3.652739687500000000e+05,3.560578437500000000e+05,3.465111562500000000e+05,3.356830937500000000e+05,3.236976875000000000e+05,3.106662187500000000e+05,3.009895000000000000e+05,2.907754062500000000e+05,2.788816562500000000e+05,2.654053437500000000e+05,2.504455156250000000e+05,2.381276406250000000e+05,2.345600312500000000e+05,2.269562812500000000e+05,2.153607812500000000e+05,2.001565781250000000e+05,1.820990781250000000e+05,1.652885468750000000e+05,1.492600625000000000e+05,1.297447187500000000e+05,1.135549062500000000e+05,1.017055312500000000e+05,6.710648437500000000e+04
3.067417250000000000e+06,3.062068250000000000e+06,3.046354000000000000e+06,3.020731500000000000e+06,2.985614250000000000e+06,2.941391750000000000e+06,2.888447000000000000e+06,2.827210750000000000e+06,2.758528750000000000e+06,2.683520250000000000e+06,2.603355250000000000e+06,2.519229250000000000e+06,2.479897750000000000e+06,2.449648250000000000e+06,2.414379250000000000e+06,2.374521250000000000e+06,2.330517500000000000e+06,2.282933750000000000e+06,2.232259500000000000e+06,2.178769750000000000e+06,2.122734000000000000e+06,2.064175875000000000e+06,2.002874500000000000e+06,1.938526625000000000e+06,1.870480125000000000e+06,1.797961625000000000e+06,1.733093375000000000e+06,1.680031375000000000e+06,1.619822500000000000e+06,1.550324000000000000e+06,1.469342125000000000e+06,1.375089250000000000e+06,1.266201750000000000e+06,1.140332250000000000e+06,9.941132500000000000e+05,8.291254375000000000e+05,6.561955625000000000e+05,4.792617500000000000e+05,2.832498125000000000e+05,9.902389843750000000e+04,1.530384570312500000e+04
5.744207031250000000e+04,5.775002734375000000e+04,5.858512890625000000e+04,5.981299609375000000e+04,6.141772265625000000e+04,6.325024609375000000e+04,6.506058984375000000e+04,6.669750000000000000e+04,6.815953125000000000e+04,6.988370312500000000e+04,7.142574218750000000e+04,7.280652343750000000e+04,7.399078125000000000e+04,7.554613281250000000e+04,7.705968750000000000e+04,7.814389062500000000e+04,7.878334375000000000e+04,7.896793750000000000e+04,8.002531250000000000e+04,8.055914843750000000e+04,8.046248437500000000e+04,7.974271875000000000e+04,7.841853906250000000e+04,7.651332031250000000e+04,7.749307031250000000e+04,7.789243750000000000e+04,7.725482812500000000e+04,7.562294531250000000e+04,7.304885937500000000e+04,6.959082031250000000e+04,6.531735937500000000e+04,6.031426171875000000e+04,5.586811328125000000e+04,5.143147656250000000e+04,4.643242578125000000e+04,4.088838671875000000e+04,3.491741796875000000e+04,2.859682421875000000e+04,2.170819726562500000e+04,1.440315722656250000e+04,8.461192382812500000e+03
3.064425250000000000e+06,3.064333750000000000e+06,3.064079000000000000e+06,3.063597500000000000e+06,3.062737000000000000e+06,3.061298250000000000e+06,3.059072250000000000e+06,3.055917000000000000e+06,3.052205750000000000e+06,3.048671750000000000e+06,3.046155750000000000e+06,3.045554000000000000e+06,3.047351500000000000e+06,3.051867500000000000e+06,3.059511250000000000e+06,3.070582250000000000e+06,3.185913000000000000e+06,3.311082750000000000e+06,3.438608750000000000e+06,3.568381500000000000e+06,3.700226500000000000e+06,3.833984750000000000e+06,3.969482500000000000e+06,4.106419500000000000e+06,4.244264000000000000e+06,4.382289500000000000e+06,4.519621000000000000e+06,4.676917000000000000e+06,4.915967500000000000e+06,5.165547500000000000e+06,5.418325500000000000e+06,5.668172500000000000e+06,5.908748000000000000e+06,6.093972000000000000e+06,6.117303500000000000e+06,5.917410000000000000e+06,5.566804500000000000e+06,4.911697500000000000e+06,3.155692250000000000e+06,7.828743125000000000e+05,4.704104980468750000e+03
2.397689500000000000e+06,2.398718000000000000e+06,2.400925000000000000e+06,2.402881000000000000e+06,2.403064000000000000e+06,2.399928000000000000e+06,2.395041000000000000e+06,2.397238250000000000e+06,2.393306000000000000e+06,2.383939250000000000e+06,2.369913750000000000e+06,2.352005750000000000e+06,2.330522250000000000e+06,2.305632000000000000e+06,2.308847250000000000e+06,2.309530250000000000e+06,2.305922500000000000e+06,2.298795500000000000e+06,2.288911250000000000e+06,2.276932250000000000e+06,2.272931250000000000e+06,2.369379500000000000e+06,2.457708750000000000e+06,2.538673750000000000e+06,2.612613250000000000e+06,2.679563250000000000e+06,2.739002000000000000e+06,2.789638250000000000e+06,2.829362000000000000e+06,2.868782250000000000e+06,2.951904250000000000e+06,3.018482750000000000e+06,3.058805250000000000e+06,3.051721000000000000e+06,2.960401500000000000e+06,2.761864500000000000e+06,2.470707750000000000e+06,2.055501000000000000e+06,1.354758125000000000e+06,5.015390937500000000e+05,7.059339062500000000e+04
1.471509218750000000e+05,1.473809062500000000e+05,1.480283281250000000e+05,1.490237968750000000e+05,1.502923750000000000e+05,1.517555937500000000e+05,1.537154687500000000e+05,1.557524687500000000e+05,1.578086250000000000e+05,1.598615625000000000e+05,1.618943125000000000e+05,1.643729375000000000e+05,1.669344218750000000e+05,1.693790468750000000e+05,1.716709687500000000e+05,1.745313125000000000e+05,1.777462968750000000e+05,1.806447031250000000e+05,1.831855937500000000e+05,1.862637187500000000e+05,1.902557656250000000e+05,1.935503125000000000e+05,1.960610000000000000e+05,1.976934375000000000e+05,2.017421718750000000e+05,2.049320468750000000e+05,2.065158437500000000e+05,2.063166562500000000e+05,2.041562187500000000e+05,2.090072656250000000e+05,2.148415781250000000e+05,2.163731093750000000e+05,2.131269843750000000e+05,2.047949531250000000e+05,1.912646718750000000e+05,1.798582968750000000e+05,1.646036718750000000e+05,1.432817968750000000e+05,1.182537343750000000e+05,8.895007812500000000e+04,4.843717578125000000e+04
8.933842500000000000e+05,8.939450000000000000e+05,8.951381250000000000e+05,8.961794375000000000e+05,8.978444375000000000e+05,8.979849375000000000e+05,8.955811875000000000e+05,8.898411875000000000e+05,8.807789375000000000e+05,8.688737500000000000e+05,8.546160625000000000e+05,8.415420625000000000e+05,8.279361875000000000e+05,8.124031875000000000e+05,7.950156875000000000e+05,7.759058750000000000e+05,7.552450000000000000e+05,7.394430000000000000e+05,7.227189375000000000e+05,7.040250000000000000e+05,6.834215625000000000e+05,6.609331875000000000e+05,6.379776875000000000e+05,6.217040625000000000e+05,6.020331875000000000e+05,5.789315000000000000e+05,5.523748125000000000e+05,5.223560625000000000e+05,4.940721875000000000e+05,4.848593750000000000e+05,4.667107187500000000e+05,4.397500625000000000e+05,4.044114062500000000e+05,3.612018750000000000e+05,3.110407187500000000e+05,2.684276250000000000e+05,2.216780781250000000e+05,1.711620000000000000e+05,1.129270468750000000e+05,5.070991406250000000e+04,1.286762402343750000e+04
8.689260937500000000e+04,8.689394531250000000e+04,8.688453906250000000e+04,8.684222656250000000e+04,8.674250000000000000e+04,8.655905468750000000e+04,8.639496875000000000e+04,8.642981250000000000e+04,8.633203125000000000e+04,8.607095312500000000e+04,8.561897656250000000e+04,8.495260156250000000e+04,8.405372656250000000e+04,8.290903125000000000e+04,8.150965625000000000e+04,8.077195312500000000e+04,7.979156250000000000e+04,7.846382812500000000e+04,7.679443750000000000e+04,7.479508593750000000e+04,7.248057031250000000e+04,6.986900000000000000e+04,6.698087500000000000e+04,6.602678125000000000e+04,6.500873046875000000e+04,6.341000000000000000e+04,6.126106250000000000e+04,5.859536328125000000e+04,5.544890625000000000e+04,5.185837109375000000e+04,4.786433203125000000e+04,4.352161328125000000e+04,3.954620312500000000e+04,3.589432421875000000e+04,3.197862109375000000e+04,2.781031640625000000e+04,2.351875195312500000e+04,1.913776757812500000e+04,1.425428417968750000e+04,8.898343750000000000e+03,5.145527832031250000e+03
1.998517750000000000e+06,1.991412000000000000e+06,1.971038375000000000e+06,1.938807500000000000e+06,1.896119625000000000e+06,1.844363625000000000e+06,1.784917000000000000e+06,1.719188750000000000e+06,1.649009000000000000e+06,1.576441500000000000e+06,1.503512875000000000e+06,1.432122125000000000e+06,1.363468000000000000e+06,1.298400125000000000e+06,1.237743125000000000e+06,1.181942500000000000e+06,1.144749875000000000e+06,1.129148750000000000e+06,1.115302375000000000e+06,1.102896500000000000e+06,1.091542625000000000e+06,1.080643750000000000e+06,1.069389375000000000e+06,1.056874125000000000e+06,1.042038187500000000e+06,1.023726562500000000e+06,1.000749625000000000e+06,9.719173125000000000e+05,9.360487500000000000e+05,8.957250000000000000e+05,8.613475625000000000e+05,8.176053125000000000e+05,7.634721250000000000e+05,6.972536875000000000e+05,6.165255000000000000e+05,5.218755000000000000e+05,4.198087812500000000e+05,3.123445625000000000e+05,1.885061093750000000e+05,6.755603125000000000e+04,1.113430957031250000e+04
3.597624000000000000e+06,3.581900500000000000e+06,3.536946750000000000e+06,3.466231750000000000e+06,3.373347000000000000e+06,3.261926750000000000e+06,3.135584750000000000e+06,2.997938750000000000e+06,2.853301750000000000e+06,2.706230250000000000e+06,2.560966500000000000e+06,2.421223500000000000e+06,2.288805250000000000e+06,2.164572000000000000e+06,2.049287750000000000e+06,1.942999000000000000e+06,1.844902500000000000e+06,1.754199250000000000e+06,1.681172875000000000e+06,1.636702125000000000e+06,1.593369750000000000e+06,1.549787500000000000e+06,1.504515750000000000e+06,1.456135875000000000e+06,1.403372125000000000e+06,1.345031625000000000e+06,1.280121500000000000e+06,1.207940875000000000e+06,1.127971375000000000e+06,1.039948437500000000e+06,9.439307500000000000e+05,8.407919375000000000e+05,7.490618125000000000e+05,6.537290000000000000e+05,5.508913750000000000e+05,4.425673750000000000e+05,3.365076875000000000e+05,2.350137968750000000e+05,1.272210312500000000e+05,3.277821093750000000e+04,1.646001586914062500e+03
2.411804218750000000e+05,2.407820000000000000e+05,2.399825781250000000e+05,2.383032500000000000e+05,2.353046562500000000e+05,2.306590625000000000e+05,2.251053437500000000e+05,2.179404687500000000e+05,2.091420937500000000e+05,2.009292187500000000e+05,1.924966875000000000e+05,1.840252343750000000e+05,1.772826718750000000e+05,1.721787656250000000e+05,1.675802500000000000e+05,1.637475468750000000e+05,1.607931718750000000e+05,1.607870625000000000e+05,1.618335468750000000e+05,1.634688750000000000e+05,1.656662968750000000e+05,1.683759687500000000e+05,1.715343593750000000e+05,1.750613906250000000e+05,1.803255312500000000e+05,1.924288437500000000e+05,2.048688437500000000e+05,2.175739062500000000e+05,2.304127031250000000e+05,2.430759687500000000e+05,2.551401093750000000e+05,2.660559375000000000e+05,2.751429375000000000e+05,2.878693125000000000e+05,2.995290937500000000e+05,3.047413437500000000e+05,3.018911250000000000e+05,2.838602812500000000e+05,2.268068437500000000e+05,1.249087812500000000e+05,3.960531250000000000e+04
1.790804375000000000e+06,1.793719875000000000e+06,1.801159250000000000e+06,1.810919750000000000e+06,1.821897625000000000e+06,1.835476625000000000e+06,1.844192250000000000e+06,1.845227125000000000e+06,1.837495000000000000e+06,1.832727250000000000e+06,1.813115875000000000e+06,1.777756000000000000e+06,1.733677625000000000e+06,1.690712625000000000e+06,1.632374250000000000e+06,1.561471500000000000e+06,1.481180625000000000e+06,1.394498000000000000e+06,1.321731250000000000e+06,1.243381500000000000e+06,1.162046875000000000e+06,1.079826750000000000e+06,9.982517500000000000e+05,9.184975000000000000e+05,8.412364375000000000e+05,7.668950000000000000e+05,7.088405625000000000e+05,6.660871875000000000e+05,6.211394375000000000e+05,5.743314375000000000e+05,5.259251250000000000e+05,4.760031562500000000e+05,4.246316562500000000e+05,3.723353750000000000e+05,3.240617500000000000e+05,2.845829687500000000e+05,2.425840937500000000e+05,1.982220937500000000e+05,1.591680000000000000e+05,1.250747031250000000e+05,7.225908593750000000e+04
7.996123125000000000e+05,7.996135000000000000e+05,7.994627500000000000e+05,7.988949375000000000e+05,7.979991250000000000e+05,7.984628125000000000e+05,7.978541875000000000e+05,7.957845000000000000e+05,7.921686250000000000e+05,7.871210625000000000e+05,7.808003750000000000e+05,7.734031875000000000e+05,7.702270625000000000e+05,7.676584375000000000e+05,7.641644375000000000e+05,7.599991875000000000e+05,7.554645625000000000e+05,7.508760625000000000e+05,7.483181250000000000e+05,7.544995000000000000e+05,7.607182500000000000e+05,7.672493750000000000e+05,7.743125000000000000e+05,7.820859375000000000e+05,7.906028125000000000e+05,7.998243750000000000e+05,8.354999375000000000e+05,8.848828750000000000e+05,9.342466250000000000e+05,9.821854375000000000e+05,1.026664562500000000e+06,1.065183125000000000e+06,1.094740500000000000e+06,1.107054000000000000e+06,1.131691000000000000e+06,1.125038125000000000e+06,1.086469500000000000e+06,9.878035625000000000e+05,7.108794375000000000e+05,2.699754375000000000e+05,2.860533398437500000e+04
8.718152500000000000e+05,8.708472500000000000e+05,8.674953750000000000e+05,8.610104375000000000e+05,8.535927500000000000e+05,8.422195000000000000e+05,8.255275000000000000e+05,8.030376250000000000e+05,7.757888125000000000e+05,7.455975625000000000e+05,7.141933125000000000e+05,6.847692500000000000e+05,6.596742500000000000e+05,6.355968750000000000e+05,6.130210625000000000e+05,5.923823750000000000e+05,5.740096250000000000e+05,5.582053125000000000e+05,5.451142500000000000e+05,5.413328125000000000e+05,5.399565625000000000e+05,5.406340625000000000e+05,5.432400625000000000e+05,5.476076250000000000e+05,5.534456250000000000e+05,5.603921250000000000e+05,5.812135625000000000e+05,6.179298125000000000e+05,6.541462500000000000e+05,6.884053125000000000e+05,7.187626875000000000e+05,7.428091875000000000e+05,7.577171875000000000e+05,7.604758125000000000e+05,7.702862500000000000e+05,7.570310000000000000e+05,7.181307500000000000e+05,6.388698750000000000e+05,4.667972187500000000e+05,2.077119375000000000e+05,3.953305468750000000e+04
5.336732500000000000e+06,5.337585000000000000e+06,5.340019500000000000e+06,5.343728500000000000e+06,5.348277000000000000e+06,5.353142500000000000e+06,5.357752500000000000e+06,5.361542500000000000e+06,5.364231000000000000e+06,5.365785000000000000e+06,5.366307500000000000e+06,5.366054000000000000e+06,5.365399000000000000e+06,5.398250500000000000e+06,5.437533000000000000e+06,5.477113500000000000e+06,5.517632000000000000e+06,5.559836500000000000e+06,5.604496500000000000e+06,5.652319000000000000e+06,5.727477500000000000e+06,5.856329500000000000e+06,5.988923000000000000e+06,6.126064000000000000e+06,6.268000000000000000e+06,6.414682500000000000e+06,6.565739000000000000e+06,6.720378000000000000e+06,7.106118000000000000e+06,7.613146000000000000e+06,8.111430000000000000e+06,8.587738000000000000e+06,9.027563000000000000e+06,9.356731000000000000e+06,9.408495000000000000e+06,9.335423000000000000e+06,9.233439000000000000e+06,8.662949000000000000e+06,6.109389500000000000e+06,1.830100125000000000e+06,3.543685546875000000e+04
9.244181250000000000e+05,9.232636250000000000e+05,9.194767500000000000e+05,9.125316875000000000e+05,9.018893750000000000e+05,8.871634375000000000e+05,8.705261250000000000e+05,8.488146875000000000e+05,8.225949375000000000e+05,7.929730625000000000e+05,7.610243125000000000e+05,7.277242500000000000e+05,6.936489375000000000e+05,6.591965625000000000e+05,6.247705000000000000e+05,5.945060625000000000e+05,5.648183750000000000e+05,5.354960000000000000e+05,5.067005937500000000e+05,4.784547500000000000e+05,4.507722812500000000e+05,4.236136562500000000e+05,3.996965000000000000e+05,3.783157187500000000e+05,3.563476562500000000e+05,3.337315625000000000e+05,3.104254375000000000e+05,2.864128750000000000e+05,2.617061250000000000e+05,2.484848593750000000e+05,2.336695937500000000e+05,2.152656406250000000e+05,1.936626250000000000e+05,1.692568437500000000e+05,1.423768593750000000e+05,1.182485859375000000e+05,9.539541406250000000e+04,7.223364062500000000e+04,4.632637109375000000e+04,1.944873632812500000e+04,4.955991699218750000e+03
4.603138671875000000e+04,4.591094921875000000e+04,4.555163281250000000e+04,4.495123828125000000e+04,4.410533593750000000e+04,4.316391406250000000e+04,4.218525781250000000e+04,4.095658593750000000e+04,3.952320703125000000e+04,3.796064453125000000e+04,3.634873437500000000e+04,3.501000390625000000e+04,3.402467187500000000e+04,3.306090234375000000e+04,3.215614062500000000e+04,3.134166992187500000e+04,3.063687109375000000e+04,3.005744140625000000e+04,3.098526562500000000e+04,3.191745117187500000e+04,3.286009765625000000e+04,3.383086718750000000e+04,3.484094921875000000e+04,3.589585546875000000e+04,3.700004296875000000e+04,3.815532812500000000e+04,3.935834375000000000e+04,4.060007421875000000e+04,4.255517578125000000e+04,4.500401562500000000e+04,4.778924609375000000e+04,5.088051171875000000e+04,5.415863281250000000e+04,5.785202734375000000e+04,6.280698046875000000e+04,6.894633593750000000e+04,7.315238281250000000e+04,7.513978125000000000e+04,8.874614843750000000e+04,1.228018437500000000e+05,1.092332968750000000e+05
4.062451000000000000e+06,4.049536750000000000e+06,4.012525750000000000e+06,3.953941000000000000e+06,3.882478500000000000e+06,3.810724500000000000e+06,3.725769750000000000e+06,3.629404750000000000e+06,3.525607000000000000e+06,3.419574250000000000e+06,3.316539500000000000e+06,3.221440000000000000e+06,3.136761000000000000e+06,3.063752500000000000e+06,3.003653500000000000e+06,2.956931000000000000e+06,2.923012250000000000e+06,2.901264750000000000e+06,2.912074500000000000e+06,2.988849500000000000e+06,3.073614250000000000e+06,3.164977250000000000e+06,3.260984750000000000e+06,3.359221000000000000e+06,3.456393500000000000e+06,3.548554000000000000e+06,3.630856250000000000e+06,3.697370250000000000e+06,3.741094750000000000e+06,3.752263750000000000e+06,3.720111500000000000e+06,3.707443500000000000e+06,3.666049500000000000e+06,3.552722250000000000e+06,3.331256750000000000e+06,2.984774750000000000e+06,2.543119000000000000e+06,1.992736375000000000e+06,1.194320000000000000e+06,3.308475625000000000e+05,1.141371191406250000e+04
4.157725500000000000e+06,4.151957000000000000e+06,4.135399750000000000e+06,4.108931500000000000e+06,4.073253250000000000e+06,4.029048500000000000e+06,3.977116500000000000e+06,3.918551250000000000e+06,3.855578750000000000e+06,3.818536250000000000e+06,3.887499250000000000e+06,3.956089250000000000e+06,4.025163000000000000e+06,4.095184000000000000e+06,4.166879750000000000e+06,4.240993000000000000e+06,4.317981500000000000e+06,4.398105000000000000e+06,4.481384000000000000e+06,4.567519000000000000e+06,4.655936500000000000e+06,4.753864500000000000e+06,4.926123500000000000e+06,5.107463000000000000e+06,5.296790500000000000e+06,5.492858000000000000e+06,5.693712000000000000e+06,5.896271000000000000e+06,6.095881000000000000e+06,6.281826500000000000e+06,6.440388500000000000e+06,6.555430000000000000e+06,6.607901000000000000e+06,6.551090000000000000e+06,6.301566000000000000e+06,5.814087500000000000e+06,5.137017500000000000e+06,4.204384000000000000e+06,2.642402500000000000e+06,8.158495625000000000e+05,5.512014062500000000e+04
1.944413593750000000e+05,1.944417343750000000e+05,1.943086250000000000e+05,1.938176562500000000e+05,1.927364375000000000e+05,1.908491093750000000e+05,1.886904687500000000e+05,1.856644375000000000e+05,1.816267343750000000e+05,1.769602031250000000e+05,1.720358125000000000e+05,1.671797031250000000e+05,1.632704062500000000e+05,1.601831875000000000e+05,1.571055312500000000e+05,1.540382187500000000e+05,1.509724375000000000e+05,1.478944843750000000e+05,1.458359375000000000e+05,1.446750625000000000e+05,1.431108437500000000e+05,1.410950312500000000e+05,1.385870937500000000e+05,1.355471562500000000e+05,1.319530625000000000e+05,1.325178906250000000e+05,1.337472812500000000e+05,1.336400781250000000e+05,1.321927187500000000e+05,1.294458593750000000e+05,1.254545390625000000e+05,1.202035000000000000e+05,1.136460078125000000e+05,1.098530312500000000e+05,1.061027500000000000e+05,1.020079218750000000e+05,9.545170312500000000e+04,8.637241406250000000e+04,8.230185937500000000e+04,8.551392968750000000e+04,6.424460937500000000e+04
3.733332000000000000e+06,3.735912750000000000e+06,3.743114000000000000e+06,3.753785000000000000e+06,3.766540750000000000e+06,3.785248000000000000e+06,3.809611750000000000e+06,3.833046250000000000e+06,3.856124000000000000e+06,3.880642750000000000e+06,3.920628500000000000e+06,3.970385500000000000e+06,4.025642750000000000e+06,4.085198000000000000e+06,4.169237250000000000e+06,4.264847500000000000e+06,4.358399000000000000e+06,4.447595000000000000e+06,4.549414000000000000e+06,4.674982000000000000e+06,4.783718500000000000e+06,4.872058000000000000e+06,4.936368000000000000e+06,5.004578000000000000e+06,5.095161000000000000e+06,5.142885000000000000e+06,5.142917000000000000e+06,5.090454500000000000e+06,4.980886500000000000e+06,4.984114000000000000e+06,5.023577500000000000e+06,4.948555000000000000e+06,4.750889500000000000e+06,4.422683500000000000e+06,3.955570250000000000e+06,3.455690500000000000e+06,2.934837250000000000e+06,2.315048500000000000e+06,1.534999500000000000e+06,6.594426875000000000e+05,1.218920781250000000e+05
4.259773000000000000e+06,4.246867000000000000e+06,4.209459500000000000e+06,4.149389250000000000e+06,4.068394750000000000e+06,3.968196750000000000e+06,3.850573500000000000e+06,3.717519250000000000e+06,3.572241750000000000e+06,3.446852750000000000e+06,3.321046500000000000e+06,3.191780250000000000e+06,3.061210750000000000e+06,2.930961000000000000e+06,2.802795500000000000e+06,2.677905250000000000e+06,2.556622000000000000e+06,2.439212500000000000e+06,2.377944500000000000e+06,2.344622500000000000e+06,2.301998750000000000e+06,2.250130750000000000e+06,2.188838750000000000e+06,2.117781000000000000e+06,2.036637250000000000e+06,1.945061000000000000e+06,1.842834375000000000e+06,1.729993500000000000e+06,1.606725625000000000e+06,1.473489250000000000e+06,1.361047500000000000e+06,1.240033375000000000e+06,1.110058625000000000e+06,9.712184375000000000e+05,8.231894375000000000e+05,6.685211250000000000e+05,5.152465625000000000e+05,3.673073125000000000e+05,2.164661718750000000e+05,8.040303125000000000e+04,1.509484179687500000e+04
1.360012250000000000e+06,1.361274500000000000e+06,1.364786125000000000e+06,1.370948125000000000e+06,1.379448750000000000e+06,1.389155250000000000e+06,1.399433375000000000e+06,1.409609125000000000e+06,1.419002750000000000e+06,1.426945750000000000e+06,1.433415750000000000e+06,1.441342500000000000e+06,1.445843625000000000e+06,1.446298625000000000e+06,1.442153375000000000e+06,1.436933500000000000e+06,1.432158875000000000e+06,1.420842875000000000e+06,1.402733625000000000e+06,1.377705500000000000e+06,1.359317750000000000e+06,1.334667625000000000e+06,1.301209125000000000e+06,1.259181000000000000e+06,1.208939125000000000e+06,1.172506500000000000e+06,1.125223250000000000e+06,1.067573625000000000e+06,1.000402500000000000e+06,9.246735625000000000e+05,8.782835625000000000e+05,8.354290625000000000e+05,7.739311875000000000e+05,6.958854375000000000e+05,6.036489375000000000e+05,5.011230000000000000e+05,4.156975000000000000e+05,3.247610000000000000e+05,2.272519687500000000e+05,1.256297187500000000e+05,4.535606250000000000e+04
9.196159000000000000e+06,9.207911000000000000e+06,9.238175000000000000e+06,9.278737000000000000e+06,9.320740000000000000e+06,9.355074000000000000e+06,9.372748000000000000e+06,9.365846000000000000e+06,9.333619000000000000e+06,9.279746000000000000e+06,9.208420000000000000e+06,9.123997000000000000e+06,9.028765000000000000e+06,8.924367000000000000e+06,8.813116000000000000e+06,8.697922000000000000e+06,8.582058000000000000e+06,8.469014000000000000e+06,8.468149000000000000e+06,8.525520000000000000e+06,8.603282000000000000e+06,8.702242000000000000e+06,8.822940000000000000e+06,8.965711000000000000e+06,9.129773000000000000e+06,9.313817000000000000e+06,9.515600000000000000e+06,9.731520000000000000e+06,9.955455000000000000e+06,1.017141200000000000e+07,1.035903000000000000e+07,1.049728500000000000e+07,1.056300400000000000e+07,1.047681200000000000e+07,1.008449500000000000e+07,9.313443000000000000e+06,8.281382500000000000e+06,6.842740500000000000e+06,4.187693500000000000e+06,1.082567500000000000e+06,2.294867968750000000e+04
2.101780750000000000e+06,2.101495250000000000e+06,2.100091000000000000e+06,2.096646875000000000e+06,2.090142000000000000e+06,2.079504875000000000e+06,2.063657875000000000e+06,2.042145750000000000e+06,2.018386875000000000e+06,1.988753750000000000e+06,1.953641125000000000e+06,1.913473500000000000e+06,1.868489500000000000e+06,1.819231375000000000e+06,1.771045750000000000e+06,1.718362375000000000e+06,1.661571375000000000e+06,1.601135500000000000e+06,1.538315500000000000e+06,1.481596000000000000e+06,1.421001375000000000e+06,1.356897875000000000e+06,1.289614250000000000e+06,1.224934125000000000e+06,1.165383500000000000e+06,1.101159625000000000e+06,1.032687625000000000e+06,9.603966875000000000e+05,8.987883125000000000e+05,8.356465000000000000e+05,7.662698750000000000e+05,6.915291250000000000e+05,6.229920000000000000e+05,5.847089375000000000e+05,5.303476250000000000e+05,4.618489062500000000e+05,3.809190000000000000e+05,3.099155937500000000e+05,2.441925000000000000e+05,1.783061562500000000e+05,9.291678125000000000e+04
8.428076875000000000e+05,8.426585000000000000e+05,8.421235625000000000e+05,8.410306250000000000e+05,8.391680000000000000e+05,8.374931250000000000e+05,8.352246875000000000e+05,8.316100000000000000e+05,8.266285625000000000e+05,8.204343125000000000e+05,8.132249375000000000e+05,8.067165625000000000e+05,8.030599375000000000e+05,7.987174375000000000e+05,7.938788750000000000e+05,7.887653125000000000e+05,7.861271250000000000e+05,7.897362500000000000e+05,7.931213125000000000e+05,7.964935625000000000e+05,8.000635000000000000e+05,8.058933750000000000e+05,8.243656875000000000e+05,8.424726250000000000e+05,8.602041875000000000e+05,8.774431250000000000e+05,8.939017500000000000e+05,9.220619375000000000e+05,9.891033750000000000e+05,1.051004750000000000e+06,1.104953875000000000e+06,1.147641125000000000e+06,1.175283250000000000e+06,1.178490250000000000e+06,1.162601500000000000e+06,1.127421750000000000e+06,1.056155375000000000e+06,9.247831875000000000e+05,6.190959375000000000e+05,1.917887187500000000e+05,9.181102539062500000e+03
2.688284000000000000e+06,2.682876500000000000e+06,2.667142250000000000e+06,2.641728000000000000e+06,2.607217750000000000e+06,2.564194750000000000e+06,2.513292750000000000e+06,2.455311750000000000e+06,2.402168750000000000e+06,2.355831750000000000e+06,2.307782750000000000e+06,2.260040500000000000e+06,2.213964250000000000e+06,2.170620250000000000e+06,2.131159250000000000e+06,2.096482750000000000e+06,2.067093000000000000e+06,2.043471000000000000e+06,2.025863375000000000e+06,2.081373625000000000e+06,2.139655500000000000e+06,2.201023250000000000e+06,2.265505250000000000e+06,2.332885750000000000e+06,2.402391000000000000e+06,2.472871250000000000e+06,2.542598750000000000e+06,2.609094250000000000e+06,2.668957750000000000e+06,2.715944750000000000e+06,2.747427250000000000e+06,2.815238500000000000e+06,2.859282750000000000e+06,2.857378500000000000e+06,2.768301000000000000e+06,2.569280500000000000e+06,2.286804000000000000e+06,1.885287500000000000e+06,1.158337250000000000e+06,3.003799062500000000e+05,5.461541992187500000e+03
5.800882500000000000e+06,5.797462500000000000e+06,5.786446000000000000e+06,5.766528000000000000e+06,5.736270000000000000e+06,5.694208000000000000e+06,5.649880000000000000e+06,5.621752000000000000e+06,5.580160500000000000e+06,5.525973000000000000e+06,5.460370000000000000e+06,5.384827000000000000e+06,5.301075500000000000e+06,5.211046000000000000e+06,5.116837500000000000e+06,5.020727000000000000e+06,4.925082000000000000e+06,4.832239000000000000e+06,4.805816500000000000e+06,4.861351500000000000e+06,4.917085500000000000e+06,4.975393000000000000e+06,5.038133000000000000e+06,5.106850500000000000e+06,5.181795000000000000e+06,5.262597500000000000e+06,5.347773000000000000e+06,5.434261000000000000e+06,5.517401500000000000e+06,5.587068000000000000e+06,5.630672000000000000e+06,5.773116500000000000e+06,5.891715000000000000e+06,5.941687500000000000e+06,5.845218500000000000e+06,5.548669500000000000e+06,5.073185000000000000e+06,4.326394000000000000e+06,2.886644000000000000e+06,1.005497687500000000e+06,9.610023437500000000e+04
1.647040500000000000e+06,1.646567625000000000e+06,1.644782500000000000e+06,1.641099125000000000e+06,1.648761875000000000e+06,1.666884750000000000e+06,1.684028500000000000e+06,1.698332875000000000e+06,1.708435000000000000e+06,1.713333875000000000e+06,1.712155875000000000e+06,1.704214375000000000e+06,1.689295875000000000e+06,1.667466375000000000e+06,1.638903625000000000e+06,1.603995875000000000e+06,1.563331625000000000e+06,1.517529125000000000e+06,1.467171375000000000e+06,1.412769000000000000e+06,1.354804125000000000e+06,1.293638500000000000e+06,1.229532625000000000e+06,1.176105500000000000e+06,1.121339500000000000e+06,1.063624000000000000e+06,1.002842875000000000e+06,9.388543125000000000e+05,8.715330000000000000e+05,8.007056250000000000e+05,7.262878125000000000e+05,6.485763125000000000e+05,5.681889375000000000e+05,4.853100000000000000e+05,3.997007187500000000e+05,3.134749375000000000e+05,2.325822656250000000e+05,1.587816875000000000e+05,8.524493750000000000e+04,2.404250390625000000e+04,2.583722656250000000e+03
1.696770250000000000e+06,1.685925125000000000e+06,1.655731750000000000e+06,1.609580000000000000e+06,1.550741000000000000e+06,1.485349750000000000e+06,1.414241500000000000e+06,1.339905250000000000e+06,1.265466750000000000e+06,1.194135000000000000e+06,1.131658875000000000e+06,1.080140125000000000e+06,1.038173312500000000e+06,1.005490375000000000e+06,9.856183750000000000e+05,9.782456875000000000e+05,9.779913750000000000e+05,9.840313750000000000e+05,1.000221750000000000e+06,1.028761250000000000e+06,1.060060750000000000e+06,1.093382750000000000e+06,1.128140375000000000e+06,1.180679750000000000e+06,1.238504750000000000e+06,1.295708875000000000e+06,1.352033250000000000e+06,1.407436750000000000e+06,1.486982875000000000e+06,1.633996875000000000e+06,1.777587500000000000e+06,1.916205125000000000e+06,2.049047875000000000e+06,2.159705500000000000e+06,2.209466250000000000e+06,2.281286750000000000e+06,2.329852250000000000e+06,2.272091250000000000e+06,1.629349000000000000e+06,4.457194375000000000e+05,1.458610717773437500e+03
3.350885000000000000e+06,3.355715000000000000e+06,3.368685000000000000e+06,3.387363250000000000e+06,3.409155500000000000e+06,3.431360750000000000e+06,3.451227500000000000e+06,3.472375250000000000e+06,3.511098250000000000e+06,3.540975500000000000e+06,3.559755500000000000e+06,3.565544500000000000e+06,3.557220250000000000e+06,3.542174750000000000e+06,3.556453500000000000e+06,3.549944250000000000e+06,3.523312750000000000e+06,3.477450500000000000e+06,3.413505250000000000e+06,3.332843750000000000e+06,3.236850000000000000e+06,3.221326000000000000e+06,3.212527000000000000e+06,3.175722500000000000e+06,3.112511500000000000e+06,3.024342000000000000e+06,2.912434000000000000e+06,2.777783750000000000e+06,2.621459000000000000e+06,2.444569250000000000e+06,2.248466500000000000e+06,2.070952875000000000e+06,1.898379000000000000e+06,1.709706375000000000e+06,1.505686500000000000e+06,1.285847250000000000e+06,1.048766375000000000e+06,8.003560000000000000e+05,5.534381875000000000e+05,3.143170312500000000e+05,1.148661953125000000e+05
9.217380000000000000e+05,9.221691875000000000e+05,9.240226250000000000e+05,9.261072500000000000e+05,9.275233125000000000e+05,9.273781250000000000e+05,9.248436875000000000e+05,9.192850625000000000e+05,9.110551250000000000e+05,9.038340625000000000e+05,8.958460000000000000e+05,8.878800625000000000e+05,8.803911250000000000e+05,8.736309375000000000e+05,8.734735000000000000e+05,8.745728125000000000e+05,8.768798750000000000e+05,8.806804375000000000e+05,8.873930000000000000e+05,9.045111250000000000e+05,9.228701875000000000e+05,9.425258750000000000e+05,9.634812500000000000e+05,9.856946875000000000e+05,1.026191625000000000e+06,1.068365125000000000e+06,1.111207875000000000e+06,1.154675625000000000e+06,1.198497875000000000e+06,1.268860500000000000e+06,1.394059000000000000e+06,1.518146250000000000e+06,1.639695625000000000e+06,1.747536500000000000e+06,1.814042250000000000e+06,1.869409750000000000e+06,1.944368750000000000e+06,1.939746000000000000e+06,1.542337000000000000e+06,6.672916875000000000e+05,9.111398437500000000e+04
7.601517000000000000e+06,7.628176000000000000e+06,7.701911500000000000e+06,7.813378500000000000e+06,8.034747000000000000e+06,8.477705000000000000e+06,8.957320000000000000e+06,9.449741000000000000e+06,9.942176000000000000e+06,1.042881100000000000e+07,1.090367800000000000e+07,1.136066300000000000e+07,1.179424100000000000e+07,1.219914400000000000e+07,1.257009800000000000e+07,1.307730800000000000e+07,1.363770300000000000e+07,1.418284900000000000e+07,1.471192000000000000e+07,1.522515900000000000e+07,1.572437100000000000e+07,1.621078900000000000e+07,1.668492800000000000e+07,1.714728200000000000e+07,1.759281000000000000e+07,1.801421400000000000e+07,1.839965400000000000e+07,1.873033400000000000e+07,1.898187600000000000e+07,1.911096400000000000e+07,1.906712600000000000e+07,1.879943400000000000e+07,1.825709400000000000e+07,1.733078400000000000e+07,1.584444400000000000e+07,1.376826900000000000e+07,1.135004400000000000e+07,8.566094000000000000e+06,4.782645500000000000e+06,1.112704875000000000e+06,1.311463574218750000e+04
4.439919500000000000e+06,4.437527500000000000e+06,4.428753000000000000e+06,4.410784500000000000e+06,4.380606500000000000e+06,4.337495000000000000e+06,4.286071500000000000e+06,4.215250500000000000e+06,4.128552000000000000e+06,4.032492000000000000e+06,3.933524500000000000e+06,3.838507500000000000e+06,3.770047250000000000e+06,3.706221000000000000e+06,3.648031750000000000e+06,3.596057000000000000e+06,3.550057750000000000e+06,3.536465250000000000e+06,3.535854750000000000e+06,3.535097750000000000e+06,3.531982500000000000e+06,3.523875000000000000e+06,3.528392250000000000e+06,3.559943750000000000e+06,3.571732000000000000e+06,3.559830250000000000e+06,3.520320000000000000e+06,3.449511000000000000e+06,3.449572500000000000e+06,3.495571500000000000e+06,3.471375500000000000e+06,3.371440500000000000e+06,3.192793250000000000e+06,2.933014750000000000e+06,2.607415000000000000e+06,2.301223000000000000e+06,1.934737750000000000e+06,1.509372750000000000e+06,9.915256250000000000e+05,4.318067812500000000e+05,9.046588281250000000e+04
1.874585937500000000e+05,1.864091875000000000e+05,1.834194531250000000e+05,1.787250937500000000e+05,1.725637968750000000e+05,1.651804687500000000e+05,1.568302500000000000e+05,1.477867500000000000e+05,1.384097031250000000e+05,1.290916640625000000e+05,1.201987031250000000e+05,1.120470234375000000e+05,1.047609453125000000e+05,9.837624218750000000e+04,9.544952343750000000e+04,9.371690625000000000e+04,9.254970312500000000e+04,9.195517968750000000e+04,9.191717187500000000e+04,9.238163281250000000e+04,9.328276562500000000e+04,9.454823437500000000e+04,9.609708593750000000e+04,9.783706250000000000e+04,9.967378125000000000e+04,1.015034218750000000e+05,1.041813437500000000e+05,1.078824453125000000e+05,1.115280625000000000e+05,1.149395703125000000e+05,1.179015781250000000e+05,1.201140703125000000e+05,1.211970937500000000e+05,1.206964218750000000e+05,1.180848671875000000e+05,1.126881171875000000e+05,1.035939687500000000e+05,9.022952343750000000e+04,7.266931250000000000e+04,5.092008203125000000e+04,2.676526367187500000e+04
1.905476250000000000e+05,1.907534843750000000e+05,1.913014687500000000e+05,1.920753593750000000e+05,1.929498125000000000e+05,1.937979843750000000e+05,1.944979062500000000e+05,1.956568437500000000e+05,1.983431875000000000e+05,2.005869687500000000e+05,2.023044687500000000e+05,2.034524218750000000e+05,2.040977031250000000e+05,2.043580156250000000e+05,2.043526406250000000e+05,2.042001250000000000e+05,2.093837968750000000e+05,2.150097656250000000e+05,2.203733750000000000e+05,2.256562031250000000e+05,2.310274218750000000e+05,2.365998750000000000e+05,2.424346875000000000e+05,2.485732343750000000e+05,2.549854687500000000e+05,2.616067656250000000e+05,2.683127500000000000e+05,2.748949687500000000e+05,2.810838750000000000e+05,2.864399375000000000e+05,2.945936875000000000e+05,3.042307812500000000e+05,3.123798125000000000e+05,3.177239062500000000e+05,3.183730625000000000e+05,3.118651250000000000e+05,2.948344062500000000e+05,2.636250625000000000e+05,2.141024375000000000e+05,1.438977812500000000e+05,6.527996484375000000e+04
4.569143000000000000e+06,4.568890000000000000e+06,4.567428500000000000e+06,4.563222000000000000e+06,4.561626500000000000e+06,4.558956500000000000e+06,4.548279500000000000e+06,4.527056500000000000e+06,4.493625500000000000e+06,4.470528500000000000e+06,4.445131500000000000e+06,4.404736500000000000e+06,4.350468500000000000e+06,4.317374500000000000e+06,4.290890500000000000e+06,4.248543500000000000e+06,4.192523250000000000e+06,4.124862250000000000e+06,4.102062750000000000e+06,4.074077000000000000e+06,4.028153500000000000e+06,3.965250250000000000e+06,3.885654750000000000e+06,3.789234750000000000e+06,3.675325500000000000e+06,3.674509500000000000e+06,3.664697250000000000e+06,3.614702250000000000e+06,3.523090000000000000e+06,3.388088000000000000e+06,3.208212500000000000e+06,2.983199500000000000e+06,2.714503500000000000e+06,2.422534750000000000e+06,2.152140750000000000e+06,1.842124000000000000e+06,1.502007250000000000e+06,1.137433500000000000e+06,7.312278750000000000e+05,3.186545625000000000e+05,7.015899218750000000e+04
1.937135546875000000e+04,1.933984570312500000e+04,1.924685156250000000e+04,1.909155664062500000e+04,1.887172851562500000e+04,1.862402343750000000e+04,1.833316601562500000e+04,1.798466406250000000e+04,1.760482812500000000e+04,1.723143750000000000e+04,1.697133203125000000e+04,1.678776171875000000e+04,1.669039648437500000e+04,1.668264257812500000e+04,1.688969335937500000e+04,1.716665234375000000e+04,1.750779101562500000e+04,1.795780859375000000e+04,1.865543945312500000e+04,1.938203125000000000e+04,2.012658203125000000e+04,2.089037109375000000e+04,2.210272656250000000e+04,2.329535937500000000e+04,2.446471289062500000e+04,2.560819140625000000e+04,2.680936328125000000e+04,2.974836132812500000e+04,3.265627343750000000e+04,3.555637890625000000e+04,3.848184765625000000e+04,4.137929687500000000e+04,4.411578906250000000e+04,4.812676562500000000e+04,5.410150000000000000e+04,6.165611718750000000e+04,6.800701562500000000e+04,7.276988281250000000e+04,9.057107031250000000e+04,1.341263281250000000e+05,1.256741875000000000e+05
1.245314375000000000e+06,1.235494125000000000e+06,1.207938000000000000e+06,1.165614000000000000e+06,1.111568125000000000e+06,1.048852500000000000e+06,9.804603750000000000e+05,9.273221875000000000e+05,8.734261875000000000e+05,8.200728750000000000e+05,7.696296250000000000e+05,7.243296875000000000e+05,6.849915625000000000e+05,6.517505625000000000e+05,6.247773750000000000e+05,6.039444375000000000e+05,5.887019375000000000e+05,5.784932500000000000e+05,5.727080625000000000e+05,5.706298750000000000e+05,5.715161875000000000e+05,5.746892500000000000e+05,5.795190000000000000e+05,5.853463750000000000e+05,5.992190625000000000e+05,6.142581875000000000e+05,6.294168125000000000e+05,6.439673750000000000e+05,6.570120000000000000e+05,6.671595000000000000e+05,6.727637500000000000e+05,6.720246875000000000e+05,6.629811875000000000e+05,6.419213125000000000e+05,6.029681250000000000e+05,5.435903750000000000e+05,4.686078437500000000e+05,3.755553750000000000e+05,2.421175156250000000e+05,9.285360937500000000e+04,1.729821289062500000e+04
3.733332000000000000e+06,3.735912750000000000e+06,3.743114000000000000e+06,3.753785000000000000e+06,3.766540750000000000e+06,3.785248000000000000e+06,3.809611750000000000e+06,3.833046250000000000e+06,3.856124000000000000e+06,3.880642750000000000e+06,3.920628500000000000e+06,3.970385500000000000e+06,4.025642750000000000e+06,4.085198000000000000e+06,4.169237250000000000e+06,4.264847500000000000e+06,4.358399000000000000e+06,4.447595000000000000e+06,4.549414000000000000e+06,4.674982000000000000e+06,4.783718500000000000e+06,4.872058000000000000e+06,4.936368000000000000e+06,5.004578000000000000e+06,5.095161000000000000e+06,5.142885000000000000e+06,5.142917000000000000e+06,5.090454500000000000e+06,4.980886500000000000e+06,4.984114000000000000e+06,5.023577500000000000e+06,4.948555000000000000e+06,4.750889500000000000e+06,4.422683500000000000e+06,3.955570250000000000e+06,3.455690500000000000e+06,2.934837250000000000e+06,2.315048500000000000e+06,1.534999500000000000e+06,6.594426875000000000e+05,1.218920781250000000e+05
4.932881562500000000e+05,4.932965625000000000e+05,4.929836562500000000e+05,4.917802812500000000e+05,4.890820937500000000e+05,4.848964062500000000e+05,4.789655625000000000e+05,4.699605625000000000e+05,4.581658437500000000e+05,4.442792812500000000e+05,4.290181250000000000e+05,4.156604375000000000e+05,4.016780625000000000e+05,3.873496250000000000e+05,3.729952187500000000e+05,3.589533750000000000e+05,3.492284687500000000e+05,3.398337187500000000e+05,3.310331250000000000e+05,3.229642812500000000e+05,3.157379062500000000e+05,3.123901250000000000e+05,3.116145625000000000e+05,3.111313125000000000e+05,3.108413750000000000e+05,3.105776250000000000e+05,3.100887812500000000e+05,3.141965937500000000e+05,3.291860937500000000e+05,3.415803125000000000e+05,3.504748750000000000e+05,3.547653750000000000e+05,3.532165625000000000e+05,3.441272500000000000e+05,3.301372187500000000e+05,3.147234687500000000e+05,2.890034687500000000e+05,2.499190625000000000e+05,1.886297031250000000e+05,1.064111875000000000e+05,3.851493359375000000e+04
3.120332500000000000e+06,3.119374000000000000e+06,3.114946000000000000e+06,3.104545500000000000e+06,3.085597750000000000e+06,3.055641750000000000e+06,3.012491000000000000e+06,2.954641500000000000e+06,2.883879750000000000e+06,2.803781500000000000e+06,2.717826500000000000e+06,2.629156500000000000e+06,2.539389750000000000e+06,2.492470750000000000e+06,2.462044500000000000e+06,2.427968750000000000e+06,2.391076750000000000e+06,2.352182250000000000e+06,2.311628250000000000e+06,2.269078750000000000e+06,2.224106750000000000e+06,2.176000000000000000e+06,2.123778500000000000e+06,2.066383500000000000e+06,2.002521625000000000e+06,1.930845625000000000e+06,1.850059125000000000e+06,1.770608000000000000e+06,1.703809750000000000e+06,1.625401375000000000e+06,1.533412625000000000e+06,1.426396375000000000e+06,1.303452125000000000e+06,1.163194750000000000e+06,1.003727937500000000e+06,8.273562500000000000e+05,6.447231875000000000e+05,4.616044687500000000e+05,2.667498125000000000e+05,8.850350781250000000e+04,1.136062988281250000e+04
1.361126625000000000e+06,1.358810500000000000e+06,1.351902500000000000e+06,1.340429250000000000e+06,1.324390750000000000e+06,1.306022250000000000e+06,1.284376000000000000e+06,1.258368250000000000e+06,1.228336250000000000e+06,1.194887625000000000e+06,1.158681625000000000e+06,1.120418625000000000e+06,1.080798250000000000e+06,1.040521437500000000e+06,1.003061625000000000e+06,9.702041875000000000e+05,9.379290625000000000e+05,9.068579375000000000e+05,8.775140625000000000e+05,8.502785000000000000e+05,8.255006875000000000e+05,8.034086875000000000e+05,7.901599375000000000e+05,7.834752500000000000e+05,7.791036875000000000e+05,7.770615625000000000e+05,7.772778750000000000e+05,7.795610000000000000e+05,7.835434375000000000e+05,8.097063750000000000e+05,8.593366250000000000e+05,9.070485625000000000e+05,9.508833750000000000e+05,9.835791250000000000e+05,9.895265000000000000e+05,9.723171250000000000e+05,9.654385625000000000e+05,9.120725625000000000e+05,6.789368125000000000e+05,2.578280625000000000e+05,2.356369531250000000e+04
4.117912500000000000e+06,4.119664500000000000e+06,4.124345000000000000e+06,4.137583500000000000e+06,4.153082500000000000e+06,4.168989000000000000e+06,4.183451000000000000e+06,4.194772000000000000e+06,4.202483000000000000e+06,4.206884500000000000e+06,4.208371500000000000e+06,4.207413500000000000e+06,4.204433500000000000e+06,4.230021000000000000e+06,4.253995000000000000e+06,4.276590000000000000e+06,4.298688500000000000e+06,4.321246000000000000e+06,4.345185000000000000e+06,4.371327000000000000e+06,4.415586500000000000e+06,4.504319000000000000e+06,4.596691500000000000e+06,4.693561000000000000e+06,4.795316500000000000e+06,4.902141000000000000e+06,5.014055500000000000e+06,5.130878500000000000e+06,5.473038500000000000e+06,5.881027000000000000e+06,6.289355500000000000e+06,6.690043500000000000e+06,7.074673000000000000e+06,7.390309500000000000e+06,7.525460000000000000e+06,7.760836000000000000e+06,7.884882000000000000e+06,7.637701000000000000e+06,5.734373500000000000e+06,2.060971000000000000e+06,1.183937890625000000e+05
2.687823250000000000e+06,2.701031250000000000e+06,2.737405250000000000e+06,2.792089750000000000e+06,2.860174500000000000e+06,2.940313500000000000e+06,3.029604000000000000e+06,3.117097500000000000e+06,3.200638500000000000e+06,3.280125750000000000e+06,3.363191250000000000e+06,3.446685500000000000e+06,3.523586000000000000e+06,3.590982500000000000e+06,3.653334750000000000e+06,3.720524250000000000e+06,3.769810500000000000e+06,3.799540250000000000e+06,3.808215750000000000e+06,3.832306500000000000e+06,3.836664250000000000e+06,3.812188250000000000e+06,3.758371250000000000e+06,3.675029750000000000e+06,3.623406500000000000e+06,3.538997250000000000e+06,3.417043500000000000e+06,3.258914500000000000e+06,3.066540750000000000e+06,2.920988500000000000e+06,2.829746250000000000e+06,2.672583500000000000e+06,2.454550000000000000e+06,2.181625250000000000e+06,1.859977625000000000e+06,1.544894625000000000e+06,1.245648250000000000e+06,9.313208125000000000e+05,5.824295000000000000e+05,2.320435781250000000e+05,4.036967968750000000e+04
2.753550500000000000e+06,2.747700750000000000e+06,2.730462750000000000e+06,2.702278000000000000e+06,2.663577250000000000e+06,2.614809250000000000e+06,2.556465750000000000e+06,2.489175750000000000e+06,2.414412500000000000e+06,2.334125500000000000e+06,2.253353250000000000e+06,2.212555250000000000e+06,2.169203750000000000e+06,2.124201750000000000e+06,2.078605000000000000e+06,2.033487750000000000e+06,1.989855750000000000e+06,1.948761125000000000e+06,1.911098125000000000e+06,1.877486750000000000e+06,1.848531375000000000e+06,1.824650875000000000e+06,1.806088250000000000e+06,1.793033500000000000e+06,1.785400500000000000e+06,1.782996125000000000e+06,1.785544500000000000e+06,1.817736250000000000e+06,1.864977000000000000e+06,1.919551000000000000e+06,1.979364250000000000e+06,2.042915750000000000e+06,2.108788500000000000e+06,2.162762000000000000e+06,2.171216000000000000e+06,2.114266500000000000e+06,2.012920125000000000e+06,1.812151000000000000e+06,1.236203125000000000e+06,3.963341250000000000e+05,2.703532421875000000e+04
5.276218500000000000e+06,5.285516000000000000e+06,5.312104500000000000e+06,5.354006500000000000e+06,5.409221000000000000e+06,5.475734000000000000e+06,5.551522000000000000e+06,5.634625000000000000e+06,5.723756000000000000e+06,5.818053500000000000e+06,5.916694500000000000e+06,6.018876500000000000e+06,6.123667500000000000e+06,6.230080500000000000e+06,6.412498500000000000e+06,6.738403500000000000e+06,7.065129500000000000e+06,7.391158500000000000e+06,7.715308500000000000e+06,8.036926500000000000e+06,8.355387500000000000e+06,8.670485000000000000e+06,8.982400000000000000e+06,9.291275000000000000e+06,9.596956000000000000e+06,9.899105000000000000e+06,1.020569200000000000e+07,1.071086000000000000e+07,1.125027800000000000e+07,1.181561700000000000e+07,1.239443400000000000e+07,1.297736000000000000e+07,1.355502300000000000e+07,1.403200300000000000e+07,1.418080100000000000e+07,1.386253800000000000e+07,1.321102600000000000e+07,1.185455600000000000e+07,7.955222500000000000e+06,2.346138750000000000e+06,8.314952343750000000e+04
6.453608750000000000e+05,6.444107500000000000e+05,6.414887500000000000e+05,6.364386875000000000e+05,6.290699375000000000e+05,6.191923125000000000e+05,6.066465625000000000e+05,5.913589375000000000e+05,5.736329375000000000e+05,5.540046250000000000e+05,5.330458125000000000e+05,5.226422500000000000e+05,5.189808750000000000e+05,5.133619375000000000e+05,5.061300937500000000e+05,4.977191562500000000e+05,4.885953750000000000e+05,4.792376875000000000e+05,4.700645625000000000e+05,4.613837812500000000e+05,4.534653437500000000e+05,4.464892500000000000e+05,4.478911562500000000e+05,4.523921875000000000e+05,4.584692812500000000e+05,4.659959062500000000e+05,4.747705625000000000e+05,4.844784687500000000e+05,4.946750000000000000e+05,5.044640312500000000e+05,5.127230000000000000e+05,5.181546562500000000e+05,5.192547187500000000e+05,5.125610000000000000e+05,4.920411250000000000e+05,4.544216250000000000e+05,4.031043125000000000e+05,3.333638750000000000e+05,2.180028593750000000e+05,7.943178906250000000e+04,1.235946093750000000e+04
1.007453250000000000e+06,1.005040312500000000e+06,9.978581875000000000e+05,9.900644375000000000e+05,9.772454375000000000e+05,9.585247500000000000e+05,9.335088750000000000e+05,9.030741250000000000e+05,8.784376250000000000e+05,8.505276875000000000e+05,8.221771875000000000e+05,7.960374375000000000e+05,7.748232500000000000e+05,7.679862500000000000e+05,7.630673750000000000e+05,7.605292500000000000e+05,7.605921875000000000e+05,7.633033750000000000e+05,7.685045000000000000e+05,7.758215000000000000e+05,8.099060625000000000e+05,8.496728750000000000e+05,8.895793125000000000e+05,9.294028750000000000e+05,9.686631250000000000e+05,1.006698687500000000e+06,1.042578125000000000e+06,1.075035500000000000e+06,1.102494250000000000e+06,1.122572125000000000e+06,1.135289250000000000e+06,1.162817000000000000e+06,1.178760250000000000e+06,1.176376625000000000e+06,1.145354375000000000e+06,1.077421000000000000e+06,9.710620000000000000e+05,8.172447500000000000e+05,5.821463125000000000e+05,2.875937812500000000e+05,8.114909375000000000e+04
2.966323437500000000e+05,2.959399375000000000e+05,2.938795937500000000e+05,2.904233750000000000e+05,2.855270937500000000e+05,2.800458437500000000e+05,2.730285000000000000e+05,2.644636250000000000e+05,2.545258125000000000e+05,2.449361406250000000e+05,2.350765625000000000e+05,2.247028281250000000e+05,2.142409531250000000e+05,2.055425312500000000e+05,1.980626406250000000e+05,1.910337187500000000e+05,1.846937343750000000e+05,1.792268437500000000e+05,1.747357343750000000e+05,1.734538906250000000e+05,1.729422656250000000e+05,1.731650625000000000e+05,1.741115156250000000e+05,1.757482187500000000e+05,1.780155000000000000e+05,1.808368437500000000e+05,1.841341093750000000e+05,1.952141093750000000e+05,2.082180000000000000e+05,2.216146250000000000e+05,2.350208281250000000e+05,2.481262187500000000e+05,2.606518125000000000e+05,2.704649687500000000e+05,2.750109062500000000e+05,2.798686875000000000e+05,2.810726875000000000e+05,2.694386250000000000e+05,1.933836093750000000e+05,5.801732031250000000e+04,1.742974243164062500e+03
2.595784500000000000e+06,2.603638250000000000e+06,2.624151500000000000e+06,2.652420000000000000e+06,2.698775500000000000e+06,2.758513250000000000e+06,2.811525000000000000e+06,2.851492500000000000e+06,2.875957500000000000e+06,2.941509750000000000e+06,2.988757500000000000e+06,3.015065750000000000e+06,3.022504500000000000e+06,3.013978500000000000e+06,3.071497750000000000e+06,3.173823750000000000e+06,3.249748750000000000e+06,3.306588000000000000e+06,3.350716000000000000e+06,3.387167750000000000e+06,3.420535500000000000e+06,3.454193750000000000e+06,3.490459500000000000e+06,3.531269750000000000e+06,3.577385750000000000e+06,3.629099750000000000e+06,3.716516250000000000e+06,3.850836750000000000e+06,4.002092000000000000e+06,4.167538500000000000e+06,4.343143000000000000e+06,4.527757500000000000e+06,4.721814500000000000e+06,4.892934000000000000e+06,4.957909000000000000e+06,4.872253000000000000e+06,4.705887000000000000e+06,4.315025500000000000e+06,2.928893750000000000e+06,8.577678750000000000e+05,3.304303515625000000e+04
2.234269000000000000e+06,2.236239500000000000e+06,2.241899500000000000e+06,2.250845500000000000e+06,2.262646750000000000e+06,2.279390000000000000e+06,2.299342000000000000e+06,2.321199250000000000e+06,2.344580250000000000e+06,2.369214750000000000e+06,2.394857750000000000e+06,2.421293750000000000e+06,2.448333750000000000e+06,2.485252500000000000e+06,2.525862000000000000e+06,2.566661750000000000e+06,2.607590750000000000e+06,2.648621000000000000e+06,2.689706500000000000e+06,2.747967000000000000e+06,2.814586750000000000e+06,2.880361000000000000e+06,2.944781250000000000e+06,3.007160750000000000e+06,3.066122000000000000e+06,3.159828250000000000e+06,3.257940750000000000e+06,3.344154500000000000e+06,3.413605000000000000e+06,3.458268250000000000e+06,3.480821250000000000e+06,3.685011750000000000e+06,3.819504250000000000e+06,3.852485000000000000e+06,3.734527250000000000e+06,3.436274250000000000e+06,3.127903250000000000e+06,2.690145250000000000e+06,1.844025375000000000e+06,6.555403125000000000e+05,4.444913671875000000e+04
6.958112000000000000e+06,6.960094000000000000e+06,6.960997500000000000e+06,6.952530000000000000e+06,6.926093500000000000e+06,6.873537000000000000e+06,6.787767000000000000e+06,6.664096000000000000e+06,6.508499000000000000e+06,6.332645500000000000e+06,6.147832500000000000e+06,5.964116000000000000e+06,5.785655000000000000e+06,5.745549500000000000e+06,5.768719000000000000e+06,5.786374500000000000e+06,5.800306000000000000e+06,5.812247500000000000e+06,5.822436500000000000e+06,5.828837000000000000e+06,5.828922000000000000e+06,5.819358000000000000e+06,5.795979000000000000e+06,5.754171000000000000e+06,5.698378500000000000e+06,5.721623500000000000e+06,5.718575500000000000e+06,5.680482000000000000e+06,5.598032000000000000e+06,5.461231000000000000e+06,5.260222000000000000e+06,4.987149000000000000e+06,4.636532500000000000e+06,4.201251500000000000e+06,3.672826750000000000e+06,3.060527750000000000e+06,2.406230000000000000e+06,1.733653000000000000e+06,1.008192750000000000e+06,3.452948125000000000e+05,4.644804296875000000e+04
4.373533500000000000e+06,4.375858500000000000e+06,4.380486500000000000e+06,4.383644000000000000e+06,4.381421500000000000e+06,4.374541500000000000e+06,4.379451000000000000e+06,4.367433000000000000e+06,4.340082000000000000e+06,4.302486000000000000e+06,4.259728000000000000e+06,4.216477000000000000e+06,4.174660250000000000e+06,4.135958000000000000e+06,4.152499250000000000e+06,4.170453750000000000e+06,4.191187750000000000e+06,4.216158500000000000e+06,4.246355000000000000e+06,4.282004500000000000e+06,4.323257000000000000e+06,4.440522000000000000e+06,4.692852000000000000e+06,4.946542500000000000e+06,5.200967000000000000e+06,5.454813000000000000e+06,5.705844000000000000e+06,5.950639500000000000e+06,6.183804000000000000e+06,6.393444500000000000e+06,6.624773000000000000e+06,6.952385500000000000e+06,7.251216000000000000e+06,7.463409500000000000e+06,7.471642500000000000e+06,7.195485000000000000e+06,6.676130500000000000e+06,5.765199500000000000e+06,3.762961750000000000e+06,1.115562125000000000e+06,4.437702343750000000e+04
3.269170750000000000e+06,3.275274750000000000e+06,3.291030500000000000e+06,3.312019500000000000e+06,3.333336500000000000e+06,3.362015750000000000e+06,3.383575500000000000e+06,3.390782750000000000e+06,3.387882000000000000e+06,3.388945500000000000e+06,3.365114500000000000e+06,3.316366750000000000e+06,3.282074500000000000e+06,3.233021250000000000e+06,3.163857750000000000e+06,3.080587250000000000e+06,2.990657500000000000e+06,2.939357500000000000e+06,2.881424500000000000e+06,2.821979250000000000e+06,2.765311250000000000e+06,2.714261000000000000e+06,2.670489500000000000e+06,2.635135250000000000e+06,2.608073250000000000e+06,2.652613000000000000e+06,2.740470750000000000e+06,2.832126000000000000e+06,2.925451250000000000e+06,3.014603000000000000e+06,3.091696500000000000e+06,3.147817750000000000e+06,3.172902000000000000e+06,3.141261000000000000e+06,3.089809250000000000e+06,2.957775250000000000e+06,2.737106500000000000e+06,2.366087500000000000e+06,1.540673875000000000e+06,4.295830937500000000e+05,8.125359863281250000e+03
3.684192500000000000e+06,3.692829250000000000e+06,3.717347500000000000e+06,3.755611000000000000e+06,3.805438000000000000e+06,3.864626250000000000e+06,3.930973750000000000e+06,4.002382000000000000e+06,4.077667000000000000e+06,4.156233500000000000e+06,4.237569000000000000e+06,4.321198500000000000e+06,4.406319500000000000e+06,4.647309000000000000e+06,4.922449000000000000e+06,5.195694000000000000e+06,5.465415500000000000e+06,5.729962500000000000e+06,5.987985000000000000e+06,6.238622000000000000e+06,6.481007000000000000e+06,6.714745500000000000e+06,6.939892500000000000e+06,7.221259000000000000e+06,7.589349500000000000e+06,7.971467500000000000e+06,8.368049000000000000e+06,8.780474000000000000e+06,9.209098000000000000e+06,9.646961000000000000e+06,1.008451600000000000e+07,1.051901100000000000e+07,1.095168400000000000e+07,1.131005300000000000e+07,1.141000000000000000e+07,1.115765200000000000e+07,1.071075900000000000e+07,9.755014000000000000e+06,6.629333000000000000e+06,2.019481250000000000e+06,1.012183593750000000e+05
3.981086750000000000e+06,3.983790750000000000e+06,3.990224750000000000e+06,3.997661750000000000e+06,4.003200000000000000e+06,4.003882500000000000e+06,3.996811750000000000e+06,3.979425500000000000e+06,3.953423500000000000e+06,3.945532000000000000e+06,3.927324000000000000e+06,3.899295250000000000e+06,3.861392250000000000e+06,3.813435000000000000e+06,3.755507750000000000e+06,3.698201750000000000e+06,3.670972750000000000e+06,3.630294250000000000e+06,3.576793750000000000e+06,3.510915750000000000e+06,3.433101000000000000e+06,3.343622250000000000e+06,3.242576750000000000e+06,3.207494250000000000e+06,3.208721250000000000e+06,3.181469250000000000e+06,3.125280000000000000e+06,3.039551000000000000e+06,2.923747750000000000e+06,2.777337750000000000e+06,2.600159500000000000e+06,2.392942000000000000e+06,2.186866000000000000e+06,1.989793250000000000e+06,1.763663750000000000e+06,1.508408250000000000e+06,1.230079375000000000e+06,9.343860625000000000e+05,6.165794375000000000e+05,3.005045000000000000e+05,8.767243750000000000e+04
3.808371000000000000e+06,3.804289250000000000e+06,3.792813000000000000e+06,3.779125500000000000e+06,3.761323250000000000e+06,3.739379750000000000e+06,3.713635750000000000e+06,3.684668750000000000e+06,3.654255000000000000e+06,3.625010500000000000e+06,3.608868250000000000e+06,3.602803500000000000e+06,3.604757750000000000e+06,3.615260000000000000e+06,3.637022000000000000e+06,3.693204750000000000e+06,3.757836500000000000e+06,3.830732000000000000e+06,3.911457000000000000e+06,4.031897750000000000e+06,4.174065500000000000e+06,4.319758000000000000e+06,4.468055500000000000e+06,4.617800000000000000e+06,4.856655000000000000e+06,5.096468500000000000e+06,5.331850500000000000e+06,5.560901000000000000e+06,5.780185500000000000e+06,6.249134500000000000e+06,6.826074000000000000e+06,7.359539500000000000e+06,7.830953000000000000e+06,8.169745500000000000e+06,8.223750000000000000e+06,8.212283000000000000e+06,8.088772500000000000e+06,7.506786500000000000e+06,5.161637500000000000e+06,1.398022625000000000e+06,5.604060546875000000e+03
1.881523125000000000e+06,1.887142750000000000e+06,1.904975875000000000e+06,1.932787875000000000e+06,1.968995625000000000e+06,2.012013250000000000e+06,2.060243500000000000e+06,2.112160750000000000e+06,2.167132000000000000e+06,2.232123750000000000e+06,2.301114000000000000e+06,2.373172500000000000e+06,2.447739250000000000e+06,2.532227500000000000e+06,2.629270750000000000e+06,2.726602000000000000e+06,2.823734000000000000e+06,2.929527500000000000e+06,3.063630250000000000e+06,3.195512500000000000e+06,3.324655500000000000e+06,3.450655500000000000e+06,3.629447500000000000e+06,3.819130250000000000e+06,4.002572500000000000e+06,4.178812750000000000e+06,4.346555000000000000e+06,4.664335500000000000e+06,5.103696500000000000e+06,5.519087000000000000e+06,5.895955500000000000e+06,6.218900000000000000e+06,6.471367000000000000e+06,6.613072500000000000e+06,6.786170500000000000e+06,6.708060500000000000e+06,6.425854500000000000e+06,5.753521500000000000e+06,3.782539750000000000e+06,9.621556250000000000e+05,2.974526367187500000e+03
7.137482000000000000e+06,7.128788500000000000e+06,7.102089000000000000e+06,7.055944000000000000e+06,6.988642000000000000e+06,6.929419500000000000e+06,7.032193500000000000e+06,7.109368000000000000e+06,7.158596500000000000e+06,7.183819500000000000e+06,7.190563000000000000e+06,7.185186500000000000e+06,7.170121500000000000e+06,7.145960500000000000e+06,7.113839500000000000e+06,7.074862500000000000e+06,7.029459500000000000e+06,7.116909000000000000e+06,7.204339000000000000e+06,7.285290500000000000e+06,7.353753000000000000e+06,7.403452000000000000e+06,7.427992000000000000e+06,7.420888500000000000e+06,7.375419000000000000e+06,7.284924500000000000e+06,7.142949500000000000e+06,6.943372500000000000e+06,6.680517000000000000e+06,6.348566500000000000e+06,5.943006000000000000e+06,5.463248500000000000e+06,4.912646000000000000e+06,4.291765500000000000e+06,3.598677250000000000e+06,2.856072500000000000e+06,2.126595500000000000e+06,1.436895250000000000e+06,7.374155000000000000e+05,1.711750000000000000e+05,4.195972167968750000e+03
3.467110937500000000e+05,3.469346875000000000e+05,3.478527187500000000e+05,3.495490625000000000e+05,3.511977187500000000e+05,3.523527500000000000e+05,3.525822187500000000e+05,3.515088750000000000e+05,3.496468125000000000e+05,3.497621875000000000e+05,3.483057187500000000e+05,3.453449687500000000e+05,3.409706875000000000e+05,3.376808125000000000e+05,3.368557187500000000e+05,3.342796875000000000e+05,3.302848750000000000e+05,3.252116562500000000e+05,3.193774375000000000e+05,3.220979062500000000e+05,3.301797812500000000e+05,3.362710625000000000e+05,3.407550625000000000e+05,3.439455312500000000e+05,3.459974375000000000e+05,3.469727812500000000e+05,3.468062500000000000e+05,3.452777500000000000e+05,3.425790000000000000e+05,3.454084687500000000e+05,3.461938437500000000e+05,3.440161250000000000e+05,3.378480312500000000e+05,3.257453750000000000e+05,3.045942187500000000e+05,2.730046250000000000e+05,2.336672656250000000e+05,1.854331718750000000e+05,1.157241093750000000e+05,3.819522265625000000e+04,4.723435058593750000e+03
2.838559250000000000e+06,2.836663000000000000e+06,2.830486500000000000e+06,2.819211250000000000e+06,2.801938000000000000e+06,2.828169750000000000e+06,2.856652500000000000e+06,2.880441000000000000e+06,2.896487500000000000e+06,2.902047250000000000e+06,2.894727750000000000e+06,2.872654750000000000e+06,2.835090750000000000e+06,2.782033750000000000e+06,2.713868750000000000e+06,2.631619500000000000e+06,2.536918000000000000e+06,2.431556000000000000e+06,2.317457000000000000e+06,2.210678500000000000e+06,2.115823750000000000e+06,2.015276000000000000e+06,1.910162375000000000e+06,1.801600625000000000e+06,1.690515500000000000e+06,1.577748375000000000e+06,1.463982875000000000e+06,1.349706625000000000e+06,1.235361500000000000e+06,1.121284250000000000e+06,1.007788000000000000e+06,8.950665000000000000e+05,7.833407500000000000e+05,6.732234375000000000e+05,5.656658750000000000e+05,4.612405000000000000e+05,3.603085312500000000e+05,2.651829375000000000e+05,1.798724062500000000e+05,1.059854843750000000e+05,4.636674609375000000e+04
6.017559765625000000e+04,6.001493750000000000e+04,5.954298437500000000e+04,5.877252343750000000e+04,5.771510937500000000e+04,5.638308203125000000e+04,5.479128906250000000e+04,5.296084375000000000e+04,5.094308203125000000e+04,4.880629687500000000e+04,4.661853906250000000e+04,4.444458203125000000e+04,4.233037890625000000e+04,4.031219921875000000e+04,3.842510937500000000e+04,3.669474609375000000e+04,3.513480078125000000e+04,3.469662890625000000e+04,3.441154687500000000e+04,3.424050781250000000e+04,3.419599218750000000e+04,3.428519140625000000e+04,3.451013281250000000e+04,3.487133984375000000e+04,3.536653906250000000e+04,3.599162109375000000e+04,3.673926562500000000e+04,3.759783593750000000e+04,3.855593750000000000e+04,3.976891406250000000e+04,4.194798828125000000e+04,4.443884765625000000e+04,4.718366796875000000e+04,5.025837890625000000e+04,5.398657812500000000e+04,5.819866796875000000e+04,6.114716796875000000e+04,6.218775390625000000e+04,6.680764062500000000e+04,7.666987500000000000e+04,6.041871484375000000e+04
3.661980500000000000e+06,3.664276000000000000e+06,3.670262250000000000e+06,3.678479750000000000e+06,3.687343500000000000e+06,3.695170250000000000e+06,3.700208750000000000e+06,3.707457750000000000e+06,3.711118000000000000e+06,3.708799750000000000e+06,3.699756000000000000e+06,3.683307500000000000e+06,3.658657500000000000e+06,3.635757750000000000e+06,3.613488000000000000e+06,3.579687000000000000e+06,3.533779250000000000e+06,3.475356750000000000e+06,3.411734000000000000e+06,3.362155250000000000e+06,3.295376000000000000e+06,3.211264250000000000e+06,3.109838000000000000e+06,2.991283500000000000e+06,2.898761000000000000e+06,2.790143750000000000e+06,2.657949250000000000e+06,2.503297250000000000e+06,2.327637250000000000e+06,2.160285000000000000e+06,2.071704250000000000e+06,1.936643625000000000e+06,1.759485875000000000e+06,1.544840750000000000e+06,1.296784750000000000e+06,1.051705000000000000e+06,8.285381875000000000e+05,6.008639375000000000e+05,3.464430312500000000e+05,9.985734375000000000e+04,4.331462890625000000e+03
2.750784500000000000e+06,2.749297500000000000e+06,2.744678000000000000e+06,2.743056250000000000e+06,2.736219000000000000e+06,2.721440500000000000e+06,2.696119250000000000e+06,2.658085000000000000e+06,2.607373000000000000e+06,2.545310000000000000e+06,2.473313750000000000e+06,2.392791250000000000e+06,2.310843500000000000e+06,2.242116250000000000e+06,2.164326500000000000e+06,2.078464500000000000e+06,1.985855750000000000e+06,1.887911750000000000e+06,1.785968625000000000e+06,1.681203375000000000e+06,1.574763375000000000e+06,1.522815875000000000e+06,1.466226625000000000e+06,1.400296500000000000e+06,1.326490000000000000e+06,1.246164250000000000e+06,1.160553500000000000e+06,1.070755000000000000e+06,9.778025000000000000e+05,8.826339375000000000e+05,7.868734375000000000e+05,7.095231250000000000e+05,6.308988125000000000e+05,5.510520625000000000e+05,4.701344375000000000e+05,3.885102500000000000e+05,3.073067187500000000e+05,2.282265000000000000e+05,1.517254687500000000e+05,8.080344531250000000e+04,3.028439648437500000e+04
3.485360250000000000e+06,3.494582250000000000e+06,3.518779750000000000e+06,3.553040250000000000e+06,3.602084500000000000e+06,3.648907250000000000e+06,3.686386750000000000e+06,3.714273000000000000e+06,3.737918500000000000e+06,3.743543000000000000e+06,3.736326500000000000e+06,3.747492750000000000e+06,3.742108500000000000e+06,3.722359500000000000e+06,3.731216750000000000e+06,3.739308250000000000e+06,3.734627750000000000e+06,3.721181250000000000e+06,3.738061750000000000e+06,3.779586500000000000e+06,3.810606500000000000e+06,3.832837250000000000e+06,3.846757750000000000e+06,3.852049500000000000e+06,3.907474500000000000e+06,4.077185000000000000e+06,4.217023500000000000e+06,4.321438000000000000e+06,4.383271500000000000e+06,4.392080500000000000e+06,4.336252500000000000e+06,4.205487500000000000e+06,4.014956250000000000e+06,3.842843500000000000e+06,3.556018000000000000e+06,3.139744000000000000e+06,2.626455750000000000e+06,2.010530625000000000e+06,1.165911875000000000e+06,2.854396250000000000e+05,2.003526977539062500e+03
3.541713250000000000e+06,3.523943500000000000e+06,3.473321500000000000e+06,3.393967500000000000e+06,3.290088000000000000e+06,3.165938750000000000e+06,3.025790500000000000e+06,2.874000000000000000e+06,2.715958500000000000e+06,2.557459000000000000e+06,2.403928500000000000e+06,2.278244750000000000e+06,2.196796250000000000e+06,2.123627250000000000e+06,2.060447000000000000e+06,2.008359250000000000e+06,1.967538750000000000e+06,1.938170875000000000e+06,1.920094375000000000e+06,1.912554000000000000e+06,1.914730125000000000e+06,1.925720625000000000e+06,1.944512250000000000e+06,1.970008500000000000e+06,2.001071875000000000e+06,2.036461500000000000e+06,2.074870000000000000e+06,2.151560250000000000e+06,2.235299500000000000e+06,2.322277000000000000e+06,2.408248250000000000e+06,2.489140000000000000e+06,2.560479500000000000e+06,2.602109250000000000e+06,2.571030000000000000e+06,2.443861500000000000e+06,2.250627000000000000e+06,1.938673000000000000e+06,1.229733875000000000e+06,3.220176250000000000e+05,6.511931152343750000e+03
1.035741125000000000e+06,1.041727062500000000e+06,1.058057375000000000e+06,1.082185000000000000e+06,1.116125250000000000e+06,1.153002500000000000e+06,1.189687125000000000e+06,1.228391500000000000e+06,1.263755000000000000e+06,1.292348000000000000e+06,1.325037625000000000e+06,1.349695125000000000e+06,1.363688500000000000e+06,1.381977250000000000e+06,1.393646000000000000e+06,1.392636125000000000e+06,1.380558250000000000e+06,1.370710125000000000e+06,1.362929500000000000e+06,1.344694125000000000e+06,1.317803625000000000e+06,1.283688000000000000e+06,1.243446125000000000e+06,1.197988750000000000e+06,1.181081750000000000e+06,1.173364875000000000e+06,1.154772500000000000e+06,1.125419125000000000e+06,1.085340125000000000e+06,1.034406000000000000e+06,9.725393125000000000e+05,8.998223750000000000e+05,8.166665625000000000e+05,7.491541250000000000e+05,6.724688750000000000e+05,5.855344375000000000e+05,4.883023125000000000e+05,3.821441562500000000e+05,2.682521562500000000e+05,1.511832187500000000e+05,5.685167968750000000e+04
8.774220625000000000e+05,8.785171250000000000e+05,8.817100000000000000e+05,8.875838750000000000e+05,8.965010625000000000e+05,9.075471250000000000e+05,9.205312500000000000e+05,9.352625625000000000e+05,9.515551250000000000e+05,9.692286875000000000e+05,9.881080000000000000e+05,1.008020375000000000e+06,1.033289687500000000e+06,1.063937500000000000e+06,1.095145625000000000e+06,1.126615500000000000e+06,1.158038500000000000e+06,1.189096750000000000e+06,1.225367250000000000e+06,1.273736750000000000e+06,1.320222000000000000e+06,1.364151500000000000e+06,1.404740125000000000e+06,1.441103375000000000e+06,1.472095125000000000e+06,1.548849750000000000e+06,1.640997250000000000e+06,1.719971750000000000e+06,1.782371250000000000e+06,1.823853000000000000e+06,1.839661875000000000e+06,1.824949375000000000e+06,1.775128625000000000e+06,1.724839500000000000e+06,1.645889625000000000e+06,1.514276500000000000e+06,1.331466625000000000e+06,1.091106000000000000e+06,7.587350000000000000e+05,3.675552187500000000e+05,1.007423828125000000e+05
6.321273500000000000e+06,6.307806500000000000e+06,6.268445500000000000e+06,6.204165500000000000e+06,6.115660000000000000e+06,6.013086000000000000e+06,5.948185500000000000e+06,5.861871000000000000e+06,5.757340500000000000e+06,5.640857000000000000e+06,5.519828000000000000e+06,5.402162500000000000e+06,5.292825500000000000e+06,5.221589000000000000e+06,5.331429500000000000e+06,5.435312500000000000e+06,5.538341000000000000e+06,5.644719500000000000e+06,5.757418500000000000e+06,5.877998000000000000e+06,6.007304000000000000e+06,6.145446000000000000e+06,6.291910500000000000e+06,6.445666500000000000e+06,6.604641500000000000e+06,6.766125000000000000e+06,6.926372500000000000e+06,7.160900000000000000e+06,7.449252000000000000e+06,7.737036000000000000e+06,8.007866000000000000e+06,8.242933000000000000e+06,8.419591000000000000e+06,8.471873000000000000e+06,8.272782000000000000e+06,7.749138000000000000e+06,6.973453500000000000e+06,5.820163500000000000e+06,3.622838750000000000e+06,9.641336875000000000e+05,2.015481445312500000e+04
1.035741125000000000e+06,1.041727062500000000e+06,1.058057375000000000e+06,1.082185000000000000e+06,1.116125250000000000e+06,1.153002500000000000e+06,1.189687125000000000e+06,1.228391500000000000e+06,1.263755000000000000e+06,1.292348000000000000e+06,1.325037625000000000e+06,1.349695125000000000e+06,1.363688500000000000e+06,1.381977250000000000e+06,1.393646000000000000e+06,1.392636125000000000e+06,1.380558250000000000e+06,1.370710125000000000e+06,1.362929500000000000e+06,1.344694125000000000e+06,1.317803625000000000e+06,1.283688000000000000e+06,1.243446125000000000e+06,1.197988750000000000e+06,1.181081750000000000e+06,1.173364875000000000e+06,1.154772500000000000e+06,1.125419125000000000e+06,1.085340125000000000e+06,1.034406000000000000e+06,9.725393125000000000e+05,8.998223750000000000e+05,8.166665625000000000e+05,7.491541250000000000e+05,6.724688750000000000e+05,5.855344375000000000e+05,4.883023125000000000e+05,3.821441562500000000e+05,2.682521562500000000e+05,1.511832187500000000e+05,5.685167968750000000e+04
8.836836000000000000e+06,8.802965000000000000e+06,8.705759000000000000e+06,8.656631000000000000e+06,8.595493000000000000e+06,8.506394000000000000e+06,8.385374500000000000e+06,8.230748000000000000e+06,8.048852000000000000e+06,7.851117000000000000e+06,7.650193000000000000e+06,7.458877500000000000e+06,7.283145500000000000e+06,7.125869500000000000e+06,6.990557500000000000e+06,6.879159000000000000e+06,6.790970000000000000e+06,6.789648500000000000e+06,6.879684000000000000e+06,6.994508500000000000e+06,7.127715000000000000e+06,7.271945500000000000e+06,7.418861500000000000e+06,7.559075500000000000e+06,7.682217500000000000e+06,7.777033500000000000e+06,7.831419000000000000e+06,7.832599000000000000e+06,7.767043500000000000e+06,7.618815000000000000e+06,7.372252000000000000e+06,7.015530500000000000e+06,6.541061000000000000e+06,5.933336000000000000e+06,5.169305000000000000e+06,4.267857500000000000e+06,3.318164500000000000e+06,2.349447250000000000e+06,1.260982875000000000e+06,3.109123750000000000e+05,9.971729492187500000e+03
4.036564375000000000e+05,4.022739687500000000e+05,3.983185312500000000e+05,3.920767187500000000e+05,3.838341875000000000e+05,3.738769687500000000e+05,3.624926875000000000e+05,3.499837812500000000e+05,3.367853750000000000e+05,3.236049687500000000e+05,3.110372187500000000e+05,2.991744687500000000e+05,2.882646562500000000e+05,2.784663125000000000e+05,2.699387500000000000e+05,2.627670312500000000e+05,2.569390937500000000e+05,2.527245781250000000e+05,2.507221093750000000e+05,2.498460937500000000e+05,2.499784843750000000e+05,2.509622031250000000e+05,2.525989375000000000e+05,2.550926093750000000e+05,2.599750468750000000e+05,2.646897187500000000e+05,2.688554687500000000e+05,2.720163750000000000e+05,2.741027187500000000e+05,2.791634062500000000e+05,2.808886562500000000e+05,2.783680937500000000e+05,2.707573750000000000e+05,2.711586562500000000e+05,2.684242812500000000e+05,2.505872968750000000e+05,2.197732968750000000e+05,1.837284687500000000e+05,1.273313984375000000e+05,4.724717187500000000e+04,4.679184082031250000e+03
1.154662625000000000e+06,1.149298000000000000e+06,1.133700500000000000e+06,1.108599375000000000e+06,1.074792250000000000e+06,1.033230125000000000e+06,9.850641875000000000e+05,9.317488750000000000e+05,8.758467500000000000e+05,8.203150000000000000e+05,7.714385625000000000e+05,7.385033750000000000e+05,7.100606250000000000e+05,6.862435625000000000e+05,6.672638750000000000e+05,6.532025625000000000e+05,6.439031875000000000e+05,6.392078125000000000e+05,6.388357500000000000e+05,6.423088750000000000e+05,6.491301250000000000e+05,6.588568125000000000e+05,6.710844375000000000e+05,6.853943125000000000e+05,7.014401875000000000e+05,7.188778125000000000e+05,7.374092500000000000e+05,7.664915000000000000e+05,8.027855000000000000e+05,8.421692500000000000e+05,8.841023125000000000e+05,9.283191250000000000e+05,9.746400000000000000e+05,1.017839875000000000e+06,1.044766437500000000e+06,1.046374937500000000e+06,1.027775000000000000e+06,9.614600625000000000e+05,7.205057500000000000e+05,3.162246562500000000e+05,6.315579296875000000e+04
3.625580625000000000e+05,3.633841562500000000e+05,3.656828750000000000e+05,3.691425937500000000e+05,3.738280312500000000e+05,3.800571250000000000e+05,3.865342812500000000e+05,3.928996562500000000e+05,4.004608750000000000e+05,4.095497187500000000e+05,4.176528750000000000e+05,4.246540312500000000e+05,4.364242812500000000e+05,4.468629375000000000e+05,4.556709062500000000e+05,4.629490937500000000e+05,4.728330937500000000e+05,4.846955937500000000e+05,4.943328437500000000e+05,5.018293125000000000e+05,5.072180937500000000e+05,5.104418125000000000e+05,5.113661562500000000e+05,5.098162500000000000e+05,5.248392500000000000e+05,5.366651875000000000e+05,5.438820625000000000e+05,5.458651250000000000e+05,5.419304375000000000e+05,5.312530625000000000e+05,5.130270625000000000e+05,4.866811562500000000e+05,4.519568437500000000e+05,4.186474062500000000e+05,3.800223750000000000e+05,3.317402187500000000e+05,2.761900937500000000e+05,2.136879375000000000e+05,1.365817187500000000e+05,5.368672265625000000e+04,1.008125488281250000e+04
2.127144750000000000e+06,2.131675750000000000e+06,2.144250500000000000e+06,2.163226000000000000e+06,2.186844750000000000e+06,2.213284250000000000e+06,2.244443750000000000e+06,2.286010500000000000e+06,2.325695250000000000e+06,2.361918750000000000e+06,2.393276250000000000e+06,2.440498500000000000e+06,2.488653500000000000e+06,2.526993750000000000e+06,2.554685250000000000e+06,2.577581500000000000e+06,2.630291750000000000e+06,2.666846500000000000e+06,2.687467000000000000e+06,2.692561500000000000e+06,2.682524500000000000e+06,2.657660500000000000e+06,2.739349000000000000e+06,2.796365750000000000e+06,2.824602000000000000e+06,2.824079000000000000e+06,2.794557000000000000e+06,2.735518500000000000e+06,2.646450500000000000e+06,2.526589500000000000e+06,2.375491000000000000e+06,2.232615750000000000e+06,2.083578500000000000e+06,1.903610000000000000e+06,1.688959250000000000e+06,1.440010375000000000e+06,1.166420375000000000e+06,8.746719375000000000e+05,5.523785625000000000e+05,2.328476093750000000e+05,5.000889062500000000e+04
3.997095937500000000e+05,3.998722187500000000e+05,4.001562187500000000e+05,4.002335000000000000e+05,3.997660937500000000e+05,3.984280000000000000e+05,4.056714687500000000e+05,4.127914375000000000e+05,4.179646562500000000e+05,4.218195937500000000e+05,4.250182812500000000e+05,4.281848125000000000e+05,4.314825000000000000e+05,4.348627812500000000e+05,4.383090312500000000e+05,4.418730937500000000e+05,4.456695625000000000e+05,4.498125000000000000e+05,4.543563437500000000e+05,4.594222812500000000e+05,4.722795000000000000e+05,4.861125937500000000e+05,5.007993437500000000e+05,5.161893437500000000e+05,5.320424375000000000e+05,5.480635000000000000e+05,5.638485625000000000e+05,5.788411250000000000e+05,5.923522500000000000e+05,6.033265000000000000e+05,6.105097500000000000e+05,6.123087500000000000e+05,6.068596875000000000e+05,5.915263750000000000e+05,5.627839375000000000e+05,5.180045625000000000e+05,4.567258750000000000e+05,3.773425625000000000e+05,2.731717187500000000e+05,1.530638125000000000e+05,5.805585546875000000e+04
3.891840500000000000e+06,3.869056750000000000e+06,3.804263000000000000e+06,3.702309250000000000e+06,3.567947000000000000e+06,3.406384250000000000e+06,3.223620750000000000e+06,3.026678000000000000e+06,2.847251000000000000e+06,2.675038500000000000e+06,2.512278000000000000e+06,2.367760250000000000e+06,2.244099500000000000e+06,2.158989250000000000e+06,2.110044750000000000e+06,2.075588875000000000e+06,2.054593875000000000e+06,2.045587375000000000e+06,2.046658625000000000e+06,2.069329500000000000e+06,2.179485000000000000e+06,2.285693500000000000e+06,2.386430250000000000e+06,2.479461750000000000e+06,2.562256750000000000e+06,2.631884750000000000e+06,2.684914750000000000e+06,2.717496250000000000e+06,2.725295250000000000e+06,2.717813750000000000e+06,2.727640000000000000e+06,2.702900750000000000e+06,2.635825250000000000e+06,2.513546750000000000e+06,2.317062000000000000e+06,2.039965125000000000e+06,1.703691125000000000e+06,1.308361250000000000e+06,7.899173750000000000e+05,2.518032968750000000e+05,2.252541015625000000e+04
1.121422000000000000e+06,1.119901500000000000e+06,1.115302125000000000e+06,1.107544625000000000e+06,1.096531000000000000e+06,1.082158000000000000e+06,1.064330625000000000e+06,1.042992312500000000e+06,1.018300687500000000e+06,9.905562500000000000e+05,9.600944375000000000e+05,9.292333125000000000e+05,8.991891250000000000e+05,8.672656875000000000e+05,8.338916875000000000e+05,7.994800625000000000e+05,7.644079375000000000e+05,7.290350625000000000e+05,6.936436250000000000e+05,6.584117500000000000e+05,6.234928125000000000e+05,5.926056875000000000e+05,5.643945625000000000e+05,5.357697500000000000e+05,5.066484375000000000e+05,4.769300000000000000e+05,4.465031875000000000e+05,4.152465312500000000e+05,3.830643437500000000e+05,3.635938125000000000e+05,3.454657812500000000e+05,3.225625937500000000e+05,2.949634375000000000e+05,2.628244687500000000e+05,2.262836093750000000e+05,1.898399687500000000e+05,1.572104062500000000e+05,1.226591328125000000e+05,8.357170312500000000e+04,4.113697656250000000e+04,1.263612500000000000e+04
4.668637500000000000e+06,4.646081500000000000e+06,4.582674000000000000e+06,4.484868000000000000e+06,4.359115000000000000e+06,4.211780500000000000e+06,4.049084750000000000e+06,3.877124750000000000e+06,3.702492500000000000e+06,3.531921750000000000e+06,3.379355500000000000e+06,3.254358500000000000e+06,3.146511250000000000e+06,3.056264500000000000e+06,2.984259500000000000e+06,2.930176500000000000e+06,2.892315000000000000e+06,2.869003750000000000e+06,2.858177750000000000e+06,2.888261500000000000e+06,2.928295000000000000e+06,2.971295250000000000e+06,3.014061500000000000e+06,3.053064000000000000e+06,3.084440750000000000e+06,3.104027000000000000e+06,3.108050000000000000e+06,3.238973000000000000e+06,3.337335000000000000e+06,3.393211750000000000e+06,3.395797750000000000e+06,3.335362750000000000e+06,3.203894500000000000e+06,2.988442750000000000e+06,2.707069750000000000e+06,2.395265250000000000e+06,2.015048500000000000e+06,1.559448875000000000e+06,9.225743750000000000e+05,2.434117500000000000e+05,4.706766113281250000e+03
7.697485000000000000e+05,7.675369375000000000e+05,7.611187500000000000e+05,7.507851875000000000e+05,7.368007500000000000e+05,7.208023125000000000e+05,7.045151250000000000e+05,6.854884375000000000e+05,6.640944375000000000e+05,6.409086250000000000e+05,6.165896250000000000e+05,5.918451875000000000e+05,5.672406250000000000e+05,5.496985625000000000e+05,5.336800000000000000e+05,5.182364062500000000e+05,5.037445312500000000e+05,4.905622500000000000e+05,4.789476562500000000e+05,4.690089375000000000e+05,4.677453125000000000e+05,4.798050312500000000e+05,4.920315312500000000e+05,5.046407187500000000e+05,5.177058125000000000e+05,5.311929375000000000e+05,5.449255000000000000e+05,5.585551875000000000e+05,5.715747500000000000e+05,5.830955625000000000e+05,5.920036875000000000e+05,6.113308125000000000e+05,6.287155625000000000e+05,6.402382500000000000e+05,6.411438125000000000e+05,6.261503125000000000e+05,5.899571250000000000e+05,5.244301875000000000e+05,4.133224375000000000e+05,2.551670625000000000e+05,1.019055000000000000e+05
2.060562125000000000e+06,2.066280750000000000e+06,2.081410250000000000e+06,2.102715250000000000e+06,2.126807750000000000e+06,2.150277250000000000e+06,2.169808250000000000e+06,2.182791750000000000e+06,2.196605750000000000e+06,2.204953750000000000e+06,2.209616000000000000e+06,2.212263500000000000e+06,2.222662750000000000e+06,2.238509000000000000e+06,2.251524000000000000e+06,2.261859500000000000e+06,2.281802750000000000e+06,2.316668000000000000e+06,2.347546500000000000e+06,2.374191500000000000e+06,2.396261500000000000e+06,2.458421750000000000e+06,2.513519750000000000e+06,2.557281500000000000e+06,2.587852750000000000e+06,2.603006750000000000e+06,2.701746250000000000e+06,2.830284500000000000e+06,2.918176750000000000e+06,2.958274750000000000e+06,2.943125750000000000e+06,2.866902250000000000e+06,2.725885000000000000e+06,2.578167000000000000e+06,2.374505000000000000e+06,2.081782875000000000e+06,1.728467750000000000e+06,1.314801000000000000e+06,7.611048750000000000e+05,2.012135000000000000e+05,6.377270019531250000e+03
4.590873000000000000e+06,4.587738000000000000e+06,4.575850000000000000e+06,4.550960000000000000e+06,4.514087500000000000e+06,4.461925500000000000e+06,4.384235000000000000e+06,4.278291500000000000e+06,4.148406250000000000e+06,4.002654250000000000e+06,3.859617750000000000e+06,3.725895750000000000e+06,3.593176250000000000e+06,3.463997000000000000e+06,3.341159750000000000e+06,3.227696500000000000e+06,3.156077500000000000e+06,3.093258000000000000e+06,3.040922500000000000e+06,2.999608750000000000e+06,2.969686500000000000e+06,2.963812250000000000e+06,3.002069000000000000e+06,3.047956000000000000e+06,3.101043500000000000e+06,3.160484250000000000e+06,3.225076250000000000e+06,3.293230000000000000e+06,3.529051250000000000e+06,3.785846500000000000e+06,4.030238500000000000e+06,4.252800000000000000e+06,4.443039500000000000e+06,4.561293500000000000e+06,4.544010000000000000e+06,4.516578500000000000e+06,4.376702000000000000e+06,3.989418000000000000e+06,2.672074000000000000e+06,6.871529375000000000e+05,1.726217651367187500e+03
4.327272000000000000e+06,4.345054000000000000e+06,4.394066500000000000e+06,4.467758500000000000e+06,4.559514500000000000e+06,4.662661000000000000e+06,4.770481500000000000e+06,4.881920500000000000e+06,5.001572500000000000e+06,5.120675000000000000e+06,5.241597000000000000e+06,5.366495500000000000e+06,5.506210500000000000e+06,5.675522000000000000e+06,5.845159000000000000e+06,6.014060000000000000e+06,6.182186000000000000e+06,6.395412000000000000e+06,6.635678000000000000e+06,6.873374500000000000e+06,7.108130000000000000e+06,7.339812000000000000e+06,7.654192000000000000e+06,8.017412000000000000e+06,8.375070500000000000e+06,8.726561000000000000e+06,9.071137000000000000e+06,9.407941000000000000e+06,1.029466900000000000e+07,1.121198300000000000e+07,1.209669800000000000e+07,1.292948700000000000e+07,1.369076800000000000e+07,1.427053400000000000e+07,1.473669000000000000e+07,1.507823600000000000e+07,1.512493800000000000e+07,1.436975400000000000e+07,1.030287900000000000e+07,3.227968500000000000e+06,9.029544531250000000e+04
4.093662250000000000e+06,4.090913250000000000e+06,4.082786500000000000e+06,4.069419750000000000e+06,4.050909000000000000e+06,4.027324000000000000e+06,3.998721500000000000e+06,3.965216750000000000e+06,3.927526250000000000e+06,3.886726750000000000e+06,3.850700250000000000e+06,3.823779500000000000e+06,3.797111250000000000e+06,3.771416250000000000e+06,3.747470000000000000e+06,3.726016750000000000e+06,3.707730250000000000e+06,3.693325250000000000e+06,3.683407750000000000e+06,3.678392500000000000e+06,3.680878000000000000e+06,3.728470500000000000e+06,3.781774000000000000e+06,3.841001750000000000e+06,3.905892000000000000e+06,3.975969750000000000e+06,4.050376750000000000e+06,4.127698250000000000e+06,4.237817000000000000e+06,4.535969500000000000e+06,4.826307000000000000e+06,5.097252000000000000e+06,5.334735000000000000e+06,5.495161500000000000e+06,5.489973500000000000e+06,5.378008000000000000e+06,5.253875000000000000e+06,4.850791000000000000e+06,3.482177000000000000e+06,1.220869125000000000e+06,7.752813281250000000e+04
7.324129687500000000e+04,7.325248437500000000e+04,7.326585937500000000e+04,7.324489843750000000e+04,7.329192187500000000e+04,7.324528125000000000e+04,7.304553125000000000e+04,7.264254687500000000e+04,7.200258593750000000e+04,7.118076562500000000e+04,7.027435156250000000e+04,6.908491406250000000e+04,6.763949218750000000e+04,6.597859375000000000e+04,6.434763671875000000e+04,6.275076171875000000e+04,6.101834765625000000e+04,5.919863281250000000e+04,5.733139453125000000e+04,5.544463671875000000e+04,5.395276171875000000e+04,5.251480859375000000e+04,5.104138281250000000e+04,4.953566796875000000e+04,4.798976171875000000e+04,4.639087500000000000e+04,4.516880468750000000e+04,4.409121484375000000e+04,4.282295312500000000e+04,4.134339062500000000e+04,3.963203125000000000e+04,3.779578515625000000e+04,3.814989453125000000e+04,3.782220312500000000e+04,3.687786718750000000e+04,3.521270703125000000e+04,3.282392968750000000e+04,3.112767773437500000e+04,3.088114257812500000e+04,3.334710546875000000e+04,2.782765039062500000e+04
1.720671250000000000e+06,1.725976250000000000e+06,1.740324875000000000e+06,1.761243000000000000e+06,1.786150500000000000e+06,1.812435750000000000e+06,1.837523375000000000e+06,1.861789500000000000e+06,1.898837500000000000e+06,1.929180000000000000e+06,1.951839125000000000e+06,1.966198125000000000e+06,1.972797125000000000e+06,1.989879500000000000e+06,2.009948000000000000e+06,2.022668375000000000e+06,2.030011750000000000e+06,2.033900250000000000e+06,2.035970000000000000e+06,2.037473875000000000e+06,2.039551000000000000e+06,2.042894250000000000e+06,2.102584750000000000e+06,2.181906500000000000e+06,2.262401000000000000e+06,2.343642750000000000e+06,2.424484000000000000e+06,2.502754500000000000e+06,2.575316250000000000e+06,2.636063000000000000e+06,2.677407500000000000e+06,2.691251500000000000e+06,2.723517500000000000e+06,2.741668500000000000e+06,2.681563750000000000e+06,2.517891500000000000e+06,2.267756250000000000e+06,1.891582750000000000e+06,1.182780000000000000e+06,3.075376875000000000e+05,3.374057861328125000e+03
2.473566750000000000e+06,2.476195250000000000e+06,2.482674500000000000e+06,2.490722750000000000e+06,2.497918500000000000e+06,2.501810000000000000e+06,2.500015000000000000e+06,2.490477750000000000e+06,2.473250750000000000e+06,2.456002750000000000e+06,2.432699000000000000e+06,2.404398750000000000e+06,2.371323250000000000e+06,2.333326750000000000e+06,2.294551500000000000e+06,2.259300000000000000e+06,2.217844500000000000e+06,2.170224500000000000e+06,2.116387000000000000e+06,2.056132125000000000e+06,2.001811750000000000e+06,1.945847000000000000e+06,1.880703625000000000e+06,1.806343500000000000e+06,1.722836750000000000e+06,1.630361375000000000e+06,1.554336875000000000e+06,1.467382125000000000e+06,1.368304125000000000e+06,1.257995750000000000e+06,1.137664875000000000e+06,1.045541312500000000e+06,9.694395625000000000e+05,8.690046250000000000e+05,7.467337500000000000e+05,6.081055625000000000e+05,4.752687812500000000e+05,3.568054687500000000e+05,2.258676718750000000e+05,9.227345312500000000e+04,1.777972265625000000e+04
5.187527500000000000e+06,5.182569500000000000e+06,5.167353500000000000e+06,5.141061000000000000e+06,5.109364500000000000e+06,5.076499500000000000e+06,5.030712500000000000e+06,4.969897500000000000e+06,4.892532000000000000e+06,4.797824500000000000e+06,4.685670500000000000e+06,4.593902000000000000e+06,4.491746000000000000e+06,4.370912000000000000e+06,4.233796500000000000e+06,4.083267000000000000e+06,3.923964250000000000e+06,3.811174750000000000e+06,3.684194500000000000e+06,3.546391250000000000e+06,3.400794750000000000e+06,3.249717250000000000e+06,3.094779000000000000e+06,2.937181000000000000e+06,2.819387250000000000e+06,2.762799250000000000e+06,2.687146750000000000e+06,2.592823000000000000e+06,2.479792500000000000e+06,2.347415750000000000e+06,2.194934750000000000e+06,2.021849875000000000e+06,1.828317000000000000e+06,1.631332500000000000e+06,1.451148000000000000e+06,1.250154500000000000e+06,1.030419625000000000e+06,7.941789375000000000e+05,5.357535000000000000e+05,2.691659687500000000e+05,8.009339062500000000e+04
3.628106250000000000e+04,3.597819921875000000e+04,3.513105078125000000e+04,3.383535937500000000e+04,3.218902148437500000e+04,3.028932031250000000e+04,2.830665234375000000e+04,2.625093164062500000e+04,2.420528125000000000e+04,2.224875195312500000e+04,2.045249023437500000e+04,1.887469335937500000e+04,1.752435156250000000e+04,1.638909765625000000e+04,1.546182519531250000e+04,1.482807714843750000e+04,1.434374804687500000e+04,1.398720312500000000e+04,1.373710937500000000e+04,1.357119335937500000e+04,1.346727734375000000e+04,1.340679394531250000e+04,1.348064453125000000e+04,1.363662304687500000e+04,1.378966699218750000e+04,1.393066699218750000e+04,1.405087109375000000e+04,1.414265332031250000e+04,1.419942773437500000e+04,1.473192871093750000e+04,1.554056933593750000e+04,1.628709765625000000e+04,1.692946093750000000e+04,1.748896875000000000e+04,1.808867382812500000e+04,1.911119726562500000e+04,2.036082812500000000e+04,2.138617187500000000e+04,2.526886718750000000e+04,3.517092187500000000e+04,3.463921875000000000e+04
7.325180000000000000e+06,7.299560000000000000e+06,7.225792000000000000e+06,7.108566500000000000e+06,6.967212000000000000e+06,6.805363500000000000e+06,6.616970500000000000e+06,6.405655500000000000e+06,6.176856000000000000e+06,5.937113000000000000e+06,5.693027000000000000e+06,5.450895000000000000e+06,5.214342000000000000e+06,4.985714500000000000e+06,4.767396000000000000e+06,4.560564000000000000e+06,4.364805500000000000e+06,4.179668500000000000e+06,4.079839500000000000e+06,4.029219000000000000e+06,3.971181250000000000e+06,3.904006250000000000e+06,3.825622000000000000e+06,3.733813500000000000e+06,3.626470750000000000e+06,3.501509250000000000e+06,3.357134000000000000e+06,3.192040250000000000e+06,3.005286500000000000e+06,2.796612750000000000e+06,2.593366750000000000e+06,2.401531500000000000e+06,2.188650250000000000e+06,1.954280250000000000e+06,1.698282500000000000e+06,1.422941875000000000e+06,1.135850250000000000e+06,8.445710000000000000e+05,5.482445000000000000e+05,2.679253125000000000e+05,8.154470312500000000e+04
2.052614625000000000e+06,2.061785250000000000e+06,2.085860875000000000e+06,2.119761750000000000e+06,2.164685750000000000e+06,2.208757250000000000e+06,2.246130250000000000e+06,2.271887250000000000e+06,2.289805750000000000e+06,2.305851000000000000e+06,2.319781000000000000e+06,2.335932500000000000e+06,2.355371500000000000e+06,2.377806750000000000e+06,2.417278750000000000e+06,2.458423750000000000e+06,2.501556750000000000e+06,2.546955000000000000e+06,2.594408750000000000e+06,2.661179000000000000e+06,2.736755500000000000e+06,2.810529500000000000e+06,2.880808750000000000e+06,2.945589750000000000e+06,3.010431250000000000e+06,3.108932750000000000e+06,3.190912500000000000e+06,3.251238000000000000e+06,3.284105000000000000e+06,3.282045250000000000e+06,3.371372000000000000e+06,3.485542750000000000e+06,3.515468000000000000e+06,3.440699500000000000e+06,3.235240250000000000e+06,2.902259500000000000e+06,2.590074250000000000e+06,2.153453500000000000e+06,1.486976875000000000e+06,6.440443125000000000e+05,1.161585468750000000e+05
3.212127750000000000e+06,3.200019250000000000e+06,3.165802000000000000e+06,3.112568500000000000e+06,3.043345000000000000e+06,2.961127000000000000e+06,2.868908500000000000e+06,2.769743750000000000e+06,2.667148000000000000e+06,2.564866250000000000e+06,2.466586750000000000e+06,2.375634750000000000e+06,2.292708500000000000e+06,2.246360500000000000e+06,2.248091250000000000e+06,2.251374250000000000e+06,2.254621500000000000e+06,2.256099750000000000e+06,2.253917000000000000e+06,2.245973250000000000e+06,2.230053000000000000e+06,2.204234250000000000e+06,2.166902500000000000e+06,2.116575500000000000e+06,2.052334250000000000e+06,2.000318375000000000e+06,1.948763875000000000e+06,1.882559375000000000e+06,1.800631250000000000e+06,1.702277875000000000e+06,1.587164750000000000e+06,1.455623500000000000e+06,1.308700375000000000e+06,1.147596375000000000e+06,9.736106875000000000e+05,7.907133125000000000e+05,6.079683125000000000e+05,4.319126875000000000e+05,2.586973593750000000e+05,1.054616875000000000e+05,2.473777148437500000e+04
3.232301000000000000e+06,3.229475000000000000e+06,3.220990500000000000e+06,3.206696750000000000e+06,3.190330500000000000e+06,3.168383500000000000e+06,3.140085250000000000e+06,3.104870000000000000e+06,3.062851000000000000e+06,3.014618750000000000e+06,2.960905250000000000e+06,2.906625250000000000e+06,2.853081750000000000e+06,2.795716500000000000e+06,2.735326000000000000e+06,2.672675500000000000e+06,2.614028250000000000e+06,2.565124500000000000e+06,2.514065250000000000e+06,2.461053500000000000e+06,2.406270500000000000e+06,2.361779500000000000e+06,2.327638500000000000e+06,2.287728750000000000e+06,2.241185500000000000e+06,2.186936000000000000e+06,2.143002750000000000e+06,2.106977250000000000e+06,2.053531625000000000e+06,1.980527000000000000e+06,1.885875000000000000e+06,1.820590250000000000e+06,1.796172875000000000e+06,1.718701000000000000e+06,1.583669125000000000e+06,1.390819500000000000e+06,1.181170750000000000e+06,9.688353750000000000e+05,6.975986875000000000e+05,3.710750000000000000e+05,1.092401640625000000e+05
7.535825625000000000e+05,7.505626250000000000e+05,7.420548125000000000e+05,7.288094375000000000e+05,7.115226250000000000e+05,6.908906875000000000e+05,6.691053125000000000e+05,6.459729375000000000e+05,6.217240625000000000e+05,5.972099375000000000e+05,5.733950000000000000e+05,5.534774375000000000e+05,5.365184375000000000e+05,5.209524375000000000e+05,5.067695312500000000e+05,4.938376250000000000e+05,4.831945000000000000e+05,4.759656875000000000e+05,4.684253125000000000e+05,4.602931875000000000e+05,4.512495312500000000e+05,4.410327812500000000e+05,4.294415000000000000e+05,4.197477812500000000e+05,4.102105625000000000e+05,3.983028437500000000e+05,3.839483125000000000e+05,3.671105937500000000e+05,3.477879062500000000e+05,3.260434062500000000e+05,3.175472812500000000e+05,3.069128125000000000e+05,2.906990937500000000e+05,2.691400312500000000e+05,2.428761250000000000e+05,2.127058125000000000e+05,1.880513750000000000e+05,1.592780156250000000e+05,1.319809062500000000e+05,1.060032343750000000e+05,6.149840625000000000e+04
9.516477500000000000e+05,9.511078125000000000e+05,9.490838125000000000e+05,9.448618125000000000e+05,9.376628125000000000e+05,9.267323125000000000e+05,9.114163750000000000e+05,8.912826250000000000e+05,8.972008125000000000e+05,9.025553750000000000e+05,9.018155625000000000e+05,8.955907500000000000e+05,8.846006250000000000e+05,8.696649375000000000e+05,8.517351250000000000e+05,8.318860000000000000e+05,8.112200625000000000e+05,7.907541875000000000e+05,7.780551250000000000e+05,7.736398125000000000e+05,7.709392500000000000e+05,7.700878125000000000e+05,7.710829375000000000e+05,7.738826250000000000e+05,7.781665000000000000e+05,7.834966875000000000e+05,7.892418750000000000e+05,7.944853125000000000e+05,7.981226875000000000e+05,7.985150625000000000e+05,7.937768125000000000e+05,7.817853125000000000e+05,7.602526875000000000e+05,7.257761250000000000e+05,6.737021875000000000e+05,6.018612500000000000e+05,5.133044062500000000e+05,4.075352500000000000e+05,2.723454062500000000e+05,1.255082734375000000e+05,3.492590625000000000e+04
1.294378250000000000e+06,1.296948375000000000e+06,1.303898875000000000e+06,1.314051250000000000e+06,1.326187625000000000e+06,1.339068250000000000e+06,1.351449250000000000e+06,1.362188375000000000e+06,1.371080000000000000e+06,1.378481625000000000e+06,1.384771625000000000e+06,1.390294125000000000e+06,1.395014375000000000e+06,1.398724875000000000e+06,1.401249125000000000e+06,1.402454500000000000e+06,1.402241625000000000e+06,1.400520750000000000e+06,1.397106750000000000e+06,1.391663875000000000e+06,1.383838250000000000e+06,1.382125500000000000e+06,1.389405750000000000e+06,1.394209625000000000e+06,1.395497375000000000e+06,1.392089250000000000e+06,1.382635875000000000e+06,1.365587625000000000e+06,1.339271250000000000e+06,1.301700875000000000e+06,1.250867625000000000e+06,1.185072500000000000e+06,1.103014625000000000e+06,1.002828812500000000e+06,8.821155000000000000e+05,7.424166250000000000e+05,5.925430625000000000e+05,4.368760937500000000e+05,2.659294062500000000e+05,1.038843593750000000e+05,2.164583398437500000e+04
4.832914500000000000e+06,4.836235500000000000e+06,4.845193000000000000e+06,4.857951000000000000e+06,4.872425000000000000e+06,4.886487500000000000e+06,4.898143000000000000e+06,4.905743000000000000e+06,4.908839500000000000e+06,4.907837500000000000e+06,4.903498000000000000e+06,4.896683500000000000e+06,5.020455500000000000e+06,5.201655500000000000e+06,5.363811500000000000e+06,5.503072500000000000e+06,5.616269500000000000e+06,5.700100000000000000e+06,5.751643500000000000e+06,5.768628000000000000e+06,5.748878000000000000e+06,5.690967500000000000e+06,5.594219000000000000e+06,5.506403000000000000e+06,5.429285500000000000e+06,5.313963000000000000e+06,5.158954500000000000e+06,4.963298000000000000e+06,4.726510000000000000e+06,4.448352500000000000e+06,4.129248250000000000e+06,3.770876000000000000e+06,3.376356500000000000e+06,2.948749000000000000e+06,2.490967750000000000e+06,2.013109250000000000e+06,1.538634000000000000e+06,1.083757500000000000e+06,6.385926875000000000e+05,2.502037187500000000e+05,5.132062890625000000e+04
3.456310937500000000e+05,3.438341250000000000e+05,3.387102500000000000e+05,3.306424687500000000e+05,3.200053750000000000e+05,3.071817812500000000e+05,2.934809687500000000e+05,2.807478750000000000e+05,2.669021875000000000e+05,2.524387812500000000e+05,2.379147500000000000e+05,2.238947343750000000e+05,2.106837031250000000e+05,1.984465312500000000e+05,1.933565312500000000e+05,1.905393906250000000e+05,1.875506562500000000e+05,1.845316718750000000e+05,1.815526562500000000e+05,1.786014687500000000e+05,1.756152187500000000e+05,1.725104531250000000e+05,1.691890156250000000e+05,1.655356718750000000e+05,1.614548906250000000e+05,1.568530937500000000e+05,1.537992031250000000e+05,1.505523906250000000e+05,1.466440781250000000e+05,1.420172656250000000e+05,1.366206718750000000e+05,1.303546406250000000e+05,1.230934375000000000e+05,1.148770468750000000e+05,1.059538437500000000e+05,9.616982031250000000e+04,8.456242968750000000e+04,7.138441406250000000e+04,5.998501953125000000e+04,5.053408984375000000e+04,3.323467187500000000e+04
6.124413750000000000e+05,6.132618125000000000e+05,6.156271875000000000e+05,6.193945000000000000e+05,6.244216250000000000e+05,6.305671250000000000e+05,6.376895625000000000e+05,6.456528750000000000e+05,6.543802500000000000e+05,6.638303750000000000e+05,6.739624375000000000e+05,6.847338125000000000e+05,6.960847500000000000e+05,7.079468750000000000e+05,7.202511875000000000e+05,7.333288125000000000e+05,7.534135000000000000e+05,7.740035625000000000e+05,7.950350000000000000e+05,8.164388750000000000e+05,8.381399375000000000e+05,8.600315000000000000e+05,8.819733750000000000e+05,9.037855000000000000e+05,9.251251875000000000e+05,9.639549375000000000e+05,1.023672937500000000e+06,1.082197000000000000e+06,1.138010875000000000e+06,1.188314625000000000e+06,1.229548375000000000e+06,1.257677000000000000e+06,1.268247375000000000e+06,1.251797375000000000e+06,1.237802250000000000e+06,1.180650875000000000e+06,1.084037375000000000e+06,9.280043750000000000e+05,6.167156250000000000e+05,2.019305937500000000e+05,1.403964941406250000e+04
6.361605500000000000e+06,6.363027500000000000e+06,6.366632500000000000e+06,6.371221500000000000e+06,6.375379500000000000e+06,6.377551000000000000e+06,6.389212000000000000e+06,6.425307000000000000e+06,6.456699000000000000e+06,6.480534500000000000e+06,6.494337500000000000e+06,6.496102000000000000e+06,6.484502000000000000e+06,6.466225500000000000e+06,6.514901000000000000e+06,6.541378000000000000e+06,6.545196000000000000e+06,6.526110500000000000e+06,6.484007500000000000e+06,6.418757500000000000e+06,6.330202500000000000e+06,6.294474000000000000e+06,6.395456500000000000e+06,6.445973000000000000e+06,6.444567500000000000e+06,6.389401000000000000e+06,6.278195000000000000e+06,6.108286000000000000e+06,5.877004500000000000e+06,5.580998000000000000e+06,5.217760000000000000e+06,4.788187000000000000e+06,4.413815000000000000e+06,3.978251500000000000e+06,3.464136500000000000e+06,2.877293500000000000e+06,2.259773500000000000e+06,1.625517500000000000e+06,9.101754375000000000e+05,2.487655937500000000e+05,1.067579003906250000e+04
3.272168250000000000e+06,3.265470000000000000e+06,3.245887750000000000e+06,3.214139000000000000e+06,3.170890750000000000e+06,3.116783000000000000e+06,3.052452000000000000e+06,2.980767750000000000e+06,2.907658500000000000e+06,2.828248750000000000e+06,2.744139250000000000e+06,2.656944500000000000e+06,2.567993750000000000e+06,2.478503250000000000e+06,2.389732250000000000e+06,2.302710750000000000e+06,2.232701750000000000e+06,2.167595000000000000e+06,2.104446500000000000e+06,2.043318500000000000e+06,1.984242875000000000e+06,1.926911250000000000e+06,1.872103125000000000e+06,1.843159000000000000e+06,1.810959125000000000e+06,1.774348125000000000e+06,1.731936250000000000e+06,1.682055750000000000e+06,1.622954625000000000e+06,1.608861000000000000e+06,1.610195500000000000e+06,1.583439750000000000e+06,1.525061625000000000e+06,1.431725625000000000e+06,1.300153625000000000e+06,1.160145125000000000e+06,1.015140062500000000e+06,8.340513125000000000e+05,6.077262500000000000e+05,3.383449375000000000e+05,1.091527109375000000e+05
1.478607250000000000e+06,1.480382750000000000e+06,1.485431625000000000e+06,1.493334625000000000e+06,1.503669250000000000e+06,1.516009750000000000e+06,1.529928375000000000e+06,1.545024875000000000e+06,1.563626125000000000e+06,1.583614750000000000e+06,1.605039250000000000e+06,1.627978250000000000e+06,1.652365750000000000e+06,1.678062000000000000e+06,1.704925000000000000e+06,1.732780750000000000e+06,1.765497000000000000e+06,1.803289625000000000e+06,1.841466500000000000e+06,1.879446875000000000e+06,1.916580875000000000e+06,1.951975250000000000e+06,1.990293250000000000e+06,2.038788625000000000e+06,2.081291875000000000e+06,2.115530250000000000e+06,2.138815000000000000e+06,2.148000000000000000e+06,2.181746250000000000e+06,2.190729250000000000e+06,2.168907000000000000e+06,2.110836000000000000e+06,2.058479750000000000e+06,2.066039250000000000e+06,1.979972750000000000e+06,1.789663375000000000e+06,1.514594500000000000e+06,1.248615250000000000e+06,8.389050625000000000e+05,3.073436562500000000e+05,2.492006054687500000e+04
3.109411875000000000e+05,3.113374062500000000e+05,3.124697500000000000e+05,3.142529687500000000e+05,3.166009375000000000e+05,3.194269062500000000e+05,3.226438750000000000e+05,3.261684375000000000e+05,3.299571875000000000e+05,3.339914062500000000e+05,3.423312500000000000e+05,3.562953125000000000e+05,3.709001250000000000e+05,3.860080937500000000e+05,4.014770312500000000e+05,4.171742500000000000e+05,4.329802500000000000e+05,4.487693437500000000e+05,4.644025312500000000e+05,4.797222500000000000e+05,4.945564062500000000e+05,5.086995625000000000e+05,5.219112500000000000e+05,5.382640625000000000e+05,5.599006875000000000e+05,5.810885000000000000e+05,6.012187500000000000e+05,6.194986250000000000e+05,6.349811250000000000e+05,6.463958750000000000e+05,6.522856250000000000e+05,6.509002500000000000e+05,6.402848125000000000e+05,6.181050625000000000e+05,5.816680625000000000e+05,5.289521875000000000e+05,4.595282187500000000e+05,3.734455937500000000e+05,2.689527500000000000e+05,1.538941718750000000e+05,6.015607031250000000e+04
1.969494750000000000e+06,1.961741625000000000e+06,1.939990750000000000e+06,1.906517125000000000e+06,1.863585250000000000e+06,1.813423500000000000e+06,1.758207250000000000e+06,1.700064375000000000e+06,1.641236250000000000e+06,1.584006000000000000e+06,1.547499750000000000e+06,1.534170250000000000e+06,1.526654625000000000e+06,1.525167750000000000e+06,1.530064875000000000e+06,1.541437250000000000e+06,1.558911250000000000e+06,1.582088750000000000e+06,1.610452500000000000e+06,1.643272250000000000e+06,1.679718125000000000e+06,1.718942625000000000e+06,1.760064500000000000e+06,1.802079375000000000e+06,1.843825000000000000e+06,1.908787750000000000e+06,1.983758625000000000e+06,2.059185500000000000e+06,2.132626750000000000e+06,2.199396250000000000e+06,2.253619000000000000e+06,2.288927500000000000e+06,2.298246000000000000e+06,2.264214500000000000e+06,2.155927000000000000e+06,1.959783125000000000e+06,1.702488000000000000e+06,1.364651875000000000e+06,8.081603125000000000e+05,1.959958125000000000e+05,2.638790527343750000e+03
7.751889375000000000e+05,7.770003125000000000e+05,7.817078125000000000e+05,7.880818125000000000e+05,7.947747500000000000e+05,8.004034375000000000e+05,8.036243750000000000e+05,8.068436875000000000e+05,8.060186250000000000e+05,8.008704375000000000e+05,7.952958125000000000e+05,7.891001250000000000e+05,7.783115625000000000e+05,7.643947500000000000e+05,7.566990000000000000e+05,7.438650625000000000e+05,7.267893125000000000e+05,7.083966875000000000e+05,6.991966875000000000e+05,6.854945000000000000e+05,6.682108125000000000e+05,6.480934375000000000e+05,6.257140625000000000e+05,6.202207500000000000e+05,6.229511250000000000e+05,6.193836875000000000e+05,6.100671250000000000e+05,5.953275625000000000e+05,5.753854375000000000e+05,5.503648125000000000e+05,5.203492500000000000e+05,4.881865312500000000e+05,4.627130625000000000e+05,4.327311875000000000e+05,3.984141875000000000e+05,3.588740312500000000e+05,3.111062500000000000e+05,2.556945781250000000e+05,2.015155781250000000e+05,1.487882500000000000e+05,7.917675781250000000e+04
2.612951000000000000e+06,2.623246000000000000e+06,2.650436500000000000e+06,2.688417000000000000e+06,2.730726500000000000e+06,2.770987500000000000e+06,2.825148500000000000e+06,2.871146750000000000e+06,2.900868500000000000e+06,2.941886500000000000e+06,2.987369250000000000e+06,3.015631500000000000e+06,3.029447000000000000e+06,3.090409500000000000e+06,3.140699750000000000e+06,3.176428500000000000e+06,3.202422000000000000e+06,3.223028500000000000e+06,3.266952250000000000e+06,3.427791500000000000e+06,3.578128500000000000e+06,3.722650750000000000e+06,3.864865500000000000e+06,4.007759750000000000e+06,4.152898500000000000e+06,4.301221000000000000e+06,4.453410500000000000e+06,4.609933500000000000e+06,4.770326000000000000e+06,4.949542000000000000e+06,5.227900000000000000e+06,5.528593500000000000e+06,5.856810500000000000e+06,6.178197500000000000e+06,6.393357000000000000e+06,6.444898500000000000e+06,6.416346000000000000e+06,6.101073500000000000e+06,4.372330000000000000e+06,1.448228500000000000e+06,9.343029687500000000e+04
1.607201625000000000e+06,1.602525750000000000e+06,1.588609375000000000e+06,1.565578375000000000e+06,1.533564125000000000e+06,1.492772750000000000e+06,1.443539875000000000e+06,1.386466500000000000e+06,1.323299625000000000e+06,1.256353375000000000e+06,1.187824500000000000e+06,1.119674125000000000e+06,1.053043125000000000e+06,9.921545625000000000e+05,9.363236875000000000e+05,8.831483750000000000e+05,8.327876875000000000e+05,7.853695625000000000e+05,7.408377500000000000e+05,6.988893125000000000e+05,6.592198125000000000e+05,6.242876875000000000e+05,5.954945625000000000e+05,5.668007500000000000e+05,5.379143125000000000e+05,5.085571250000000000e+05,4.784944687500000000e+05,4.475505312500000000e+05,4.219164375000000000e+05,4.100913125000000000e+05,3.933330000000000000e+05,3.716055625000000000e+05,3.449272500000000000e+05,3.138882500000000000e+05,2.796574687500000000e+05,2.531639687500000000e+05,2.239679062500000000e+05,1.901710000000000000e+05,1.618120781250000000e+05,1.398832968750000000e+05,8.736803125000000000e+04
6.918741500000000000e+06,6.880008000000000000e+06,6.770643000000000000e+06,6.601075500000000000e+06,6.381872000000000000e+06,6.123640500000000000e+06,5.836934000000000000e+06,5.532279500000000000e+06,5.221316500000000000e+06,4.915952500000000000e+06,4.627370000000000000e+06,4.365361500000000000e+06,4.133807000000000000e+06,3.933738250000000000e+06,3.766143000000000000e+06,3.630349750000000000e+06,3.523608000000000000e+06,3.443304750000000000e+06,3.386382000000000000e+06,3.348955750000000000e+06,3.366885250000000000e+06,3.442966250000000000e+06,3.528853500000000000e+06,3.620932000000000000e+06,3.714854750000000000e+06,3.805567750000000000e+06,3.887098750000000000e+06,3.952441000000000000e+06,3.993417000000000000e+06,3.999149250000000000e+06,3.957704500000000000e+06,3.858109000000000000e+06,3.742826750000000000e+06,3.605861750000000000e+06,3.362658500000000000e+06,2.997329750000000000e+06,2.540189500000000000e+06,1.978403250000000000e+06,1.171018875000000000e+06,3.013233437500000000e+05,4.266892089843750000e+03
1.803896875000000000e+06,1.801827625000000000e+06,1.795555875000000000e+06,1.784978500000000000e+06,1.769987250000000000e+06,1.750473250000000000e+06,1.726333375000000000e+06,1.697502875000000000e+06,1.664219375000000000e+06,1.626904125000000000e+06,1.585990625000000000e+06,1.541913125000000000e+06,1.517336125000000000e+06,1.491859000000000000e+06,1.463288000000000000e+06,1.431657875000000000e+06,1.397008750000000000e+06,1.359409375000000000e+06,1.318906500000000000e+06,1.275495000000000000e+06,1.229183625000000000e+06,1.179950625000000000e+06,1.127750500000000000e+06,1.072557000000000000e+06,1.014327187500000000e+06,9.530463125000000000e+05,8.887523125000000000e+05,8.215504375000000000e+05,7.516227500000000000e+05,6.883172500000000000e+05,6.273854375000000000e+05,5.638867500000000000e+05,4.980670312500000000e+05,4.299090937500000000e+05,3.590735937500000000e+05,2.867098437500000000e+05,2.169146562500000000e+05,1.513257968750000000e+05,8.445420312500000000e+04,2.551520703125000000e+04,2.923323486328125000e+03
1.695151875000000000e+05,1.696829218750000000e+05,1.700557343750000000e+05,1.704246875000000000e+05,1.705726718750000000e+05,1.702858593750000000e+05,1.694580468750000000e+05,1.696521562500000000e+05,1.689091093750000000e+05,1.673432968750000000e+05,1.650827031250000000e+05,1.622599375000000000e+05,1.589809843750000000e+05,1.553422031250000000e+05,1.514458125000000000e+05,1.474071250000000000e+05,1.464794375000000000e+05,1.468235000000000000e+05,1.469489687500000000e+05,1.469905468750000000e+05,1.470738906250000000e+05,1.472980625000000000e+05,1.477383750000000000e+05,1.484610937500000000e+05,1.495005781250000000e+05,1.508786875000000000e+05,1.526072500000000000e+05,1.546848281250000000e+05,1.575161250000000000e+05,1.639432500000000000e+05,1.713068125000000000e+05,1.796084062500000000e+05,1.888363906250000000e+05,1.982849062500000000e+05,2.061371406250000000e+05,2.107733125000000000e+05,2.117073125000000000e+05,2.037439531250000000e+05,1.671285468750000000e+05,9.569435937500000000e+04,3.318299609375000000e+04
1.167800750000000000e+06,1.170911875000000000e+06,1.179101625000000000e+06,1.190533375000000000e+06,1.205224625000000000e+06,1.236287875000000000e+06,1.265676250000000000e+06,1.290655875000000000e+06,1.310163250000000000e+06,1.324196000000000000e+06,1.353296750000000000e+06,1.431219625000000000e+06,1.497293375000000000e+06,1.551191000000000000e+06,1.592724000000000000e+06,1.622352125000000000e+06,1.641256000000000000e+06,1.650606750000000000e+06,1.651308500000000000e+06,1.643894250000000000e+06,1.650825875000000000e+06,1.656139250000000000e+06,1.654165375000000000e+06,1.644541500000000000e+06,1.626605000000000000e+06,1.599614750000000000e+06,1.562770250000000000e+06,1.515172375000000000e+06,1.455967625000000000e+06,1.384309125000000000e+06,1.299506500000000000e+06,1.201230500000000000e+06,1.089623375000000000e+06,9.650386875000000000e+05,8.280317500000000000e+05,6.811811250000000000e+05,5.310933125000000000e+05,3.832970000000000000e+05,2.358642500000000000e+05,1.024553906250000000e+05,2.709707617187500000e+04
3.490442250000000000e+06,3.498424250000000000e+06,3.521278500000000000e+06,3.557368500000000000e+06,3.605045750000000000e+06,3.662635500000000000e+06,3.728425500000000000e+06,3.800625500000000000e+06,3.877049000000000000e+06,3.955234500000000000e+06,4.032649250000000000e+06,4.106750000000000000e+06,4.175367500000000000e+06,4.236501500000000000e+06,4.288129500000000000e+06,4.328428500000000000e+06,4.355845000000000000e+06,4.368854000000000000e+06,4.366048000000000000e+06,4.346182000000000000e+06,4.308065500000000000e+06,4.250551500000000000e+06,4.190518000000000000e+06,4.144829000000000000e+06,4.078686500000000000e+06,3.990448250000000000e+06,3.878470750000000000e+06,3.741109500000000000e+06,3.576811000000000000e+06,3.383936250000000000e+06,3.161159500000000000e+06,2.908152750000000000e+06,2.625688250000000000e+06,2.314042500000000000e+06,1.972975750000000000e+06,1.609117125000000000e+06,1.241902500000000000e+06,8.830840625000000000e+05,5.192091875000000000e+05,1.944203281250000000e+05,3.533171484375000000e+04
1.869182250000000000e+06,1.872893500000000000e+06,1.883159500000000000e+06,1.898635000000000000e+06,1.917938875000000000e+06,1.939676625000000000e+06,1.972324375000000000e+06,2.064085250000000000e+06,2.156867500000000000e+06,2.248104500000000000e+06,2.335261000000000000e+06,2.416019250000000000e+06,2.489621000000000000e+06,2.556140750000000000e+06,2.615734500000000000e+06,2.669000500000000000e+06,2.717086000000000000e+06,2.761190500000000000e+06,2.802418250000000000e+06,2.844907000000000000e+06,2.920309750000000000e+06,2.998372500000000000e+06,3.079692750000000000e+06,3.164851500000000000e+06,3.253547750000000000e+06,3.345129500000000000e+06,3.438201250000000000e+06,3.530195000000000000e+06,3.617434250000000000e+06,3.692460750000000000e+06,3.745992750000000000e+06,3.767658750000000000e+06,3.745816500000000000e+06,3.654531750000000000e+06,3.449763750000000000e+06,3.112306500000000000e+06,2.678804250000000000e+06,2.126121250000000000e+06,1.275907875000000000e+06,3.498960937500000000e+05,1.398794726562500000e+04
3.255936750000000000e+06,3.257386500000000000e+06,3.261505750000000000e+06,3.267894000000000000e+06,3.276090250000000000e+06,3.285591250000000000e+06,3.300871750000000000e+06,3.329746000000000000e+06,3.359968500000000000e+06,3.390885250000000000e+06,3.421917500000000000e+06,3.452577000000000000e+06,3.482471000000000000e+06,3.511304750000000000e+06,3.545522500000000000e+06,3.619937750000000000e+06,3.691872250000000000e+06,3.761252000000000000e+06,3.828158750000000000e+06,3.892822750000000000e+06,3.955526500000000000e+06,4.016628750000000000e+06,4.210263500000000000e+06,4.455158000000000000e+06,4.695999000000000000e+06,4.933112000000000000e+06,5.166668500000000000e+06,5.396648000000000000e+06,5.621698000000000000e+06,5.834704000000000000e+06,6.025940500000000000e+06,6.307371000000000000e+06,6.651634000000000000e+06,6.957519500000000000e+06,7.105137500000000000e+06,7.016395000000000000e+06,6.758489000000000000e+06,6.124445000000000000e+06,4.071036500000000000e+06,1.045392375000000000e+06,4.311284667968750000e+03
3.197649500000000000e+06,3.187651500000000000e+06,3.158547750000000000e+06,3.111443000000000000e+06,3.047343750000000000e+06,2.967378500000000000e+06,2.872964000000000000e+06,2.766085500000000000e+06,2.650925000000000000e+06,2.532808000000000000e+06,2.461596250000000000e+06,2.435824750000000000e+06,2.411902500000000000e+06,2.391072750000000000e+06,2.374997750000000000e+06,2.365111000000000000e+06,2.362172250000000000e+06,2.366823500000000000e+06,2.379254500000000000e+06,2.398947250000000000e+06,2.425138250000000000e+06,2.502333000000000000e+06,2.597647000000000000e+06,2.703398250000000000e+06,2.818609500000000000e+06,2.942216250000000000e+06,3.073242500000000000e+06,3.210984750000000000e+06,3.354068500000000000e+06,3.498063000000000000e+06,3.637209250000000000e+06,3.767313000000000000e+06,3.884729500000000000e+06,3.959014000000000000e+06,3.920995500000000000e+06,3.737021250000000000e+06,3.465417750000000000e+06,3.014004000000000000e+06,1.888493000000000000e+06,4.379808437500000000e+05,1.205732910156250000e+03
3.506749250000000000e+06,3.522496000000000000e+06,3.566829500000000000e+06,3.635463750000000000e+06,3.724155750000000000e+06,3.835288500000000000e+06,3.964986000000000000e+06,4.102650250000000000e+06,4.245735500000000000e+06,4.393032000000000000e+06,4.574114000000000000e+06,4.760764500000000000e+06,4.947100000000000000e+06,5.130432500000000000e+06,5.348056500000000000e+06,5.582392000000000000e+06,5.804996500000000000e+06,6.014305500000000000e+06,6.208700000000000000e+06,6.458377000000000000e+06,6.723632500000000000e+06,6.962964500000000000e+06,7.173372500000000000e+06,7.351315000000000000e+06,7.491497500000000000e+06,7.662891500000000000e+06,8.097814500000000000e+06,8.454753000000000000e+06,8.716670000000000000e+06,8.860301000000000000e+06,8.860101000000000000e+06,8.692594000000000000e+06,8.338348000000000000e+06,7.907642000000000000e+06,7.371989500000000000e+06,6.563631000000000000e+06,5.541908500000000000e+06,4.288042500000000000e+06,2.534244750000000000e+06,6.601255000000000000e+05,8.681192382812500000e+03
8.917022500000000000e+05,8.927081875000000000e+05,8.948339375000000000e+05,8.966333125000000000e+05,8.966193750000000000e+05,8.952181875000000000e+05,8.901186250000000000e+05,8.793388125000000000e+05,8.637798125000000000e+05,8.453931875000000000e+05,8.260613125000000000e+05,8.103876250000000000e+05,7.973573750000000000e+05,7.856875000000000000e+05,7.756496875000000000e+05,7.675339375000000000e+05,7.615929375000000000e+05,7.645869375000000000e+05,7.706832500000000000e+05,7.789061250000000000e+05,7.891916875000000000e+05,8.014318125000000000e+05,8.169643750000000000e+05,8.463645000000000000e+05,8.769543750000000000e+05,9.084635000000000000e+05,9.405265625000000000e+05,9.726691875000000000e+05,1.015244625000000000e+06,1.109628125000000000e+06,1.201189875000000000e+06,1.286714375000000000e+06,1.362160500000000000e+06,1.417232000000000000e+06,1.438066375000000000e+06,1.474665000000000000e+06,1.473265500000000000e+06,1.392629250000000000e+06,1.079478500000000000e+06,5.038382812500000000e+05,9.379118750000000000e+04
3.281073000000000000e+06,3.287559000000000000e+06,3.304262250000000000e+06,3.326694500000000000e+06,3.350040000000000000e+06,3.375868500000000000e+06,3.398254250000000000e+06,3.407070750000000000e+06,3.400104250000000000e+06,3.380319250000000000e+06,3.367526250000000000e+06,3.336553750000000000e+06,3.286988750000000000e+06,3.224945250000000000e+06,3.180242750000000000e+06,3.111889750000000000e+06,3.022259250000000000e+06,2.914064750000000000e+06,2.833502500000000000e+06,2.742441750000000000e+06,2.631631750000000000e+06,2.504867500000000000e+06,2.365756000000000000e+06,2.233969750000000000e+06,2.190922250000000000e+06,2.119567250000000000e+06,2.024710250000000000e+06,1.910578250000000000e+06,1.781006250000000000e+06,1.639409625000000000e+06,1.488857875000000000e+06,1.339281875000000000e+06,1.217849750000000000e+06,1.092029000000000000e+06,9.638677500000000000e+05,8.323180625000000000e+05,6.909396250000000000e+05,5.429401250000000000e+05,4.108094375000000000e+05,2.937175312500000000e+05,1.471847500000000000e+05
7.474021000000000000e+06,7.417327500000000000e+06,7.258482000000000000e+06,7.014453000000000000e+06,6.746144500000000000e+06,6.548950500000000000e+06,6.311919000000000000e+06,6.042892000000000000e+06,5.755720500000000000e+06,5.467651500000000000e+06,5.196953500000000000e+06,4.960959500000000000e+06,4.764710500000000000e+06,4.606970500000000000e+06,4.486459500000000000e+06,4.400423500000000000e+06,4.343905500000000000e+06,4.314930500000000000e+06,4.365658000000000000e+06,4.431625500000000000e+06,4.506801000000000000e+06,4.585706500000000000e+06,4.663399500000000000e+06,4.734653000000000000e+06,4.794229000000000000e+06,4.836663500000000000e+06,4.856001000000000000e+06,4.845745500000000000e+06,4.798842500000000000e+06,4.706669500000000000e+06,4.560374500000000000e+06,4.352278500000000000e+06,4.076256250000000000e+06,3.722789750000000000e+06,3.279062250000000000e+06,2.751070750000000000e+06,2.179195000000000000e+06,1.581052625000000000e+06,9.101658750000000000e+05,2.898758750000000000e+05,3.076757226562500000e+04
2.251062031250000000e+05,2.260400468750000000e+05,2.286354375000000000e+05,2.325726406250000000e+05,2.376525468750000000e+05,2.441450781250000000e+05,2.510396875000000000e+05,2.579622031250000000e+05,2.649335625000000000e+05,2.725568437500000000e+05,2.796189062500000000e+05,2.859705937500000000e+05,2.933159062500000000e+05,3.003167812500000000e+05,3.060260937500000000e+05,3.103712500000000000e+05,3.169025625000000000e+05,3.221462187500000000e+05,3.256158437500000000e+05,3.273437500000000000e+05,3.273586875000000000e+05,3.311192187500000000e+05,3.326331250000000000e+05,3.319128125000000000e+05,3.289661562500000000e+05,3.237910625000000000e+05,3.163700312500000000e+05,3.160677812500000000e+05,3.195020937500000000e+05,3.187046875000000000e+05,3.135303750000000000e+05,3.037299687500000000e+05,2.890486875000000000e+05,2.697014687500000000e+05,2.521619218750000000e+05,2.364625781250000000e+05,2.147074843750000000e+05,1.865915156250000000e+05,1.620286718750000000e+05,1.420380625000000000e+05,8.955539062500000000e+04
9.172583125000000000e+05,9.176510625000000000e+05,9.186965625000000000e+05,9.201879375000000000e+05,9.219078750000000000e+05,9.236294375000000000e+05,9.251173750000000000e+05,9.261332500000000000e+05,9.264792500000000000e+05,9.259842500000000000e+05,9.244803750000000000e+05,9.218021875000000000e+05,9.203265625000000000e+05,9.373412500000000000e+05,9.524416875000000000e+05,9.651507500000000000e+05,9.750321875000000000e+05,9.816622500000000000e+05,9.846560000000000000e+05,9.836786875000000000e+05,9.784187500000000000e+05,9.686185000000000000e+05,9.540725000000000000e+05,9.346141250000000000e+05,9.101471250000000000e+05,8.806275000000000000e+05,8.460588750000000000e+05,8.136954375000000000e+05,7.847676250000000000e+05,7.515395000000000000e+05,7.139411250000000000e+05,6.716291250000000000e+05,6.241257500000000000e+05,5.718599375000000000e+05,5.163449062500000000e+05,4.569572500000000000e+05,3.890855937500000000e+05,3.147003750000000000e+05,2.504297968750000000e+05,1.963366718750000000e+05,1.109333359375000000e+05
6.124413750000000000e+05,6.132618125000000000e+05,6.156271875000000000e+05,6.193945000000000000e+05,6.244216250000000000e+05,6.305671250000000000e+05,6.376895625000000000e+05,6.456528750000000000e+05,6.543802500000000000e+05,6.638303750000000000e+05,6.739624375000000000e+05,6.847338125000000000e+05,6.960847500000000000e+05,7.079468750000000000e+05,7.202511875000000000e+05,7.333288125000000000e+05,7.534135000000000000e+05,7.740035625000000000e+05,7.950350000000000000e+05,8.164388750000000000e+05,8.381399375000000000e+05,8.600315000000000000e+05,8.819733750000000000e+05,9.037855000000000000e+05,9.251251875000000000e+05,9.639549375000000000e+05,1.023672937500000000e+06,1.082197000000000000e+06,1.138010875000000000e+06,1.188314625000000000e+06,1.229548375000000000e+06,1.257677000000000000e+06,1.268247375000000000e+06,1.251797375000000000e+06,1.237802250000000000e+06,1.180650875000000000e+06,1.084037375000000000e+06,9.280043750000000000e+05,6.167156250000000000e+05,2.019305937500000000e+05,1.403964941406250000e+04
2.052271750000000000e+06,2.055518500000000000e+06,2.063909500000000000e+06,2.075273125000000000e+06,2.087303750000000000e+06,2.101648750000000000e+06,2.114148000000000000e+06,2.120510500000000000e+06,2.120054500000000000e+06,2.113147750000000000e+06,2.105751000000000000e+06,2.101621000000000000e+06,2.090996750000000000e+06,2.073357625000000000e+06,2.048416375000000000e+06,2.039179000000000000e+06,2.022734375000000000e+06,1.996870875000000000e+06,1.961988250000000000e+06,1.930363625000000000e+06,1.913606000000000000e+06,1.883762625000000000e+06,1.841432000000000000e+06,1.787237000000000000e+06,1.721758125000000000e+06,1.732479375000000000e+06,1.730100625000000000e+06,1.701546750000000000e+06,1.647867750000000000e+06,1.570273375000000000e+06,1.470233750000000000e+06,1.349753625000000000e+06,1.241073000000000000e+06,1.128582750000000000e+06,9.983792500000000000e+05,8.509899375000000000e+05,6.905580000000000000e+05,5.213648437500000000e+05,3.416029375000000000e+05,1.649218906250000000e+05,4.872857812500000000e+04
1.818309531250000000e+05,1.818109531250000000e+05,1.817450312500000000e+05,1.816147343750000000e+05,1.813930312500000000e+05,1.810489687500000000e+05,1.805518593750000000e+05,1.798787812500000000e+05,1.792097812500000000e+05,1.788048593750000000e+05,1.783691406250000000e+05,1.779632656250000000e+05,1.775867187500000000e+05,1.772105625000000000e+05,1.779112187500000000e+05,1.785647187500000000e+05,1.790359843750000000e+05,1.792607968750000000e+05,1.793540312500000000e+05,1.808719531250000000e+05,1.817479843750000000e+05,1.818953281250000000e+05,1.812328593750000000e+05,1.796934375000000000e+05,1.804072656250000000e+05,1.797936718750000000e+05,1.777972968750000000e+05,1.743786093750000000e+05,1.695179843750000000e+05,1.677060000000000000e+05,1.698559218750000000e+05,1.691327968750000000e+05,1.653405625000000000e+05,1.586589062500000000e+05,1.497445156250000000e+05,1.418283281250000000e+05,1.336556406250000000e+05,1.217434531250000000e+05,1.155150546875000000e+05,1.181398046875000000e+05,8.746198437500000000e+04
3.590865312500000000e+05,3.583458125000000000e+05,3.561106250000000000e+05,3.525155000000000000e+05,3.489393750000000000e+05,3.439010312500000000e+05,3.372452187500000000e+05,3.289023437500000000e+05,3.191269687500000000e+05,3.083613125000000000e+05,2.970627500000000000e+05,2.856767500000000000e+05,2.761378437500000000e+05,2.684049375000000000e+05,2.609523593750000000e+05,2.540086406250000000e+05,2.477452656250000000e+05,2.423165781250000000e+05,2.378146875000000000e+05,2.342472031250000000e+05,2.316071093750000000e+05,2.324899843750000000e+05,2.397057968750000000e+05,2.474093437500000000e+05,2.555445468750000000e+05,2.639991875000000000e+05,2.725840000000000000e+05,2.810107187500000000e+05,2.889014062500000000e+05,2.956678437500000000e+05,3.005969062500000000e+05,3.028175312500000000e+05,3.098964375000000000e+05,3.139198437500000000e+05,3.119370312500000000e+05,3.014557500000000000e+05,2.807632812500000000e+05,2.463347187500000000e+05,1.888975156250000000e+05,1.092886250000000000e+05,4.110982031250000000e+04
3.173795000000000000e+06,3.184077250000000000e+06,3.213154750000000000e+06,3.258294250000000000e+06,3.316680500000000000e+06,3.385447500000000000e+06,3.461708250000000000e+06,3.552069500000000000e+06,3.649799500000000000e+06,3.749190000000000000e+06,3.848775250000000000e+06,3.964677000000000000e+06,4.093012750000000000e+06,4.217005500000000000e+06,4.335454500000000000e+06,4.477423500000000000e+06,4.639770500000000000e+06,4.792875500000000000e+06,4.937024500000000000e+06,5.072758500000000000e+06,5.272579500000000000e+06,5.481340000000000000e+06,5.678125000000000000e+06,5.863099500000000000e+06,6.035091500000000000e+06,6.192169500000000000e+06,6.519184500000000000e+06,6.972197000000000000e+06,7.388729000000000000e+06,7.750140000000000000e+06,8.032305000000000000e+06,8.207956500000000000e+06,8.247546500000000000e+06,8.114084000000000000e+06,7.977018000000000000e+06,7.526179500000000000e+06,6.804004000000000000e+06,5.690614000000000000e+06,3.576189750000000000e+06,9.306019375000000000e+05,6.167510253906250000e+03
1.346533625000000000e+06,1.346162000000000000e+06,1.345036375000000000e+06,1.343989375000000000e+06,1.345729500000000000e+06,1.347436750000000000e+06,1.348822000000000000e+06,1.349596500000000000e+06,1.349539750000000000e+06,1.348500500000000000e+06,1.346379750000000000e+06,1.343127750000000000e+06,1.338669500000000000e+06,1.343227875000000000e+06,1.353214500000000000e+06,1.360999000000000000e+06,1.366385875000000000e+06,1.369209500000000000e+06,1.369264625000000000e+06,1.366250375000000000e+06,1.359849750000000000e+06,1.406245000000000000e+06,1.447380250000000000e+06,1.479067125000000000e+06,1.500267625000000000e+06,1.509826000000000000e+06,1.506471125000000000e+06,1.488829750000000000e+06,1.455502750000000000e+06,1.404875125000000000e+06,1.347796625000000000e+06,1.295363125000000000e+06,1.223959750000000000e+06,1.130243500000000000e+06,1.009438187500000000e+06,8.615373125000000000e+05,6.966381875000000000e+05,5.181102500000000000e+05,3.068287500000000000e+05,9.845211718750000000e+04,9.907631835937500000e+03
5.070965000000000000e+05,5.042502812500000000e+05,4.962201562500000000e+05,4.837390937500000000e+05,4.675363125000000000e+05,4.483721250000000000e+05,4.270579062500000000e+05,4.044743437500000000e+05,3.816905625000000000e+05,3.605246562500000000e+05,3.434213125000000000e+05,3.288872812500000000e+05,3.171246562500000000e+05,3.079941250000000000e+05,3.013968750000000000e+05,2.971553437500000000e+05,2.984121875000000000e+05,3.020954375000000000e+05,3.069530937500000000e+05,3.126688125000000000e+05,3.188795000000000000e+05,3.252435312500000000e+05,3.314392812500000000e+05,3.490272500000000000e+05,3.696047500000000000e+05,3.885468125000000000e+05,4.053334062500000000e+05,4.193695000000000000e+05,4.299869375000000000e+05,4.364010000000000000e+05,4.377668437500000000e+05,4.330948750000000000e+05,4.341589062500000000e+05,4.292846875000000000e+05,4.165749375000000000e+05,3.938425937500000000e+05,3.576130000000000000e+05,3.063339375000000000e+05,2.432269062500000000e+05,1.687510312500000000e+05,8.226867968750000000e+04
4.965428500000000000e+06,4.956293000000000000e+06,4.929172500000000000e+06,4.884187000000000000e+06,4.821191000000000000e+06,4.739956000000000000e+06,4.640330500000000000e+06,4.522558000000000000e+06,4.389090500000000000e+06,4.246517000000000000e+06,4.115836000000000000e+06,3.979571750000000000e+06,3.840520000000000000e+06,3.701218750000000000e+06,3.564475750000000000e+06,3.459308250000000000e+06,3.368387500000000000e+06,3.281867000000000000e+06,3.201488750000000000e+06,3.128095750000000000e+06,3.091287500000000000e+06,3.084249750000000000e+06,3.079014750000000000e+06,3.075407000000000000e+06,3.072136250000000000e+06,3.067268500000000000e+06,3.179416500000000000e+06,3.330879000000000000e+06,3.456875500000000000e+06,3.548715250000000000e+06,3.595710250000000000e+06,3.586940250000000000e+06,3.511770250000000000e+06,3.404748500000000000e+06,3.252204250000000000e+06,2.971963000000000000e+06,2.590307000000000000e+06,2.083281250000000000e+06,1.282033000000000000e+06,3.733711562500000000e+05,1.776516796875000000e+04
9.135235000000000000e+05,9.135675000000000000e+05,9.132652500000000000e+05,9.118456250000000000e+05,9.084471875000000000e+05,9.021991875000000000e+05,8.922934375000000000e+05,8.780806875000000000e+05,8.685250625000000000e+05,8.542975625000000000e+05,8.353341875000000000e+05,8.121228125000000000e+05,7.854887500000000000e+05,7.647138125000000000e+05,7.445357500000000000e+05,7.218193750000000000e+05,6.977626875000000000e+05,6.734574375000000000e+05,6.497764375000000000e+05,6.273251250000000000e+05,6.072102500000000000e+05,6.101211875000000000e+05,6.127433125000000000e+05,6.156174375000000000e+05,6.189006875000000000e+05,6.225550000000000000e+05,6.262982500000000000e+05,6.295428750000000000e+05,6.315322500000000000e+05,6.311507500000000000e+05,6.270858125000000000e+05,6.221145625000000000e+05,6.236906250000000000e+05,6.184891875000000000e+05,6.035428750000000000e+05,5.748751250000000000e+05,5.268282500000000000e+05,4.553412187500000000e+05,3.603894375000000000e+05,2.412243125000000000e+05,1.087848046875000000e+05
2.212307226562500000e+04,2.210321679687500000e+04,2.203572851562500000e+04,2.190665234375000000e+04,2.170108593750000000e+04,2.144246679687500000e+04,2.109341992187500000e+04,2.063421093750000000e+04,2.008646289062500000e+04,1.948768554687500000e+04,1.887447265625000000e+04,1.829826953125000000e+04,1.779178710937500000e+04,1.732647460937500000e+04,1.691299414062500000e+04,1.655982617187500000e+04,1.627172363281250000e+04,1.614920312500000000e+04,1.609747851562500000e+04,1.610992382812500000e+04,1.618481445312500000e+04,1.631913281250000000e+04,1.668100585937500000e+04,1.710313281250000000e+04,1.756765234375000000e+04,1.806987890625000000e+04,1.861186523437500000e+04,1.955277929687500000e+04,2.051090625000000000e+04,2.147728710937500000e+04,2.243932812500000000e+04,2.370971289062500000e+04,2.645332421875000000e+04,2.910915039062500000e+04,3.166133007812500000e+04,3.386838671875000000e+04,3.586615234375000000e+04,3.813253906250000000e+04,4.188281640625000000e+04,4.819073046875000000e+04,4.015950781250000000e+04
5.111314500000000000e+06,5.101187500000000000e+06,5.069175000000000000e+06,5.011573500000000000e+06,4.924073000000000000e+06,4.802921000000000000e+06,4.645838000000000000e+06,4.453129500000000000e+06,4.232289500000000000e+06,3.994794250000000000e+06,3.752395750000000000e+06,3.516036250000000000e+06,3.290554250000000000e+06,3.077964750000000000e+06,2.880398000000000000e+06,2.713226500000000000e+06,2.596113000000000000e+06,2.490506000000000000e+06,2.394221250000000000e+06,2.304422500000000000e+06,2.218223750000000000e+06,2.133122000000000000e+06,2.046972375000000000e+06,1.957788500000000000e+06,1.864251625000000000e+06,1.765345875000000000e+06,1.660458750000000000e+06,1.549502125000000000e+06,1.432619750000000000e+06,1.310371875000000000e+06,1.183559125000000000e+06,1.053253625000000000e+06,9.208025000000000000e+05,7.878083750000000000e+05,6.561197500000000000e+05,5.279035000000000000e+05,4.059046250000000000e+05,2.931282812500000000e+05,1.920652187500000000e+05,1.065895468750000000e+05,4.434939062500000000e+04
7.228398500000000000e+06,7.235803500000000000e+06,7.253375500000000000e+06,7.273758000000000000e+06,7.289345000000000000e+06,7.292603000000000000e+06,7.276360000000000000e+06,7.234841000000000000e+06,7.171038500000000000e+06,7.092971500000000000e+06,7.008628500000000000e+06,6.925408000000000000e+06,6.846933000000000000e+06,6.775103500000000000e+06,6.712013500000000000e+06,6.659729500000000000e+06,6.620131000000000000e+06,6.595136500000000000e+06,6.585958500000000000e+06,6.592734500000000000e+06,6.615561000000000000e+06,6.654196000000000000e+06,6.708066000000000000e+06,6.856589000000000000e+06,7.048345000000000000e+06,7.268850000000000000e+06,7.518963000000000000e+06,7.799681500000000000e+06,8.110761500000000000e+06,8.445379000000000000e+06,8.793838000000000000e+06,9.148302000000000000e+06,9.500502000000000000e+06,9.784680000000000000e+06,9.848762000000000000e+06,9.598360000000000000e+06,9.113049000000000000e+06,8.144443000000000000e+06,5.503267000000000000e+06,1.708659500000000000e+06,8.621215625000000000e+04
4.585584687500000000e+05,4.569318437500000000e+05,4.521161250000000000e+05,4.441715625000000000e+05,4.331544375000000000e+05,4.198408750000000000e+05,4.039151250000000000e+05,3.854103750000000000e+05,3.651350937500000000e+05,3.441549687500000000e+05,3.234684062500000000e+05,3.040617187500000000e+05,2.869564375000000000e+05,2.715175937500000000e+05,2.579652343750000000e+05,2.464165781250000000e+05,2.368502656250000000e+05,2.302943750000000000e+05,2.259125156250000000e+05,2.231523906250000000e+05,2.218827812500000000e+05,2.219630468750000000e+05,2.250123281250000000e+05,2.298038593750000000e+05,2.354270937500000000e+05,2.417372812500000000e+05,2.485845468750000000e+05,2.599980000000000000e+05,2.726264375000000000e+05,2.850154687500000000e+05,2.965717812500000000e+05,3.067851562500000000e+05,3.404145937500000000e+05,3.696480000000000000e+05,3.873229062500000000e+05,3.880530625000000000e+05,3.818821875000000000e+05,3.712030625000000000e+05,2.786197187500000000e+05,9.782025781250000000e+04,5.866196289062500000e+03
4.465906000000000000e+06,4.460837000000000000e+06,4.444480000000000000e+06,4.414762000000000000e+06,4.369380000000000000e+06,4.306071000000000000e+06,4.222851500000000000e+06,4.118422000000000000e+06,4.014415250000000000e+06,3.918042750000000000e+06,3.803924000000000000e+06,3.675003250000000000e+06,3.534024500000000000e+06,3.383752000000000000e+06,3.227208250000000000e+06,3.067368250000000000e+06,2.914869250000000000e+06,2.860130500000000000e+06,2.790883500000000000e+06,2.710356000000000000e+06,2.621352000000000000e+06,2.525912250000000000e+06,2.425345750000000000e+06,2.320533250000000000e+06,2.211646750000000000e+06,2.098512000000000000e+06,1.980706750000000000e+06,1.857604000000000000e+06,1.729266875000000000e+06,1.627629375000000000e+06,1.518291000000000000e+06,1.400030750000000000e+06,1.271936500000000000e+06,1.133123625000000000e+06,9.827926875000000000e+05,8.220468750000000000e+05,6.557824375000000000e+05,4.880192187500000000e+05,3.166252500000000000e+05,1.549556250000000000e+05,4.944123437500000000e+04
2.398015000000000000e+06,2.393460250000000000e+06,2.378794750000000000e+06,2.352205000000000000e+06,2.311776250000000000e+06,2.255843250000000000e+06,2.185290250000000000e+06,2.107530500000000000e+06,2.014796000000000000e+06,1.912303250000000000e+06,1.805092000000000000e+06,1.697640750000000000e+06,1.602118500000000000e+06,1.514953125000000000e+06,1.429366625000000000e+06,1.346538750000000000e+06,1.267165125000000000e+06,1.200704000000000000e+06,1.148471875000000000e+06,1.096374750000000000e+06,1.044407687500000000e+06,9.924030625000000000e+05,9.400364375000000000e+05,9.149578750000000000e+05,9.040968750000000000e+05,8.830267500000000000e+05,8.521255625000000000e+05,8.118951875000000000e+05,7.628734375000000000e+05,7.057780000000000000e+05,6.414821250000000000e+05,5.840835625000000000e+05,5.259198125000000000e+05,4.620316875000000000e+05,3.921976562500000000e+05,3.180798125000000000e+05,2.446693593750000000e+05,1.740678437500000000e+05,1.010362031250000000e+05,3.574755078125000000e+04,6.818756347656250000e+03
4.665218000000000000e+06,4.666123500000000000e+06,4.666890500000000000e+06,4.664316000000000000e+06,4.654993000000000000e+06,4.635497000000000000e+06,4.602564500000000000e+06,4.553515500000000000e+06,4.488866500000000000e+06,4.431278500000000000e+06,4.390496000000000000e+06,4.339350000000000000e+06,4.278538000000000000e+06,4.208350500000000000e+06,4.129463750000000000e+06,4.042933500000000000e+06,3.950055250000000000e+06,3.898637250000000000e+06,3.960537000000000000e+06,4.002598000000000000e+06,4.025511000000000000e+06,4.029728750000000000e+06,4.015347250000000000e+06,3.982207750000000000e+06,3.929359250000000000e+06,3.855463750000000000e+06,3.758759750000000000e+06,3.687973750000000000e+06,3.630520500000000000e+06,3.544946000000000000e+06,3.424269750000000000e+06,3.262208000000000000e+06,3.053371250000000000e+06,2.789570750000000000e+06,2.459654750000000000e+06,2.066098500000000000e+06,1.638125250000000000e+06,1.187926875000000000e+06,6.753209375000000000e+05,1.980129531250000000e+05,1.422830664062500000e+04
2.038770875000000000e+06,2.045072625000000000e+06,2.061528500000000000e+06,2.084072125000000000e+06,2.111535250000000000e+06,2.142519500000000000e+06,2.166372250000000000e+06,2.178344500000000000e+06,2.195572000000000000e+06,2.195216250000000000e+06,2.173272500000000000e+06,2.152542750000000000e+06,2.115712500000000000e+06,2.056105625000000000e+06,1.978036750000000000e+06,1.897518750000000000e+06,1.822500000000000000e+06,1.735194875000000000e+06,1.640302125000000000e+06,1.541471375000000000e+06,1.441673750000000000e+06,1.342858500000000000e+06,1.246178750000000000e+06,1.157764625000000000e+06,1.106129625000000000e+06,1.050839375000000000e+06,9.924235625000000000e+05,9.310282500000000000e+05,8.667205625000000000e+05,7.994881250000000000e+05,7.293415625000000000e+05,6.563585000000000000e+05,5.807991875000000000e+05,5.129011250000000000e+05,4.504361250000000000e+05,3.856706250000000000e+05,3.177679062500000000e+05,2.475689062500000000e+05,1.778600156250000000e+05,1.095006015625000000e+05,4.800660156250000000e+04
6.667738000000000000e+06,6.656354000000000000e+06,6.620220500000000000e+06,6.555889000000000000e+06,6.459792000000000000e+06,6.328817000000000000e+06,6.160773000000000000e+06,6.098501500000000000e+06,6.023482500000000000e+06,5.910595000000000000e+06,5.771066000000000000e+06,5.615570500000000000e+06,5.448804000000000000e+06,5.273113000000000000e+06,5.091639000000000000e+06,4.907777000000000000e+06,4.724526000000000000e+06,4.544602500000000000e+06,4.369384500000000000e+06,4.198428500000000000e+06,4.073573250000000000e+06,3.974027500000000000e+06,3.872994000000000000e+06,3.767488250000000000e+06,3.654228500000000000e+06,3.529844250000000000e+06,3.391125250000000000e+06,3.235145000000000000e+06,3.059195250000000000e+06,2.860772750000000000e+06,2.638026500000000000e+06,2.391212000000000000e+06,2.122403250000000000e+06,1.832060250000000000e+06,1.519333375000000000e+06,1.194478875000000000e+06,8.844189375000000000e+05,5.977189375000000000e+05,3.100637187500000000e+05,7.806873437500000000e+04,4.305361328125000000e+03
5.727189375000000000e+05,5.732290000000000000e+05,5.746193125000000000e+05,5.766649375000000000e+05,5.791263125000000000e+05,5.817572500000000000e+05,5.853379375000000000e+05,5.899896875000000000e+05,5.943923750000000000e+05,5.985898125000000000e+05,6.026428750000000000e+05,6.066206875000000000e+05,6.105364375000000000e+05,6.174228750000000000e+05,6.268440625000000000e+05,6.360849375000000000e+05,6.451966250000000000e+05,6.542465625000000000e+05,6.633023125000000000e+05,6.766901875000000000e+05,6.960993750000000000e+05,7.153452500000000000e+05,7.344943125000000000e+05,7.535928750000000000e+05,7.726075000000000000e+05,7.914576875000000000e+05,8.379115000000000000e+05,8.985327500000000000e+05,9.583653125000000000e+05,1.015900312500000000e+06,1.069001375000000000e+06,1.115256125000000000e+06,1.151903375000000000e+06,1.176027125000000000e+06,1.206674500000000000e+06,1.200047250000000000e+06,1.160240625000000000e+06,1.055668375000000000e+06,7.423178125000000000e+05,2.545697812500000000e+05,1.879207031250000000e+04
2.605692343750000000e+05,2.592845312500000000e+05,2.557232031250000000e+05,2.503077187500000000e+05,2.434464062500000000e+05,2.355429687500000000e+05,2.270038125000000000e+05,2.184476875000000000e+05,2.104295468750000000e+05,2.029209218750000000e+05,1.963132500000000000e+05,1.909796562500000000e+05,1.869874531250000000e+05,1.851034531250000000e+05,1.846295937500000000e+05,1.851898593750000000e+05,1.866564375000000000e+05,1.888889531250000000e+05,1.923289843750000000e+05,1.975550937500000000e+05,2.030883906250000000e+05,2.088200156250000000e+05,2.146575000000000000e+05,2.204938281250000000e+05,2.274405156250000000e+05,2.365896718750000000e+05,2.453435156250000000e+05,2.534670156250000000e+05,2.606615156250000000e+05,2.664587500000000000e+05,2.760063125000000000e+05,2.950618125000000000e+05,3.100171875000000000e+05,3.188952500000000000e+05,3.189916562500000000e+05,3.075442812500000000e+05,2.958699375000000000e+05,2.734978125000000000e+05,2.297651093750000000e+05,1.579489062500000000e+05,7.069296875000000000e+04
9.076200000000000000e+05,9.075916875000000000e+05,9.074173125000000000e+05,9.069466250000000000e+05,9.060145000000000000e+05,9.044480625000000000e+05,9.020735625000000000e+05,8.987297500000000000e+05,8.943422500000000000e+05,8.888967500000000000e+05,8.823966250000000000e+05,8.762356250000000000e+05,8.720218750000000000e+05,8.665506875000000000e+05,8.597654375000000000e+05,8.515758750000000000e+05,8.418410625000000000e+05,8.304106875000000000e+05,8.170996250000000000e+05,8.016765625000000000e+05,7.839063125000000000e+05,7.636925000000000000e+05,7.486460625000000000e+05,7.300133125000000000e+05,7.074977500000000000e+05,6.808376250000000000e+05,6.498373750000000000e+05,6.143933125000000000e+05,5.744858750000000000e+05,5.354290625000000000e+05,5.132508750000000000e+05,4.817234062500000000e+05,4.411541875000000000e+05,3.918593125000000000e+05,3.340292500000000000e+05,2.698270937500000000e+05,2.154055468750000000e+05,1.606711250000000000e+05,9.762705468750000000e+04,3.375840625000000000e+04,4.564687500000000000e+03
2.647546000000000000e+06,2.652643250000000000e+06,2.666373250000000000e+06,2.686165750000000000e+06,2.709265000000000000e+06,2.732861500000000000e+06,2.754212250000000000e+06,2.770847500000000000e+06,2.790613750000000000e+06,2.805205750000000000e+06,2.813231750000000000e+06,2.814858250000000000e+06,2.815593250000000000e+06,2.823489500000000000e+06,2.823969250000000000e+06,2.817463250000000000e+06,2.804399000000000000e+06,2.787527500000000000e+06,2.788377500000000000e+06,2.780250750000000000e+06,2.762877000000000000e+06,2.735635500000000000e+06,2.697601000000000000e+06,2.647730750000000000e+06,2.621161250000000000e+06,2.579975250000000000e+06,2.519051250000000000e+06,2.436868500000000000e+06,2.332109750000000000e+06,2.203665500000000000e+06,2.144386000000000000e+06,2.079683625000000000e+06,1.965796875000000000e+06,1.801968500000000000e+06,1.587987000000000000e+06,1.330198125000000000e+06,1.109707500000000000e+06,8.634395000000000000e+05,5.728379375000000000e+05,2.569420156250000000e+05,5.621103515625000000e+04
9.359305000000000000e+06,9.370209000000000000e+06,9.401731000000000000e+06,9.451839000000000000e+06,9.518240000000000000e+06,9.598463000000000000e+06,9.689930000000000000e+06,9.790008000000000000e+06,9.895845000000000000e+06,1.000464200000000000e+07,1.011391200000000000e+07,1.022153400000000000e+07,1.032574100000000000e+07,1.042504700000000000e+07,1.051822200000000000e+07,1.060407000000000000e+07,1.068124000000000000e+07,1.074840200000000000e+07,1.080377000000000000e+07,1.088588800000000000e+07,1.107480300000000000e+07,1.125521600000000000e+07,1.142092500000000000e+07,1.156493500000000000e+07,1.167813500000000000e+07,1.175027500000000000e+07,1.176939000000000000e+07,1.172133400000000000e+07,1.159059600000000000e+07,1.135774800000000000e+07,1.100257700000000000e+07,1.050648200000000000e+07,9.853497000000000000e+06,9.020812000000000000e+06,7.978737500000000000e+06,6.735152000000000000e+06,5.370306000000000000e+06,3.924873000000000000e+06,2.305552750000000000e+06,7.802472500000000000e+05,9.259693750000000000e+04
5.708557500000000000e+05,5.723744375000000000e+05,5.763594375000000000e+05,5.818571250000000000e+05,5.878505000000000000e+05,5.933318125000000000e+05,5.973639375000000000e+05,5.991666250000000000e+05,5.985108125000000000e+05,6.118267500000000000e+05,6.385753125000000000e+05,6.601170000000000000e+05,6.767664375000000000e+05,6.891620000000000000e+05,6.979972500000000000e+05,7.040891875000000000e+05,7.083501875000000000e+05,7.116328125000000000e+05,7.168222500000000000e+05,7.318283750000000000e+05,7.478275625000000000e+05,7.651566250000000000e+05,7.840600000000000000e+05,8.048061250000000000e+05,8.274788125000000000e+05,8.521061875000000000e+05,8.786139375000000000e+05,9.067448125000000000e+05,9.360542500000000000e+05,9.653667500000000000e+05,9.931305000000000000e+05,1.017314687500000000e+06,1.035345312500000000e+06,1.041023687500000000e+06,1.023226250000000000e+06,9.738268125000000000e+05,8.933439375000000000e+05,7.683158125000000000e+05,5.449278125000000000e+05,2.489012968750000000e+05,5.989725000000000000e+04
3.557833750000000000e+06,3.563591000000000000e+06,3.579169000000000000e+06,3.610277000000000000e+06,3.649959250000000000e+06,3.693347500000000000e+06,3.736842500000000000e+06,3.776890750000000000e+06,3.810666500000000000e+06,3.835829500000000000e+06,3.874976500000000000e+06,3.913410500000000000e+06,3.935080000000000000e+06,3.938046000000000000e+06,3.920671250000000000e+06,3.882128250000000000e+06,3.867397750000000000e+06,3.838052000000000000e+06,3.781606750000000000e+06,3.699351250000000000e+06,3.592792750000000000e+06,3.463730750000000000e+06,3.314194000000000000e+06,3.189250250000000000e+06,3.129342500000000000e+06,3.034187250000000000e+06,2.906381000000000000e+06,2.748627500000000000e+06,2.563854750000000000e+06,2.355043500000000000e+06,2.125548000000000000e+06,1.879678875000000000e+06,1.639078125000000000e+06,1.423506000000000000e+06,1.197188250000000000e+06,9.633204375000000000e+05,7.331895625000000000e+05,5.127313125000000000e+05,2.884445937500000000e+05,8.859402343750000000e+04,7.861260253906250000e+03
6.236926875000000000e+05,6.214696875000000000e+05,6.150043750000000000e+05,6.046163750000000000e+05,5.922130625000000000e+05,5.765845625000000000e+05,5.578633750000000000e+05,5.362315000000000000e+05,5.120875625000000000e+05,4.860017812500000000e+05,4.586194062500000000e+05,4.345840312500000000e+05,4.101977500000000000e+05,3.854628437500000000e+05,3.608825000000000000e+05,3.368722812500000000e+05,3.152464375000000000e+05,2.975667187500000000e+05,2.801269062500000000e+05,2.631057500000000000e+05,2.466267343750000000e+05,2.307384218750000000e+05,2.154229375000000000e+05,2.033913593750000000e+05,1.970291875000000000e+05,1.894326250000000000e+05,1.807212656250000000e+05,1.709840156250000000e+05,1.602838125000000000e+05,1.486834687500000000e+05,1.362447031250000000e+05,1.230606718750000000e+05,1.095332968750000000e+05,9.835701562500000000e+04,8.661217968750000000e+04,7.430799218750000000e+04,6.163041406250000000e+04,4.872655468750000000e+04,3.523981640625000000e+04,2.146129882812500000e+04,1.076340625000000000e+04
2.830167250000000000e+06,2.827689750000000000e+06,2.819258500000000000e+06,2.804939500000000000e+06,2.791327250000000000e+06,2.767138500000000000e+06,2.730191750000000000e+06,2.679521000000000000e+06,2.618813000000000000e+06,2.554130750000000000e+06,2.494975750000000000e+06,2.458891250000000000e+06,2.430112500000000000e+06,2.408179750000000000e+06,2.392809750000000000e+06,2.383538750000000000e+06,2.379472000000000000e+06,2.394002250000000000e+06,2.429317250000000000e+06,2.463713750000000000e+06,2.494965750000000000e+06,2.520765000000000000e+06,2.538726250000000000e+06,2.546317250000000000e+06,2.550010750000000000e+06,2.649079000000000000e+06,2.722487750000000000e+06,2.765900250000000000e+06,2.774893000000000000e+06,2.744940250000000000e+06,2.671881500000000000e+06,2.552707250000000000e+06,2.385974750000000000e+06,2.231077250000000000e+06,2.040685500000000000e+06,1.797167875000000000e+06,1.507772000000000000e+06,1.175589250000000000e+06,7.823259375000000000e+05,3.667257187500000000e+05,9.663838281250000000e+04
1.842944375000000000e+06,1.837739875000000000e+06,1.822528750000000000e+06,1.797848250000000000e+06,1.764174000000000000e+06,1.721957250000000000e+06,1.671658875000000000e+06,1.613827750000000000e+06,1.549562250000000000e+06,1.481260375000000000e+06,1.419614750000000000e+06,1.354975750000000000e+06,1.288402125000000000e+06,1.220875500000000000e+06,1.153455250000000000e+06,1.087019250000000000e+06,1.028021187500000000e+06,9.786813125000000000e+05,9.293891875000000000e+05,8.804880000000000000e+05,8.322581875000000000e+05,7.848179375000000000e+05,7.381336250000000000e+05,7.010314375000000000e+05,6.849036875000000000e+05,6.636164375000000000e+05,6.374616875000000000e+05,6.066787500000000000e+05,5.714691875000000000e+05,5.320682500000000000e+05,4.887391250000000000e+05,4.418686562500000000e+05,3.979660625000000000e+05,3.572016875000000000e+05,3.134843125000000000e+05,2.668803437500000000e+05,2.179680312500000000e+05,1.676801250000000000e+05,1.161598671875000000e+05,6.536678125000000000e+04,2.647412695312500000e+04
1.948503875000000000e+06,1.949441375000000000e+06,1.952385875000000000e+06,1.957491375000000000e+06,1.964869875000000000e+06,1.974612625000000000e+06,1.986810125000000000e+06,2.001570750000000000e+06,2.019055500000000000e+06,2.039493125000000000e+06,2.063185625000000000e+06,2.100432500000000000e+06,2.142935750000000000e+06,2.189029000000000000e+06,2.238490750000000000e+06,2.291040000000000000e+06,2.353796500000000000e+06,2.436382000000000000e+06,2.520679000000000000e+06,2.606186000000000000e+06,2.692357500000000000e+06,2.778721500000000000e+06,2.908548750000000000e+06,3.042981250000000000e+06,3.175764000000000000e+06,3.306184000000000000e+06,3.433410000000000000e+06,3.556483000000000000e+06,3.871697250000000000e+06,4.197619000000000000e+06,4.505963500000000000e+06,4.787245000000000000e+06,5.031344500000000000e+06,5.195436000000000000e+06,5.231420000000000000e+06,5.242312000000000000e+06,5.127961000000000000e+06,4.729231500000000000e+06,3.243855000000000000e+06,9.174925000000000000e+05,1.336867285156250000e+04
2.444838500000000000e+06,2.438726000000000000e+06,2.421686750000000000e+06,2.394385000000000000e+06,2.357612000000000000e+06,2.312098750000000000e+06,2.258550250000000000e+06,2.197724750000000000e+06,2.130953750000000000e+06,2.059947125000000000e+06,1.986480625000000000e+06,1.912335125000000000e+06,1.848041500000000000e+06,1.785353125000000000e+06,1.724938000000000000e+06,1.667775750000000000e+06,1.614483250000000000e+06,1.567703000000000000e+06,1.538865750000000000e+06,1.513320250000000000e+06,1.491156875000000000e+06,1.472140625000000000e+06,1.455712875000000000e+06,1.452278625000000000e+06,1.461566250000000000e+06,1.468599125000000000e+06,1.471830000000000000e+06,1.469264125000000000e+06,1.458571000000000000e+06,1.476422250000000000e+06,1.523883625000000000e+06,1.544543875000000000e+06,1.532767250000000000e+06,1.480435625000000000e+06,1.376345125000000000e+06,1.233180875000000000e+06,1.089636000000000000e+06,8.974861250000000000e+05,6.046870000000000000e+05,2.439536875000000000e+05,3.967500781250000000e+04
1.514696375000000000e+06,1.515945625000000000e+06,1.519014875000000000e+06,1.522806000000000000e+06,1.528152000000000000e+06,1.533233625000000000e+06,1.535721375000000000e+06,1.534435125000000000e+06,1.529360125000000000e+06,1.521172875000000000e+06,1.510589875000000000e+06,1.506713000000000000e+06,1.501529375000000000e+06,1.494770500000000000e+06,1.486635500000000000e+06,1.477432500000000000e+06,1.478088250000000000e+06,1.483013625000000000e+06,1.486928250000000000e+06,1.490023500000000000e+06,1.492478500000000000e+06,1.503955500000000000e+06,1.530431500000000000e+06,1.554119375000000000e+06,1.574373875000000000e+06,1.590293000000000000e+06,1.600590250000000000e+06,1.652659125000000000e+06,1.739711750000000000e+06,1.807361250000000000e+06,1.849747625000000000e+06,1.860675125000000000e+06,1.834008500000000000e+06,1.759183875000000000e+06,1.684922000000000000e+06,1.555086375000000000e+06,1.369902375000000000e+06,1.114657375000000000e+06,7.023786875000000000e+05,2.101727187500000000e+05,8.976956054687500000e+03
7.101268750000000000e+05,7.072330625000000000e+05,6.987993750000000000e+05,6.851979375000000000e+05,6.668247500000000000e+05,6.441243125000000000e+05,6.176056875000000000e+05,5.878947500000000000e+05,5.561395000000000000e+05,5.237103750000000000e+05,4.918657500000000000e+05,4.648466562500000000e+05,4.397769375000000000e+05,4.169376250000000000e+05,3.966358125000000000e+05,3.790361562500000000e+05,3.641235937500000000e+05,3.518836875000000000e+05,3.422144062500000000e+05,3.348818750000000000e+05,3.296605625000000000e+05,3.262907500000000000e+05,3.246649687500000000e+05,3.356418125000000000e+05,3.475588750000000000e+05,3.601140625000000000e+05,3.729077187500000000e+05,3.854200937500000000e+05,3.970039062500000000e+05,4.067588125000000000e+05,4.136171875000000000e+05,4.163013437500000000e+05,4.149922187500000000e+05,4.180748750000000000e+05,4.131231250000000000e+05,3.970333125000000000e+05,3.673901562500000000e+05,3.201409375000000000e+05,2.459154531250000000e+05,1.457729375000000000e+05,5.643956250000000000e+04
3.292859250000000000e+06,3.278567000000000000e+06,3.238328750000000000e+06,3.175749250000000000e+06,3.094201500000000000e+06,2.997089750000000000e+06,2.888042250000000000e+06,2.771031250000000000e+06,2.652374250000000000e+06,2.541335250000000000e+06,2.435328000000000000e+06,2.339018000000000000e+06,2.253394250000000000e+06,2.181769750000000000e+06,2.128283000000000000e+06,2.080890625000000000e+06,2.037852875000000000e+06,1.997253500000000000e+06,1.957419625000000000e+06,1.934697250000000000e+06,1.906653875000000000e+06,1.871915250000000000e+06,1.829446875000000000e+06,1.778250875000000000e+06,1.719755875000000000e+06,1.676108000000000000e+06,1.619092000000000000e+06,1.548641375000000000e+06,1.464885500000000000e+06,1.368239750000000000e+06,1.277181750000000000e+06,1.233510875000000000e+06,1.161671250000000000e+06,1.063007750000000000e+06,9.399117500000000000e+05,7.955381250000000000e+05,6.708355000000000000e+05,5.374495000000000000e+05,3.950912187500000000e+05,2.421814218750000000e+05,9.397389843750000000e+04
3.541713250000000000e+06,3.523943500000000000e+06,3.473321500000000000e+06,3.393967500000000000e+06,3.290088000000000000e+06,3.165938750000000000e+06,3.025790500000000000e+06,2.874000000000000000e+06,2.715958500000000000e+06,2.557459000000000000e+06,2.403928500000000000e+06,2.278244750000000000e+06,2.196796250000000000e+06,2.123627250000000000e+06,2.060447000000000000e+06,2.008359250000000000e+06,1.967538750000000000e+06,1.938170875000000000e+06,1.920094375000000000e+06,1.912554000000000000e+06,1.914730125000000000e+06,1.925720625000000000e+06,1.944512250000000000e+06,1.970008500000000000e+06,2.001071875000000000e+06,2.036461500000000000e+06,2.074870000000000000e+06,2.151560250000000000e+06,2.235299500000000000e+06,2.322277000000000000e+06,2.408248250000000000e+06,2.489140000000000000e+06,2.560479500000000000e+06,2.602109250000000000e+06,2.571030000000000000e+06,2.443861500000000000e+06,2.250627000000000000e+06,1.938673000000000000e+06,1.229733875000000000e+06,3.220176250000000000e+05,6.511931152343750000e+03
1.456577125000000000e+06,1.461566000000000000e+06,1.475142250000000000e+06,1.497584625000000000e+06,1.535697875000000000e+06,1.577601750000000000e+06,1.620136000000000000e+06,1.660381875000000000e+06,1.696981875000000000e+06,1.762961125000000000e+06,1.823304500000000000e+06,1.877170750000000000e+06,1.924338750000000000e+06,1.964776500000000000e+06,2.058474500000000000e+06,2.186719250000000000e+06,2.299747000000000000e+06,2.399288000000000000e+06,2.486982250000000000e+06,2.564226500000000000e+06,2.632326000000000000e+06,2.691973500000000000e+06,2.743263750000000000e+06,2.785972000000000000e+06,2.818705000000000000e+06,2.878755750000000000e+06,2.940474250000000000e+06,2.989978500000000000e+06,3.022605750000000000e+06,3.031314250000000000e+06,3.008042000000000000e+06,2.944917750000000000e+06,2.834335250000000000e+06,2.662621250000000000e+06,2.409243750000000000e+06,2.072206625000000000e+06,1.685997000000000000e+06,1.254772625000000000e+06,7.063816250000000000e+05,1.795528906250000000e+05,5.645328613281250000e+03
1.614501125000000000e+06,1.605254875000000000e+06,1.579066125000000000e+06,1.538341625000000000e+06,1.485547125000000000e+06,1.423156875000000000e+06,1.353611625000000000e+06,1.279327750000000000e+06,1.203085125000000000e+06,1.128559000000000000e+06,1.059797500000000000e+06,9.965535625000000000e+05,9.398231875000000000e+05,8.900200000000000000e+05,8.475541250000000000e+05,8.124653750000000000e+05,7.843329375000000000e+05,7.627836875000000000e+05,7.482526250000000000e+05,7.437418750000000000e+05,7.439177500000000000e+05,7.482617500000000000e+05,7.562478750000000000e+05,7.673406250000000000e+05,7.810251875000000000e+05,7.993176250000000000e+05,8.291675625000000000e+05,8.602360000000000000e+05,8.917298750000000000e+05,9.221283750000000000e+05,9.495073750000000000e+05,9.932045000000000000e+05,1.076839750000000000e+06,1.145630750000000000e+06,1.182133875000000000e+06,1.171458000000000000e+06,1.124713750000000000e+06,1.066903750000000000e+06,8.338381875000000000e+05,3.951890937500000000e+05,7.683613281250000000e+04
2.107826500000000000e+06,2.105958000000000000e+06,2.100075250000000000e+06,2.089652500000000000e+06,2.074074250000000000e+06,2.052702125000000000e+06,2.026612750000000000e+06,1.996029125000000000e+06,1.959090875000000000e+06,1.916830000000000000e+06,1.870373750000000000e+06,1.820913750000000000e+06,1.769554750000000000e+06,1.720288875000000000e+06,1.672929375000000000e+06,1.626469500000000000e+06,1.581885500000000000e+06,1.540136125000000000e+06,1.501994625000000000e+06,1.475046375000000000e+06,1.453652125000000000e+06,1.436615375000000000e+06,1.424172250000000000e+06,1.416515625000000000e+06,1.422397875000000000e+06,1.439730000000000000e+06,1.461087500000000000e+06,1.486275125000000000e+06,1.514782500000000000e+06,1.572135500000000000e+06,1.635289625000000000e+06,1.695425375000000000e+06,1.750210750000000000e+06,1.871817250000000000e+06,2.029814000000000000e+06,2.109467750000000000e+06,2.112386000000000000e+06,2.056143625000000000e+06,1.655888000000000000e+06,7.151107500000000000e+05,7.692089062500000000e+04
4.366489500000000000e+06,4.367772500000000000e+06,4.369965500000000000e+06,4.375038500000000000e+06,4.406251000000000000e+06,4.434714500000000000e+06,4.455189000000000000e+06,4.462943500000000000e+06,4.455650500000000000e+06,4.432659500000000000e+06,4.393876000000000000e+06,4.339847500000000000e+06,4.281692500000000000e+06,4.363202500000000000e+06,4.417186500000000000e+06,4.447259500000000000e+06,4.458603000000000000e+06,4.456448500000000000e+06,4.445680500000000000e+06,4.430635000000000000e+06,4.415337000000000000e+06,4.402920500000000000e+06,4.395730500000000000e+06,4.395752000000000000e+06,4.403790000000000000e+06,4.420182500000000000e+06,4.479418500000000000e+06,4.594472500000000000e+06,4.728541500000000000e+06,4.877378000000000000e+06,5.034931000000000000e+06,5.195468000000000000e+06,5.352374500000000000e+06,5.467602500000000000e+06,5.456255500000000000e+06,5.266222000000000000e+06,4.942656000000000000e+06,4.358990000000000000e+06,2.900141750000000000e+06,8.795281875000000000e+05,4.228131250000000000e+04
3.183066000000000000e+06,3.189057500000000000e+06,3.203317500000000000e+06,3.220009000000000000e+06,3.233179000000000000e+06,3.237035000000000000e+06,3.226193250000000000e+06,3.210673500000000000e+06,3.183697750000000000e+06,3.142611500000000000e+06,3.093503500000000000e+06,3.041726750000000000e+06,2.989287500000000000e+06,2.936732000000000000e+06,2.884783250000000000e+06,2.834553000000000000e+06,2.815265000000000000e+06,2.802832750000000000e+06,2.794467250000000000e+06,2.790755750000000000e+06,2.792251250000000000e+06,2.799344750000000000e+06,2.812262250000000000e+06,2.831149500000000000e+06,2.912171000000000000e+06,3.071989500000000000e+06,3.237713000000000000e+06,3.409465500000000000e+06,3.586551250000000000e+06,3.764981000000000000e+06,3.939026750000000000e+06,4.103943250000000000e+06,4.275926500000000000e+06,4.551701000000000000e+06,4.761234000000000000e+06,4.853715500000000000e+06,4.855271000000000000e+06,4.607432000000000000e+06,3.350911750000000000e+06,1.145360250000000000e+06,6.509442187500000000e+04
2.062681250000000000e+05,2.045133750000000000e+05,1.996320781250000000e+05,1.922037187500000000e+05,1.828082500000000000e+05,1.720986562500000000e+05,1.608106875000000000e+05,1.492066406250000000e+05,1.377692343750000000e+05,1.269466953125000000e+05,1.171607812500000000e+05,1.087698046875000000e+05,1.020756796875000000e+05,9.670567968750000000e+04,9.253895312500000000e+04,8.946375781250000000e+04,8.731231250000000000e+04,8.598481250000000000e+04,8.565939843750000000e+04,8.575085937500000000e+04,8.610393750000000000e+04,8.657908593750000000e+04,8.705024218750000000e+04,8.769705468750000000e+04,8.865299218750000000e+04,8.920511718750000000e+04,8.922335937500000000e+04,8.857985937500000000e+04,8.732318750000000000e+04,8.664214062500000000e+04,8.469256250000000000e+04,8.133299218750000000e+04,7.648325000000000000e+04,7.309847656250000000e+04,6.977810937500000000e+04,6.285942578125000000e+04,5.331620703125000000e+04,4.266949218750000000e+04,2.910471289062500000e+04,1.157132714843750000e+04,2.377398437500000000e+03
2.605692343750000000e+05,2.592845312500000000e+05,2.557232031250000000e+05,2.503077187500000000e+05,2.434464062500000000e+05,2.355429687500000000e+05,2.270038125000000000e+05,2.184476875000000000e+05,2.104295468750000000e+05,2.029209218750000000e+05,1.963132500000000000e+05,1.909796562500000000e+05,1.869874531250000000e+05,1.851034531250000000e+05,1.846295937500000000e+05,1.851898593750000000e+05,1.866564375000000000e+05,1.888889531250000000e+05,1.923289843750000000e+05,1.975550937500000000e+05,2.030883906250000000e+05,2.088200156250000000e+05,2.146575000000000000e+05,2.204938281250000000e+05,2.274405156250000000e+05,2.365896718750000000e+05,2.453435156250000000e+05,2.534670156250000000e+05,2.606615156250000000e+05,2.664587500000000000e+05,2.760063125000000000e+05,2.950618125000000000e+05,3.100171875000000000e+05,3.188952500000000000e+05,3.189916562500000000e+05,3.075442812500000000e+05,2.958699375000000000e+05,2.734978125000000000e+05,2.297651093750000000e+05,1.579489062500000000e+05,7.069296875000000000e+04
1.683719875000000000e+06,1.686096375000000000e+06,1.692249750000000000e+06,1.700572750000000000e+06,1.709324875000000000e+06,1.716704000000000000e+06,1.720914375000000000e+06,1.720292250000000000e+06,1.722408375000000000e+06,1.727691250000000000e+06,1.725581375000000000e+06,1.715695500000000000e+06,1.697929000000000000e+06,1.677961125000000000e+06,1.672138750000000000e+06,1.655510500000000000e+06,1.628996500000000000e+06,1.593596875000000000e+06,1.550344625000000000e+06,1.500250125000000000e+06,1.475233125000000000e+06,1.470715750000000000e+06,1.452473250000000000e+06,1.421988625000000000e+06,1.380514625000000000e+06,1.329163000000000000e+06,1.268883875000000000e+06,1.200476625000000000e+06,1.124720625000000000e+06,1.042414000000000000e+06,9.577111250000000000e+05,8.875922500000000000e+05,8.122756875000000000e+05,7.321001250000000000e+05,6.482120625000000000e+05,5.603261250000000000e+05,4.656904687500000000e+05,3.665556562500000000e+05,2.749487500000000000e+05,1.916385000000000000e+05,9.729703906250000000e+04
3.492957000000000000e+06,3.497973250000000000e+06,3.512467750000000000e+06,3.535611000000000000e+06,3.566572250000000000e+06,3.604518000000000000e+06,3.648610500000000000e+06,3.697962000000000000e+06,3.829192250000000000e+06,3.991284250000000000e+06,4.159930500000000000e+06,4.331309000000000000e+06,4.501924500000000000e+06,4.668327000000000000e+06,4.826848000000000000e+06,4.973982500000000000e+06,5.106533500000000000e+06,5.221213500000000000e+06,5.314907000000000000e+06,5.384818000000000000e+06,5.428193500000000000e+06,5.444065500000000000e+06,5.512389500000000000e+06,5.551551000000000000e+06,5.557360500000000000e+06,5.525700000000000000e+06,5.452478500000000000e+06,5.333628500000000000e+06,5.165211000000000000e+06,4.942683000000000000e+06,4.662085000000000000e+06,4.322009500000000000e+06,3.923563500000000000e+06,3.464687250000000000e+06,2.940155500000000000e+06,2.364638500000000000e+06,1.787192625000000000e+06,1.227313750000000000e+06,6.371337500000000000e+05,1.438254531250000000e+05,2.139276855468750000e+03
1.847266000000000000e+06,1.846501250000000000e+06,1.844040125000000000e+06,1.839543250000000000e+06,1.832577875000000000e+06,1.822650500000000000e+06,1.809237125000000000e+06,1.791818000000000000e+06,1.776100125000000000e+06,1.763904625000000000e+06,1.746287625000000000e+06,1.722824875000000000e+06,1.693403125000000000e+06,1.658138375000000000e+06,1.619325125000000000e+06,1.596986500000000000e+06,1.566960250000000000e+06,1.529857500000000000e+06,1.486384250000000000e+06,1.437275750000000000e+06,1.383262625000000000e+06,1.324993500000000000e+06,1.314099000000000000e+06,1.295615875000000000e+06,1.266003625000000000e+06,1.226119000000000000e+06,1.176687125000000000e+06,1.118303875000000000e+06,1.051505750000000000e+06,9.766961250000000000e+05,8.943261250000000000e+05,8.074316250000000000e+05,7.331495000000000000e+05,6.523373750000000000e+05,5.640695625000000000e+05,4.690953437500000000e+05,3.716853437500000000e+05,2.737754687500000000e+05,1.689636406250000000e+05,6.815726562500000000e+04,1.496354882812500000e+04
1.250585250000000000e+06,1.246720125000000000e+06,1.235638250000000000e+06,1.218028250000000000e+06,1.194499750000000000e+06,1.165622375000000000e+06,1.131960750000000000e+06,1.094134250000000000e+06,1.053544000000000000e+06,1.013679687500000000e+06,9.728917500000000000e+05,9.324122500000000000e+05,8.929468125000000000e+05,8.558074375000000000e+05,8.255521875000000000e+05,7.968441250000000000e+05,7.697047500000000000e+05,7.441545000000000000e+05,7.252691250000000000e+05,7.100855000000000000e+05,6.944984375000000000e+05,6.781450000000000000e+05,6.605795625000000000e+05,6.502985625000000000e+05,6.394756250000000000e+05,6.244511875000000000e+05,6.048951875000000000e+05,5.805726875000000000e+05,5.566820625000000000e+05,5.542225000000000000e+05,5.406787500000000000e+05,5.160868437500000000e+05,4.808276250000000000e+05,4.354749375000000000e+05,3.807469062500000000e+05,3.307256875000000000e+05,2.776738750000000000e+05,2.191530312500000000e+05,1.529522187500000000e+05,8.238921875000000000e+04,2.990637500000000000e+04
4.521744500000000000e+06,4.534333500000000000e+06,4.569107500000000000e+06,4.621377500000000000e+06,4.686219000000000000e+06,4.758518500000000000e+06,4.842409500000000000e+06,4.931186000000000000e+06,5.013015000000000000e+06,5.083929500000000000e+06,5.142157500000000000e+06,5.219531500000000000e+06,5.273505500000000000e+06,5.301326000000000000e+06,5.300671500000000000e+06,5.312016000000000000e+06,5.308273000000000000e+06,5.267973500000000000e+06,5.192199500000000000e+06,5.082808000000000000e+06,4.968686500000000000e+06,4.870324000000000000e+06,4.733986500000000000e+06,4.562891500000000000e+06,4.360231000000000000e+06,4.129232250000000000e+06,3.873118500000000000e+06,3.706153750000000000e+06,3.573291250000000000e+06,3.389621500000000000e+06,3.159022250000000000e+06,2.886018750000000000e+06,2.576451000000000000e+06,2.237505750000000000e+06,1.919602500000000000e+06,1.624349750000000000e+06,1.313218000000000000e+06,9.919955625000000000e+05,6.652465000000000000e+05,3.422741250000000000e+05,1.023787265625000000e+05
3.519369687500000000e+05,3.531415937500000000e+05,3.563953437500000000e+05,3.611491250000000000e+05,3.668460625000000000e+05,3.729268125000000000e+05,3.788352187500000000e+05,3.840655625000000000e+05,3.899042812500000000e+05,3.957115937500000000e+05,4.011727500000000000e+05,4.065145312500000000e+05,4.117704687500000000e+05,4.168804062500000000e+05,4.217910625000000000e+05,4.299231562500000000e+05,4.378640625000000000e+05,4.455512500000000000e+05,4.529687812500000000e+05,4.600197187500000000e+05,4.665883750000000000e+05,4.730393750000000000e+05,4.847799062500000000e+05,4.952309375000000000e+05,5.039644375000000000e+05,5.104821875000000000e+05,5.141996562500000000e+05,5.144306562500000000e+05,5.190325625000000000e+05,5.383272500000000000e+05,5.493426875000000000e+05,5.502580625000000000e+05,5.393549375000000000e+05,5.145642187500000000e+05,4.733775937500000000e+05,4.320636875000000000e+05,3.812590000000000000e+05,3.148946875000000000e+05,2.217068750000000000e+05,1.077093671875000000e+05,2.954570312500000000e+04
8.593133125000000000e+05,8.572985625000000000e+05,8.513275000000000000e+05,8.414913750000000000e+05,8.278743125000000000e+05,8.105748125000000000e+05,7.897232500000000000e+05,7.655310625000000000e+05,7.386243125000000000e+05,7.098552500000000000e+05,6.800620625000000000e+05,6.515176875000000000e+05,6.268971875000000000e+05,6.026643750000000000e+05,5.792911250000000000e+05,5.571811250000000000e+05,5.366385000000000000e+05,5.179531562500000000e+05,5.013217187500000000e+05,4.868111562500000000e+05,4.744784062500000000e+05,4.643133750000000000e+05,4.600711250000000000e+05,4.700396250000000000e+05,4.815265937500000000e+05,4.945810000000000000e+05,5.092127812500000000e+05,5.253842500000000000e+05,5.429264375000000000e+05,5.611628750000000000e+05,5.791723125000000000e+05,5.962090625000000000e+05,6.172076250000000000e+05,6.484121875000000000e+05,6.687343125000000000e+05,6.713501875000000000e+05,6.617091875000000000e+05,6.194177500000000000e+05,4.409745937500000000e+05,1.443949687500000000e+05,8.721060546875000000e+03
3.853695312500000000e+05,3.850345937500000000e+05,3.838022812500000000e+05,3.812930937500000000e+05,3.771189375000000000e+05,3.709290000000000000e+05,3.638597500000000000e+05,3.554488437500000000e+05,3.447326562500000000e+05,3.325621562500000000e+05,3.197467812500000000e+05,3.069960937500000000e+05,2.946425000000000000e+05,2.828589687500000000e+05,2.747350000000000000e+05,2.678829062500000000e+05,2.617165781250000000e+05,2.564120312500000000e+05,2.520738125000000000e+05,2.487048281250000000e+05,2.462987343750000000e+05,2.478319843750000000e+05,2.584017656250000000e+05,2.692911250000000000e+05,2.804830937500000000e+05,2.919005937500000000e+05,3.034018125000000000e+05,3.147700937500000000e+05,3.256693125000000000e+05,3.354167500000000000e+05,3.465757187500000000e+05,3.626033437500000000e+05,3.770299375000000000e+05,3.867886250000000000e+05,3.857185625000000000e+05,3.698543125000000000e+05,3.421325000000000000e+05,2.953885625000000000e+05,1.927087031250000000e+05,5.733371093750000000e+04,3.465811523437500000e+03
2.370247500000000000e+06,2.365887000000000000e+06,2.353081250000000000e+06,2.332217750000000000e+06,2.304340000000000000e+06,2.270588000000000000e+06,2.230099000000000000e+06,2.183192500000000000e+06,2.130692500000000000e+06,2.073721500000000000e+06,2.013407875000000000e+06,1.950864625000000000e+06,1.887063125000000000e+06,1.822904875000000000e+06,1.759288500000000000e+06,1.700800875000000000e+06,1.647248625000000000e+06,1.595610125000000000e+06,1.546250750000000000e+06,1.499260125000000000e+06,1.454702500000000000e+06,1.412388875000000000e+06,1.380554875000000000e+06,1.353358250000000000e+06,1.325802625000000000e+06,1.296966750000000000e+06,1.265726500000000000e+06,1.230743125000000000e+06,1.212745625000000000e+06,1.185275750000000000e+06,1.146046625000000000e+06,1.092930375000000000e+06,1.031158625000000000e+06,1.021382875000000000e+06,9.725966875000000000e+05,8.807457500000000000e+05,7.509717500000000000e+05,6.175734375000000000e+05,4.468287187500000000e+05,2.251059062500000000e+05,5.739300390625000000e+04
3.444566500000000000e+06,3.439636000000000000e+06,3.424561250000000000e+06,3.398864500000000000e+06,3.362038000000000000e+06,3.317534750000000000e+06,3.268469500000000000e+06,3.207439500000000000e+06,3.135242250000000000e+06,3.053578000000000000e+06,2.964176750000000000e+06,2.868717000000000000e+06,2.768411250000000000e+06,2.664279250000000000e+06,2.557385500000000000e+06,2.448688750000000000e+06,2.338974250000000000e+06,2.244477750000000000e+06,2.156045500000000000e+06,2.065678250000000000e+06,1.973649625000000000e+06,1.880086125000000000e+06,1.784984000000000000e+06,1.688341625000000000e+06,1.590056875000000000e+06,1.490027750000000000e+06,1.444526875000000000e+06,1.394869125000000000e+06,1.333409750000000000e+06,1.260349125000000000e+06,1.176029750000000000e+06,1.080812250000000000e+06,9.753334375000000000e+05,8.612415625000000000e+05,7.723728125000000000e+05,6.778858750000000000e+05,5.728854375000000000e+05,4.586455312500000000e+05,3.493599375000000000e+05,2.444201093750000000e+05,1.185829609375000000e+05
2.244844250000000000e+06,2.241274500000000000e+06,2.229226500000000000e+06,2.206348500000000000e+06,2.170244000000000000e+06,2.118915500000000000e+06,2.063021875000000000e+06,2.003968000000000000e+06,1.927547875000000000e+06,1.839790750000000000e+06,1.746629750000000000e+06,1.653443000000000000e+06,1.563242750000000000e+06,1.477902250000000000e+06,1.416619500000000000e+06,1.393060875000000000e+06,1.370366750000000000e+06,1.351045875000000000e+06,1.336762125000000000e+06,1.328171000000000000e+06,1.325664625000000000e+06,1.329309375000000000e+06,1.338888875000000000e+06,1.354056750000000000e+06,1.374290500000000000e+06,1.398947625000000000e+06,1.427400750000000000e+06,1.478584375000000000e+06,1.546385500000000000e+06,1.621523125000000000e+06,1.702664875000000000e+06,1.789162250000000000e+06,1.880621250000000000e+06,1.965875000000000000e+06,2.016758000000000000e+06,2.014585250000000000e+06,1.972847750000000000e+06,1.835190500000000000e+06,1.332875000000000000e+06,5.132831562500000000e+05,6.706392187500000000e+04
3.682536500000000000e+06,3.662268000000000000e+06,3.604554000000000000e+06,3.513780000000000000e+06,3.394289750000000000e+06,3.250712500000000000e+06,3.112993000000000000e+06,2.959662750000000000e+06,2.797539500000000000e+06,2.634813000000000000e+06,2.479610000000000000e+06,2.339304500000000000e+06,2.243221000000000000e+06,2.169638750000000000e+06,2.109759750000000000e+06,2.064236750000000000e+06,2.032445750000000000e+06,2.013532625000000000e+06,2.028627250000000000e+06,2.125483000000000000e+06,2.224339000000000000e+06,2.325006750000000000e+06,2.427219250000000000e+06,2.530249750000000000e+06,2.633448500000000000e+06,2.735986750000000000e+06,2.836881500000000000e+06,2.935129250000000000e+06,3.049578500000000000e+06,3.211181500000000000e+06,3.372828750000000000e+06,3.529499250000000000e+06,3.675473000000000000e+06,3.781102750000000000e+06,3.780519750000000000e+06,3.634900250000000000e+06,3.385972750000000000e+06,2.946300750000000000e+06,1.863178250000000000e+06,4.457454687500000000e+05,1.381323730468750000e+03
9.613978906250000000e+04,9.528857812500000000e+04,9.291778125000000000e+04,8.930892187500000000e+04,8.474762500000000000e+04,7.951788281250000000e+04,7.389670312500000000e+04,6.814842968750000000e+04,6.258502343750000000e+04,5.766640234375000000e+04,5.321302734375000000e+04,4.939072265625000000e+04,4.621969140625000000e+04,4.365596875000000000e+04,4.166295312500000000e+04,4.018912109375000000e+04,3.916604296875000000e+04,3.894656640625000000e+04,3.900531640625000000e+04,3.928830859375000000e+04,3.973786718750000000e+04,4.030351953125000000e+04,4.094101953125000000e+04,4.160319921875000000e+04,4.224662109375000000e+04,4.304269921875000000e+04,4.537317578125000000e+04,4.755908203125000000e+04,4.951873828125000000e+04,5.114175390625000000e+04,5.229806250000000000e+04,5.283562109375000000e+04,5.258946484375000000e+04,5.134652734375000000e+04,5.069364843750000000e+04,4.909937109375000000e+04,4.614488281250000000e+04,4.140208203125000000e+04,3.392280078125000000e+04,2.323511132812500000e+04,1.236834179687500000e+04
1.500556000000000000e+06,1.501118500000000000e+06,1.501813000000000000e+06,1.500830000000000000e+06,1.496146250000000000e+06,1.485764250000000000e+06,1.469380250000000000e+06,1.454695625000000000e+06,1.430401375000000000e+06,1.397458000000000000e+06,1.363963125000000000e+06,1.336514000000000000e+06,1.302300625000000000e+06,1.263357000000000000e+06,1.225449875000000000e+06,1.205252000000000000e+06,1.181861625000000000e+06,1.157593500000000000e+06,1.134259625000000000e+06,1.113073250000000000e+06,1.094961000000000000e+06,1.119701875000000000e+06,1.152079750000000000e+06,1.184998750000000000e+06,1.219316500000000000e+06,1.255541125000000000e+06,1.293847375000000000e+06,1.334038875000000000e+06,1.375492875000000000e+06,1.416249500000000000e+06,1.453695625000000000e+06,1.510414250000000000e+06,1.580228625000000000e+06,1.640221125000000000e+06,1.666830000000000000e+06,1.642934875000000000e+06,1.574845875000000000e+06,1.422493000000000000e+06,1.005815375000000000e+06,3.771347500000000000e+05,4.638175390625000000e+04
3.804215250000000000e+06,3.804788000000000000e+06,3.805585000000000000e+06,3.805071000000000000e+06,3.801545500000000000e+06,3.793199000000000000e+06,3.778167000000000000e+06,3.756636750000000000e+06,3.732124500000000000e+06,3.698095250000000000e+06,3.654244000000000000e+06,3.600420500000000000e+06,3.536548500000000000e+06,3.463112750000000000e+06,3.389858000000000000e+06,3.306261500000000000e+06,3.212877500000000000e+06,3.110380750000000000e+06,2.999465250000000000e+06,2.893796250000000000e+06,2.784020000000000000e+06,2.665459750000000000e+06,2.538725250000000000e+06,2.404446250000000000e+06,2.280749500000000000e+06,2.155493250000000000e+06,2.020164000000000000e+06,1.875557625000000000e+06,1.722614625000000000e+06,1.595029875000000000e+06,1.454688125000000000e+06,1.301955250000000000e+06,1.139509000000000000e+06,1.027010625000000000e+06,9.172355000000000000e+05,7.754482500000000000e+05,6.130425000000000000e+05,4.650611250000000000e+05,3.180555312500000000e+05,1.582178281250000000e+05,4.078916796875000000e+04
1.966087890625000000e+04,1.958358984375000000e+04,1.936234960937500000e+04,1.901297265625000000e+04,1.855117382812500000e+04,1.799271875000000000e+04,1.735352734375000000e+04,1.665033203125000000e+04,1.590626074218750000e+04,1.519115039062500000e+04,1.452965136718750000e+04,1.389538671875000000e+04,1.330164453125000000e+04,1.275738574218750000e+04,1.227181640625000000e+04,1.185048828125000000e+04,1.149404199218750000e+04,1.123150781250000000e+04,1.113923144531250000e+04,1.109794238281250000e+04,1.110542382812500000e+04,1.115852441406250000e+04,1.125304980468750000e+04,1.138428808593750000e+04,1.154677050781250000e+04,1.185860644531250000e+04,1.261597753906250000e+04,1.339360156250000000e+04,1.418320117187500000e+04,1.496415136718750000e+04,1.570796972656250000e+04,1.638480078125000000e+04,1.696206250000000000e+04,1.743497656250000000e+04,1.810076953125000000e+04,1.839142578125000000e+04,1.839936328125000000e+04,1.774546484375000000e+04,1.440123046875000000e+04,7.921821777343750000e+03,3.562161132812500000e+03
6.743264500000000000e+06,6.732217000000000000e+06,6.699684500000000000e+06,6.646524500000000000e+06,6.573549000000000000e+06,6.481561000000000000e+06,6.371391500000000000e+06,6.244071500000000000e+06,6.102175000000000000e+06,5.949157000000000000e+06,5.788442500000000000e+06,5.623349500000000000e+06,5.456711500000000000e+06,5.291109000000000000e+06,5.129083500000000000e+06,4.972854500000000000e+06,4.824226000000000000e+06,4.749920000000000000e+06,4.734250500000000000e+06,4.725949500000000000e+06,4.726401000000000000e+06,4.736763000000000000e+06,4.757960500000000000e+06,4.790900500000000000e+06,4.835961500000000000e+06,4.893332000000000000e+06,4.963112500000000000e+06,5.045257000000000000e+06,5.138814500000000000e+06,5.238698000000000000e+06,5.398515500000000000e+06,5.648133500000000000e+06,5.927906000000000000e+06,6.204970000000000000e+06,6.389986000000000000e+06,6.422120000000000000e+06,6.344143500000000000e+06,5.959101500000000000e+06,4.312332000000000000e+06,1.510405375000000000e+06,1.074786328125000000e+05
1.781829750000000000e+06,1.773085750000000000e+06,1.748410625000000000e+06,1.710020000000000000e+06,1.660021875000000000e+06,1.600479625000000000e+06,1.537115000000000000e+06,1.468719875000000000e+06,1.397151750000000000e+06,1.324955000000000000e+06,1.254819625000000000e+06,1.193896875000000000e+06,1.141570625000000000e+06,1.094142000000000000e+06,1.052118750000000000e+06,1.015558687500000000e+06,9.939830000000000000e+05,9.763383750000000000e+05,9.607551875000000000e+05,9.463353750000000000e+05,9.320540625000000000e+05,9.264844375000000000e+05,9.232118125000000000e+05,9.153876875000000000e+05,9.022375625000000000e+05,8.830081250000000000e+05,8.570507500000000000e+05,8.285067500000000000e+05,8.294257500000000000e+05,8.163080625000000000e+05,7.884631875000000000e+05,7.456746875000000000e+05,6.883230625000000000e+05,6.166527500000000000e+05,5.310935000000000000e+05,4.543820937500000000e+05,3.705954687500000000e+05,2.806914375000000000e+05,1.744407500000000000e+05,6.465901562500000000e+04,1.021997558593750000e+04
2.131267750000000000e+06,2.129225750000000000e+06,2.122057250000000000e+06,2.110031500000000000e+06,2.100990000000000000e+06,2.082443625000000000e+06,2.051651625000000000e+06,2.006680750000000000e+06,1.948766250000000000e+06,1.880910750000000000e+06,1.808369875000000000e+06,1.755365625000000000e+06,1.696688375000000000e+06,1.633120750000000000e+06,1.565757750000000000e+06,1.495846375000000000e+06,1.424578500000000000e+06,1.387442750000000000e+06,1.376682125000000000e+06,1.355999750000000000e+06,1.326656875000000000e+06,1.289751500000000000e+06,1.246172625000000000e+06,1.196628750000000000e+06,1.141669500000000000e+06,1.081719625000000000e+06,1.020126625000000000e+06,9.731838750000000000e+05,9.213841875000000000e+05,8.644449375000000000e+05,8.022098750000000000e+05,7.346782500000000000e+05,6.620450625000000000e+05,5.848070000000000000e+05,5.037890000000000000e+05,4.200283437500000000e+05,3.350405000000000000e+05,2.512825625000000000e+05,1.715432968750000000e+05,9.930370312500000000e+04,4.275667187500000000e+04
5.559049609375000000e+04,5.571253515625000000e+04,5.601280078125000000e+04,5.638730468750000000e+04,5.672892968750000000e+04,5.693207421875000000e+04,5.696557812500000000e+04,5.708855468750000000e+04,5.685264453125000000e+04,5.633671484375000000e+04,5.561904296875000000e+04,5.476953906250000000e+04,5.381319921875000000e+04,5.288174609375000000e+04,5.243626171875000000e+04,5.184906640625000000e+04,5.115908203125000000e+04,5.040623046875000000e+04,4.962421484375000000e+04,4.883786718750000000e+04,4.807062500000000000e+04,4.828929296875000000e+04,4.956211718750000000e+04,5.076968750000000000e+04,5.194154296875000000e+04,5.310278515625000000e+04,5.426821484375000000e+04,5.543806250000000000e+04,5.661176953125000000e+04,5.780491796875000000e+04,5.902963281250000000e+04,6.172810937500000000e+04,6.477500781250000000e+04,6.815489843750000000e+04,7.254959375000000000e+04,7.777091406250000000e+04,8.087352343750000000e+04,8.140717187500000000e+04,9.124372656250000000e+04,1.168616953125000000e+05,9.990258593750000000e+04
1.250585250000000000e+06,1.246720125000000000e+06,1.235638250000000000e+06,1.218028250000000000e+06,1.194499750000000000e+06,1.165622375000000000e+06,1.131960750000000000e+06,1.094134250000000000e+06,1.053544000000000000e+06,1.013679687500000000e+06,9.728917500000000000e+05,9.324122500000000000e+05,8.929468125000000000e+05,8.558074375000000000e+05,8.255521875000000000e+05,7.968441250000000000e+05,7.697047500000000000e+05,7.441545000000000000e+05,7.252691250000000000e+05,7.100855000000000000e+05,6.944984375000000000e+05,6.781450000000000000e+05,6.605795625000000000e+05,6.502985625000000000e+05,6.394756250000000000e+05,6.244511875000000000e+05,6.048951875000000000e+05,5.805726875000000000e+05,5.566820625000000000e+05,5.542225000000000000e+05,5.406787500000000000e+05,5.160868437500000000e+05,4.808276250000000000e+05,4.354749375000000000e+05,3.807469062500000000e+05,3.307256875000000000e+05,2.776738750000000000e+05,2.191530312500000000e+05,1.529522187500000000e+05,8.238921875000000000e+04,2.990637500000000000e+04
3.760917250000000000e+06,3.763093000000000000e+06,3.767482000000000000e+06,3.770545500000000000e+06,3.768506000000000000e+06,3.757586250000000000e+06,3.734223000000000000e+06,3.695479750000000000e+06,3.641303250000000000e+06,3.573422750000000000e+06,3.504841750000000000e+06,3.457099250000000000e+06,3.397585750000000000e+06,3.328260000000000000e+06,3.251338750000000000e+06,3.169406500000000000e+06,3.085289250000000000e+06,3.001694500000000000e+06,2.920889500000000000e+06,2.886340000000000000e+06,2.910349750000000000e+06,2.933465250000000000e+06,2.957983500000000000e+06,2.985867750000000000e+06,3.018079000000000000e+06,3.055108750000000000e+06,3.096817000000000000e+06,3.142217000000000000e+06,3.189332500000000000e+06,3.232617000000000000e+06,3.270294000000000000e+06,3.372832250000000000e+06,3.468090250000000000e+06,3.528928750000000000e+06,3.497693250000000000e+06,3.338711500000000000e+06,3.083231750000000000e+06,2.657322500000000000e+06,1.686005500000000000e+06,4.228497500000000000e+05,2.962709716796875000e+03
6.413480000000000000e+05,6.394440625000000000e+05,6.339307500000000000e+05,6.250925000000000000e+05,6.132030625000000000e+05,6.010315625000000000e+05,5.878950000000000000e+05,5.726895000000000000e+05,5.557463750000000000e+05,5.375447500000000000e+05,5.186060937500000000e+05,4.994694375000000000e+05,4.805383437500000000e+05,4.621583437500000000e+05,4.446929375000000000e+05,4.346486875000000000e+05,4.360682500000000000e+05,4.373562500000000000e+05,4.388087812500000000e+05,4.406232187500000000e+05,4.429649062500000000e+05,4.459180937500000000e+05,4.494785000000000000e+05,4.535833750000000000e+05,4.580429687500000000e+05,4.625862187500000000e+05,4.729971875000000000e+05,4.873034687500000000e+05,5.014994687500000000e+05,5.144122187500000000e+05,5.245908125000000000e+05,5.304666250000000000e+05,5.303113125000000000e+05,5.203119375000000000e+05,4.939375625000000000e+05,4.483221250000000000e+05,3.891251875000000000e+05,3.127105000000000000e+05,1.906024531250000000e+05,5.405467187500000000e+04,3.406652587890625000e+03
4.585921500000000000e+06,4.581306500000000000e+06,4.567147500000000000e+06,4.542671500000000000e+06,4.514127500000000000e+06,4.474976500000000000e+06,4.422830000000000000e+06,4.356288500000000000e+06,4.275682500000000000e+06,4.182543250000000000e+06,4.088872500000000000e+06,4.002040250000000000e+06,3.905872500000000000e+06,3.801352750000000000e+06,3.689883000000000000e+06,3.599607250000000000e+06,3.516331750000000000e+06,3.423910000000000000e+06,3.323398250000000000e+06,3.215346250000000000e+06,3.144330500000000000e+06,3.072024250000000000e+06,2.984396500000000000e+06,2.881982000000000000e+06,2.765205500000000000e+06,2.634418750000000000e+06,2.632975750000000000e+06,2.592636750000000000e+06,2.514635000000000000e+06,2.400758750000000000e+06,2.253141750000000000e+06,2.074530875000000000e+06,1.868533750000000000e+06,1.680688125000000000e+06,1.490852250000000000e+06,1.280336875000000000e+06,1.050495750000000000e+06,8.066476875000000000e+05,5.557781875000000000e+05,3.089074062500000000e+05,1.121554687500000000e+05
1.613001125000000000e+06,1.616297750000000000e+06,1.624944000000000000e+06,1.637025000000000000e+06,1.650577500000000000e+06,1.664731875000000000e+06,1.686407500000000000e+06,1.703572875000000000e+06,1.715628625000000000e+06,1.723081375000000000e+06,1.726456625000000000e+06,1.726194625000000000e+06,1.722061500000000000e+06,1.713529625000000000e+06,1.716676125000000000e+06,1.717491500000000000e+06,1.711683125000000000e+06,1.699191750000000000e+06,1.679933500000000000e+06,1.653772750000000000e+06,1.620610000000000000e+06,1.580396750000000000e+06,1.550122500000000000e+06,1.555114125000000000e+06,1.546539625000000000e+06,1.524172750000000000e+06,1.487871000000000000e+06,1.437604875000000000e+06,1.373515875000000000e+06,1.295971000000000000e+06,1.205581500000000000e+06,1.103197875000000000e+06,1.013545250000000000e+06,9.209636250000000000e+05,8.191414375000000000e+05,7.078957500000000000e+05,5.861782500000000000e+05,4.567572500000000000e+05,3.278814062500000000e+05,2.029950000000000000e+05,8.799083593750000000e+04
1.697980781250000000e+05,1.708736250000000000e+05,1.740548750000000000e+05,1.788609218750000000e+05,1.848860000000000000e+05,1.917203437500000000e+05,1.989477031250000000e+05,2.084104687500000000e+05,2.181749843750000000e+05,2.276427500000000000e+05,2.367538437500000000e+05,2.477033437500000000e+05,2.607338906250000000e+05,2.728449687500000000e+05,2.838397500000000000e+05,2.936228437500000000e+05,3.022357500000000000e+05,3.199825312500000000e+05,3.403215000000000000e+05,3.586182812500000000e+05,3.749500312500000000e+05,3.893536875000000000e+05,4.018219687500000000e+05,4.123208437500000000e+05,4.206799062500000000e+05,4.266710312500000000e+05,4.299854687500000000e+05,4.302097812500000000e+05,4.329979375000000000e+05,4.353410937500000000e+05,4.338829687500000000e+05,4.276962187500000000e+05,4.157550625000000000e+05,3.969099062500000000e+05,3.699180937500000000e+05,3.338427500000000000e+05,2.884982812500000000e+05,2.341714531250000000e+05,1.707298437500000000e+05,1.020575312500000000e+05,4.372396093750000000e+04
1.512279000000000000e+06,1.513083250000000000e+06,1.514793000000000000e+06,1.516252500000000000e+06,1.516224500000000000e+06,1.513455625000000000e+06,1.506735875000000000e+06,1.495048250000000000e+06,1.478501250000000000e+06,1.458851000000000000e+06,1.438919125000000000e+06,1.416312750000000000e+06,1.391509250000000000e+06,1.364889500000000000e+06,1.336911375000000000e+06,1.312330750000000000e+06,1.290491500000000000e+06,1.268148000000000000e+06,1.245725375000000000e+06,1.223440000000000000e+06,1.203382625000000000e+06,1.193837000000000000e+06,1.183368500000000000e+06,1.171770750000000000e+06,1.158485375000000000e+06,1.142791750000000000e+06,1.139305625000000000e+06,1.134731625000000000e+06,1.122323375000000000e+06,1.099942125000000000e+06,1.065301375000000000e+06,1.051555500000000000e+06,1.054237875000000000e+06,1.024541187500000000e+06,9.543766875000000000e+05,8.416301250000000000e+05,7.150668125000000000e+05,5.823970625000000000e+05,3.813390625000000000e+05,1.355457812500000000e+05,1.338106738281250000e+04
3.677656562500000000e+05,3.681758750000000000e+05,3.691201250000000000e+05,3.701469375000000000e+05,3.707923437500000000e+05,3.706000000000000000e+05,3.691392500000000000e+05,3.660602500000000000e+05,3.614657500000000000e+05,3.557116250000000000e+05,3.500020000000000000e+05,3.460501875000000000e+05,3.416120000000000000e+05,3.366783750000000000e+05,3.312617187500000000e+05,3.254098125000000000e+05,3.191992812500000000e+05,3.127078125000000000e+05,3.059713437500000000e+05,2.989665937500000000e+05,2.938662187500000000e+05,2.966276875000000000e+05,2.981313437500000000e+05,2.982715937500000000e+05,2.968964062500000000e+05,2.938319687500000000e+05,2.888882187500000000e+05,2.818604687500000000e+05,2.725475625000000000e+05,2.607398125000000000e+05,2.462617968750000000e+05,2.336832031250000000e+05,2.200243125000000000e+05,2.033845156250000000e+05,1.832545781250000000e+05,1.595705781250000000e+05,1.332140625000000000e+05,1.045555156250000000e+05,7.186227343750000000e+04,3.772207812500000000e+04,1.457744726562500000e+04
1.225053250000000000e+06,1.225654125000000000e+06,1.227097875000000000e+06,1.228825750000000000e+06,1.230259750000000000e+06,1.230813375000000000e+06,1.235088125000000000e+06,1.256377250000000000e+06,1.276161500000000000e+06,1.294288875000000000e+06,1.310618375000000000e+06,1.324979000000000000e+06,1.336900000000000000e+06,1.345779875000000000e+06,1.351056500000000000e+06,1.352298375000000000e+06,1.349223500000000000e+06,1.341589875000000000e+06,1.329169125000000000e+06,1.311734875000000000e+06,1.289093750000000000e+06,1.261080750000000000e+06,1.230037375000000000e+06,1.210945750000000000e+06,1.186719125000000000e+06,1.156851000000000000e+06,1.120841500000000000e+06,1.078206250000000000e+06,1.028502937500000000e+06,9.713136875000000000e+05,9.063228750000000000e+05,8.334334375000000000e+05,7.528266250000000000e+05,6.647539375000000000e+05,5.695163750000000000e+05,4.687107812500000000e+05,3.665417187500000000e+05,2.663269375000000000e+05,1.662570000000000000e+05,7.489051562500000000e+04,2.171326562500000000e+04
3.733332000000000000e+06,3.735912750000000000e+06,3.743114000000000000e+06,3.753785000000000000e+06,3.766540750000000000e+06,3.785248000000000000e+06,3.809611750000000000e+06,3.833046250000000000e+06,3.856124000000000000e+06,3.880642750000000000e+06,3.920628500000000000e+06,3.970385500000000000e+06,4.025642750000000000e+06,4.085198000000000000e+06,4.169237250000000000e+06,4.264847500000000000e+06,4.358399000000000000e+06,4.447595000000000000e+06,4.549414000000000000e+06,4.674982000000000000e+06,4.783718500000000000e+06,4.872058000000000000e+06,4.936368000000000000e+06,5.004578000000000000e+06,5.095161000000000000e+06,5.142885000000000000e+06,5.142917000000000000e+06,5.090454500000000000e+06,4.980886500000000000e+06,4.984114000000000000e+06,5.023577500000000000e+06,4.948555000000000000e+06,4.750889500000000000e+06,4.422683500000000000e+06,3.955570250000000000e+06,3.455690500000000000e+06,2.934837250000000000e+06,2.315048500000000000e+06,1.534999500000000000e+06,6.594426875000000000e+05,1.218920781250000000e+05
3.618183000000000000e+06,3.618785000000000000e+06,3.620234750000000000e+06,3.621957500000000000e+06,3.623338500000000000e+06,3.623741750000000000e+06,3.622525000000000000e+06,3.619108500000000000e+06,3.613494500000000000e+06,3.621147250000000000e+06,3.628511250000000000e+06,3.635154000000000000e+06,3.641340750000000000e+06,3.647368000000000000e+06,3.653582000000000000e+06,3.660420000000000000e+06,3.668413000000000000e+06,3.678123500000000000e+06,3.690048250000000000e+06,3.713399500000000000e+06,3.770150500000000000e+06,3.830229000000000000e+06,3.893729000000000000e+06,3.960602000000000000e+06,4.030058750000000000e+06,4.100955750000000000e+06,4.171422500000000000e+06,4.238552000000000000e+06,4.469838500000000000e+06,4.733071500000000000e+06,4.971713000000000000e+06,5.169147500000000000e+06,5.305890000000000000e+06,5.337656500000000000e+06,5.185040500000000000e+06,4.988014500000000000e+06,4.680091500000000000e+06,4.107725750000000000e+06,2.774976250000000000e+06,8.672168125000000000e+05,3.097213085937500000e+04
3.060730000000000000e+06,3.065662250000000000e+06,3.077550750000000000e+06,3.091490000000000000e+06,3.102227750000000000e+06,3.115005500000000000e+06,3.115508000000000000e+06,3.098591000000000000e+06,3.065600750000000000e+06,3.032200750000000000e+06,2.993334000000000000e+06,2.951330750000000000e+06,2.911380000000000000e+06,2.893600250000000000e+06,2.874500000000000000e+06,2.855846000000000000e+06,2.858951000000000000e+06,2.884891750000000000e+06,2.911955250000000000e+06,2.941137250000000000e+06,2.997288500000000000e+06,3.093881250000000000e+06,3.189295750000000000e+06,3.284175750000000000e+06,3.378739500000000000e+06,3.528393250000000000e+06,3.843066750000000000e+06,4.151544000000000000e+06,4.453539000000000000e+06,4.744233000000000000e+06,5.016339500000000000e+06,5.265225500000000000e+06,5.541771000000000000e+06,5.923958000000000000e+06,6.189886000000000000e+06,6.269053500000000000e+06,6.232338000000000000e+06,5.866854500000000000e+06,4.042187000000000000e+06,1.088410125000000000e+06,8.791457031250000000e+03
1.708876000000000000e+06,1.709296250000000000e+06,1.710335250000000000e+06,1.711571375000000000e+06,1.712499250000000000e+06,1.712570500000000000e+06,1.711231500000000000e+06,1.707992000000000000e+06,1.711765000000000000e+06,1.714196250000000000e+06,1.715199250000000000e+06,1.715050500000000000e+06,1.713874875000000000e+06,1.722596500000000000e+06,1.738266000000000000e+06,1.752228375000000000e+06,1.764555500000000000e+06,1.775358250000000000e+06,1.798648625000000000e+06,1.836696500000000000e+06,1.870416000000000000e+06,1.899330625000000000e+06,1.922710875000000000e+06,1.939655250000000000e+06,1.992877750000000000e+06,2.096067000000000000e+06,2.180910250000000000e+06,2.244304000000000000e+06,2.282710250000000000e+06,2.291780250000000000e+06,2.266937750000000000e+06,2.203882500000000000e+06,2.142097750000000000e+06,2.066306000000000000e+06,1.939949500000000000e+06,1.755035625000000000e+06,1.512729875000000000e+06,1.210770875000000000e+06,8.249960625000000000e+05,3.893437500000000000e+05,9.731728125000000000e+04
5.525885000000000000e+05,5.529501875000000000e+05,5.539441250000000000e+05,5.554070625000000000e+05,5.571561875000000000e+05,5.590065625000000000e+05,5.621306875000000000e+05,5.664706250000000000e+05,5.706568750000000000e+05,5.747599375000000000e+05,5.788980000000000000e+05,5.832233125000000000e+05,5.897572500000000000e+05,6.000273750000000000e+05,6.103745000000000000e+05,6.208531875000000000e+05,6.315118125000000000e+05,6.423843125000000000e+05,6.534650625000000000e+05,6.706740000000000000e+05,6.904325000000000000e+05,7.099358125000000000e+05,7.290091250000000000e+05,7.474098125000000000e+05,7.647116250000000000e+05,7.803833750000000000e+05,7.937141875000000000e+05,8.375461250000000000e+05,8.826338125000000000e+05,9.212180000000000000e+05,9.504149375000000000e+05,9.667904375000000000e+05,9.665544375000000000e+05,9.443508750000000000e+05,9.103735000000000000e+05,8.675664375000000000e+05,7.944356250000000000e+05,6.814231250000000000e+05,4.989469375000000000e+05,2.518691406250000000e+05,6.678645312500000000e+04
3.549585312500000000e+05,3.543608125000000000e+05,3.525194687500000000e+05,3.493389687500000000e+05,3.447096875000000000e+05,3.385277812500000000e+05,3.312560312500000000e+05,3.251299375000000000e+05,3.173638125000000000e+05,3.082162500000000000e+05,2.979801562500000000e+05,2.869624375000000000e+05,2.753847187500000000e+05,2.634396562500000000e+05,2.513406562500000000e+05,2.479025312500000000e+05,2.451517031250000000e+05,2.412886718750000000e+05,2.365535000000000000e+05,2.311267656250000000e+05,2.251639687500000000e+05,2.187725312500000000e+05,2.120100156250000000e+05,2.049047656250000000e+05,1.974397343750000000e+05,1.907765000000000000e+05,1.862342187500000000e+05,1.811678750000000000e+05,1.754184218750000000e+05,1.688284375000000000e+05,1.612426250000000000e+05,1.524970468750000000e+05,1.424347031250000000e+05,1.309761015625000000e+05,1.181378671875000000e+05,1.038722343750000000e+05,8.803611718750000000e+04,7.098115625000000000e+04,5.380099218750000000e+04,3.692378125000000000e+04,2.036164843750000000e+04
2.538999500000000000e+06,2.541061250000000000e+06,2.543480750000000000e+06,2.540013500000000000e+06,2.525385750000000000e+06,2.500493000000000000e+06,2.451906250000000000e+06,2.376450500000000000e+06,2.279037500000000000e+06,2.171453000000000000e+06,2.062110375000000000e+06,1.953809000000000000e+06,1.849347500000000000e+06,1.749681125000000000e+06,1.658086000000000000e+06,1.580564875000000000e+06,1.508515500000000000e+06,1.442369750000000000e+06,1.381919625000000000e+06,1.326150750000000000e+06,1.287155750000000000e+06,1.249169500000000000e+06,1.210752625000000000e+06,1.170739500000000000e+06,1.127986375000000000e+06,1.094976375000000000e+06,1.061239000000000000e+06,1.019052500000000000e+06,9.677457500000000000e+05,9.069042500000000000e+05,8.607118125000000000e+05,8.332696875000000000e+05,7.837325625000000000e+05,7.126128125000000000e+05,6.205590625000000000e+05,5.165253125000000000e+05,4.255597500000000000e+05,3.259219375000000000e+05,2.075729843750000000e+05,8.046262500000000000e+04,1.239327343750000000e+04
5.883336500000000000e+06,5.879545500000000000e+06,5.865164000000000000e+06,5.835053500000000000e+06,5.783769500000000000e+06,5.771829500000000000e+06,5.730156000000000000e+06,5.650328000000000000e+06,5.534174000000000000e+06,5.388887500000000000e+06,5.222213000000000000e+06,5.041714500000000000e+06,4.936436000000000000e+06,4.949547000000000000e+06,4.925138500000000000e+06,4.866504000000000000e+06,4.778446500000000000e+06,4.665584500000000000e+06,4.531667500000000000e+06,4.379205500000000000e+06,4.210209500000000000e+06,4.026319250000000000e+06,3.832713250000000000e+06,3.689784250000000000e+06,3.531902250000000000e+06,3.358408750000000000e+06,3.168976000000000000e+06,2.963674500000000000e+06,2.742848500000000000e+06,2.507056750000000000e+06,2.257334500000000000e+06,1.996090875000000000e+06,1.726880500000000000e+06,1.452052875000000000e+06,1.172819000000000000e+06,8.974664375000000000e+05,6.452093125000000000e+05,4.222591250000000000e+05,2.110429843750000000e+05,4.855045312500000000e+04,1.729047607421875000e+03
3.509130500000000000e+06,3.518731000000000000e+06,3.543137750000000000e+06,3.575467500000000000e+06,3.608601250000000000e+06,3.635387250000000000e+06,3.648863000000000000e+06,3.650078250000000000e+06,3.643402500000000000e+06,3.618469500000000000e+06,3.578520000000000000e+06,3.526421000000000000e+06,3.462749750000000000e+06,3.397088750000000000e+06,3.340361500000000000e+06,3.268793750000000000e+06,3.183822000000000000e+06,3.087008000000000000e+06,2.979718250000000000e+06,2.870691000000000000e+06,2.785817250000000000e+06,2.687510500000000000e+06,2.577007250000000000e+06,2.455515750000000000e+06,2.324069500000000000e+06,2.183665750000000000e+06,2.075975375000000000e+06,2.016338125000000000e+06,1.931262625000000000e+06,1.822249000000000000e+06,1.691049125000000000e+06,1.539829375000000000e+06,1.371436250000000000e+06,1.195999000000000000e+06,1.047955062500000000e+06,8.892491875000000000e+05,7.208888125000000000e+05,5.460783750000000000e+05,3.660233750000000000e+05,1.875728125000000000e+05,5.823532031250000000e+04
2.882420250000000000e+06,2.873084750000000000e+06,2.847319500000000000e+06,2.808902250000000000e+06,2.758311750000000000e+06,2.697242250000000000e+06,2.627401750000000000e+06,2.550649000000000000e+06,2.469755750000000000e+06,2.388070750000000000e+06,2.310274000000000000e+06,2.250419000000000000e+06,2.197240000000000000e+06,2.151644750000000000e+06,2.114731250000000000e+06,2.087117125000000000e+06,2.089982625000000000e+06,2.102311250000000000e+06,2.122014250000000000e+06,2.148502250000000000e+06,2.181051750000000000e+06,2.251723500000000000e+06,2.332715000000000000e+06,2.415770750000000000e+06,2.499932250000000000e+06,2.584003500000000000e+06,2.673602250000000000e+06,2.915710750000000000e+06,3.152329750000000000e+06,3.377101250000000000e+06,3.581301500000000000e+06,3.755532250000000000e+06,3.889522000000000000e+06,3.970345250000000000e+06,4.061993000000000000e+06,4.009243250000000000e+06,3.835078500000000000e+06,3.433554750000000000e+06,2.299195000000000000e+06,6.510240625000000000e+05,1.232486230468750000e+04
3.620356500000000000e+06,3.621027750000000000e+06,3.622294250000000000e+06,3.622892500000000000e+06,3.621428750000000000e+06,3.616451250000000000e+06,3.606516500000000000e+06,3.590306750000000000e+06,3.615892000000000000e+06,3.700948750000000000e+06,3.777168500000000000e+06,3.842222500000000000e+06,3.894890000000000000e+06,3.934662750000000000e+06,3.961400000000000000e+06,3.975668250000000000e+06,3.978728500000000000e+06,3.971965250000000000e+06,3.956713000000000000e+06,3.934117750000000000e+06,3.905202000000000000e+06,3.913759500000000000e+06,3.935111000000000000e+06,3.952360000000000000e+06,3.963728750000000000e+06,3.967024500000000000e+06,3.959271250000000000e+06,3.936371250000000000e+06,3.893579750000000000e+06,3.824167500000000000e+06,3.720776000000000000e+06,3.576102750000000000e+06,3.383207500000000000e+06,3.131579000000000000e+06,2.807000500000000000e+06,2.408797500000000000e+06,1.962085625000000000e+06,1.474918750000000000e+06,9.054373125000000000e+05,3.450272812500000000e+05,6.149023828125000000e+04
2.873216000000000000e+06,2.871279250000000000e+06,2.865216250000000000e+06,2.854554000000000000e+06,2.842882000000000000e+06,2.825749500000000000e+06,2.802041250000000000e+06,2.770731000000000000e+06,2.731463500000000000e+06,2.684390250000000000e+06,2.632981750000000000e+06,2.580232250000000000e+06,2.520424250000000000e+06,2.454143750000000000e+06,2.382212250000000000e+06,2.315822250000000000e+06,2.249970500000000000e+06,2.179183500000000000e+06,2.104414750000000000e+06,2.026396000000000000e+06,1.967983500000000000e+06,1.904372500000000000e+06,1.835766125000000000e+06,1.762589250000000000e+06,1.684975000000000000e+06,1.631490125000000000e+06,1.569611125000000000e+06,1.498267375000000000e+06,1.417423875000000000e+06,1.326962000000000000e+06,1.272927000000000000e+06,1.235407875000000000e+06,1.170766250000000000e+06,1.079496625000000000e+06,9.626486250000000000e+05,8.259051875000000000e+05,7.089305000000000000e+05,5.738726250000000000e+05,4.218253437500000000e+05,2.523798281250000000e+05,9.482144531250000000e+04
2.075987375000000000e+06,2.074736625000000000e+06,2.071094625000000000e+06,2.065185375000000000e+06,2.057089125000000000e+06,2.050249875000000000e+06,2.050577500000000000e+06,2.050185625000000000e+06,2.048897875000000000e+06,2.046646750000000000e+06,2.043447875000000000e+06,2.039395000000000000e+06,2.034534000000000000e+06,2.028923125000000000e+06,2.022697750000000000e+06,2.015940125000000000e+06,2.037917000000000000e+06,2.106129250000000000e+06,2.170287250000000000e+06,2.229822000000000000e+06,2.284089750000000000e+06,2.332220750000000000e+06,2.373084250000000000e+06,2.405356500000000000e+06,2.427253750000000000e+06,2.436734250000000000e+06,2.431437750000000000e+06,2.427326250000000000e+06,2.438636750000000000e+06,2.430206500000000000e+06,2.396535750000000000e+06,2.332200000000000000e+06,2.231976500000000000e+06,2.088233375000000000e+06,1.890670375000000000e+06,1.637584000000000000e+06,1.345055750000000000e+06,1.018137062500000000e+06,6.250212500000000000e+05,2.289146562500000000e+05,3.515542187500000000e+04
3.341745750000000000e+06,3.332115500000000000e+06,3.304151500000000000e+06,3.259229750000000000e+06,3.198715500000000000e+06,3.123976750000000000e+06,3.036397000000000000e+06,2.940944500000000000e+06,2.836926000000000000e+06,2.727205500000000000e+06,2.614708500000000000e+06,2.502187750000000000e+06,2.391742250000000000e+06,2.285128000000000000e+06,2.184039750000000000e+06,2.089767625000000000e+06,2.008167875000000000e+06,1.934380000000000000e+06,1.868760750000000000e+06,1.811114500000000000e+06,1.761239375000000000e+06,1.720139375000000000e+06,1.694152375000000000e+06,1.672819250000000000e+06,1.654712750000000000e+06,1.638175375000000000e+06,1.628427875000000000e+06,1.628595250000000000e+06,1.621904375000000000e+06,1.604595375000000000e+06,1.579021500000000000e+06,1.565668375000000000e+06,1.524488375000000000e+06,1.448566250000000000e+06,1.386600625000000000e+06,1.339432500000000000e+06,1.209090750000000000e+06,9.950117500000000000e+05,7.365488125000000000e+05,3.743847500000000000e+05,8.768418750000000000e+04
6.172352500000000000e+05,6.161258750000000000e+05,6.139107500000000000e+05,6.105300625000000000e+05,6.045969375000000000e+05,5.954806875000000000e+05,5.826945000000000000e+05,5.660295000000000000e+05,5.463515000000000000e+05,5.250615625000000000e+05,5.034779062500000000e+05,4.829635000000000000e+05,4.687870625000000000e+05,4.557215000000000000e+05,4.440067500000000000e+05,4.338556875000000000e+05,4.254024687500000000e+05,4.187726250000000000e+05,4.139785625000000000e+05,4.108673125000000000e+05,4.172759062500000000e+05,4.337989687500000000e+05,4.508400625000000000e+05,4.681991562500000000e+05,4.855391875000000000e+05,5.024093125000000000e+05,5.182220312500000000e+05,5.322326875000000000e+05,5.435400000000000000e+05,5.509066250000000000e+05,5.643800000000000000e+05,5.769465625000000000e+05,5.831941250000000000e+05,5.798105625000000000e+05,5.620025625000000000e+05,5.259699375000000000e+05,4.710776250000000000e+05,3.938621562500000000e+05,2.804559687500000000e+05,1.409649062500000000e+05,4.253287109375000000e+04
4.250987187500000000e+05,4.249622500000000000e+05,4.243078437500000000e+05,4.227008750000000000e+05,4.196905000000000000e+05,4.148849687500000000e+05,4.080052812500000000e+05,4.023328750000000000e+05,3.951192812500000000e+05,3.867836562500000000e+05,3.782875937500000000e+05,3.704926562500000000e+05,3.636175000000000000e+05,3.621330312500000000e+05,3.619170000000000000e+05,3.618700000000000000e+05,3.619286562500000000e+05,3.619909375000000000e+05,3.618890937500000000e+05,3.613772500000000000e+05,3.716621250000000000e+05,3.844951250000000000e+05,3.950367500000000000e+05,4.030378750000000000e+05,4.082559375000000000e+05,4.104434687500000000e+05,4.093525625000000000e+05,4.047528437500000000e+05,3.964449687500000000e+05,3.843087500000000000e+05,3.773914062500000000e+05,3.681183125000000000e+05,3.549841875000000000e+05,3.378316250000000000e+05,3.172120937500000000e+05,2.922952500000000000e+05,2.592521875000000000e+05,2.185859062500000000e+05,1.822421875000000000e+05,1.507449843750000000e+05,8.950579687500000000e+04
2.361030250000000000e+06,2.363781250000000000e+06,2.370622500000000000e+06,2.379262500000000000e+06,2.387278750000000000e+06,2.392236000000000000e+06,2.391790000000000000e+06,2.400389500000000000e+06,2.405315000000000000e+06,2.403117250000000000e+06,2.394896250000000000e+06,2.381802750000000000e+06,2.364396750000000000e+06,2.366352000000000000e+06,2.376629000000000000e+06,2.381052000000000000e+06,2.380877500000000000e+06,2.377444000000000000e+06,2.372003000000000000e+06,2.365617000000000000e+06,2.460152750000000000e+06,2.558529000000000000e+06,2.651741750000000000e+06,2.741535500000000000e+06,2.829278000000000000e+06,2.916092000000000000e+06,3.002853500000000000e+06,3.090159000000000000e+06,3.177892750000000000e+06,3.295433000000000000e+06,3.469860250000000000e+06,3.655982750000000000e+06,3.852583500000000000e+06,4.036196000000000000e+06,4.147632500000000000e+06,4.144783750000000000e+06,4.048782750000000000e+06,3.740840750000000000e+06,2.672277750000000000e+06,9.522128750000000000e+05,8.304175781250000000e+04
4.222973000000000000e+06,4.218261500000000000e+06,4.203738000000000000e+06,4.178520250000000000e+06,4.141484500000000000e+06,4.099148750000000000e+06,4.044462250000000000e+06,3.975032250000000000e+06,3.891892500000000000e+06,3.797505500000000000e+06,3.694629000000000000e+06,3.600971000000000000e+06,3.510131500000000000e+06,3.415910500000000000e+06,3.320576500000000000e+06,3.226303500000000000e+06,3.155081500000000000e+06,3.099674000000000000e+06,3.046543250000000000e+06,2.996772500000000000e+06,2.951275250000000000e+06,2.919437750000000000e+06,2.929542250000000000e+06,2.938834000000000000e+06,2.946261750000000000e+06,2.950134500000000000e+06,2.947942500000000000e+06,2.936173750000000000e+06,3.065313750000000000e+06,3.174621250000000000e+06,3.243381750000000000e+06,3.260779750000000000e+06,3.215671250000000000e+06,3.089959000000000000e+06,2.870599750000000000e+06,2.644994500000000000e+06,2.331245000000000000e+06,1.905986000000000000e+06,1.237164250000000000e+06,4.293526250000000000e+05,3.994518359375000000e+04
1.221917000000000000e+06,1.221866250000000000e+06,1.221573000000000000e+06,1.220795500000000000e+06,1.219263125000000000e+06,1.216692375000000000e+06,1.213352875000000000e+06,1.209825250000000000e+06,1.204892500000000000e+06,1.198821000000000000e+06,1.191897125000000000e+06,1.184394750000000000e+06,1.176330375000000000e+06,1.167590875000000000e+06,1.158673500000000000e+06,1.151123125000000000e+06,1.142225250000000000e+06,1.131668500000000000e+06,1.119084750000000000e+06,1.104028375000000000e+06,1.087168375000000000e+06,1.072128625000000000e+06,1.052847625000000000e+06,1.028848125000000000e+06,9.997143125000000000e+05,9.666897500000000000e+05,9.373485625000000000e+05,9.006418750000000000e+05,8.563868750000000000e+05,8.045860000000000000e+05,7.585026250000000000e+05,7.068950000000000000e+05,6.450830000000000000e+05,5.740790625000000000e+05,5.342954375000000000e+05,4.847687187500000000e+05,4.130520625000000000e+05,3.266795000000000000e+05,2.563692500000000000e+05,1.789991250000000000e+05,8.583366406250000000e+04
1.848266750000000000e+06,1.847774625000000000e+06,1.845962500000000000e+06,1.842061000000000000e+06,1.835059875000000000e+06,1.825033500000000000e+06,1.814666000000000000e+06,1.798102375000000000e+06,1.774746500000000000e+06,1.745658875000000000e+06,1.717332750000000000e+06,1.682708375000000000e+06,1.642889375000000000e+06,1.607871500000000000e+06,1.574524625000000000e+06,1.538340375000000000e+06,1.500973875000000000e+06,1.479589125000000000e+06,1.461009375000000000e+06,1.442623000000000000e+06,1.425724875000000000e+06,1.413557875000000000e+06,1.426485500000000000e+06,1.440354500000000000e+06,1.455747250000000000e+06,1.472925875000000000e+06,1.491803125000000000e+06,1.511896500000000000e+06,1.613328000000000000e+06,1.717299125000000000e+06,1.814588000000000000e+06,1.900790375000000000e+06,1.970594000000000000e+06,2.007148125000000000e+06,1.991224625000000000e+06,1.971858750000000000e+06,1.899540625000000000e+06,1.719759125000000000e+06,1.173462750000000000e+06,3.335640625000000000e+05,3.959806640625000000e+03
4.915312000000000000e+06,4.924641500000000000e+06,4.950675500000000000e+06,4.990265500000000000e+06,5.040039500000000000e+06,5.096490000000000000e+06,5.176279000000000000e+06,5.267251500000000000e+06,5.355372500000000000e+06,5.436438500000000000e+06,5.506664000000000000e+06,5.610438500000000000e+06,5.713480000000000000e+06,5.796376000000000000e+06,5.858991000000000000e+06,5.902244000000000000e+06,5.972185500000000000e+06,6.068974500000000000e+06,6.143606500000000000e+06,6.199091500000000000e+06,6.238217000000000000e+06,6.262772500000000000e+06,6.273576000000000000e+06,6.270810000000000000e+06,6.441641500000000000e+06,6.651837000000000000e+06,6.829305000000000000e+06,6.966507000000000000e+06,7.053608500000000000e+06,7.075140000000000000e+06,7.013237000000000000e+06,6.849765500000000000e+06,6.567677000000000000e+06,6.270819500000000000e+06,5.885915000000000000e+06,5.307428500000000000e+06,4.561058000000000000e+06,3.620655500000000000e+06,2.287273000000000000e+06,7.684291875000000000e+05,6.077349218750000000e+04
7.955301875000000000e+05,7.939758125000000000e+05,7.893886875000000000e+05,7.818471875000000000e+05,7.713969375000000000e+05,7.580696250000000000e+05,7.419002500000000000e+05,7.229665000000000000e+05,7.016232500000000000e+05,6.783987500000000000e+05,6.539752500000000000e+05,6.303387500000000000e+05,6.061733125000000000e+05,5.818003750000000000e+05,5.575636250000000000e+05,5.337336875000000000e+05,5.112795625000000000e+05,4.915786562500000000e+05,4.723141875000000000e+05,4.534811562500000000e+05,4.350632187500000000e+05,4.169859687500000000e+05,4.030607500000000000e+05,3.889780937500000000e+05,3.742846250000000000e+05,3.588440937500000000e+05,3.425158750000000000e+05,3.297097500000000000e+05,3.166440625000000000e+05,3.014271562500000000e+05,2.840380625000000000e+05,2.644038437500000000e+05,2.568754375000000000e+05,2.486524843750000000e+05,2.350805625000000000e+05,2.159481718750000000e+05,1.903727187500000000e+05,1.693925156250000000e+05,1.540194062500000000e+05,1.472774687500000000e+05,1.020168125000000000e+05
1.657117750000000000e+06,1.651414750000000000e+06,1.635029000000000000e+06,1.608995625000000000e+06,1.574297750000000000e+06,1.531886375000000000e+06,1.482701125000000000e+06,1.427730750000000000e+06,1.368434375000000000e+06,1.306563125000000000e+06,1.243887625000000000e+06,1.182124000000000000e+06,1.122481750000000000e+06,1.065922125000000000e+06,1.013403187500000000e+06,9.655856250000000000e+05,9.227455625000000000e+05,8.851481875000000000e+05,8.528436875000000000e+05,8.255647500000000000e+05,8.030373125000000000e+05,7.848254375000000000e+05,7.703438750000000000e+05,7.689543125000000000e+05,7.718758750000000000e+05,7.772960625000000000e+05,7.843195625000000000e+05,7.918406875000000000e+05,7.985371875000000000e+05,8.025137500000000000e+05,8.015742500000000000e+05,7.933898750000000000e+05,7.754913125000000000e+05,7.435642500000000000e+05,6.910742500000000000e+05,6.153936250000000000e+05,5.224314375000000000e+05,4.105062187500000000e+05,2.562607968750000000e+05,8.934074218750000000e+04,1.242840625000000000e+04
1.826246875000000000e+06,1.822787500000000000e+06,1.813278750000000000e+06,1.798892125000000000e+06,1.783383250000000000e+06,1.765818000000000000e+06,1.746754125000000000e+06,1.727095500000000000e+06,1.707914875000000000e+06,1.690489625000000000e+06,1.680438750000000000e+06,1.677080875000000000e+06,1.678665125000000000e+06,1.685021750000000000e+06,1.700148375000000000e+06,1.728351625000000000e+06,1.759364625000000000e+06,1.792216500000000000e+06,1.826869000000000000e+06,1.882651875000000000e+06,1.934758250000000000e+06,1.981386500000000000e+06,2.020615500000000000e+06,2.063797500000000000e+06,2.119963750000000000e+06,2.159341500000000000e+06,2.179217000000000000e+06,2.176869250000000000e+06,2.149569250000000000e+06,2.202394000000000000e+06,2.235210250000000000e+06,2.215631250000000000e+06,2.139572750000000000e+06,2.001644625000000000e+06,1.794736875000000000e+06,1.567115875000000000e+06,1.324929625000000000e+06,1.036789750000000000e+06,6.538146250000000000e+05,2.326706250000000000e+05,2.719244726562500000e+04
9.815516250000000000e+05,9.818296250000000000e+05,9.823577500000000000e+05,9.826121250000000000e+05,9.820222500000000000e+05,9.800151250000000000e+05,9.763760000000000000e+05,9.723715625000000000e+05,9.662588125000000000e+05,9.587540625000000000e+05,9.506131875000000000e+05,9.425756250000000000e+05,9.354216875000000000e+05,9.314046250000000000e+05,9.280861875000000000e+05,9.256224375000000000e+05,9.240516250000000000e+05,9.234035000000000000e+05,9.289895625000000000e+05,9.351996875000000000e+05,9.412781250000000000e+05,9.467348750000000000e+05,9.509363750000000000e+05,9.624876250000000000e+05,9.720988750000000000e+05,9.773420000000000000e+05,9.770726875000000000e+05,9.700331250000000000e+05,9.735992500000000000e+05,9.667358125000000000e+05,9.467617500000000000e+05,9.120486875000000000e+05,8.813597500000000000e+05,8.783354375000000000e+05,8.415796875000000000e+05,7.683467500000000000e+05,6.609055625000000000e+05,5.560071875000000000e+05,4.242629687500000000e+05,2.562061875000000000e+05,9.563245312500000000e+04
4.112264500000000000e+06,4.118186250000000000e+06,4.133742500000000000e+06,4.155509500000000000e+06,4.179968250000000000e+06,4.203568000000000000e+06,4.222792500000000000e+06,4.234530500000000000e+06,4.239035000000000000e+06,4.238554000000000000e+06,4.235375500000000000e+06,4.231651000000000000e+06,4.228368000000000000e+06,4.225984000000000000e+06,4.225039500000000000e+06,4.226253500000000000e+06,4.230529000000000000e+06,4.238820500000000000e+06,4.251889500000000000e+06,4.270189000000000000e+06,4.294178000000000000e+06,4.324211500000000000e+06,4.360545000000000000e+06,4.403386000000000000e+06,4.478498000000000000e+06,4.603850500000000000e+06,4.746334000000000000e+06,4.907634500000000000e+06,5.088821500000000000e+06,5.286878500000000000e+06,5.497425500000000000e+06,5.720561000000000000e+06,5.959090500000000000e+06,6.173699500000000000e+06,6.259948500000000000e+06,6.164115500000000000e+06,5.980551500000000000e+06,5.520663500000000000e+06,3.759127750000000000e+06,1.075186125000000000e+06,3.131343945312500000e+04
1.558473000000000000e+06,1.552001875000000000e+06,1.535295625000000000e+06,1.508843750000000000e+06,1.473527000000000000e+06,1.430273625000000000e+06,1.380038375000000000e+06,1.323886750000000000e+06,1.263452750000000000e+06,1.200737250000000000e+06,1.137799375000000000e+06,1.085494750000000000e+06,1.036236187500000000e+06,9.896480625000000000e+05,9.467586250000000000e+05,9.082982500000000000e+05,8.745634375000000000e+05,8.583837500000000000e+05,8.463313750000000000e+05,8.377933125000000000e+05,8.327873750000000000e+05,8.312132500000000000e+05,8.328505000000000000e+05,8.422732500000000000e+05,8.896860000000000000e+05,9.381889375000000000e+05,9.879075625000000000e+05,1.038941000000000000e+06,1.091101250000000000e+06,1.143282000000000000e+06,1.193897625000000000e+06,1.241867250000000000e+06,1.308791250000000000e+06,1.391733625000000000e+06,1.454094125000000000e+06,1.481475125000000000e+06,1.484761625000000000e+06,1.416524750000000000e+06,1.037953437500000000e+06,3.637187187500000000e+05,2.627987500000000000e+04
6.076076500000000000e+06,6.031509500000000000e+06,5.906278000000000000e+06,5.712925500000000000e+06,5.464184000000000000e+06,5.173334000000000000e+06,4.854313500000000000e+06,4.521697500000000000e+06,4.191307500000000000e+06,3.878528500000000000e+06,3.625572250000000000e+06,3.425168500000000000e+06,3.262618500000000000e+06,3.134551250000000000e+06,3.038200000000000000e+06,2.969985250000000000e+06,2.924823250000000000e+06,2.897539000000000000e+06,2.981152750000000000e+06,3.095263250000000000e+06,3.204863750000000000e+06,3.305149750000000000e+06,3.391560250000000000e+06,3.459023500000000000e+06,3.502984000000000000e+06,3.518972000000000000e+06,3.502739000000000000e+06,3.450601000000000000e+06,3.425838500000000000e+06,3.378630500000000000e+06,3.288663750000000000e+06,3.150462000000000000e+06,2.959708750000000000e+06,2.709852750000000000e+06,2.391941750000000000e+06,2.009694875000000000e+06,1.591917250000000000e+06,1.152207375000000000e+06,6.547911875000000000e+05,1.921240937500000000e+05,1.348712109375000000e+04
2.792706500000000000e+06,2.780692750000000000e+06,2.744881250000000000e+06,2.684931250000000000e+06,2.600508500000000000e+06,2.532174500000000000e+06,2.441430250000000000e+06,2.325528250000000000e+06,2.190648500000000000e+06,2.045716375000000000e+06,1.973419250000000000e+06,1.929917125000000000e+06,1.872973000000000000e+06,1.808456500000000000e+06,1.741158750000000000e+06,1.674560375000000000e+06,1.610574000000000000e+06,1.550030750000000000e+06,1.492784625000000000e+06,1.449318375000000000e+06,1.417512375000000000e+06,1.384502875000000000e+06,1.349272125000000000e+06,1.310846625000000000e+06,1.268474000000000000e+06,1.221495625000000000e+06,1.169386125000000000e+06,1.111810875000000000e+06,1.048541187500000000e+06,9.795657500000000000e+05,9.050103125000000000e+05,8.250706250000000000e+05,7.401066875000000000e+05,6.510085625000000000e+05,5.592052500000000000e+05,4.657463125000000000e+05,3.712386250000000000e+05,2.786640312500000000e+05,1.939519375000000000e+05,1.193665859375000000e+05,5.484243750000000000e+04
9.862700625000000000e+05,9.836805625000000000e+05,9.761730000000000000e+05,9.641295000000000000e+05,9.479250625000000000e+05,9.279339375000000000e+05,9.045360625000000000e+05,8.781448750000000000e+05,8.494260000000000000e+05,8.191868125000000000e+05,7.882252500000000000e+05,7.572986875000000000e+05,7.269367500000000000e+05,6.975535625000000000e+05,6.695530000000000000e+05,6.432027500000000000e+05,6.185977500000000000e+05,5.958213125000000000e+05,5.869329375000000000e+05,5.821594375000000000e+05,5.778533125000000000e+05,5.738377500000000000e+05,5.698350625000000000e+05,5.655255625000000000e+05,5.604972500000000000e+05,5.542833750000000000e+05,5.463641875000000000e+05,5.361642500000000000e+05,5.230996875000000000e+05,5.066188437500000000e+05,4.861919687500000000e+05,4.709142812500000000e+05,4.530403125000000000e+05,4.303126562500000000e+05,4.027276562500000000e+05,3.691114062500000000e+05,3.258596562500000000e+05,2.731502187500000000e+05,2.208025156250000000e+05,1.692136406250000000e+05,9.412132812500000000e+04
1.419325875000000000e+06,1.422905750000000000e+06,1.432513500000000000e+06,1.446318500000000000e+06,1.468469875000000000e+06,1.494454125000000000e+06,1.519327250000000000e+06,1.540700750000000000e+06,1.561622625000000000e+06,1.593164000000000000e+06,1.615893125000000000e+06,1.628824250000000000e+06,1.632155875000000000e+06,1.658108875000000000e+06,1.671805250000000000e+06,1.674595250000000000e+06,1.668648250000000000e+06,1.656104250000000000e+06,1.638966250000000000e+06,1.664186250000000000e+06,1.703847750000000000e+06,1.737098875000000000e+06,1.766372125000000000e+06,1.793813875000000000e+06,1.820705750000000000e+06,1.847947625000000000e+06,1.875923875000000000e+06,1.904337000000000000e+06,1.932305250000000000e+06,1.956891125000000000e+06,1.991042000000000000e+06,2.049711625000000000e+06,2.102316750000000000e+06,2.134056750000000000e+06,2.114694000000000000e+06,2.024149250000000000e+06,1.873791875000000000e+06,1.623930875000000000e+06,1.087280250000000000e+06,3.644908125000000000e+05,3.138873437500000000e+04
4.932881562500000000e+05,4.932965625000000000e+05,4.929836562500000000e+05,4.917802812500000000e+05,4.890820937500000000e+05,4.848964062500000000e+05,4.789655625000000000e+05,4.699605625000000000e+05,4.581658437500000000e+05,4.442792812500000000e+05,4.290181250000000000e+05,4.156604375000000000e+05,4.016780625000000000e+05,3.873496250000000000e+05,3.729952187500000000e+05,3.589533750000000000e+05,3.492284687500000000e+05,3.398337187500000000e+05,3.310331250000000000e+05,3.229642812500000000e+05,3.157379062500000000e+05,3.123901250000000000e+05,3.116145625000000000e+05,3.111313125000000000e+05,3.108413750000000000e+05,3.105776250000000000e+05,3.100887812500000000e+05,3.141965937500000000e+05,3.291860937500000000e+05,3.415803125000000000e+05,3.504748750000000000e+05,3.547653750000000000e+05,3.532165625000000000e+05,3.441272500000000000e+05,3.301372187500000000e+05,3.147234687500000000e+05,2.890034687500000000e+05,2.499190625000000000e+05,1.886297031250000000e+05,1.064111875000000000e+05,3.851493359375000000e+04
9.842087500000000000e+04,9.788257031250000000e+04,9.635864062500000000e+04,9.399030468750000000e+04,9.092213281250000000e+04,8.729875781250000000e+04,8.326227343750000000e+04,7.895241406250000000e+04,7.452626562500000000e+04,7.014480468750000000e+04,6.595661718750000000e+04,6.209050390625000000e+04,5.860470703125000000e+04,5.552370703125000000e+04,5.304164062500000000e+04,5.119686328125000000e+04,4.973028906250000000e+04,4.862424609375000000e+04,4.785374609375000000e+04,4.738054296875000000e+04,4.716701562500000000e+04,4.717417187500000000e+04,4.736069531250000000e+04,4.768448437500000000e+04,4.810435546875000000e+04,4.918067968750000000e+04,5.161046875000000000e+04,5.405070312500000000e+04,5.643903125000000000e+04,5.871356640625000000e+04,6.080005468750000000e+04,6.254409375000000000e+04,6.372676171875000000e+04,6.427701171875000000e+04,6.639994531250000000e+04,6.906678125000000000e+04,6.995807812500000000e+04,6.858116406250000000e+04,7.140342968750000000e+04,8.158453906250000000e+04,6.548166796875000000e+04
5.916201500000000000e+06,5.932122000000000000e+06,5.977373500000000000e+06,6.048140500000000000e+06,6.140563500000000000e+06,6.250758000000000000e+06,6.374837500000000000e+06,6.508903000000000000e+06,6.648828000000000000e+06,6.790398500000000000e+06,6.929488000000000000e+06,7.306515500000000000e+06,7.703374000000000000e+06,8.080451000000000000e+06,8.434504000000000000e+06,8.764338000000000000e+06,9.071568000000000000e+06,9.358165000000000000e+06,9.626826000000000000e+06,9.881243000000000000e+06,1.012527600000000000e+07,1.036234400000000000e+07,1.059544700000000000e+07,1.082726400000000000e+07,1.107018000000000000e+07,1.146733400000000000e+07,1.189074400000000000e+07,1.234126000000000000e+07,1.281708700000000000e+07,1.330296700000000000e+07,1.377753600000000000e+07,1.421740000000000000e+07,1.459419200000000000e+07,1.479596200000000000e+07,1.459009900000000000e+07,1.383878800000000000e+07,1.267044900000000000e+07,1.080167200000000000e+07,6.808064500000000000e+06,1.736894500000000000e+06,1.604252832031250000e+04
1.291286015625000000e+05,1.289606484375000000e+05,1.285203281250000000e+05,1.280680625000000000e+05,1.274353828125000000e+05,1.266174687500000000e+05,1.256080078125000000e+05,1.244017343750000000e+05,1.230079296875000000e+05,1.214472812500000000e+05,1.197453046875000000e+05,1.179322187500000000e+05,1.160390390625000000e+05,1.140989843750000000e+05,1.121491953125000000e+05,1.102255625000000000e+05,1.083600703125000000e+05,1.095570156250000000e+05,1.112052343750000000e+05,1.127994687500000000e+05,1.143743671875000000e+05,1.159579062500000000e+05,1.175696406250000000e+05,1.192229140625000000e+05,1.209099296875000000e+05,1.226106484375000000e+05,1.242804531250000000e+05,1.258408203125000000e+05,1.271894921875000000e+05,1.291185859375000000e+05,1.325100000000000000e+05,1.355344062500000000e+05,1.378117031250000000e+05,1.388303437500000000e+05,1.379175781250000000e+05,1.341590312500000000e+05,1.262220703125000000e+05,1.129121015625000000e+05,9.354267968750000000e+04,6.745960156250000000e+04,3.596551953125000000e+04
6.361605500000000000e+06,6.363027500000000000e+06,6.366632500000000000e+06,6.371221500000000000e+06,6.375379500000000000e+06,6.377551000000000000e+06,6.389212000000000000e+06,6.425307000000000000e+06,6.456699000000000000e+06,6.480534500000000000e+06,6.494337500000000000e+06,6.496102000000000000e+06,6.484502000000000000e+06,6.466225500000000000e+06,6.514901000000000000e+06,6.541378000000000000e+06,6.545196000000000000e+06,6.526110500000000000e+06,6.484007500000000000e+06,6.418757500000000000e+06,6.330202500000000000e+06,6.294474000000000000e+06,6.395456500000000000e+06,6.445973000000000000e+06,6.444567500000000000e+06,6.389401000000000000e+06,6.278195000000000000e+06,6.108286000000000000e+06,5.877004500000000000e+06,5.580998000000000000e+06,5.217760000000000000e+06,4.788187000000000000e+06,4.413815000000000000e+06,3.978251500000000000e+06,3.464136500000000000e+06,2.877293500000000000e+06,2.259773500000000000e+06,1.625517500000000000e+06,9.101754375000000000e+05,2.487655937500000000e+05,1.067579003906250000e+04
1.630585625000000000e+06,1.618648500000000000e+06,1.584881750000000000e+06,1.532463000000000000e+06,1.464709750000000000e+06,1.385059375000000000e+06,1.297026875000000000e+06,1.204206875000000000e+06,1.110781125000000000e+06,1.020917187500000000e+06,9.382254375000000000e+05,8.655485000000000000e+05,8.034219375000000000e+05,7.513936875000000000e+05,7.090900000000000000e+05,6.758263750000000000e+05,6.566081875000000000e+05,6.536079375000000000e+05,6.561895625000000000e+05,6.636885625000000000e+05,6.754094375000000000e+05,6.907516250000000000e+05,7.091861875000000000e+05,7.301440625000000000e+05,7.531300625000000000e+05,7.776265625000000000e+05,8.030810625000000000e+05,8.289263750000000000e+05,8.543541250000000000e+05,8.776926250000000000e+05,9.122065000000000000e+05,9.505693125000000000e+05,9.859165000000000000e+05,1.010394875000000000e+06,1.007092437500000000e+06,9.658365000000000000e+05,8.967493750000000000e+05,7.782187500000000000e+05,4.975144687500000000e+05,1.281674765625000000e+05,1.937472656250000000e+03
1.308451250000000000e+05,1.301550859375000000e+05,1.281902656250000000e+05,1.250880312500000000e+05,1.209773671875000000e+05,1.159987890625000000e+05,1.107012500000000000e+05,1.048634218750000000e+05,9.871616406250000000e+04,9.253839843750000000e+04,8.694755468750000000e+04,8.211435156250000000e+04,7.781923437500000000e+04,7.412027343750000000e+04,7.106586718750000000e+04,6.911774218750000000e+04,6.791452343750000000e+04,6.719050000000000000e+04,6.691075000000000000e+04,6.702369531250000000e+04,6.746988281250000000e+04,6.824147656250000000e+04,7.011092187500000000e+04,7.216527343750000000e+04,7.438111718750000000e+04,7.673376562500000000e+04,7.919937500000000000e+04,8.175896875000000000e+04,8.438166406250000000e+04,9.072512500000000000e+04,9.830570312500000000e+04,1.059169531250000000e+05,1.134008750000000000e+05,1.201210390625000000e+05,1.246559609375000000e+05,1.277130703125000000e+05,1.327445468750000000e+05,1.330636562500000000e+05,1.145045000000000000e+05,6.937253906250000000e+04,2.592848242187500000e+04
7.211741500000000000e+06,7.181200500000000000e+06,7.092414500000000000e+06,6.949576000000000000e+06,6.756940000000000000e+06,6.519000000000000000e+06,6.240632000000000000e+06,5.927491500000000000e+06,5.602833000000000000e+06,5.397002000000000000e+06,5.171724500000000000e+06,4.934856000000000000e+06,4.691437000000000000e+06,4.445439500000000000e+06,4.201445000000000000e+06,3.963099250000000000e+06,3.732384000000000000e+06,3.511122000000000000e+06,3.300120250000000000e+06,3.098710250000000000e+06,2.906001750000000000e+06,2.756102250000000000e+06,2.627372500000000000e+06,2.499894250000000000e+06,2.371307250000000000e+06,2.239406000000000000e+06,2.102386000000000000e+06,1.959002500000000000e+06,1.808315625000000000e+06,1.649950125000000000e+06,1.483987000000000000e+06,1.311540250000000000e+06,1.134594000000000000e+06,9.547067500000000000e+05,7.729679375000000000e+05,5.943454375000000000e+05,4.301415625000000000e+05,2.846433750000000000e+05,1.477672031250000000e+05,3.972725781250000000e+04,3.389063476562500000e+03
7.009446875000000000e+04,7.013911718750000000e+04,7.023944531250000000e+04,7.034058593750000000e+04,7.046363281250000000e+04,7.053909375000000000e+04,7.044863281250000000e+04,7.013750781250000000e+04,6.961289062500000000e+04,6.891839062500000000e+04,6.809974218750000000e+04,6.737850781250000000e+04,6.660891406250000000e+04,6.578192187500000000e+04,6.491194140625000000e+04,6.401341796875000000e+04,6.321508593750000000e+04,6.265489062500000000e+04,6.206726562500000000e+04,6.144767968750000000e+04,6.078973828125000000e+04,6.008113671875000000e+04,5.987871093750000000e+04,5.959798046875000000e+04,5.916085156250000000e+04,5.854066796875000000e+04,5.770747656250000000e+04,5.744342968750000000e+04,5.711149609375000000e+04,5.637914453125000000e+04,5.522109765625000000e+04,5.357834375000000000e+04,5.491197265625000000e+04,5.586901953125000000e+04,5.597418750000000000e+04,5.503224218750000000e+04,5.275907421875000000e+04,5.134803125000000000e+04,5.375823437500000000e+04,6.369487109375000000e+04,5.477366796875000000e+04
3.609574500000000000e+06,3.618964750000000000e+06,3.643161250000000000e+06,3.675974750000000000e+06,3.713992250000000000e+06,3.764683750000000000e+06,3.805056000000000000e+06,3.828360750000000000e+06,3.834457500000000000e+06,3.827021250000000000e+06,3.809742500000000000e+06,3.813268500000000000e+06,3.816048000000000000e+06,3.811352500000000000e+06,3.798897750000000000e+06,3.779328250000000000e+06,3.754258500000000000e+06,3.745116250000000000e+06,3.764781250000000000e+06,3.778989750000000000e+06,3.788739500000000000e+06,3.794690000000000000e+06,3.797132000000000000e+06,3.796069000000000000e+06,3.805621250000000000e+06,3.975911750000000000e+06,4.130000000000000000e+06,4.263489500000000000e+06,4.370407000000000000e+06,4.440771000000000000e+06,4.462578000000000000e+06,4.422941500000000000e+06,4.317158000000000000e+06,4.262009500000000000e+06,4.092302250000000000e+06,3.777076250000000000e+06,3.327696000000000000e+06,2.710215750000000000e+06,1.743921500000000000e+06,5.857868750000000000e+05,4.557199609375000000e+04
4.551279375000000000e+05,4.551074062500000000e+05,4.550203437500000000e+05,4.548183125000000000e+05,4.544420312500000000e+05,4.538246875000000000e+05,4.545536562500000000e+05,4.556716250000000000e+05,4.565306875000000000e+05,4.570596875000000000e+05,4.571999375000000000e+05,4.569053125000000000e+05,4.561253750000000000e+05,4.548157187500000000e+05,4.547667187500000000e+05,4.582945000000000000e+05,4.609097812500000000e+05,4.625575625000000000e+05,4.631839687500000000e+05,4.627234687500000000e+05,4.611129062500000000e+05,4.582683750000000000e+05,4.721730937500000000e+05,4.862086250000000000e+05,4.970410000000000000e+05,5.044017500000000000e+05,5.079814687500000000e+05,5.074225937500000000e+05,5.023616875000000000e+05,4.924381875000000000e+05,4.773082500000000000e+05,4.670884062500000000e+05,4.543377500000000000e+05,4.358695625000000000e+05,4.115673750000000000e+05,3.801100625000000000e+05,3.375935625000000000e+05,2.840937500000000000e+05,2.298382812500000000e+05,1.752057500000000000e+05,9.585931250000000000e+04
1.980467000000000000e+06,1.977611250000000000e+06,1.968942000000000000e+06,1.954236000000000000e+06,1.933219750000000000e+06,1.912285500000000000e+06,1.887268875000000000e+06,1.855504000000000000e+06,1.817384500000000000e+06,1.773890250000000000e+06,1.726087125000000000e+06,1.675084625000000000e+06,1.621818625000000000e+06,1.567178750000000000e+06,1.525291625000000000e+06,1.487820625000000000e+06,1.449755125000000000e+06,1.412058500000000000e+06,1.375579750000000000e+06,1.340966125000000000e+06,1.308824625000000000e+06,1.279586125000000000e+06,1.282033000000000000e+06,1.309768250000000000e+06,1.337430500000000000e+06,1.365457000000000000e+06,1.393990000000000000e+06,1.422783625000000000e+06,1.451099625000000000e+06,1.476583000000000000e+06,1.496106750000000000e+06,1.509756625000000000e+06,1.554187750000000000e+06,1.583646875000000000e+06,1.573270250000000000e+06,1.506943250000000000e+06,1.396373250000000000e+06,1.208842375000000000e+06,7.811126250000000000e+05,2.112491250000000000e+05,4.006112060546875000e+03
9.196152500000000000e+05,9.184253125000000000e+05,9.148115000000000000e+05,9.086397500000000000e+05,8.997191250000000000e+05,8.878417500000000000e+05,8.728190000000000000e+05,8.545440000000000000e+05,8.333191875000000000e+05,8.147678750000000000e+05,7.963868125000000000e+05,7.763418750000000000e+05,7.550882500000000000e+05,7.330760000000000000e+05,7.108281875000000000e+05,6.988148125000000000e+05,6.877381875000000000e+05,6.764805000000000000e+05,6.655391875000000000e+05,6.552835000000000000e+05,6.460463125000000000e+05,6.583413125000000000e+05,6.828874375000000000e+05,7.064258750000000000e+05,7.294190000000000000e+05,7.522078750000000000e+05,7.750491875000000000e+05,7.981312500000000000e+05,8.214061875000000000e+05,8.439998750000000000e+05,8.883495000000000000e+05,9.364439375000000000e+05,9.875266250000000000e+05,1.034595437500000000e+06,1.059340375000000000e+06,1.050775750000000000e+06,1.022300562500000000e+06,9.413991250000000000e+05,6.343887500000000000e+05,1.676476718750000000e+05,2.146782958984375000e+03
2.701128906250000000e+04,2.706904687500000000e+04,2.723372656250000000e+04,2.749121875000000000e+04,2.782639257812500000e+04,2.824961718750000000e+04,2.878891210937500000e+04,2.936714648437500000e+04,2.996968750000000000e+04,3.058494921875000000e+04,3.137911132812500000e+04,3.223618164062500000e+04,3.307608203125000000e+04,3.389367578125000000e+04,3.491150000000000000e+04,3.608944921875000000e+04,3.721314843750000000e+04,3.828341015625000000e+04,3.930132031250000000e+04,4.055879296875000000e+04,4.210798828125000000e+04,4.357112890625000000e+04,4.494758593750000000e+04,4.623342187500000000e+04,4.741603906250000000e+04,4.847788281250000000e+04,5.042698437500000000e+04,5.354443359375000000e+04,5.640943750000000000e+04,5.892488281250000000e+04,6.096904296875000000e+04,6.237431250000000000e+04,6.293796484375000000e+04,6.242411718750000000e+04,6.189678906250000000e+04,6.115878125000000000e+04,5.869538671875000000e+04,5.393173437500000000e+04,4.664885156250000000e+04,3.622210546875000000e+04,2.175454101562500000e+04
1.111640500000000000e+06,1.114161500000000000e+06,1.120537000000000000e+06,1.128763500000000000e+06,1.136688750000000000e+06,1.145593000000000000e+06,1.151735875000000000e+06,1.151571125000000000e+06,1.145290500000000000e+06,1.143202000000000000e+06,1.135275500000000000e+06,1.122592250000000000e+06,1.113778250000000000e+06,1.107682750000000000e+06,1.095386000000000000e+06,1.077465875000000000e+06,1.062263375000000000e+06,1.053919625000000000e+06,1.038346937500000000e+06,1.016277812500000000e+06,9.883143125000000000e+05,9.550095000000000000e+05,9.321826875000000000e+05,9.303838125000000000e+05,9.175212500000000000e+05,8.945215000000000000e+05,8.622243125000000000e+05,8.214189375000000000e+05,7.729012500000000000e+05,7.174825625000000000e+05,6.560390625000000000e+05,5.960338125000000000e+05,5.422449375000000000e+05,4.843344062500000000e+05,4.226171562500000000e+05,3.574030937500000000e+05,2.893092187500000000e+05,2.200369375000000000e+05,1.513100468750000000e+05,8.545358593750000000e+04,3.415642578125000000e+04
6.268526250000000000e+05,6.268782500000000000e+05,6.266872500000000000e+05,6.258550625000000000e+05,6.239437500000000000e+05,6.205218750000000000e+05,6.151829375000000000e+05,6.076026875000000000e+05,5.979290625000000000e+05,5.865768125000000000e+05,5.739561250000000000e+05,5.604468125000000000e+05,5.462743125000000000e+05,5.315954375000000000e+05,5.165737812500000000e+05,5.013739062500000000e+05,4.938145625000000000e+05,4.903300312500000000e+05,4.863941562500000000e+05,4.820452187500000000e+05,4.773162500000000000e+05,4.721890937500000000e+05,4.665951562500000000e+05,4.604461562500000000e+05,4.535746250000000000e+05,4.457799687500000000e+05,4.368100937500000000e+05,4.263460625000000000e+05,4.140625937500000000e+05,4.001406562500000000e+05,3.923965312500000000e+05,3.824727812500000000e+05,3.695097500000000000e+05,3.530473750000000000e+05,3.332101562500000000e+05,3.088220312500000000e+05,2.759239687500000000e+05,2.345100312500000000e+05,1.952628281250000000e+05,1.584703437500000000e+05,9.309224218750000000e+04
3.717813500000000000e+06,3.725394000000000000e+06,3.745726000000000000e+06,3.774975500000000000e+06,3.811566500000000000e+06,3.857195750000000000e+06,3.900112000000000000e+06,3.935717750000000000e+06,3.960510750000000000e+06,3.971853500000000000e+06,3.990371250000000000e+06,3.991575250000000000e+06,3.973188000000000000e+06,3.936858250000000000e+06,3.884347500000000000e+06,3.818925500000000000e+06,3.768862750000000000e+06,3.704846250000000000e+06,3.628780500000000000e+06,3.541932000000000000e+06,3.445331250000000000e+06,3.339394500000000000e+06,3.224046250000000000e+06,3.113180000000000000e+06,3.016292000000000000e+06,2.904646500000000000e+06,2.777479750000000000e+06,2.634096000000000000e+06,2.474070750000000000e+06,2.297320250000000000e+06,2.171144250000000000e+06,2.074377500000000000e+06,1.936456500000000000e+06,1.758683125000000000e+06,1.543814750000000000e+06,1.296851375000000000e+06,1.077300750000000000e+06,8.507064375000000000e+05,6.065185625000000000e+05,3.465066562500000000e+05,1.214264062500000000e+05
2.579808000000000000e+06,2.585018750000000000e+06,2.599164250000000000e+06,2.619951250000000000e+06,2.645038000000000000e+06,2.672073750000000000e+06,2.707076250000000000e+06,2.743058500000000000e+06,2.776204750000000000e+06,2.807427500000000000e+06,2.837711250000000000e+06,2.868006500000000000e+06,2.898573500000000000e+06,2.941514250000000000e+06,2.996134250000000000e+06,3.050452000000000000e+06,3.104854500000000000e+06,3.159745000000000000e+06,3.215298750000000000e+06,3.271331250000000000e+06,3.344647000000000000e+06,3.445188750000000000e+06,3.544048250000000000e+06,3.639919250000000000e+06,3.730423000000000000e+06,3.812579250000000000e+06,3.882450500000000000e+06,3.967820500000000000e+06,4.209726000000000000e+06,4.415427000000000000e+06,4.568498500000000000e+06,4.650588000000000000e+06,4.642421500000000000e+06,4.513724000000000000e+06,4.280780500000000000e+06,4.006308500000000000e+06,3.586354500000000000e+06,2.975233500000000000e+06,1.957519625000000000e+06,6.713155625000000000e+05,4.897282421875000000e+04
6.322056250000000000e+05,6.360678750000000000e+05,6.465481250000000000e+05,6.619745000000000000e+05,6.829999375000000000e+05,7.058023125000000000e+05,7.283718125000000000e+05,7.488451250000000000e+05,7.695100000000000000e+05,7.883542500000000000e+05,8.053890625000000000e+05,8.209866875000000000e+05,8.399684375000000000e+05,8.578810625000000000e+05,8.722681250000000000e+05,8.826140625000000000e+05,8.969400000000000000e+05,9.093774375000000000e+05,9.162176875000000000e+05,9.172391250000000000e+05,9.138580625000000000e+05,9.195400000000000000e+05,9.170285000000000000e+05,9.063338750000000000e+05,8.875272500000000000e+05,8.607483125000000000e+05,8.448261250000000000e+05,8.469398750000000000e+05,8.341153125000000000e+05,8.065646250000000000e+05,7.647353125000000000e+05,7.095185625000000000e+05,6.423155625000000000e+05,5.719833125000000000e+05,5.055290625000000000e+05,4.297553125000000000e+05,3.479303750000000000e+05,2.618450000000000000e+05,1.664042500000000000e+05,7.079809375000000000e+04,1.680358593750000000e+04
8.945534375000000000e+04,8.928789843750000000e+04,8.879407812500000000e+04,8.797236718750000000e+04,8.681099218750000000e+04,8.530108593750000000e+04,8.373232031250000000e+04,8.180943750000000000e+04,7.958280468750000000e+04,7.714415625000000000e+04,7.509171875000000000e+04,7.312765625000000000e+04,7.117157031250000000e+04,6.927650781250000000e+04,6.836553125000000000e+04,6.754800781250000000e+04,6.679065625000000000e+04,6.612173437500000000e+04,6.622804687500000000e+04,6.689211718750000000e+04,6.748923437500000000e+04,6.801387500000000000e+04,6.844978125000000000e+04,6.877114062500000000e+04,7.069842187500000000e+04,7.409449218750000000e+04,7.706206250000000000e+04,7.957120312500000000e+04,8.158753906250000000e+04,8.309970312500000000e+04,8.409500781250000000e+04,8.445435156250000000e+04,8.434260937500000000e+04,8.606910156250000000e+04,8.829058593750000000e+04,9.077505468750000000e+04,9.075671875000000000e+04,8.793923437500000000e+04,9.317420312500000000e+04,1.118057890625000000e+05,9.268536718750000000e+04
8.428076875000000000e+05,8.426585000000000000e+05,8.421235625000000000e+05,8.410306250000000000e+05,8.391680000000000000e+05,8.374931250000000000e+05,8.352246875000000000e+05,8.316100000000000000e+05,8.266285625000000000e+05,8.204343125000000000e+05,8.132249375000000000e+05,8.067165625000000000e+05,8.030599375000000000e+05,7.987174375000000000e+05,7.938788750000000000e+05,7.887653125000000000e+05,7.861271250000000000e+05,7.897362500000000000e+05,7.931213125000000000e+05,7.964935625000000000e+05,8.000635000000000000e+05,8.058933750000000000e+05,8.243656875000000000e+05,8.424726250000000000e+05,8.602041875000000000e+05,8.774431250000000000e+05,8.939017500000000000e+05,9.220619375000000000e+05,9.891033750000000000e+05,1.051004750000000000e+06,1.104953875000000000e+06,1.147641125000000000e+06,1.175283250000000000e+06,1.178490250000000000e+06,1.162601500000000000e+06,1.127421750000000000e+06,1.056155375000000000e+06,9.247831875000000000e+05,6.190959375000000000e+05,1.917887187500000000e+05,9.181102539062500000e+03
5.800882500000000000e+06,5.797462500000000000e+06,5.786446000000000000e+06,5.766528000000000000e+06,5.736270000000000000e+06,5.694208000000000000e+06,5.649880000000000000e+06,5.621752000000000000e+06,5.580160500000000000e+06,5.525973000000000000e+06,5.460370000000000000e+06,5.384827000000000000e+06,5.301075500000000000e+06,5.211046000000000000e+06,5.116837500000000000e+06,5.020727000000000000e+06,4.925082000000000000e+06,4.832239000000000000e+06,4.805816500000000000e+06,4.861351500000000000e+06,4.917085500000000000e+06,4.975393000000000000e+06,5.038133000000000000e+06,5.106850500000000000e+06,5.181795000000000000e+06,5.262597500000000000e+06,5.347773000000000000e+06,5.434261000000000000e+06,5.517401500000000000e+06,5.587068000000000000e+06,5.630672000000000000e+06,5.773116500000000000e+06,5.891715000000000000e+06,5.941687500000000000e+06,5.845218500000000000e+06,5.548669500000000000e+06,5.073185000000000000e+06,4.326394000000000000e+06,2.886644000000000000e+06,1.005497687500000000e+06,9.610023437500000000e+04
1.943162500000000000e+06,1.941327875000000000e+06,1.935719500000000000e+06,1.926143000000000000e+06,1.912374250000000000e+06,1.894182125000000000e+06,1.871350875000000000e+06,1.843738125000000000e+06,1.818266250000000000e+06,1.819416375000000000e+06,1.816891875000000000e+06,1.810726125000000000e+06,1.801058750000000000e+06,1.788141625000000000e+06,1.772347250000000000e+06,1.754224000000000000e+06,1.734478125000000000e+06,1.713862875000000000e+06,1.693097500000000000e+06,1.672814375000000000e+06,1.653627875000000000e+06,1.635993000000000000e+06,1.620211000000000000e+06,1.606493625000000000e+06,1.594660000000000000e+06,1.597891375000000000e+06,1.616419375000000000e+06,1.638189000000000000e+06,1.662014625000000000e+06,1.685058375000000000e+06,1.703688250000000000e+06,1.713698375000000000e+06,1.710120750000000000e+06,1.680919375000000000e+06,1.604603625000000000e+06,1.469640000000000000e+06,1.289498500000000000e+06,1.047774000000000000e+06,6.455907500000000000e+05,1.803193281250000000e+05,7.148294433593750000e+03
1.140799250000000000e+06,1.139182000000000000e+06,1.134735250000000000e+06,1.128011250000000000e+06,1.119505875000000000e+06,1.109679875000000000e+06,1.098979625000000000e+06,1.088692625000000000e+06,1.080510125000000000e+06,1.073104250000000000e+06,1.067119250000000000e+06,1.063249875000000000e+06,1.061787750000000000e+06,1.067350875000000000e+06,1.077854875000000000e+06,1.090840375000000000e+06,1.106132625000000000e+06,1.123541125000000000e+06,1.152160250000000000e+06,1.185280125000000000e+06,1.218881000000000000e+06,1.252379750000000000e+06,1.285071875000000000e+06,1.327796500000000000e+06,1.378897500000000000e+06,1.425304750000000000e+06,1.465344875000000000e+06,1.496948625000000000e+06,1.517627125000000000e+06,1.581078500000000000e+06,1.659051250000000000e+06,1.707165125000000000e+06,1.718296250000000000e+06,1.680162625000000000e+06,1.573679875000000000e+06,1.420429125000000000e+06,1.256674125000000000e+06,1.029155250000000000e+06,6.388332500000000000e+05,1.684838906250000000e+05,1.958076660156250000e+03
1.128699125000000000e+06,1.120905250000000000e+06,1.098600500000000000e+06,1.063337875000000000e+06,1.024391500000000000e+06,1.002641687500000000e+06,9.701265625000000000e+05,9.270688750000000000e+05,8.764666250000000000e+05,8.225880000000000000e+05,7.695930625000000000e+05,7.211061875000000000e+05,6.781430625000000000e+05,6.404401250000000000e+05,6.076870625000000000e+05,5.793899375000000000e+05,5.606331250000000000e+05,5.472155000000000000e+05,5.354481250000000000e+05,5.245156250000000000e+05,5.135919062500000000e+05,5.020292812500000000e+05,4.893466562500000000e+05,4.750923125000000000e+05,4.589588125000000000e+05,4.407002812500000000e+05,4.201411250000000000e+05,3.972033437500000000e+05,3.718525625000000000e+05,3.441065000000000000e+05,3.140522187500000000e+05,2.819437187500000000e+05,2.481834687500000000e+05,2.130603593750000000e+05,1.767365937500000000e+05,1.401805312500000000e+05,1.057048593750000000e+05,7.416029687500000000e+04,4.310051171875000000e+04,1.619871972656250000e+04,4.237991699218750000e+03
1.513747375000000000e+06,1.513552875000000000e+06,1.512594875000000000e+06,1.510255625000000000e+06,1.505861500000000000e+06,1.498708500000000000e+06,1.488086625000000000e+06,1.473345875000000000e+06,1.454295375000000000e+06,1.431037875000000000e+06,1.403723625000000000e+06,1.379121375000000000e+06,1.358822375000000000e+06,1.333960750000000000e+06,1.304543250000000000e+06,1.270712000000000000e+06,1.232728250000000000e+06,1.190927625000000000e+06,1.145674625000000000e+06,1.097329375000000000e+06,1.086996000000000000e+06,1.071706250000000000e+06,1.048373687500000000e+06,1.017526062500000000e+06,9.797219375000000000e+05,9.355416875000000000e+05,8.855768750000000000e+05,8.304233750000000000e+05,7.707056875000000000e+05,7.071226875000000000e+05,6.573130000000000000e+05,6.041770625000000000e+05,5.476050000000000000e+05,4.877757187500000000e+05,4.251740937500000000e+05,3.599914375000000000e+05,2.921684062500000000e+05,2.234361406250000000e+05,1.573504531250000000e+05,9.541472656250000000e+04,4.208176171875000000e+04
1.228615781250000000e+05,1.231205390625000000e+05,1.238247656250000000e+05,1.248582421875000000e+05,1.260984218750000000e+05,1.277846171875000000e+05,1.298193125000000000e+05,1.317172812500000000e+05,1.333959531250000000e+05,1.348178593750000000e+05,1.367609531250000000e+05,1.392204843750000000e+05,1.412683125000000000e+05,1.428748750000000000e+05,1.440246562500000000e+05,1.469098437500000000e+05,1.497379375000000000e+05,1.519787031250000000e+05,1.537040781250000000e+05,1.549973437500000000e+05,1.559411875000000000e+05,1.637393593750000000e+05,1.716564843750000000e+05,1.789087968750000000e+05,1.856051718750000000e+05,1.918364062500000000e+05,1.976538750000000000e+05,2.030537343750000000e+05,2.079722968750000000e+05,2.121374843750000000e+05,2.202140156250000000e+05,2.287928281250000000e+05,2.365880312500000000e+05,2.420694062500000000e+05,2.421758906250000000e+05,2.346278593750000000e+05,2.198832343750000000e+05,1.936359531250000000e+05,1.369225781250000000e+05,5.567289453125000000e+04,1.035855371093750000e+04
5.982232812500000000e+04,5.972533203125000000e+04,5.943573046875000000e+04,5.895436718750000000e+04,5.828125000000000000e+04,5.741658593750000000e+04,5.636164453125000000e+04,5.512159375000000000e+04,5.372521484375000000e+04,5.221458593750000000e+04,5.073884765625000000e+04,4.938480859375000000e+04,4.801658593750000000e+04,4.665757812500000000e+04,4.533205468750000000e+04,4.406109375000000000e+04,4.286095312500000000e+04,4.174781640625000000e+04,4.073239843750000000e+04,3.996278906250000000e+04,3.961179687500000000e+04,3.933345312500000000e+04,3.912153125000000000e+04,3.896773828125000000e+04,3.885491015625000000e+04,3.876169921875000000e+04,3.865986328125000000e+04,3.956385546875000000e+04,4.126251953125000000e+04,4.276325390625000000e+04,4.398380078125000000e+04,4.480537890625000000e+04,4.508156250000000000e+04,4.468046484375000000e+04,4.427016406250000000e+04,4.431624609375000000e+04,4.323898437500000000e+04,4.065958593750000000e+04,3.758992968750000000e+04,3.386560937500000000e+04,2.341015429687500000e+04
4.075000250000000000e+06,4.064450250000000000e+06,4.033761750000000000e+06,3.984120250000000000e+06,3.916527250000000000e+06,3.831980750000000000e+06,3.737752750000000000e+06,3.631721750000000000e+06,3.514870250000000000e+06,3.392057000000000000e+06,3.268252000000000000e+06,3.148249750000000000e+06,3.045272000000000000e+06,2.957933000000000000e+06,2.879432750000000000e+06,2.811369250000000000e+06,2.754430750000000000e+06,2.723087250000000000e+06,2.718482500000000000e+06,2.723248000000000000e+06,2.737231000000000000e+06,2.760043500000000000e+06,2.801809000000000000e+06,2.889149250000000000e+06,2.981218500000000000e+06,3.077376000000000000e+06,3.177015500000000000e+06,3.279764750000000000e+06,3.461536000000000000e+06,3.776262000000000000e+06,4.088466500000000000e+06,4.395756000000000000e+06,4.697562000000000000e+06,4.961233000000000000e+06,5.101536000000000000e+06,5.293459000000000000e+06,5.464408500000000000e+06,5.414281500000000000e+06,4.100125250000000000e+06,1.466632875000000000e+06,1.006925078125000000e+05
1.727656250000000000e+06,1.726230625000000000e+06,1.721816750000000000e+06,1.714108750000000000e+06,1.704264250000000000e+06,1.692124375000000000e+06,1.675738250000000000e+06,1.654682875000000000e+06,1.629315125000000000e+06,1.600485125000000000e+06,1.569135000000000000e+06,1.541996000000000000e+06,1.516572625000000000e+06,1.489739375000000000e+06,1.461846625000000000e+06,1.433149000000000000e+06,1.407194000000000000e+06,1.390924500000000000e+06,1.372379625000000000e+06,1.351275875000000000e+06,1.327282500000000000e+06,1.299961250000000000e+06,1.281103000000000000e+06,1.264402125000000000e+06,1.240289750000000000e+06,1.208178375000000000e+06,1.167529000000000000e+06,1.117907125000000000e+06,1.080874625000000000e+06,1.068652125000000000e+06,1.036475750000000000e+06,9.840003125000000000e+05,9.116198750000000000e+05,8.199310625000000000e+05,7.095684375000000000e+05,6.105215000000000000e+05,5.038755937500000000e+05,3.874763437500000000e+05,2.527352500000000000e+05,1.103339062500000000e+05,2.487574023437500000e+04
5.238594062500000000e+05,5.234850937500000000e+05,5.221423750000000000e+05,5.194706562500000000e+05,5.174331250000000000e+05,5.153926875000000000e+05,5.108335937500000000e+05,5.033106875000000000e+05,4.933568125000000000e+05,4.820135937500000000e+05,4.702705937500000000e+05,4.589727812500000000e+05,4.482658437500000000e+05,4.379744062500000000e+05,4.279418750000000000e+05,4.180301562500000000e+05,4.081060937500000000e+05,4.091896562500000000e+05,4.099440937500000000e+05,4.094844687500000000e+05,4.075734375000000000e+05,4.040198750000000000e+05,3.986780312500000000e+05,3.914137187500000000e+05,3.821392500000000000e+05,3.707952187500000000e+05,3.573519687500000000e+05,3.418178437500000000e+05,3.242431250000000000e+05,3.093356875000000000e+05,2.955419687500000000e+05,2.801441250000000000e+05,2.628668437500000000e+05,2.438738437500000000e+05,2.238907343750000000e+05,2.025172031250000000e+05,1.770442812500000000e+05,1.480850937500000000e+05,1.248929843750000000e+05,1.080041015625000000e+05,6.865537500000000000e+04
7.459841500000000000e+06,7.417068500000000000e+06,7.295573500000000000e+06,7.105843500000000000e+06,6.858554500000000000e+06,6.564435000000000000e+06,6.234150500000000000e+06,5.878332000000000000e+06,5.508769000000000000e+06,5.137556500000000000e+06,4.776036500000000000e+06,4.542806000000000000e+06,4.334574000000000000e+06,4.135606500000000000e+06,3.947808500000000000e+06,3.771802000000000000e+06,3.606202750000000000e+06,3.449601500000000000e+06,3.300133500000000000e+06,3.155155500000000000e+06,3.011976000000000000e+06,2.868269500000000000e+06,2.722032750000000000e+06,2.571459750000000000e+06,2.458374750000000000e+06,2.341423750000000000e+06,2.215760250000000000e+06,2.080637000000000000e+06,1.935616250000000000e+06,1.780873125000000000e+06,1.616965875000000000e+06,1.445038125000000000e+06,1.266816250000000000e+06,1.084197375000000000e+06,8.991228125000000000e+05,7.151891875000000000e+05,5.394400000000000000e+05,3.770730625000000000e+05,2.253773750000000000e+05,9.563390625000000000e+04,2.505727343750000000e+04
3.883866500000000000e+06,3.882115500000000000e+06,3.876352750000000000e+06,3.865471500000000000e+06,3.848056000000000000e+06,3.822555000000000000e+06,3.787438250000000000e+06,3.741422000000000000e+06,3.684456750000000000e+06,3.632881250000000000e+06,3.579469500000000000e+06,3.517180750000000000e+06,3.447579000000000000e+06,3.372503250000000000e+06,3.324177750000000000e+06,3.278064000000000000e+06,3.228545750000000000e+06,3.178119250000000000e+06,3.129022000000000000e+06,3.108145750000000000e+06,3.113203750000000000e+06,3.119196250000000000e+06,3.127757750000000000e+06,3.140170250000000000e+06,3.156957750000000000e+06,3.178220750000000000e+06,3.319137250000000000e+06,3.504823250000000000e+06,3.689762000000000000e+06,3.869113500000000000e+06,4.035481250000000000e+06,4.180293500000000000e+06,4.293504500000000000e+06,4.341154000000000000e+06,4.415190000000000000e+06,4.364017000000000000e+06,4.195161000000000000e+06,3.792537750000000000e+06,2.619003250000000000e+06,8.298357500000000000e+05,3.451174218750000000e+04
6.124413750000000000e+05,6.132618125000000000e+05,6.156271875000000000e+05,6.193945000000000000e+05,6.244216250000000000e+05,6.305671250000000000e+05,6.376895625000000000e+05,6.456528750000000000e+05,6.543802500000000000e+05,6.638303750000000000e+05,6.739624375000000000e+05,6.847338125000000000e+05,6.960847500000000000e+05,7.079468750000000000e+05,7.202511875000000000e+05,7.333288125000000000e+05,7.534135000000000000e+05,7.740035625000000000e+05,7.950350000000000000e+05,8.164388750000000000e+05,8.381399375000000000e+05,8.600315000000000000e+05,8.819733750000000000e+05,9.037855000000000000e+05,9.251251875000000000e+05,9.639549375000000000e+05,1.023672937500000000e+06,1.082197000000000000e+06,1.138010875000000000e+06,1.188314625000000000e+06,1.229548375000000000e+06,1.257677000000000000e+06,1.268247375000000000e+06,1.251797375000000000e+06,1.237802250000000000e+06,1.180650875000000000e+06,1.084037375000000000e+06,9.280043750000000000e+05,6.167156250000000000e+05,2.019305937500000000e+05,1.403964941406250000e+04
6.715271500000000000e+06,6.711690000000000000e+06,6.698892500000000000e+06,6.673574500000000000e+06,6.632273500000000000e+06,6.571542000000000000e+06,6.488116500000000000e+06,6.379374500000000000e+06,6.386507500000000000e+06,6.376935000000000000e+06,6.344849500000000000e+06,6.291843500000000000e+06,6.217307500000000000e+06,6.119989500000000000e+06,5.999371000000000000e+06,5.855983000000000000e+06,5.691317500000000000e+06,5.507280000000000000e+06,5.305755500000000000e+06,5.088378000000000000e+06,4.856961000000000000e+06,4.631807000000000000e+06,4.462453000000000000e+06,4.282037500000000000e+06,4.089558250000000000e+06,3.884074750000000000e+06,3.664793250000000000e+06,3.431104000000000000e+06,3.182683750000000000e+06,2.919385250000000000e+06,2.641593250000000000e+06,2.350957250000000000e+06,2.050322625000000000e+06,1.741948875000000000e+06,1.427498000000000000e+06,1.114828250000000000e+06,8.217950625000000000e+05,5.563349375000000000e+05,3.049748125000000000e+05,9.973401562500000000e+04,1.474804980468750000e+04
3.556187812500000000e+05,3.565749687500000000e+05,3.591637500000000000e+05,3.629462500000000000e+05,3.674661562500000000e+05,3.722595937500000000e+05,3.770600937500000000e+05,3.823042812500000000e+05,3.868405000000000000e+05,3.907823437500000000e+05,3.942559687500000000e+05,3.980904062500000000e+05,4.037234062500000000e+05,4.088464687500000000e+05,4.133969375000000000e+05,4.173782187500000000e+05,4.251608125000000000e+05,4.331796875000000000e+05,4.405598750000000000e+05,4.473873437500000000e+05,4.547854062500000000e+05,4.694273437500000000e+05,4.832947500000000000e+05,4.965142812500000000e+05,5.091669062500000000e+05,5.213034375000000000e+05,5.511023750000000000e+05,5.944305625000000000e+05,6.364611875000000000e+05,6.763958750000000000e+05,7.130365000000000000e+05,7.451499375000000000e+05,7.714038125000000000e+05,8.074683125000000000e+05,8.358227500000000000e+05,8.387913750000000000e+05,8.205116875000000000e+05,7.564754375000000000e+05,5.305384375000000000e+05,1.695008437500000000e+05,8.483452148437500000e+03
4.999604687500000000e+05,5.009604375000000000e+05,5.034889062500000000e+05,5.067971562500000000e+05,5.101008125000000000e+05,5.126056875000000000e+05,5.199672812500000000e+05,5.254773750000000000e+05,5.281138750000000000e+05,5.278062500000000000e+05,5.245456875000000000e+05,5.183724062500000000e+05,5.093170937500000000e+05,5.192527187500000000e+05,5.254528750000000000e+05,5.257967500000000000e+05,5.208016875000000000e+05,5.110630625000000000e+05,4.972124062500000000e+05,4.798898125000000000e+05,4.597190000000000000e+05,4.372716250000000000e+05,4.130601250000000000e+05,3.882935000000000000e+05,3.682333437500000000e+05,3.471319062500000000e+05,3.251312500000000000e+05,3.023321875000000000e+05,2.788282500000000000e+05,2.546688437500000000e+05,2.299102343750000000e+05,2.046718906250000000e+05,1.791335937500000000e+05,1.533783125000000000e+05,1.273784140625000000e+05,1.016083906250000000e+05,7.743798437500000000e+04,5.530196484375000000e+04,3.331650781250000000e+04,1.366185546875000000e+04,4.313690917968750000e+03
1.767009125000000000e+06,1.765602625000000000e+06,1.760676375000000000e+06,1.755059750000000000e+06,1.745757625000000000e+06,1.729795000000000000e+06,1.705558125000000000e+06,1.671899625000000000e+06,1.629735250000000000e+06,1.581128500000000000e+06,1.533423750000000000e+06,1.491189875000000000e+06,1.446478375000000000e+06,1.400060375000000000e+06,1.352869625000000000e+06,1.305912000000000000e+06,1.269396125000000000e+06,1.244603125000000000e+06,1.220336125000000000e+06,1.197320500000000000e+06,1.176229125000000000e+06,1.157556375000000000e+06,1.145333625000000000e+06,1.191417375000000000e+06,1.236095750000000000e+06,1.280033375000000000e+06,1.323629750000000000e+06,1.366976375000000000e+06,1.409733750000000000e+06,1.450334250000000000e+06,1.486537875000000000e+06,1.561579375000000000e+06,1.640157125000000000e+06,1.709812625000000000e+06,1.748640375000000000e+06,1.738159750000000000e+06,1.676169375000000000e+06,1.521726000000000000e+06,1.116337000000000000e+06,4.837025937500000000e+05,8.772356250000000000e+04
4.884665500000000000e+06,4.874128500000000000e+06,4.850078000000000000e+06,4.809961000000000000e+06,4.752367000000000000e+06,4.676217500000000000e+06,4.581092000000000000e+06,4.472404000000000000e+06,4.378584000000000000e+06,4.269923000000000000e+06,4.151831250000000000e+06,4.039695250000000000e+06,3.970589750000000000e+06,3.899921500000000000e+06,3.833111000000000000e+06,3.774367000000000000e+06,3.730477250000000000e+06,3.747192750000000000e+06,3.770091250000000000e+06,3.800786500000000000e+06,3.840137250000000000e+06,3.888409500000000000e+06,3.945424000000000000e+06,4.010677500000000000e+06,4.083416250000000000e+06,4.269980000000000000e+06,4.525905500000000000e+06,4.794095000000000000e+06,5.074263500000000000e+06,5.361370000000000000e+06,5.647906000000000000e+06,5.927911500000000000e+06,6.195973500000000000e+06,6.406553500000000000e+06,6.688523500000000000e+06,6.841177500000000000e+06,6.893479000000000000e+06,6.620475500000000000e+06,4.878994000000000000e+06,1.677544375000000000e+06,8.720951562500000000e+04
5.926812500000000000e+06,5.920352000000000000e+06,5.899111500000000000e+06,5.859847500000000000e+06,5.799002500000000000e+06,5.713052500000000000e+06,5.598826500000000000e+06,5.454004000000000000e+06,5.288634000000000000e+06,5.126668000000000000e+06,4.936198500000000000e+06,4.720550000000000000e+06,4.484317500000000000e+06,4.232685000000000000e+06,3.970938250000000000e+06,3.704247250000000000e+06,3.467909000000000000e+06,3.237496000000000000e+06,3.007347750000000000e+06,2.780833750000000000e+06,2.560742500000000000e+06,2.348874500000000000e+06,2.146230250000000000e+06,1.953453375000000000e+06,1.770546375000000000e+06,1.646217500000000000e+06,1.537284875000000000e+06,1.424235625000000000e+06,1.307704875000000000e+06,1.188218875000000000e+06,1.066301375000000000e+06,9.425780625000000000e+05,8.179435625000000000e+05,7.011787500000000000e+05,6.021561250000000000e+05,5.027397500000000000e+05,4.026421562500000000e+05,3.031756875000000000e+05,2.053871406250000000e+05,1.109634296875000000e+05,3.926980468750000000e+04
8.907803000000000000e+06,8.898318000000000000e+06,8.869371000000000000e+06,8.819319000000000000e+06,8.745831000000000000e+06,8.646462000000000000e+06,8.519153000000000000e+06,8.362836500000000000e+06,8.179801500000000000e+06,7.975018000000000000e+06,7.754813000000000000e+06,7.526615000000000000e+06,7.297788500000000000e+06,7.075346500000000000e+06,6.866140000000000000e+06,6.675579500000000000e+06,6.507119000000000000e+06,6.363781500000000000e+06,6.247248000000000000e+06,6.157419000000000000e+06,6.096664000000000000e+06,6.125733500000000000e+06,6.184395500000000000e+06,6.272750000000000000e+06,6.390550500000000000e+06,6.537600500000000000e+06,6.714374000000000000e+06,6.922231000000000000e+06,7.161700000000000000e+06,7.427656000000000000e+06,7.713267500000000000e+06,8.019508500000000000e+06,8.352262000000000000e+06,8.654584000000000000e+06,8.772774000000000000e+06,8.631490000000000000e+06,8.380696000000000000e+06,7.740984500000000000e+06,5.162250500000000000e+06,1.270545000000000000e+06,3.041189941406250000e+03
3.557833750000000000e+06,3.563591000000000000e+06,3.579169000000000000e+06,3.610277000000000000e+06,3.649959250000000000e+06,3.693347500000000000e+06,3.736842500000000000e+06,3.776890750000000000e+06,3.810666500000000000e+06,3.835829500000000000e+06,3.874976500000000000e+06,3.913410500000000000e+06,3.935080000000000000e+06,3.938046000000000000e+06,3.920671250000000000e+06,3.882128250000000000e+06,3.867397750000000000e+06,3.838052000000000000e+06,3.781606750000000000e+06,3.699351250000000000e+06,3.592792750000000000e+06,3.463730750000000000e+06,3.314194000000000000e+06,3.189250250000000000e+06,3.129342500000000000e+06,3.034187250000000000e+06,2.906381000000000000e+06,2.748627500000000000e+06,2.563854750000000000e+06,2.355043500000000000e+06,2.125548000000000000e+06,1.879678875000000000e+06,1.639078125000000000e+06,1.423506000000000000e+06,1.197188250000000000e+06,9.633204375000000000e+05,7.331895625000000000e+05,5.127313125000000000e+05,2.884445937500000000e+05,8.859402343750000000e+04,7.861260253906250000e+03
1.143752125000000000e+06,1.141782250000000000e+06,1.135878875000000000e+06,1.126032875000000000e+06,1.112223625000000000e+06,1.094436625000000000e+06,1.072677875000000000e+06,1.048478937500000000e+06,1.025637625000000000e+06,9.994021250000000000e+05,9.700982500000000000e+05,9.381381250000000000e+05,9.041113125000000000e+05,8.686775000000000000e+05,8.324836250000000000e+05,7.961173125000000000e+05,7.600823750000000000e+05,7.248380000000000000e+05,6.907153125000000000e+05,6.578860000000000000e+05,6.264818750000000000e+05,5.964990625000000000e+05,5.815691875000000000e+05,5.692881875000000000e+05,5.566973750000000000e+05,5.435371250000000000e+05,5.294619375000000000e+05,5.140181875000000000e+05,4.967273437500000000e+05,4.770592500000000000e+05,4.544732500000000000e+05,4.283590000000000000e+05,3.981371875000000000e+05,3.739242500000000000e+05,3.474350625000000000e+05,3.162090312500000000e+05,2.777047500000000000e+05,2.316033437500000000e+05,1.829337187500000000e+05,1.314684218750000000e+05,6.778309375000000000e+04
1.099302250000000000e+06,1.102092750000000000e+06,1.114683000000000000e+06,1.132874500000000000e+06,1.154338500000000000e+06,1.176743875000000000e+06,1.197789750000000000e+06,1.215402875000000000e+06,1.229314625000000000e+06,1.240332375000000000e+06,1.249295125000000000e+06,1.256972625000000000e+06,1.274435500000000000e+06,1.320008625000000000e+06,1.362060000000000000e+06,1.400330000000000000e+06,1.435081750000000000e+06,1.466582375000000000e+06,1.494825875000000000e+06,1.519406125000000000e+06,1.539829500000000000e+06,1.555423375000000000e+06,1.565347875000000000e+06,1.568679875000000000e+06,1.564284500000000000e+06,1.550953750000000000e+06,1.543465750000000000e+06,1.539755500000000000e+06,1.525882875000000000e+06,1.499820500000000000e+06,1.459432125000000000e+06,1.402403500000000000e+06,1.326414000000000000e+06,1.229589750000000000e+06,1.110715750000000000e+06,9.688880625000000000e+05,8.044991250000000000e+05,6.224129375000000000e+05,4.297462187500000000e+05,2.371328750000000000e+05,8.498844531250000000e+04
6.838496875000000000e+05,6.854981250000000000e+05,6.899646250000000000e+05,6.964767500000000000e+05,7.042121250000000000e+05,7.123247500000000000e+05,7.225105625000000000e+05,7.315428125000000000e+05,7.388428125000000000e+05,7.441590625000000000e+05,7.508626250000000000e+05,7.573395000000000000e+05,7.611260625000000000e+05,7.623055625000000000e+05,7.640828125000000000e+05,7.693013750000000000e+05,7.718226250000000000e+05,7.721957500000000000e+05,7.709730625000000000e+05,7.691908750000000000e+05,7.781897500000000000e+05,7.860035625000000000e+05,7.931985625000000000e+05,8.002756875000000000e+05,8.075552500000000000e+05,8.152711875000000000e+05,8.274748125000000000e+05,8.784793125000000000e+05,9.297935000000000000e+05,9.805400000000000000e+05,1.029268000000000000e+06,1.074346125000000000e+06,1.113866000000000000e+06,1.139559125000000000e+06,1.165374125000000000e+06,1.175110000000000000e+06,1.159748000000000000e+06,1.084893000000000000e+06,7.899118750000000000e+05,2.865257500000000000e+05,2.453162890625000000e+04
6.389762000000000000e+06,6.354697500000000000e+06,6.255065000000000000e+06,6.099519000000000000e+06,5.896947500000000000e+06,5.656277000000000000e+06,5.386317500000000000e+06,5.095784000000000000e+06,4.794636500000000000e+06,4.493159000000000000e+06,4.200843500000000000e+06,3.925905000000000000e+06,3.672199750000000000e+06,3.441457000000000000e+06,3.235220000000000000e+06,3.053431000000000000e+06,2.894142750000000000e+06,2.755485500000000000e+06,2.655879750000000000e+06,2.572488250000000000e+06,2.499161250000000000e+06,2.432848250000000000e+06,2.370352500000000000e+06,2.308513750000000000e+06,2.244369500000000000e+06,2.175039500000000000e+06,2.097892500000000000e+06,2.045284375000000000e+06,2.031975500000000000e+06,1.995295000000000000e+06,1.932121875000000000e+06,1.839831500000000000e+06,1.716725750000000000e+06,1.562137625000000000e+06,1.376374250000000000e+06,1.211779250000000000e+06,1.027490812500000000e+06,8.180803125000000000e+05,5.832671250000000000e+05,3.289519062500000000e+05,1.149475390625000000e+05
1.630585625000000000e+06,1.618648500000000000e+06,1.584881750000000000e+06,1.532463000000000000e+06,1.464709750000000000e+06,1.385059375000000000e+06,1.297026875000000000e+06,1.204206875000000000e+06,1.110781125000000000e+06,1.020917187500000000e+06,9.382254375000000000e+05,8.655485000000000000e+05,8.034219375000000000e+05,7.513936875000000000e+05,7.090900000000000000e+05,6.758263750000000000e+05,6.566081875000000000e+05,6.536079375000000000e+05,6.561895625000000000e+05,6.636885625000000000e+05,6.754094375000000000e+05,6.907516250000000000e+05,7.091861875000000000e+05,7.301440625000000000e+05,7.531300625000000000e+05,7.776265625000000000e+05,8.030810625000000000e+05,8.289263750000000000e+05,8.543541250000000000e+05,8.776926250000000000e+05,9.122065000000000000e+05,9.505693125000000000e+05,9.859165000000000000e+05,1.010394875000000000e+06,1.007092437500000000e+06,9.658365000000000000e+05,8.967493750000000000e+05,7.782187500000000000e+05,4.975144687500000000e+05,1.281674765625000000e+05,1.937472656250000000e+03
1.201655875000000000e+06,1.196533500000000000e+06,1.182736875000000000e+06,1.165790000000000000e+06,1.141889000000000000e+06,1.111012000000000000e+06,1.073374000000000000e+06,1.029598437500000000e+06,9.816153750000000000e+05,9.320044375000000000e+05,8.832652500000000000e+05,8.376352500000000000e+05,7.960592500000000000e+05,7.902712500000000000e+05,7.859910625000000000e+05,7.833291250000000000e+05,7.826758125000000000e+05,7.843246875000000000e+05,7.883078125000000000e+05,7.942779375000000000e+05,8.017375625000000000e+05,8.100681875000000000e+05,8.185255000000000000e+05,8.348908125000000000e+05,8.588278750000000000e+05,8.816895000000000000e+05,9.020460000000000000e+05,9.183037500000000000e+05,9.286515000000000000e+05,9.307984375000000000e+05,9.222721250000000000e+05,9.007883750000000000e+05,8.642990000000000000e+05,8.093148125000000000e+05,7.307654375000000000e+05,6.287301875000000000e+05,5.130034375000000000e+05,3.853953125000000000e+05,2.273702968750000000e+05,7.244126562500000000e+04,8.682241210937500000e+03
3.864336500000000000e+06,3.853935500000000000e+06,3.824246000000000000e+06,3.777143000000000000e+06,3.714204750000000000e+06,3.636973000000000000e+06,3.547160750000000000e+06,3.446879750000000000e+06,3.346775250000000000e+06,3.256542000000000000e+06,3.166065000000000000e+06,3.079667000000000000e+06,2.998990250000000000e+06,2.941286500000000000e+06,2.905005250000000000e+06,2.871332750000000000e+06,2.839365500000000000e+06,2.807976250000000000e+06,2.795568500000000000e+06,2.804805500000000000e+06,2.803667500000000000e+06,2.790368750000000000e+06,2.763182500000000000e+06,2.720302250000000000e+06,2.660338750000000000e+06,2.702387750000000000e+06,2.718344750000000000e+06,2.697906250000000000e+06,2.640054750000000000e+06,2.544168500000000000e+06,2.410204500000000000e+06,2.239251250000000000e+06,2.033799250000000000e+06,1.843967375000000000e+06,1.638783875000000000e+06,1.403170750000000000e+06,1.144093125000000000e+06,8.670834375000000000e+05,5.640285625000000000e+05,2.593880312500000000e+05,6.624248437500000000e+04
5.613468000000000000e+06,5.611164500000000000e+06,5.603649000000000000e+06,5.589714500000000000e+06,5.567946500000000000e+06,5.576359500000000000e+06,5.699147500000000000e+06,5.816141000000000000e+06,5.923390000000000000e+06,6.019955500000000000e+06,6.105993000000000000e+06,6.182627000000000000e+06,6.250997000000000000e+06,6.312288500000000000e+06,6.368036500000000000e+06,6.420231000000000000e+06,6.471117500000000000e+06,6.559078000000000000e+06,6.729943000000000000e+06,6.911648500000000000e+06,7.104596500000000000e+06,7.309391500000000000e+06,7.526909500000000000e+06,7.758257000000000000e+06,8.004054500000000000e+06,8.264920500000000000e+06,8.541467000000000000e+06,8.834103000000000000e+06,9.141498000000000000e+06,9.453428000000000000e+06,9.756138000000000000e+06,1.003892400000000000e+07,1.029145200000000000e+07,1.043522900000000000e+07,1.029473100000000000e+07,9.782324000000000000e+06,9.036040000000000000e+06,7.822052500000000000e+06,4.917978500000000000e+06,1.184253500000000000e+06,6.051643554687500000e+03
3.597624000000000000e+06,3.581900500000000000e+06,3.536946750000000000e+06,3.466231750000000000e+06,3.373347000000000000e+06,3.261926750000000000e+06,3.135584750000000000e+06,2.997938750000000000e+06,2.853301750000000000e+06,2.706230250000000000e+06,2.560966500000000000e+06,2.421223500000000000e+06,2.288805250000000000e+06,2.164572000000000000e+06,2.049287750000000000e+06,1.942999000000000000e+06,1.844902500000000000e+06,1.754199250000000000e+06,1.681172875000000000e+06,1.636702125000000000e+06,1.593369750000000000e+06,1.549787500000000000e+06,1.504515750000000000e+06,1.456135875000000000e+06,1.403372125000000000e+06,1.345031625000000000e+06,1.280121500000000000e+06,1.207940875000000000e+06,1.127971375000000000e+06,1.039948437500000000e+06,9.439307500000000000e+05,8.407919375000000000e+05,7.490618125000000000e+05,6.537290000000000000e+05,5.508913750000000000e+05,4.425673750000000000e+05,3.365076875000000000e+05,2.350137968750000000e+05,1.272210312500000000e+05,3.277821093750000000e+04,1.646001586914062500e+03
2.127507500000000000e+06,2.129707250000000000e+06,2.135158000000000000e+06,2.141986750000000000e+06,2.148192750000000000e+06,2.151733250000000000e+06,2.150605500000000000e+06,2.182984750000000000e+06,2.253832750000000000e+06,2.314190500000000000e+06,2.361326000000000000e+06,2.393076250000000000e+06,2.408634500000000000e+06,2.408022500000000000e+06,2.391624500000000000e+06,2.360573500000000000e+06,2.316727000000000000e+06,2.264830000000000000e+06,2.239403000000000000e+06,2.205037500000000000e+06,2.162526500000000000e+06,2.112573000000000000e+06,2.055765750000000000e+06,1.992699375000000000e+06,1.923559375000000000e+06,1.848411375000000000e+06,1.767142250000000000e+06,1.679390375000000000e+06,1.584806000000000000e+06,1.482983500000000000e+06,1.373602000000000000e+06,1.256379750000000000e+06,1.131253125000000000e+06,9.988285625000000000e+05,8.604288125000000000e+05,7.174008125000000000e+05,5.714123750000000000e+05,4.269563750000000000e+05,2.910712812500000000e+05,1.692428906250000000e+05,7.089579687500000000e+04
5.869291500000000000e+06,5.854568500000000000e+06,5.810892000000000000e+06,5.738709500000000000e+06,5.638354000000000000e+06,5.510343500000000000e+06,5.355623500000000000e+06,5.215562500000000000e+06,5.161117000000000000e+06,5.086687500000000000e+06,4.999193000000000000e+06,4.905813000000000000e+06,4.810387500000000000e+06,4.715497000000000000e+06,4.624424000000000000e+06,4.540303000000000000e+06,4.465526500000000000e+06,4.402434500000000000e+06,4.352503000000000000e+06,4.342525500000000000e+06,4.409617500000000000e+06,4.496760500000000000e+06,4.602660500000000000e+06,4.725703000000000000e+06,4.863650500000000000e+06,5.013761000000000000e+06,5.172579500000000000e+06,5.335751000000000000e+06,5.497263000000000000e+06,5.645599000000000000e+06,5.766564500000000000e+06,5.845100000000000000e+06,5.864785000000000000e+06,5.781370000000000000e+06,5.514564000000000000e+06,5.029504000000000000e+06,4.393153000000000000e+06,3.548274250000000000e+06,2.128186250000000000e+06,5.457983125000000000e+05,1.290773535156250000e+04
2.569333593750000000e+04,2.578253125000000000e+04,2.602725976562500000e+04,2.639251562500000000e+04,2.690778125000000000e+04,2.748291796875000000e+04,2.807492773437500000e+04,2.864637500000000000e+04,2.919130273437500000e+04,2.979412500000000000e+04,3.043486718750000000e+04,3.108988281250000000e+04,3.175721484375000000e+04,3.249211328125000000e+04,3.341083984375000000e+04,3.431355078125000000e+04,3.519868359375000000e+04,3.610179687500000000e+04,3.742249218750000000e+04,3.869869531250000000e+04,3.992234375000000000e+04,4.108339453125000000e+04,4.269182031250000000e+04,4.452235937500000000e+04,4.620596093750000000e+04,4.771522656250000000e+04,4.901519531250000000e+04,5.139172265625000000e+04,5.538587500000000000e+04,5.886898828125000000e+04,6.172666796875000000e+04,6.379274218750000000e+04,6.486214453125000000e+04,6.479818359375000000e+04,6.633471093750000000e+04,6.705588281250000000e+04,6.572690625000000000e+04,6.182705859375000000e+04,5.794317578125000000e+04,5.424250000000000000e+04,3.825219921875000000e+04
7.995977500000000000e+05,7.997775625000000000e+05,8.002993750000000000e+05,8.011095625000000000e+05,8.021305000000000000e+05,8.032755000000000000e+05,8.044613125000000000e+05,8.056288750000000000e+05,8.068524375000000000e+05,8.083036250000000000e+05,8.132615000000000000e+05,8.197529375000000000e+05,8.269691875000000000e+05,8.349587500000000000e+05,8.437945625000000000e+05,8.535380625000000000e+05,8.666751250000000000e+05,8.857965625000000000e+05,9.057057500000000000e+05,9.264160000000000000e+05,9.479241875000000000e+05,9.702328750000000000e+05,9.933475000000000000e+05,1.026715625000000000e+06,1.066172875000000000e+06,1.106517625000000000e+06,1.147774500000000000e+06,1.190039125000000000e+06,1.233168625000000000e+06,1.275870875000000000e+06,1.395636625000000000e+06,1.516867875000000000e+06,1.639484625000000000e+06,1.750883375000000000e+06,1.816864000000000000e+06,1.817419625000000000e+06,1.883774750000000000e+06,1.880358250000000000e+06,1.396606875000000000e+06,4.182206562500000000e+05,5.307107421875000000e+03
4.152268250000000000e+06,4.150883750000000000e+06,4.146256750000000000e+06,4.137550250000000000e+06,4.123830000000000000e+06,4.104147500000000000e+06,4.077610750000000000e+06,4.043601250000000000e+06,4.003285750000000000e+06,3.958858500000000000e+06,3.913117250000000000e+06,3.874977000000000000e+06,3.837262250000000000e+06,3.799488750000000000e+06,3.761207750000000000e+06,3.721643500000000000e+06,3.679536500000000000e+06,3.633580000000000000e+06,3.601089000000000000e+06,3.560564000000000000e+06,3.509803750000000000e+06,3.446802000000000000e+06,3.369633500000000000e+06,3.287142500000000000e+06,3.209722500000000000e+06,3.109802500000000000e+06,2.986061000000000000e+06,2.837759250000000000e+06,2.682090500000000000e+06,2.533808750000000000e+06,2.351174500000000000e+06,2.136400500000000000e+06,1.893701000000000000e+06,1.738923125000000000e+06,1.548003125000000000e+06,1.293358500000000000e+06,1.004752125000000000e+06,7.335494375000000000e+05,4.403626562500000000e+05,1.356222031250000000e+05,6.589791015625000000e+03
1.818289125000000000e+06,1.819338375000000000e+06,1.821650250000000000e+06,1.823900500000000000e+06,1.824714875000000000e+06,1.833787125000000000e+06,1.842885625000000000e+06,1.846526750000000000e+06,1.844643375000000000e+06,1.838285500000000000e+06,1.828527000000000000e+06,1.816357750000000000e+06,1.802087625000000000e+06,1.785756875000000000e+06,1.767505250000000000e+06,1.779525750000000000e+06,1.824986250000000000e+06,1.866297625000000000e+06,1.903897750000000000e+06,1.938141875000000000e+06,1.969432125000000000e+06,1.998171000000000000e+06,2.024724125000000000e+06,2.049384875000000000e+06,2.072104125000000000e+06,2.092648625000000000e+06,2.150366250000000000e+06,2.217443750000000000e+06,2.285458250000000000e+06,2.350532000000000000e+06,2.407631500000000000e+06,2.450479750000000000e+06,2.471469250000000000e+06,2.454676750000000000e+06,2.373137000000000000e+06,2.209821750000000000e+06,1.973460000000000000e+06,1.641570000000000000e+06,1.103636500000000000e+06,4.497020312500000000e+05,8.490524218750000000e+04
2.971261500000000000e+06,2.971387750000000000e+06,2.971313500000000000e+06,2.970775750000000000e+06,2.972169000000000000e+06,2.971337750000000000e+06,2.966910500000000000e+06,2.957508250000000000e+06,2.942008000000000000e+06,2.919567500000000000e+06,2.892026000000000000e+06,2.863360000000000000e+06,2.826016250000000000e+06,2.780076250000000000e+06,2.725835000000000000e+06,2.666938000000000000e+06,2.613581250000000000e+06,2.551645250000000000e+06,2.481831250000000000e+06,2.404770500000000000e+06,2.321072000000000000e+06,2.249933250000000000e+06,2.173696750000000000e+06,2.089021125000000000e+06,1.996243625000000000e+06,1.895643625000000000e+06,1.792467750000000000e+06,1.705697750000000000e+06,1.606799625000000000e+06,1.496234375000000000e+06,1.374634875000000000e+06,1.242900375000000000e+06,1.167664375000000000e+06,1.083494625000000000e+06,9.719290625000000000e+05,8.354635000000000000e+05,6.787356250000000000e+05,5.478756250000000000e+05,4.112039687500000000e+05,2.660470312500000000e+05,1.139068828125000000e+05
1.473219250000000000e+06,1.479446125000000000e+06,1.496714375000000000e+06,1.522943875000000000e+06,1.556066500000000000e+06,1.593987000000000000e+06,1.634552750000000000e+06,1.675700625000000000e+06,1.717037000000000000e+06,1.759211500000000000e+06,1.802911500000000000e+06,1.848749875000000000e+06,1.896497375000000000e+06,1.945465875000000000e+06,1.994931500000000000e+06,2.044276250000000000e+06,2.093036625000000000e+06,2.140725750000000000e+06,2.186688250000000000e+06,2.234124500000000000e+06,2.309142750000000000e+06,2.384166000000000000e+06,2.457782750000000000e+06,2.528308500000000000e+06,2.593486000000000000e+06,2.650661500000000000e+06,2.696642750000000000e+06,2.727585000000000000e+06,2.739161250000000000e+06,2.726013750000000000e+06,2.682426750000000000e+06,2.602625250000000000e+06,2.481154000000000000e+06,2.311441250000000000e+06,2.085956625000000000e+06,1.804204000000000000e+06,1.479475500000000000e+06,1.120912250000000000e+06,7.150747500000000000e+05,3.128495937500000000e+05,7.593764843750000000e+04
1.361126625000000000e+06,1.358810500000000000e+06,1.351902500000000000e+06,1.340429250000000000e+06,1.324390750000000000e+06,1.306022250000000000e+06,1.284376000000000000e+06,1.258368250000000000e+06,1.228336250000000000e+06,1.194887625000000000e+06,1.158681625000000000e+06,1.120418625000000000e+06,1.080798250000000000e+06,1.040521437500000000e+06,1.003061625000000000e+06,9.702041875000000000e+05,9.379290625000000000e+05,9.068579375000000000e+05,8.775140625000000000e+05,8.502785000000000000e+05,8.255006875000000000e+05,8.034086875000000000e+05,7.901599375000000000e+05,7.834752500000000000e+05,7.791036875000000000e+05,7.770615625000000000e+05,7.772778750000000000e+05,7.795610000000000000e+05,7.835434375000000000e+05,8.097063750000000000e+05,8.593366250000000000e+05,9.070485625000000000e+05,9.508833750000000000e+05,9.835791250000000000e+05,9.895265000000000000e+05,9.723171250000000000e+05,9.654385625000000000e+05,9.120725625000000000e+05,6.789368125000000000e+05,2.578280625000000000e+05,2.356369531250000000e+04
2.302426500000000000e+06,2.305482500000000000e+06,2.312988000000000000e+06,2.322145000000000000e+06,2.329930500000000000e+06,2.333301750000000000e+06,2.349116750000000000e+06,2.361169750000000000e+06,2.361043000000000000e+06,2.348166500000000000e+06,2.322616750000000000e+06,2.323417750000000000e+06,2.311820000000000000e+06,2.286598750000000000e+06,2.250733500000000000e+06,2.207423250000000000e+06,2.159939750000000000e+06,2.139284500000000000e+06,2.169523250000000000e+06,2.192642250000000000e+06,2.212652750000000000e+06,2.232556250000000000e+06,2.254477250000000000e+06,2.280157750000000000e+06,2.310317500000000000e+06,2.345230750000000000e+06,2.384673500000000000e+06,2.427766750000000000e+06,2.472916750000000000e+06,2.542096000000000000e+06,2.644088500000000000e+06,2.747479250000000000e+06,2.847010250000000000e+06,2.921745500000000000e+06,2.927078000000000000e+06,2.832378750000000000e+06,2.653179250000000000e+06,2.324799500000000000e+06,1.546705125000000000e+06,4.698029062500000000e+05,2.061791210937500000e+04
2.612951000000000000e+06,2.623246000000000000e+06,2.650436500000000000e+06,2.688417000000000000e+06,2.730726500000000000e+06,2.770987500000000000e+06,2.825148500000000000e+06,2.871146750000000000e+06,2.900868500000000000e+06,2.941886500000000000e+06,2.987369250000000000e+06,3.015631500000000000e+06,3.029447000000000000e+06,3.090409500000000000e+06,3.140699750000000000e+06,3.176428500000000000e+06,3.202422000000000000e+06,3.223028500000000000e+06,3.266952250000000000e+06,3.427791500000000000e+06,3.578128500000000000e+06,3.722650750000000000e+06,3.864865500000000000e+06,4.007759750000000000e+06,4.152898500000000000e+06,4.301221000000000000e+06,4.453410500000000000e+06,4.609933500000000000e+06,4.770326000000000000e+06,4.949542000000000000e+06,5.227900000000000000e+06,5.528593500000000000e+06,5.856810500000000000e+06,6.178197500000000000e+06,6.393357000000000000e+06,6.444898500000000000e+06,6.416346000000000000e+06,6.101073500000000000e+06,4.372330000000000000e+06,1.448228500000000000e+06,9.343029687500000000e+04
8.907413125000000000e+05,8.912414375000000000e+05,8.922384375000000000e+05,8.929325625000000000e+05,8.924956875000000000e+05,8.901087500000000000e+05,8.849963125000000000e+05,8.782964375000000000e+05,8.719118125000000000e+05,8.627861875000000000e+05,8.516455000000000000e+05,8.391580000000000000e+05,8.256353125000000000e+05,8.112448125000000000e+05,7.961941250000000000e+05,7.807516875000000000e+05,7.720656250000000000e+05,7.653840625000000000e+05,7.585504375000000000e+05,7.517274375000000000e+05,7.450675625000000000e+05,7.386272500000000000e+05,7.323680000000000000e+05,7.262006875000000000e+05,7.351088750000000000e+05,7.591025625000000000e+05,7.804995000000000000e+05,7.984159375000000000e+05,8.116806250000000000e+05,8.183792500000000000e+05,8.162596250000000000e+05,8.031047500000000000e+05,7.768173750000000000e+05,7.539613750000000000e+05,7.133443125000000000e+05,6.465433750000000000e+05,5.599840000000000000e+05,4.487665625000000000e+05,2.752765937500000000e+05,7.875810156250000000e+04,3.960127197265625000e+03
1.624618875000000000e+06,1.625934875000000000e+06,1.628889000000000000e+06,1.631666500000000000e+06,1.632233250000000000e+06,1.628573125000000000e+06,1.623989000000000000e+06,1.613775125000000000e+06,1.595918875000000000e+06,1.571931500000000000e+06,1.556725250000000000e+06,1.536786625000000000e+06,1.513311125000000000e+06,1.495817250000000000e+06,1.487744375000000000e+06,1.476060625000000000e+06,1.461826375000000000e+06,1.446858625000000000e+06,1.455844875000000000e+06,1.459989000000000000e+06,1.459590000000000000e+06,1.454594125000000000e+06,1.444633750000000000e+06,1.429135250000000000e+06,1.456493375000000000e+06,1.490435375000000000e+06,1.509489000000000000e+06,1.512389750000000000e+06,1.497738625000000000e+06,1.463989375000000000e+06,1.409708000000000000e+06,1.333886125000000000e+06,1.243469000000000000e+06,1.163359250000000000e+06,1.061073250000000000e+06,9.349115000000000000e+05,7.863303125000000000e+05,6.171668750000000000e+05,4.239153750000000000e+05,2.193335468750000000e+05,6.992064843750000000e+04
2.737820000000000000e+06,2.736681000000000000e+06,2.732922500000000000e+06,2.725800250000000000e+06,2.714376000000000000e+06,2.697654750000000000e+06,2.679181250000000000e+06,2.657119250000000000e+06,2.628499250000000000e+06,2.594455000000000000e+06,2.556434000000000000e+06,2.522709250000000000e+06,2.497762250000000000e+06,2.471347250000000000e+06,2.444731750000000000e+06,2.419086000000000000e+06,2.410234250000000000e+06,2.413639750000000000e+06,2.417859500000000000e+06,2.423149000000000000e+06,2.429568500000000000e+06,2.438098250000000000e+06,2.483680500000000000e+06,2.525471000000000000e+06,2.561838750000000000e+06,2.590639000000000000e+06,2.609096500000000000e+06,2.613705750000000000e+06,2.685895750000000000e+06,2.792533500000000000e+06,2.859912500000000000e+06,2.877956000000000000e+06,2.836429750000000000e+06,2.721883250000000000e+06,2.517651500000000000e+06,2.331769000000000000e+06,2.066672625000000000e+06,1.705244250000000000e+06,1.174358750000000000e+06,5.121607187500000000e+05,9.308697656250000000e+04
1.282138000000000000e+06,1.283539125000000000e+06,1.286965375000000000e+06,1.297975500000000000e+06,1.311830375000000000e+06,1.325069125000000000e+06,1.335677500000000000e+06,1.341897750000000000e+06,1.343701625000000000e+06,1.342070500000000000e+06,1.338001750000000000e+06,1.332405875000000000e+06,1.325538375000000000e+06,1.328066750000000000e+06,1.368404500000000000e+06,1.405210000000000000e+06,1.438832000000000000e+06,1.469725750000000000e+06,1.498317000000000000e+06,1.524938500000000000e+06,1.549940625000000000e+06,1.573715375000000000e+06,1.596673375000000000e+06,1.619191500000000000e+06,1.645625875000000000e+06,1.703146625000000000e+06,1.765678625000000000e+06,1.833424000000000000e+06,1.906298125000000000e+06,1.982730750000000000e+06,2.060479875000000000e+06,2.137443500000000000e+06,2.211249250000000000e+06,2.267561250000000000e+06,2.274269000000000000e+06,2.211095000000000000e+06,2.092868250000000000e+06,1.868483375000000000e+06,1.298891000000000000e+06,4.771193437500000000e+05,5.914875781250000000e+04
6.940240500000000000e+06,6.938191000000000000e+06,6.931074000000000000e+06,6.917328500000000000e+06,6.895285000000000000e+06,6.863207500000000000e+06,6.874201500000000000e+06,6.939107000000000000e+06,6.997044000000000000e+06,7.045083500000000000e+06,7.080528500000000000e+06,7.100929000000000000e+06,7.103763000000000000e+06,7.086615000000000000e+06,7.047408500000000000e+06,6.984548500000000000e+06,6.896893500000000000e+06,6.783582500000000000e+06,6.644024000000000000e+06,6.477842000000000000e+06,6.284886500000000000e+06,6.065301500000000000e+06,5.819503500000000000e+06,5.603119500000000000e+06,5.390938000000000000e+06,5.152983500000000000e+06,4.888913500000000000e+06,4.598825000000000000e+06,4.283152000000000000e+06,3.942586250000000000e+06,3.578397750000000000e+06,3.193424250000000000e+06,2.791953500000000000e+06,2.377165250000000000e+06,1.951046000000000000e+06,1.524157125000000000e+06,1.121754625000000000e+06,7.551932500000000000e+05,4.039304375000000000e+05,1.176989062500000000e+05,1.089575488281250000e+04
3.781161250000000000e+06,3.773057250000000000e+06,3.750614000000000000e+06,3.716481750000000000e+06,3.673159250000000000e+06,3.623057000000000000e+06,3.568558750000000000e+06,3.512075750000000000e+06,3.456117250000000000e+06,3.403330250000000000e+06,3.356527000000000000e+06,3.323586250000000000e+06,3.321534250000000000e+06,3.327164750000000000e+06,3.339768000000000000e+06,3.358053500000000000e+06,3.379813250000000000e+06,3.402679250000000000e+06,3.456646750000000000e+06,3.522923250000000000e+06,3.578948750000000000e+06,3.621208000000000000e+06,3.646195250000000000e+06,3.650327000000000000e+06,3.630244250000000000e+06,3.720250750000000000e+06,3.810937250000000000e+06,3.850659500000000000e+06,3.834019750000000000e+06,3.755846250000000000e+06,3.611920000000000000e+06,3.400794500000000000e+06,3.124141000000000000e+06,2.866705250000000000e+06,2.556013500000000000e+06,2.176271750000000000e+06,1.753139375000000000e+06,1.295376125000000000e+06,7.549220625000000000e+05,2.257840937500000000e+05,1.402990625000000000e+04
6.013141000000000000e+06,6.001211000000000000e+06,5.964563500000000000e+06,5.901682500000000000e+06,5.810994000000000000e+06,5.691140500000000000e+06,5.562274500000000000e+06,5.409945500000000000e+06,5.229837000000000000e+06,5.028541000000000000e+06,4.812626500000000000e+06,4.588270000000000000e+06,4.359663000000000000e+06,4.130107000000000000e+06,3.902921250000000000e+06,3.684812500000000000e+06,3.507594250000000000e+06,3.333895500000000000e+06,3.165267250000000000e+06,3.002187500000000000e+06,2.844965000000000000e+06,2.693319750000000000e+06,2.546466750000000000e+06,2.403521500000000000e+06,2.286723250000000000e+06,2.237217750000000000e+06,2.174771750000000000e+06,2.098319750000000000e+06,2.006738250000000000e+06,1.898980125000000000e+06,1.774174125000000000e+06,1.631920000000000000e+06,1.472572625000000000e+06,1.330688875000000000e+06,1.187233625000000000e+06,1.027392250000000000e+06,8.504441875000000000e+05,6.590065000000000000e+05,4.564949062500000000e+05,2.500091406250000000e+05,8.589575000000000000e+04
3.859869750000000000e+06,3.838650750000000000e+06,3.778404750000000000e+06,3.683910000000000000e+06,3.565554250000000000e+06,3.425022500000000000e+06,3.265505250000000000e+06,3.093244000000000000e+06,2.917045250000000000e+06,2.746576500000000000e+06,2.596178250000000000e+06,2.470397500000000000e+06,2.367371500000000000e+06,2.285522500000000000e+06,2.223592250000000000e+06,2.187115000000000000e+06,2.171529500000000000e+06,2.167040000000000000e+06,2.170716000000000000e+06,2.179320250000000000e+06,2.199851750000000000e+06,2.231163250000000000e+06,2.256599000000000000e+06,2.273069250000000000e+06,2.277748250000000000e+06,2.274277000000000000e+06,2.287593000000000000e+06,2.277631250000000000e+06,2.241373750000000000e+06,2.175769000000000000e+06,2.078222625000000000e+06,2.061678500000000000e+06,2.015113750000000000e+06,1.903597375000000000e+06,1.720835500000000000e+06,1.470789125000000000e+06,1.220914250000000000e+06,9.590727500000000000e+05,6.163155625000000000e+05,2.307680000000000000e+05,2.904576757812500000e+04
2.321310781250000000e+05,2.321590156250000000e+05,2.322019687500000000e+05,2.321737656250000000e+05,2.319747812500000000e+05,2.318513437500000000e+05,2.317848750000000000e+05,2.313495468750000000e+05,2.306895468750000000e+05,2.300693281250000000e+05,2.305611562500000000e+05,2.324905625000000000e+05,2.349992812500000000e+05,2.379971562500000000e+05,2.417510468750000000e+05,2.485518437500000000e+05,2.553737187500000000e+05,2.620647656250000000e+05,2.684437187500000000e+05,2.771008125000000000e+05,2.873445312500000000e+05,2.962616562500000000e+05,3.035945937500000000e+05,3.090704375000000000e+05,3.124258750000000000e+05,3.302580312500000000e+05,3.453740937500000000e+05,3.559252187500000000e+05,3.614201562500000000e+05,3.613753125000000000e+05,3.553624687500000000e+05,3.430572812500000000e+05,3.283610625000000000e+05,3.139755625000000000e+05,2.928936562500000000e+05,2.644678750000000000e+05,2.287774531250000000e+05,1.860158906250000000e+05,1.353355312500000000e+05,7.961675000000000000e+04,3.358868750000000000e+04
6.050807500000000000e+06,6.054871500000000000e+06,6.065036000000000000e+06,6.077900500000000000e+06,6.089723500000000000e+06,6.096604500000000000e+06,6.094642500000000000e+06,6.080172500000000000e+06,6.050663500000000000e+06,6.056789000000000000e+06,6.232855500000000000e+06,6.376407000000000000e+06,6.484331000000000000e+06,6.556046500000000000e+06,6.591963000000000000e+06,6.594642000000000000e+06,6.568865500000000000e+06,6.519755000000000000e+06,6.452758000000000000e+06,6.373534500000000000e+06,6.287469500000000000e+06,6.265745500000000000e+06,6.275522000000000000e+06,6.292991500000000000e+06,6.321053500000000000e+06,6.362532000000000000e+06,6.420198500000000000e+06,6.496594000000000000e+06,6.593289000000000000e+06,6.706032000000000000e+06,6.828902000000000000e+06,6.961018500000000000e+06,7.104256500000000000e+06,7.211518500000000000e+06,7.164032500000000000e+06,6.908087500000000000e+06,6.559483500000000000e+06,5.923733500000000000e+06,3.940641250000000000e+06,1.107093125000000000e+06,3.497052734375000000e+04
9.150275000000000000e+05,9.126728125000000000e+05,9.060206875000000000e+05,8.956343125000000000e+05,8.820440000000000000e+05,8.657905000000000000e+05,8.511536875000000000e+05,8.370783750000000000e+05,8.223389375000000000e+05,8.079430625000000000e+05,7.949541250000000000e+05,7.843825000000000000e+05,7.763455625000000000e+05,7.761930625000000000e+05,7.834121875000000000e+05,7.915166875000000000e+05,7.999194375000000000e+05,8.079616875000000000e+05,8.149205625000000000e+05,8.200063125000000000e+05,8.481565625000000000e+05,8.851990625000000000e+05,9.151775000000000000e+05,9.369938125000000000e+05,9.496753125000000000e+05,9.523238750000000000e+05,9.441720625000000000e+05,9.246585625000000000e+05,8.933730625000000000e+05,8.593070625000000000e+05,8.255551250000000000e+05,7.797956875000000000e+05,7.217467500000000000e+05,6.504772500000000000e+05,5.643468750000000000e+05,4.654633125000000000e+05,3.627212500000000000e+05,2.592437031250000000e+05,1.438973437500000000e+05,3.992197656250000000e+04,3.100629638671875000e+03
4.250987187500000000e+05,4.249622500000000000e+05,4.243078437500000000e+05,4.227008750000000000e+05,4.196905000000000000e+05,4.148849687500000000e+05,4.080052812500000000e+05,4.023328750000000000e+05,3.951192812500000000e+05,3.867836562500000000e+05,3.782875937500000000e+05,3.704926562500000000e+05,3.636175000000000000e+05,3.621330312500000000e+05,3.619170000000000000e+05,3.618700000000000000e+05,3.619286562500000000e+05,3.619909375000000000e+05,3.618890937500000000e+05,3.613772500000000000e+05,3.716621250000000000e+05,3.844951250000000000e+05,3.950367500000000000e+05,4.030378750000000000e+05,4.082559375000000000e+05,4.104434687500000000e+05,4.093525625000000000e+05,4.047528437500000000e+05,3.964449687500000000e+05,3.843087500000000000e+05,3.773914062500000000e+05,3.681183125000000000e+05,3.549841875000000000e+05,3.378316250000000000e+05,3.172120937500000000e+05,2.922952500000000000e+05,2.592521875000000000e+05,2.185859062500000000e+05,1.822421875000000000e+05,1.507449843750000000e+05,8.950579687500000000e+04
4.533964000000000000e+06,4.550198500000000000e+06,4.595049500000000000e+06,4.662575500000000000e+06,4.771643500000000000e+06,4.914698500000000000e+06,5.065882500000000000e+06,5.217151000000000000e+06,5.363953500000000000e+06,5.541544500000000000e+06,5.774835000000000000e+06,5.991428000000000000e+06,6.190273000000000000e+06,6.371504500000000000e+06,6.535319000000000000e+06,6.747899000000000000e+06,7.168675000000000000e+06,7.557329500000000000e+06,7.919783000000000000e+06,8.261820500000000000e+06,8.589364000000000000e+06,8.907343000000000000e+06,9.219759000000000000e+06,9.530317000000000000e+06,9.840705000000000000e+06,1.015182800000000000e+07,1.046389100000000000e+07,1.077612100000000000e+07,1.129093700000000000e+07,1.185037100000000000e+07,1.242808100000000000e+07,1.301444700000000000e+07,1.359977900000000000e+07,1.408489700000000000e+07,1.423255800000000000e+07,1.390030500000000000e+07,1.323802400000000000e+07,1.186739400000000000e+07,7.880025500000000000e+06,2.213730750000000000e+06,5.542300000000000000e+04
4.939701562500000000e+04,4.916412500000000000e+04,4.850278906250000000e+04,4.746525781250000000e+04,4.610034765625000000e+04,4.452598828125000000e+04,4.275116015625000000e+04,4.079217187500000000e+04,3.870925781250000000e+04,3.657413281250000000e+04,3.450572656250000000e+04,3.261332226562500000e+04,3.083009570312500000e+04,2.917186132812500000e+04,2.769438085937500000e+04,2.652956250000000000e+04,2.546759765625000000e+04,2.450088476562500000e+04,2.361889648437500000e+04,2.308161718750000000e+04,2.253790625000000000e+04,2.197120117187500000e+04,2.136446093750000000e+04,2.083173242187500000e+04,2.045761718750000000e+04,1.994249218750000000e+04,1.928086132812500000e+04,1.847233203125000000e+04,1.751782617187500000e+04,1.727637304687500000e+04,1.692291406250000000e+04,1.625007910156250000e+04,1.528200781250000000e+04,1.403137890625000000e+04,1.249063085937500000e+04,1.110960937500000000e+04,9.820627929687500000e+03,8.461503906250000000e+03,6.582250976562500000e+03,4.143021972656250000e+03,2.806826660156250000e+03
3.232301000000000000e+06,3.229475000000000000e+06,3.220990500000000000e+06,3.206696750000000000e+06,3.190330500000000000e+06,3.168383500000000000e+06,3.140085250000000000e+06,3.104870000000000000e+06,3.062851000000000000e+06,3.014618750000000000e+06,2.960905250000000000e+06,2.906625250000000000e+06,2.853081750000000000e+06,2.795716500000000000e+06,2.735326000000000000e+06,2.672675500000000000e+06,2.614028250000000000e+06,2.565124500000000000e+06,2.514065250000000000e+06,2.461053500000000000e+06,2.406270500000000000e+06,2.361779500000000000e+06,2.327638500000000000e+06,2.287728750000000000e+06,2.241185500000000000e+06,2.186936000000000000e+06,2.143002750000000000e+06,2.106977250000000000e+06,2.053531625000000000e+06,1.980527000000000000e+06,1.885875000000000000e+06,1.820590250000000000e+06,1.796172875000000000e+06,1.718701000000000000e+06,1.583669125000000000e+06,1.390819500000000000e+06,1.181170750000000000e+06,9.688353750000000000e+05,6.975986875000000000e+05,3.710750000000000000e+05,1.092401640625000000e+05
6.267721250000000000e+05,6.259113125000000000e+05,6.233553750000000000e+05,6.191235625000000000e+05,6.132146250000000000e+05,6.056160625000000000e+05,5.963123750000000000e+05,5.853001875000000000e+05,5.726633750000000000e+05,5.585548125000000000e+05,5.455971875000000000e+05,5.344348750000000000e+05,5.220244375000000000e+05,5.085687187500000000e+05,4.943076250000000000e+05,4.794981875000000000e+05,4.643955625000000000e+05,4.492580625000000000e+05,4.343071875000000000e+05,4.197035625000000000e+05,4.196729687500000000e+05,4.191851250000000000e+05,4.179160312500000000e+05,4.160076875000000000e+05,4.134777187500000000e+05,4.102720312500000000e+05,4.062311562500000000e+05,4.010640625000000000e+05,3.944120937500000000e+05,3.857700625000000000e+05,3.745683125000000000e+05,3.681076562500000000e+05,3.602601875000000000e+05,3.484863125000000000e+05,3.317324062500000000e+05,3.084049687500000000e+05,2.759537187500000000e+05,2.333129687500000000e+05,1.825317656250000000e+05,1.232893281250000000e+05,5.773850390625000000e+04
2.966849250000000000e+06,2.965367000000000000e+06,2.959884000000000000e+06,2.948690000000000000e+06,2.929979000000000000e+06,2.901985000000000000e+06,2.885079750000000000e+06,2.912628750000000000e+06,2.926209750000000000e+06,2.927599000000000000e+06,2.918852000000000000e+06,2.902047000000000000e+06,2.877874750000000000e+06,2.846585750000000000e+06,2.808835750000000000e+06,2.765861250000000000e+06,2.719387500000000000e+06,2.671228000000000000e+06,2.622986000000000000e+06,2.614478750000000000e+06,2.622162500000000000e+06,2.635301750000000000e+06,2.654210750000000000e+06,2.679171250000000000e+06,2.710118750000000000e+06,2.746856750000000000e+06,2.788895250000000000e+06,2.835300000000000000e+06,2.884522500000000000e+06,2.932584000000000000e+06,2.974418250000000000e+06,3.004158500000000000e+06,3.014933250000000000e+06,2.987448750000000000e+06,2.885961750000000000e+06,2.690231250000000000e+06,2.417308250000000000e+06,2.030600875000000000e+06,1.351748500000000000e+06,5.097745625000000000e+05,7.737957031250000000e+04
7.194350500000000000e+06,7.200426500000000000e+06,7.215782000000000000e+06,7.235598000000000000e+06,7.254570500000000000e+06,7.267152500000000000e+06,7.267785000000000000e+06,7.251356500000000000e+06,7.215717000000000000e+06,7.160748000000000000e+06,7.086904500000000000e+06,6.995221500000000000e+06,6.887229500000000000e+06,6.764928500000000000e+06,6.630784500000000000e+06,6.487861000000000000e+06,6.339686500000000000e+06,6.189850500000000000e+06,6.041631000000000000e+06,5.943627500000000000e+06,5.888822000000000000e+06,5.844072500000000000e+06,5.810689000000000000e+06,5.789840000000000000e+06,5.781450500000000000e+06,5.785007000000000000e+06,5.798975000000000000e+06,5.820286000000000000e+06,5.844347000000000000e+06,5.860674500000000000e+06,5.856406000000000000e+06,5.817849500000000000e+06,5.730036000000000000e+06,5.553426500000000000e+06,5.217513000000000000e+06,4.694844000000000000e+06,4.049894250000000000e+06,3.236366500000000000e+06,1.942149000000000000e+06,5.281761250000000000e+05,2.148564453125000000e+04
6.398451000000000000e+06,6.396448000000000000e+06,6.390547500000000000e+06,6.380860000000000000e+06,6.367443000000000000e+06,6.350316000000000000e+06,6.329476500000000000e+06,6.304971500000000000e+06,6.277472500000000000e+06,6.248036000000000000e+06,6.241359000000000000e+06,6.249425000000000000e+06,6.259870500000000000e+06,6.273214000000000000e+06,6.290064000000000000e+06,6.310971000000000000e+06,6.336361000000000000e+06,6.366716500000000000e+06,6.402274000000000000e+06,6.442853500000000000e+06,6.488228000000000000e+06,6.537565500000000000e+06,6.600637000000000000e+06,6.888062000000000000e+06,7.176862000000000000e+06,7.462404500000000000e+06,7.737912500000000000e+06,7.993632000000000000e+06,8.216958500000000000e+06,8.387590000000000000e+06,8.481221000000000000e+06,8.471248000000000000e+06,8.381633000000000000e+06,8.340994000000000000e+06,8.078723500000000000e+06,7.530147500000000000e+06,6.713260500000000000e+06,5.545555500000000000e+06,3.628949500000000000e+06,1.256934250000000000e+06,1.056940937500000000e+05
1.550133250000000000e+06,1.545986625000000000e+06,1.534006250000000000e+06,1.514788750000000000e+06,1.488880750000000000e+06,1.457436125000000000e+06,1.425798125000000000e+06,1.389396875000000000e+06,1.349468250000000000e+06,1.307710875000000000e+06,1.265939125000000000e+06,1.225956375000000000e+06,1.188807750000000000e+06,1.162833250000000000e+06,1.141116250000000000e+06,1.122893625000000000e+06,1.108136875000000000e+06,1.096734625000000000e+06,1.088322875000000000e+06,1.082184375000000000e+06,1.077520875000000000e+06,1.084485375000000000e+06,1.092196375000000000e+06,1.097867375000000000e+06,1.100200375000000000e+06,1.097787000000000000e+06,1.089145375000000000e+06,1.072757125000000000e+06,1.054072875000000000e+06,1.071287750000000000e+06,1.070706750000000000e+06,1.049344875000000000e+06,1.004845312500000000e+06,9.341773125000000000e+05,8.334428750000000000e+05,7.209849375000000000e+05,6.075516250000000000e+05,4.747248125000000000e+05,2.981072500000000000e+05,1.026589687500000000e+05,1.075570800781250000e+04
4.113483500000000000e+06,4.102892250000000000e+06,4.071390500000000000e+06,4.019036000000000000e+06,3.945692750000000000e+06,3.851338000000000000e+06,3.745473000000000000e+06,3.620026500000000000e+06,3.478812250000000000e+06,3.328072000000000000e+06,3.174051000000000000e+06,3.024561500000000000e+06,2.897476750000000000e+06,2.776524750000000000e+06,2.664353000000000000e+06,2.562985000000000000e+06,2.478312500000000000e+06,2.428378500000000000e+06,2.388598500000000000e+06,2.359034000000000000e+06,2.339593500000000000e+06,2.333090750000000000e+06,2.373303750000000000e+06,2.418263000000000000e+06,2.466925250000000000e+06,2.517754250000000000e+06,2.568650750000000000e+06,2.661640750000000000e+06,2.861384250000000000e+06,3.045078000000000000e+06,3.203374250000000000e+06,3.325090000000000000e+06,3.397462000000000000e+06,3.394965750000000000e+06,3.350843750000000000e+06,3.243128750000000000e+06,3.021162250000000000e+06,2.626030250000000000e+06,1.808133250000000000e+06,6.753116875000000000e+05,7.745217968750000000e+04
1.027721937500000000e+06,1.032090437500000000e+06,1.043922062500000000e+06,1.061112750000000000e+06,1.083722125000000000e+06,1.109930625000000000e+06,1.134793625000000000e+06,1.158529500000000000e+06,1.181095500000000000e+06,1.196501625000000000e+06,1.212592875000000000e+06,1.223760000000000000e+06,1.225384000000000000e+06,1.229462250000000000e+06,1.232755625000000000e+06,1.228008000000000000e+06,1.217526625000000000e+06,1.207220250000000000e+06,1.210336875000000000e+06,1.210150875000000000e+06,1.208580625000000000e+06,1.206962250000000000e+06,1.206134750000000000e+06,1.206701750000000000e+06,1.208664375000000000e+06,1.255135625000000000e+06,1.311696125000000000e+06,1.367189875000000000e+06,1.420221750000000000e+06,1.467780500000000000e+06,1.505908500000000000e+06,1.529799750000000000e+06,1.533944875000000000e+06,1.528734250000000000e+06,1.518204500000000000e+06,1.459201000000000000e+06,1.349941500000000000e+06,1.167062000000000000e+06,8.198123125000000000e+05,3.380229375000000000e+05,5.332058593750000000e+04
8.409645625000000000e+05,8.425094375000000000e+05,8.457613750000000000e+05,8.484658750000000000e+05,8.482956875000000000e+05,8.430451875000000000e+05,8.319808750000000000e+05,8.142579375000000000e+05,7.888166250000000000e+05,7.581128125000000000e+05,7.244642500000000000e+05,6.911176875000000000e+05,6.604585625000000000e+05,6.293647500000000000e+05,5.982223750000000000e+05,5.674663125000000000e+05,5.391831875000000000e+05,5.156630625000000000e+05,4.925259687500000000e+05,4.698031562500000000e+05,4.474894375000000000e+05,4.255190625000000000e+05,4.103391562500000000e+05,3.944655000000000000e+05,3.774561562500000000e+05,3.592444375000000000e+05,3.397729375000000000e+05,3.190121562500000000e+05,3.143372500000000000e+05,3.054004062500000000e+05,2.919661875000000000e+05,2.742278125000000000e+05,2.524610468750000000e+05,2.271698281250000000e+05,2.021074062500000000e+05,1.801179843750000000e+05,1.551203906250000000e+05,1.273212968750000000e+05,9.954046093750000000e+04,7.193028125000000000e+04,3.946106250000000000e+04
5.306090000000000000e+05,5.300596875000000000e+05,5.284240000000000000e+05,5.257033750000000000e+05,5.218832500000000000e+05,5.169408437500000000e+05,5.108530000000000000e+05,5.036111250000000000e+05,4.953072500000000000e+05,4.861019062500000000e+05,4.761732187500000000e+05,4.734525937500000000e+05,4.767389375000000000e+05,4.790292187500000000e+05,4.803090625000000000e+05,4.805925312500000000e+05,4.798976875000000000e+05,4.782614062500000000e+05,4.757005312500000000e+05,4.721816250000000000e+05,4.676617812500000000e+05,4.620505312500000000e+05,4.552090312500000000e+05,4.478356875000000000e+05,4.463396875000000000e+05,4.433979687500000000e+05,4.385771875000000000e+05,4.314043437500000000e+05,4.213824375000000000e+05,4.079538437500000000e+05,3.905691562500000000e+05,3.687950312500000000e+05,3.423294687500000000e+05,3.107160625000000000e+05,2.733367812500000000e+05,2.306854531250000000e+05,1.853625312500000000e+05,1.385846093750000000e+05,8.708592187500000000e+04,3.711700781250000000e+04,1.027099511718750000e+04
5.896984765625000000e+04,5.909400390625000000e+04,5.943070703125000000e+04,5.992342187500000000e+04,6.051253515625000000e+04,6.113639062500000000e+04,6.173240234375000000e+04,6.223908984375000000e+04,6.299479687500000000e+04,6.377195703125000000e+04,6.429185546875000000e+04,6.450723437500000000e+04,6.440689453125000000e+04,6.399850390625000000e+04,6.365444921875000000e+04,6.342459375000000000e+04,6.284465234375000000e+04,6.195316015625000000e+04,6.078752734375000000e+04,5.938285937500000000e+04,5.777152343750000000e+04,5.597835546875000000e+04,5.402181640625000000e+04,5.208884765625000000e+04,5.164862890625000000e+04,5.090572656250000000e+04,4.986118359375000000e+04,4.850994140625000000e+04,4.684803515625000000e+04,4.487489062500000000e+04,4.259224218750000000e+04,3.999532812500000000e+04,3.708170312500000000e+04,3.466022656250000000e+04,3.253894921875000000e+04,3.027702929687500000e+04,2.758755859375000000e+04,2.445958398437500000e+04,2.178453906250000000e+04,1.967277148437500000e+04,1.464852539062500000e+04
4.966676953125000000e+04,4.964150390625000000e+04,4.957023046875000000e+04,4.945795703125000000e+04,4.931803125000000000e+04,4.921502734375000000e+04,4.908896484375000000e+04,4.894054296875000000e+04,4.878146093750000000e+04,4.863107421875000000e+04,4.851108203125000000e+04,4.844411328125000000e+04,4.866596484375000000e+04,4.900744140625000000e+04,4.942058593750000000e+04,4.990846875000000000e+04,5.046759765625000000e+04,5.131887500000000000e+04,5.254482812500000000e+04,5.379971875000000000e+04,5.506597265625000000e+04,5.632000390625000000e+04,5.755415234375000000e+04,5.969998046875000000e+04,6.169500390625000000e+04,6.348319531250000000e+04,6.499686718750000000e+04,6.615470312500000000e+04,6.747578906250000000e+04,7.170746093750000000e+04,7.504100781250000000e+04,7.722624218750000000e+04,7.799113281250000000e+04,7.701878906250000000e+04,7.393682031250000000e+04,7.114817968750000000e+04,6.687560156250000000e+04,5.992300000000000000e+04,4.929161718750000000e+04,3.447932421875000000e+04,1.848031640625000000e+04
1.799981875000000000e+05,1.807413281250000000e+05,1.826545000000000000e+05,1.852436093750000000e+05,1.880023125000000000e+05,1.910087812500000000e+05,1.932534531250000000e+05,1.942059062500000000e+05,1.939525781250000000e+05,1.928826250000000000e+05,1.918221406250000000e+05,1.907669062500000000e+05,1.896805468750000000e+05,1.885296875000000000e+05,1.872937343750000000e+05,1.863760625000000000e+05,1.860961718750000000e+05,1.857081406250000000e+05,1.851987343750000000e+05,1.844966875000000000e+05,1.836990156250000000e+05,1.843018593750000000e+05,1.842948125000000000e+05,1.835530781250000000e+05,1.819328593750000000e+05,1.792836093750000000e+05,1.785095312500000000e+05,1.763754843750000000e+05,1.723983281250000000e+05,1.664103906250000000e+05,1.582777187500000000e+05,1.570259687500000000e+05,1.537790937500000000e+05,1.459599843750000000e+05,1.333295937500000000e+05,1.161368984375000000e+05,1.004341718750000000e+05,8.307405468750000000e+04,6.071707421875000000e+04,3.360608203125000000e+04,1.280647070312500000e+04
1.687623375000000000e+06,1.684986875000000000e+06,1.677267875000000000e+06,1.664708875000000000e+06,1.647510875000000000e+06,1.625854125000000000e+06,1.599916375000000000e+06,1.569913375000000000e+06,1.536339250000000000e+06,1.499877750000000000e+06,1.493192750000000000e+06,1.493156625000000000e+06,1.490352500000000000e+06,1.484663875000000000e+06,1.476129375000000000e+06,1.464802250000000000e+06,1.450658125000000000e+06,1.433718875000000000e+06,1.413939500000000000e+06,1.391119750000000000e+06,1.365041250000000000e+06,1.335407000000000000e+06,1.301840625000000000e+06,1.280317000000000000e+06,1.260851625000000000e+06,1.236375875000000000e+06,1.205974000000000000e+06,1.168778250000000000e+06,1.123983000000000000e+06,1.070913875000000000e+06,1.009029687500000000e+06,9.379496250000000000e+05,8.575398750000000000e+05,7.680867500000000000e+05,6.703513125000000000e+05,5.654781250000000000e+05,4.554565937500000000e+05,3.438043125000000000e+05,2.345188125000000000e+05,1.332488125000000000e+05,5.430466406250000000e+04
2.333694500000000000e+06,2.330299500000000000e+06,2.320260000000000000e+06,2.303671500000000000e+06,2.280524250000000000e+06,2.251499250000000000e+06,2.219741750000000000e+06,2.181594000000000000e+06,2.137804250000000000e+06,2.089690250000000000e+06,2.038712625000000000e+06,1.986414500000000000e+06,1.939335875000000000e+06,1.898322000000000000e+06,1.858514125000000000e+06,1.820972375000000000e+06,1.786527375000000000e+06,1.756014250000000000e+06,1.743394250000000000e+06,1.737868750000000000e+06,1.736316875000000000e+06,1.739024125000000000e+06,1.746064000000000000e+06,1.757404250000000000e+06,1.795940625000000000e+06,1.842321750000000000e+06,1.890913125000000000e+06,1.940791875000000000e+06,1.990425125000000000e+06,2.036237000000000000e+06,2.170923750000000000e+06,2.329778000000000000e+06,2.468626250000000000e+06,2.565739500000000000e+06,2.578446500000000000e+06,2.479856250000000000e+06,2.419357000000000000e+06,2.227283250000000000e+06,1.598248125000000000e+06,5.562581250000000000e+05,3.174944531250000000e+04
4.835975937500000000e+05,4.842142187500000000e+05,4.870571875000000000e+05,4.920417500000000000e+05,4.976198750000000000e+05,5.029554375000000000e+05,5.072181562500000000e+05,5.096491875000000000e+05,5.099987187500000000e+05,5.083246250000000000e+05,5.047079687500000000e+05,4.992362812500000000e+05,4.919192812500000000e+05,4.981290625000000000e+05,5.029682500000000000e+05,5.042013750000000000e+05,5.020324687500000000e+05,4.967077500000000000e+05,4.884831875000000000e+05,4.776101250000000000e+05,4.643428125000000000e+05,4.489211562500000000e+05,4.315674062500000000e+05,4.124899375000000000e+05,3.918516562500000000e+05,3.698019062500000000e+05,3.514586562500000000e+05,3.330757500000000000e+05,3.134384375000000000e+05,2.925120937500000000e+05,2.702726875000000000e+05,2.467232812500000000e+05,2.219092500000000000e+05,1.958995312500000000e+05,1.687807812500000000e+05,1.408375312500000000e+05,1.127883828125000000e+05,8.528422656250000000e+04,5.809069921875000000e+04,3.251052734375000000e+04,1.438070507812500000e+04
1.338243375000000000e+06,1.339057500000000000e+06,1.341332125000000000e+06,1.344795875000000000e+06,1.349155875000000000e+06,1.354106125000000000e+06,1.359333250000000000e+06,1.364526875000000000e+06,1.369428375000000000e+06,1.383080000000000000e+06,1.399043250000000000e+06,1.414153875000000000e+06,1.428192750000000000e+06,1.441042375000000000e+06,1.452619500000000000e+06,1.462921500000000000e+06,1.472032125000000000e+06,1.480050625000000000e+06,1.487054000000000000e+06,1.494478250000000000e+06,1.547820000000000000e+06,1.598990625000000000e+06,1.647823875000000000e+06,1.694002875000000000e+06,1.736705000000000000e+06,1.774812625000000000e+06,1.806716750000000000e+06,1.830155125000000000e+06,1.842342875000000000e+06,1.838989750000000000e+06,1.815276375000000000e+06,1.786436375000000000e+06,1.759596750000000000e+06,1.699961750000000000e+06,1.590279750000000000e+06,1.422538750000000000e+06,1.211324250000000000e+06,9.494704375000000000e+05,5.659518750000000000e+05,1.488498437500000000e+05,3.348390869140625000e+03
1.554290937500000000e+05,1.549202187500000000e+05,1.534463125000000000e+05,1.510886875000000000e+05,1.479314062500000000e+05,1.440610156250000000e+05,1.395662343750000000e+05,1.348931562500000000e+05,1.300341562500000000e+05,1.249252968750000000e+05,1.197079453125000000e+05,1.145171171875000000e+05,1.094605156250000000e+05,1.046293046875000000e+05,1.001091953125000000e+05,9.596314062500000000e+04,9.222707812500000000e+04,8.893388281250000000e+04,8.609938281250000000e+04,8.371633593750000000e+04,8.177755468750000000e+04,8.026531250000000000e+04,7.915304687500000000e+04,8.019996875000000000e+04,8.231760156250000000e+04,8.478767968750000000e+04,8.759153125000000000e+04,9.069939062500000000e+04,9.405775000000000000e+04,9.752498437500000000e+04,1.009120546875000000e+05,1.040318593750000000e+05,1.066838046875000000e+05,1.105033750000000000e+05,1.135604765625000000e+05,1.136933593750000000e+05,1.115351250000000000e+05,1.040930546875000000e+05,7.651731250000000000e+04,2.968389453125000000e+04,4.572155273437500000e+03
1.504176500000000000e+06,1.500527125000000000e+06,1.489744875000000000e+06,1.472063250000000000e+06,1.447718250000000000e+06,1.420980500000000000e+06,1.391335375000000000e+06,1.355995375000000000e+06,1.315827250000000000e+06,1.272163625000000000e+06,1.226339750000000000e+06,1.179639375000000000e+06,1.133039250000000000e+06,1.087365500000000000e+06,1.043433000000000000e+06,1.001923312500000000e+06,9.633391250000000000e+05,9.281513125000000000e+05,8.966682500000000000e+05,8.769067500000000000e+05,8.781800625000000000e+05,8.820242500000000000e+05,8.886720000000000000e+05,8.983202500000000000e+05,9.110080000000000000e+05,9.266997500000000000e+05,9.452745000000000000e+05,9.664921250000000000e+05,9.899086250000000000e+05,1.014320812500000000e+06,1.038153812500000000e+06,1.077476375000000000e+06,1.129473500000000000e+06,1.178622250000000000e+06,1.210628500000000000e+06,1.213635250000000000e+06,1.186925000000000000e+06,1.099661125000000000e+06,8.282953750000000000e+05,3.736631875000000000e+05,7.331428906250000000e+04
3.737102812500000000e+05,3.737469375000000000e+05,3.736710000000000000e+05,3.731778750000000000e+05,3.719513125000000000e+05,3.696884687500000000e+05,3.661202187500000000e+05,3.610631562500000000e+05,3.547636875000000000e+05,3.477046562500000000e+05,3.421376562500000000e+05,3.370935625000000000e+05,3.323201875000000000e+05,3.279215625000000000e+05,3.240183437500000000e+05,3.207240625000000000e+05,3.181285312500000000e+05,3.163204062500000000e+05,3.180943125000000000e+05,3.216919375000000000e+05,3.259374375000000000e+05,3.307833125000000000e+05,3.361416875000000000e+05,3.418998437500000000e+05,3.478748750000000000e+05,3.538420937500000000e+05,3.738332187500000000e+05,3.963568437500000000e+05,4.177897500000000000e+05,4.372417500000000000e+05,4.535947187500000000e+05,4.653451875000000000e+05,4.706830937500000000e+05,4.695092187500000000e+05,4.741114375000000000e+05,4.678652812500000000e+05,4.452823750000000000e+05,4.002861250000000000e+05,3.267618437500000000e+05,2.197950937500000000e+05,9.621625000000000000e+04
3.161148000000000000e+06,3.154092000000000000e+06,3.132670250000000000e+06,3.096370500000000000e+06,3.044681250000000000e+06,2.977280250000000000e+06,2.894181750000000000e+06,2.796079500000000000e+06,2.686569250000000000e+06,2.570680750000000000e+06,2.453163000000000000e+06,2.338177250000000000e+06,2.227640250000000000e+06,2.122416500000000000e+06,2.023344375000000000e+06,1.930737875000000000e+06,1.844234500000000000e+06,1.763433000000000000e+06,1.731206875000000000e+06,1.700877375000000000e+06,1.669584500000000000e+06,1.636129375000000000e+06,1.599192625000000000e+06,1.557427500000000000e+06,1.509550750000000000e+06,1.454332375000000000e+06,1.390734500000000000e+06,1.318013000000000000e+06,1.235628500000000000e+06,1.143323750000000000e+06,1.047550312500000000e+06,9.608151875000000000e+05,8.651740625000000000e+05,7.601338125000000000e+05,6.445438750000000000e+05,5.208336562500000000e+05,3.979664375000000000e+05,2.791777187500000000e+05,1.534588437500000000e+05,4.291879687500000000e+04,3.329315429687500000e+03
2.309575500000000000e+06,2.308422500000000000e+06,2.304725500000000000e+06,2.297997000000000000e+06,2.287628250000000000e+06,2.272950000000000000e+06,2.253287500000000000e+06,2.228071000000000000e+06,2.205977000000000000e+06,2.181746000000000000e+06,2.153085000000000000e+06,2.120612250000000000e+06,2.084886875000000000e+06,2.049077375000000000e+06,2.030349125000000000e+06,2.008604750000000000e+06,1.984702500000000000e+06,1.959606750000000000e+06,1.934228250000000000e+06,1.937208375000000000e+06,1.943743125000000000e+06,1.949055375000000000e+06,1.953844125000000000e+06,1.958661375000000000e+06,1.963604750000000000e+06,2.051064250000000000e+06,2.158862250000000000e+06,2.259709000000000000e+06,2.352118000000000000e+06,2.431939250000000000e+06,2.493519500000000000e+06,2.530465750000000000e+06,2.543774750000000000e+06,2.590620250000000000e+06,2.568623500000000000e+06,2.451859000000000000e+06,2.252979250000000000e+06,1.927282625000000000e+06,1.259357750000000000e+06,3.840480937500000000e+05,1.848532421875000000e+04
1.276644238281250000e+04,1.280174902343750000e+04,1.290223339843750000e+04,1.307440039062500000e+04,1.330547460937500000e+04,1.358253613281250000e+04,1.389662890625000000e+04,1.423877929687500000e+04,1.460065820312500000e+04,1.497425781250000000e+04,1.539708300781250000e+04,1.585350097656250000e+04,1.630008691406250000e+04,1.673503320312500000e+04,1.715654492187500000e+04,1.756431445312500000e+04,1.797641796875000000e+04,1.850559570312500000e+04,1.902477539062500000e+04,1.953714062500000000e+04,2.004581054687500000e+04,2.055282226562500000e+04,2.105916992187500000e+04,2.156556835937500000e+04,2.234689453125000000e+04,2.317408398437500000e+04,2.400741992187500000e+04,2.483919921875000000e+04,2.566333593750000000e+04,2.648690234375000000e+04,2.811302343750000000e+04,3.075150781250000000e+04,3.334148437500000000e+04,3.595198046875000000e+04,3.897840234375000000e+04,4.228207031250000000e+04,4.663974609375000000e+04,5.064670703125000000e+04,6.429495703125000000e+04,1.001143750000000000e+05,1.006017578125000000e+05
3.594344250000000000e+06,3.581042750000000000e+06,3.543007500000000000e+06,3.483038000000000000e+06,3.403925750000000000e+06,3.308458000000000000e+06,3.226235750000000000e+06,3.168234250000000000e+06,3.102960000000000000e+06,3.031780250000000000e+06,2.956599750000000000e+06,2.879646500000000000e+06,2.801789750000000000e+06,2.723280500000000000e+06,2.644586750000000000e+06,2.565822750000000000e+06,2.486475500000000000e+06,2.406020250000000000e+06,2.323831250000000000e+06,2.239083250000000000e+06,2.150939000000000000e+06,2.066726500000000000e+06,2.001785125000000000e+06,1.931130500000000000e+06,1.854124875000000000e+06,1.770310375000000000e+06,1.679437625000000000e+06,1.581529375000000000e+06,1.476754625000000000e+06,1.365561875000000000e+06,1.248534875000000000e+06,1.126244000000000000e+06,9.993965625000000000e+05,8.693726875000000000e+05,7.381370000000000000e+05,6.069187500000000000e+05,4.764712812500000000e+05,3.508645937500000000e+05,2.367517031250000000e+05,1.364585312500000000e+05,5.601376953125000000e+04
5.997644140625000000e+04,5.995378515625000000e+04,5.986769140625000000e+04,5.968562109375000000e+04,5.937107421875000000e+04,5.913230468750000000e+04,5.874162109375000000e+04,5.811905859375000000e+04,5.726935546875000000e+04,5.622691406250000000e+04,5.511669921875000000e+04,5.439523828125000000e+04,5.353698437500000000e+04,5.256365234375000000e+04,5.150308593750000000e+04,5.038496484375000000e+04,4.997170312500000000e+04,4.954498046875000000e+04,4.903547265625000000e+04,4.846514843750000000e+04,4.785178906250000000e+04,4.720710937500000000e+04,4.724072656250000000e+04,4.866706250000000000e+04,4.987962109375000000e+04,5.089724609375000000e+04,5.172947656250000000e+04,5.237570312500000000e+04,5.283483593750000000e+04,5.312512109375000000e+04,5.326425000000000000e+04,5.371691406250000000e+04,5.506524609375000000e+04,5.654931640625000000e+04,5.872424609375000000e+04,6.148676953125000000e+04,6.270167968750000000e+04,6.218879687500000000e+04,6.906626562500000000e+04,8.879707031250000000e+04,7.714724218750000000e+04
1.886847070312500000e+04,1.882127343750000000e+04,1.868087695312500000e+04,1.844820703125000000e+04,1.812385937500000000e+04,1.770901562500000000e+04,1.720617968750000000e+04,1.662093945312500000e+04,1.597331835937500000e+04,1.529074414062500000e+04,1.459955761718750000e+04,1.394039648437500000e+04,1.332489843750000000e+04,1.274703027343750000e+04,1.221702929687500000e+04,1.174217285156250000e+04,1.132586132812500000e+04,1.097140136718750000e+04,1.073474414062500000e+04,1.055851464843750000e+04,1.043733789062500000e+04,1.036847460937500000e+04,1.034791796875000000e+04,1.041717871093750000e+04,1.059277636718750000e+04,1.080253027343750000e+04,1.104198242187500000e+04,1.130513476562500000e+04,1.169853808593750000e+04,1.224512695312500000e+04,1.281639160156250000e+04,1.339179785156250000e+04,1.393162500000000000e+04,1.564709277343750000e+04,1.768268164062500000e+04,1.991230859375000000e+04,2.153611328125000000e+04,2.359618164062500000e+04,3.061156054687500000e+04,4.844966015625000000e+04,5.226731640625000000e+04
5.694892500000000000e+06,5.677375500000000000e+06,5.626115000000000000e+06,5.542766500000000000e+06,5.429056000000000000e+06,5.287218500000000000e+06,5.120279000000000000e+06,4.932600000000000000e+06,4.733680500000000000e+06,4.535287500000000000e+06,4.348380500000000000e+06,4.210032000000000000e+06,4.099940250000000000e+06,4.011906750000000000e+06,3.946389000000000000e+06,3.903170250000000000e+06,3.880927250000000000e+06,3.878316500000000000e+06,3.893543750000000000e+06,3.924081000000000000e+06,3.967278250000000000e+06,4.020579500000000000e+06,4.198195500000000000e+06,4.416857000000000000e+06,4.641687000000000000e+06,4.869180500000000000e+06,5.094608500000000000e+06,5.311701000000000000e+06,5.512177500000000000e+06,5.682153000000000000e+06,5.804728500000000000e+06,5.861403500000000000e+06,6.015753000000000000e+06,6.085297500000000000e+06,5.986626500000000000e+06,5.662469000000000000e+06,5.128894500000000000e+06,4.302848000000000000e+06,2.799094750000000000e+06,8.894536875000000000e+05,4.889257031250000000e+04
1.424829843750000000e+05,1.423940000000000000e+05,1.421084218750000000e+05,1.415879218750000000e+05,1.407876875000000000e+05,1.396646250000000000e+05,1.381839218750000000e+05,1.363317500000000000e+05,1.341896718750000000e+05,1.318937031250000000e+05,1.295826562500000000e+05,1.273840078125000000e+05,1.253140937500000000e+05,1.233361718750000000e+05,1.214173984375000000e+05,1.195186875000000000e+05,1.175891015625000000e+05,1.155770234375000000e+05,1.134307890625000000e+05,1.119150859375000000e+05,1.110188203125000000e+05,1.099091406250000000e+05,1.085368593750000000e+05,1.068543671875000000e+05,1.048285000000000000e+05,1.024318750000000000e+05,9.964180468750000000e+04,9.644228125000000000e+04,9.282427343750000000e+04,8.879945312500000000e+04,8.438433593750000000e+04,7.955594531250000000e+04,7.427205468750000000e+04,6.862185156250000000e+04,6.284803515625000000e+04,5.687097265625000000e+04,4.999544140625000000e+04,4.243866015625000000e+04,3.667316406250000000e+04,3.280446093750000000e+04,2.314214648437500000e+04
4.113483500000000000e+06,4.102892250000000000e+06,4.071390500000000000e+06,4.019036000000000000e+06,3.945692750000000000e+06,3.851338000000000000e+06,3.745473000000000000e+06,3.620026500000000000e+06,3.478812250000000000e+06,3.328072000000000000e+06,3.174051000000000000e+06,3.024561500000000000e+06,2.897476750000000000e+06,2.776524750000000000e+06,2.664353000000000000e+06,2.562985000000000000e+06,2.478312500000000000e+06,2.428378500000000000e+06,2.388598500000000000e+06,2.359034000000000000e+06,2.339593500000000000e+06,2.333090750000000000e+06,2.373303750000000000e+06,2.418263000000000000e+06,2.466925250000000000e+06,2.517754250000000000e+06,2.568650750000000000e+06,2.661640750000000000e+06,2.861384250000000000e+06,3.045078000000000000e+06,3.203374250000000000e+06,3.325090000000000000e+06,3.397462000000000000e+06,3.394965750000000000e+06,3.350843750000000000e+06,3.243128750000000000e+06,3.021162250000000000e+06,2.626030250000000000e+06,1.808133250000000000e+06,6.753116875000000000e+05,7.745217968750000000e+04
3.256663437500000000e+05,3.241515312500000000e+05,3.198011562500000000e+05,3.129026562500000000e+05,3.037479375000000000e+05,2.926427500000000000e+05,2.799129687500000000e+05,2.659221562500000000e+05,2.512082343750000000e+05,2.363824062500000000e+05,2.220155625000000000e+05,2.096293593750000000e+05,1.992105000000000000e+05,1.898305625000000000e+05,1.815943437500000000e+05,1.745320625000000000e+05,1.685722500000000000e+05,1.636431718750000000e+05,1.596337656250000000e+05,1.563705000000000000e+05,1.536763281250000000e+05,1.560314218750000000e+05,1.593851406250000000e+05,1.624304062500000000e+05,1.649660625000000000e+05,1.667652812500000000e+05,1.675873281250000000e+05,1.671902500000000000e+05,1.653238906250000000e+05,1.617377500000000000e+05,1.561974375000000000e+05,1.508372812500000000e+05,1.452485937500000000e+05,1.373906093750000000e+05,1.267885312500000000e+05,1.132215468750000000e+05,9.707239843750000000e+04,7.840716406250000000e+04,5.576187109375000000e+04,3.058509960937500000e+04,1.252337988281250000e+04
5.919970625000000000e+05,5.917945000000000000e+05,5.910779375000000000e+05,5.896431250000000000e+05,5.872512500000000000e+05,5.856519375000000000e+05,5.833294375000000000e+05,5.794325625000000000e+05,5.739548750000000000e+05,5.670971875000000000e+05,5.591143750000000000e+05,5.548738750000000000e+05,5.510398750000000000e+05,5.463176250000000000e+05,5.409331250000000000e+05,5.351495000000000000e+05,5.342930000000000000e+05,5.371108750000000000e+05,5.394245000000000000e+05,5.415083125000000000e+05,5.436136875000000000e+05,5.459471875000000000e+05,5.567155000000000000e+05,5.871287500000000000e+05,6.166406250000000000e+05,6.455433750000000000e+05,6.740503750000000000e+05,7.022911875000000000e+05,7.302287500000000000e+05,7.572652500000000000e+05,7.825187500000000000e+05,8.154457500000000000e+05,8.607198750000000000e+05,9.032602500000000000e+05,9.321676875000000000e+05,9.385942500000000000e+05,9.228194375000000000e+05,8.613528125000000000e+05,6.571890625000000000e+05,3.112741875000000000e+05,7.301850781250000000e+04
4.020432750000000000e+06,4.027000500000000000e+06,4.042411250000000000e+06,4.060456500000000000e+06,4.106387500000000000e+06,4.142565750000000000e+06,4.159393750000000000e+06,4.149030500000000000e+06,4.111986750000000000e+06,4.053536000000000000e+06,4.017380250000000000e+06,3.984408000000000000e+06,3.937819750000000000e+06,3.878903000000000000e+06,3.809443000000000000e+06,3.732306500000000000e+06,3.651299750000000000e+06,3.582395500000000000e+06,3.639979750000000000e+06,3.687782750000000000e+06,3.729841500000000000e+06,3.769501000000000000e+06,3.809408750000000000e+06,3.851701500000000000e+06,3.897011250000000000e+06,3.945239250000000000e+06,3.995272750000000000e+06,4.044650250000000000e+06,4.089571250000000000e+06,4.190834750000000000e+06,4.308587500000000000e+06,4.409809000000000000e+06,4.481524000000000000e+06,4.488314500000000000e+06,4.363204500000000000e+06,4.067993500000000000e+06,3.642260250000000000e+06,3.023721000000000000e+06,1.872335750000000000e+06,4.975442187500000000e+05,1.156890039062500000e+04
2.833219062500000000e+05,2.829313125000000000e+05,2.816920312500000000e+05,2.794906562500000000e+05,2.777352187500000000e+05,2.752125312500000000e+05,2.714367500000000000e+05,2.662301250000000000e+05,2.596976250000000000e+05,2.521033906250000000e+05,2.437141406250000000e+05,2.347812812500000000e+05,2.254569531250000000e+05,2.158552812500000000e+05,2.061025625000000000e+05,2.020354375000000000e+05,1.989335937500000000e+05,1.951323593750000000e+05,1.907528750000000000e+05,1.858775000000000000e+05,1.805852187500000000e+05,1.749326406250000000e+05,1.689516250000000000e+05,1.626628437500000000e+05,1.560589843750000000e+05,1.491197968750000000e+05,1.444531250000000000e+05,1.399597500000000000e+05,1.350140468750000000e+05,1.294916640625000000e+05,1.232679531250000000e+05,1.162144687500000000e+05,1.082099453125000000e+05,9.918154687500000000e+04,8.911357031250000000e+04,7.797232031250000000e+04,6.573962500000000000e+04,5.269630859375000000e+04,3.932685937500000000e+04,2.592163281250000000e+04,1.393510546875000000e+04
2.918658500000000000e+06,2.935229250000000000e+06,2.981034500000000000e+06,3.051234250000000000e+06,3.149223000000000000e+06,3.260273000000000000e+06,3.377625250000000000e+06,3.494863000000000000e+06,3.634856750000000000e+06,3.776587250000000000e+06,3.916389250000000000e+06,4.054687000000000000e+06,4.231982500000000000e+06,4.416231000000000000e+06,4.591501500000000000e+06,4.756602000000000000e+06,4.912136000000000000e+06,5.142317500000000000e+06,5.361189500000000000e+06,5.568427000000000000e+06,5.765115000000000000e+06,5.952280500000000000e+06,6.130883000000000000e+06,6.335970500000000000e+06,6.791571500000000000e+06,7.237867500000000000e+06,7.672793500000000000e+06,8.091490000000000000e+06,8.486067000000000000e+06,8.838347000000000000e+06,9.124824000000000000e+06,9.319473000000000000e+06,9.461847000000000000e+06,9.667578000000000000e+06,9.600628000000000000e+06,9.162886000000000000e+06,8.412148000000000000e+06,7.177839500000000000e+06,4.624600500000000000e+06,1.335572375000000000e+06,4.325716015625000000e+04
3.922355078125000000e+04,3.937090234375000000e+04,3.977595703125000000e+04,4.045828515625000000e+04,4.123701562500000000e+04,4.200601171875000000e+04,4.273548437500000000e+04,4.362233984375000000e+04,4.423312890625000000e+04,4.454923437500000000e+04,4.529932421875000000e+04,4.565773437500000000e+04,4.564993750000000000e+04,4.567152734375000000e+04,4.596923828125000000e+04,4.588410546875000000e+04,4.550625781250000000e+04,4.491975000000000000e+04,4.419470312500000000e+04,4.437862500000000000e+04,4.528771484375000000e+04,4.596258984375000000e+04,4.646528906250000000e+04,4.684628125000000000e+04,4.713182421875000000e+04,4.733683984375000000e+04,4.746349609375000000e+04,4.749874609375000000e+04,4.742862890625000000e+04,4.725134375000000000e+04,4.813037500000000000e+04,4.909419921875000000e+04,4.999508593750000000e+04,5.091933593750000000e+04,5.227332421875000000e+04,5.391748437500000000e+04,5.413066796875000000e+04,5.277295312500000000e+04,5.664784375000000000e+04,6.907367187500000000e+04,5.839512109375000000e+04
3.896564750000000000e+06,3.888132750000000000e+06,3.864202000000000000e+06,3.826810500000000000e+06,3.777977000000000000e+06,3.719698250000000000e+06,3.653949750000000000e+06,3.582739750000000000e+06,3.508631000000000000e+06,3.434493500000000000e+06,3.363159250000000000e+06,3.297300750000000000e+06,3.238489750000000000e+06,3.187756250000000000e+06,3.146141750000000000e+06,3.114214000000000000e+06,3.111230000000000000e+06,3.120574750000000000e+06,3.139651000000000000e+06,3.167820250000000000e+06,3.204389750000000000e+06,3.248380750000000000e+06,3.298519500000000000e+06,3.353337250000000000e+06,3.410707250000000000e+06,3.468124000000000000e+06,3.522391500000000000e+06,3.696783750000000000e+06,3.889069750000000000e+06,4.063898500000000000e+06,4.207759000000000000e+06,4.304922000000000000e+06,4.337822000000000000e+06,4.274380500000000000e+06,4.066002250000000000e+06,3.856240750000000000e+06,3.516582000000000000e+06,2.988329250000000000e+06,2.002877750000000000e+06,6.912016875000000000e+05,5.188637890625000000e+04
2.716485250000000000e+06,2.724520750000000000e+06,2.746956250000000000e+06,2.781277250000000000e+06,2.824955000000000000e+06,2.875441750000000000e+06,2.930650500000000000e+06,3.002305000000000000e+06,3.075403750000000000e+06,3.150083750000000000e+06,3.226510250000000000e+06,3.304759500000000000e+06,3.387552250000000000e+06,3.502310500000000000e+06,3.615377750000000000e+06,3.725323500000000000e+06,3.831067250000000000e+06,3.931513000000000000e+06,4.064728750000000000e+06,4.216601000000000000e+06,4.356205000000000000e+06,4.481077500000000000e+06,4.588426500000000000e+06,4.675166000000000000e+06,4.801402000000000000e+06,5.084264000000000000e+06,5.320223500000000000e+06,5.499595500000000000e+06,5.611681500000000000e+06,5.643157500000000000e+06,5.580274500000000000e+06,5.411785000000000000e+06,5.201160500000000000e+06,4.970943000000000000e+06,4.589699500000000000e+06,4.042521000000000000e+06,3.371726500000000000e+06,2.576488000000000000e+06,1.519694500000000000e+06,4.256279062500000000e+05,1.568321875000000000e+04
2.135577500000000000e+05,2.136221875000000000e+05,2.137078125000000000e+05,2.136322343750000000e+05,2.131986406250000000e+05,2.122115468750000000e+05,2.104903437500000000e+05,2.078913750000000000e+05,2.119100625000000000e+05,2.156062031250000000e+05,2.178977500000000000e+05,2.187755781250000000e+05,2.183633593750000000e+05,2.168554062500000000e+05,2.144683906250000000e+05,2.114529375000000000e+05,2.080813437500000000e+05,2.046096718750000000e+05,2.012480937500000000e+05,1.991103437500000000e+05,1.992336093750000000e+05,1.998958906250000000e+05,2.011756718750000000e+05,2.031531562500000000e+05,2.058688125000000000e+05,2.093541250000000000e+05,2.136275000000000000e+05,2.186821875000000000e+05,2.244932343750000000e+05,2.309464062500000000e+05,2.378818437500000000e+05,2.450313750000000000e+05,2.520093593750000000e+05,2.578558125000000000e+05,2.607921875000000000e+05,2.588765156250000000e+05,2.502148906250000000e+05,2.305649218750000000e+05,1.891461562500000000e+05,1.231245000000000000e+05,5.482141796875000000e+04
3.062348000000000000e+06,3.078784000000000000e+06,3.122432500000000000e+06,3.184224250000000000e+06,3.266994250000000000e+06,3.352115750000000000e+06,3.426795500000000000e+06,3.495159250000000000e+06,3.545614500000000000e+06,3.571849000000000000e+06,3.598309000000000000e+06,3.613246500000000000e+06,3.605362000000000000e+06,3.585117250000000000e+06,3.587126000000000000e+06,3.568360500000000000e+06,3.534544000000000000e+06,3.490980500000000000e+06,3.455203750000000000e+06,3.453898750000000000e+06,3.445268750000000000e+06,3.431409750000000000e+06,3.413038000000000000e+06,3.390202250000000000e+06,3.361291250000000000e+06,3.331207750000000000e+06,3.440079250000000000e+06,3.523481250000000000e+06,3.575227000000000000e+06,3.586710750000000000e+06,3.548373000000000000e+06,3.451401750000000000e+06,3.288421250000000000e+06,3.060734000000000000e+06,2.838323500000000000e+06,2.522784250000000000e+06,2.133708750000000000e+06,1.665256875000000000e+06,1.031308625000000000e+06,3.434417187500000000e+05,3.185815625000000000e+04
1.642267578125000000e+04,1.632084375000000000e+04,1.603213867187500000e+04,1.558136816406250000e+04,1.499337207031250000e+04,1.429360742187500000e+04,1.350848730468750000e+04,1.266583593750000000e+04,1.179860058593750000e+04,1.094172265625000000e+04,1.020050195312500000e+04,9.526901367187500000e+03,8.924528320312500000e+03,8.398507812500000000e+03,7.953593261718750000e+03,7.589965332031250000e+03,7.302011718750000000e+03,7.121488769531250000e+03,7.044152832031250000e+03,7.015753906250000000e+03,7.030320800781250000e+03,7.082228515625000000e+03,7.166107910156250000e+03,7.276360351562500000e+03,7.408496093750000000e+03,7.558111816406250000e+03,7.936907714843750000e+03,8.455994140625000000e+03,8.994785156250000000e+03,9.548209960937500000e+03,1.010886425781250000e+04,1.066141894531250000e+04,1.118305957031250000e+04,1.164478027343750000e+04,1.226432421875000000e+04,1.308143261718750000e+04,1.376139550781250000e+04,1.415168945312500000e+04,1.434911621093750000e+04,1.415907714843750000e+04,1.155189355468750000e+04
4.173584062500000000e+05,4.179373750000000000e+05,4.194182187500000000e+05,4.213714375000000000e+05,4.233289687500000000e+05,4.248102187500000000e+05,4.253460312500000000e+05,4.264884062500000000e+05,4.288014687500000000e+05,4.292456875000000000e+05,4.277107187500000000e+05,4.241724062500000000e+05,4.232375000000000000e+05,4.232736875000000000e+05,4.206545312500000000e+05,4.156460625000000000e+05,4.086185937500000000e+05,3.999448437500000000e+05,4.035086562500000000e+05,4.094242500000000000e+05,4.119358437500000000e+05,4.115512187500000000e+05,4.086980625000000000e+05,4.037333125000000000e+05,3.968782812500000000e+05,3.882793125000000000e+05,3.779925625000000000e+05,3.659760625000000000e+05,3.555407812500000000e+05,3.478497812500000000e+05,3.386133125000000000e+05,3.273830625000000000e+05,3.135565312500000000e+05,2.970125312500000000e+05,2.782884375000000000e+05,2.565715781250000000e+05,2.281804687500000000e+05,1.935123906250000000e+05,1.638872656250000000e+05,1.398413125000000000e+05,8.652921093750000000e+04
1.196925390625000000e+05,1.195839531250000000e+05,1.192502812500000000e+05,1.186763828125000000e+05,1.178448828125000000e+05,1.167386875000000000e+05,1.156452265625000000e+05,1.144850156250000000e+05,1.130765625000000000e+05,1.114981406250000000e+05,1.098294375000000000e+05,1.081472734375000000e+05,1.064991250000000000e+05,1.049199921875000000e+05,1.034480781250000000e+05,1.021172187500000000e+05,1.016804687500000000e+05,1.018204375000000000e+05,1.021295234375000000e+05,1.026183984375000000e+05,1.032973984375000000e+05,1.041713984375000000e+05,1.052394687500000000e+05,1.064984375000000000e+05,1.087341250000000000e+05,1.151640234375000000e+05,1.217862734375000000e+05,1.286038984375000000e+05,1.355946250000000000e+05,1.426379062500000000e+05,1.495604531250000000e+05,1.562145937500000000e+05,1.624558906250000000e+05,1.705054218750000000e+05,1.786980625000000000e+05,1.834092500000000000e+05,1.853640312500000000e+05,1.794972343750000000e+05,1.414388281250000000e+05,6.802061718750000000e+04,1.744076367187500000e+04
1.136864625000000000e+06,1.138148625000000000e+06,1.141500625000000000e+06,1.146138000000000000e+06,1.154387625000000000e+06,1.163070500000000000e+06,1.170889250000000000e+06,1.176865875000000000e+06,1.180614000000000000e+06,1.182106000000000000e+06,1.181337250000000000e+06,1.178294750000000000e+06,1.182587500000000000e+06,1.183904375000000000e+06,1.181529500000000000e+06,1.175128125000000000e+06,1.164467250000000000e+06,1.149355250000000000e+06,1.137312500000000000e+06,1.128092750000000000e+06,1.112284500000000000e+06,1.089775750000000000e+06,1.060539250000000000e+06,1.024612125000000000e+06,9.821225000000000000e+05,9.466272500000000000e+05,9.334460000000000000e+05,9.075036875000000000e+05,8.691190000000000000e+05,8.187675625000000000e+05,7.571646250000000000e+05,6.855539375000000000e+05,6.056965000000000000e+05,5.249546875000000000e+05,4.497193125000000000e+05,3.687519375000000000e+05,2.870382187500000000e+05,2.064264843750000000e+05,1.194516406250000000e+05,3.849789062500000000e+04,4.753535156250000000e+03
3.682218750000000000e+05,3.684920312500000000e+05,3.691931562500000000e+05,3.701457812500000000e+05,3.711535312500000000e+05,3.720081562500000000e+05,3.724946562500000000e+05,3.723997812500000000e+05,3.715510000000000000e+05,3.700784375000000000e+05,3.683574062500000000e+05,3.654807812500000000e+05,3.614169687500000000e+05,3.561810000000000000e+05,3.498054375000000000e+05,3.428407812500000000e+05,3.361232187500000000e+05,3.283252812500000000e+05,3.195460625000000000e+05,3.098793437500000000e+05,2.994139062500000000e+05,2.882964062500000000e+05,2.789405000000000000e+05,2.686665937500000000e+05,2.575109843750000000e+05,2.455042656250000000e+05,2.326707656250000000e+05,2.197441093750000000e+05,2.089860312500000000e+05,1.968903750000000000e+05,1.835193750000000000e+05,1.689097656250000000e+05,1.545891562500000000e+05,1.488192343750000000e+05,1.397602968750000000e+05,1.273953515625000000e+05,1.109233125000000000e+05,9.569234375000000000e+04,8.539383593750000000e+04,7.919982031250000000e+04,5.547619531250000000e+04
4.680102812500000000e+05,4.657184375000000000e+05,4.591554687500000000e+05,4.488125000000000000e+05,4.352005312500000000e+05,4.188397812500000000e+05,4.002507812500000000e+05,3.799608750000000000e+05,3.586287500000000000e+05,3.369614375000000000e+05,3.156128125000000000e+05,2.951581875000000000e+05,2.759517500000000000e+05,2.582301562500000000e+05,2.422028593750000000e+05,2.279728593750000000e+05,2.155242187500000000e+05,2.069677656250000000e+05,2.025578125000000000e+05,1.994509375000000000e+05,1.976008125000000000e+05,1.969312656250000000e+05,1.973346562500000000e+05,1.986970468750000000e+05,2.008735000000000000e+05,2.036977031250000000e+05,2.069681406250000000e+05,2.104347343750000000e+05,2.138092656250000000e+05,2.167384687500000000e+05,2.189510781250000000e+05,2.252816093750000000e+05,2.306104843750000000e+05,2.342515000000000000e+05,2.356330156250000000e+05,2.331554062500000000e+05,2.227985000000000000e+05,2.024718593750000000e+05,1.774812343750000000e+05,1.462015468750000000e+05,8.455390625000000000e+04
8.598329000000000000e+06,8.603035000000000000e+06,8.611293000000000000e+06,8.613772000000000000e+06,8.600849000000000000e+06,8.563125000000000000e+06,8.491883000000000000e+06,8.380302500000000000e+06,8.231191000000000000e+06,8.202677500000000000e+06,8.210589500000000000e+06,8.193158000000000000e+06,8.152486000000000000e+06,8.087594500000000000e+06,7.998448500000000000e+06,7.886941500000000000e+06,7.756701000000000000e+06,7.611378000000000000e+06,7.453384000000000000e+06,7.283354000000000000e+06,7.101639000000000000e+06,6.907690000000000000e+06,6.700133500000000000e+06,6.477305500000000000e+06,6.315619000000000000e+06,6.155409500000000000e+06,5.972232500000000000e+06,5.760889500000000000e+06,5.516039000000000000e+06,5.231713500000000000e+06,4.902345500000000000e+06,4.524703500000000000e+06,4.097889750000000000e+06,3.618792500000000000e+06,3.082363250000000000e+06,2.500761000000000000e+06,1.915369625000000000e+06,1.344113750000000000e+06,7.496151875000000000e+05,2.326067812500000000e+05,2.468167773437500000e+04
8.907413125000000000e+05,8.912414375000000000e+05,8.922384375000000000e+05,8.929325625000000000e+05,8.924956875000000000e+05,8.901087500000000000e+05,8.849963125000000000e+05,8.782964375000000000e+05,8.719118125000000000e+05,8.627861875000000000e+05,8.516455000000000000e+05,8.391580000000000000e+05,8.256353125000000000e+05,8.112448125000000000e+05,7.961941250000000000e+05,7.807516875000000000e+05,7.720656250000000000e+05,7.653840625000000000e+05,7.585504375000000000e+05,7.517274375000000000e+05,7.450675625000000000e+05,7.386272500000000000e+05,7.323680000000000000e+05,7.262006875000000000e+05,7.351088750000000000e+05,7.591025625000000000e+05,7.804995000000000000e+05,7.984159375000000000e+05,8.116806250000000000e+05,8.183792500000000000e+05,8.162596250000000000e+05,8.031047500000000000e+05,7.768173750000000000e+05,7.539613750000000000e+05,7.133443125000000000e+05,6.465433750000000000e+05,5.599840000000000000e+05,4.487665625000000000e+05,2.752765937500000000e+05,7.875810156250000000e+04,3.960127197265625000e+03
7.211000000000000000e+05,7.210093750000000000e+05,7.202171875000000000e+05,7.178722500000000000e+05,7.130952500000000000e+05,7.052773125000000000e+05,6.966444375000000000e+05,6.831960000000000000e+05,6.654774375000000000e+05,6.447048125000000000e+05,6.220496250000000000e+05,5.985398750000000000e+05,5.758348750000000000e+05,5.563693750000000000e+05,5.361977500000000000e+05,5.154961562500000000e+05,4.944288125000000000e+05,4.731523125000000000e+05,4.517350312500000000e+05,4.359366875000000000e+05,4.196344375000000000e+05,4.021109375000000000e+05,3.833584687500000000e+05,3.633750000000000000e+05,3.421783437500000000e+05,3.226270625000000000e+05,3.144880000000000000e+05,3.022717812500000000e+05,2.862088750000000000e+05,2.665900312500000000e+05,2.437733281250000000e+05,2.182876562500000000e+05,1.908128281250000000e+05,1.657865468750000000e+05,1.412265468750000000e+05,1.153383203125000000e+05,8.977021875000000000e+04,6.504399218750000000e+04,3.838706250000000000e+04,1.325584667968750000e+04,2.598423095703125000e+03
4.634053750000000000e+05,4.634015000000000000e+05,4.633998750000000000e+05,4.633732500000000000e+05,4.632669687500000000e+05,4.630299062500000000e+05,4.626390937500000000e+05,4.621205937500000000e+05,4.615923125000000000e+05,4.642814375000000000e+05,4.689493437500000000e+05,4.740832500000000000e+05,4.797523437500000000e+05,4.859297500000000000e+05,4.925885312500000000e+05,5.063507500000000000e+05,5.207836562500000000e+05,5.351251875000000000e+05,5.493635625000000000e+05,5.635091875000000000e+05,5.775497500000000000e+05,5.914980000000000000e+05,6.053945625000000000e+05,6.433626875000000000e+05,6.817724375000000000e+05,7.206005000000000000e+05,7.600231250000000000e+05,8.002020000000000000e+05,8.411529375000000000e+05,8.821623750000000000e+05,9.221993125000000000e+05,9.606632500000000000e+05,1.004028625000000000e+06,1.067211750000000000e+06,1.115618750000000000e+06,1.138938875000000000e+06,1.146801375000000000e+06,1.103239875000000000e+06,8.211899375000000000e+05,3.063418437500000000e+05,3.145218554687500000e+04
4.418461500000000000e+06,4.392350500000000000e+06,4.318924500000000000e+06,4.205415500000000000e+06,4.059908250000000000e+06,3.895956500000000000e+06,3.714162750000000000e+06,3.522263000000000000e+06,3.329424250000000000e+06,3.145148500000000000e+06,2.978357750000000000e+06,2.836718750000000000e+06,2.731430250000000000e+06,2.653132500000000000e+06,2.596865000000000000e+06,2.560815000000000000e+06,2.542085500000000000e+06,2.537719750000000000e+06,2.551435000000000000e+06,2.588741250000000000e+06,2.630139500000000000e+06,2.672495000000000000e+06,2.712766750000000000e+06,2.747663500000000000e+06,2.776084750000000000e+06,2.835210500000000000e+06,2.877050000000000000e+06,2.896978750000000000e+06,2.890048000000000000e+06,2.850530250000000000e+06,2.817392500000000000e+06,2.876129500000000000e+06,2.862430250000000000e+06,2.762921750000000000e+06,2.561995250000000000e+06,2.255794750000000000e+06,1.968822000000000000e+06,1.612414125000000000e+06,1.111082625000000000e+06,4.930580625000000000e+05,9.184267187500000000e+04
1.298562250000000000e+06,1.305648125000000000e+06,1.324464000000000000e+06,1.351154125000000000e+06,1.387826625000000000e+06,1.424318875000000000e+06,1.456084000000000000e+06,1.487750500000000000e+06,1.507257750000000000e+06,1.519813500000000000e+06,1.529432500000000000e+06,1.523702125000000000e+06,1.511351500000000000e+06,1.501831375000000000e+06,1.478836250000000000e+06,1.445611500000000000e+06,1.405624750000000000e+06,1.383718125000000000e+06,1.357311125000000000e+06,1.328279000000000000e+06,1.299018875000000000e+06,1.271174125000000000e+06,1.245774000000000000e+06,1.223579250000000000e+06,1.236771375000000000e+06,1.271779625000000000e+06,1.307531250000000000e+06,1.343753375000000000e+06,1.379673250000000000e+06,1.413134250000000000e+06,1.441205125000000000e+06,1.460136375000000000e+06,1.465434625000000000e+06,1.491209000000000000e+06,1.495676000000000000e+06,1.457909375000000000e+06,1.373333000000000000e+06,1.215551500000000000e+06,8.920083125000000000e+05,4.186498437500000000e+05,9.533500000000000000e+04
2.251062031250000000e+05,2.260400468750000000e+05,2.286354375000000000e+05,2.325726406250000000e+05,2.376525468750000000e+05,2.441450781250000000e+05,2.510396875000000000e+05,2.579622031250000000e+05,2.649335625000000000e+05,2.725568437500000000e+05,2.796189062500000000e+05,2.859705937500000000e+05,2.933159062500000000e+05,3.003167812500000000e+05,3.060260937500000000e+05,3.103712500000000000e+05,3.169025625000000000e+05,3.221462187500000000e+05,3.256158437500000000e+05,3.273437500000000000e+05,3.273586875000000000e+05,3.311192187500000000e+05,3.326331250000000000e+05,3.319128125000000000e+05,3.289661562500000000e+05,3.237910625000000000e+05,3.163700312500000000e+05,3.160677812500000000e+05,3.195020937500000000e+05,3.187046875000000000e+05,3.135303750000000000e+05,3.037299687500000000e+05,2.890486875000000000e+05,2.697014687500000000e+05,2.521619218750000000e+05,2.364625781250000000e+05,2.147074843750000000e+05,1.865915156250000000e+05,1.620286718750000000e+05,1.420380625000000000e+05,8.955539062500000000e+04
4.199989500000000000e+06,4.228552000000000000e+06,4.306385500000000000e+06,4.421331500000000000e+06,4.565545000000000000e+06,4.742177000000000000e+06,4.918656500000000000e+06,5.090339500000000000e+06,5.289346000000000000e+06,5.464358500000000000e+06,5.621967500000000000e+06,5.840086000000000000e+06,6.024330500000000000e+06,6.175690000000000000e+06,6.340151000000000000e+06,6.555842500000000000e+06,6.733647500000000000e+06,6.881982500000000000e+06,7.008262000000000000e+06,7.118488500000000000e+06,7.273444000000000000e+06,7.680196500000000000e+06,8.066528000000000000e+06,8.439262000000000000e+06,8.800441000000000000e+06,9.149855000000000000e+06,9.484100000000000000e+06,9.795313000000000000e+06,1.007178700000000000e+07,1.028974800000000000e+07,1.042397200000000000e+07,1.072320900000000000e+07,1.092533300000000000e+07,1.094141900000000000e+07,1.060762600000000000e+07,9.831824000000000000e+06,8.716787000000000000e+06,7.129176000000000000e+06,4.287208000000000000e+06,1.012433500000000000e+06,3.271568603515625000e+03
3.431309500000000000e+06,3.415030000000000000e+06,3.369345750000000000e+06,3.299039000000000000e+06,3.214173250000000000e+06,3.114907750000000000e+06,3.005602500000000000e+06,2.890634250000000000e+06,2.774857250000000000e+06,2.663283250000000000e+06,2.560733250000000000e+06,2.471527000000000000e+06,2.396988250000000000e+06,2.337048750000000000e+06,2.291753000000000000e+06,2.265197000000000000e+06,2.261038250000000000e+06,2.268300000000000000e+06,2.285801000000000000e+06,2.312104750000000000e+06,2.345697250000000000e+06,2.385102500000000000e+06,2.428852750000000000e+06,2.481175500000000000e+06,2.562539000000000000e+06,2.643633000000000000e+06,2.721806250000000000e+06,2.793671250000000000e+06,2.854992750000000000e+06,2.899104750000000000e+06,3.002953500000000000e+06,3.168367000000000000e+06,3.282885750000000000e+06,3.319986500000000000e+06,3.238662250000000000e+06,3.012376750000000000e+06,2.765034000000000000e+06,2.411036000000000000e+06,1.716720750000000000e+06,7.186938125000000000e+05,1.072237578125000000e+05
5.111314500000000000e+06,5.101187500000000000e+06,5.069175000000000000e+06,5.011573500000000000e+06,4.924073000000000000e+06,4.802921000000000000e+06,4.645838000000000000e+06,4.453129500000000000e+06,4.232289500000000000e+06,3.994794250000000000e+06,3.752395750000000000e+06,3.516036250000000000e+06,3.290554250000000000e+06,3.077964750000000000e+06,2.880398000000000000e+06,2.713226500000000000e+06,2.596113000000000000e+06,2.490506000000000000e+06,2.394221250000000000e+06,2.304422500000000000e+06,2.218223750000000000e+06,2.133122000000000000e+06,2.046972375000000000e+06,1.957788500000000000e+06,1.864251625000000000e+06,1.765345875000000000e+06,1.660458750000000000e+06,1.549502125000000000e+06,1.432619750000000000e+06,1.310371875000000000e+06,1.183559125000000000e+06,1.053253625000000000e+06,9.208025000000000000e+05,7.878083750000000000e+05,6.561197500000000000e+05,5.279035000000000000e+05,4.059046250000000000e+05,2.931282812500000000e+05,1.920652187500000000e+05,1.065895468750000000e+05,4.434939062500000000e+04
2.226364000000000000e+06,2.229401500000000000e+06,2.237674500000000000e+06,2.249805000000000000e+06,2.264303750000000000e+06,2.279625500000000000e+06,2.294220500000000000e+06,2.306594250000000000e+06,2.315487500000000000e+06,2.319882750000000000e+06,2.337885250000000000e+06,2.360817000000000000e+06,2.375579750000000000e+06,2.382735500000000000e+06,2.382984750000000000e+06,2.377380750000000000e+06,2.367336000000000000e+06,2.354263500000000000e+06,2.339509750000000000e+06,2.390814000000000000e+06,2.445889000000000000e+06,2.498833000000000000e+06,2.551436250000000000e+06,2.605291250000000000e+06,2.661194750000000000e+06,2.719592000000000000e+06,2.780348250000000000e+06,2.842513750000000000e+06,2.904262000000000000e+06,2.960569250000000000e+06,3.004981500000000000e+06,3.069750500000000000e+06,3.158863250000000000e+06,3.216379000000000000e+06,3.194572500000000000e+06,3.061742500000000000e+06,2.836948750000000000e+06,2.456017000000000000e+06,1.610423500000000000e+06,4.717973750000000000e+05,1.586297167968750000e+04
3.258564250000000000e+06,3.253838250000000000e+06,3.239254500000000000e+06,3.223047750000000000e+06,3.200159500000000000e+06,3.166872250000000000e+06,3.121620000000000000e+06,3.063291000000000000e+06,2.993118000000000000e+06,2.913636000000000000e+06,2.827344000000000000e+06,2.736566000000000000e+06,2.642795000000000000e+06,2.547156250000000000e+06,2.450802000000000000e+06,2.354768750000000000e+06,2.259903250000000000e+06,2.167008500000000000e+06,2.077995500000000000e+06,2.049538000000000000e+06,2.018546875000000000e+06,1.984922250000000000e+06,1.948300500000000000e+06,1.908225750000000000e+06,1.863889375000000000e+06,1.814337125000000000e+06,1.758455625000000000e+06,1.694942750000000000e+06,1.622505625000000000e+06,1.539823125000000000e+06,1.458068250000000000e+06,1.389734625000000000e+06,1.308883250000000000e+06,1.213392750000000000e+06,1.101803125000000000e+06,9.717177500000000000e+05,8.196610625000000000e+05,6.479602500000000000e+05,4.664626250000000000e+05,2.799960625000000000e+05,1.103197968750000000e+05
9.585994000000000000e+06,9.595955000000000000e+06,9.624342000000000000e+06,9.668213000000000000e+06,9.724186000000000000e+06,9.788969000000000000e+06,9.859791000000000000e+06,9.934985000000000000e+06,1.001673400000000000e+07,1.010986800000000000e+07,1.022019700000000000e+07,1.035375400000000000e+07,1.051050700000000000e+07,1.068718100000000000e+07,1.088050200000000000e+07,1.110860200000000000e+07,1.153314700000000000e+07,1.198915000000000000e+07,1.247110200000000000e+07,1.297382300000000000e+07,1.349118000000000000e+07,1.401802900000000000e+07,1.455056200000000000e+07,1.508482300000000000e+07,1.561696400000000000e+07,1.614323900000000000e+07,1.665925000000000000e+07,1.715959200000000000e+07,1.763506200000000000e+07,1.805902000000000000e+07,1.839819600000000000e+07,1.862113200000000000e+07,1.869542400000000000e+07,1.848521200000000000e+07,1.771980400000000000e+07,1.629349400000000000e+07,1.445687300000000000e+07,1.195387400000000000e+07,7.325773500000000000e+06,1.967816500000000000e+06,6.756769531250000000e+04
4.903282000000000000e+06,4.901968500000000000e+06,4.895069000000000000e+06,4.877704000000000000e+06,4.844732000000000000e+06,4.791134000000000000e+06,4.712363500000000000e+06,4.605092500000000000e+06,4.471383000000000000e+06,4.316319500000000000e+06,4.145029000000000000e+06,3.962345250000000000e+06,3.771390750000000000e+06,3.574631750000000000e+06,3.477794500000000000e+06,3.381711000000000000e+06,3.270574750000000000e+06,3.147591250000000000e+06,3.015595500000000000e+06,2.876738500000000000e+06,2.733058750000000000e+06,2.586186500000000000e+06,2.437319500000000000e+06,2.287440000000000000e+06,2.137077750000000000e+06,1.993225125000000000e+06,1.881142500000000000e+06,1.767336750000000000e+06,1.650906875000000000e+06,1.531046000000000000e+06,1.407037500000000000e+06,1.278209000000000000e+06,1.144092250000000000e+06,1.004953750000000000e+06,8.617993125000000000e+05,7.153811250000000000e+05,5.667315000000000000e+05,4.202940000000000000e+05,2.825453437500000000e+05,1.580031718750000000e+05,6.131993750000000000e+04
5.529784375000000000e+05,5.534830625000000000e+05,5.548421875000000000e+05,5.568089375000000000e+05,5.591192500000000000e+05,5.614962500000000000e+05,5.636543125000000000e+05,5.653125000000000000e+05,5.662790625000000000e+05,5.664219375000000000e+05,5.690858750000000000e+05,5.716638125000000000e+05,5.729378750000000000e+05,5.727020625000000000e+05,5.707755000000000000e+05,5.670211875000000000e+05,5.613480000000000000e+05,5.613568125000000000e+05,5.587897500000000000e+05,5.534375625000000000e+05,5.452786875000000000e+05,5.343360000000000000e+05,5.206702500000000000e+05,5.043648125000000000e+05,4.994203437500000000e+05,4.986255000000000000e+05,4.927399375000000000e+05,4.818979062500000000e+05,4.662855000000000000e+05,4.461948125000000000e+05,4.219604062500000000e+05,3.937668437500000000e+05,3.628390000000000000e+05,3.394804062500000000e+05,3.149429375000000000e+05,2.885902500000000000e+05,2.560790937500000000e+05,2.178157343750000000e+05,1.882881562500000000e+05,1.691860781250000000e+05,1.093063515625000000e+05
3.558328250000000000e+06,3.546137750000000000e+06,3.511745750000000000e+06,3.458237500000000000e+06,3.388572250000000000e+06,3.305715750000000000e+06,3.212739250000000000e+06,3.122087500000000000e+06,3.033150750000000000e+06,2.946001250000000000e+06,2.865432750000000000e+06,2.795939250000000000e+06,2.738597500000000000e+06,2.700743000000000000e+06,2.692357000000000000e+06,2.692674000000000000e+06,2.699823250000000000e+06,2.711760250000000000e+06,2.726086750000000000e+06,2.769173250000000000e+06,2.823043000000000000e+06,2.867398250000000000e+06,2.899003500000000000e+06,2.914463500000000000e+06,2.910634000000000000e+06,2.945389250000000000e+06,3.044324000000000000e+06,3.099778750000000000e+06,3.106875750000000000e+06,3.060996500000000000e+06,2.958390000000000000e+06,2.797773750000000000e+06,2.580554500000000000e+06,2.372433000000000000e+06,2.120286000000000000e+06,1.808097000000000000e+06,1.459512750000000000e+06,1.081955750000000000e+06,6.340912500000000000e+05,1.979739531250000000e+05,1.715778515625000000e+04
1.261293281250000000e+05,1.260285625000000000e+05,1.256621171875000000e+05,1.249220234375000000e+05,1.237353437500000000e+05,1.224776875000000000e+05,1.205272187500000000e+05,1.177944296875000000e+05,1.143702265625000000e+05,1.104447109375000000e+05,1.062081562500000000e+05,1.020455156250000000e+05,9.845066406250000000e+04,9.482427343750000000e+04,9.126107812500000000e+04,8.785025000000000000e+04,8.466775000000000000e+04,8.178242968750000000e+04,7.930938281250000000e+04,7.809344531250000000e+04,7.715868750000000000e+04,7.652357031250000000e+04,7.619258593750000000e+04,7.616570312500000000e+04,7.642857031250000000e+04,7.696067187500000000e+04,7.895355468750000000e+04,8.384957031250000000e+04,8.901391406250000000e+04,9.437239843750000000e+04,9.980770312500000000e+04,1.052721640625000000e+05,1.107680859375000000e+05,1.155325468750000000e+05,1.217405312500000000e+05,1.265410078125000000e+05,1.308622187500000000e+05,1.305289062500000000e+05,1.003527968750000000e+05,3.776108984375000000e+04,4.522537109375000000e+03
3.142030625000000000e+05,3.156077187500000000e+05,3.194283750000000000e+05,3.250630937500000000e+05,3.318920937500000000e+05,3.402227500000000000e+05,3.487075000000000000e+05,3.564762812500000000e+05,3.632923750000000000e+05,3.698000312500000000e+05,3.763161562500000000e+05,3.819301875000000000e+05,3.864630625000000000e+05,3.909190625000000000e+05,3.956188750000000000e+05,3.983167812500000000e+05,3.989291250000000000e+05,3.992657812500000000e+05,4.004584062500000000e+05,3.988613750000000000e+05,3.944635625000000000e+05,3.873053437500000000e+05,3.831492500000000000e+05,3.770699062500000000e+05,3.674840937500000000e+05,3.545807187500000000e+05,3.385836875000000000e+05,3.246345000000000000e+05,3.211248750000000000e+05,3.116728750000000000e+05,2.966604062500000000e+05,2.765574375000000000e+05,2.519598437500000000e+05,2.235690000000000000e+05,1.977455937500000000e+05,1.721881562500000000e+05,1.442225937500000000e+05,1.142661406250000000e+05,8.261608593750000000e+04,4.995804687500000000e+04,2.239528125000000000e+04
4.984326000000000000e+06,4.981288500000000000e+06,4.971169500000000000e+06,4.952279000000000000e+06,4.922769500000000000e+06,4.880735000000000000e+06,4.828061500000000000e+06,4.795744500000000000e+06,4.747475500000000000e+06,4.682820500000000000e+06,4.601705500000000000e+06,4.504421000000000000e+06,4.391485000000000000e+06,4.263692500000000000e+06,4.122180000000000000e+06,3.968467750000000000e+06,3.817622750000000000e+06,3.774957250000000000e+06,3.707017750000000000e+06,3.616175500000000000e+06,3.504906000000000000e+06,3.375672250000000000e+06,3.230831250000000000e+06,3.072609250000000000e+06,2.902940000000000000e+06,2.723587750000000000e+06,2.536130500000000000e+06,2.341966750000000000e+06,2.146504500000000000e+06,1.985855875000000000e+06,1.820291125000000000e+06,1.649656750000000000e+06,1.473844375000000000e+06,1.293586875000000000e+06,1.110458625000000000e+06,9.250763750000000000e+05,7.372251875000000000e+05,5.517476875000000000e+05,3.788429062500000000e+05,2.223703593750000000e+05,9.089911718750000000e+04
1.049471328125000000e+05,1.049398750000000000e+05,1.049291640625000000e+05,1.049293359375000000e+05,1.049527421875000000e+05,1.050110000000000000e+05,1.051159687500000000e+05,1.052814375000000000e+05,1.055304765625000000e+05,1.058931171875000000e+05,1.064026406250000000e+05,1.070923281250000000e+05,1.079679296875000000e+05,1.090215703125000000e+05,1.102467109375000000e+05,1.116310546875000000e+05,1.142873984375000000e+05,1.196432265625000000e+05,1.251354843750000000e+05,1.307278125000000000e+05,1.363775781250000000e+05,1.420382031250000000e+05,1.476583281250000000e+05,1.531785781250000000e+05,1.585287968750000000e+05,1.636287500000000000e+05,1.683719218750000000e+05,1.726163437500000000e+05,1.768202343750000000e+05,1.836811718750000000e+05,1.902781718750000000e+05,1.962082343750000000e+05,2.008533906250000000e+05,2.039114531250000000e+05,2.056264218750000000e+05,2.048283281250000000e+05,1.968272343750000000e+05,1.805872656250000000e+05,1.681487500000000000e+05,1.605276250000000000e+05,1.085539687500000000e+05
2.915409000000000000e+06,2.920681000000000000e+06,2.936334250000000000e+06,2.975665000000000000e+06,3.016007000000000000e+06,3.048702250000000000e+06,3.065718000000000000e+06,3.073236250000000000e+06,3.108522250000000000e+06,3.113226750000000000e+06,3.088759000000000000e+06,3.037832000000000000e+06,3.027929750000000000e+06,3.097367250000000000e+06,3.121921750000000000e+06,3.110309500000000000e+06,3.072576000000000000e+06,3.018037000000000000e+06,2.954042500000000000e+06,2.885557750000000000e+06,2.816605000000000000e+06,2.749311250000000000e+06,2.684238500000000000e+06,2.658278250000000000e+06,2.639849000000000000e+06,2.622128750000000000e+06,2.602461750000000000e+06,2.577189250000000000e+06,2.542086000000000000e+06,2.491488500000000000e+06,2.419213250000000000e+06,2.319599500000000000e+06,2.187573750000000000e+06,2.014808375000000000e+06,1.789566750000000000e+06,1.512771875000000000e+06,1.209166500000000000e+06,8.849110625000000000e+05,4.989127187500000000e+05,1.374747812500000000e+05,8.082817382812500000e+03
4.456531500000000000e+06,4.450158000000000000e+06,4.431500500000000000e+06,4.401165000000000000e+06,4.359668000000000000e+06,4.307471000000000000e+06,4.245017000000000000e+06,4.174277500000000000e+06,4.100570000000000000e+06,4.020666500000000000e+06,3.936464750000000000e+06,3.849802750000000000e+06,3.761469750000000000e+06,3.671759000000000000e+06,3.581021750000000000e+06,3.489246500000000000e+06,3.410766250000000000e+06,3.330330500000000000e+06,3.245890250000000000e+06,3.156369750000000000e+06,3.060702000000000000e+06,2.957848500000000000e+06,2.860586250000000000e+06,2.765503750000000000e+06,2.657634000000000000e+06,2.536317750000000000e+06,2.401183500000000000e+06,2.252243500000000000e+06,2.126204500000000000e+06,1.983232125000000000e+06,1.820802625000000000e+06,1.640770750000000000e+06,1.447347875000000000e+06,1.343594250000000000e+06,1.195340875000000000e+06,1.008410625000000000e+06,7.974870000000000000e+05,6.024460625000000000e+05,4.043970937500000000e+05,1.920373281250000000e+05,4.746895312500000000e+04
2.119170750000000000e+06,2.120061750000000000e+06,2.121387250000000000e+06,2.126167750000000000e+06,2.144061750000000000e+06,2.157651250000000000e+06,2.162964500000000000e+06,2.156703750000000000e+06,2.138201750000000000e+06,2.108447000000000000e+06,2.068772750000000000e+06,2.062064500000000000e+06,2.085607125000000000e+06,2.091439875000000000e+06,2.081352750000000000e+06,2.057564500000000000e+06,2.022594000000000000e+06,1.978753750000000000e+06,1.927798250000000000e+06,1.870808625000000000e+06,1.808640500000000000e+06,1.741796125000000000e+06,1.670505250000000000e+06,1.594918500000000000e+06,1.526229250000000000e+06,1.466826750000000000e+06,1.403331000000000000e+06,1.335402625000000000e+06,1.262761000000000000e+06,1.185330750000000000e+06,1.103095875000000000e+06,1.015736437500000000e+06,9.228591875000000000e+05,8.253810625000000000e+05,7.256377500000000000e+05,6.232824375000000000e+05,5.135821562500000000e+05,4.003037187500000000e+05,3.029302187500000000e+05,2.208026250000000000e+05,1.153368046875000000e+05
1.526885125000000000e+06,1.525304625000000000e+06,1.520655375000000000e+06,1.513024000000000000e+06,1.502461500000000000e+06,1.490708000000000000e+06,1.476880875000000000e+06,1.460501875000000000e+06,1.442448625000000000e+06,1.424053500000000000e+06,1.406665000000000000e+06,1.391568375000000000e+06,1.379389250000000000e+06,1.371738000000000000e+06,1.372930125000000000e+06,1.377840000000000000e+06,1.386485250000000000e+06,1.398886625000000000e+06,1.414925625000000000e+06,1.434251625000000000e+06,1.468240500000000000e+06,1.506712875000000000e+06,1.546960875000000000e+06,1.588233875000000000e+06,1.629458250000000000e+06,1.672939875000000000e+06,1.739956625000000000e+06,1.801852625000000000e+06,1.855669000000000000e+06,1.896846125000000000e+06,1.920022875000000000e+06,2.024780625000000000e+06,2.128655750000000000e+06,2.177570000000000000e+06,2.144476500000000000e+06,2.010204250000000000e+06,1.860386500000000000e+06,1.640307500000000000e+06,1.197680125000000000e+06,5.322250000000000000e+05,8.740166406250000000e+04
