6.973040730899585434e+19,7.005416070681775309e+19,7.036734120082695782e+19,7.066972888869791334e+19,7.096109947005855334e+19,7.124123744062983373e+19,7.150992289808619930e+19,7.176694913424162816e+19,7.201210064481707622e+19,7.224517072162652160e+19,7.246594825843743130e+19,7.267423094511029453e+19,7.286982526759862272e+19,7.305121389985608499e+19,7.321947436327790182e+19,7.337442193991060685e+19,7.351587191180073370e+19,7.364363956099481600e+19,7.375754896563240960e+19,7.385742420385307034e+19,7.394309814988937626e+19,7.401440807602041651e+19,7.407118685647876915e+19,7.411327616159003443e+19,7.414053525386585702e+19,7.415130167172503962e+19,7.414691242130695782e+19,7.412723556121627853e+19,7.409213915005766861e+19,7.404150883862183936e+19,7.397522148160647987e+19,7.389315393370927923e+19,7.379520943790699315e+19,7.368128683912986624e+19,7.355128498230814310e+19,7.340512030455811277e+19,7.324270484494955315e+19,7.306232776338964480e+19,7.286553277420378522e+19,7.265226710083384115e+19,7.242247796672167936e+19,7.217610819726265549e+19,7.191311821003816960e+19,7.163347721872264397e+19,7.133715003894398976e+19,7.102411468046965146e+19,7.069436674525311795e+19,7.034788424306183373e+19,6.998468036803533210e+19,6.960308386249939354e+19,6.920477917826777088e+19,6.878979270361953075e+19,6.835816402097327309e+19,6.790991951860806451e+19,6.744511637112854938e+19,6.696379416095332762e+19,6.646601885878006579e+19,6.595185643530643046e+19,6.542139045341613261e+19,6.487469128185334989e+19,6.431185567764132659e+19,6.373138830496628736e+19,6.313500440196756275e+19,6.252283151199397478e+19,6.189497958620830106e+19,6.125158056600587469e+19,6.059277518887505101e+19,5.991870419230418534e+19,5.922952150792116634e+19,5.852538106735388262e+19,5.780644559832324506e+19,5.707289981878272000e+19,5.632491525254624051e+19,5.556127364073023078e+19,5.478362425077635482e+19,5.399216059673110118e+19,5.318709378482700288e+19,5.236864371738961510e+19,5.153703029674449306e+19,5.069248661935672525e+19,4.983524138364488909e+19,4.896554088021360640e+19,4.808362700162098790e+19,4.718975483456467763e+19,4.628418386378883072e+19,4.536606966436331520e+19,4.443684160140423987e+19,4.349677235379529318e+19,4.254614339651318579e+19,4.158522301039509504e+19,4.061428827237122048e+19,3.963360306523222835e+19,3.864342247567576269e+19,3.764398399821342310e+19,3.663550533614750925e+19,3.561815361524544307e+19,3.459204098569325773e+19,3.355630543037477683e+19,3.251166163184805478e+19,3.145773795518290330e+19,3.039386369828637901e+19,2.931894594660047258e+19,2.823132663659049779e+19,2.712857804658232525e+19,2.600727409834380493e+19,2.486273087234061107e+19,2.368878230736417587e+19,2.247766365229914522e+19,2.122019398505358950e+19,1.990014011595502387e+19,1.851606608281757286e+19,1.707127701759433114e+19,1.558671421874792038e+19,1.410866382727282688e+19,1.270994539876502733e+19,1.147861662046984602e+19,1.049480550177308672e+19,9.804912532878524416e+18,9.406599052553879552e+18,9.253770234827898880e+18,9.277747284894810112e+18,9.414459461180850176e+18,9.595798615415062528e+18,9.784805763741384704e+18,9.952937584302751744e+18,1.007479755752079360e+19,1.012350592263127040e+19,1.006733627161470566e+19
7.243099698281368781e+19,7.253155391824356966e+19,7.263611307599855616e+19,7.274435339868333670e+19,7.285594063476306739e+19,7.297054053270290432e+19,7.308780124878195917e+19,7.320735334709329920e+19,7.332883178977650278e+19,7.345185394678510387e+19,7.357603279002612531e+19,7.370096809726705664e+19,7.382624205408934298e+19,7.395139286560931840e+19,7.407594554280378368e+19,7.419947787320767283e+19,7.432153245998383104e+19,7.444167829457417011e+19,7.455944918404851302e+19,7.467440532375574938e+19,7.478606292857965773e+19,7.489395580559006106e+19,7.499761776185678234e+19,7.509657380835662234e+19,7.519034015997335962e+19,7.527780850898619597e+19,7.535901403976722022e+19,7.543345537501416653e+19,7.550066632179685786e+19,7.556015429890605056e+19,7.561142672513250099e+19,7.565399101926696550e+19,7.568737219228624486e+19,7.571108645907411763e+19,7.572463244232831795e+19,7.572755274521169101e+19,7.571937237870103757e+19,7.569838490075004928e+19,7.566524122224236954e+19,7.561949274243386573e+19,7.556066447230133862e+19,7.548832540328670003e+19,7.540201813855279514e+19,7.530131166954153574e+19,7.518577498769483366e+19,7.505499467664064512e+19,7.490855732000692634e+19,7.474604070532861133e+19,7.456708419279178957e+19,7.436955033179206451e+19,7.415472335191067853e+19,7.392225140942674330e+19,7.367177386452634829e+19,7.340296526176767181e+19,7.311550454375540326e+19,7.280907944918725427e+19,7.248339091090046976e+19,7.213816185196485018e+19,7.177311519545019597e+19,7.138800904879839642e+19,7.098258832531180749e+19,7.055455724471163290e+19,7.010573220020695859e+19,6.963593726993734042e+19,6.914499213399582310e+19,6.863273846270800691e+19,6.809903551858553651e+19,6.754376015632610099e+19,6.696680242476692275e+19,6.636807436297777971e+19,6.574750120416798310e+19,6.510502137568637747e+19,6.444060409120738509e+19,6.375202393919638733e+19,6.304148434095544730e+19,6.230899849062409830e+19,6.155460597062094029e+19,6.077836395555061760e+19,5.998034721220381901e+19,5.916064370151076659e+19,5.831936337463423795e+19,5.745663377492305510e+19,5.657260003791208448e+19,5.566741609522921472e+19,5.474126666482791219e+19,5.379229577108049101e+19,5.282281238840528077e+19,5.183304961326736998e+19,5.082324933822486938e+19,4.979367104802193408e+19,4.874457422740271923e+19,4.767622715720440218e+19,4.658889811826416026e+19,4.548283779923312640e+19,4.435828809266941133e+19,4.321544251261950362e+19,4.205442860243222528e+19,4.087346515327057920e+19,3.967417944234367386e+19,3.845612726695388774e+19,3.721849059045015552e+19,3.595990601841403494e+19,3.467823390121787392e+19,3.337027905807135539e+19,3.203139935088200909e+19,3.065504608839480115e+19,2.923224505670382387e+19,2.775112812729886310e+19,2.619664958306543206e+19,2.453959100200701133e+19,2.276971153282249523e+19,2.087727170151304397e+19,1.887144803212407603e+19,1.679310167527863091e+19,1.472194172643232973e+19,1.276885503275800986e+19,1.105044150384643277e+19,9.654424575408078848e+18,8.612750557787979776e+18,7.897763984768499712e+18,7.442334723671588864e+18,7.178302399423971328e+18,7.015622507268931584e+18,6.906343146095902720e+18,6.815221669699780608e+18,6.715191950095417344e+18,6.583162044076261376e+18,6.396898727017054208e+18
7.890960096864659046e+19,7.896790147319778509e+19,7.902686168472564531e+19,7.908628808918368256e+19,7.914599596861843046e+19,7.920578301289037824e+19,7.926545570795303731e+19,7.932478535538783027e+19,7.938354325677617971e+19,7.944149191760648602e+19,7.949836745508808294e+19,7.955392357861634867e+19,7.960787001712155034e+19,7.965971418939444429e+19,7.970932415403969741e+19,7.975639204780153242e+19,7.980060121133114982e+19,7.984164378137277235e+19,7.987916791420551168e+19,7.991283935829452390e+19,7.994233265819798733e+19,7.996727837800896922e+19,7.998731587791355904e+19,8.000207572200482406e+19,8.001119727046885376e+19,8.001363378823600538e+19,8.000956999325974528e+19,7.999861885744709632e+19,7.998038455661205914e+19,7.995445367438258995e+19,7.992042159047966720e+19,7.987788368462426931e+19,7.982642654044435251e+19,7.976563674156787302e+19,7.969510087162278707e+19,7.961438792205100646e+19,7.952309327257350963e+19,7.941964242253932134e+19,7.930465989455301837e+19,7.917774986442860134e+19,7.903846373142193766e+19,7.888640567134702797e+19,7.872114467564578406e+19,7.854228492013220659e+19,7.834940419234122957e+19,7.814209787199383142e+19,7.791996133881099059e+19,7.768259876860670771e+19,7.742961433719498342e+19,7.715897614708768768e+19,7.687186287474979635e+19,7.656789628818135450e+19,7.624672454366147379e+19,7.590796940919019930e+19,7.555129663323268710e+19,7.517634557597502669e+19,7.478279957806841856e+19,7.437031559188499661e+19,7.393860334635502797e+19,7.348734618212971315e+19,7.301624503204629709e+19,7.252297772754691686e+19,7.200926390481741414e+19,7.147484407911363379e+19,7.091947635787746509e+19,7.034293204269033062e+19,6.974499562927318630e+19,6.912546920553303245e+19,6.848415485937686938e+19,6.782088106699076403e+19,6.713549389674682778e+19,6.642784381506368307e+19,6.569779888054599680e+19,6.494297975003126170e+19,6.416553706826340762e+19,6.336539606845174579e+19,6.254249077989860966e+19,6.169677722213888819e+19,6.082822460884700365e+19,5.993682414392993382e+19,5.902258462348070093e+19,5.808552363968534938e+19,5.712567197886945690e+19,5.614310440782371226e+19,5.513787370310624870e+19,5.410783361801964749e+19,5.305535909767990477e+19,5.198056888934282035e+19,5.088360812854326067e+19,4.976462634886260326e+19,4.862376868583571456e+19,4.746120226523001651e+19,4.627708101867339776e+19,4.507155008170072474e+19,4.384472820156779725e+19,4.259668134897228186e+19,4.132740952391417856e+19,4.003463014025422438e+19,3.872008482441081651e+19,3.738310067526775603e+19,3.602254519584843366e+19,3.463663937633910784e+19,3.322269820934474957e+19,3.177675025886583194e+19,3.029308905955419750e+19,2.876368377848057037e+19,2.717753270229742387e+19,2.552002552049487053e+19,2.377251231684257382e+19,2.189845192190302618e+19,1.988386734386393907e+19,1.771424063119215821e+19,1.539675819188682752e+19,1.297607888973332480e+19,1.054403723441838490e+19,8.231961643542642688e+18,6.181363111891566592e+18,4.502588626428755968e+18,3.241322345532489728e+18,2.371972586310467584e+18,1.820173467501199360e+18,1.509963579032338432e+18,1.335925456884465664e+18,1.244383279851765760e+18,1.198650468083957760e+18,1.174621191214727168e+18,1.156613939530825728e+18,1.134107967302402048e+18
8.957297259807401574e+19,8.963467719062480486e+19,8.968843011508351795e+19,8.973393230428739994e+19,8.977090228325974016e+19,8.979905857702382797e+19,8.981810211841690829e+19,8.982776022855529267e+19,8.982773384027622605e+19,8.981775027469601997e+19,8.979753685293098598e+19,8.976679450781836902e+19,8.972525056047448064e+19,8.967150643210878976e+19,8.960635377109329510e+19,8.952954628682337485e+19,8.944080250432231834e+19,8.933988492907852595e+19,8.922652967830133146e+19,8.910048166529309082e+19,8.896150339554220442e+19,8.880936617063009485e+19,8.864381490385911808e+19,8.846464728508976333e+19,8.827163461590345318e+19,8.806313202690503475e+19,8.784030939846646170e+19,8.760298201263426765e+19,8.735096515145498624e+19,8.708405650478910669e+19,8.680209774296222925e+19,8.650491294411390976e+19,8.619236137075579290e+19,8.586427589712045670e+19,8.552052458181256806e+19,8.516097548343679386e+19,8.478550545669082317e+19,8.439238167124928102e+19,8.398309946292594278e+19,8.355757966688360858e+19,8.311574311828507853e+19,8.265750185620013056e+19,8.218281190016365363e+19,8.169162047361751450e+19,8.118390118828264653e+19,8.065961006369393869e+19,8.011874709985139098e+19,7.956129470456895898e+19,7.898727047003268710e+19,7.839502952684742246e+19,7.778626072487342899e+19,7.716103443285488435e+19,7.651937703907085517e+19,7.586136770835854131e+19,7.518708560555514266e+19,7.449661869159088128e+19,7.379006372348900147e+19,7.306753944850530304e+19,7.232916901194209690e+19,7.157508875324122726e+19,7.080544820598407168e+19,7.001887957770567680e+19,6.921711130068490650e+19,6.840033688896824934e+19,6.756874545855568282e+19,6.672254811567973990e+19,6.586195596657295360e+19,6.498719770965390131e+19,6.409851963552720486e+19,6.319616363675097498e+19,6.228038919806936678e+19,6.135146460031955763e+19,6.040966692043174707e+19,5.945406817059209216e+19,5.848626044363761254e+19,5.750654280673106330e+19,5.651524071531426611e+19,5.551268402287555379e+19,5.449920258290325914e+19,5.347515263716478157e+19,5.244088163133449830e+19,5.139674580717980877e+19,5.034311899865415680e+19,4.928037503971098624e+19,4.820889216235025203e+19,4.712827014433944371e+19,4.603978002112027034e+19,4.494381761687873126e+19,4.384078315384733696e+19,4.273108125230510899e+19,4.161510773643804672e+19,4.049325843043214950e+19,3.936592036238039450e+19,3.823346736623622554e+19,3.709623809158099763e+19,3.595455139678676582e+19,3.480865797050466304e+19,3.365834010943238963e+19,3.250403102115128934e+19,3.134554818673115136e+19,3.018244520445109862e+19,2.901389963961355469e+19,2.783857228705588838e+19,2.665442905026671411e+19,2.545852543710684774e+19,2.424676246822794035e+19,2.301363818744460083e+19,2.175212231740882944e+19,2.045370683714489549e+19,1.910348896604992307e+19,1.769828891649638400e+19,1.623872351450746061e+19,1.474012215119760589e+19,1.323966041421355418e+19,1.179823475505967923e+19,1.049168398826183066e+19,9.391329035067326464e+18,8.541376310226714624e+18,7.944765907832668160e+18,7.566001744249880576e+18,7.348501301845557248e+18,7.239115288044634112e+18,7.178388711086751744e+18,7.134907974010535936e+18,7.085466784400146432e+18,7.011129353002024960e+18,6.893862589609017344e+18,6.714217782793207808e+18
9.559455797875205734e+19,9.567401308702166221e+19,9.574696788254785536e+19,9.581308811379579290e+19,9.587200434485854208e+19,9.592336473201521459e+19,9.596679983935887770e+19,9.600196661926166528e+19,9.602846924753757798e+19,9.604596467655874970e+19,9.605407467432522547e+19,9.605242980493007258e+19,9.604066942855938048e+19,9.601732459767844045e+19,9.598303742707787366e+19,9.593742968475772518e+19,9.588015832309012890e+19,9.581083631398210765e+19,9.572911181371277312e+19,9.563462418246821478e+19,9.552702157652754432e+19,9.540593455998382899e+19,9.527102888130222490e+19,9.512194390066882150e+19,9.495836295873481933e+19,9.477840369159346586e+19,9.458319199915160371e+19,9.437240242596741120e+19,9.414572710878511104e+19,9.390284938825590374e+19,9.364348778940307866e+19,9.336730806069179187e+19,9.307405511542439936e+19,9.276343868253116826e+19,9.243519487922143232e+19,9.208905102661150310e+19,9.172476963018978099e+19,9.134022203544489165e+19,9.093701792739989914e+19,9.051492860763622605e+19,9.007374296992133939e+19,8.961326750020875059e+19,8.913332627663801549e+19,8.863372578516264550e+19,8.811433408438730752e+19,8.757497525245155738e+19,8.701552614405308416e+19,8.643587240998259917e+19,8.583589090493779149e+19,8.521343538222124237e+19,8.457045857448388198e+19,8.390689890907455488e+19,8.322270360943512781e+19,8.251783749119351194e+19,8.179228296216366285e+19,8.104601363406651392e+19,8.027905589518113178e+19,7.949141854160053862e+19,7.868314555378984550e+19,7.785427211612114125e+19,7.700488618952464794e+19,7.613301744916339098e+19,7.524082973392083354e+19,7.432842859691324211e+19,7.339595037758246093e+19,7.244354021146335642e+19,7.147135642823032832e+19,7.047957494974382080e+19,6.946838929005032243e+19,6.843800615733585510e+19,6.738864105587946291e+19,6.632052268409972326e+19,6.523391492478730240e+19,6.412728285970982502e+19,6.300275514337866547e+19,6.186063524100308992e+19,6.070123541388538675e+19,5.952487232137435546e+19,5.833189780719088435e+19,5.712264612286981734e+19,5.589749110236459827e+19,5.465681097767518208e+19,5.340098837884803482e+19,5.213042792616217805e+19,5.084553863794314445e+19,4.954540572051662438e+19,4.823190274169634816e+19,4.690547390417993728e+19,4.556656780871152435e+19,4.421563745408175309e+19,4.285314903322080051e+19,4.147955554491931034e+19,4.009530119187490406e+19,3.870082577873869210e+19,3.729653832383620710e+19,3.588279506893484851e+19,3.445990827533690470e+19,3.302719844485641011e+19,3.158559356530720768e+19,3.013486713729397555e+19,2.867447820109584794e+19,2.720342400210829312e+19,2.572007726312220262e+19,2.422198167516112486e+19,2.270558581566734336e+19,2.116596827059493274e+19,1.959659794087490355e+19,1.798919990199661363e+19,1.633396541072867328e+19,1.461372119495684915e+19,1.282683228089063834e+19,1.097708648608772915e+19,9.087416324568645632e+18,7.208274536641331200e+18,5.418881484842860544e+18,3.814967248557178880e+18,2.483653280878559232e+18,1.475557523737018368e+18,7.886690390848307200e+17,3.739674753871380480e+17,1.586345998978908160e+17,7.745386825803366400e+16,6.069630602838016000e+16,7.577092827276902400e+16,1.029885483443814400e+17,1.313667372988497920e+17,1.552940602344079360e+17,1.721804628930068480e+17
7.716225708978497126e+19,7.710665698579159450e+19,7.703227722319580365e+19,7.693934650041617613e+19,7.682809351587128934e+19,7.669876456016576512e+19,7.655162351609026970e+19,7.638695185862151373e+19,7.620504865492225229e+19,7.600620417606221824e+19,7.579074387748323328e+19,7.555899321462711910e+19,7.531130403121476403e+19,7.504651524296723661e+19,7.476657078644244480e+19,7.447184889364034355e+19,7.416275418483995443e+19,7.383966489204123238e+19,7.350298563552319898e+19,7.315312103556487578e+19,7.279048450853830656e+19,7.241550266495506842e+19,7.202859331923371622e+19,7.163019187797884928e+19,7.122073374779506688e+19,7.079963398849639219e+19,7.036845390659426714e+19,6.992762011260026880e+19,6.947758120725852979e+19,6.901877699522016051e+19,6.855165167918278246e+19,6.807664066575099494e+19,6.759417936152939725e+19,6.710470757116909978e+19,6.660865630322819072e+19,6.610645216821824717e+19,6.559851737860433510e+19,6.508479475978181018e+19,6.456626067807613747e+19,6.404332415181284966e+19,6.351637660713143501e+19,6.298580947017138176e+19,6.245200537097915597e+19,6.191532934741517926e+19,6.137614643733987328e+19,6.083481288252063744e+19,6.029166293449231565e+19,5.974703084478975181e+19,5.920124206885476762e+19,5.865454729533849600e+19,5.810735554256646963e+19,5.755995268356191027e+19,5.701258940697595085e+19,5.646552959559925760e+19,5.591900634589691904e+19,5.537324835628751258e+19,5.482845793691054899e+19,5.428483299985902797e+19,5.374256266113292698e+19,5.320180525040664576e+19,5.266271030126156186e+19,5.212561206523251917e+19,5.159045776576138445e+19,5.105734415987140198e+19,5.052635041239977165e+19,4.999754689209067110e+19,4.947099077354874470e+19,4.894671284309957018e+19,4.842473509097570304e+19,4.790506191522365440e+19,4.738768451975040205e+19,4.687257651627687936e+19,4.635969392433797530e+19,4.584919507360808960e+19,4.534077649887795610e+19,4.483434584117084160e+19,4.432980634346350182e+19,4.382703046240711475e+19,4.332588625660634726e+19,4.282623298857284403e+19,4.232790353253918310e+19,4.183072636469143142e+19,4.133452116512263373e+19,4.083909002173979034e+19,4.034421303221734605e+19,3.984968348836927898e+19,3.935520232303283405e+19,3.886051884755687834e+19,3.836536478110423450e+19,3.786946304674470298e+19,3.737251457731552870e+19,3.687419831542140109e+19,3.637416681538794291e+19,3.587203524814543258e+19,3.536736820708927078e+19,3.485965551882416947e+19,3.434828365586182963e+19,3.383192440815589786e+19,3.330983890389250867e+19,3.278053400628114227e+19,3.224190744908949094e+19,3.169097295873651507e+19,3.112342704671109939e+19,3.053302448696747622e+19,2.991070970173928243e+19,2.924339410460947251e+19,2.851233102232446566e+19,2.769104861293392691e+19,2.674290675095384883e+19,2.559296492285827482e+19,2.418668735190951526e+19,2.245072561741863322e+19,2.032338172390460621e+19,1.778448403104425574e+19,1.488875083450548224e+19,1.178263488408479334e+19,8.685548672907214848e+18,5.834447951874752512e+18,3.414178217802596352e+18,1.510104453959647232e+18,1.077043365360435200e+17,8.975361199046656000e+15,0.000000000000000000e+00,0.000000000000000000e+00,0.000000000000000000e+00,0.000000000000000000e+00,0.000000000000000000e+00,0.000000000000000000e+00
7.636471533546137190e+19,7.634327046067322880e+19,7.631024113137483776e+19,7.626568892021735424e+19,7.620968419594495590e+19,7.614230612339484262e+19,7.606362507131119206e+19,7.597372900062422630e+19,7.587271466835718963e+19,7.576066123934728192e+19,7.563767426671076966e+19,7.550386809965694157e+19,7.535933949520904192e+19,7.520317365969276109e+19,7.503654926957307494e+19,7.485958947015229440e+19,7.467244379501179699e+19,7.447523538945389363e+19,7.426810499096693965e+19,7.405119333703929037e+19,7.382465875734534554e+19,7.358863759132694938e+19,7.334329696475152384e+19,7.308879080924695757e+19,7.282529064862718362e+19,7.255209279545042534e+19,7.227027037306539213e+19,7.198000370137903923e+19,7.168145990615878861e+19,7.137483250145112883e+19,7.106029301106999296e+19,7.073803934710838067e+19,7.040825182947324723e+19,7.007112837025759232e+19,6.972685808546139341e+19,6.937563888717765018e+19,6.901766428945285120e+19,6.865251207982193050e+19,6.828105307149408666e+19,6.790348957460883046e+19,6.752002829735218381e+19,6.713087594791016858e+19,6.673623923446880666e+19,6.633632486521411994e+19,6.593134834442515251e+19,6.552150758419490406e+19,6.510702248684892979e+19,6.468809536252674048e+19,6.426494611355389133e+19,6.383739881806993818e+19,6.340608679477248000e+19,6.297122994598707200e+19,6.253302618380671386e+19,6.209169101251044966e+19,6.164742674223779021e+19,6.120045327531429069e+19,6.075095972773992858e+19,6.029916160379374797e+19,5.984525681556874854e+19,5.938945207125095219e+19,5.893194968097986970e+19,5.847281561545316762e+19,5.801242370862428979e+19,5.755096307649321370e+19,5.708863602919945011e+19,5.662561848860344320e+19,5.616210396875168154e+19,5.569828158564414259e+19,5.523433605723429274e+19,5.477044330538257613e+19,5.430677925194943693e+19,5.384352421684183040e+19,5.338085412192020070e+19,5.291901965583568077e+19,5.245813516779755930e+19,5.199836778357325824e+19,5.153986703674415514e+19,5.108279125698464973e+19,5.062729437592263066e+19,5.017352592713947546e+19,4.972161785203051725e+19,4.927172408222364467e+19,4.882397655911419085e+19,4.837850722409748890e+19,4.793544362052236083e+19,4.749517277648178381e+19,4.705758034276646912e+19,4.662277187249268326e+19,4.619085291877669274e+19,4.576191144254871962e+19,4.533603100669247488e+19,4.491327758190562509e+19,4.449369954669979238e+19,4.407731009521451008e+19,4.366409603331024486e+19,4.325395180787073024e+19,4.284671908922156646e+19,4.244229672229299814e+19,4.203980069973629338e+19,4.163831182983063142e+19,4.123639195136688128e+19,4.083185083718251315e+19,4.042135476802211021e+19,3.999989436890952499e+19,3.956001495100843622e+19,3.909071699999457280e+19,3.857600921875356058e+19,3.799297778496254771e+19,3.730949936690443059e+19,3.646005406668003738e+19,3.539343982680709530e+19,3.404082941841008230e+19,3.234068097665912013e+19,3.026488218825523200e+19,2.784938928244994867e+19,2.521195555653156864e+19,2.253914174545461248e+19,2.003990343700814234e+19,1.788389967340450611e+19,1.615651742814516019e+19,1.485418218892820480e+19,1.393889703292095693e+19,1.327982777299946701e+19,1.279577767447573299e+19,1.241704869526503424e+19,1.208411107681632256e+19,1.174398045329870029e+19,1.134655207983441510e+19
8.364531189868711117e+19,8.367655562110199398e+19,8.370020831523871130e+19,8.371612924360890778e+19,8.372416007653818368e+19,8.372416887263120589e+19,8.371602369049264128e+19,8.369955740435506790e+19,8.367464686891617485e+19,8.364115134668760678e+19,8.359891250799496397e+19,8.354780720753593549e+19,8.348769470782216602e+19,8.341750188550494618e+19,8.333800279677023027e+19,8.324905670412966298e+19,8.315054046228093338e+19,8.304231333373568614e+19,8.292425217319161037e+19,8.279624263143941734e+19,8.265814397099075174e+19,8.250985063872934707e+19,8.235122189716684800e+19,8.218216978537303245e+19,8.200256236195256730e+19,8.181122974653349888e+19,8.160910432497618125e+19,8.139609813635039232e+19,8.117210562753986560e+19,8.093703883761437901e+19,8.069080100955068826e+19,8.043331297851159347e+19,8.016449557965989478e+19,7.988426964815839232e+19,7.959255601916988621e+19,7.928929312004322099e+19,7.897440178594119680e+19,7.864667695211977114e+19,7.830720933411369779e+19,7.795595495145786573e+19,7.759287861978018611e+19,7.721793635861554790e+19,7.683109298359186227e+19,7.643233969861610701e+19,7.602165011540921549e+19,7.559899784569212109e+19,7.516438288946482381e+19,7.471780524672732365e+19,7.425927371357264282e+19,7.378759202134976102e+19,7.330397842894225408e+19,7.280845932462918861e+19,7.230106549473614234e+19,7.178183212363520410e+19,7.125079879374497382e+19,7.070801828162358477e+19,7.015354776187568128e+19,6.958744440910590771e+19,6.900977419401193062e+19,6.842062067947746099e+19,6.782006303033969869e+19,6.720706330762202317e+19,6.658286176044056576e+19,6.594756394191159296e+19,6.530127540515137126e+19,6.464411489741570048e+19,6.397620116596038042e+19,6.329766175413423309e+19,6.260864179747212493e+19,6.190927323736938906e+19,6.119970560740740301e+19,6.048008844116754432e+19,5.975059326246374605e+19,5.901042842292400947e+19,5.826074621073424384e+19,5.750174453798744883e+19,5.673359932654406861e+19,5.595650409045059174e+19,5.517065674180001792e+19,5.437625519268534682e+19,5.357351054933911142e+19,5.276263391799384474e+19,5.194384080292859085e+19,5.111735990256192717e+19,5.028341111921940890e+19,4.944153265801737011e+19,4.859270088528127590e+19,4.773715329552272589e+19,4.687513178129983078e+19,4.600686064298465690e+19,4.513257297704229274e+19,4.425248428775178240e+19,4.336679688525263667e+19,4.247567789531227750e+19,4.157926365737254912e+19,4.067761574408460698e+19,3.977070776716938445e+19,3.885777886458046054e+19,3.793888181287596851e+19,3.701315019689322086e+19,3.607917664174866432e+19,3.513474453200070246e+19,3.417644758062648525e+19,3.319916866051034317e+19,3.219534313165317734e+19,3.115397807680048333e+19,3.005937686795413094e+19,2.888958885497720013e+19,2.761470732159418368e+19,2.617479568995175629e+19,2.452934135461288346e+19,2.262634621167678259e+19,2.042872813198508032e+19,1.793855969495613440e+19,1.522130912144261120e+19,1.241378864328867840e+19,9.702399566262829056e+18,7.274157823133483008e+18,5.261285184698843136e+18,3.708933645709344768e+18,2.582483708174925824e+18,1.825827843485990912e+18,1.308858641704550400e+18,9.594670379046010880e+17,7.231454990533918720e+17,5.609977018067189760e+17,4.463931653022023680e+17,3.616496809809018880e+17
8.670958923264766771e+19,8.676989524640792576e+19,8.682826611970329805e+19,8.688446435802218496e+19,8.693819089420183142e+19,8.698919064154459341e+19,8.703719971725980467e+19,8.708191905418471014e+19,8.712308476952864358e+19,8.716041538831489434e+19,8.719362063947372954e+19,8.722241904802843853e+19,8.724653793509533286e+19,8.726514167183730278e+19,8.727841497620781466e+19,8.728607637323015782e+19,8.728784438792762163e+19,8.728341995313745101e+19,8.727253038997595750e+19,8.725487663128038605e+19,8.723018599816704819e+19,8.719817701565923328e+19,8.715856820878023066e+19,8.711108689864635187e+19,8.705546040637390848e+19,8.699053644377699123e+19,8.691686916471599923e+19,8.683418589030724403e+19,8.674224912603912602e+19,8.664078619302795674e+19,8.652955080066911437e+19,8.640830545445099930e+19,8.627680386376898970e+19,8.613481733020450816e+19,8.598212595143199949e+19,8.581850102903288627e+19,8.564371386458859110e+19,8.545641865586671616e+19,8.525750380826250445e+19,8.504681099210155622e+19,8.482412910115133850e+19,8.458929100964442931e+19,8.434212959181340672e+19,8.408248651798387098e+19,8.381019466238840013e+19,8.352511328753863885e+19,8.322711924813227622e+19,8.291608060277397914e+19,8.259188300225445888e+19,8.225307509122505114e+19,8.190087073052282061e+19,8.153519075531056742e+19,8.115596479684411392e+19,8.076311369028626022e+19,8.035659345517189530e+19,7.993636011103590810e+19,7.950236088132016538e+19,7.905457817383862272e+19,7.859299439640523571e+19,7.811761834511302656e+19,7.762844122386897306e+19,7.712409963825463296e+19,7.660601855533960397e+19,7.607422436340295270e+19,7.552877863509583462e+19,7.496974294306940518e+19,7.439717006388179763e+19,7.381116555064927846e+19,7.321180856820904755e+19,7.259920466967737139e+19,7.197346820426353869e+19,7.133472671531637146e+19,7.068310774618469171e+19,7.001750298914770125e+19,6.933935500346104218e+19,6.864883531293864755e+19,6.794611544139445043e+19,6.723138890287493939e+19,6.650484041533358080e+19,6.576668108500290765e+19,6.501712201811545293e+19,6.425638311699677184e+19,6.348470627420497510e+19,6.270231579011212902e+19,6.190946235336936653e+19,6.110540709216282214e+19,6.029146062435280486e+19,5.946788683272998093e+19,5.863494520203850547e+19,5.779290841116206694e+19,5.694202714875179827e+19,5.608255210345883238e+19,5.521470757565523558e+19,5.433869147743400755e+19,5.345462695409745920e+19,5.256257557829674598e+19,5.166245378714815693e+19,5.075309609832624947e+19,4.983460366690077901e+19,4.890577142812770304e+19,4.796460266889098035e+19,4.700796158202819379e+19,4.603099712223759565e+19,4.502638654207819776e+19,4.398319629792339558e+19,4.288537791805417062e+19,4.170974490126398259e+19,4.042341305378930688e+19,3.898088458447277261e+19,3.728949705137192960e+19,3.528243753091334144e+19,3.287108978394477363e+19,2.998351496368409805e+19,2.660189878273808794e+19,2.280331260816732979e+19,1.877857008590258176e+19,1.480598399721301606e+19,1.118021136371469517e+19,8.125326058078601216e+18,5.737943266549039104e+18,3.989834952228208640e+18,2.813602426722975744e+18,2.018290344541552640e+18,1.495995795629932544e+18,1.163591852637552640e+18,9.612683128288051200e+17,8.483947855835299840e+17,7.989136012376801280e+17
4.008584539187603046e+19,4.011705832796533555e+19,4.014718934461290906e+19,4.017616807307457331e+19,4.020393733874568397e+19,4.023042677288206336e+19,4.025555721064651162e+19,4.027927147743438438e+19,4.030147721426894848e+19,4.032210845045253734e+19,4.034107722505492890e+19,4.035829997519241216e+19,4.037370193407429837e+19,4.038698403453783245e+19,4.039824303360625869e+19,4.040738657230284390e+19,4.041431349555783270e+19,4.041894024048751411e+19,4.042116125397562163e+19,4.042087977899891098e+19,4.041799466048762675e+19,4.041240034532550246e+19,4.040400447453580493e+19,4.039268830086273434e+19,4.037835066923653530e+19,4.036056057109911962e+19,4.033951152049697587e+19,4.031508916822081536e+19,4.028719235920088269e+19,4.025570674422788915e+19,4.022051357604603494e+19,4.018151169958556467e+19,4.013858676563718963e+19,4.009162442499162112e+19,4.004051472648608154e+19,3.998514332091128218e+19,3.992540465515095654e+19,3.986072258511215002e+19,3.979142696428319539e+19,3.971739904540829286e+19,3.963854207146419814e+19,3.955474169324162253e+19,3.946589235762429952e+19,3.937188851149596262e+19,3.927262899978685645e+19,3.916800826938071450e+19,3.905792516520778138e+19,3.894227853219830170e+19,3.882097161332903117e+19,3.869332710943725978e+19,3.855982000954618675e+19,3.842034915858605670e+19,3.827483539171966976e+19,3.812319074801680384e+19,3.796532726654723686e+19,3.780117897661330227e+19,3.763065791728477798e+19,3.745369371981748634e+19,3.727020721937422746e+19,3.708014563939686810e+19,3.688343421309471949e+19,3.667933846670042726e+19,3.646846093258601267e+19,3.625075763028636467e+19,3.602617578324335002e+19,3.579466921196860211e+19,3.555619833404352102e+19,3.531072796509601792e+19,3.505822292075400397e+19,3.479865461371515699e+19,3.453200105374692147e+19,3.425824025061674189e+19,3.397735681116182938e+19,3.368862285868459622e+19,3.339275307574309683e+19,3.308974086526756454e+19,3.277958842628125491e+19,3.246231115194695680e+19,3.213791783835769242e+19,3.180642827672276173e+19,3.146786445727472026e+19,3.112225496731589018e+19,3.076963059317184922e+19,3.041002871823794176e+19,3.004349112395602330e+19,2.966937789455872819e+19,2.928843449892968858e+19,2.890071591265029325e+19,2.850627491227867546e+19,2.810517087144273510e+19,2.769746096474711654e+19,2.728319357070344192e+19,2.686241486880007782e+19,2.643515784438585754e+19,2.600142469648403661e+19,2.556118903681554842e+19,2.511436950151993754e+19,2.466008428227172762e+19,2.419863244623367373e+19,2.372943565028956570e+19,2.325156150857904947e+19,2.276358285500927181e+19,2.226332045753398067e+19,2.174752196075821466e+19,2.121137370277557043e+19,2.064786959549385933e+19,2.004696010263520870e+19,1.939451649978269696e+19,1.867116759107816653e+19,1.783746070029375898e+19,1.686655125103732326e+19,1.572304376498749440e+19,1.438022340812419891e+19,1.283604288979651789e+19,1.112973828244163789e+19,9.348221582188740608e+18,7.612940445395451904e+18,6.048273826419048448e+18,4.744721977585958912e+18,3.736429407863046144e+18,3.004525748938604544e+18,2.514540211770228736e+18,2.181734672155803648e+18,1.958029823074893824e+18,1.806042544061022208e+18,1.697854997934374912e+18,1.612786333049159680e+18,1.535170432854917120e+18
4.900953014141766861e+19,4.893780679891458458e+19,4.884572929715811123e+19,4.873360549940402586e+19,4.860176086109415014e+19,4.845053842985635021e+19,4.828028565136500326e+19,4.809136756348053094e+19,4.788416679624939930e+19,4.765906597971807437e+19,4.741647413221208883e+19,4.715680027205697536e+19,4.688047540781082214e+19,4.658636044542725325e+19,4.627657084527810970e+19,4.595157280029356851e+19,4.561181930926427341e+19,4.525779415730644582e+19,4.488997233344328499e+19,4.450884641888403456e+19,4.411491339288444928e+19,4.370867023470028390e+19,4.329061832163380429e+19,4.286128102121983181e+19,4.242115971076063232e+19,4.196981458560509542e+19,4.150884653468326298e+19,4.103877892552995635e+19,4.056013512567999693e+19,4.007343850266820608e+19,3.957922122012242739e+19,3.907800664557748224e+19,3.857031374852168090e+19,3.805667469258286694e+19,3.753760844724935066e+19,3.701362518591642010e+19,3.648525047514215219e+19,3.595266683385675776e+19,3.541681984206012416e+19,3.487820647900800614e+19,3.433732592297941402e+19,3.379466635713708032e+19,3.325070936757397094e+19,3.270593214233654067e+19,3.216080087435496653e+19,3.161577735851291443e+19,3.107131019555451699e+19,3.052784578720065126e+19,2.998581514200940544e+19,2.944588016598070067e+19,2.890830694092845875e+19,2.837349349006193459e+19,2.784182904049736090e+19,2.731368962521143706e+19,2.678944248108784026e+19,2.626943725282420326e+19,2.575401698804839219e+19,2.524351154024873984e+19,2.473823756877404570e+19,2.423849414078706483e+19,2.374457152735753011e+19,2.325738892020626227e+19,2.277662306291469517e+19,2.230251584804093952e+19,2.183529597400357274e+19,2.137517674605838336e+19,2.092236487239139328e+19,2.047704287193281331e+19,2.003938666654308762e+19,1.960955018785010483e+19,1.918768296943524250e+19,1.877391035562406707e+19,1.836834999416075059e+19,1.797194196748704154e+19,1.758394630427744666e+19,1.720443117425288806e+19,1.683344715494824346e+19,1.647103492829374054e+19,1.611721758403356262e+19,1.577200831630724301e+19,1.543540272706827059e+19,1.510738542315385651e+19,1.478792671775005082e+19,1.447698372990337024e+19,1.417450148403242598e+19,1.388124084218363904e+19,1.359626941849665536e+19,1.331948935643660288e+19,1.305078740630582067e+19,1.279004152231362560e+19,1.253711206648329011e+19,1.229184620669855334e+19,1.205407461816873779e+19,1.182361038391712154e+19,1.160023909917628826e+19,1.138372326943463834e+19,1.117378361873871667e+19,1.097066313915826176e+19,1.077326561760038093e+19,1.058102700460002509e+19,1.039320073176193434e+19,1.020876535278390477e+19,1.002630249766610534e+19,9.843804458176217088e+18,9.658408106035511296e+18,9.466016660918894592e+18,9.260791716082876416e+18,9.034497929435414528e+18,8.775708626384846848e+18,8.461598495294357504e+18,8.073952476782395392e+18,7.588750639828566016e+18,6.984624525702856704e+18,6.251958355464552448e+18,5.403510312286552064e+18,4.480493665390690304e+18,3.547961569990148096e+18,2.678608787111149568e+18,1.931356358179815424e+18,1.335863059599589376e+18,8.910953504403619840e+17,5.850179764244971520e+17,3.733927056837181440e+17,2.304777376287948800e+17,1.358035931344404480e+17,7.413403033691750400e+16,3.464368939335680000e+16,1.051652807196672000e+16
4.408480436646943130e+19,4.411161485800112128e+19,4.413609438488192614e+19,4.415817257836766822e+19,4.417780105994672538e+19,4.419489626673538662e+19,4.420938782998947430e+19,4.422119658487178854e+19,4.423024336654512947e+19,4.423644021407927501e+19,4.423969916654400307e+19,4.423992346691606938e+19,4.423701635817222963e+19,4.423053803566137344e+19,4.422070400366254490e+19,4.420739111687343309e+19,4.419049382217777152e+19,4.416989337231976038e+19,4.414547102004359987e+19,4.411709922200046797e+19,4.408465483288805376e+19,4.404801030935753523e+19,4.400702491392055706e+19,4.396157110322829722e+19,4.391151253783891149e+19,4.385621150100828979e+19,4.379598465208523162e+19,4.373068685553487053e+19,4.366017737386885120e+19,4.358430227545928499e+19,4.350290762867828326e+19,4.341584389994446848e+19,4.332296155567646310e+19,4.322410226619986739e+19,4.311911209988679270e+19,4.300783712510935040e+19,4.289011021610011853e+19,4.276510893816152064e+19,4.263331267836326707e+19,4.249455870898444698e+19,4.234870629253670502e+19,4.219558830325261926e+19,4.203505080950430106e+19,4.186693987966386176e+19,4.169110598014992384e+19,4.150739078128808755e+19,4.131565354558999757e+19,4.111573594338125414e+19,4.090749283912699085e+19,4.068992147822267597e+19,4.046371235397055283e+19,4.022872912692877722e+19,3.998483105960899379e+19,3.973189060866238054e+19,3.946977583269360435e+19,3.919835918835384320e+19,3.891753072448031949e+19,3.862716729577072230e+19,3.832715455301576294e+19,3.801738254505266381e+19,3.769775011681166950e+19,3.736715335861849293e+19,3.702648067586837709e+19,3.667564850567761101e+19,3.631457108613922816e+19,3.594317365046253978e+19,3.556138802892662374e+19,3.516914825083381350e+19,3.476639494255620915e+19,3.435307532753567744e+19,3.392914762433036288e+19,3.349456345442864333e+19,3.304929642955145216e+19,3.259224703807101338e+19,3.212446421408022528e+19,3.164593696246281011e+19,3.115666528321876787e+19,3.065665577341786522e+19,3.014591503012986880e+19,2.962446504358733414e+19,2.909233220206932787e+19,2.854954949092468326e+19,2.799615869159525581e+19,2.743220818259266765e+19,2.685775513852156314e+19,2.627182979012624384e+19,2.567555144024378573e+19,2.506899925371138867e+19,2.445226339048253030e+19,2.382543181148743270e+19,2.318859907472608461e+19,2.254185753917521920e+19,2.188530396185808077e+19,2.121903070175140250e+19,2.054311252564587315e+19,1.985761980228567040e+19,1.916258111897311642e+19,1.845703330352227942e+19,1.774184497011910246e+19,1.701682920178686362e+19,1.628167813526978560e+19,1.553592117959118029e+19,1.477889203070461542e+19,1.400970118370322022e+19,1.322724033086619648e+19,1.243025163089136845e+19,1.161750802880213811e+19,1.078819698550557901e+19,9.942606573048168448e+18,9.082972098569175040e+18,8.220130348671959040e+18,7.371350802738184192e+18,6.563633618055331840e+18,5.832018580933181440e+18,5.212385504565133312e+18,4.729781813587738624e+18,4.387584108209897472e+18,4.163819473184227328e+18,4.017802404870225920e+18,3.904258587848867840e+18,3.786895067432615936e+18,3.641383499589484544e+18,3.464012207942008832e+18,3.257168232234090496e+18,3.025939837401169920e+18,2.775797643547246592e+18,2.511421447038042112e+18,2.236384660663828480e+18
8.434017685916247654e+19,8.442934285412859904e+19,8.452010973802476339e+19,8.461220483196728115e+19,8.470531147660735283e+19,8.479913060478222336e+19,8.489334555714309325e+19,8.498763967434116301e+19,8.508166111265554432e+19,8.517506682445837107e+19,8.526751376212177715e+19,8.535861489755278541e+19,8.544800959093748531e+19,8.553505572748525568e+19,8.561953340487054131e+19,8.570103800281432064e+19,8.577917369713059430e+19,8.585351827535429632e+19,8.592364952502036070e+19,8.598913643757069926e+19,8.604956559663326822e+19,8.610449719755695718e+19,8.615350023178367795e+19,8.619610850638325350e+19,8.623189980889061786e+19,8.625962509409661747e+19,8.627953065260587418e+19,8.629115029148821094e+19,8.629405300218553958e+19,8.628775499958163866e+19,8.627182527511841997e+19,8.624580643195872870e+19,8.620924107326541005e+19,8.616168059829433139e+19,8.610268520239438234e+19,8.603180628482143027e+19,8.594860404092436480e+19,8.585131045600572211e+19,8.574071717843750093e+19,8.561641958794067968e+19,8.547798667595717018e+19,8.532500502611492864e+19,8.515707001813493350e+19,8.497378582783118541e+19,8.477475663101768499e+19,8.455961299178749952e+19,8.432795908595462963e+19,8.407945186589120922e+19,8.381371309959728333e+19,8.352862292865449984e+19,8.322557993185338982e+19,8.290424985765910938e+19,8.256434243500192563e+19,8.220554980062606131e+19,8.182760807174085018e+19,8.143023577336958157e+19,8.101318661490763366e+19,8.057622310184340685e+19,8.011911653575832371e+19,7.964166460651287347e+19,7.914367380006056755e+19,7.862286592830865408e+19,7.808113215125690778e+19,7.751834932360301773e+19,7.693437670785862861e+19,7.632911754700049613e+19,7.570247508400537600e+19,7.505437015403606835e+19,7.438474998053443994e+19,7.369358817522142413e+19,7.298084515567842099e+19,7.224652092190543053e+19,7.149063306608849715e+19,7.071106612785577984e+19,6.991003232460236390e+19,6.908761082116544922e+19,6.824388518042874675e+19,6.737897414964805632e+19,6.649300967021871104e+19,6.558613247962906624e+19,6.465850970364654387e+19,6.371033045827112141e+19,6.274178825754928742e+19,6.175310740185310822e+19,6.074452538569418342e+19,5.971435335921224909e+19,5.866486071440703488e+19,5.759634212039478477e+19,5.650908345019872051e+19,5.540340136316764160e+19,5.427961691669685862e+19,5.313804237208865997e+19,5.197899438869184512e+19,5.080276323757614694e+19,4.960960840348572058e+19,4.839975418679263232e+19,4.717331933475268198e+19,4.592861939555211674e+19,4.466701776360937882e+19,4.338787672218035814e+19,4.209003958503263437e+19,4.077160639607341056e+19,3.942961287195420262e+19,3.805956860718717338e+19,3.665488532809868902e+19,3.520608084641080934e+19,3.369987306166000026e+19,3.211813102710423552e+19,3.043692936972310938e+19,2.860884175496413184e+19,2.660864538608612147e+19,2.440628401323219354e+19,2.199182464835701965e+19,1.939547747294537318e+19,1.670369048921951437e+19,1.405729024597662106e+19,1.162345088915026739e+19,9.548914340095066112e+18,7.915826761789603840e+18,6.724534500396630016e+18,5.911291720028389376e+18,5.402065554007654400e+18,5.073822300453732352e+18,4.859883725967589376e+18,4.710686595148152832e+18,4.589671321738149888e+18,4.468789638990921728e+18,4.324783577444122624e+18
7.401743393202005606e+19,7.404847534429542810e+19,7.408315833908199424e+19,7.412138615935651021e+19,7.416310602856084275e+19,7.420819480139268096e+19,7.425654692473575834e+19,7.430804804938078618e+19,7.436254864174638694e+19,7.441990796434420531e+19,7.447995889140681933e+19,7.454253429716680704e+19,7.460743187148465766e+19,7.467466041045339341e+19,7.474375372114283725e+19,7.481449190122743398e+19,7.488662866010256179e+19,7.495991770716359885e+19,7.503408636352685670e+19,7.510886195030864691e+19,7.518395419643923661e+19,7.525907283084889293e+19,7.533390119418881638e+19,7.540812262711020749e+19,7.548140287807822234e+19,7.555322297760455066e+19,7.562332783899154842e+19,7.569135682242530509e+19,7.575693169590586573e+19,7.581967422743327539e+19,7.587918859282153472e+19,7.593507896788464435e+19,7.598693193625056051e+19,7.603434287764026163e+19,7.607688957958868173e+19,7.611413223744471040e+19,7.614564863874328166e+19,7.617033047576359731e+19,7.618829209771494605e+19,7.619910249603923968e+19,7.620228668171327898e+19,7.619739605399293133e+19,7.618396441994801971e+19,7.616153438274138931e+19,7.612963095334984090e+19,7.608780553102924186e+19,7.603556553457034854e+19,7.597245356713600614e+19,7.589800343579603763e+19,7.581049110631809024e+19,7.571061147005091840e+19,7.559788074187830067e+19,7.547184152496308224e+19,7.533202762637508608e+19,7.517799924146320179e+19,7.500929017729725235e+19,7.482546062922612736e+19,7.462606199650569421e+19,7.441066327057786470e+19,7.417882464679152845e+19,7.393013270877464166e+19,7.366239722936467456e+19,7.337689364204984730e+19,7.307322172459764941e+19,7.275100324500812595e+19,7.240985117518829978e+19,7.204940487532426035e+19,7.166930370560209715e+19,7.126920461839394406e+19,7.084876896411844608e+19,7.040768008342680371e+19,6.994562571501672858e+19,6.946231118977197670e+19,6.895526480555330765e+19,6.842634253798840730e+19,6.787530689256567603e+19,6.730191597672700314e+19,6.670594549010032230e+19,6.608720191863914496e+19,6.544549174829698253e+19,6.478063465916687974e+19,6.409248551571397018e+19,6.338089478435687629e+19,6.264574811588630938e+19,6.188693116109298074e+19,6.110196781979113882e+19,6.029316706639911322e+19,5.946045853217272627e+19,5.860381582883291136e+19,5.772319937396106854e+19,5.681859157537115341e+19,5.588996604478409933e+19,5.493730958806037299e+19,5.396057382668835226e+19,5.295969718801688166e+19,5.193456532283667251e+19,5.088498471710123622e+19,4.980810983471788851e+19,4.870582743763989299e+19,4.757729310093711770e+19,4.642126217744692019e+19,4.523593146809974784e+19,4.401877649419822694e+19,4.276632279899858534e+19,4.147389965710603059e+19,4.013537619168408371e+19,3.874295906431506842e+19,3.728709131993035571e+19,3.575664150281034138e+19,3.412956440481811661e+19,3.240287595139589734e+19,3.057097083226528154e+19,2.863691008779799757e+19,2.661492139845746688e+19,2.452880039489201766e+19,2.240566323286586163e+19,2.026889652470179430e+19,1.813572412004892672e+19,1.602081020548690739e+19,1.394143250673460838e+19,1.192080171425438106e+19,1.000166793964578406e+19,8.212075876242685952e+18,6.582668363355389952e+18,5.134548877411614720e+18,3.876180084532445184e+18,2.806006725520392192e+18,1.916540576434487296e+18
6.849463100616631910e+19,6.853988690476557926e+19,6.857587172131943219e+19,6.860237434959534490e+19,6.861918368336078438e+19,6.862608421833670656e+19,6.862286924633708954e+19,6.860934965136195584e+19,6.858532752131830579e+19,6.855062693434569523e+19,6.850506757053716890e+19,6.844848230412530483e+19,6.838072160152872550e+19,6.830047924293363302e+19,6.820873159466549248e+19,6.810535990946850406e+19,6.799024544008686797e+19,6.786327823535780659e+19,6.772436593630458675e+19,6.757342058199698637e+19,6.741037180369082778e+19,6.723515802873495552e+19,6.704772648057123635e+19,6.684804197482758144e+19,6.663607372517841306e+19,6.641059467664713318e+19,6.617282748616382874e+19,6.592279414396105523e+19,6.566052983441090150e+19,6.538608293602498970e+19,6.509950622536145306e+19,6.480087886725749146e+19,6.449029761873634918e+19,6.416785483877475942e+19,6.383367367267503309e+19,6.348789045987901440e+19,6.313064153982854758e+19,6.276099452666327859e+19,6.238026443629002752e+19,6.198866237494132736e+19,6.158639505080320000e+19,6.117368676424771174e+19,6.075077940783297331e+19,6.031793246630313984e+19,5.987541861854189978e+19,5.942351933952596378e+19,5.896253809446459802e+19,5.849279154270660198e+19,5.801459634360077517e+19,5.752754787686809600e+19,5.703282921702005146e+19,5.653084058628915200e+19,5.602195142058233037e+19,5.550656634017860813e+19,5.498510755754305126e+19,5.445799288709421466e+19,5.392566653152971981e+19,5.338857709159369933e+19,5.284718636216981914e+19,5.230196493423476736e+19,5.175339659290476544e+19,5.120175841511001293e+19,5.064788602968761958e+19,5.009229400807938458e+19,4.953551891195966259e+19,4.897808410886327501e+19,4.842053055851108762e+19,4.786342121085652173e+19,4.730729702562044314e+19,4.675272974884929536e+19,4.620028233049649971e+19,4.565053091465501082e+19,4.510406044151080550e+19,4.456190005394748211e+19,4.402431363475570688e+19,4.349189931826098995e+19,4.296524204464930816e+19,4.244493555019966054e+19,4.193158236728406835e+19,4.142576743608850842e+19,4.092809768703151309e+19,4.043915806029905920e+19,3.995954669021665690e+19,3.948984851697028301e+19,3.903066167488544768e+19,3.858373658647357030e+19,3.814860266075796275e+19,3.772582724573855744e+19,3.731597768941528678e+19,3.691958615541599437e+19,3.653719800150805709e+19,3.616931900304025190e+19,3.581643514415205581e+19,3.547899942363411251e+19,3.515740326762591027e+19,3.485197213156927078e+19,3.456292371876649370e+19,3.429194248103133184e+19,3.403710647203843277e+19,3.379772080043904205e+19,3.357246385325657293e+19,3.335907283556106240e+19,3.315384679121341645e+19,3.295097150272595558e+19,3.274145516400672768e+19,3.251166822891782144e+19,3.224128072746165862e+19,3.190052228280457626e+19,3.144671864964933222e+19,3.079269834712258970e+19,2.986277759183801549e+19,2.855438074501713101e+19,2.676728512276489830e+19,2.443832818011209728e+19,2.158576840714957619e+19,1.834056313630359552e+19,1.493823435531354112e+19,1.166302341214555341e+19,8.764624999421050880e+18,6.390151024157392896e+18,4.567582682891943936e+18,3.275136451255205888e+18,2.355975791637954560e+18,1.715037066141630464e+18,1.273564868208754688e+18,9.707986734599372800e+17,7.619550984179548160e+17,6.149640002406973440e+17
7.206588875364787814e+19,7.204413601560395776e+19,7.200812481077103821e+19,7.195792550789329715e+19,7.189358648548235674e+19,7.181518251032890573e+19,7.172279714531665510e+19,7.161650955528280474e+19,7.149641209920408781e+19,7.136261033019677082e+19,7.121520980137712026e+19,7.105433365804744704e+19,7.088010064746355098e+19,7.069133649120696730e+19,7.048951453485891584e+19,7.027479310809379635e+19,7.004732174449298637e+19,6.980726317177739674e+19,6.955478011766793830e+19,6.929006169816458854e+19,6.901327503903476941e+19,6.872462245041799168e+19,6.842428865026772173e+19,6.811248034676998144e+19,6.778939545201777050e+19,6.745417194889491251e+19,6.710816003768031642e+19,6.675157962069953741e+19,6.638466379441766400e+19,6.600765005334629581e+19,6.562077149395052134e+19,6.522427000878845133e+19,6.481840508260424090e+19,6.440341860795600077e+19,6.397957886568090829e+19,6.354713654443009638e+19,6.310635992504074240e+19,6.265674323216406938e+19,6.219939037547436442e+19,6.173457843190182707e+19,6.126258008033014579e+19,6.078367679573603123e+19,6.029815005309619405e+19,5.980629012348036710e+19,5.930837848186526106e+19,5.880469660322758656e+19,5.829554355473009869e+19,5.778120520939601920e+19,5.726196744024856986e+19,5.673770270393892864e+19,5.620918945469956096e+19,5.567671796360019968e+19,5.514058289975708877e+19,5.460108333033298330e+19,5.405850073030459392e+19,5.351312537074165350e+19,5.296525631880691712e+19,5.241517065143058432e+19,5.186316303772889907e+19,5.130951935072508314e+19,5.075452546344235827e+19,5.019838368602023526e+19,4.964151183287726899e+19,4.908419137899017011e+19,4.852669060519611597e+19,4.796928219037879501e+19,4.741224321146840678e+19,4.685582435711608422e+19,4.630029830620551578e+19,4.574592014543434547e+19,4.519294496150021734e+19,4.464162784110077542e+19,4.409221507484064154e+19,4.354518604978952602e+19,4.300059794055207322e+19,4.245867944554686054e+19,4.191965926319246541e+19,4.138375729581444301e+19,4.085119784378485965e+19,4.032219201333624832e+19,3.979695091070114202e+19,3.927567244797254042e+19,3.875855453724344320e+19,3.824579509060685005e+19,3.773757442796971622e+19,3.723456545044824064e+19,3.673648668306571264e+19,3.624349645549653197e+19,3.575574869936858726e+19,3.527338855021674496e+19,3.479653915334331597e+19,3.432531485795758899e+19,3.385980362498978611e+19,3.340006702709106278e+19,3.294611605937769677e+19,3.249791113943108813e+19,3.205532252487915930e+19,3.161857011804746547e+19,3.118656540242450842e+19,3.075844196284760064e+19,3.033285399708434432e+19,2.990770363694894285e+19,2.947980669676735693e+19,2.904436710681922765e+19,2.859421825031471104e+19,2.811878502441785754e+19,2.760266766927003648e+19,2.702379238943201690e+19,2.635119253941911552e+19,2.552194746682022298e+19,2.448624049880406426e+19,2.317741704147160269e+19,2.153563947301601280e+19,1.953309454730107290e+19,1.720361643613670605e+19,1.466001283350947430e+19,1.208185817749100954e+19,9.670994215638663168e+18,7.592116794677002240e+18,5.929333606328565760e+18,4.681490713140002816e+18,3.816063461650071552e+18,3.210554161896620032e+18,2.792603678777802752e+18,2.503602819852926976e+18,2.298482466060500992e+18,2.143287361872592896e+18,2.012266532649828352e+18
7.760022335745372979e+19,7.759287861978018611e+19,7.757181197699199795e+19,7.753698824471707648e+19,7.748841621904844390e+19,7.742608710389307802e+19,7.735002728753004544e+19,7.726025436214539059e+19,7.715680351211120230e+19,7.703971871789259162e+19,7.690905275604769178e+19,7.676486719922765824e+19,7.660723241617666867e+19,7.643489936168556954e+19,7.624931939110302515e+19,7.605058926145227981e+19,7.583883211803564442e+19,7.561417110615542989e+19,7.537672937111394714e+19,7.512666524258559590e+19,7.486412825415175373e+19,7.458927673548682035e+19,7.430228660845123994e+19,7.400334259099847885e+19,7.369262940108200346e+19,7.336921905088797082e+19,7.303449692506737869e+19,7.268869612008531558e+19,7.233203214022082560e+19,7.196475127607853056e+19,7.158709981826305229e+19,7.119932845542552371e+19,7.080170546840312218e+19,7.039449473998651392e+19,6.997798214319892070e+19,6.955244915301705318e+19,6.911818604051064422e+19,6.867468703033091686e+19,6.822313959503586918e+19,6.776386039397430067e+19,6.729716608649501082e+19,6.682338212803982131e+19,6.634284277014357606e+19,6.585589545848065229e+19,6.536287004653938278e+19,6.486412717413367808e+19,6.436000988889140429e+19,6.385088322867298304e+19,6.333710343524581376e+19,6.281865731447036314e+19,6.229637609713722982e+19,6.177063361719985766e+19,6.124180370861169050e+19,6.071026460337268326e+19,6.017639453348279091e+19,5.964058052703499059e+19,5.910320081602923725e+19,5.856464242855850803e+19,5.802528359662275789e+19,5.748551134831496397e+19,5.694572150782112563e+19,5.640636707393188659e+19,5.586783947278673510e+19,5.533053013052515942e+19,5.479480848305409229e+19,5.426106595651302195e+19,5.372966758876237005e+19,5.320100040789511373e+19,5.267542945177167462e+19,5.215332855434549658e+19,5.163506715152351232e+19,5.112100148507312128e+19,5.061149659285474509e+19,5.010743648221711565e+19,4.960871560004396646e+19,4.911568139200967475e+19,4.862866371160257331e+19,4.814800560645052826e+19,4.767402373590233907e+19,4.720704355539982746e+19,4.674738172429179290e+19,4.629533730974099046e+19,4.585121817500319744e+19,4.541531019310163558e+19,4.498790803315254886e+19,4.457018157552789094e+19,4.416155467613470720e+19,4.376227802362413056e+19,4.337258031641473843e+19,4.299269025292510822e+19,4.262281454134126182e+19,4.226313350157015450e+19,4.191379226914665267e+19,4.157489639718702285e+19,4.124648986615637606e+19,4.092852429754309018e+19,4.062084575971927654e+19,4.032400840654533427e+19,4.003623982527728845e+19,3.975629536875249664e+19,3.948220471213398426e+19,3.921087163067793408e+19,3.893754183610584269e+19,3.865496734776741069e+19,3.835221462203603354e+19,3.801297570244853760e+19,3.761320207068220621e+19,3.711805240227607347e+19,3.647799809644534170e+19,3.559141569148118630e+19,3.437416176153316557e+19,3.271171997154515354e+19,3.049521887915802624e+19,2.766174662805369651e+19,2.424440511529798861e+19,2.040561199952271770e+19,1.642413306078769971e+19,1.262802518542594867e+19,9.298531353194659840e+18,6.594422142656315392e+18,4.536884318244438016e+18,3.092043575974690816e+18,2.074177146191872000e+18,1.372271463008043008e+18,8.956902782523146240e+17,5.754806064067379200e+17,3.616493030237798400e+17,2.191632132231659520e+17
6.967438499253741158e+19,6.959318385980289843e+19,6.949630808930281062e+19,6.938381925368830362e+19,6.925580091584308838e+19,6.911237182302296474e+19,6.895365951857675469e+19,6.877981793413234688e+19,6.859102299155018547e+19,6.838746820487675904e+19,6.816937787448413389e+19,6.793699829097693184e+19,6.769058454105279693e+19,6.742908988964208640e+19,6.715423837097715302e+19,6.686636423659284070e+19,6.656584132044259328e+19,6.625303905843334349e+19,6.592837086693713510e+19,6.559226775451205632e+19,6.524517392385572864e+19,6.488756436399135130e+19,6.451993605417467904e+19,6.414279037170797773e+19,6.375667267435862426e+19,6.336136745784757453e+19,6.295835246580255949e+19,6.254822583254908928e+19,6.213161208069174067e+19,6.170915772306764595e+19,6.128151806860695962e+19,6.084936162037936947e+19,6.041339646387316326e+19,5.997432628653011763e+19,5.953288116407107584e+19,5.908979996830990336e+19,5.864584795933953229e+19,5.820187835818311680e+19,5.775877517218938880e+19,5.731734324386988032e+19,5.687839621182914560e+19,5.644276530685778330e+19,5.601129055583941427e+19,5.558482078175068160e+19,5.516421800170776166e+19,5.475034863087334195e+19,5.434408348245662106e+19,5.394631535989935309e+19,5.355791947445724774e+19,5.318093212166494618e+19,5.281532251519687066e+19,5.246198345849477530e+19,5.212182974523296973e+19,5.179575417885320806e+19,5.148467595107631104e+19,5.118949226339054387e+19,5.091111351142370509e+19,5.065043689666405990e+19,5.040837281473940685e+19,5.018580527299847782e+19,4.998362707488302694e+19,4.980495643536942694e+19,4.964862787213223526e+19,4.951551219838065050e+19,4.940646263513782682e+19,4.932232360733389619e+19,4.926392634575945728e+19,4.923210208120510874e+19,4.922765565618238259e+19,4.925138311710978867e+19,4.930406731626630349e+19,4.938646911569834803e+19,4.949934058135932109e+19,4.964661796487666074e+19,4.982596150550645965e+19,5.003805729850445005e+19,5.028356505084729754e+19,5.056314007146515661e+19,5.087739368882307072e+19,5.122692843529306112e+19,5.161232045496808243e+19,5.203411950366202266e+19,5.249284894890970317e+19,5.298901016801338982e+19,5.352307375194977075e+19,5.409936737848577229e+19,5.471450015376133325e+19,5.536883711563687526e+19,5.606271251564724224e+19,5.679641222681565594e+19,5.757018253974673818e+19,5.838420377434744422e+19,5.923859027982706278e+19,6.013334645423210496e+19,6.106837114249281536e+19,6.204335208330690560e+19,6.305773512281397658e+19,6.411422066157184614e+19,6.520704725865096806e+19,6.633332979554005811e+19,6.748852069214663475e+19,6.866554349163433165e+19,6.985342506795794432e+19,7.103524613618925568e+19,7.218511539651739648e+19,7.326370551704007475e+19,7.421197712139223040e+19,7.494254542344473805e+19,7.532851798525922509e+19,7.510539628965789696e+19,7.403693487025029120e+19,7.179362328633147392e+19,6.803617423980232704e+19,6.251847304790147072e+19,5.522779616207228109e+19,4.649571670683339981e+19,3.699517977884884992e+19,2.758801997536480461e+19,1.907436950009990349e+19,1.197069865143448371e+19,6.435878063489155072e+18,2.463798025026273280e+18,3.504499524611604480e+17,0.000000000000000000e+00,0.000000000000000000e+00,0.000000000000000000e+00,0.000000000000000000e+00,0.000000000000000000e+00
7.355028222770361139e+19,7.353533326761236890e+19,7.351470203142878003e+19,7.348834893673424486e+19,7.345623000306365235e+19,7.341830124995189146e+19,7.337452749302687334e+19,7.332486914986999808e+19,7.326928663806266573e+19,7.320774477323278746e+19,7.314020397296176333e+19,7.306663345092401562e+19,7.298700242079396659e+19,7.290066436973448397e+19,7.280819983988503347e+19,7.270957804492003738e+19,7.260477259656042906e+19,7.249376150457365299e+19,7.237652277872715366e+19,7.225302563269535334e+19,7.212326127038522982e+19,7.198720770156422758e+19,7.184484293599979110e+19,7.169616257564540928e+19,7.154114023222201549e+19,7.137913379093898854e+19,7.121076777440090522e+19,7.103603338651474330e+19,7.085492622923399168e+19,7.066743750646562816e+19,7.047356721820965274e+19,7.027330656837304320e+19,7.006666875109533286e+19,6.985364497028349952e+19,6.963424842007707648e+19,6.940847470242955264e+19,6.917633261343395021e+19,6.893720202853220352e+19,6.869172946056144486e+19,6.843992810366120755e+19,6.818181115197102490e+19,6.791739619767694131e+19,6.764670523101151232e+19,6.736975144611427123e+19,6.708656123126428467e+19,6.679716097474061926e+19,6.650156826872931942e+19,6.619981829760247398e+19,6.589193744963914957e+19,6.557735397879290266e+19,6.525670560180784333e+19,6.493003629914908262e+19,6.459737685714219827e+19,6.425877125625230131e+19,6.391425907889799168e+19,6.356387550945135821e+19,6.320767332447053414e+19,6.284569210637411942e+19,6.247798463172024730e+19,6.210459927902053990e+19,6.172558002874010829e+19,6.134042990162319770e+19,6.094977342027438490e+19,6.055365896320529203e+19,6.015214810306707456e+19,5.974529801446437683e+19,5.933317466809486541e+19,5.891583084051667354e+19,5.849334129852048998e+19,5.806576761475747021e+19,5.763317575992528077e+19,5.719563610276809933e+19,5.675321901203010355e+19,5.630552426547878298e+19,5.585311041502104781e+19,5.539605222744758682e+19,5.493442886759559987e+19,5.446831950030228685e+19,5.399779889235833651e+19,5.352295060664745984e+19,5.304385380800685670e+19,5.256058766127372698e+19,5.207323572933178163e+19,5.158188597311124275e+19,5.108662195549582131e+19,5.058715340541578445e+19,5.008395091384782029e+19,4.957710244172215091e+19,4.906668275582946509e+19,4.855275782686742938e+19,4.803539362553371034e+19,4.751463853033993011e+19,4.699050573542562202e+19,4.646299524079078605e+19,4.593202788159822234e+19,4.539747171645259776e+19,4.485905846451673498e+19,4.431585134188376883e+19,4.376741494194910003e+19,4.321246943317799731e+19,4.264904449073348608e+19,4.207414064689499341e+19,4.148322351570957107e+19,4.086953329968965222e+19,4.022306004497596416e+19,3.952915385864001946e+19,3.876664694282387456e+19,3.790547425157762253e+19,3.690380156648764211e+19,3.567606269365714944e+19,3.415833422607050342e+19,3.226415496736591053e+19,2.991794888629655962e+19,2.708831393077316813e+19,2.382621686278966477e+19,2.028619404162996634e+19,1.670846456870731776e+19,1.335921910959466086e+19,1.045271069910368256e+19,8.095828360128626688e+18,6.283994825763061760e+18,4.973116381198286848e+18,4.003400451813801984e+18,3.282211258824130560e+18,2.735951342156644352e+18,2.309701745271373824e+18,1.964151903818350592e+18,1.671995858838618112e+18
6.857819388987729510e+19,6.858478656159744000e+19,6.858868323080627814e+19,6.858987510141078733e+19,6.858834018317841203e+19,6.858406968001613005e+19,6.857705039778440806e+19,6.856726914234371277e+19,6.855471271955451085e+19,6.853936793527726899e+19,6.852122159537245389e+19,6.850026930179355443e+19,6.847649346235452621e+19,6.844959500989261414e+19,6.841985102133801779e+19,6.838725270059771494e+19,6.835178245548566118e+19,6.831343148990883430e+19,6.827219540582072320e+19,6.822805661103528346e+19,6.818101510555251507e+19,6.813105329718637363e+19,6.807816238984383693e+19,6.802234238352490496e+19,6.796358008409004442e+19,6.790157202632998912e+19,6.783660408326796083e+19,6.776866745881093734e+19,6.769775775491240755e+19,6.762386617547934925e+19,6.754699272051176243e+19,6.746712419587011379e+19,6.738425620350789222e+19,6.729838434537858662e+19,6.720950422343568589e+19,6.711760704158616781e+19,6.702269719787654349e+19,6.692446243100452454e+19,6.682319741008635494e+19,6.671890213512203469e+19,6.661157660611156378e+19,6.650121642500843110e+19,6.638781719376612557e+19,6.627137451433813606e+19,6.615189278477097370e+19,6.602936320897161626e+19,6.590379458303308595e+19,6.577517811086236058e+19,6.564351819050595123e+19,6.550850695870808064e+19,6.537045227872452608e+19,6.522935415055528755e+19,6.508520817615385395e+19,6.493802754965975859e+19,6.478779907693346816e+19,6.463453595211451597e+19,6.447823817520290202e+19,6.431890574619862630e+19,6.415654746119471104e+19,6.399116771823766733e+19,6.382276211928098406e+19,6.365103599520841728e+19,6.347629720927574426e+19,6.329855455757598720e+19,6.311781243815565722e+19,6.293407524906126541e+19,6.274734299029281178e+19,6.255763325403634074e+19,6.236494604029185229e+19,6.216929014515236864e+19,6.197067436471091200e+19,6.176910309701399347e+19,6.156458513815463526e+19,6.135684341120263782e+19,6.114617258527424512e+19,6.093258585450899046e+19,6.071609201499989606e+19,6.049670426088649523e+19,6.027442699021529907e+19,6.004927779517235200e+19,5.982126107380416512e+19,5.959039002025027174e+19,5.935667782865020518e+19,5.912012889705047654e+19,5.888076081763713024e+19,5.863829211543345562e+19,5.839301306150918554e+19,5.814493685000385331e+19,5.789404588873141453e+19,5.764033138159884698e+19,5.738376694032708403e+19,5.712430858445101466e+19,5.686186835304041677e+19,5.659631870274646835e+19,5.632745292538314752e+19,5.605497195378769920e+19,5.577838320675087974e+19,5.549634967813331354e+19,5.520799175863277978e+19,5.491133472536579277e+19,5.460336151842573517e+19,5.427947178116199219e+19,5.393269021180795290e+19,5.355250108115556762e+19,5.312315058660206182e+19,5.262127190703393997e+19,5.201258226989714637e+19,5.124762564217431654e+19,5.025643350192029696e+19,4.889408581854769971e+19,4.704604426676784333e+19,4.455499512092504883e+19,4.127483967396695245e+19,3.712797879325163520e+19,3.217485703100445491e+19,2.665800466208024166e+19,2.097975718033804493e+19,1.560453180467603046e+19,1.092292784183836672e+19,7.147833282950856704e+18,4.297485452505513984e+18,2.315017883991670784e+18,9.333196206039367680e+17,1.732562147617013760e+17,0.000000000000000000e+00,0.000000000000000000e+00,0.000000000000000000e+00,0.000000000000000000e+00
7.195097219635924173e+19,7.189766787264466125e+19,7.183358833497787597e+19,7.175872918531237478e+19,7.167309921974117990e+19,7.157672482654335795e+19,7.146963239399797555e+19,7.135187909670967706e+19,7.122353530342264013e+19,7.108466698483453133e+19,7.093537969406161715e+19,7.077577898422016410e+19,7.060599239865899418e+19,7.042516671635495322e+19,7.023448501181952819e+19,7.003411880886665216e+19,6.982426162154281370e+19,6.960512455608054579e+19,6.937691432066587034e+19,6.913987720590340915e+19,6.889426390044429517e+19,6.864033388903268352e+19,6.837836864664528486e+19,6.810866724044485427e+19,6.783153753368716902e+19,6.754663647874436301e+19,6.725504599505816781e+19,6.695712672244249395e+19,6.665325249485078528e+19,6.634381034037601894e+19,6.602919168515768320e+19,6.570980554752131072e+19,6.538608733407150080e+19,6.505846805336634163e+19,6.472739630614996582e+19,6.439332948925952819e+19,6.405674259171822797e+19,6.371797426310742016e+19,6.337778096742701466e+19,6.303665968393276621e+19,6.269512938211298509e+19,6.235372222559551488e+19,6.201296597996168806e+19,6.167340600297888154e+19,6.133559644850749440e+19,6.100009147040792576e+19,6.066745401863359693e+19,6.033826023727746253e+19,6.001308627043247718e+19,5.969304042581943910e+19,5.937831181943832576e+19,5.906948978952162509e+19,5.876717247039484723e+19,5.847195799638350234e+19,5.818444010376658944e+19,5.790521692686961869e+19,5.763489539611112243e+19,5.737407804386312192e+19,5.712335860640461619e+19,5.688333961610762650e+19,5.665461920729766298e+19,5.643905335560241152e+19,5.623610110130100634e+19,5.604635618067244646e+19,5.587039033976317542e+19,5.570878412071265894e+19,5.556211366761385165e+19,5.543094193042017485e+19,5.531581866494551654e+19,5.521729802505027584e+19,5.513592097045531853e+19,5.507221966478848819e+19,5.502671307753809510e+19,5.500185092061082419e+19,5.499630498396032205e+19,5.501055465465629901e+19,5.504508371781497651e+19,5.510034517222699827e+19,5.517678761863649690e+19,5.527484206560156058e+19,5.539492192949423309e+19,5.553743183059353600e+19,5.570275879699244646e+19,5.589126786655138611e+19,5.610331088299124326e+19,5.634164981952099123e+19,5.660423078841994445e+19,5.689134406075783578e+19,5.720323592713928704e+19,5.754014388207589786e+19,5.790226143961415680e+19,5.828973373528893030e+19,5.870265752612346266e+19,5.914105480235030938e+19,5.960483760303924838e+19,6.009377283172519117e+19,6.060741188766400512e+19,6.114721932034388787e+19,6.170924568399786803e+19,6.229112922764948275e+19,6.288913600981080474e+19,6.349745181299415450e+19,6.410706064185176883e+19,6.470406027136204800e+19,6.526717735055078195e+19,6.576408623756135629e+19,6.614620611063211622e+19,6.634154974446931149e+19,6.624536446727146701e+19,6.563791507925080474e+19,6.432271005643073126e+19,6.202283079828609434e+19,5.844915852326993920e+19,5.338504985829179392e+19,4.680460030940125594e+19,3.897117369777625498e+19,3.044566389009416192e+19,2.197087235477812019e+19,1.426575105353318400e+19,7.825539814718963712e+18,2.834031902522867712e+18,2.361693252102389760e+17,0.000000000000000000e+00,0.000000000000000000e+00,0.000000000000000000e+00,0.000000000000000000e+00,0.000000000000000000e+00,0.000000000000000000e+00
7.239235574616712806e+19,7.239829310895711846e+19,7.240261638867753370e+19,7.240532558532837376e+19,7.240641630086312755e+19,7.240588413723528397e+19,7.240371150225879859e+19,7.239989839593367142e+19,7.239442722607385805e+19,7.238728040049331405e+19,7.237844032700599501e+19,7.236788061733283430e+19,7.235558367928778752e+19,7.234133840663832166e+19,7.232529873101232538e+19,7.230742067194468762e+19,7.228767344310983066e+19,7.226602186013566566e+19,7.224242634060359270e+19,7.221684730209501184e+19,7.218923636609830093e+19,7.215954515410183782e+19,7.212772968564051149e+19,7.209373718415618867e+19,7.205751487309073613e+19,7.201877248137442099e+19,7.197767273672815411e+19,7.193415846454729114e+19,7.188816369413416550e+19,7.183962685283762176e+19,7.178848196995999334e+19,7.173465867675710259e+19,7.167809100253128294e+19,7.161870857853835674e+19,7.155643663798763520e+19,7.149119601604191846e+19,7.142291634395702886e+19,7.135120179754696704e+19,7.127627667718379930e+19,7.119805302193730355e+19,7.111645606501679104e+19,7.103140664158506189e+19,7.094282118875840512e+19,7.085061174560659866e+19,7.075469474924593152e+19,7.065498663679269274e+19,7.055140384536317133e+19,7.044385841402714522e+19,7.033226677990090342e+19,7.021611437154264678e+19,7.009572224634768589e+19,6.997100244338579866e+19,6.984187139977327411e+19,6.970824115457989018e+19,6.957002374687542477e+19,6.942714001182267802e+19,6.927950638653793894e+19,6.912703051204447437e+19,6.896963322350508442e+19,6.880723535608256922e+19,6.863975334689321779e+19,6.846658026551849779e+19,6.828814272246998630e+19,6.810437474705001677e+19,6.791519277637487821e+19,6.772052204365388186e+19,6.752029657818936115e+19,6.731443721514411622e+19,6.710288238186699162e+19,6.688556170961380966e+19,6.666241802377992602e+19,6.643337655757465190e+19,6.619838453443985408e+19,6.595677784935235584e+19,6.570909306398651187e+19,6.545528619787721114e+19,6.519530007641980928e+19,6.492908632110268416e+19,6.465660974755374694e+19,6.437782637530788659e+19,6.409269662194650317e+19,6.380118530309750784e+19,6.350325723438881178e+19,6.319889042558785946e+19,6.288804969232256205e+19,6.257005773543020954e+19,6.224553907751537869e+19,6.191446733029900288e+19,6.157680730940899328e+19,6.123254142265930547e+19,6.088160809739878400e+19,6.052395015902278451e+19,6.015947964660108493e+19,5.978804702655230771e+19,5.940943679459740877e+19,5.902334108748061082e+19,5.862927172203918131e+19,5.822548267380821197e+19,5.781147256548543693e+19,5.738523588786179277e+19,5.694372479470508442e+19,5.648226856062051942e+19,5.599378633072522035e+19,5.546759964809022669e+19,5.488769962341511987e+19,5.423034120358644941e+19,5.346068746218976051e+19,5.252850391197522330e+19,5.136279288811408589e+19,4.981636056997271962e+19,4.777423322565784371e+19,4.507889921742077952e+19,4.158644566732518195e+19,3.722558463947256627e+19,3.206832974743574938e+19,2.637313439346301338e+19,2.055905544424862515e+19,1.510305444685204685e+19,1.040010126673785651e+19,6.658563802730070016e+18,3.885901141711519744e+18,2.014047329169965056e+18,7.603015703687331840e+17,1.358965276367912960e+17,0.000000000000000000e+00,0.000000000000000000e+00,0.000000000000000000e+00,0.000000000000000000e+00
7.912597606089988506e+19,7.911411892750594867e+19,7.910220901755387904e+19,7.909026392322972058e+19,7.907834521718462874e+19,7.906648808379069235e+19,7.905471011523395584e+19,7.904307288416557466e+19,7.903158518667857101e+19,7.902028220714503373e+19,7.900919033384402944e+19,7.899830956677555814e+19,7.898767509031170867e+19,7.897732208882456986e+19,7.896723297012809728e+19,7.895741653031531315e+19,7.894786397329319526e+19,7.893859289124778803e+19,7.892957689590002483e+19,7.892083357943595008e+19,7.891232775748347494e+19,7.890405943004259942e+19,7.889600220883425690e+19,7.888812970557938074e+19,7.888043312418494874e+19,7.887287728027887206e+19,7.886542698948906189e+19,7.885802947525738496e+19,7.885065834930477466e+19,7.884326083507309773e+19,7.883579295209724314e+19,7.882821071991209984e+19,7.882045256586651238e+19,7.881247450949536973e+19,7.880420618205449421e+19,7.879558601089273037e+19,7.878655242335892275e+19,7.877698227415076045e+19,7.876684037889615462e+19,7.875604757275790541e+19,7.874454228308485734e+19,7.873222775285376614e+19,7.871903361332045414e+19,7.870486310746167706e+19,7.868963707044023501e+19,7.867326754132590592e+19,7.865564896700242330e+19,7.863669338653956506e+19,7.861630404291408691e+19,7.859421705333532262e+19,7.857047639826838323e+19,7.854497652459700224e+19,7.851762067529793536e+19,7.848828570506887168e+19,7.845687485688656691e+19,7.842327378154173235e+19,7.838738572201112371e+19,7.834908753299243008e+19,7.830825606918334054e+19,7.826479457356061082e+19,7.821858869691495219e+19,7.816921622678129869e+19,7.811684428892707226e+19,7.806134094195693978e+19,7.800260942884765696e+19,7.794050901211086848e+19,7.787494293472333005e+19,7.780579684747575296e+19,7.773293880897280410e+19,7.765626326609821696e+19,7.757565586964270285e+19,7.749099347430395085e+19,7.740216173087267226e+19,7.730861528158149018e+19,7.721065319359315968e+19,7.710816111769839206e+19,7.700103350078092083e+19,7.688916478972447949e+19,7.677244063531977933e+19,7.665075548445055386e+19,7.652400378400053658e+19,7.639208877694648320e+19,7.625490491017212723e+19,7.611234663056120218e+19,7.596432597718348595e+19,7.581016565087626854e+19,7.565032304847670477e+19,7.548467502468248371e+19,7.531313361856338330e+19,7.513556688872407040e+19,7.495184289376921190e+19,7.476181210011743027e+19,7.456527219762921472e+19,7.436195930351389901e+19,7.415151277795757261e+19,7.393344883584401408e+19,7.370705499363842458e+19,7.347016301441082982e+19,7.322182292011483136e+19,7.295933870823912243e+19,7.267860700138884301e+19,7.237339136961124762e+19,7.203422281876792934e+19,7.164680329965128909e+19,7.118965275310109491e+19,7.063076659465604301e+19,6.992302415399616512e+19,6.899813696294354944e+19,6.775907531937021952e+19,6.600384134506767974e+19,6.357129501391559066e+19,6.023904910407997850e+19,5.579850426953918054e+19,5.013550481505098138e+19,4.332945307232685261e+19,3.571768140779172659e+19,2.786641631951768781e+19,2.043412013700769382e+19,1.397880380745108685e+19,8.808860551229734912e+18,4.956182252863094784e+18,2.344221462581215232e+18,5.928204545325793280e+17,7.250760353133363200e+16,0.000000000000000000e+00,0.000000000000000000e+00,0.000000000000000000e+00,0.000000000000000000e+00
8.111997118419723878e+19,8.110485949638508544e+19,8.107219960299362714e+19,8.102200030011588608e+19,8.095429677212395110e+19,8.086911540729688883e+19,8.076651777828585472e+19,8.064657425383502643e+19,8.050934640659555942e+19,8.035493099359069798e+19,8.018341597575066419e+19,7.999493329447079117e+19,7.978958850286734541e+19,7.956587746903352934e+19,7.932562978031796224e+19,7.906900376639504384e+19,7.879619294131126272e+19,7.850736443083404083e+19,7.820272054510288896e+19,7.788247239035034010e+19,7.754684866499497165e+19,7.719606047526931661e+19,7.683037170396404122e+19,7.645001104949772288e+19,7.605525998684707226e+19,7.564501020829129114e+19,7.522098574806273229e+19,7.478348567332415078e+19,7.433280905123830170e+19,7.386927254115398451e+19,7.339321039460604314e+19,7.290494806703629926e+19,7.240483300411913011e+19,7.189321265152891290e+19,7.137044325103304704e+19,7.083688984049195418e+19,7.029293065190558925e+19,6.973799393922750874e+19,6.917350466952731034e+19,6.859985866699099341e+19,6.801746494994409062e+19,6.742672813866562355e+19,6.682806164952763597e+19,6.622189209304170496e+19,6.560863728362638541e+19,6.498872383179325440e+19,6.436259154219342234e+19,6.373066702533846630e+19,6.309340328001903002e+19,6.245080030623511347e+19,6.180383886835869286e+19,6.115296316908738970e+19,6.049863500330486989e+19,5.984129857370875494e+19,5.918140687908968858e+19,5.851942171433133670e+19,5.785578728213132083e+19,5.719096097932679578e+19,5.652540020275491635e+19,5.585954915511330406e+19,5.519386523323911373e+19,5.452891578513227776e+19,5.386512742130437325e+19,5.320295314054604390e+19,5.254282395141537792e+19,5.188518405660999680e+19,5.123046886273449984e+19,5.057910498030046413e+19,4.993152781591248896e+19,4.928815078594261811e+19,4.864940050090242867e+19,4.801568597911745331e+19,4.738741184086671360e+19,4.676561162708031898e+19,4.615013140613038080e+19,4.554135820610987622e+19,4.493967025901876019e+19,4.434544139881047654e+19,4.375903226529893581e+19,4.318080349829804851e+19,4.261108934934265856e+19,4.205024166215365427e+19,4.149858149412634624e+19,4.095643430070255616e+19,4.042410794513806131e+19,3.990294822966525952e+19,3.939226466098190746e+19,3.889232112187867136e+19,3.840338589319272858e+19,3.792569207138916762e+19,3.745947275293307699e+19,3.700491705382443418e+19,3.656220529397019443e+19,3.613146501671917978e+19,3.571277538690859008e+19,3.530613420551516979e+19,3.491144251649241907e+19,3.452954694379372544e+19,3.415865968151232512e+19,3.379778237309019750e+19,3.344531412959730074e+19,3.309873926842928333e+19,3.275419190670288486e+19,3.240578306013973709e+19,3.204465066501996544e+19,3.165759838278700237e+19,3.122523742539664589e+19,3.071953904243363021e+19,3.010079107292594176e+19,2.928809584934833357e+19,2.821438975947623629e+19,2.678923797192507392e+19,2.492760205837939507e+19,2.258207987354252083e+19,1.978249237178299187e+19,1.666159458703848243e+19,1.344358793532879667e+19,1.038978454913443430e+19,7.721930635010375680e+18,5.562720145744330752e+18,3.925023414695231488e+18,2.778640430860861440e+18,1.973057398247522304e+18,1.418658484194377728e+18,1.042486350554595328e+18,7.890305722519388160e+17,6.178720710572113920e+17,5.003806636947537920e+17
9.456760532231625114e+19,9.455703241850355712e+19,9.454388225943535616e+19,9.452815484511164826e+19,9.450984137943941120e+19,9.448894186241864499e+19,9.446545629404934963e+19,9.443937587823850291e+19,9.441071820717214925e+19,9.437945689257122202e+19,9.434560073052874342e+19,9.430915851713773568e+19,9.427011266021215437e+19,9.422820807305435546e+19,9.418370863845500518e+19,9.413661435641410355e+19,9.408692522693165056e+19,9.403464125000764621e+19,9.397974483345604608e+19,9.392226236555591680e+19,9.386218505021423616e+19,9.379950409133798195e+19,9.373422828502017638e+19,9.366636642735384166e+19,9.359590972224595558e+19,9.352260308299887411e+19,9.344670159631024128e+19,9.336822285436610150e+19,9.328714926498041037e+19,9.320348962424619008e+19,9.311726152434948506e+19,9.302845616919727309e+19,9.293706476269653197e+19,9.284310489703330611e+19,9.274658536830061773e+19,9.264748858431242240e+19,9.254584093334778675e+19,9.244137853261604454e+19,9.233434767272181760e+19,9.222478353803719475e+19,9.211266853637613158e+19,9.199802025992467251e+19,9.188083870868281754e+19,9.176111508655754445e+19,9.163886698573489766e+19,9.151410320230789939e+19,9.138681494018352742e+19,9.125703738373387059e+19,9.112473534858684006e+19,9.098969772850990285e+19,9.085217081410768077e+19,9.071215460538017382e+19,9.056965789842040422e+19,9.042469828541441638e+19,9.027727576636221030e+19,9.012739913735680819e+19,8.997506839839821005e+19,8.982029234557943808e+19,8.966307977499351450e+19,8.950344827882648371e+19,8.934139785707834573e+19,8.917669101523750093e+19,8.900959163609461555e+19,8.884009971964968960e+19,8.866822406199574528e+19,8.849397345922580480e+19,8.831734791133986816e+19,8.813837380661700198e+19,8.795705114505720627e+19,8.777339751884652544e+19,8.758741292798495949e+19,8.739911496465855283e+19,8.720850362886730547e+19,8.701535901828566221e+19,8.681993621961126707e+19,8.662224402893714227e+19,8.642228244626328781e+19,8.622006906377574810e+19,8.601561267756754534e+19,8.580892208373170176e+19,8.560001487445426176e+19,8.538889104973522534e+19,8.517556820176063693e+19,8.496005512662351872e+19,8.474235182432387072e+19,8.452225598472218214e+19,8.429997871405098598e+19,8.407552880840330445e+19,8.384887108340704870e+19,8.361999674296919654e+19,8.338885301053161472e+19,8.315534312907105894e+19,8.291934395328521830e+19,8.268065317303458202e+19,8.243891894459826176e+19,8.219365748286003610e+19,8.194407713944790630e+19,8.168821638561792000e+19,8.142438637150981325e+19,8.114926217396119142e+19,8.085769807855406285e+19,8.054175121328937370e+19,8.018919500886625485e+19,7.978131137933344768e+19,7.928968014813619814e+19,7.867155230318657536e+19,7.786348162551539302e+19,7.677281007122671206e+19,7.526727078954559078e+19,7.307201226180709581e+19,6.996517942980509696e+19,6.564479362399417139e+19,5.983365037082594509e+19,5.239562133468872704e+19,4.347706470737903616e+19,3.359453764869580390e+19,2.358330835593487974e+19,1.438641915614671667e+19,6.763773871368699904e+18,1.303498797397049344e+18,0.000000000000000000e+00,0.000000000000000000e+00,0.000000000000000000e+00,0.000000000000000000e+00,0.000000000000000000e+00,0.000000000000000000e+00,0.000000000000000000e+00,0.000000000000000000e+00
4.339287730106348339e+19,4.337996023846037094e+19,4.335585454553300992e+19,4.332057341642093363e+19,4.327413004526367539e+19,4.321656401447983514e+19,4.314790171234847949e+19,4.306819151738123059e+19,4.297748180808971059e+19,4.287582975907856384e+19,4.276329254495243469e+19,4.263994933054852301e+19,4.250587048461100646e+19,4.236008843690744218e+19,4.220377746585629491e+19,4.203702113434127565e+19,4.185993818961818419e+19,4.167263858284979814e+19,4.147524545933842842e+19,4.126788196438638592e+19,4.105068003938900378e+19,4.082378481988114842e+19,4.058733704335117517e+19,4.034148184533395046e+19,4.008638635159689626e+19,3.982132928251219149e+19,3.954739695556807885e+19,3.926477408871802470e+19,3.897364539991549542e+19,3.867419120906744627e+19,3.836661382631338803e+19,3.805110676569980928e+19,3.772787673541273190e+19,3.739712604559166669e+19,3.705907459856216883e+19,3.671394449567304909e+19,3.636195344022660710e+19,3.600269241389731021e+19,3.563708280742923469e+19,3.526535991631072461e+19,3.488776343407663514e+19,3.450453965133158810e+19,3.411593265965694976e+19,3.372219534672710861e+19,3.332358060021645312e+19,3.292034130779937178e+19,3.251274135226653082e+19,3.210103801933882982e+19,3.168549519180693504e+19,3.126605569506620211e+19,3.084336824097701888e+19,3.041770550842307379e+19,2.998933357921828864e+19,2.955852733126960742e+19,2.912556164248397414e+19,2.869070479369856614e+19,2.825423386184358298e+19,2.781642152580271309e+19,2.737754486250615603e+19,2.693787215279108915e+19,2.649768267261096755e+19,2.605725569791924634e+19,2.561691888318100275e+19,2.517694050923341414e+19,2.473758665789040230e+19,2.429913220705891123e+19,2.386184103952960717e+19,2.342597923711641190e+19,2.299180628456348058e+19,2.255958826368473498e+19,2.212958026117781914e+19,2.170203736374037709e+19,2.127721245904679731e+19,2.085568389021328998e+19,2.043742526896078848e+19,2.002267628882414797e+19,1.961167444431496806e+19,1.920465722994484838e+19,1.880185554315562189e+19,1.840349148529609933e+19,1.800979045624997478e+19,1.762096905980792013e+19,1.723723950171409613e+19,1.685880958966615245e+19,1.648588273331522765e+19,1.611925058103332045e+19,1.575855029398326477e+19,1.540396768963015475e+19,1.505567759032280678e+19,1.471385151987515392e+19,1.437865000698485146e+19,1.405022588376816026e+19,1.372871988771343565e+19,1.341425736314624410e+19,1.310694826122936320e+19,1.280688054289301504e+19,1.251410588518370509e+19,1.222936096089204326e+19,1.195183762897161421e+19,1.168135337049220710e+19,1.141757613294223360e+19,1.115995176246129459e+19,1.090760394828205261e+19,1.065918908719536538e+19,1.041268627682938061e+19,1.016511034311468646e+19,9.912123712679706624e+18,9.647542732129828864e+18,9.362748329814917120e+18,9.040953711957901312e+18,8.668065338513948672e+18,8.226211197729374208e+18,7.699791968385105920e+18,7.082396947935395840e+18,6.384707891844087808e+18,5.638787658688757760e+18,4.894178043393736704e+18,4.205355723946721280e+18,3.615524635371634688e+18,3.145211560247427072e+18,2.791615767580246016e+18,2.543666824545828864e+18,2.365977224282112000e+18,2.237309075064881152e+18,2.140021812338098176e+18,2.059751416196497408e+18,1.984523105501970432e+18,1.903832421040652288e+18
6.337025590984651571e+19,6.327898764864808550e+19,6.315910569684841267e+19,6.301097509230791885e+19,6.283500925139864781e+19,6.263161719244613222e+19,6.240125191424101581e+19,6.214436201752743117e+19,6.186143128742159974e+19,6.155296110122578739e+19,6.121946603038179328e+19,6.086147823851746099e+19,6.047955627753970074e+19,6.007199810344871526e+19,5.964179438787205530e+19,5.918953446904220877e+19,5.871585606370328576e+19,5.822137929641335194e+19,5.770675068000953958e+19,5.717263431951502541e+19,5.661968992190647501e+19,5.604860358243962061e+19,5.546006139637019443e+19,5.485475825504695091e+19,5.423340664200468890e+19,5.359527208347605402e+19,5.294268554411193139e+19,5.227637709963316429e+19,5.159707242771408486e+19,5.090551919626158080e+19,5.020245187904300646e+19,4.948862254201176064e+19,4.876477005698170880e+19,4.803164648990624973e+19,4.728999071259924890e+19,4.654055918906061619e+19,4.578409079110421709e+19,4.502079222691607347e+19,4.425210165770531635e+19,4.347876675137883341e+19,4.270150878756444570e+19,4.192105344393648538e+19,4.113812200012277350e+19,4.035342254161159782e+19,3.956766755193775718e+19,3.878155192245000602e+19,3.799576174840407654e+19,3.721097432896267878e+19,3.642786036621875610e+19,3.564739182845126246e+19,3.487004150566014157e+19,3.409643831849648128e+19,3.332720239151834726e+19,3.256293405807450522e+19,3.180422925346720973e+19,3.105165752471964877e+19,3.030578402080849920e+19,2.956715629852439347e+19,2.883629992442540851e+19,2.811373166897659904e+19,2.739995071045697536e+19,2.669641939933147955e+19,2.600271552313504563e+19,2.531927888651878400e+19,2.464653170194776064e+19,2.398487639067774157e+19,2.333469778177844838e+19,2.269636531115681382e+19,2.207021982741744845e+19,2.145659338307194061e+19,2.085579164235281203e+19,2.026810487632979558e+19,1.969380356486332416e+19,1.913453037832529510e+19,1.858916601387863245e+19,1.805791388117447475e+19,1.754095869816628838e+19,1.703846649110986752e+19,1.655057909700519526e+19,1.607742076066621030e+19,1.561909703520917914e+19,1.517569368254106829e+19,1.474727777287117210e+19,1.433389548568785715e+19,1.393557540829344563e+19,1.355383046868775731e+19,1.318713894277795021e+19,1.283546564619193549e+19,1.249875450383669658e+19,1.217693184843317248e+19,1.186990422149300224e+19,1.157755837331852493e+19,1.129975906397952410e+19,1.103634466526671667e+19,1.078713045922663629e+19,1.055189764304535552e+19,1.033038893100197478e+19,1.012359058502660915e+19,9.929727993352028160e+18,9.748287684048060416e+18,9.578611049649668096e+18,9.419823978412769280e+18,9.270746694360760320e+18,9.129760716377554944e+18,8.994625789521559552e+18,8.862227547107098624e+18,8.728239410878873600e+18,8.586705876105035776e+18,8.429537285984223232e+18,8.241607659053121536e+18,8.009843802057474048e+18,7.717899825382948864e+18,7.350861953310392320e+18,6.900638330015186944e+18,6.372103640299077632e+18,5.786498249787441152e+18,5.178766287278440448e+18,4.588675439081291776e+18,4.049349042738561024e+18,3.578989513248079872e+18,3.179746945597964288e+18,2.847351661259653120e+18,2.561120197247238144e+18,2.308791074765668352e+18,2.080392960301596672e+18,1.868235457213497344e+18,1.666526475685199872e+18,1.470988640606748672e+18
6.873665990371888333e+19,6.873881054846281318e+19,6.873556039209110733e+19,6.872685665804563251e+19,6.871265096781476659e+19,6.869288174874735411e+19,6.866750502037828403e+19,6.863647240419593421e+19,6.859973552168868250e+19,6.855724599434490675e+19,6.850896423974600704e+19,6.845483748133385011e+19,6.839482173864332493e+19,6.832827929493032141e+19,6.825576430405523866e+19,6.817723718359947674e+19,6.809265835114443571e+19,6.800199702036453786e+19,6.790520921079467213e+19,6.780227293220228301e+19,6.769315739826179277e+19,6.757783182264762368e+19,6.745627421512722022e+19,6.732845378937500467e+19,6.719435295320493261e+19,6.705331639768684954e+19,6.690595984933231002e+19,6.675226571595526963e+19,6.659221640536968397e+19,6.642580751952904192e+19,6.625302586429381018e+19,6.607386704161747763e+19,6.588832665345353318e+19,6.569640469980197683e+19,6.549810118066280858e+19,6.529341169798951731e+19,6.508235824201465856e+19,6.486429429990110003e+19,6.463988397667201843e+19,6.440913606842043597e+19,6.417207256537890816e+19,6.392870226364045722e+19,6.367905155148414976e+19,6.342314681718905242e+19,6.316101005098772070e+19,6.289267203920573235e+19,6.261817236426168730e+19,6.233753741443465216e+19,6.205080677214322688e+19,6.175742188548050125e+19,6.145803806337662976e+19,6.115269488825021235e+19,6.084144953470589338e+19,6.052434598320878387e+19,6.020143701031701709e+19,5.987278858672825958e+19,5.953845348900064461e+19,5.919849768783183872e+19,5.885298715391950848e+19,5.850197906186829824e+19,5.814554817846889677e+19,5.778324150493066035e+19,5.741567476776514355e+19,5.704292713180954624e+19,5.666508215994757939e+19,5.628221461896993178e+19,5.589441246980682547e+19,5.550176367338848256e+19,5.510435619064512512e+19,5.470227798250697523e+19,5.429563020404378829e+19,5.388449641813927526e+19,5.346898657595621376e+19,5.304877522205278208e+19,5.262440771419635712e+19,5.219598080941018317e+19,5.176360885690354893e+19,5.132739740979272090e+19,5.088744762314745446e+19,5.044387824422354944e+19,4.999679922418378342e+19,4.954632051419093402e+19,4.909256086150080102e+19,4.863562581922965094e+19,4.817564293072630579e+19,4.771244067217683251e+19,4.724643685799978598e+19,4.677775023545096602e+19,4.630648635764663910e+19,4.583274637965656064e+19,4.535662266045746381e+19,4.487819436488654848e+19,4.439750547340892570e+19,4.391458237430366208e+19,4.342938108710564659e+19,4.294178726260559053e+19,4.245154581410584986e+19,4.195785629714140365e+19,4.146013816957278618e+19,4.095707201744666624e+19,4.044658196280980275e+19,3.992546622780211200e+19,3.938886057298231296e+19,3.882939827044430643e+19,3.823610179609637683e+19,3.759274235831255040e+19,3.687564087467704320e+19,3.605085542124041011e+19,3.507076175135716147e+19,3.383747914089942221e+19,3.227563386875989197e+19,3.028310549397399142e+19,2.776877308990141235e+19,2.469154570798891008e+19,2.110604488688114074e+19,1.718904130999890739e+19,1.322006161944844698e+19,9.512215940494786560e+18,6.320301799223853056e+18,3.774026933096939520e+18,1.871417856181141504e+18,5.631683782781173760e+17,7.403943797719040000e+16,0.000000000000000000e+00,0.000000000000000000e+00,0.000000000000000000e+00,0.000000000000000000e+00,0.000000000000000000e+00
7.635604238774147482e+19,7.640238020578246656e+19,7.644629909824235110e+19,7.648758795888859546e+19,7.652606206976773325e+19,7.656151912074025370e+19,7.659377439385269043e+19,7.662264317115157709e+19,7.664791434640438067e+19,7.666942958993670144e+19,7.668700418379507302e+19,7.670046220611905126e+19,7.670962773504819200e+19,7.671387624797791846e+19,7.671347162769889690e+19,7.670826434062974976e+19,7.669810485318909952e+19,7.668285242788859085e+19,7.666236632723986842e+19,7.663650581375457690e+19,7.660516533431644979e+19,7.656823053971619840e+19,7.652556948855848960e+19,7.647711181209914573e+19,7.642273436503585587e+19,7.636175984820591002e+19,7.629469843500459622e+19,7.622147975668773683e+19,7.614205983279022080e+19,7.605636829456787046e+19,7.596438754983464141e+19,7.586607361812542259e+19,7.576140011116114739e+19,7.565035823284879360e+19,7.553295677928138342e+19,7.540918695436589466e+19,7.527907514638139392e+19,7.514201442490934886e+19,7.499869088520549171e+19,7.484913971164191130e+19,7.469342247686976307e+19,7.453160954963322470e+19,7.436378889086251827e+19,7.419004846148786586e+19,7.401047622243948954e+19,7.382519531901970022e+19,7.363432010043778662e+19,7.343797371199605965e+19,7.323631008532240794e+19,7.302896858060292096e+19,7.281664408918635315e+19,7.259951253293314867e+19,7.237774983370375168e+19,7.215155390359116186e+19,7.192111385859535667e+19,7.168664960104189133e+19,7.144836344107027661e+19,7.120649287319211213e+19,7.096126219777946419e+19,7.071291770543695462e+19,7.046170568676920525e+19,7.020765692810179379e+19,6.995132118524860826e+19,6.969297113709333709e+19,6.943288825861269094e+19,6.917136282087640269e+19,6.890868069690769408e+19,6.864514535191583130e+19,6.838105585306356941e+19,6.811672446165319680e+19,6.785245904094049075e+19,6.758857625027425075e+19,6.732540594314280960e+19,6.706340991442983322e+19,6.680285204692598784e+19,6.654405779607309517e+19,6.628736581145251021e+19,6.603311034459907686e+19,6.578163444314066125e+19,6.553326796056559616e+19,6.528836274059476992e+19,6.504724863671651533e+19,6.481026429851218739e+19,6.457774837556314112e+19,6.435004831354375373e+19,6.412803932370973491e+19,6.391157627052621824e+19,6.370097581334200320e+19,6.349655900955240038e+19,6.329862492632016486e+19,6.310745503862200730e+19,6.292332202534161613e+19,6.274645018685105766e+19,6.257701104696426496e+19,6.241511455684401562e+19,6.226076511453682074e+19,6.211379559427525837e+19,6.197442150033837261e+19,6.184097157505194394e+19,6.171187571581150822e+19,6.158455666736155853e+19,6.145495503277234586e+19,6.131672882897485824e+19,6.116014957708653363e+19,6.097043544278355149e+19,6.072542027164994765e+19,6.039226824843381965e+19,5.992316381146644480e+19,5.924988006522106675e+19,5.823133207566798029e+19,5.675047463100717466e+19,5.464649316056013210e+19,5.176454124276390298e+19,4.801136709744354918e+19,4.342543164133867520e+19,3.822486038921399501e+19,3.279181059753561293e+19,2.758115682378422682e+19,2.298728069470355456e+19,1.923719397803399578e+19,1.636678803184104243e+19,1.433177672678113280e+19,1.287558242744297062e+19,1.183988315600820634e+19,1.109071771428349542e+19,1.051968525088640205e+19,1.003939768115291750e+19,9.577469756580036608e+18
8.567001418272499302e+19,8.565548303705230541e+19,8.563753900728700109e+19,8.561615570515001344e+19,8.559129794626925363e+19,8.556296573064472166e+19,8.553111507781130650e+19,8.549573719167598592e+19,8.545681448005271552e+19,8.541432055466242867e+19,8.536823782331908096e+19,8.531854869383662797e+19,8.526524437012204749e+19,8.520793782408236237e+19,8.514698969553148314e+19,8.508235600400429875e+19,8.501407193387289805e+19,8.494209350467216998e+19,8.486642951249513677e+19,8.478706236515575398e+19,8.470400085874704384e+19,8.461723619717598413e+19,8.452676838044257485e+19,8.443258861245379379e+19,8.433471448539568538e+19,8.423277656336131686e+19,8.412714428225762099e+19,8.401783523427064218e+19,8.390484941940038042e+19,8.378821322592590234e+19,8.366792665384720794e+19,8.354401609144336384e+19,8.341649913090041446e+19,8.328538456831138202e+19,8.315071638414137754e+19,8.301250337448342323e+19,8.287077192761658573e+19,8.272520538419206554e+19,8.257619956839586202e+19,8.242378086850704179e+19,8.226798446889769370e+19,8.210883675784688435e+19,8.194639930800576922e+19,8.178069850765341491e+19,8.161178713334795469e+19,8.143970036946147738e+19,8.126449099255211622e+19,8.108622057527102669e+19,8.090492430199029760e+19,8.072037347429135155e+19,8.053292873198809907e+19,8.034265164773169562e+19,8.014959499808027443e+19,7.995381155959196877e+19,7.975538929319700070e+19,7.955437217936048128e+19,7.935083058682658816e+19,7.914485247652554342e+19,7.893648182892245811e+19,7.872580660494755430e+19,7.851288837725198746e+19,7.829759520444042445e+19,7.808024374586166477e+19,7.786088677807384166e+19,7.763962985419322163e+19,7.741652575077793792e+19,7.719167122485123482e+19,7.696513664515728998e+19,7.673701876871934771e+19,7.650738796428158566e+19,7.627633219277422592e+19,7.604393061903446835e+19,7.581027120399253504e+19,7.557532755936935936e+19,7.533932838358351872e+19,7.510233524928616858e+19,7.486444491350055322e+19,7.462574533715689472e+19,7.438632448118541517e+19,7.414624391823727002e+19,7.390561799752174797e+19,7.366452148582953779e+19,7.342303354799783936e+19,7.318123334886385254e+19,7.293920884935779942e+19,7.269703041822385766e+19,7.245479041443876045e+19,7.221256360479319654e+19,7.197039836779878810e+19,7.172835627610669056e+19,7.148645931994945946e+19,7.124471629542011699e+19,7.100309201814657434e+19,7.076149852719860941e+19,7.051975990071577805e+19,7.027757707153532518e+19,7.003446185649451827e+19,6.978931474396558131e+19,6.954082511608820531e+19,6.928678515351381606e+19,6.902380836042886349e+19,6.874669184781071155e+19,6.844750153975332864e+19,6.811425715756046746e+19,6.772892671053660160e+19,6.726470410519655219e+19,6.668216525261478298e+19,6.592424989735623066e+19,6.491004717775611494e+19,6.347192555104370688e+19,6.147541474514200166e+19,5.873561648667767603e+19,5.507862322050865562e+19,5.040762954487903027e+19,4.478428727578145587e+19,3.848165792695084646e+19,3.196085248582064538e+19,2.575965968172213862e+19,2.033506953250786509e+19,1.594086911307782554e+19,1.260508937287054131e+19,1.026553423763760742e+19,8.614069971741310976e+18,7.465097363145621504e+18,6.665640259566436352e+18,6.096525894203998208e+18,5.667101732371431424e+18,5.308195848297906176e+18
6.860738372457149235e+19,6.856677656113446912e+19,6.850491363890928026e+19,6.842193129733776998e+19,6.831798346804782694e+19,6.819324167485338419e+19,6.804788623766139699e+19,6.788211067051835392e+19,6.769613487574981018e+19,6.749017875568132096e+19,6.726447540677797478e+19,6.701927991573741568e+19,6.675485176730379878e+19,6.646960766473312666e+19,6.616575982542048461e+19,6.584362051066816102e+19,6.550349758373193318e+19,6.514572089810013389e+19,6.477062470530760704e+19,6.437856524712175206e+19,6.396989876530996838e+19,6.354499029773267763e+19,6.310422247443634586e+19,6.264798672156046131e+19,6.217667006719800115e+19,6.168927415479094477e+19,6.118771653261813350e+19,6.067242381119114445e+19,6.014383139711457690e+19,5.960237909503954125e+19,5.904850670961714790e+19,5.848266723963804058e+19,5.790532247998588518e+19,5.731693862359085875e+19,5.671797306729011610e+19,5.610890519815336755e+19,5.549021880129683456e+19,5.486152245058102886e+19,5.422428069549414810e+19,5.357897292310590259e+19,5.292608731657902490e+19,5.226611205907624755e+19,5.159955292594634752e+19,5.092689370230554624e+19,5.024863136740959846e+19,4.956526290051425894e+19,4.887728528087528243e+19,4.818518229360889037e+19,4.748945091797083750e+19,4.679033304651923456e+19,4.608867310418421350e+19,4.538496367217501798e+19,4.467967973951484723e+19,4.397330509131992269e+19,4.326631031856693248e+19,4.255917920637209805e+19,4.185237354961908531e+19,4.114634634709853798e+19,4.044156379174063309e+19,3.973847888233601434e+19,3.903753582158230323e+19,3.833948667543289856e+19,3.764454255012033331e+19,3.695313005615618458e+19,3.626566480893575168e+19,3.558256022483107840e+19,3.490421212802816410e+19,3.423101414368975258e+19,3.356335329990882099e+19,3.290160123161555763e+19,3.224612737471689523e+19,3.159729017000348877e+19,3.095543706314971546e+19,3.032167636187637350e+19,2.969563643125327462e+19,2.907763393062921830e+19,2.846797012619021517e+19,2.786693968705250918e+19,2.727482848623932211e+19,2.669190480458783130e+19,2.611843472391195853e+19,2.555466893286283674e+19,2.500084272692880998e+19,2.445718700355171123e+19,2.392391726701058458e+19,2.340231994590992794e+19,2.289154621727309824e+19,2.239176760491402854e+19,2.190314903557688525e+19,2.142583344577327923e+19,2.095995497592179917e+19,2.050562357718522266e+19,2.006293380756353843e+19,1.963194723970790195e+19,1.921269905799040205e+19,1.880518266534127206e+19,1.840932549399307878e+19,1.802610061173640397e+19,1.765402697640863334e+19,1.729259771314936218e+19,1.694102007407496397e+19,1.659808459639488512e+19,1.626196828983027302e+19,1.592995316163726541e+19,1.559802269583959654e+19,1.526030110229843149e+19,1.490829905173571174e+19,1.452994940403659571e+19,1.410844502445889946e+19,1.361065432912284877e+19,1.300936550475261542e+19,1.226945135386401178e+19,1.135993203683282125e+19,1.026735832742808781e+19,9.011138804903313408e+18,7.651802683879194624e+18,6.283205376414318592e+18,5.008057761217380352e+18,3.907073337615974400e+18,3.018581630710185984e+18,2.339054857442295808e+18,1.850711028573143040e+18,1.491913446394953728e+18,1.226924547031171072e+18,1.027413832844181504e+18,8.722790643568476160e+17,7.464381718514892800e+17,6.394237359122022400e+17
7.133553155782790349e+19,7.132093444145754931e+19,7.129668801104183296e+19,7.126277027634819891e+19,7.121917683933013606e+19,7.116589890389462221e+19,7.110293647004165734e+19,7.103029833386426368e+19,7.094800648559499674e+19,7.085607411937338982e+19,7.075453641957153178e+19,7.064341977446848922e+19,7.052277696062239539e+19,7.039170637849847398e+19,7.025122397684079002e+19,7.010139132830049894e+19,6.994228319966828954e+19,6.977397435773485056e+19,6.959655276343040410e+19,6.941011517377819443e+19,6.921474954970844365e+19,6.901056584238392934e+19,6.879767840101394022e+19,6.857620157480776499e+19,6.834626730516073677e+19,6.810718509877061222e+19,6.785994451610238976e+19,6.760469509073744691e+19,6.734158195821065011e+19,6.707077224428942131e+19,6.679242867669467136e+19,6.650671838119382221e+19,6.621382167769382912e+19,6.591392768219466957e+19,6.560721671460329882e+19,6.529388668701271654e+19,6.497413111346941133e+19,6.464756296588040602e+19,6.431503546526885478e+19,6.397676411591380173e+19,6.363297321818731315e+19,6.328387827636843315e+19,6.292972118301527245e+19,6.257072623849989734e+19,6.220713533538041856e+19,6.183918157012192461e+19,6.146712442746857062e+19,6.109120579997846733e+19,6.071167197825623654e+19,6.032847458379025613e+19,5.994223813918510285e+19,5.955321773113842074e+19,5.916167724244087603e+19,5.876788495392964608e+19,5.837210035034888602e+19,5.797459611058228429e+19,5.757564051546701824e+19,5.717550624388677632e+19,5.677446157667873587e+19,5.637277919272658534e+19,5.597072737286750208e+19,5.556860958231075226e+19,5.516672928626560205e+19,5.476536356166225101e+19,5.436477189324485427e+19,5.396523575599012250e+19,5.356702343073523302e+19,5.317039880027085210e+19,5.277562574738764595e+19,5.238297255292279194e+19,5.199269870162044518e+19,5.160506367822476083e+19,5.122032696747989402e+19,5.083908670371135488e+19,5.046130330450054349e+19,5.008722745849859277e+19,4.971709226217059123e+19,4.935114840416767181e+19,4.898962018486190080e+19,4.863274509876487782e+19,4.828075184429518029e+19,4.793385592573185229e+19,4.759227724540044902e+19,4.725622251148699238e+19,4.692590283022401536e+19,4.660213184021607219e+19,4.628451811532367462e+19,4.597324637350028902e+19,4.566848374051333734e+19,4.537038854603721933e+19,4.507909712951377920e+19,4.479472823819881677e+19,4.451736103692953190e+19,4.424704390421754675e+19,4.398375484983030579e+19,4.372738392260503142e+19,4.347769802607663514e+19,4.323480271336138342e+19,4.299717186231992320e+19,4.276343768048730112e+19,4.253145392116609843e+19,4.229787806900787610e+19,4.205761278810626458e+19,4.180289992441567642e+19,4.152208465468168602e+19,4.119779029713892147e+19,4.080441582304624640e+19,4.030487250617552077e+19,3.964641457471907430e+19,3.872023875603870515e+19,3.743679642512182477e+19,3.567315998295982080e+19,3.331156073910160589e+19,3.028233803485780378e+19,2.661791646813152870e+19,2.248970330462329242e+19,1.819574865883247411e+19,1.408992375108901274e+19,1.047861079500757402e+19,7.537858094869512192e+18,5.295067129706446848e+18,3.716844082115379200e+18,2.602990699544576000e+18,1.832800808790392832e+18,1.307100385172783104e+18,9.502314151091896320e+17,7.073551376889937920e+17,5.401347435475763200e+17
7.214570889977790464e+19,7.213187264545397146e+19,7.210590218080590234e+19,7.206779310778718618e+19,7.201755422249084518e+19,7.195520751514943488e+19,7.188077497599551078e+19,7.179429178940116173e+19,7.169579753778498765e+19,7.158534939575163290e+19,7.146300893595225293e+19,7.132883333299149210e+19,7.118290614975306138e+19,7.102416305898127360e+19,7.085387069807132672e+19,7.067213901818599834e+19,7.047907797048806605e+19,7.027481509832635187e+19,7.005948234309618893e+19,6.983321604423942144e+19,6.959616573533742694e+19,6.934848534801809408e+19,6.909035080414186701e+19,6.882191603533663437e+19,6.854337895369539584e+19,6.825395230889266381e+19,6.795484116567248077e+19,6.764626542636040192e+19,6.732842740109593805e+19,6.700155139025115546e+19,6.666587049029114266e+19,6.632160900158796595e+19,6.596902201083926938e+19,6.560834701255665254e+19,6.523984788953078170e+19,6.486377972845930086e+19,6.448041081017938739e+19,6.408934970855155302e+19,6.369160357622684058e+19,6.328745828622847181e+19,6.287720850767269069e+19,6.246114890967574118e+19,6.203957416135386726e+19,6.161280092205586842e+19,6.118112825894449971e+19,6.074487283136856064e+19,6.030435129867685069e+19,5.985988911631119155e+19,5.941179854557387162e+19,5.896012356693000192e+19,5.850555907172833690e+19,5.804842611736418714e+19,5.758907214951192986e+19,5.712781822556687565e+19,5.666501179120340173e+19,5.620098269990984090e+19,5.573607839736057037e+19,5.527062433899741184e+19,5.480497236854125363e+19,5.433945673752693965e+19,5.387442049358233600e+19,5.341031223745157530e+19,5.294743543434392371e+19,5.248611114165469184e+19,5.202668240701174579e+19,5.156947908390341837e+19,5.111482662777153126e+19,5.066305049405790618e+19,5.021448493429738701e+19,4.976943781174575104e+19,4.932823458184481997e+19,4.889118310785037107e+19,4.845860004911120384e+19,4.803129464618536141e+19,4.760913055963099955e+19,4.719239366247134003e+19,4.678137862382262682e+19,4.637636691866157056e+19,4.597763562391837082e+19,4.558545302043020493e+19,4.520009618512727245e+19,4.482181140861419520e+19,4.445086257368163942e+19,4.408748717484120474e+19,4.373192710465100186e+19,4.338524229232020685e+19,4.304686538984888730e+19,4.271701190151608730e+19,4.239586654527527322e+19,4.208360964103340032e+19,4.178041271260440166e+19,4.148640330333709926e+19,4.120170016048729293e+19,4.092636045865962701e+19,4.066039739199363482e+19,4.040373179565211648e+19,4.015616135949556122e+19,3.991809949989601280e+19,3.968786176503971840e+19,3.946419031362450227e+19,3.924508843253432320e+19,3.902747309116489728e+19,3.880658560319120998e+19,3.857519558014900634e+19,3.832240906083028173e+19,3.803196646728348467e+19,3.767990284406960947e+19,3.723143843937884570e+19,3.663713921042638438e+19,3.579534211308480102e+19,3.462193450782923162e+19,3.300212078365009510e+19,3.082644235897903514e+19,2.803102640433528832e+19,2.464773236864529203e+19,2.083774645751775232e+19,1.687901751387304755e+19,1.309952545823024742e+19,9.781249943137157120e+18,7.084217739190992896e+18,5.030950143063490560e+18,3.588507160776015872e+18,2.571917951187812352e+18,1.870252648733605888e+18,1.392630432624803840e+18,1.069546087628406784e+18,8.501418408405893120e+17,6.982027341799096320e+17
7.117631787607942758e+19,7.115062448836155802e+19,7.111561164008665907e+19,7.107129692344077517e+19,7.101770232865646182e+19,7.095485424401278566e+19,7.088278785388183552e+19,7.080153834263570022e+19,7.071113649659995750e+19,7.061163069428622950e+19,7.050306051811311616e+19,7.038547434659223962e+19,7.025893375237475533e+19,7.012259870857704243e+19,6.997743238738503270e+19,6.982349636144988160e+19,6.966086099951576678e+19,6.948959667032686592e+19,6.930977374262735667e+19,6.912146698320792781e+19,6.892475995495229030e+19,6.871974061879066624e+19,6.850648813956025549e+19,6.828509487623779123e+19,6.805565758584651776e+19,6.781748577508419174e+19,6.757148104348558950e+19,6.731775334221348864e+19,6.705640382633764454e+19,6.678754244702083482e+19,6.651127915542583706e+19,6.622772830076193997e+19,6.593700423223843226e+19,6.563923449320413594e+19,6.533453343286833971e+19,6.502302419653335450e+19,6.470483872559451341e+19,6.437946244861001728e+19,6.404770020809139814e+19,6.370967954738747802e+19,6.336553680594010112e+19,6.301541272123762278e+19,6.265945242881490944e+19,6.229778787006729421e+19,6.193056857857615462e+19,6.155793529182984602e+19,6.118004194145625702e+19,6.079702926494374298e+19,6.040905119392019251e+19,6.001579986512982835e+19,5.961791299531676058e+19,5.921555771024841114e+19,5.880888354350615757e+19,5.839804442671788851e+19,5.798320308760451482e+19,5.756451785584043622e+19,5.714213826500703027e+19,5.671623144087171891e+19,5.628695571310890189e+19,5.585447820748600115e+19,5.541894845758439424e+19,5.498026970638083686e+19,5.453889935071248384e+19,5.409500451634675712e+19,5.364874353295805645e+19,5.320028352631380378e+19,5.274978282608839885e+19,5.229740416000275251e+19,5.184331025577777562e+19,5.138765944308786790e+19,5.093061444965394022e+19,5.047233360515039232e+19,5.001297523925162394e+19,4.955263171093436826e+19,4.909156250494278042e+19,4.862992595095126016e+19,4.816788037863420723e+19,4.770557532157299917e+19,4.724316910944203571e+19,4.678081127582269440e+19,4.631866015038937498e+19,4.585685207258392166e+19,4.539554537208073421e+19,4.493488078636816794e+19,4.447500345098108928e+19,4.401616405457063117e+19,4.355842416978794906e+19,4.310191133998186496e+19,4.264674871045468979e+19,4.219305942650873446e+19,4.174094464321375437e+19,4.129049671954648269e+19,4.084177722815807488e+19,4.039481695537410867e+19,3.994959391096202854e+19,3.950600693985207910e+19,3.906384493581172736e+19,3.862275165707357389e+19,3.818180791191679795e+19,3.773979544145782374e+19,3.729477470718525440e+19,3.684372645016921702e+19,3.638201952743351910e+19,3.590259727335109427e+19,3.539481861438832640e+19,3.484278021436106342e+19,3.422302949024884326e+19,3.350152996010223206e+19,3.262988771913629696e+19,3.150798343754901094e+19,3.005479190446630502e+19,2.815966926478508032e+19,2.571964185651760333e+19,2.268057852320520602e+19,1.908766259567971533e+19,1.511781319143168410e+19,1.106426236500757709e+19,7.266054422436773888e+18,4.008727860528283648e+18,1.481095214050312192e+18,0.000000000000000000e+00,0.000000000000000000e+00,0.000000000000000000e+00,0.000000000000000000e+00,0.000000000000000000e+00,0.000000000000000000e+00,0.000000000000000000e+00,0.000000000000000000e+00
7.161391030979474227e+19,7.159085574998353510e+19,7.155830140970834330e+19,7.151627367724823347e+19,7.146478574674273894e+19,7.140386840451743744e+19,7.133354803885139558e+19,7.125385543607019110e+19,7.116483017859242394e+19,7.106651184883669402e+19,7.095895322336113459e+19,7.084220268067736781e+19,7.071631739539003802e+19,7.058045294256901325e+19,7.043559888267929190e+19,7.028181678837202944e+19,7.011918582448442573e+19,6.994778955390019174e+19,6.976771593754954957e+19,6.957903974222318797e+19,6.938186652103737344e+19,6.917628423492232806e+19,6.896239843699431834e+19,6.874031468036961075e+19,6.851014291621098291e+19,6.827121464144874701e+19,6.802445344585023488e+19,6.776998687276426854e+19,6.750794246553967002e+19,6.723844336947875021e+19,6.696163032206986445e+19,6.667763526470834586e+19,6.638660333292906086e+19,6.608867966226687590e+19,6.578400938825665741e+19,6.547274644252629402e+19,6.515504035865716326e+19,6.483044693395164365e+19,6.449976661287475610e+19,6.416316212314741146e+19,6.382080498858354278e+19,6.347286233495057203e+19,6.311950568606243226e+19,6.276091536182607872e+19,6.239725848800893338e+19,6.202871978256446259e+19,6.165548396344613274e+19,6.127772695251438797e+19,6.089563786576920576e+19,6.050901439307107533e+19,6.011847226093155123e+19,5.972420058535061094e+19,5.932639727842125414e+19,5.892525585418996941e+19,5.852096982670324531e+19,5.811373271000757043e+19,5.770373362010292224e+19,5.729118366322183373e+19,5.687627195536428237e+19,5.645919201057675674e+19,5.604015053704527872e+19,5.561918711718844826e+19,5.519670197323877581e+19,5.477289301728926106e+19,5.434795376338639258e+19,5.392208212362317005e+19,5.349548040813910426e+19,5.306833773293417267e+19,5.264085640814788608e+19,5.221323434587324416e+19,5.178566066211022438e+19,5.135832447285880422e+19,5.093142808825849446e+19,5.050523978914647245e+19,5.007990471105760461e+19,4.965561636803837952e+19,4.923255068194924134e+19,4.881089676879016755e+19,4.839083494846811341e+19,4.797254554089003418e+19,4.755620446791637402e+19,4.714198325336106598e+19,4.673005781908455424e+19,4.632059529085426074e+19,4.591375399834458522e+19,4.551000013448570470e+19,4.510922814616135270e+19,4.471157877085988454e+19,4.431720594020918886e+19,4.392622840146506547e+19,4.353877809602284749e+19,4.315494298481275699e+19,4.277479783462548275e+19,4.239838222787962470e+19,4.202566977629611622e+19,4.165655932480520192e+19,4.129083097108132659e+19,4.092829120107800166e+19,4.056780092074885120e+19,4.020806270637309952e+19,3.984703586436959437e+19,3.948155819929685197e+19,3.910676107366708019e+19,3.871524697324860211e+19,3.829583606381019136e+19,3.783183775884220826e+19,3.729860540569642598e+19,3.666031911456315802e+19,3.586593295861127578e+19,3.480967391924872806e+19,3.340461900523005542e+19,3.153120952117415117e+19,2.907538872788529971e+19,2.597125409741786317e+19,2.225461672348850586e+19,1.809944903242534093e+19,1.380544600812290048e+19,9.727579482050527232e+18,6.173283900450668544e+18,3.319597402947584000e+18,1.193855635314180096e+18,9.948796960951500800e+16,0.000000000000000000e+00,0.000000000000000000e+00,0.000000000000000000e+00,0.000000000000000000e+00,0.000000000000000000e+00,0.000000000000000000e+00
7.646718981917009510e+19,7.644648381619581747e+19,7.641375355406018150e+19,7.636905180932132045e+19,7.631240497025830093e+19,7.624388340561530061e+19,7.616352229976440832e+19,7.607139202144980173e+19,7.596757173550868070e+19,7.585212301459220070e+19,7.572512502353756160e+19,7.558665692718196326e+19,7.543683307473469440e+19,7.527460673112611226e+19,7.510121814547234816e+19,7.491678166698269082e+19,7.472141164486642893e+19,7.451522242833285120e+19,7.429832836659124634e+19,7.407087019712996966e+19,7.383297986134435430e+19,7.358478050453671117e+19,7.332642605833492890e+19,7.305805726022736282e+19,7.277981924574887936e+19,7.249092476457399091e+19,7.219251291074907341e+19,7.188475520808805990e+19,7.156781878235837235e+19,7.124187515737394381e+19,7.090710025499521843e+19,7.056367439512915149e+19,7.021178229572920934e+19,6.985161307279536947e+19,6.948336024037412045e+19,6.910721291446543974e+19,6.872336900716232704e+19,6.833130515092996096e+19,6.793199331404729549e+19,6.752564460274686362e+19,6.711246572521468723e+19,6.669266338963678822e+19,6.626646629443174400e+19,6.583408114778557645e+19,6.539572345397732966e+19,6.495161751337906995e+19,6.450198762636286362e+19,6.404704929720775475e+19,6.358704002042534298e+19,6.312172230150402867e+19,6.265183061421116621e+19,6.217759365696533299e+19,6.169924452623161754e+19,6.121701631847510835e+19,6.073112893602136064e+19,6.024182427142848512e+19,5.974933542116157030e+19,5.925388668559268250e+19,5.875571116118691021e+19,5.825504194440934195e+19,5.775211213172506624e+19,5.724697449969221632e+19,5.674008644514794701e+19,5.623168106455734682e+19,5.572197826024597094e+19,5.521121552672541901e+19,5.469960836827473510e+19,5.418738548331249664e+19,5.367477117221076992e+19,5.316198973534162125e+19,5.264925667698409472e+19,5.213678750141723443e+19,5.162480211096659558e+19,5.111360836888795546e+19,5.060336900290222490e+19,5.009429072119542579e+19,4.958657583390706893e+19,4.908043544726968730e+19,4.857606307532976947e+19,4.807366102822682624e+19,4.757341402391432397e+19,4.707551997448526234e+19,4.658016359789310771e+19,4.608752961209132646e+19,4.559779393894036275e+19,4.511146675183550464e+19,4.462841171133490790e+19,4.414879594320599450e+19,4.367277777712316416e+19,4.320049355252826112e+19,4.273207081277010739e+19,4.226761511096496947e+19,4.180721000999655834e+19,4.135090388837649613e+19,4.089867475587222733e+19,4.045043904960004096e+19,4.000597686723438182e+19,3.956517385956596122e+19,3.912687334036235878e+19,3.868984385660046541e+19,3.825213707367586202e+19,3.781074912582146458e+19,3.736109724857270272e+19,3.689624132453505434e+19,3.640580196394231398e+19,3.587439040205212877e+19,3.527950403389043507e+19,3.458876444104248525e+19,3.375655288607185306e+19,3.268938449233851187e+19,3.131306421520013722e+19,2.952715166745939149e+19,2.723987501159232307e+19,2.440537141858113946e+19,2.106820189567634637e+19,1.739049822848653722e+19,1.363571769667800269e+19,1.010402697463359078e+19,7.044237847137615872e+18,4.587927771174404096e+18,2.740504694685171712e+18,1.460231706035355648e+18,5.704144691428065280e+17,1.039321784291164160e+17,0.000000000000000000e+00,0.000000000000000000e+00,0.000000000000000000e+00,0.000000000000000000e+00
7.205249230397505536e+19,7.202589291867589837e+19,7.199115714733119898e+19,7.194830258212700160e+19,7.189734681524935066e+19,7.183830304083777946e+19,7.177119324912484352e+19,7.169604822643612058e+19,7.161289436105067725e+19,7.152175804124758016e+19,7.142267445139891814e+19,7.131568317392329114e+19,7.120081059709976576e+19,7.107732224716098765e+19,7.094606694708359987e+19,7.080706668710015795e+19,7.066038743790832845e+19,7.050607317997322240e+19,7.034418108789948416e+19,7.017476833629175808e+19,6.999789209975468851e+19,6.981361395093943091e+19,6.962200425859016294e+19,6.942311579926501786e+19,6.921703213584770662e+19,6.900311555159411917e+19,6.878215769487625421e+19,6.855423333248480051e+19,6.831942602730346906e+19,6.807781054612294861e+19,6.782947924791997235e+19,6.757451129753174016e+19,6.731299465588847411e+19,6.704501728392039629e+19,6.677066714255772877e+19,6.649004978491673805e+19,6.620324877388113510e+19,6.590976713019516518e+19,6.561032613348664934e+19,6.530502254077883187e+19,6.499396190518797926e+19,6.467724538178384691e+19,6.435498731977572352e+19,6.402728447618685338e+19,6.369425120022652518e+19,6.335600184110402765e+19,6.301264195193562726e+19,6.266429027997712384e+19,6.231105677639129498e+19,6.195259839355027456e+19,6.158952206187259494e+19,6.122194213056754483e+19,6.084999054103045734e+19,6.047377284637759898e+19,6.009341219191128064e+19,5.970904491707334656e+19,5.932078537107308544e+19,5.892875669921280819e+19,5.853309084288784794e+19,5.813390654935400448e+19,5.773133136196009984e+19,5.732518496079917875e+19,5.691593793684792934e+19,5.650370903736215142e+19,5.608863460178368922e+19,5.567084217346136474e+19,5.525045929574400000e+19,5.482761351198041702e+19,5.440244116161246003e+19,5.397506978798895104e+19,5.354562693445871206e+19,5.311424014437056512e+19,5.268104135911984333e+19,5.224600858847399117e+19,5.180945849178180813e+19,5.137150981629909402e+19,5.093229450342118195e+19,5.049194449454340506e+19,5.005058733301458534e+19,4.960834176609052262e+19,4.916534413321306112e+19,4.872171757968451174e+19,4.827758525080718541e+19,4.783306589383688192e+19,4.738829145016893440e+19,4.694337626901263155e+19,4.649846988394935091e+19,4.605367345004884787e+19,4.560910131652041114e+19,4.516485024038728499e+19,4.472100378453318042e+19,4.427763231770227507e+19,4.383478421840619110e+19,4.339245948664492851e+19,4.295060974390686515e+19,4.250910744684317901e+19,4.206769750875622605e+19,4.162581258164607386e+19,4.118260384253607936e+19,4.073673428528686694e+19,4.028610604171264000e+19,3.982750853786029261e+19,3.935603795186994381e+19,3.886429676950991667e+19,3.834122390380478464e+19,3.777044102954719642e+19,3.712800957957721293e+19,3.637954562627102310e+19,3.547663107558788301e+19,3.431979311056289792e+19,3.283113792943790490e+19,3.090494968822549709e+19,2.844535317200686285e+19,2.540589401450846618e+19,2.183657800456155955e+19,1.791208895251742720e+19,1.391376219710999757e+19,1.016041762748733850e+19,6.914840171955355648e+18,4.314464660817444864e+18,2.362745484730171392e+18,1.013657980308029440e+18,1.485022738304204800e+17,0.000000000000000000e+00,0.000000000000000000e+00,0.000000000000000000e+00,0.000000000000000000e+00,0.000000000000000000e+00
7.589526785086613094e+19,7.585532479245228442e+19,7.580135196566801613e+19,7.573346371972261478e+19,7.565177440382536909e+19,7.555639836718556774e+19,7.544746755119854387e+19,7.532513148944567501e+19,7.518953971550833869e+19,7.504084176296791245e+19,7.487922234977786266e+19,7.470483980561258906e+19,7.451787884842555802e+19,7.431733672361223782e+19,7.410464719433524838e+19,7.388004775510618931e+19,7.364373631801806029e+19,7.339594158148943872e+19,7.313690104003192422e+19,7.286685218815711642e+19,7.258603252037661491e+19,7.229470591948108595e+19,7.199312307412166246e+19,7.168155226513552179e+19,7.136025737531333018e+19,7.102860948400399974e+19,7.068786643250970624e+19,7.033830969580716032e+19,6.998023394301260595e+19,6.961393824128879821e+19,6.923972165779849216e+19,6.885789645384397619e+19,6.846876169658800538e+19,6.807263404537937920e+19,6.766983015956689715e+19,6.726066669849935872e+19,6.684546471957207450e+19,6.642401751459902259e+19,6.599726186748706816e+19,6.556551003953849958e+19,6.512910068033467187e+19,6.468837243945694003e+19,6.424364197625410355e+19,6.379524794030751744e+19,6.334351578705900339e+19,6.288878856413642752e+19,6.243139172698161152e+19,6.197165952712939930e+19,6.150991302197510144e+19,6.104636331775125094e+19,6.058152938394615808e+19,6.011574547209466675e+19,5.964932824154557645e+19,5.918259874969419776e+19,5.871588245198235238e+19,5.824947841557279539e+19,5.778371649395385958e+19,5.731889575428830003e+19,5.685531966178538291e+19,5.639329168165437440e+19,5.593310648301151846e+19,5.547530942362419200e+19,5.501999726051563930e+19,5.456745586670908211e+19,5.411795352304169779e+19,5.367176730644368589e+19,5.322916109970571264e+19,5.279039438757193318e+19,5.235571785869348045e+19,5.192538220172148736e+19,5.149962051312104243e+19,5.107867028740374528e+19,5.066276462103468442e+19,5.025266877410679194e+19,4.984809247555033498e+19,4.944923803550482432e+19,4.905630336606325965e+19,4.866948198127212954e+19,4.828894540494536704e+19,4.791486955894341632e+19,4.754742596708021043e+19,4.718676856098363802e+19,4.683304687423507661e+19,4.648639724627637043e+19,4.614695601654936371e+19,4.581558960021674394e+19,4.549169106685997875e+19,4.517535277545580134e+19,4.486666708498094490e+19,4.456569117004005376e+19,4.427247780719126118e+19,4.398706218080665600e+19,4.370942669870019379e+19,4.343952738040676352e+19,4.317723668257754317e+19,4.292235669311953306e+19,4.267454436440486707e+19,4.243380409448005632e+19,4.219846022762437018e+19,4.196699103974496666e+19,4.173706996423747174e+19,4.150512578733486899e+19,4.126572252354943386e+19,4.101061823371935744e+19,4.072741042668332646e+19,4.039757453053657088e+19,3.999378108425909043e+19,3.947629813566957158e+19,3.878852282617010586e+19,3.781350230293741568e+19,3.645475881868066816e+19,3.458018165327606579e+19,3.206404824915718963e+19,2.883405032363497882e+19,2.492983626600703590e+19,2.054204599936693043e+19,1.599731804004784538e+19,1.168002516044585370e+19,7.919763563172855808e+18,4.902346865032298496e+18,2.651739471707373568e+18,1.127317314769780736e+18,1.647889100759367680e+17,0.000000000000000000e+00,0.000000000000000000e+00,0.000000000000000000e+00,0.000000000000000000e+00,0.000000000000000000e+00
7.477823440578989261e+19,7.474855638793296282e+19,7.470433842831032320e+19,7.464565969175917363e+19,7.457260813920973619e+19,7.448528052768525517e+19,7.438377361420897485e+19,7.426820174799018394e+19,7.413868807433119334e+19,7.399537333072035840e+19,7.383838945855301222e+19,7.366788159336402125e+19,7.348401246287429632e+19,7.328564297303746150e+19,7.307429044989984768e+19,7.285013521336841011e+19,7.261336198139661517e+19,7.236418186021699584e+19,7.210279276192255181e+19,7.182941458883883827e+19,7.154426284524489933e+19,7.124756622955931238e+19,7.093956663434018816e+19,7.062049715605261517e+19,7.029061288139423744e+19,6.994913975417910067e+19,6.959742357663960269e+19,6.923573262961292083e+19,6.886434399002925466e+19,6.848353473481880371e+19,6.809359073700478976e+19,6.769479347156392346e+19,6.728745080175198208e+19,6.687185299863869850e+19,6.644830792547984998e+19,6.601711904748470272e+19,6.557859422790903398e+19,6.513239041912497766e+19,6.467956315229519872e+19,6.422042468872198554e+19,6.375530488189367091e+19,6.328452918725207654e+19,6.280842306023902413e+19,6.232732515043586867e+19,6.184156091328443187e+19,6.135146899836606874e+19,6.085737486112260096e+19,6.035962594722840576e+19,5.985854331407879373e+19,5.935421932065049805e+19,5.884731367392018432e+19,5.833816502346920755e+19,5.782710762083241165e+19,5.731448011559115162e+19,5.680060356514073805e+19,5.628582101710903706e+19,5.577045792693787034e+19,5.525484414811557069e+19,5.473929633999093760e+19,5.422414875409881498e+19,5.370971365174149120e+19,5.319645282780263219e+19,5.268460817484034867e+19,5.217448755611041792e+19,5.166639883486861722e+19,5.116064107827770163e+19,5.065751335350042624e+19,5.015730593160652390e+19,4.966030468561921638e+19,4.916679988660823654e+19,4.867706421345727283e+19,4.819137474309652480e+19,4.770999096027014758e+19,4.723366932897805107e+19,4.676222952931328000e+19,4.629592224992696730e+19,4.583498498533071258e+19,4.537965523003611546e+19,4.493015288636873114e+19,4.448671105079364813e+19,4.404953643149688832e+19,4.361883573666447360e+19,4.319481127643591475e+19,4.277765216681118925e+19,4.236754312574376346e+19,4.196539894690794701e+19,4.157068306862938522e+19,4.118354062644294451e+19,4.080411675588349133e+19,4.043253460225333658e+19,4.006890411671525786e+19,3.971331326019947725e+19,3.936581480926412800e+19,3.902643075414176563e+19,3.869511271632076800e+19,3.837174194854533530e+19,3.805609415044340122e+19,3.774839802043354317e+19,3.744710544614385254e+19,3.715097617845819802e+19,3.685806847984192717e+19,3.656540267378376704e+19,3.626842898116798054e+19,3.596024686701864550e+19,3.563047474254630093e+19,3.526364687719464960e+19,3.483699238515245056e+19,3.431750392735386829e+19,3.365827853678123418e+19,3.276279228665534874e+19,3.155162745210195149e+19,2.991653491434323968e+19,2.775520731543791206e+19,2.501010061483468390e+19,2.171641457778517606e+19,1.803348603134017536e+19,1.423131764788612301e+19,1.062534062173428122e+19,7.483969930480582656e+18,4.956526400002588672e+18,3.059658285612269568e+18,1.757775770308050944e+18,8.692412511682560000e+17,2.859054416349102080e+17,4.760186986587750400e+16,0.000000000000000000e+00,0.000000000000000000e+00,0.000000000000000000e+00
6.891390997420939674e+19,6.898930568554925261e+19,6.905861889856425165e+19,6.912144059492886118e+19,6.917739694068963738e+19,6.922609211166058086e+19,6.926714787584173670e+19,6.930018600123314995e+19,6.932483265388137677e+19,6.934073159201901773e+19,6.934751777778565120e+19,6.934484816355341107e+19,6.933237970169443123e+19,6.930872700755771392e+19,6.927454539007341363e+19,6.922954457817179750e+19,6.917340791250406605e+19,6.910586271418653082e+19,6.902663190628899226e+19,6.893545600406729523e+19,6.883209311496332902e+19,6.871631014251200512e+19,6.858789158243427942e+19,6.844663512459064115e+19,6.829235165298111283e+19,6.812353263765238579e+19,6.794133916288339149e+19,6.774563928727879680e+19,6.753632305967582413e+19,6.731329372305122918e+19,6.707648090866083430e+19,6.682581864580697293e+19,6.656128054621057843e+19,6.628284461963909530e+19,6.599051086609252352e+19,6.568430567384992973e+19,6.536426422728340275e+19,6.502909350071867802e+19,6.468025804364395315e+19,6.431787660331502797e+19,6.394207672308072448e+19,6.355301233456893133e+19,6.315086375768660378e+19,6.273582010843371930e+19,6.230810128913583309e+19,6.186794479430454477e+19,6.141561010868400947e+19,6.095137870725093786e+19,6.047554525912157389e+19,5.998734890224949658e+19,5.948829816658801459e+19,5.897876248804406067e+19,5.845912449666410086e+19,5.792980200686669005e+19,5.739121723111689421e+19,5.684381437211233485e+19,5.628806402082970010e+19,5.572444556433870029e+19,5.515346037994160128e+19,5.457562743712671334e+19,5.399147889952188006e+19,5.340106314563872358e+19,5.280558524022128640e+19,5.220562572540903424e+19,5.160179153162049946e+19,5.099469838536723661e+19,5.038497520730033357e+19,4.977326411221041152e+19,4.916022040902762496e+19,4.854650380472863949e+19,4.793279599652267622e+19,4.731976988552593408e+19,4.670813795527321190e+19,4.609888536818299699e+19,4.549259266639475507e+19,4.488997233344328499e+19,4.429175444504943002e+19,4.369866907693403341e+19,4.311144630481793843e+19,4.253082060246849946e+19,4.195753523974609306e+19,4.139232908846458470e+19,4.083594102043783987e+19,4.028911430552623514e+19,3.975257901945061376e+19,3.922827030267586150e+19,3.871588468999271219e+19,3.821614346102898688e+19,3.772975909931948442e+19,3.725744408839900365e+19,3.679987572743025459e+19,3.635772251948292506e+19,3.593162877837089178e+19,3.552219483744292045e+19,3.512996825348964352e+19,3.475542841358077133e+19,3.439894255459998106e+19,3.406254917110516941e+19,3.374431312263145062e+19,3.344370004652772557e+19,3.315955105753831834e+19,3.288977708357045453e+19,3.263088827471757312e+19,3.237729031581754982e+19,3.212027947282490982e+19,3.184656704820635238e+19,3.153623648833634304e+19,3.116001879368348467e+19,3.067580926597372314e+19,2.999757771740335309e+19,2.904933030230700851e+19,2.772793063097604506e+19,2.593139020384121651e+19,2.359342606193367450e+19,2.072843740953077350e+19,1.746405445687312384e+19,1.403454464893281894e+19,1.072594263714090189e+19,7.792531925897314304e+18,5.387225445567561728e+18,3.543030810095386624e+18,2.242415481942179840e+18,1.328023679132499968e+18,7.042120462620426240e+17,2.912923785961144320e+17,6.760943384841420800e+16,0.000000000000000000e+00,0.000000000000000000e+00
6.918971147092072858e+19,6.917163549976009114e+19,6.913602011911317094e+19,6.908290930944507904e+19,6.901236024536045978e+19,6.892443449951046861e+19,6.881920244063928320e+19,6.869675202967712563e+19,6.855718881974026240e+19,6.840060956785193779e+19,6.822713302126795162e+19,6.803689112138363699e+19,6.783002020764083814e+19,6.760503813836531302e+19,6.736378329699870310e+19,6.710641401321540813e+19,6.683312380106191667e+19,6.654410177653820621e+19,6.623955024978378752e+19,6.591968472507770470e+19,6.558472510474551296e+19,6.523490448525230080e+19,6.487046036110966784e+19,6.449164781901525811e+19,6.409872194566671565e+19,6.369060082162230886e+19,6.326897329674230170e+19,6.283412524404991590e+19,6.238635573070790656e+19,6.192596382387902874e+19,6.145326178486557082e+19,6.096856187496982118e+19,6.047219394768011264e+19,5.996448785648477798e+19,5.944578225096517222e+19,5.891642017874916147e+19,5.837675348355763405e+19,5.782618403106507981e+19,5.726610160396900762e+19,5.669688883231588352e+19,5.611891075396612915e+19,5.553254120287318835e+19,5.493816720713003827e+19,5.433617579482965606e+19,5.372695399406501888e+19,5.311089762902212608e+19,5.248839812584046592e+19,5.185985570675254886e+19,5.122567939008390758e+19,5.058579440904385331e+19,4.994116393581831782e+19,4.929220578482585600e+19,4.863932017829897830e+19,4.798292053260972851e+19,4.732342026413015040e+19,4.666122399313926554e+19,4.599674513600911770e+19,4.533038831301872845e+19,4.466256694054014157e+19,4.399369003689888973e+19,4.332415782432748339e+19,4.265440131138401075e+19,4.198489108904515994e+19,4.131602737954344141e+19,4.064820160901834342e+19,3.998180960165586534e+19,3.931724278359549542e+19,3.865488818293021082e+19,3.799512842970647757e+19,3.733834175592425062e+19,3.668490859260674048e+19,3.603518957956785766e+19,3.538955415271453491e+19,3.474884893600015974e+19,3.411302115286659891e+19,3.348241385094171853e+19,3.285736787883012915e+19,3.223821748806667469e+19,3.162529253213968794e+19,3.101891186942122394e+19,3.041938776121357107e+19,2.982703246881901773e+19,2.924213846233055232e+19,2.866500041086441882e+19,2.809590198842058342e+19,2.753598228904542208e+19,2.698469815399481344e+19,2.644230247094314598e+19,2.590903713244853043e+19,2.538513083692954419e+19,2.487080128768848691e+19,2.436624639681835827e+19,2.387164868324936909e+19,2.338715768056289690e+19,2.291289433503799706e+19,2.244892901541884723e+19,2.199527711486823629e+19,2.155286002413024051e+19,2.112038251850733978e+19,2.069736521092982374e+19,2.028301425400243814e+19,1.987606520935324058e+19,1.947457853847083418e+19,1.907562074433231258e+19,1.867482016870563840e+19,1.826575566368459981e+19,1.783911766431681741e+19,1.738162297062712934e+19,1.687470193073402675e+19,1.628132519203726950e+19,1.557079988744749056e+19,1.470242319601605018e+19,1.363830154900327629e+19,1.235766737078373581e+19,1.087427225328602317e+19,9.247418356154236928e+18,7.576647765585821696e+18,5.978048018752995328e+18,4.551512220940369920e+18,3.356039341460684800e+18,2.405347437137887232e+18,1.696735969975205888e+18,1.165685047898931200e+18,7.732293532102164480e+17,4.861053949936926720e+17,2.779181768538849280e+17,1.286635707820933120e+17,3.568860769183334400e+16
1.115899012959164170e+20,1.116102290668907397e+20,1.116134396408438456e+20,1.115994714451245793e+20,1.115682541109887631e+20,1.115197172696922194e+20,1.114538169407698371e+20,1.113705091437565051e+20,1.112697411020940902e+20,1.111514776314105037e+20,1.110156923434266788e+20,1.108623500537705267e+20,1.106914419663490253e+20,1.105011824742786662e+20,1.102933483883499356e+20,1.100679221163767890e+20,1.098249124544522486e+20,1.095643457908553810e+20,1.092862309216792084e+20,1.089905942352027976e+20,1.086774709157982372e+20,1.083469137400236605e+20,1.079989403000651121e+20,1.076336297607597916e+20,1.072510173064797880e+20,1.068494668639229706e+20,1.064307816321588920e+20,1.059950319799317299e+20,1.055422970720786842e+20,1.050726912578090435e+20,1.045862937019600077e+20,1.040832099576478433e+20,1.035635543740818391e+20,1.030274413004712837e+20,1.024749938821184881e+20,1.019063440604187853e+20,1.013216149806744863e+20,1.007193728797229711e+20,1.001013857722617037e+20,9.946779439577903923e+19,9.881876587604239974e+19,9.815445854272618496e+19,9.747504831769083904e+19,9.678071112279680614e+19,9.607163167599755264e+19,9.534799469524654490e+19,9.460998489849724928e+19,9.385782218807522099e+19,9.309168248584090419e+19,9.231044868798047846e+19,9.151572168342398566e+19,9.070772137449698099e+19,8.988667645961804186e+19,8.905281563720574566e+19,8.820636760567866982e+19,8.734757865564143616e+19,8.647670387379168870e+19,8.559396316245498266e+19,8.469962920051500646e+19,8.379395707466940416e+19,8.287721066770884198e+19,8.194858953516829901e+19,8.100947466365226189e+19,8.006015632423046349e+19,7.910089839969357005e+19,7.813198236501829222e+19,7.715368089908831846e+19,7.616631066125244826e+19,7.517012673820832563e+19,7.416543699321172787e+19,7.315254049342541005e+19,7.213172750991910502e+19,7.110330150790207898e+19,7.006687106123484365e+19,6.902350049717308621e+19,6.797350207701909504e+19,6.691717926598213632e+19,6.585484872341100954e+19,6.478681831256149197e+19,6.371340469278238310e+19,6.263492012537597133e+19,6.155168126969105613e+19,6.046400478507643699e+19,5.937221172892742451e+19,5.827661436254630707e+19,5.717722148202610688e+19,5.607472797871557837e+19,5.496944611391700992e+19,5.386168375088617882e+19,5.275174875287886234e+19,5.163994018705781555e+19,5.052653513035323802e+19,4.941180626164881818e+19,4.829599107545615565e+19,4.717929627996127232e+19,4.606187140874554573e+19,4.494380442273919795e+19,4.382496338054689587e+19,4.270515916616866202e+19,4.158385521793014170e+19,4.046013674215702528e+19,3.933253479131460403e+19,3.819879756558919270e+19,3.705556495744630784e+19,3.589795073721211290e+19,3.471901038944557466e+19,3.350909020205481984e+19,3.225512357885535846e+19,3.093998892477946266e+19,2.953103294350544077e+19,2.800982342210525594e+19,2.635589625016274125e+19,2.456357574865531699e+19,2.265598684613836800e+19,2.069596223409278157e+19,1.878391371241357312e+19,1.703726912294721946e+19,1.555709117647237939e+19,1.439726803737798246e+19,1.355328071287386931e+19,1.297558630852408115e+19,1.260700802066101043e+19,1.235685703071406490e+19,1.217330565908476723e+19,1.201486383449899008e+19,1.184655719158880666e+19,1.163587537054413619e+19,1.134965490164799898e+19
9.112758528272603546e+19,9.118457516941692109e+19,9.123286572010884301e+19,9.127221944029020160e+19,9.130236365107730842e+19,9.132306085795856384e+19,9.133406477032934605e+19,9.133512030149201101e+19,9.132597236474891469e+19,9.130638346558845747e+19,9.127612490559206195e+19,9.123492400587603968e+19,9.118256966020785766e+19,9.111765449370396262e+19,9.104105811566657536e+19,9.095256062377014067e+19,9.085193331959608115e+19,9.073896509691186381e+19,9.061344484948495565e+19,9.047514387889677926e+19,9.032386867110084608e+19,9.015943450814368973e+19,8.998163907988579942e+19,8.979028887228068659e+19,8.958520796346790707e+19,8.936481305670346342e+19,8.913030042063837594e+19,8.888152052169126707e+19,8.861831503018773709e+19,8.834055200473245286e+19,8.804808191174403686e+19,8.774076401373413376e+19,8.741851034977252147e+19,8.708118018237084467e+19,8.672867675450585907e+19,8.636089451306129818e+19,8.597775429319996211e+19,8.557762002161972019e+19,8.516197823804132557e+19,8.473074098153455616e+19,8.428388186382034534e+19,8.382134810834055987e+19,8.334312212290915533e+19,8.284918631534008730e+19,8.233951429735428915e+19,8.181411486504478310e+19,8.127300561059761357e+19,8.071619533010580275e+19,8.014372800403446170e+19,7.955406431610470400e+19,7.894885793180470477e+19,7.832815283159957504e+19,7.769201938423349248e+19,7.704056314282272358e+19,7.637387206829749043e+19,7.569204291768103731e+19,7.499519883627567514e+19,7.428348056156975923e+19,7.355701123886560051e+19,7.281594040174457651e+19,7.206043077792759808e+19,7.128924211829853389e+19,7.050400170006649242e+19,6.970490743532447334e+19,6.889214844007245414e+19,6.806595341272901222e+19,6.722653345952668058e+19,6.637411727888403661e+19,6.550895555945221325e+19,6.463129019378932122e+19,6.374138066663951565e+19,6.283949965688648499e+19,6.192592424146042880e+19,6.099983198566377062e+19,6.006268743898470810e+19,5.911479846467901850e+19,5.815647732404899021e+19,5.718804507448993382e+19,5.620983156949018214e+19,5.522217106058457907e+19,5.422540219735447962e+19,5.321988122156728320e+19,5.220595118085085594e+19,5.118398590915864166e+19,5.015434604630455091e+19,4.911671933098629530e+19,4.807224485725025075e+19,4.702131405123590554e+19,4.596429634885019238e+19,4.490157877818608845e+19,4.383353077515052646e+19,4.276053057174346138e+19,4.168292561363927040e+19,4.060105894846581965e+19,3.951522524533935309e+19,3.842568838705053696e+19,3.733262869350632653e+19,3.623578008289280000e+19,3.513534706437272371e+19,3.403092941571358720e+19,3.292174428463641395e+19,3.180647005816461722e+19,3.068300886811240038e+19,2.954818532489874637e+19,2.839731770801258496e+19,2.722371658871052698e+19,2.601802292401694310e+19,2.476754395170078720e+19,2.345564406083380838e+19,2.205040662788492493e+19,2.053423506876320973e+19,1.888761525109889434e+19,1.710579178710184755e+19,1.521254601376923648e+19,1.327076779718659277e+19,1.138012016983041638e+19,9.656558727477592064e+18,8.199399606686056448e+18,7.061175274007691264e+18,6.236972011977965568e+18,5.678022631614316544e+18,5.329427967586074624e+18,5.103705377229242368e+18,4.953197628549496832e+18,4.842073836620873728e+18,4.743080956481503232e+18,4.634131448796807168e+18,4.495550102743547904e+18
7.589214523784324710e+19,7.594956613309222093e+19,7.600113762648142643e+19,7.604655185475508634e+19,7.608551854684346778e+19,7.611778261604892672e+19,7.614304499520870810e+19,7.616104180153214566e+19,7.617149156004252877e+19,7.617413038794919117e+19,7.616871199464751104e+19,7.615496370125379994e+19,7.613265680934948045e+19,7.610061264246957670e+19,7.605946451931168768e+19,7.600899253755025818e+19,7.594896799876671078e+19,7.587918859282153472e+19,7.579943441738917478e+19,7.570951195842314240e+19,7.560924529406299341e+19,7.549844970635526144e+19,7.537696686562554675e+19,7.524462964610642739e+19,7.510128851421652582e+19,7.494567683256064410e+19,7.477877976355726950e+19,7.460047416190409114e+19,7.441067206667088691e+19,7.420926792474139034e+19,7.399620016346444595e+19,7.377138961800285389e+19,7.353479230789150310e+19,7.328636425266528256e+19,7.302607906404512563e+19,7.275391914984498790e+19,7.246988011201835827e+19,7.217278767214677197e+19,7.186386008911380480e+19,7.154313694533805670e+19,7.121067541542417203e+19,7.086654147006981734e+19,7.051080987606568141e+19,7.014358178848151962e+19,6.976495836238708736e+19,6.937506714113120666e+19,6.897404446415572173e+19,6.856203106894898790e+19,6.813918088713889382e+19,6.770464069770228531e+19,6.725967273998784922e+19,6.680448812022811853e+19,6.633929794465562624e+19,6.586433970778197197e+19,6.537984650607224422e+19,6.488607782427059814e+19,6.438330194321421107e+19,6.387178714374026035e+19,6.335182809496498995e+19,6.282373266014417715e+19,6.228780430448708813e+19,6.174365599990074573e+19,6.119240485019897037e+19,6.063440709714916147e+19,6.007001458447220736e+19,5.949958795198201856e+19,5.892351422777157222e+19,5.834216284774780109e+19,5.775593843218972672e+19,5.716523240723683738e+19,5.657045818926117683e+19,5.597202479658827776e+19,5.537036323777622835e+19,5.476565823077849498e+19,5.415868383178103194e+19,5.354987104934192742e+19,5.293967288225182515e+19,5.232853353320834662e+19,5.171691039904864666e+19,5.110525208051685786e+19,5.049402916858966835e+19,4.988369906010423296e+19,4.927472354994421760e+19,4.866756883103979930e+19,4.806270549436766618e+19,4.746091639220679475e+19,4.686244341711529574e+19,4.626774836397683507e+19,4.567727543548903424e+19,4.509147323239602586e+19,4.451076836520938701e+19,4.393557864834767258e+19,4.336628671185734861e+19,4.280324439945930342e+19,4.224674638026978099e+19,4.169699936247480320e+19,4.115410450114412544e+19,4.061860715404512461e+19,4.008935943103840256e+19,3.956541575212407194e+19,3.904514004400000205e+19,3.852582311001535283e+19,3.800319444700784230e+19,3.747063499497825894e+19,3.691809961569524122e+19,3.633057117934662451e+19,3.568596269635364454e+19,3.495237513537126400e+19,3.408475270891647795e+19,3.299116305076767949e+19,3.159737593191045530e+19,2.980355569654274458e+19,2.751811082704755098e+19,2.469452538450018304e+19,2.137553298782578278e+19,1.772022967102865408e+19,1.398835416544994918e+19,1.047660198726362726e+19,7.431481444393811968e+18,4.983877301499330560e+18,3.139818455713185792e+18,1.858561816473370624e+18,9.651109685289287680e+17,3.568119328979025920e+17,6.861459792959897600e+16,0.000000000000000000e+00,0.000000000000000000e+00,0.000000000000000000e+00
1.079236545398880338e+20,1.079816207929043845e+20,1.080435980643388621e+20,1.081095247815403110e+20,1.081793041874854871e+20,1.082528395251511460e+20,1.083299900570489324e+20,1.084106238417835131e+20,1.084945737535874662e+20,1.085816638706003476e+20,1.086717006787756687e+20,1.087644818679739187e+20,1.088597523514974536e+20,1.089574681488811622e+20,1.090571102906367345e+20,1.091583797096014152e+20,1.092609685425194271e+20,1.093645601300419707e+20,1.094687938323551355e+20,1.095733266018310554e+20,1.096777714103767532e+20,1.097817324338062295e+20,1.098847962557474406e+20,1.099865406637353206e+20,1.100865258531187589e+20,1.101840129520838902e+20,1.102786765051888927e+20,1.103700415234105672e+20,1.104575890372606034e+20,1.105407912811576689e+20,1.106191116934274089e+20,1.106919961202094244e+20,1.107588728154572718e+20,1.108191788292175299e+20,1.108723072310716662e+20,1.109176598866941706e+20,1.109546298656665108e+20,1.109815986868726006e+20,1.109987686604519506e+20,1.110055064677069619e+20,1.110011436055679468e+20,1.109850115709652173e+20,1.109564506569221079e+20,1.109147747681828864e+20,1.108592978094918205e+20,1.107893248895001559e+20,1.107041611168591380e+20,1.106031116002200125e+20,1.104854638560479805e+20,1.103487109978317128e+20,1.101937942075245855e+20,1.100199922054987776e+20,1.098266188964985569e+20,1.096129442048030802e+20,1.093782732390635930e+20,1.091218847196522742e+20,1.088430837552203694e+20,1.085411754544191242e+20,1.082154561298067620e+20,1.078652396861275505e+20,1.074898488242187796e+20,1.070859234365459661e+20,1.066553194987367956e+20,1.061973773038146028e+20,1.057114635330817884e+20,1.051969184795616870e+20,1.046531352128357663e+20,1.040794716181134049e+20,1.034753471532551373e+20,1.028401548878424310e+20,1.021733230758288425e+20,1.014742975633539727e+20,1.007425329926504448e+20,9.997409751013733171e+19,9.917176188511662899e+19,9.833505112856513741e+19,9.746348145536663552e+19,9.655660426477699072e+19,9.561398854823811482e+19,9.463522968547098624e+19,9.361993185228960563e+19,9.256772561278704026e+19,9.147825912324240179e+19,9.035121572430689075e+19,8.918629634881775206e+19,8.797936683305454797e+19,8.673395441031918387e+19,8.544983917828610458e+19,8.412680123462975488e+19,8.276463826921062400e+19,8.136315676798222336e+19,7.992216321689806438e+19,7.844145530581863629e+19,7.692077794804629504e+19,7.535985846469735219e+19,7.375827904135325286e+19,7.211548992220010906e+19,7.042633219868039578e+19,6.869356784400308634e+19,6.691514736849400627e+19,6.508801852787444941e+19,6.320762494595891200e+19,6.126724200963191603e+19,5.925702689080161075e+19,5.716270353049295258e+19,5.496386499289441894e+19,5.263178763624198963e+19,5.012691543021479526e+19,4.739624311826101043e+19,4.433177666830047642e+19,4.087158278936382669e+19,3.693558624862339072e+19,3.247892257361939661e+19,2.753608564313843302e+19,2.226119840009237299e+19,1.693385895484325888e+19,1.190904023837206118e+19,7.521203792243589120e+18,3.985023489345060864e+18,1.387451183102164992e+18,0.000000000000000000e+00,0.000000000000000000e+00,0.000000000000000000e+00,0.000000000000000000e+00,0.000000000000000000e+00,0.000000000000000000e+00,0.000000000000000000e+00,0.000000000000000000e+00
1.223585797510057165e+20,1.223466610449606246e+20,1.223258318966840361e+20,1.222960659178968842e+20,1.222573367203201024e+20,1.222096091195816018e+20,1.221528567274023158e+20,1.220870707476892221e+20,1.220122159960702321e+20,1.219282836764523233e+20,1.218352386044634071e+20,1.217330895761965056e+20,1.216218014072795300e+20,1.215004417118521262e+20,1.213699252835886039e+20,1.212302345303029187e+20,1.210813518598090260e+20,1.209232772721069261e+20,1.207560107671966188e+20,1.205795347528920596e+20,1.203938492291932488e+20,1.201989541961001861e+20,1.199948584497058939e+20,1.197815356017313055e+20,1.195590208365485097e+20,1.193263817682971525e+20,1.190845507828375880e+20,1.188335366762628383e+20,1.185733394485729034e+20,1.183039766919538278e+20,1.180254572024986337e+20,1.177377985723933655e+20,1.174410183938240676e+20,1.171351342589767844e+20,1.168201637600375603e+20,1.164961156930994176e+20,1.161630252425344451e+20,1.158200127990404219e+20,1.154680107484777021e+20,1.151070454791253524e+20,1.147371345831694172e+20,1.143583220410750075e+20,1.139706430372142121e+20,1.135741063676800532e+20,1.131687736051236864e+20,1.127546535456381338e+20,1.123318165579675730e+20,1.119002890303910707e+20,1.114600885550946714e+20,1.110104322797993984e+20,1.105522174059935171e+20,1.100854879141421384e+20,1.096102965808033956e+20,1.091266873864423997e+20,1.086347043115242619e+20,1.081344177247931597e+20,1.076258716067142042e+20,1.071091099377525064e+20,1.065841942905592218e+20,1.060511862377855058e+20,1.055101473520825139e+20,1.049603387616363807e+20,1.044026312796563046e+20,1.038370864787934413e+20,1.032637747277919683e+20,1.026827488032100188e+20,1.020940878698847928e+20,1.014978447043744236e+20,1.008941160637021553e+20,1.002829547244261212e+20,9.966443105529049907e+19,9.903863301722551091e+19,9.840561338678928998e+19,9.776476523356330394e+19,9.711688900201257370e+19,9.646204626478825472e+19,9.580032498282056909e+19,9.513180432094671667e+19,9.445658103618994176e+19,9.377471670120139981e+19,9.308630807300433510e+19,9.239142552034292531e+19,9.169017459633343693e+19,9.098261687362702541e+19,9.026885790533995725e+19,8.954836112979787776e+19,8.882183023444256358e+19,8.808932679192517018e+19,8.735091237489685299e+19,8.660662216772970086e+19,8.585647376260975821e+19,8.510043197516493619e+19,8.433840004837199053e+19,8.357016687599838822e+19,8.279540700260230758e+19,8.201355747823032730e+19,8.122372110139418214e+19,8.042329422855929856e+19,7.961058800986541261e+19,7.878167938782461952e+19,7.793065738792599552e+19,7.704839166561248870e+19,7.612108994702527693e+19,7.512795826825986048e+19,7.403785846001762304e+19,7.280469459681568358e+19,7.136094347056906240e+19,6.960937306901027226e+19,6.741280392341146829e+19,6.448772036348084224e+19,6.061185391464022016e+19,5.548116762157698253e+19,4.881672857846389146e+19,4.047712199778290893e+19,3.059355040305328947e+19,1.965316561510072320e+19,8.451692995039723520e+18,3.691190070657679360e+17,0.000000000000000000e+00,0.000000000000000000e+00,0.000000000000000000e+00,0.000000000000000000e+00,0.000000000000000000e+00,0.000000000000000000e+00,0.000000000000000000e+00,0.000000000000000000e+00,0.000000000000000000e+00,0.000000000000000000e+00
1.027690120874788127e+20,1.028606585806771978e+20,1.029576179140609966e+20,1.030598021266999869e+20,1.031671056654779023e+20,1.032794053850924319e+20,1.033965429558691758e+20,1.035183424559476900e+20,1.036446367595605524e+20,1.037751971682891858e+20,1.039098125759010570e+20,1.040482103035124777e+20,1.041901440605188260e+20,1.043355874586410353e+20,1.044838895869954621e+20,1.046346898057681961e+20,1.047876450673313710e+20,1.049423683435920097e+20,1.050984638103641129e+20,1.052555180512756367e+20,1.054130824655824486e+20,1.055707084525404160e+20,1.057279122270333174e+20,1.058842012078519091e+20,1.060390652216009032e+20,1.061916950277222564e+20,1.063417035981229916e+20,1.064884927984775987e+20,1.066314820866466120e+20,1.067700557361184768e+20,1.069035980203816387e+20,1.070314756207384986e+20,1.071530200341193687e+20,1.072675715535475835e+20,1.073744528798604329e+20,1.074729603256161403e+20,1.075623902033729290e+20,1.076409569062472909e+20,1.077088187639136256e+20,1.077652369045580677e+20,1.078094548641807073e+20,1.078407073826886124e+20,1.078582204038958285e+20,1.078612110755233792e+20,1.078488877491992658e+20,1.078204675726445117e+20,1.077751237131150295e+20,1.077120821144248648e+20,1.076305159438299300e+20,1.075275928593770742e+20,1.074043332078568735e+20,1.072599277487112847e+20,1.070935672413822648e+20,1.069044424453117706e+20,1.066917177316626924e+20,1.064546102481560535e+20,1.061922931620477665e+20,1.059039660288728105e+20,1.055888284041661645e+20,1.052461150278348964e+20,1.048750166593209631e+20,1.044717509786248151e+20,1.040383938636996936e+20,1.035741888505456886e+20,1.030784146595349791e+20,1.025503060305746330e+20,1.019891680723158958e+20,1.013942970973169910e+20,1.007649982142291640e+20,1.001005853277966828e+20,9.940041632322892595e+19,9.866384908573527245e+19,9.789025909271114547e+19,9.707520431718032998e+19,9.622180737216570982e+19,9.532952289989990810e+19,9.439781433870857011e+19,9.342616271910338560e+19,9.241407545987511091e+19,9.136110396027961344e+19,9.026679082347973837e+19,8.913071383701041971e+19,8.795250356496472474e+19,8.673177297924967629e+19,8.546818782833043046e+19,8.415707738681219482e+19,8.280246146920611840e+19,8.140406739662851277e+19,7.996166647066080051e+19,7.847504758507044864e+19,7.694400842971794637e+19,7.536834669446378291e+19,7.374786446721495859e+19,7.208234624369242931e+19,7.037152374305901773e+19,6.861505391768685773e+19,6.681246177855275008e+19,6.495824976751781478e+19,6.305588794327931290e+19,6.110363028137233613e+19,5.909889952654137754e+19,5.703785178613573222e+19,5.491482237624909824e+19,5.272159134795222221e+19,5.044632355808372326e+19,4.807228883771536179e+19,4.557629188954757530e+19,4.292704061265385882e+19,4.008372553345767834e+19,3.696452539466645504e+19,3.353328385591240294e+19,2.974872085264229990e+19,2.561283529699544269e+19,2.120775411049693184e+19,1.672208751777546240e+19,1.243987015861115290e+19,8.678368861977837568e+18,5.692791271798603776e+18,3.593331817798696960e+18,2.322814520944230400e+18,1.704663448811470848e+18,1.543273146356858880e+18,1.596658009298173952e+18,1.742006986859347968e+18,1.901459125192097792e+18,2.029937058897723392e+18,2.104228723124338688e+18,2.114729883803320320e+18
8.422361983052519834e+19,8.418000000522806886e+19,8.411409967630568653e+19,8.402609476561849549e+19,8.391614360284089549e+19,8.378444849811239731e+19,8.363121176157251174e+19,8.345665329554679398e+19,8.326098420626777702e+19,8.304445958043310490e+19,8.280731691255437722e+19,8.254985526979434906e+19,8.227232094275764224e+19,8.197308665423514829e+19,8.165444818450566349e+19,8.131673098901100954e+19,8.096026052319300813e+19,8.058538863077254758e+19,8.019244956328447181e+19,7.978181275663571354e+19,7.935383885064018330e+19,7.890891487339085824e+19,7.844741905688769331e+19,7.796974722531668787e+19,7.747631279504988570e+19,7.696603384664555520e+19,7.644090709321973760e+19,7.590137233942354330e+19,7.534786059381506048e+19,7.478080286495237734e+19,7.420065654967264870e+19,7.360787464676651827e+19,7.300290575697811866e+19,7.238621607323762688e+19,7.175827178847521997e+19,7.111954349366758605e+19,7.047050177979141325e+19,6.981069364805605786e+19,6.914163202646133965e+19,6.846379630207696896e+19,6.777767465806567834e+19,6.708373768540415590e+19,6.638248236334815642e+19,6.567438368092087910e+19,6.495992542323854541e+19,6.423959577346388787e+19,6.351386972062010573e+19,6.278323544786993152e+19,6.204816794423656448e+19,6.130880354916184883e+19,6.056606145436660531e+19,5.982041664887403315e+19,5.907232652952128717e+19,5.832225728923854438e+19,5.757067512095598182e+19,5.681801982932470989e+19,5.606474881118188339e+19,5.531131066727163494e+19,5.455814080419856384e+19,5.380566143442773606e+19,5.305431236261026202e+19,5.230471371330420736e+19,5.155716895171883827e+19,5.081207390204015411e+19,5.006982878650066534e+19,4.933082063319334912e+19,4.859543207216467149e+19,4.786403693736807629e+19,4.713699586861747405e+19,4.641466510768026419e+19,4.569739649827733504e+19,4.498551989389701939e+19,4.427936954607416115e+19,4.357990422894818099e+19,4.288686005972841267e+19,4.220053170753110016e+19,4.152120504537946522e+19,4.084915275215719629e+19,4.018464750674798182e+19,3.952793999780295475e+19,3.887928091397324800e+19,3.823889895367743898e+19,3.760701841728759398e+19,3.698385480908275712e+19,3.636961043920243917e+19,3.576540461048371610e+19,3.517052264036853350e+19,3.458512065950803558e+19,3.400935040050685542e+19,3.344334380476032614e+19,3.288721302245448090e+19,3.234104821354279731e+19,3.180492194579270861e+19,3.127886060748328141e+19,3.076285320349823795e+19,3.025682276802363392e+19,2.976061097138506957e+19,2.927482694302433280e+19,2.879793136666253722e+19,2.832905562811373978e+19,2.786685832319205376e+19,2.740929436026981581e+19,2.695327850971948646e+19,2.649419722075091763e+19,2.602519393885329818e+19,2.553619054044643328e+19,2.501254372967160218e+19,2.443331000904292762e+19,2.376915220930809037e+19,2.296089461466018611e+19,2.196106691008161382e+19,2.070665828320778650e+19,1.914109446274311782e+19,1.723800036376051712e+19,1.502913867816317747e+19,1.262073102528728269e+19,1.018193836857779814e+19,7.902907500163235840e+18,5.938767965850697728e+18,4.368701370392379392e+18,3.191581264125624320e+18,2.377048206862188544e+18,1.809780746156507136e+18,1.422180907132911616e+18,1.159994937786236928e+18,9.822395042638069760e+17,8.590425249063895040e+17,7.689725252238049280e+17
8.551586265251079782e+19,8.546863642907456307e+19,8.539896257624565350e+19,8.530697303541940224e+19,8.519281734017718682e+19,8.505666261628642918e+19,8.489868478560757350e+19,8.471907736218710835e+19,8.451803386007152230e+19,8.429579177377241498e+19,8.405256220952231936e+19,8.378859145792585728e+19,8.350414340177369498e+19,8.319748521074045747e+19,8.287096544166307430e+19,8.252488316170430054e+19,8.215952864193386906e+19,8.177522733779360154e+19,8.137232229691136410e+19,8.095115656691502285e+19,8.051207319543244390e+19,8.005544161837056000e+19,7.958163127163630387e+19,7.909102918332265267e+19,7.858402238152258355e+19,7.805948496632925389e+19,7.751945763132381594e+19,7.696436258897133568e+19,7.639463964392292352e+19,7.581072860082968986e+19,7.521306926434274509e+19,7.460212782739226624e+19,7.397836168681540813e+19,7.334222823944932557e+19,7.269422446454977331e+19,7.203481215700041728e+19,7.136448829605701222e+19,7.068276030051031450e+19,6.999121146710432154e+19,6.929034317314129920e+19,6.858066999006304666e+19,6.786268889712531866e+19,6.713691886381642547e+19,6.640387446157816627e+19,6.566406586380582912e+19,6.491801643803423539e+19,6.416623635765867315e+19,6.340925338826047488e+19,6.264758649932795085e+19,6.188140281662852301e+19,6.111169629867370086e+19,6.033897711885877248e+19,5.956376864471855923e+19,5.878658544769486029e+19,5.800794649727598592e+19,5.722835756881071309e+19,5.644833323374084096e+19,5.566837926741514650e+19,5.488899264908938445e+19,5.411067475606582067e+19,5.333392696564672102e+19,5.255950134378548429e+19,5.178771454983090995e+19,5.101905476694573056e+19,5.025399258610663424e+19,4.949298540415077581e+19,4.873650381205484339e+19,4.798498761446994739e+19,4.723888981018673152e+19,4.649865020385630618e+19,4.576469980403675955e+19,4.503744762905362432e+19,4.431731589137196646e+19,4.360550965573582848e+19,4.290171226279641088e+19,4.220630194455366861e+19,4.151965253496104550e+19,4.084213346992547430e+19,4.017409659316784333e+19,3.951588935036252979e+19,3.886783719695135539e+19,3.823026558837614182e+19,3.760348678593917747e+19,3.698780425484972851e+19,3.638350386813101670e+19,3.579206336941077299e+19,3.521260095036352102e+19,3.464536510061713818e+19,3.409058891663671296e+19,3.354848790270128947e+19,3.301926216992712294e+19,3.250308544115140198e+19,3.200011164800201523e+19,3.151046393578127360e+19,3.103421267323335475e+19,3.057138864668383642e+19,3.012193688055132979e+19,2.968696788157988864e+19,2.926475541651390464e+19,2.885462438521392333e+19,2.845550606237774643e+19,2.806571819521487667e+19,2.768269012553957376e+19,2.730252958218951066e+19,2.691941135256073011e+19,2.652471966353797939e+19,2.610586730600647885e+19,2.564475631857303552e+19,2.511589782268254618e+19,2.446817552275970458e+19,2.365888878522820198e+19,2.263156009581569638e+19,2.133407920043537203e+19,1.973924418141605069e+19,1.786952245935970714e+19,1.581238568181406106e+19,1.371178081157591859e+19,1.173273025032329626e+19,1.001262567252819968e+19,8.624403731774963712e+18,7.571013318249283584e+18,6.828088154768015360e+18,6.295819523563978752e+18,5.913279087295594496e+18,5.629203215829434368e+18,5.401721406868160512e+18,5.196172106101948416e+18,4.982607365569249280e+18
9.260904965780537344e+19,9.254782885037080576e+19,9.246176787624152269e+19,9.235106024946401280e+19,9.221589068799174246e+19,9.205647029805724467e+19,9.187302777807909683e+19,9.166581821475494298e+19,9.143508789868940493e+19,9.118110950876617114e+19,9.090417331605497446e+19,9.060458718381159219e+19,9.028265017919877939e+19,8.993653271486791680e+19,8.956882963826055578e+19,8.917988399700456243e+19,8.877007402309989171e+19,8.833978674463952077e+19,8.788941798580944896e+19,8.741936357079567565e+19,8.693004571206326682e+19,8.642189541817031066e+19,8.589536128986093978e+19,8.535088313178626458e+19,8.478892713687646208e+19,8.420831462866655642e+19,8.361127101869116621e+19,8.299828888815953510e+19,8.236986961437392896e+19,8.172652337072963584e+19,8.106875153452892160e+19,8.039706427916707430e+19,7.971200696241147085e+19,7.901409855375042150e+19,7.830387561485828096e+19,7.758188350350242611e+19,7.684866757745023386e+19,7.610377923595757158e+19,7.534888094060563661e+19,7.458454443744087245e+19,7.381132388032367821e+19,7.302978221920747520e+19,7.224048240404568474e+19,7.144398738479172813e+19,7.064086011139902669e+19,6.983166793186751283e+19,6.901697379615060787e+19,6.819734065420173312e+19,6.737333585402082099e+19,6.654520568621249331e+19,6.571393971124174848e+19,6.488009648101549670e+19,6.404422575134762598e+19,6.320688167609853542e+19,6.236860081694257971e+19,6.152992853164713574e+19,6.069140138188655821e+19,5.985354273519566848e+19,5.901688475520231014e+19,5.818193321725526016e+19,5.734921148888933990e+19,5.651955080089514803e+19,5.569323262824939520e+19,5.487073635802179174e+19,5.405254137728204800e+19,5.323912267505336320e+19,5.243093764817289216e+19,5.162844369347778970e+19,5.083208501366567731e+19,5.004229261729464320e+19,4.925949751292277555e+19,4.848410871887560704e+19,4.771653085543215923e+19,4.695802616194111898e+19,4.620819001812346470e+19,4.546738746183961805e+19,4.473598353095000064e+19,4.401431247698945638e+19,4.330270855149282918e+19,4.260150160794845184e+19,4.191098631547256832e+19,4.123147053732095590e+19,4.056322695237730304e+19,3.990652823952529818e+19,3.926163828155560755e+19,3.863002602600293990e+19,3.801073269872787456e+19,3.740397820205596672e+19,3.680994945296393830e+19,3.622882237331223347e+19,3.566075749179850752e+19,3.510588894884134912e+19,3.456433329267330253e+19,3.403616968813156762e+19,3.352144651372776653e+19,3.302017256555492147e+19,3.253230606217117696e+19,3.205905426734383104e+19,3.159888226284050842e+19,3.115152396684728730e+19,3.071667591415490150e+19,3.029403903760059597e+19,2.988345500750997094e+19,2.948514152718532608e+19,2.910008595806840422e+19,2.873069403160077926e+19,2.838171343899118797e+19,2.806139931354097254e+19,2.778270610124858982e+19,2.757187914466905293e+19,2.744133412910320845e+19,2.738494677478434406e+19,2.733424169655782605e+19,2.710217657337616794e+19,2.633431283690949837e+19,2.451590972056797184e+19,2.109157971190611968e+19,1.571436202117457510e+19,8.541954653342924800e+18,1.010898962036555776e+18,0.000000000000000000e+00,0.000000000000000000e+00,0.000000000000000000e+00,0.000000000000000000e+00,0.000000000000000000e+00,0.000000000000000000e+00,0.000000000000000000e+00,0.000000000000000000e+00
7.959703323051819008e+19,7.964578997414028902e+19,7.968110628762445414e+19,7.970275347255210803e+19,7.971053801487676211e+19,7.970428399273797222e+19,7.968380668818227200e+19,7.964893017934921728e+19,7.959950493265743053e+19,7.953539021061855642e+19,7.945644527574423962e+19,7.936256457491821363e+19,7.925362496283816755e+19,7.912801675448103731e+19,7.898717371300944282e+19,7.883102546967920640e+19,7.865952804402521702e+19,7.847263745558236365e+19,7.827036250044366848e+19,7.805266799423704269e+19,7.781958032524155290e+19,7.757111708564324352e+19,7.730733105200024781e+19,7.702827500087069901e+19,7.673401930099877478e+19,7.642315657750092186e+19,7.609731410758624870e+19,7.575662383265008845e+19,7.540123528627381862e+19,7.503129800203881677e+19,7.464699669789854925e+19,7.424851609180648243e+19,7.383607608608817152e+19,7.340988778697614950e+19,7.297021067921457152e+19,7.251729105340805939e+19,7.205141038453332378e+19,7.157163188868349952e+19,7.107956085283513958e+19,7.057553152852308787e+19,7.005988696337521050e+19,6.953299219525192909e+19,6.899522545615319859e+19,6.844696497807897395e+19,6.788863737154083226e+19,6.732065165486430618e+19,6.674344763270050611e+19,6.615747830384007578e+19,6.556320986121319219e+19,6.496039601421523354e+19,6.435036497289255322e+19,6.373362691064043930e+19,6.311070079694720205e+19,6.248212319348719616e+19,6.184843505998128742e+19,6.121020374442940826e+19,6.056798340069195776e+19,5.992236336700142387e+19,5.927392418549727232e+19,5.862326399050501325e+19,5.797098971244317901e+19,5.731768629149774643e+19,5.666414537604071424e+19,5.601099148867665920e+19,5.535886674419620250e+19,5.470841325738996531e+19,5.406027754109507994e+19,5.341511050619518976e+19,5.277357185966696038e+19,5.213632570653356851e+19,5.150401855963214643e+19,5.087733211617191526e+19,5.025692608312954061e+19,4.964423862171415347e+19,4.903931811043737600e+19,4.844282425627587379e+19,4.785541676620631245e+19,4.727776854134489088e+19,4.671053489062176358e+19,4.615436672492057395e+19,4.560991935317147648e+19,4.507783928821160346e+19,4.455876424678506496e+19,4.405333194563597107e+19,4.356217130541540966e+19,4.308745496109986611e+19,4.262836927408478618e+19,4.218550798064916890e+19,4.175944282683945779e+19,4.135074116065558528e+19,4.095993954377190605e+19,4.058756574176975258e+19,4.023409914171883520e+19,3.989998394631677542e+19,3.958559398951701709e+19,3.929123713457533747e+19,3.901708930335218074e+19,3.876515600505661030e+19,3.853306669261914112e+19,3.832003411571428557e+19,3.812462451117942374e+19,3.794443214757298176e+19,3.777559993810472141e+19,3.761212454928698573e+19,3.744482286000458957e+19,3.725988500421266637e+19,3.703680289102993818e+19,3.674565221199485338e+19,3.634354101850787021e+19,3.574272388462595277e+19,3.486515527598630502e+19,3.360285435464830157e+19,3.184425587476476723e+19,2.950621916508979200e+19,2.657809875404324864e+19,2.315820857333435597e+19,1.945745034633333965e+19,1.575807530496006554e+19,1.233833245880929485e+19,9.395444507090092032e+18,7.007296455467597824e+18,5.194326575834726400e+18,3.814811667661848576e+18,2.778551095541104640e+18,2.005405580092506112e+18,1.430088319881969664e+18,1.002201825060847616e+18,6.841925508603576320e+17
2.541510792194922906e+19,2.540516613781087846e+19,2.538846675520821658e+19,2.536502736632728781e+19,2.533487435944715878e+19,2.529803632187015168e+19,2.525454623894509978e+19,2.520444149406734746e+19,2.514775947063223910e+19,2.508454634812814131e+19,2.501484830604342067e+19,2.493871812093621043e+19,2.485620856936464384e+19,2.476675450235204403e+19,2.467105960734018765e+19,2.456918545698023014e+19,2.446120901708611584e+19,2.434719625835551130e+19,2.422722854464887194e+19,2.410138504080339763e+19,2.396974711067954381e+19,2.383240271520753254e+19,2.368944201434084147e+19,2.354095736705620378e+19,2.338704113233035264e+19,2.322727329672147763e+19,2.306229817404345549e+19,2.289222131741255270e+19,2.271714827994503578e+19,2.253718901280368230e+19,2.235245566617452544e+19,2.216306258926685389e+19,2.196912852933646746e+19,2.177077003461591040e+19,2.156810805138423808e+19,2.136126352592050586e+19,2.115036620059679130e+19,2.093516318773870592e+19,2.071618665097409331e+19,2.049356853169828659e+19,2.026744297032987443e+19,2.003794190826418995e+19,1.980519948591982182e+19,1.956934984371535872e+19,1.933053152011590042e+19,1.908888305358654669e+19,1.884453858454588621e+19,1.859764324852878541e+19,1.834833668351197184e+19,1.809654522221638451e+19,1.784265479322337280e+19,1.758680503450966426e+19,1.732913998209849754e+19,1.706979927396660019e+19,1.680892694613721088e+19,1.654666263658705715e+19,1.628314818231612211e+19,1.601852651983601664e+19,1.575293728712346829e+19,1.548652342069008794e+19,1.521942125997771981e+19,1.495173525859100262e+19,1.468366882618107494e+19,1.441536379974791987e+19,1.414695322019849830e+19,1.387857232746302669e+19,1.361035746098334925e+19,1.334244056215479910e+19,1.307495137334945382e+19,1.280802293547427430e+19,1.254178169236645478e+19,1.227635408786318950e+19,1.201186656580167270e+19,1.174856431727489843e+19,1.148647483007356109e+19,1.122571465243020493e+19,1.096640363111225754e+19,1.070865611532900762e+19,1.045258425526648832e+19,1.019830020111073280e+19,9.945911705001263104e+18,9.695523220542717952e+18,9.447241400362991616e+18,9.201166300020211712e+18,8.957396325805064192e+18,8.716279473147740160e+18,8.477676653827325952e+18,8.241678027797299200e+18,8.008368807208812544e+18,7.777832005189763072e+18,7.550145687065722880e+18,7.325384069871566848e+18,7.103615323328217088e+18,6.884902669354270720e+18,6.669299434263674880e+18,6.456849598521540608e+18,6.247583398697631744e+18,6.041829039012839424e+18,5.839242922083483648e+18,5.639756878188642304e+18,5.443246662514376704e+18,5.249502268339781632e+18,5.058199889490477056e+18,4.868854641338613760e+18,4.680756789128462336e+18,4.492895881674096640e+18,4.303861520434987008e+18,4.111735882254385152e+18,3.913988990876778496e+18,3.706074640599220224e+18,3.484750096753491968e+18,3.246607423049302016e+18,2.990107578085670912e+18,2.717591147240226816e+18,2.436955372779470848e+18,2.161603713762852864e+18,1.907793411679715328e+18,1.690045029403328512e+18,1.516690803487932416e+18,1.388000389160239104e+18,1.297767730476220416e+18,1.238598749178036224e+18,1.197805355959058432e+18,1.168185887096307712e+18,1.144021439016337408e+18,1.120621288956624896e+18,1.093817875531038720e+18,1.059560254305468416e+18
