1.134720078125000000e+05,1.319039218750000000e+05,1.241810000000000000e+05,1.303465859375000000e+05,9.357931250000000000e+04,6.295345312500000000e+04,2.098529492187500000e+04,0.000000000000000000e+00
1.146775234375000000e+05,1.345695312500000000e+05,1.324462343750000000e+05,1.339658593750000000e+05,1.137553593750000000e+05,6.888893750000000000e+04,4.306825390625000000e+04,1.864558105468750000e+03
1.148358750000000000e+05,1.350105312500000000e+05,1.369118906250000000e+05,1.342867656250000000e+05,1.225114140625000000e+05,7.429597656250000000e+04,5.262646484375000000e+04,5.100163574218750000e+03
1.141631953125000000e+05,1.343101562500000000e+05,1.376560781250000000e+05,1.335739531250000000e+05,1.240905078125000000e+05,7.534685156250000000e+04,5.379893750000000000e+04,5.600268066406250000e+03
1.131128828125000000e+05,1.333678593750000000e+05,1.367606718750000000e+05,1.329825781250000000e+05,1.222353359375000000e+05,7.350195312500000000e+04,5.104415234375000000e+04,4.117645507812500000e+03
1.121846484375000000e+05,1.326102500000000000e+05,1.369769062500000000e+05,1.327220625000000000e+05,1.224503515625000000e+05,7.354195312500000000e+04,5.107192968750000000e+04,4.214222656250000000e+03
1.106237734375000000e+05,1.313998281250000000e+05,1.368784375000000000e+05,1.322986250000000000e+05,1.220381640625000000e+05,7.316651562500000000e+04,5.046686718750000000e+04,3.941949462890625000e+03
1.086900625000000000e+05,1.297289765625000000e+05,1.378560000000000000e+05,1.317063906250000000e+05,1.242579062500000000e+05,7.503220312500000000e+04,5.300087109375000000e+04,5.095673339843750000e+03
1.078218906250000000e+05,1.287471640625000000e+05,1.384848437500000000e+05,1.312287968750000000e+05,1.259202343750000000e+05,7.681472656250000000e+04,5.525041406250000000e+04,6.325927734375000000e+03
1.075058750000000000e+05,1.282662187500000000e+05,1.394278437500000000e+05,1.314385000000000000e+05,1.281999531250000000e+05,7.864145312500000000e+04,5.702951562500000000e+04,7.311210937500000000e+03
1.038232421875000000e+05,1.248788515625000000e+05,1.348310156250000000e+05,1.286049062500000000e+05,1.183602734375000000e+05,7.014393750000000000e+04,4.515745312500000000e+04,1.755904785156250000e+03
1.017896484375000000e+05,1.222772578125000000e+05,1.340156718750000000e+05,1.261951718750000000e+05,1.177906406250000000e+05,7.018797656250000000e+04,4.514032421875000000e+04,1.779974975585937500e+03
1.715195625000000000e+05,1.971356250000000000e+05,2.510896562500000000e+05,2.402510468750000000e+05,1.764817968750000000e+05,5.418265234375000000e+04,1.026804394531250000e+04,0.000000000000000000e+00
1.755575000000000000e+05,1.994774218750000000e+05,2.431516875000000000e+05,2.612001406250000000e+05,2.044919375000000000e+05,1.171154062500000000e+05,2.052899609375000000e+04,1.719460693359375000e+03
1.767204843750000000e+05,1.997293125000000000e+05,2.387885937500000000e+05,2.707996875000000000e+05,2.160208593750000000e+05,1.398565781250000000e+05,2.646341601562500000e+04,3.425414306640625000e+03
1.755191718750000000e+05,1.980586875000000000e+05,2.356541093750000000e+05,2.723613750000000000e+05,2.178041250000000000e+05,1.432155312500000000e+05,2.720587695312500000e+04,3.666041748046875000e+03
1.738367656250000000e+05,1.963785937500000000e+05,2.341863125000000000e+05,2.698042812500000000e+05,2.146872656250000000e+05,1.381280312500000000e+05,2.552145117187500000e+04,2.930484863281250000e+03
1.724925000000000000e+05,1.949105156250000000e+05,2.322593281250000000e+05,2.696765000000000000e+05,2.144687187500000000e+05,1.379798593750000000e+05,2.553177539062500000e+04,2.986509765625000000e+03
1.708670312500000000e+05,1.932853125000000000e+05,2.304750000000000000e+05,2.691370000000000000e+05,2.138230781250000000e+05,1.368521562500000000e+05,2.513825195312500000e+04,2.852934326171875000e+03
1.689549843750000000e+05,1.912408593750000000e+05,2.274183437500000000e+05,2.717436562500000000e+05,2.170284062500000000e+05,1.424191093750000000e+05,2.673521093750000000e+04,3.421717041015625000e+03
1.682223906250000000e+05,1.903062656250000000e+05,2.258801406250000000e+05,2.740769375000000000e+05,2.201275468750000000e+05,1.471375937500000000e+05,2.817610351562500000e+04,4.015091796875000000e+03
1.677019843750000000e+05,1.895727500000000000e+05,2.246607812500000000e+05,2.759906250000000000e+05,2.224623750000000000e+05,1.517650000000000000e+05,2.945533789062500000e+04,4.456380371093750000e+03
1.626800625000000000e+05,1.850254062500000000e+05,2.214518750000000000e+05,2.653642187500000000e+05,2.094749531250000000e+05,1.284625312500000000e+05,2.189092382812500000e+04,1.636802612304687500e+03
1.598393281250000000e+05,1.815475468750000000e+05,2.169578593750000000e+05,2.655283750000000000e+05,2.100528750000000000e+05,1.286854218750000000e+05,2.187921484375000000e+04,1.649236694335937500e+03
6.911724218750000000e+04,8.044682031250000000e+04,9.221830468750000000e+04,9.072501562500000000e+04,6.280760156250000000e+04,3.140041601562500000e+04,6.423242187500000000e+03,0.000000000000000000e+00
7.049732812500000000e+04,8.142774218750000000e+04,9.402239843750000000e+04,9.480505468750000000e+04,7.853521093750000000e+04,4.554256250000000000e+04,1.401419238281250000e+04,6.905197753906250000e+02
7.090188281250000000e+04,8.153028125000000000e+04,9.424794531250000000e+04,9.705953906250000000e+04,8.629142968750000000e+04,5.134655859375000000e+04,1.844303710937500000e+04,1.694217041015625000e+03
7.048180468750000000e+04,8.094253125000000000e+04,9.366002343750000000e+04,9.739452343750000000e+04,8.776711718750000000e+04,5.209701953125000000e+04,1.912355273437500000e+04,1.848209594726562500e+03
6.986678125000000000e+04,8.034758593750000000e+04,9.313923437500000000e+04,9.669350000000000000e+04,8.632476562500000000e+04,5.076753906250000000e+04,1.768693945312500000e+04,1.389924194335937500e+03
6.938424218750000000e+04,7.983557031250000000e+04,9.274508593750000000e+04,9.673655468750000000e+04,8.656299218750000000e+04,5.074292187500000000e+04,1.768175000000000000e+04,1.421095581054687500e+03
6.863225000000000000e+04,7.910902343750000000e+04,9.220800000000000000e+04,9.651160937500000000e+04,8.621642187500000000e+04,5.046158984375000000e+04,1.737673828125000000e+04,1.338146728515625000e+03
6.772895312500000000e+04,7.813756250000000000e+04,9.144464843750000000e+04,9.707639843750000000e+04,8.809914843750000000e+04,5.180856250000000000e+04,1.872193750000000000e+04,1.693027709960937500e+03
6.726563281250000000e+04,7.755884375000000000e+04,9.091316406250000000e+04,9.744283593750000000e+04,8.930535937500000000e+04,5.302521484375000000e+04,2.000469140625000000e+04,2.072171386718750000e+03
6.734990625000000000e+04,7.755298437500000000e+04,9.100617187500000000e+04,9.837321093750000000e+04,9.161900000000000000e+04,5.413368750000000000e+04,2.116659765625000000e+04,2.373885253906250000e+03
6.475643750000000000e+04,7.510071875000000000e+04,8.870472656250000000e+04,9.423618750000000000e+04,8.298252343750000000e+04,4.815714062500000000e+04,1.499107714843750000e+04,6.536141967773437500e+02
6.319405859375000000e+04,7.320375781250000000e+04,8.666967187500000000e+04,9.315621093750000000e+04,8.211903906250000000e+04,4.819105859375000000e+04,1.498176269531250000e+04,6.606046752929687500e+02
6.969728125000000000e+04,7.926586718750000000e+04,8.917546093750000000e+04,1.080756718750000000e+05,6.705375781250000000e+04,2.412519335937500000e+04,7.284067871093750000e+03,0.000000000000000000e+00
7.124178906250000000e+04,8.064602343750000000e+04,9.056777343750000000e+04,1.088098125000000000e+05,8.734937500000000000e+04,3.184837109375000000e+04,1.362526367187500000e+04,1.304395019531250000e+03
7.169056250000000000e+04,8.093046875000000000e+04,9.088476562500000000e+04,1.068091406250000000e+05,9.407379687500000000e+04,3.802092578125000000e+04,1.689816601562500000e+04,2.483331542968750000e+03
7.122012500000000000e+04,8.035214062500000000e+04,9.029782812500000000e+04,1.053492890625000000e+05,9.524221093750000000e+04,3.959219531250000000e+04,1.734445312500000000e+04,2.651719482421875000e+03
7.055956250000000000e+04,7.969901562500000000e+04,8.969139062500000000e+04,1.050652656250000000e+05,9.355298437500000000e+04,3.752872656250000000e+04,1.632805175781250000e+04,2.137712646484375000e+03
7.001522656250000000e+04,7.916677343750000000e+04,8.925386718750000000e+04,1.044222109375000000e+05,9.341107031250000000e+04,3.751889062500000000e+04,1.634124609375000000e+04,2.177750732421875000e+03
6.929727343750000000e+04,7.856064843750000000e+04,8.882508593750000000e+04,1.039400078125000000e+05,9.310048437500000000e+04,3.711241015625000000e+04,1.610833007812500000e+04,2.086598144531250000e+03
6.833733593750000000e+04,7.782802343750000000e+04,8.833022656250000000e+04,1.025003906250000000e+05,9.500865625000000000e+04,3.948548046875000000e+04,1.705453515625000000e+04,2.481044921875000000e+03
6.794410937500000000e+04,7.746365625000000000e+04,8.808238281250000000e+04,1.015440234375000000e+05,9.700225000000000000e+04,4.181881250000000000e+04,1.792885156250000000e+04,2.897107177734375000e+03
6.768419531250000000e+04,7.718917187500000000e+04,8.790270312500000000e+04,1.008844375000000000e+05,9.809592968750000000e+04,4.460621093750000000e+04,1.865266601562500000e+04,3.205497802734375000e+03
6.558658593750000000e+04,7.527929687500000000e+04,8.615021875000000000e+04,1.007356250000000000e+05,9.139892968750000000e+04,3.433351562500000000e+04,1.429821289062500000e+04,1.244075439453125000e+03
6.426050390625000000e+04,7.372924218750000000e+04,8.459935156250000000e+04,9.813688281250000000e+04,9.214734375000000000e+04,3.442736718750000000e+04,1.429296484375000000e+04,1.252153686523437500e+03
1.514469375000000000e+05,1.713659531250000000e+05,1.834078437500000000e+05,1.786760312500000000e+05,1.311784375000000000e+05,7.321595312500000000e+04,2.571782617187500000e+04,0.000000000000000000e+00
1.536815625000000000e+05,1.754168750000000000e+05,1.875875312500000000e+05,1.891414687500000000e+05,1.564686406250000000e+05,9.837010156250000000e+04,4.523527734375000000e+04,3.187631103515625000e+03
1.541473750000000000e+05,1.765073125000000000e+05,1.887455781250000000e+05,1.933516093750000000e+05,1.693946562500000000e+05,1.092803828125000000e+05,5.344370312500000000e+04,7.620413085937500000e+03
1.532625625000000000e+05,1.757119687500000000e+05,1.880306875000000000e+05,1.936296406250000000e+05,1.717963593750000000e+05,1.109776875000000000e+05,5.439804687500000000e+04,8.272947265625000000e+03
1.518911406250000000e+05,1.745107656250000000e+05,1.869415312500000000e+05,1.923606718750000000e+05,1.692613750000000000e+05,1.080602578125000000e+05,5.202352343750000000e+04,6.311303222656250000e+03
1.507021718750000000e+05,1.737101093750000000e+05,1.864488437500000000e+05,1.923420156250000000e+05,1.697025468750000000e+05,1.080536250000000000e+05,5.207925781250000000e+04,6.445629882812500000e+03
1.487024062500000000e+05,1.724091562500000000e+05,1.856604531250000000e+05,1.918633281250000000e+05,1.690892187500000000e+05,1.074318437500000000e+05,5.155030859375000000e+04,6.082009765625000000e+03
1.461085468750000000e+05,1.707883281250000000e+05,1.851075781250000000e+05,1.925015625000000000e+05,1.722416875000000000e+05,1.104312656250000000e+05,5.369426953125000000e+04,7.611014648437500000e+03
1.448950937500000000e+05,1.697715625000000000e+05,1.848373906250000000e+05,1.929233906250000000e+05,1.742155937500000000e+05,1.130928750000000000e+05,5.564921093750000000e+04,9.217065429687500000e+03
1.446775781250000000e+05,1.696412656250000000e+05,1.855359687500000000e+05,1.944186250000000000e+05,1.781644375000000000e+05,1.155782031250000000e+05,5.726691796875000000e+04,1.046231640625000000e+04
1.394142031250000000e+05,1.647090312500000000e+05,1.802194218750000000e+05,1.872948437500000000e+05,1.631349531250000000e+05,1.024852031250000000e+05,4.688255468750000000e+04,3.013167480468750000e+03
1.364904062500000000e+05,1.613464687500000000e+05,1.776070468750000000e+05,1.851860937500000000e+05,1.616536250000000000e+05,1.025758046875000000e+05,4.687623828125000000e+04,3.048351074218750000e+03
1.040852890625000000e+05,1.208069062500000000e+05,1.418613125000000000e+05,1.362478593750000000e+05,1.018403984375000000e+05,4.398507421875000000e+04,8.250635742187500000e+03,0.000000000000000000e+00
1.063527109375000000e+05,1.219141484375000000e+05,1.436603906250000000e+05,1.499076406250000000e+05,1.176782968750000000e+05,6.761674218750000000e+04,1.816113476562500000e+04,1.452579101562500000e+03
1.069853359375000000e+05,1.219229375000000000e+05,1.436574531250000000e+05,1.556622812500000000e+05,1.252737031250000000e+05,8.192743750000000000e+04,2.479642187500000000e+04,2.828943115234375000e+03
1.063155234375000000e+05,1.209433984375000000e+05,1.425842187500000000e+05,1.558728750000000000e+05,1.265972812500000000e+05,8.454577343750000000e+04,2.583866015625000000e+04,3.013520751953125000e+03
1.053498906250000000e+05,1.199797578125000000e+05,1.417144687500000000e+05,1.547659843750000000e+05,1.248291406250000000e+05,8.087094531250000000e+04,2.367154882812500000e+04,2.441041503906250000e+03
1.045858281250000000e+05,1.191072734375000000e+05,1.409533281250000000e+05,1.545566406250000000e+05,1.249318281250000000e+05,8.081464843750000000e+04,2.366184765625000000e+04,2.486771972656250000e+03
1.035195234375000000e+05,1.180314453125000000e+05,1.400968593750000000e+05,1.541276562500000000e+05,1.245219765625000000e+05,7.998765625000000000e+04,2.319196679687500000e+04,2.381012207031250000e+03
1.021704218750000000e+05,1.166283906250000000e+05,1.387940312500000000e+05,1.543600937500000000e+05,1.265022109375000000e+05,8.416901562500000000e+04,2.523978125000000000e+04,2.825924560546875000e+03
1.015777890625000000e+05,1.159003203125000000e+05,1.380004531250000000e+05,1.544647812500000000e+05,1.279659609375000000e+05,8.759778125000000000e+04,2.719493750000000000e+04,3.279964355468750000e+03
1.013787812500000000e+05,1.155877890625000000e+05,1.376343593750000000e+05,1.549191718750000000e+05,1.301368125000000000e+05,9.045308593750000000e+04,2.895924414062500000e+04,3.610745605468750000e+03
9.803509375000000000e+04,1.125185781250000000e+05,1.350545156250000000e+05,1.507954531250000000e+05,1.210078203125000000e+05,7.419172656250000000e+04,1.966843945312500000e+04,1.383697265625000000e+03
9.622860156250000000e+04,1.102827734375000000e+05,1.324818750000000000e+05,1.493078125000000000e+05,1.207398203125000000e+05,7.437788281250000000e+04,1.965360546875000000e+04,1.393513183593750000e+03
2.391115156250000000e+05,2.896911875000000000e+05,3.261131875000000000e+05,3.142915000000000000e+05,2.284430000000000000e+05,1.199093515625000000e+05,8.997208007812500000e+03,0.000000000000000000e+00
2.443348593750000000e+05,2.872939687500000000e+05,3.377777187500000000e+05,3.344910625000000000e+05,2.722212500000000000e+05,1.641768437500000000e+05,4.443435546875000000e+04,1.059528198242187500e+03
2.458875468750000000e+05,2.855978437500000000e+05,3.421692500000000000e+05,3.421964375000000000e+05,2.929986562500000000e+05,1.852689687500000000e+05,6.956270312500000000e+04,2.088925781250000000e+03
2.443587500000000000e+05,2.827865625000000000e+05,3.414203125000000000e+05,3.425477500000000000e+05,2.966711250000000000e+05,1.887324218750000000e+05,7.337157031250000000e+04,2.252586425781250000e+03
2.421886875000000000e+05,2.804867187500000000e+05,3.392800625000000000e+05,3.401757812500000000e+05,2.922378125000000000e+05,1.831146406250000000e+05,6.572825781250000000e+04,1.766852783203125000e+03
2.405313125000000000e+05,2.780542187500000000e+05,3.383335937500000000e+05,3.398782187500000000e+05,2.926074375000000000e+05,1.830178593750000000e+05,6.560571093750000000e+04,1.802960693359375000e+03
2.382068593750000000e+05,2.749795937500000000e+05,3.369317187500000000e+05,3.389951875000000000e+05,2.915937187500000000e+05,1.818075468750000000e+05,6.399374609375000000e+04,1.721712524414062500e+03
2.355917187500000000e+05,2.706950000000000000e+05,3.356692500000000000e+05,3.400531875000000000e+05,2.968411250000000000e+05,1.877477812500000000e+05,7.129431250000000000e+04,2.088670654296875000e+03
2.343797812500000000e+05,2.684495000000000000e+05,3.345744375000000000e+05,3.409046875000000000e+05,3.007112187500000000e+05,1.930524531250000000e+05,7.801539062500000000e+04,2.493968994140625000e+03
2.342346718750000000e+05,2.675204375000000000e+05,3.345409375000000000e+05,3.429572500000000000e+05,3.063365625000000000e+05,1.981840312500000000e+05,8.365794531250000000e+04,2.815565673828125000e+03
2.262509062500000000e+05,2.601563750000000000e+05,3.268522812500000000e+05,3.314774062500000000e+05,2.828112812500000000e+05,1.726801093750000000e+05,5.143456640625000000e+04,1.012182861328125000e+03
2.216230312500000000e+05,2.539889687500000000e+05,3.212784062500000000e+05,3.280785937500000000e+05,2.813093750000000000e+05,1.728079687500000000e+05,5.135257812500000000e+04,1.017638366699218750e+03
6.020384375000000000e+04,7.006709375000000000e+04,7.757275781250000000e+04,7.359381250000000000e+04,5.444730078125000000e+04,3.020905273437500000e+04,6.875168457031250000e+03,0.000000000000000000e+00
6.123996484375000000e+04,7.092114843750000000e+04,7.989505468750000000e+04,7.764889843750000000e+04,6.449719140625000000e+04,4.162443750000000000e+04,1.452077050781250000e+04,7.543192749023437500e+02
6.148683203125000000e+04,7.099485937500000000e+04,8.060554687500000000e+04,7.980139062500000000e+04,6.909501562500000000e+04,4.622011718750000000e+04,1.900554687500000000e+04,1.872794311523437500e+03
6.111189843750000000e+04,7.050061718750000000e+04,8.029742187500000000e+04,8.016586718750000000e+04,6.989690625000000000e+04,4.674105859375000000e+04,1.969121875000000000e+04,2.038193969726562500e+03
6.054959375000000000e+04,6.996704687500000000e+04,7.981000781250000000e+04,7.951092187500000000e+04,6.888827343750000000e+04,4.570904687500000000e+04,1.824068359375000000e+04,1.542162231445312500e+03
6.008249609375000000e+04,6.950425781250000000e+04,7.952835156250000000e+04,7.954142968750000000e+04,6.897442968750000000e+04,4.569465625000000000e+04,1.823513085937500000e+04,1.575485107421875000e+03
5.936740234375000000e+04,6.887079687500000000e+04,7.914313281250000000e+04,7.938515625000000000e+04,6.874510937500000000e+04,4.546057812500000000e+04,1.792930859375000000e+04,1.483223022460937500e+03
5.850996093750000000e+04,6.802172656250000000e+04,7.870393750000000000e+04,7.999078125000000000e+04,6.991371093750000000e+04,4.647421093750000000e+04,1.928537109375000000e+04,1.870334350585937500e+03
5.813126562500000000e+04,6.755952343750000000e+04,7.842578906250000000e+04,8.045708593750000000e+04,7.078871875000000000e+04,4.729458593750000000e+04,2.057030859375000000e+04,2.277378417968750000e+03
5.801614843750000000e+04,6.735446875000000000e+04,7.838669531250000000e+04,8.107958593750000000e+04,7.201450000000000000e+04,4.812963671875000000e+04,2.172194921875000000e+04,2.597447021484375000e+03
5.606633593750000000e+04,6.555956250000000000e+04,7.665015625000000000e+04,7.790230468750000000e+04,6.674382812500000000e+04,4.351903125000000000e+04,1.550095117187500000e+04,7.116327514648437500e+02
5.497769531250000000e+04,6.419867968750000000e+04,7.537626562500000000e+04,7.749421875000000000e+04,6.643868750000000000e+04,4.354153515625000000e+04,1.549230566406250000e+04,7.207703857421875000e+02
2.222993437500000000e+05,2.539664531250000000e+05,2.791605000000000000e+05,3.472070312500000000e+05,2.054835625000000000e+05,7.600615625000000000e+04,2.319221093750000000e+04,0.000000000000000000e+00
2.271852968750000000e+05,2.590932656250000000e+05,2.877317500000000000e+05,3.489085625000000000e+05,2.815404687500000000e+05,9.591273437500000000e+04,4.483891015625000000e+04,2.709812744140625000e+03
2.287093593750000000e+05,2.603599062500000000e+05,2.903522500000000000e+05,3.426674375000000000e+05,3.150245937500000000e+05,1.162903828125000000e+05,5.553283203125000000e+04,6.486649902343750000e+03
2.272886250000000000e+05,2.586938906250000000e+05,2.888628750000000000e+05,3.380504687500000000e+05,3.215838125000000000e+05,1.213530859375000000e+05,5.707621875000000000e+04,7.039743164062500000e+03
2.253209687500000000e+05,2.568481250000000000e+05,2.872313750000000000e+05,3.376090312500000000e+05,3.153349687500000000e+05,1.147697187500000000e+05,5.364066015625000000e+04,5.373383300781250000e+03
2.237812968750000000e+05,2.554088281250000000e+05,2.862563437500000000e+05,3.359586562500000000e+05,3.160262500000000000e+05,1.147537734375000000e+05,5.366407421875000000e+04,5.490147949218750000e+03
2.213630468750000000e+05,2.533392343750000000e+05,2.848726250000000000e+05,3.343125000000000000e+05,3.146284687500000000e+05,1.134312187500000000e+05,5.292093359375000000e+04,5.181254394531250000e+03
2.184573593750000000e+05,2.506693593750000000e+05,2.832342812500000000e+05,3.291534062500000000e+05,3.230267500000000000e+05,1.210621093750000000e+05,5.609379296875000000e+04,6.480703613281250000e+03
2.169309375000000000e+05,2.489166562500000000e+05,2.819520312500000000e+05,3.249988437500000000e+05,3.292291250000000000e+05,1.284571875000000000e+05,5.909758984375000000e+04,7.839703125000000000e+03
2.174181562500000000e+05,2.492781250000000000e+05,2.829723437500000000e+05,3.244671250000000000e+05,3.381896875000000000e+05,1.372049687500000000e+05,6.174484765625000000e+04,8.894324218750000000e+03
2.085312187500000000e+05,2.407902812500000000e+05,2.745295312500000000e+05,3.212492500000000000e+05,3.032006562500000000e+05,1.044651328125000000e+05,4.697604687500000000e+04,2.565124023437500000e+03
2.026909687500000000e+05,2.339193906250000000e+05,2.675769375000000000e+05,3.097428750000000000e+05,3.012775312500000000e+05,1.047939609375000000e+05,4.695941796875000000e+04,2.592437744140625000e+03
1.276115781250000000e+05,1.466021718750000000e+05,1.703597656250000000e+05,1.569674218750000000e+05,1.195015234375000000e+05,5.348778515625000000e+04,1.588672656250000000e+04,0.000000000000000000e+00
1.298278281250000000e+05,1.499822500000000000e+05,1.692547343750000000e+05,1.700659218750000000e+05,1.377992812500000000e+05,9.035918750000000000e+04,2.953527539062500000e+04,1.655986083984375000e+03
1.303541250000000000e+05,1.503922656250000000e+05,1.677553437500000000e+05,1.773764375000000000e+05,1.463867656250000000e+05,1.037433125000000000e+05,3.310283593750000000e+04,4.067112304687500000e+03
1.295403281250000000e+05,1.493678750000000000e+05,1.660765937500000000e+05,1.789342187500000000e+05,1.478193281250000000e+05,1.053183906250000000e+05,3.372219531250000000e+04,4.423470214843750000e+03
1.283159687500000000e+05,1.482065468750000000e+05,1.650977500000000000e+05,1.771701875000000000e+05,1.457917343750000000e+05,1.025516250000000000e+05,3.223290429687500000e+04,3.353327636718750000e+03
1.272997968750000000e+05,1.472255625000000000e+05,1.640530937500000000e+05,1.773827343750000000e+05,1.458895000000000000e+05,1.024895468750000000e+05,3.227122460937500000e+04,3.427230957031250000e+03
1.258475625000000000e+05,1.459249375000000000e+05,1.629336406250000000e+05,1.771222656250000000e+05,1.454280625000000000e+05,1.018699843750000000e+05,3.196062304687500000e+04,3.229245361328125000e+03
1.240689843750000000e+05,1.441624531250000000e+05,1.611415937500000000e+05,1.794900625000000000e+05,1.476525625000000000e+05,1.047111015625000000e+05,3.326969921875000000e+04,4.063392089843750000e+03
1.233025078125000000e+05,1.432233750000000000e+05,1.601799218750000000e+05,1.814354062500000000e+05,1.493855156250000000e+05,1.070326640625000000e+05,3.461149218750000000e+04,4.939182617187500000e+03
1.229726328125000000e+05,1.426896250000000000e+05,1.597152343750000000e+05,1.831857968750000000e+05,1.516288906250000000e+05,1.089685703125000000e+05,3.587472265625000000e+04,5.628549804687500000e+03
1.189879843750000000e+05,1.390559531250000000e+05,1.568140625000000000e+05,1.747209531250000000e+05,1.415420312500000000e+05,9.687291406250000000e+04,2.960784765625000000e+04,1.565881958007812500e+03
1.168227968750000000e+05,1.362989531250000000e+05,1.538260468750000000e+05,1.752152187500000000e+05,1.411079375000000000e+05,9.697410937500000000e+04,2.960920898437500000e+04,1.583519897460937500e+03
1.341255937500000000e+05,1.534739062500000000e+05,1.863630781250000000e+05,2.456331250000000000e+05,9.911725781250000000e+04,2.615942382812500000e+04,4.359145507812500000e+03,0.000000000000000000e+00
1.392897343750000000e+05,1.573909375000000000e+05,1.874675937500000000e+05,2.384776250000000000e+05,2.019666093750000000e+05,4.412273437500000000e+04,1.034901171875000000e+04,4.296448364257812500e+02
1.416961406250000000e+05,1.591163281250000000e+05,1.877785468750000000e+05,2.355193125000000000e+05,2.697402187500000000e+05,5.558452734375000000e+04,1.403945703125000000e+04,1.073976806640625000e+03
1.413592500000000000e+05,1.584432343750000000e+05,1.865835000000000000e+05,2.334834843750000000e+05,2.847525000000000000e+05,5.798783203125000000e+04,1.462959863281250000e+04,1.170997070312500000e+03
1.409602343750000000e+05,1.581536875000000000e+05,1.866504843750000000e+05,2.344874062500000000e+05,2.770223437500000000e+05,5.483367578125000000e+04,1.341104199218750000e+04,8.810343627929687500e+02
1.410663437500000000e+05,1.582190312500000000e+05,1.867915000000000000e+05,2.350130312500000000e+05,2.814381875000000000e+05,5.478686328125000000e+04,1.340168261718750000e+04,9.008147583007812500e+02
1.397555625000000000e+05,1.568134218750000000e+05,1.853785156250000000e+05,2.336600781250000000e+05,2.790205937500000000e+05,5.412682031250000000e+04,1.314637304687500000e+04,8.475797119140625000e+02
1.381832500000000000e+05,1.547997812500000000e+05,1.827357187500000000e+05,2.297528750000000000e+05,2.935268750000000000e+05,5.778751171875000000e+04,1.429133496093750000e+04,1.073110717773437500e+03
1.359547500000000000e+05,1.520893281250000000e+05,1.792649843750000000e+05,2.246208437500000000e+05,2.978794687500000000e+05,6.118730078125000000e+04,1.539911816406250000e+04,1.311670654296875000e+03
1.409340156250000000e+05,1.572684687500000000e+05,1.849978281250000000e+05,2.316030156250000000e+05,3.236755937500000000e+05,6.506216015625000000e+04,1.643522851562500000e+04,1.500762939453125000e+03
1.273806640625000000e+05,1.432014375000000000e+05,1.702620468750000000e+05,2.156728281250000000e+05,2.499715937500000000e+05,4.962662890625000000e+04,1.118203125000000000e+04,4.062094421386718750e+02
1.174782109375000000e+05,1.320305000000000000e+05,1.570216406250000000e+05,1.979917500000000000e+05,2.337522968750000000e+05,4.979076171875000000e+04,1.117344531250000000e+04,4.108146972656250000e+02
6.780496093750000000e+04,8.168978125000000000e+04,9.466428125000000000e+04,9.312053906250000000e+04,6.410000000000000000e+04,3.438357812500000000e+04,9.754644165039062500e+02,0.000000000000000000e+00
6.949234375000000000e+04,8.088385156250000000e+04,9.898560156250000000e+04,9.713216406250000000e+04,8.021737500000000000e+04,4.608691796875000000e+04,8.375187500000000000e+03,2.877439270019531250e+02
7.003967968750000000e+04,8.046651562500000000e+04,1.008672187500000000e+05,9.886207812500000000e+04,8.832588281250000000e+04,5.125661718750000000e+04,1.771895898437500000e+04,4.214194641113281250e+02
6.963089843750000000e+04,7.968745312500000000e+04,1.008490468750000000e+05,9.888421093750000000e+04,8.988206250000000000e+04,5.207996093750000000e+04,1.921513867187500000e+04,4.398353576660156250e+02
6.904863281250000000e+04,7.907129687500000000e+04,1.002453281250000000e+05,9.829058593750000000e+04,8.839577343750000000e+04,5.066843359375000000e+04,1.631773144531250000e+04,3.817420043945312500e+02
6.863787500000000000e+04,7.843821875000000000e+04,1.000731015625000000e+05,9.823632812500000000e+04,8.865328125000000000e+04,5.063769921875000000e+04,1.625096972656250000e+04,3.877829895019531250e+02
6.801334375000000000e+04,7.760356250000000000e+04,9.969503125000000000e+04,9.795923437500000000e+04,8.828910156250000000e+04,5.033636718750000000e+04,1.562716992187500000e+04,3.790332641601562500e+02
6.730446093750000000e+04,7.646428906250000000e+04,9.935264062500000000e+04,9.814883593750000000e+04,9.025090625000000000e+04,5.179215625000000000e+04,1.845348242187500000e+04,4.213764953613281250e+02
6.691253125000000000e+04,7.581315625000000000e+04,9.887224218750000000e+04,9.825260937500000000e+04,9.146922656250000000e+04,5.311129687500000000e+04,2.099599414062500000e+04,4.673885192871093750e+02
6.708242187500000000e+04,7.580934375000000000e+04,9.891884375000000000e+04,9.914538281250000000e+04,9.395981250000000000e+04,5.442314062500000000e+04,2.308450195312500000e+04,4.965698547363281250e+02
6.446712109375000000e+04,7.333316406250000000e+04,9.644173437500000000e+04,9.533697656250000000e+04,8.487274218750000000e+04,4.802622656250000000e+04,1.090290820312500000e+04,2.769442749023437500e+02
6.287133593750000000e+04,7.132025000000000000e+04,9.425941406250000000e+04,9.385492187500000000e+04,8.393259375000000000e+04,4.803997656250000000e+04,1.087459375000000000e+04,2.772792968750000000e+02
1.637700781250000000e+05,1.905402343750000000e+05,2.347545781250000000e+05,2.583951093750000000e+05,1.781202812500000000e+05,4.896646875000000000e+04,5.293334472656250000e+03,0.000000000000000000e+00
1.679585312500000000e+05,1.918281250000000000e+05,2.338539375000000000e+05,2.780529687500000000e+05,2.094815937500000000e+05,8.501819531250000000e+04,1.572144335937500000e+04,9.857692871093750000e+02
1.692519843750000000e+05,1.917039062500000000e+05,2.323004218750000000e+05,2.797618437500000000e+05,2.216592968750000000e+05,1.106429296875000000e+05,2.365729492187500000e+04,1.650289916992187500e+03
1.680419062500000000e+05,1.898740468750000000e+05,2.298230156250000000e+05,2.775882187500000000e+05,2.235842968750000000e+05,1.162907109375000000e+05,2.493962304687500000e+04,1.751571533203125000e+03
1.664188906250000000e+05,1.881940156250000000e+05,2.283113906250000000e+05,2.762244375000000000e+05,2.201527343750000000e+05,1.090729921875000000e+05,2.235955468750000000e+04,1.444911254882812500e+03
1.651597031250000000e+05,1.865973125000000000e+05,2.266004531250000000e+05,2.748680937500000000e+05,2.197615937500000000e+05,1.089634218750000000e+05,2.232922265625000000e+04,1.471153076171875000e+03
1.637672187500000000e+05,1.849370000000000000e+05,2.250391875000000000e+05,2.737561250000000000e+05,2.190838750000000000e+05,1.074478828125000000e+05,2.177465429687500000e+04,1.422208251953125000e+03
1.622167500000000000e+05,1.828087343750000000e+05,2.223805625000000000e+05,2.715233437500000000e+05,2.226330937500000000e+05,1.159427421875000000e+05,2.423760351562500000e+04,1.650293457031250000e+03
1.616774531250000000e+05,1.818661718750000000e+05,2.209250156250000000e+05,2.700151250000000000e+05,2.263500156250000000e+05,1.237556953125000000e+05,2.660548828125000000e+04,1.901969970703125000e+03
1.611685000000000000e+05,1.810027500000000000e+05,2.195487500000000000e+05,2.686012187500000000e+05,2.284745937500000000e+05,1.323261718750000000e+05,2.880403515625000000e+04,2.086133300781250000e+03
1.565101875000000000e+05,1.768095781250000000e+05,2.166810156250000000e+05,2.668436875000000000e+05,2.152480312500000000e+05,9.733697656250000000e+04,1.768510546875000000e+04,9.462058715820312500e+02
1.538017031250000000e+05,1.733677343750000000e+05,2.122122812500000000e+05,2.622005625000000000e+05,2.166969062500000000e+05,9.773141406250000000e+04,1.766253515625000000e+04,9.487586059570312500e+02
7.869778125000000000e+05,9.252779375000000000e+05,1.191046500000000000e+06,1.151133750000000000e+06,8.308893750000000000e+05,2.884182500000000000e+05,6.129247558593750000e+03,0.000000000000000000e+00
8.072441250000000000e+05,9.260225625000000000e+05,1.189138000000000000e+06,1.247440125000000000e+06,9.735680625000000000e+05,5.285112500000000000e+05,4.425282031250000000e+04,5.846348266601562500e+02
8.134899375000000000e+05,9.239041250000000000e+05,1.179523500000000000e+06,1.285017625000000000e+06,1.033694125000000000e+06,6.361939375000000000e+05,9.640537500000000000e+04,1.327229736328125000e+03
8.077391250000000000e+05,9.148035625000000000e+05,1.165951750000000000e+06,1.288415250000000000e+06,1.043374875000000000e+06,6.538015000000000000e+05,1.062286640625000000e+05,1.443843994140625000e+03
8.000101250000000000e+05,9.068013750000000000e+05,1.158796625000000000e+06,1.277817875000000000e+06,1.027953562500000000e+06,6.281476875000000000e+05,8.774777343750000000e+04,1.098482910156250000e+03
7.941485625000000000e+05,8.990701875000000000e+05,1.149429750000000000e+06,1.276059500000000000e+06,1.027170562500000000e+06,6.274434375000000000e+05,8.730183593750000000e+04,1.122410766601562500e+03
7.874288750000000000e+05,8.906732500000000000e+05,1.140188500000000000e+06,1.272854375000000000e+06,1.023901125000000000e+06,6.217792500000000000e+05,8.356013281250000000e+04,1.061990600585937500e+03
7.807865625000000000e+05,8.796761250000000000e+05,1.122363375000000000e+06,1.279407500000000000e+06,1.040389125000000000e+06,6.503525000000000000e+05,1.013194609375000000e+05,1.326597656250000000e+03
7.783660000000000000e+05,8.745330000000000000e+05,1.111332000000000000e+06,1.285242250000000000e+06,1.055651250000000000e+06,6.750707500000000000e+05,1.189187890625000000e+05,1.614515502929687500e+03
7.771135625000000000e+05,8.711086250000000000e+05,1.102382625000000000e+06,1.290454000000000000e+06,1.068597000000000000e+06,6.999711250000000000e+05,1.360374062500000000e+05,1.848934692382812500e+03
7.533258125000000000e+05,8.494835625000000000e+05,1.090652250000000000e+06,1.250389750000000000e+06,1.001474687500000000e+06,5.810534375000000000e+05,5.722977734375000000e+04,5.552590332031250000e+02
7.395227500000000000e+05,8.317141875000000000e+05,1.063115625000000000e+06,1.243904125000000000e+06,1.003438687500000000e+06,5.821140625000000000e+05,5.708350000000000000e+04,5.601164550781250000e+02
6.622767187500000000e+04,7.288967187500000000e+04,8.195537500000000000e+04,8.845442968750000000e+04,5.849112500000000000e+04,2.635829687500000000e+04,9.965637695312500000e+03,0.000000000000000000e+00
6.793270312500000000e+04,7.451598437500000000e+04,8.320662500000000000e+04,9.165421093750000000e+04,7.475385156250000000e+04,3.663897656250000000e+04,1.551306542968750000e+04,2.896409667968750000e+03
6.836362500000000000e+04,7.498074218750000000e+04,8.336195312500000000e+04,9.236977343750000000e+04,8.261852343750000000e+04,4.243030859375000000e+04,1.827285742187500000e+04,5.037642578125000000e+03
6.799940625000000000e+04,7.458891406250000000e+04,8.282770312500000000e+04,9.201256250000000000e+04,8.415597656250000000e+04,4.352813671875000000e+04,1.864979492187500000e+04,5.245814941406250000e+03
6.745315625000000000e+04,7.407714843750000000e+04,8.237071875000000000e+04,9.159853125000000000e+04,8.270755468750000000e+04,4.192012890625000000e+04,1.773305664062500000e+04,4.537214843750000000e+03
6.698942968750000000e+04,7.374768750000000000e+04,8.205129687500000000e+04,9.143423437500000000e+04,8.294420312500000000e+04,4.190867187500000000e+04,1.776502929687500000e+04,4.605286132812500000e+03
6.616756250000000000e+04,7.324876562500000000e+04,8.161614062500000000e+04,9.112464843750000000e+04,8.260696875000000000e+04,4.158202734375000000e+04,1.754183398437500000e+04,4.461030273437500000e+03
6.483542968750000000e+04,7.269588281250000000e+04,8.103639843750000000e+04,9.075941406250000000e+04,8.452301562500000000e+04,4.334428906250000000e+04,1.838272460937500000e+04,5.026091308593750000e+03
6.417060546875000000e+04,7.234595312500000000e+04,8.061217187500000000e+04,9.040101562500000000e+04,8.577296093750000000e+04,4.495086718750000000e+04,1.919069726562500000e+04,5.536125000000000000e+03
6.412716406250000000e+04,7.255192968750000000e+04,8.083197656250000000e+04,9.083999218750000000e+04,8.812453906250000000e+04,4.662541406250000000e+04,1.987455468750000000e+04,5.868401367187500000e+03
6.156952734375000000e+04,7.014516406250000000e+04,7.856065625000000000e+04,8.831995312500000000e+04,7.943756250000000000e+04,3.910759765625000000e+04,1.594694042968750000e+04,2.753711669921875000e+03
6.001265625000000000e+04,6.856785937500000000e+04,7.673230468750000000e+04,8.636621093750000000e+04,7.866595312500000000e+04,3.918103906250000000e+04,1.594773242187500000e+04,2.776501953125000000e+03
2.633641250000000000e+05,3.125332812500000000e+05,3.509907500000000000e+05,3.337470625000000000e+05,2.533028437500000000e+05,1.355761562500000000e+05,2.069338476562500000e+04,0.000000000000000000e+00
2.681422187500000000e+05,3.139794062500000000e+05,3.637636562500000000e+05,3.562927812500000000e+05,2.888506250000000000e+05,1.815747968750000000e+05,5.482948828125000000e+04,1.893255249023437500e+03
2.692793437500000000e+05,3.131193437500000000e+05,3.667601875000000000e+05,3.641762812500000000e+05,3.009121562500000000e+05,2.039883437500000000e+05,7.780092187500000000e+04,4.701432617187500000e+03
2.675077812500000000e+05,3.103556875000000000e+05,3.650740625000000000e+05,3.643582187500000000e+05,3.025266250000000000e+05,2.077534843750000000e+05,8.146980468750000000e+04,5.141360351562500000e+03
2.648969687500000000e+05,3.077293750000000000e+05,3.626290312500000000e+05,3.615358750000000000e+05,2.985943437500000000e+05,2.016313281250000000e+05,7.399723437500000000e+04,3.839567626953125000e+03
2.627601875000000000e+05,3.051187812500000000e+05,3.610014375000000000e+05,3.609009687500000000e+05,2.981701875000000000e+05,2.015487187500000000e+05,7.391166406250000000e+04,3.926471923828125000e+03
2.599818593750000000e+05,3.020080312500000000e+05,3.592053125000000000e+05,3.600190937500000000e+05,2.974013437500000000e+05,2.002405937500000000e+05,7.234008593750000000e+04,3.693291748046875000e+03
2.568146093750000000e+05,2.977143750000000000e+05,3.570199062500000000e+05,3.613244687500000000e+05,3.010403125000000000e+05,2.066961718750000000e+05,7.941783593750000000e+04,4.698206054687500000e+03
2.556469062500000000e+05,2.957102500000000000e+05,3.558386250000000000e+05,3.628056250000000000e+05,3.050170937500000000e+05,2.125166406250000000e+05,8.610242187500000000e+04,5.782693359375000000e+03
2.544428437500000000e+05,2.936887187500000000e+05,3.542361875000000000e+05,3.634990625000000000e+05,3.068175000000000000e+05,2.182271406250000000e+05,9.206099218750000000e+04,6.657112792968750000e+03
2.474257343750000000e+05,2.875027500000000000e+05,3.487984062500000000e+05,3.540370000000000000e+05,2.925344687500000000e+05,1.903290937500000000e+05,6.023153906250000000e+04,1.791200805664062500e+03
2.438219687500000000e+05,2.824528750000000000e+05,3.440645937500000000e+05,3.527853125000000000e+05,2.943842812500000000e+05,1.904760000000000000e+05,6.017290625000000000e+04,1.810962280273437500e+03
5.210725781250000000e+04,6.124980078125000000e+04,6.201293750000000000e+04,6.355127343750000000e+04,4.434835937500000000e+04,2.701417382812500000e+04,7.081114746093750000e+03,0.000000000000000000e+00
5.307166015625000000e+04,6.167399609375000000e+04,6.465902734375000000e+04,6.549142187500000000e+04,5.521502734375000000e+04,3.265732031250000000e+04,1.687143750000000000e+04,1.309993896484375000e+03
5.334088671875000000e+04,6.161718359375000000e+04,6.578467187500000000e+04,6.600180468750000000e+04,6.049189453125000000e+04,3.540100000000000000e+04,2.077230468750000000e+04,2.398512695312500000e+03
5.306418750000000000e+04,6.118278906250000000e+04,6.582507031250000000e+04,6.580363281250000000e+04,6.150664453125000000e+04,3.590663671875000000e+04,2.121641406250000000e+04,2.552301269531250000e+03
5.264073046875000000e+04,6.074541406250000000e+04,6.543315625000000000e+04,6.549244531250000000e+04,6.052596875000000000e+04,3.501415625000000000e+04,2.014329882812500000e+04,2.080700683593750000e+03
5.229376171875000000e+04,6.034944140625000000e+04,6.541454687500000000e+04,6.542014843750000000e+04,6.071120703125000000e+04,3.501723046875000000e+04,2.016066992187500000e+04,2.118546875000000000e+03
5.168083984375000000e+04,5.975419140625000000e+04,6.525859765625000000e+04,6.522175781250000000e+04,6.048000390625000000e+04,3.483967578125000000e+04,1.990675781250000000e+04,2.035733886718750000e+03
5.078045312500000000e+04,5.894696093750000000e+04,6.543272656250000000e+04,6.509054687500000000e+04,6.175578515625000000e+04,3.573700000000000000e+04,2.090635351562500000e+04,2.396351562500000000e+03
5.032486328125000000e+04,5.847017968750000000e+04,6.553072265625000000e+04,6.496248046875000000e+04,6.255400390625000000e+04,3.658737109375000000e+04,2.177595312500000000e+04,2.776742919921875000e+03
5.027714453125000000e+04,5.841020703125000000e+04,6.600423437500000000e+04,6.540232421875000000e+04,6.416268359375000000e+04,3.744083203125000000e+04,2.243188476562500000e+04,3.055419921875000000e+03
4.836714843750000000e+04,5.662337500000000000e+04,6.374384375000000000e+04,6.331566015625000000e+04,5.819536328125000000e+04,3.339279687500000000e+04,1.778375585937500000e+04,1.250881591796875000e+03
4.725560546875000000e+04,5.527528906250000000e+04,6.297922265625000000e+04,6.211629687500000000e+04,5.759825781250000000e+04,3.340698828125000000e+04,1.777385937500000000e+04,1.258170288085937500e+03
6.043992187500000000e+04,7.141775781250000000e+04,7.911140625000000000e+04,8.137299218750000000e+04,5.494562109375000000e+04,3.020291601562500000e+04,4.067605468750000000e+03,0.000000000000000000e+00
6.182003515625000000e+04,7.153031250000000000e+04,8.331285156250000000e+04,8.446425781250000000e+04,6.970650000000000000e+04,3.765018750000000000e+04,1.131644335937500000e+04,7.953664550781250000e+02
6.226611328125000000e+04,7.140878906250000000e+04,8.492254687500000000e+04,8.534894531250000000e+04,7.731191406250000000e+04,4.225334375000000000e+04,1.783533007812500000e+04,1.405075317382812500e+03
6.192301953125000000e+04,7.082880468750000000e+04,8.485592187500000000e+04,8.510892187500000000e+04,7.880450000000000000e+04,4.309456250000000000e+04,1.886629882812500000e+04,1.499224853515625000e+03
6.142771484375000000e+04,7.031254687500000000e+04,8.437121875000000000e+04,8.471458593750000000e+04,7.746690625000000000e+04,4.176237890625000000e+04,1.679914843750000000e+04,1.216199462890625000e+03
6.106487890625000000e+04,6.983013281250000000e+04,8.422332812500000000e+04,8.461388281250000000e+04,7.774274218750000000e+04,4.174770703125000000e+04,1.677127148437500000e+04,1.239102539062500000e+03
6.046049218750000000e+04,6.914361718750000000e+04,8.388367187500000000e+04,8.433750781250000000e+04,7.741296875000000000e+04,4.147191796875000000e+04,1.632149707031250000e+04,1.192906982421875000e+03
5.966238671875000000e+04,6.821753125000000000e+04,8.355343750000000000e+04,8.411523437500000000e+04,7.922956250000000000e+04,4.288648437500000000e+04,1.830979687500000000e+04,1.404912841796875000e+03
5.921473046875000000e+04,6.765231250000000000e+04,8.316203906250000000e+04,8.385228125000000000e+04,8.030293750000000000e+04,4.418778125000000000e+04,2.015219140625000000e+04,1.638571533203125000e+03
5.934764062500000000e+04,6.771739062500000000e+04,8.336468750000000000e+04,8.443125000000000000e+04,8.269693750000000000e+04,4.551526953125000000e+04,2.173989062500000000e+04,1.805567749023437500e+03
5.694050000000000000e+04,6.542612109375000000e+04,8.103040625000000000e+04,8.171479687500000000e+04,7.419439062500000000e+04,3.937735156250000000e+04,1.295623925781250000e+04,7.621444702148437500e+02
5.546890625000000000e+04,6.363673046875000000e+04,7.918332031250000000e+04,7.992037500000000000e+04,7.322074218750000000e+04,3.940920312500000000e+04,1.293843554687500000e+04,7.649562988281250000e+02
6.518352734375000000e+04,7.289746093750000000e+04,9.477468750000000000e+04,9.153562500000000000e+04,6.583020312500000000e+04,1.727260937500000000e+04,5.142815429687500000e+03,0.000000000000000000e+00
6.693479687500000000e+04,7.417408593750000000e+04,9.059349218750000000e+04,9.972422656250000000e+04,7.802300781250000000e+04,4.328239453125000000e+04,7.488372070312500000e+03,1.511141601562500000e+03
6.744678906250000000e+04,7.447639843750000000e+04,8.857017968750000000e+04,1.040912265625000000e+05,8.383552343750000000e+04,5.290767578125000000e+04,8.489172851562500000e+03,2.608514648437500000e+03
6.701925781250000000e+04,7.393069531250000000e+04,8.727489062500000000e+04,1.049143750000000000e+05,8.485688281250000000e+04,5.425049218750000000e+04,8.616652343750000000e+03,2.728450195312500000e+03
6.641994531250000000e+04,7.333987500000000000e+04,8.676910156250000000e+04,1.039115234375000000e+05,8.356274218750000000e+04,5.224272656250000000e+04,8.274042968750000000e+03,2.334286621093750000e+03
6.593846875000000000e+04,7.288825781250000000e+04,8.602781250000000000e+04,1.039630390625000000e+05,8.360676562500000000e+04,5.218125390625000000e+04,8.294007812500000000e+03,2.370363281250000000e+03
6.528529687500000000e+04,7.237162500000000000e+04,8.531761718750000000e+04,1.037715859375000000e+05,8.331592968750000000e+04,5.173119921875000000e+04,8.205519531250000000e+03,2.294610351562500000e+03
6.437787109375000000e+04,7.178914062500000000e+04,8.400544531250000000e+04,1.049260859375000000e+05,8.481120312500000000e+04,5.394488281250000000e+04,8.513599609375000000e+03,2.603339355468750000e+03
6.397605859375000000e+04,7.149957812500000000e+04,8.325370312500000000e+04,1.058408046875000000e+05,8.598270312500000000e+04,5.574878906250000000e+04,8.814979492187500000e+03,2.898881347656250000e+03
6.387321093750000000e+04,7.147825000000000000e+04,8.290285156250000000e+04,1.068375156250000000e+05,8.751717968750000000e+04,5.737184765625000000e+04,9.064711914062500000e+03,3.091171630859375000e+03
6.169037890625000000e+04,6.945860156250000000e+04,8.152258593750000000e+04,1.021482812500000000e+05,8.096847656250000000e+04,4.834247656250000000e+04,7.597602050781250000e+03,1.438901611328125000e+03
6.040519531250000000e+04,6.806301562500000000e+04,7.945879687500000000e+04,1.020402578125000000e+05,8.071436718750000000e+04,4.844958593750000000e+04,7.599359375000000000e+03,1.449637084960937500e+03
1.883080000000000000e+05,2.096436250000000000e+05,2.301713125000000000e+05,2.427239531250000000e+05,1.497237812500000000e+05,8.008287500000000000e+04,3.058976171875000000e+04,0.000000000000000000e+00
1.918698906250000000e+05,2.158602656250000000e+05,2.350786406250000000e+05,2.482293906250000000e+05,2.101007656250000000e+05,1.092693437500000000e+05,4.922149609375000000e+04,3.903602539062500000e+03
1.930500468750000000e+05,2.180605312500000000e+05,2.365282500000000000e+05,2.522146875000000000e+05,2.493320937500000000e+05,1.218262656250000000e+05,5.734266015625000000e+04,9.837095703125000000e+03
1.921883281250000000e+05,2.174157500000000000e+05,2.356155000000000000e+05,2.524080937500000000e+05,2.578129687500000000e+05,1.236244140625000000e+05,5.843330078125000000e+04,1.073416406250000000e+04
1.908710156250000000e+05,2.163811718750000000e+05,2.347946875000000000e+05,2.516518125000000000e+05,2.527165781250000000e+05,1.204673359375000000e+05,5.578013281250000000e+04,8.053592773437500000e+03
1.898736718750000000e+05,2.160112968750000000e+05,2.346002812500000000e+05,2.522355312500000000e+05,2.552608593750000000e+05,1.204568984375000000e+05,5.584807812500000000e+04,8.235592773437500000e+03
1.874083750000000000e+05,2.145299062500000000e+05,2.333797187500000000e+05,2.514043125000000000e+05,2.537135781250000000e+05,1.197756953125000000e+05,5.526366406250000000e+04,7.741700683593750000e+03
1.841225156250000000e+05,2.127571875000000000e+05,2.318657031250000000e+05,2.511349843750000000e+05,2.622944062500000000e+05,1.229974765625000000e+05,5.764846875000000000e+04,9.829016601562500000e+03
1.818820468750000000e+05,2.109313125000000000e+05,2.300884531250000000e+05,2.498220312500000000e+05,2.649735312500000000e+05,1.257671484375000000e+05,5.989839062500000000e+04,1.203437695312500000e+04
1.838996718750000000e+05,2.134840000000000000e+05,2.333889218750000000e+05,2.549276406250000000e+05,2.802332500000000000e+05,1.282576250000000000e+05,6.179029296875000000e+04,1.367077734375000000e+04
1.732910937500000000e+05,2.028667656250000000e+05,2.222774062500000000e+05,2.403677656250000000e+05,2.352966093750000000e+05,1.142560312500000000e+05,5.045455078125000000e+04,3.690606689453125000e+03
1.666387187500000000e+05,1.956785000000000000e+05,2.145536718750000000e+05,2.320030312500000000e+05,2.264887812500000000e+05,1.143655468750000000e+05,5.045631250000000000e+04,3.732673339843750000e+03
4.070322265625000000e+04,4.753365234375000000e+04,6.298453906250000000e+04,5.147028906250000000e+04,4.246270312500000000e+04,1.592390527343750000e+04,1.183881103515625000e+03,0.000000000000000000e+00
4.169959375000000000e+04,4.763739453125000000e+04,6.144201562500000000e+04,5.809026171875000000e+04,4.593530078125000000e+04,3.428628906250000000e+04,3.292478759765625000e+03,3.833232116699218750e+02
4.199403125000000000e+04,4.752570703125000000e+04,6.027369531250000000e+04,6.215782031250000000e+04,4.742277343750000000e+04,3.982645312500000000e+04,5.426312011718750000e+03,5.554563598632812500e+02
4.171180078125000000e+04,4.707203906250000000e+04,5.941565234375000000e+04,6.327079296875000000e+04,4.756965234375000000e+04,4.034397656250000000e+04,5.796289062500000000e+03,5.781902465820312500e+02
4.131234765625000000e+04,4.664866406250000000e+04,5.904337109375000000e+04,6.239780468750000000e+04,4.702378515625000000e+04,3.936332031250000000e+04,5.070271484375000000e+03,5.054716186523437500e+02
4.100334765625000000e+04,4.625248828125000000e+04,5.848776953125000000e+04,6.258179687500000000e+04,4.694511328125000000e+04,3.931512109375000000e+04,5.060917480468750000e+03,5.133144531250000000e+02
4.066137890625000000e+04,4.583214843750000000e+04,5.796886718750000000e+04,6.257096484375000000e+04,4.683273046875000000e+04,3.909353125000000000e+04,4.905115722656250000e+03,5.022615661621093750e+02
4.023678906250000000e+04,4.528798046875000000e+04,5.696216406250000000e+04,6.415201171875000000e+04,4.727650781250000000e+04,4.007168359375000000e+04,5.600513671875000000e+03,5.553521728515625000e+02
4.008306250000000000e+04,4.506138671875000000e+04,5.641130078125000000e+04,6.547740625000000000e+04,4.776227734375000000e+04,4.084963671875000000e+04,6.294437011718750000e+03,6.121311645507812500e+02
3.990051953125000000e+04,4.480404687500000000e+04,5.586292968750000000e+04,6.633264062500000000e+04,4.799434375000000000e+04,4.134095703125000000e+04,6.977371093750000000e+03,6.466495361328125000e+02
3.882988281250000000e+04,4.386139843750000000e+04,5.545697265625000000e+04,6.247602734375000000e+04,4.606474609375000000e+04,3.724078515625000000e+04,3.825579345703125000e+03,3.689398803710937500e+02
3.828132812500000000e+04,4.315016796875000000e+04,5.427222265625000000e+04,6.367049218750000000e+04,4.621789843750000000e+04,3.726657812500000000e+04,3.819643310546875000e+03,3.693839721679687500e+02
1.772083281250000000e+05,2.051858906250000000e+05,2.666620937500000000e+05,2.546037500000000000e+05,1.810392187500000000e+05,5.327992968750000000e+04,6.794395019531250000e+03,0.000000000000000000e+00
1.817144062500000000e+05,2.076557656250000000e+05,2.590761093750000000e+05,2.764718750000000000e+05,2.179737343750000000e+05,1.212196484375000000e+05,1.523498925781250000e+04,6.942888183593750000e+02
1.831547031250000000e+05,2.079558750000000000e+05,2.542985625000000000e+05,2.891948750000000000e+05,2.360802187500000000e+05,1.481312656250000000e+05,2.059612695312500000e+04,1.520746948242187500e+03
1.819516406250000000e+05,2.061918281250000000e+05,2.507077968750000000e+05,2.917650312500000000e+05,2.393552656250000000e+05,1.515861093750000000e+05,2.152908984375000000e+04,1.654904785156250000e+03
1.802920468750000000e+05,2.045311562500000000e+05,2.493145312500000000e+05,2.889450625000000000e+05,2.355966875000000000e+05,1.462812656250000000e+05,1.963259179687500000e+04,1.260199462890625000e+03
1.790450937500000000e+05,2.030579843750000000e+05,2.471905156250000000e+05,2.892306250000000000e+05,2.358830156250000000e+05,1.461033593750000000e+05,1.961861328125000000e+04,1.287521728515625000e+03
1.774624062500000000e+05,2.012694843750000000e+05,2.450424375000000000e+05,2.887149375000000000e+05,2.350012812500000000e+05,1.448705781250000000e+05,1.922899414062500000e+04,1.220226928710937500e+03
1.757509843750000000e+05,1.988784843750000000e+05,2.409276093750000000e+05,2.921028437500000000e+05,2.395608906250000000e+05,1.506879062500000000e+05,2.100103515625000000e+04,1.520306030273437500e+03
1.749360468750000000e+05,1.975726718750000000e+05,2.384549687500000000e+05,2.945856562500000000e+05,2.428466875000000000e+05,1.552472656250000000e+05,2.281185742187500000e+04,1.852259277343750000e+03
1.750904375000000000e+05,1.973526406250000000e+05,2.374338593750000000e+05,2.975425312500000000e+05,2.479640468750000000e+05,1.593722656250000000e+05,2.465801757812500000e+04,2.121142089843750000e+03
1.688421718750000000e+05,1.915041406250000000e+05,2.334487500000000000e+05,2.839639375000000000e+05,2.275743437500000000e+05,1.355758125000000000e+05,1.637992773437500000e+04,6.607405395507812500e+02
1.650933906250000000e+05,1.868326718750000000e+05,2.269473125000000000e+05,2.833081875000000000e+05,2.262928750000000000e+05,1.358507187500000000e+05,1.636783593750000000e+04,6.657864379882812500e+02
6.628171093750000000e+04,7.642599218750000000e+04,9.142298437500000000e+04,9.931118750000000000e+04,6.499731640625000000e+04,2.192090234375000000e+04,4.245403808593750000e+03,0.000000000000000000e+00
6.794923437500000000e+04,7.740115625000000000e+04,9.171409375000000000e+04,1.046933750000000000e+05,8.274555468750000000e+04,3.577424218750000000e+04,9.188344726562500000e+03,7.687402954101562500e+02
6.849006250000000000e+04,7.754610156250000000e+04,9.141447656250000000e+04,1.066167968750000000e+05,9.098650000000000000e+04,4.529648437500000000e+04,1.228794628906250000e+04,1.423930175781250000e+03
6.806196093750000000e+04,7.692594531250000000e+04,9.059554687500000000e+04,1.064042265625000000e+05,9.255322656250000000e+04,4.697256250000000000e+04,1.277193554687500000e+04,1.516765991210937500e+03
6.747868750000000000e+04,7.633688281250000000e+04,9.008064062500000000e+04,1.058083828125000000e+05,9.093960156250000000e+04,4.469586328125000000e+04,1.175504101562500000e+04,1.232307128906250000e+03
6.703328906250000000e+04,7.582138281250000000e+04,8.956481250000000000e+04,1.055991406250000000e+05,9.109643750000000000e+04,4.465878906250000000e+04,1.175331250000000000e+04,1.255096923828125000e+03
6.639949218750000000e+04,7.516709375000000000e+04,8.898040625000000000e+04,1.052459218750000000e+05,9.072845312500000000e+04,4.415643750000000000e+04,1.153129296875000000e+04,1.205012573242187500e+03
6.561175000000000000e+04,7.431755468750000000e+04,8.802607812500000000e+04,1.048345468750000000e+05,9.279682031250000000e+04,4.677743359375000000e+04,1.248921875000000000e+04,1.422785156250000000e+03
6.521264453125000000e+04,7.382055468750000000e+04,8.738809375000000000e+04,1.042929843750000000e+05,9.429584375000000000e+04,4.899726562500000000e+04,1.341150781250000000e+04,1.652190795898437500e+03
6.530383984375000000e+04,7.384491406250000000e+04,8.734846093750000000e+04,1.044504765625000000e+05,9.659335156250000000e+04,5.123575000000000000e+04,1.425419921875000000e+04,1.820441162109375000e+03
6.281233984375000000e+04,7.149118750000000000e+04,8.532601562500000000e+04,1.022468046875000000e+05,8.763085937500000000e+04,4.056388281250000000e+04,9.878173828125000000e+03,7.340859375000000000e+02
6.125444921875000000e+04,6.963223437500000000e+04,8.309972656250000000e+04,9.997927343750000000e+04,8.710556250000000000e+04,4.070538671875000000e+04,9.871275390625000000e+03,7.383084716796875000e+02
2.094605781250000000e+05,2.497711718750000000e+05,2.834600937500000000e+05,2.545033281250000000e+05,2.004159687500000000e+05,1.150299843750000000e+05,1.473725000000000000e+04,0.000000000000000000e+00
2.132868593750000000e+05,2.499162500000000000e+05,2.939639687500000000e+05,2.748612812500000000e+05,2.241544687500000000e+05,1.547727031250000000e+05,4.207228125000000000e+04,1.482493041992187500e+03
2.141909218750000000e+05,2.489545468750000000e+05,2.965324687500000000e+05,2.831025000000000000e+05,2.328893906250000000e+05,1.712024375000000000e+05,6.294136328125000000e+04,3.578933349609375000e+03
2.128002656250000000e+05,2.466996718750000000e+05,2.953156562500000000e+05,2.840482500000000000e+05,2.339497656250000000e+05,1.737023281250000000e+05,6.626232812500000000e+04,3.899698730468750000e+03
2.107320625000000000e+05,2.446100468750000000e+05,2.933540000000000000e+05,2.815867500000000000e+05,2.310673281250000000e+05,1.692677968750000000e+05,5.958125390625000000e+04,2.945548339843750000e+03
2.090485781250000000e+05,2.425029218750000000e+05,2.920886250000000000e+05,2.813562812500000000e+05,2.307733437500000000e+05,1.691926875000000000e+05,5.948439843750000000e+04,3.009417480468750000e+03
2.068260156250000000e+05,2.399848281250000000e+05,2.906395000000000000e+05,2.807898750000000000e+05,2.302025312500000000e+05,1.682353125000000000e+05,5.807541406250000000e+04,2.836759765625000000e+03
2.042974531250000000e+05,2.365215468750000000e+05,2.888879687500000000e+05,2.828300937500000000e+05,2.327737500000000000e+05,1.727498125000000000e+05,6.444644531250000000e+04,3.575124755859375000e+03
2.033733125000000000e+05,2.349236250000000000e+05,2.878947187500000000e+05,2.847998125000000000e+05,2.355787500000000000e+05,1.767759062500000000e+05,7.041182031250000000e+04,4.366252441406250000e+03
2.024094843750000000e+05,2.333097968750000000e+05,2.865215625000000000e+05,2.860208750000000000e+05,2.368273437500000000e+05,1.804793906250000000e+05,7.570070312500000000e+04,4.999223632812500000e+03
1.968498125000000000e+05,2.284133906250000000e+05,2.822135000000000000e+05,2.768059687500000000e+05,2.263605937500000000e+05,1.607772500000000000e+05,4.719795312500000000e+04,1.401487182617187500e+03
1.939923906250000000e+05,2.244243281250000000e+05,2.783536250000000000e+05,2.768324062500000000e+05,2.272388750000000000e+05,1.608320000000000000e+05,4.714283203125000000e+04,1.417793823242187500e+03
2.103163125000000000e+05,2.472629218750000000e+05,2.703850312500000000e+05,2.561561093750000000e+05,1.953924375000000000e+05,1.073488671875000000e+05,2.232763085937500000e+04,0.000000000000000000e+00
2.136808593750000000e+05,2.493345312500000000e+05,2.792183437500000000e+05,2.737236562500000000e+05,2.236663125000000000e+05,1.449278281250000000e+05,5.198560546875000000e+04,1.942117309570312500e+03
2.144181718750000000e+05,2.491110937500000000e+05,2.821377500000000000e+05,2.808742500000000000e+05,2.354384843750000000e+05,1.624694531250000000e+05,6.945112500000000000e+04,5.441047851562500000e+03
2.130439218750000000e+05,2.471906093750000000e+05,2.813050000000000000e+05,2.816291250000000000e+05,2.372302656250000000e+05,1.649710312500000000e+05,7.197567187500000000e+04,6.003280273437500000e+03
2.109980937500000000e+05,2.452152656250000000e+05,2.794742187500000000e+05,2.793601250000000000e+05,2.340743750000000000e+05,1.606290625000000000e+05,6.661375000000000000e+04,4.353198242187500000e+03
2.092896250000000000e+05,2.433836406250000000e+05,2.785723125000000000e+05,2.791701250000000000e+05,2.340235312500000000e+05,1.605816406250000000e+05,6.658250781250000000e+04,4.458072265625000000e+03
2.068615937500000000e+05,2.410495156250000000e+05,2.774244062500000000e+05,2.785658750000000000e+05,2.333571406250000000e+05,1.596193281250000000e+05,6.543449218750000000e+04,4.161679199218750000e+03
2.040529687500000000e+05,2.379110625000000000e+05,2.765477187500000000e+05,2.801227812500000000e+05,2.365680625000000000e+05,1.640987656250000000e+05,7.048494531250000000e+04,5.437339843750000000e+03
2.029254218750000000e+05,2.363658437500000000e+05,2.761327187500000000e+05,2.814778125000000000e+05,2.395153437500000000e+05,1.679101718750000000e+05,7.510614843750000000e+04,6.823017578125000000e+03
2.021580000000000000e+05,2.351569531250000000e+05,2.757665000000000000e+05,2.826212187500000000e+05,2.419808281250000000e+05,1.717628906250000000e+05,7.902750781250000000e+04,7.923300292968750000e+03
1.960873750000000000e+05,2.296791406250000000e+05,2.701346875000000000e+05,2.737857500000000000e+05,2.282743437500000000e+05,1.520626093750000000e+05,5.607536328125000000e+04,1.828486694335937500e+03
1.928583906250000000e+05,2.254719375000000000e+05,2.668369375000000000e+05,2.726583437500000000e+05,2.284068906250000000e+05,1.521835312500000000e+05,5.603542968750000000e+04,1.853848266601562500e+03
1.794052187500000000e+05,2.144063437500000000e+05,2.291854375000000000e+05,2.374014531250000000e+05,1.612436562500000000e+05,8.378781250000000000e+04,1.656146679687500000e+04,0.000000000000000000e+00
1.829110000000000000e+05,2.159621093750000000e+05,2.359480156250000000e+05,2.465854375000000000e+05,2.034309843750000000e+05,1.104630156250000000e+05,4.633746484375000000e+04,1.492278686523437500e+03
1.839400312500000000e+05,2.154432968750000000e+05,2.382409062500000000e+05,2.493915312500000000e+05,2.247274218750000000e+05,1.241966250000000000e+05,5.851029296875000000e+04,3.503499511718750000e+03
1.828995937500000000e+05,2.136604687500000000e+05,2.375632656250000000e+05,2.488132031250000000e+05,2.288667500000000000e+05,1.266382812500000000e+05,6.008510546875000000e+04,3.827349609375000000e+03
1.813505625000000000e+05,2.120858750000000000e+05,2.362187343750000000e+05,2.475874218750000000e+05,2.250322187500000000e+05,1.227670625000000000e+05,5.653025781250000000e+04,2.874451904296875000e+03
1.801452968750000000e+05,2.105060937500000000e+05,2.357195312500000000e+05,2.473206718750000000e+05,2.257732500000000000e+05,1.227401484375000000e+05,5.653863671875000000e+04,2.938634765625000000e+03
1.781890468750000000e+05,2.082171718750000000e+05,2.347757812500000000e+05,2.465340468750000000e+05,2.248334843750000000e+05,1.219250156250000000e+05,5.576237500000000000e+04,2.772795166015625000e+03
1.758465937500000000e+05,2.049308750000000000e+05,2.341900312500000000e+05,2.461359687500000000e+05,2.299699375000000000e+05,1.260432500000000000e+05,5.906894531250000000e+04,3.501920166015625000e+03
1.746032187500000000e+05,2.029735937500000000e+05,2.336963593750000000e+05,2.456327968750000000e+05,2.331085468750000000e+05,1.298111953125000000e+05,6.204626171875000000e+04,4.302060058593750000e+03
1.749204843750000000e+05,2.027730937500000000e+05,2.349164062500000000e+05,2.473702187500000000e+05,2.396666250000000000e+05,1.336523750000000000e+05,6.447522656250000000e+04,4.954287109375000000e+03
1.679872500000000000e+05,1.962302968750000000e+05,2.274997968750000000e+05,2.392037968750000000e+05,2.158693750000000000e+05,1.157533359375000000e+05,4.918013671875000000e+04,1.415966064453125000e+03
1.638201562500000000e+05,1.908045156250000000e+05,2.233314375000000000e+05,2.344382656250000000e+05,2.133406562500000000e+05,1.158672968750000000e+05,4.914594531250000000e+04,1.429205932617187500e+03
5.694260937500000000e+04,6.572602343750000000e+04,7.125178906250000000e+04,7.411307812500000000e+04,5.231762500000000000e+04,2.681288281250000000e+04,6.506028808593750000e+03,0.000000000000000000e+00
5.813476953125000000e+04,6.637917187500000000e+04,7.396756250000000000e+04,7.739233593750000000e+04,6.314573828125000000e+04,3.460665625000000000e+04,1.356879296875000000e+04,1.466923217773437500e+03
5.846377343750000000e+04,6.641333593750000000e+04,7.509876562500000000e+04,7.811671875000000000e+04,6.756552343750000000e+04,3.922817968750000000e+04,1.837030078125000000e+04,2.557894775390625000e+03
5.812105859375000000e+04,6.592549218750000000e+04,7.497516406250000000e+04,7.782917968750000000e+04,6.833642968750000000e+04,4.011259375000000000e+04,1.905766406250000000e+04,2.700523681640625000e+03
5.762441015625000000e+04,6.540676953125000000e+04,7.448480468750000000e+04,7.739417968750000000e+04,6.729932031250000000e+04,3.876735156250000000e+04,1.758380664062500000e+04,2.252120361328125000e+03
5.721851562500000000e+04,6.495814062500000000e+04,7.430496875000000000e+04,7.720203125000000000e+04,6.731788281250000000e+04,3.875767968750000000e+04,1.758560351562500000e+04,2.291399902343750000e+03
5.661102343750000000e+04,6.438730078125000000e+04,7.404918750000000000e+04,7.696363281250000000e+04,6.710350000000000000e+04,3.848462890625000000e+04,1.724719921875000000e+04,2.211246582031250000e+03
5.569900390625000000e+04,6.365589843750000000e+04,7.391950781250000000e+04,7.676846093750000000e+04,6.827217968750000000e+04,3.993391406250000000e+04,1.865105273437500000e+04,2.555667236328125000e+03
5.528066796875000000e+04,6.327526171875000000e+04,7.381041406250000000e+04,7.665148437500000000e+04,6.927883593750000000e+04,4.127161718750000000e+04,1.992790039062500000e+04,2.907539550781250000e+03
5.507313281250000000e+04,6.308110546875000000e+04,7.380873437500000000e+04,7.673968750000000000e+04,7.030460156250000000e+04,4.265766015625000000e+04,2.096526757812500000e+04,3.150688476562500000e+03
5.328617578125000000e+04,6.145285937500000000e+04,7.210546875000000000e+04,7.508123437500000000e+04,6.541010937500000000e+04,3.640707421875000000e+04,1.469520703125000000e+04,1.402830566406250000e+03
5.226323828125000000e+04,6.024382031250000000e+04,7.106466406250000000e+04,7.398881250000000000e+04,6.540020312500000000e+04,3.645267968750000000e+04,1.468424316406250000e+04,1.409658203125000000e+03
1.094579765625000000e+05,1.263366953125000000e+05,1.484284687500000000e+05,1.740076250000000000e+05,1.178051015625000000e+05,3.619261718750000000e+04,7.556300781250000000e+03,0.000000000000000000e+00
1.118568046875000000e+05,1.279462578125000000e+05,1.492948437500000000e+05,1.796505625000000000e+05,1.377967031250000000e+05,5.256219531250000000e+04,1.643871484375000000e+04,8.552728271484375000e+02
1.125167812500000000e+05,1.280702421875000000e+05,1.488610937500000000e+05,1.773559843750000000e+05,1.437650000000000000e+05,6.538657812500000000e+04,2.143908007812500000e+04,2.002872680664062500e+03
1.116840703125000000e+05,1.269600625000000000e+05,1.474962031250000000e+05,1.751055781250000000e+05,1.446422968750000000e+05,6.853009375000000000e+04,2.219787890625000000e+04,2.175207031250000000e+03
1.105450546875000000e+05,1.258274609375000000e+05,1.464593125000000000e+05,1.744536250000000000e+05,1.424874531250000000e+05,6.449616406250000000e+04,2.058356640625000000e+04,1.659068725585937500e+03
1.096041250000000000e+05,1.247986796875000000e+05,1.454550468750000000e+05,1.733136875000000000e+05,1.420749218750000000e+05,6.445823828125000000e+04,2.058003125000000000e+04,1.695002807617187500e+03
1.085581171875000000e+05,1.237381484375000000e+05,1.445909843750000000e+05,1.725303750000000000e+05,1.416788750000000000e+05,6.364112890625000000e+04,2.023536523437500000e+04,1.601094238281250000e+03
1.073934375000000000e+05,1.223891406250000000e+05,1.433025312500000000e+05,1.703771562500000000e+05,1.437077031250000000e+05,6.835271875000000000e+04,2.174519531250000000e+04,2.001233520507812500e+03
1.070205156250000000e+05,1.218369218750000000e+05,1.427168593750000000e+05,1.690595468750000000e+05,1.461946562500000000e+05,7.290776562500000000e+04,2.318298632812500000e+04,2.425487548828125000e+03
1.064448359375000000e+05,1.210540000000000000e+05,1.418253906250000000e+05,1.675600000000000000e+05,1.467989687500000000e+05,7.829537500000000000e+04,2.448229296875000000e+04,2.757828613281250000e+03
1.037075859375000000e+05,1.186452890625000000e+05,1.400799062500000000e+05,1.680375468750000000e+05,1.400632343750000000e+05,5.820703906250000000e+04,1.753474023437500000e+04,8.105750732421875000e+02
1.022918515625000000e+05,1.167931328125000000e+05,1.380159062500000000e+05,1.650429062500000000e+05,1.422526718750000000e+05,5.840454687500000000e+04,1.752418164062500000e+04,8.186920166015625000e+02
5.978263125000000000e+05,6.821255625000000000e+05,7.929520000000000000e+05,7.234766250000000000e+05,5.640720000000000000e+05,2.531993437500000000e+05,7.602887500000000000e+04,0.000000000000000000e+00
6.074491875000000000e+05,6.955457500000000000e+05,7.896587500000000000e+05,7.956118750000000000e+05,6.384008750000000000e+05,4.192629687500000000e+05,1.346685781250000000e+05,7.180978027343750000e+03
6.095554375000000000e+05,6.986158125000000000e+05,7.853228125000000000e+05,8.355690000000000000e+05,6.711527500000000000e+05,4.944074062500000000e+05,1.614805625000000000e+05,1.975151367187500000e+04
6.055431875000000000e+05,6.944293125000000000e+05,7.788039375000000000e+05,8.438178750000000000e+05,6.760891250000000000e+05,5.036256250000000000e+05,1.652173125000000000e+05,2.168987500000000000e+04
5.996757500000000000e+05,6.890751250000000000e+05,7.739451875000000000e+05,8.349860000000000000e+05,6.673113750000000000e+05,4.885775312500000000e+05,1.565996562500000000e+05,1.593878515625000000e+04
5.946578750000000000e+05,6.849705000000000000e+05,7.695916250000000000e+05,8.359979375000000000e+05,6.672141875000000000e+05,4.882818750000000000e+05,1.567056875000000000e+05,1.631383593750000000e+04
5.876333125000000000e+05,6.796608125000000000e+05,7.650233750000000000e+05,8.348873125000000000e+05,6.653143125000000000e+05,4.848074375000000000e+05,1.548673281250000000e+05,1.525443554687500000e+04
5.793473750000000000e+05,6.729401875000000000e+05,7.586793750000000000e+05,8.449189375000000000e+05,6.741591250000000000e+05,5.008466250000000000e+05,1.627105312500000000e+05,1.973418945312500000e+04
5.760675625000000000e+05,6.694741875000000000e+05,7.556045625000000000e+05,8.517995000000000000e+05,6.819606875000000000e+05,5.134036250000000000e+05,1.700594218750000000e+05,2.450081835937500000e+04
5.739346250000000000e+05,6.667569375000000000e+05,7.534710000000000000e+05,8.569006875000000000e+05,6.894055000000000000e+05,5.233576250000000000e+05,1.763383281250000000e+05,2.828656835937500000e+04
5.564801250000000000e+05,6.509199375000000000e+05,7.399161250000000000e+05,8.245129375000000000e+05,6.502840000000000000e+05,4.572595312500000000e+05,1.394822500000000000e+05,6.761824707031250000e+03
5.473077500000000000e+05,6.396567500000000000e+05,7.285093125000000000e+05,8.253947500000000000e+05,6.501317500000000000e+05,4.580806875000000000e+05,1.394593906250000000e+05,6.854858886718750000e+03
1.356929375000000000e+05,1.558980468750000000e+05,1.915553906250000000e+05,2.228360937500000000e+05,1.426196406250000000e+05,3.750321875000000000e+04,5.942466796875000000e+03,0.000000000000000000e+00
1.393764687500000000e+05,1.577411250000000000e+05,1.910473593750000000e+05,2.338149843750000000e+05,1.791041406250000000e+05,6.282212500000000000e+04,1.310142968750000000e+04,1.419539428710937500e+03
1.405866562500000000e+05,1.579981718750000000e+05,1.896594843750000000e+05,2.326632968750000000e+05,1.944525937500000000e+05,8.188675781250000000e+04,1.837098242187500000e+04,2.308078125000000000e+03
1.396437500000000000e+05,1.566172968750000000e+05,1.875716406250000000e+05,2.301805156250000000e+05,1.972426718750000000e+05,8.633602343750000000e+04,1.924754492187500000e+04,2.430052001953125000e+03
1.383802968750000000e+05,1.553199062500000000e+05,1.864281250000000000e+05,2.294187812500000000e+05,1.937982187500000000e+05,8.071290625000000000e+04,1.745347460937500000e+04,2.049565673828125000e+03
1.374247968750000000e+05,1.541627656250000000e+05,1.850851562500000000e+05,2.282152968750000000e+05,1.937633906250000000e+05,8.063613281250000000e+04,1.744640234375000000e+04,2.084398925781250000e+03
1.362630156250000000e+05,1.528785937500000000e+05,1.837721875000000000e+05,2.271790937500000000e+05,1.930423593750000000e+05,7.948035937500000000e+04,1.705318164062500000e+04,2.020998291015625000e+03
1.348351250000000000e+05,1.512697656250000000e+05,1.814621250000000000e+05,2.244872187500000000e+05,1.971470468750000000e+05,8.611418750000000000e+04,1.875402343750000000e+04,2.307003662109375000e+03
1.341919218750000000e+05,1.504376406250000000e+05,1.800433593750000000e+05,2.224936562500000000e+05,2.007527968750000000e+05,9.235300781250000000e+04,2.043042187500000000e+04,2.609544921875000000e+03
1.341169062500000000e+05,1.502198437500000000e+05,1.793737968750000000e+05,2.215861718750000000e+05,2.043026562500000000e+05,9.946264062500000000e+04,2.201637304687500000e+04,2.816509765625000000e+03
1.295316250000000000e+05,1.459490468750000000e+05,1.761851718750000000e+05,2.200680625000000000e+05,1.880810937500000000e+05,7.181570312500000000e+04,1.428851855468750000e+04,1.361662963867187500e+03
1.266250234375000000e+05,1.424833437500000000e+05,1.716253750000000000e+05,2.144580625000000000e+05,1.883635468750000000e+05,7.211903125000000000e+04,1.427582421875000000e+04,1.365925292968750000e+03
1.087220250000000000e+06,1.290960750000000000e+06,1.595917625000000000e+06,1.586478750000000000e+06,1.088327500000000000e+06,4.607023437500000000e+05,9.926961914062500000e+03,0.000000000000000000e+00
1.114907375000000000e+06,1.287559375000000000e+06,1.625362500000000000e+06,1.662596750000000000e+06,1.342119625000000000e+06,7.237815000000000000e+05,8.685225000000000000e+04,8.893087158203125000e+02
1.123768250000000000e+06,1.283443750000000000e+06,1.628738875000000000e+06,1.687786875000000000e+06,1.456899625000000000e+06,8.259570000000000000e+05,1.867513906250000000e+05,2.073493652343750000e+03
1.116439625000000000e+06,1.270967500000000000e+06,1.616766750000000000e+06,1.691169125000000000e+06,1.477602000000000000e+06,8.408121875000000000e+05,2.043644375000000000e+05,2.258394775390625000e+03
1.106328125000000000e+06,1.260437500000000000e+06,1.607103875000000000e+06,1.678401500000000000e+06,1.453457875000000000e+06,8.164415625000000000e+05,1.708714218750000000e+05,1.710445190429687500e+03
1.098851625000000000e+06,1.250101750000000000e+06,1.597929000000000000e+06,1.677250125000000000e+06,1.454796000000000000e+06,8.157041875000000000e+05,1.700630000000000000e+05,1.748117553710937500e+03
1.089269125000000000e+06,1.237772500000000000e+06,1.587400625000000000e+06,1.673103625000000000e+06,1.449381000000000000e+06,8.109723125000000000e+05,1.631370625000000000e+05,1.651432617187500000e+03
1.079485125000000000e+06,1.221138625000000000e+06,1.569043500000000000e+06,1.681639250000000000e+06,1.478703875000000000e+06,8.361199375000000000e+05,1.955022031250000000e+05,2.072397949218750000e+03
1.074843375000000000e+06,1.212349125000000000e+06,1.555709250000000000e+06,1.688279000000000000e+06,1.501501375000000000e+06,8.622200625000000000e+05,2.263543437500000000e+05,2.528572021484375000e+03
1.075696875000000000e+06,1.210048875000000000e+06,1.548745375000000000e+06,1.700020250000000000e+06,1.531038625000000000e+06,8.907382500000000000e+05,2.545377500000000000e+05,2.900445312500000000e+03
1.037959375000000000e+06,1.174929000000000000e+06,1.522485500000000000e+06,1.637746125000000000e+06,1.406155500000000000e+06,7.726423125000000000e+05,1.126549375000000000e+05,8.436406250000000000e+02
1.014690750000000000e+06,1.145443125000000000e+06,1.482687250000000000e+06,1.622070250000000000e+06,1.400313375000000000e+06,7.731041250000000000e+05,1.123644218750000000e+05,8.515708618164062500e+02
9.845481250000000000e+04,1.033751406250000000e+05,1.055426875000000000e+05,1.123226718750000000e+05,8.084541406250000000e+04,4.531840234375000000e+04,2.486680664062500000e+04,0.000000000000000000e+00
9.987699218750000000e+04,1.071694140625000000e+05,1.086587109375000000e+05,1.171129296875000000e+05,9.655082031250000000e+04,5.466205468750000000e+04,3.454815234375000000e+04,5.002003906250000000e+03
9.996850000000000000e+04,1.085628593750000000e+05,1.097502578125000000e+05,1.176078828125000000e+05,1.032279296875000000e+05,6.119029296875000000e+04,3.798491796875000000e+04,1.070956640625000000e+04
9.940088281250000000e+04,1.084305000000000000e+05,1.094869062500000000e+05,1.169702109375000000e+05,1.044144687500000000e+05,6.251550000000000000e+04,3.836160546875000000e+04,1.140701660156250000e+04
9.847696093750000000e+04,1.077394843750000000e+05,1.088070000000000000e+05,1.164250703125000000e+05,1.028891250000000000e+05,6.049894140625000000e+04,3.721418750000000000e+04,9.203731445312500000e+03
9.756251562500000000e+04,1.075443593750000000e+05,1.086035156250000000e+05,1.161401796875000000e+05,1.030032812500000000e+05,6.052681640625000000e+04,3.729210546875000000e+04,9.371503906250000000e+03
9.592397656250000000e+04,1.071602656250000000e+05,1.082670468750000000e+05,1.157599375000000000e+05,1.026749375000000000e+05,6.011962890625000000e+04,3.702318750000000000e+04,8.930438476562500000e+03
9.350257812500000000e+04,1.070424921875000000e+05,1.082378671875000000e+05,1.151822343750000000e+05,1.044168437500000000e+05,6.228692578125000000e+04,3.800011718750000000e+04,1.068630078125000000e+04
9.248256250000000000e+04,1.069665000000000000e+05,1.082812656250000000e+05,1.147430234375000000e+05,1.058145468750000000e+05,6.430778906250000000e+04,3.889970312500000000e+04,1.239461523437500000e+04
9.195985156250000000e+04,1.071034062500000000e+05,1.085998281250000000e+05,1.147338125000000000e+05,1.074881875000000000e+05,6.641979687500000000e+04,3.954330468750000000e+04,1.360265625000000000e+04
8.884352343750000000e+04,1.042257734375000000e+05,1.056688125000000000e+05,1.126666093750000000e+05,9.987282031250000000e+04,5.696440625000000000e+04,3.471992578125000000e+04,4.726992187500000000e+03
8.717184375000000000e+04,1.029632890625000000e+05,1.045137265625000000e+05,1.107304296875000000e+05,9.968801562500000000e+04,5.706394140625000000e+04,3.473639062500000000e+04,4.783067871093750000e+03
7.773863750000000000e+05,9.050983125000000000e+05,1.026269250000000000e+06,1.011310562500000000e+06,7.344976250000000000e+05,3.427546250000000000e+05,7.880296875000000000e+04,0.000000000000000000e+00
7.909893125000000000e+05,9.179992500000000000e+05,1.043466500000000000e+06,1.077567000000000000e+06,8.709669375000000000e+05,5.021198437500000000e+05,1.674077656250000000e+05,5.130988769531250000e+03
7.943836875000000000e+05,9.195713750000000000e+05,1.046093625000000000e+06,1.110738500000000000e+06,9.295741875000000000e+05,5.898865000000000000e+05,2.143082656250000000e+05,1.656274804687500000e+04
7.892373125000000000e+05,9.129989375000000000e+05,1.039495812500000000e+06,1.113546625000000000e+06,9.394501875000000000e+05,6.032955625000000000e+05,2.212950625000000000e+05,1.842500976562500000e+04
7.816731250000000000e+05,9.058585625000000000e+05,1.033075750000000000e+06,1.104924375000000000e+06,9.256261875000000000e+05,5.828091875000000000e+05,2.062725468750000000e+05,1.298072656250000000e+04
7.755405000000000000e+05,8.996091875000000000e+05,1.028233875000000000e+06,1.104048250000000000e+06,9.259080000000000000e+05,5.825249375000000000e+05,2.062413281250000000e+05,1.331830371093750000e+04
7.669153125000000000e+05,8.915256250000000000e+05,1.022645812500000000e+06,1.101394750000000000e+06,9.228954375000000000e+05,5.779368750000000000e+05,2.030874218750000000e+05,1.233239160156250000e+04
7.573223125000000000e+05,8.805804375000000000e+05,1.015383437500000000e+06,1.106146125000000000e+06,9.383540000000000000e+05,6.003143125000000000e+05,2.170522812500000000e+05,1.655523437500000000e+04
7.533418750000000000e+05,8.747196250000000000e+05,1.011427500000000000e+06,1.109577125000000000e+06,9.514260000000000000e+05,6.190121250000000000e+05,2.302361250000000000e+05,2.113718945312500000e+04
7.516364375000000000e+05,8.712532500000000000e+05,1.009790125000000000e+06,1.113007125000000000e+06,9.653066250000000000e+05,6.352446250000000000e+05,2.419953906250000000e+05,2.489668945312500000e+04
7.274156875000000000e+05,8.490507500000000000e+05,9.893268125000000000e+05,1.079939000000000000e+06,8.995265625000000000e+05,5.436804375000000000e+05,1.774561718750000000e+05,4.807694335937500000e+03
7.137516250000000000e+05,8.313455625000000000e+05,9.723792500000000000e+05,1.071510375000000000e+06,8.985120625000000000e+05,5.446208125000000000e+05,1.773632343750000000e+05,4.886864257812500000e+03
1.181210449218750000e+04,1.225099511718750000e+04,1.182772753906250000e+04,1.207421386718750000e+04,9.102124023437500000e+03,5.933480468750000000e+03,3.734824951171875000e+03,0.000000000000000000e+00
1.191347656250000000e+04,1.288879882812500000e+04,1.220424121093750000e+04,1.255966308593750000e+04,1.066176953125000000e+04,6.953849121093750000e+03,5.044935058593750000e+03,6.233288574218750000e+02
1.191229785156250000e+04,1.312922949218750000e+04,1.233938964843750000e+04,1.267797460937500000e+04,1.132304492187500000e+04,7.511810546875000000e+03,5.294761718750000000e+03,1.321494384765625000e+03
1.185159375000000000e+04,1.314830078125000000e+04,1.232387597656250000e+04,1.264621289062500000e+04,1.143887402343750000e+04,7.609743164062500000e+03,5.309178222656250000e+03,1.421887084960937500e+03
1.174784765625000000e+04,1.307182812500000000e+04,1.224771093750000000e+04,1.257645019531250000e+04,1.128517578125000000e+04,7.432545410156250000e+03,5.216354003906250000e+03,1.117454223632812500e+03
1.164290429687500000e+04,1.307231054687500000e+04,1.223691406250000000e+04,1.256192968750000000e+04,1.130168261718750000e+04,7.437789062500000000e+03,5.230630859375000000e+03,1.139484130859375000e+03
1.144693945312500000e+04,1.304576171875000000e+04,1.220837500000000000e+04,1.252909472656250000e+04,1.126922656250000000e+04,7.403479980468750000e+03,5.205910644531250000e+03,1.083802368164062500e+03
1.113604296875000000e+04,1.306590625000000000e+04,1.223704296875000000e+04,1.251508203125000000e+04,1.143899609375000000e+04,7.578592285156250000e+03,5.275208007812500000e+03,1.319840698242187500e+03
1.099938378906250000e+04,1.306194628906250000e+04,1.226794726562500000e+04,1.250573339843750000e+04,1.157003613281250000e+04,7.741057617187500000e+03,5.341229492187500000e+03,1.567406860351562500e+03
1.092177148437500000e+04,1.307204687500000000e+04,1.232775683593750000e+04,1.253472753906250000e+04,1.174121386718750000e+04,7.896629882812500000e+03,5.377413574218750000e+03,1.755619506835937500e+03
1.055777343750000000e+04,1.273268652343750000e+04,1.196365917968750000e+04,1.222919238281250000e+04,1.095886523437500000e+04,7.100581542968750000e+03,4.992758300781250000e+03,5.917026977539062500e+02
1.037213964843750000e+04,1.259473632812500000e+04,1.188555175781250000e+04,1.207759570312500000e+04,1.092688671875000000e+04,7.108212890625000000e+03,4.995483886718750000e+03,5.971940917968750000e+02
1.427833125000000000e+05,1.622059062500000000e+05,1.495999375000000000e+05,1.459642656250000000e+05,1.101823984375000000e+05,8.908273437500000000e+04,3.207891210937500000e+04,0.000000000000000000e+00
1.439243281250000000e+05,1.663168750000000000e+05,1.628831875000000000e+05,1.503199218750000000e+05,1.315892812500000000e+05,9.375504687500000000e+04,5.754309765625000000e+04,3.297705810546875000e+03
1.439324218750000000e+05,1.675041250000000000e+05,1.693188125000000000e+05,1.513659531250000000e+05,1.427848906250000000e+05,9.682080468750000000e+04,7.109208593750000000e+04,8.814123046875000000e+03
1.431527656250000000e+05,1.670255937500000000e+05,1.706719375000000000e+05,1.509674218750000000e+05,1.449218906250000000e+05,9.733400000000000000e+04,7.313907812500000000e+04,9.644242187500000000e+03
1.418810468750000000e+05,1.659910312500000000e+05,1.696227031250000000e+05,1.502853906250000000e+05,1.428782343750000000e+05,9.585978125000000000e+04,6.864649218750000000e+04,7.166741210937500000e+03
1.407137500000000000e+05,1.653872343750000000e+05,1.701486093750000000e+05,1.502699218750000000e+05,1.434444375000000000e+05,9.593106250000000000e+04,6.866720312500000000e+04,7.329793945312500000e+03
1.385151250000000000e+05,1.641339218750000000e+05,1.701320000000000000e+05,1.498620000000000000e+05,1.429241875000000000e+05,9.564190625000000000e+04,6.772514843750000000e+04,6.868192871093750000e+03
1.356981093750000000e+05,1.625407656250000000e+05,1.714424687500000000e+05,1.496735937500000000e+05,1.455698906250000000e+05,9.687753125000000000e+04,7.185595312500000000e+04,8.804019531250000000e+03
1.343789531250000000e+05,1.614663437500000000e+05,1.719171406250000000e+05,1.494271562500000000e+05,1.469694062500000000e+05,9.813716406250000000e+04,7.564067968750000000e+04,1.084484960937500000e+04
1.341041406250000000e+05,1.612869375000000000e+05,1.730932031250000000e+05,1.505595468750000000e+05,1.506319375000000000e+05,9.927807031250000000e+04,7.855170312500000000e+04,1.245172070312500000e+04
1.291139375000000000e+05,1.566075000000000000e+05,1.673017031250000000e+05,1.455104375000000000e+05,1.373239062500000000e+05,9.292778125000000000e+04,6.011666406250000000e+04,3.104601074218750000e+03
1.264592265625000000e+05,1.535227031250000000e+05,1.658295468750000000e+05,1.429643437500000000e+05,1.355577656250000000e+05,9.290112500000000000e+04,6.010218750000000000e+04,3.147958984375000000e+03
8.225786718750000000e+04,9.370186718750000000e+04,1.139421562500000000e+05,1.220410156250000000e+05,8.216209375000000000e+04,2.635583007812500000e+04,6.513852539062500000e+03,0.000000000000000000e+00
8.422271875000000000e+04,9.524057812500000000e+04,1.129675468750000000e+05,1.288242265625000000e+05,1.012854687500000000e+05,4.605999609375000000e+04,1.183235546875000000e+04,1.195135498046875000e+03
8.481567968750000000e+04,9.553198437500000000e+04,1.117706250000000000e+05,1.306192421875000000e+05,1.090738046875000000e+05,5.663760156250000000e+04,1.449614257812500000e+04,2.285901611328125000e+03
8.426341406250000000e+04,9.480380468750000000e+04,1.104940468750000000e+05,1.302506718750000000e+05,1.104541796875000000e+05,5.859480078125000000e+04,1.490191113281250000e+04,2.438097656250000000e+03
8.348955468750000000e+04,9.403921093750000000e+04,1.098245000000000000e+05,1.294619531250000000e+05,1.086467734375000000e+05,5.590320312500000000e+04,1.399771875000000000e+04,1.970823364257812500e+03
8.287392968750000000e+04,9.340271093750000000e+04,1.090352109375000000e+05,1.291084843750000000e+05,1.086318593750000000e+05,5.585667968750000000e+04,1.400920410156250000e+04,2.007336181640625000e+03
8.206496875000000000e+04,9.266241406250000000e+04,1.082591875000000000e+05,1.286837968750000000e+05,1.082529843750000000e+05,5.528190625000000000e+04,1.380911621093750000e+04,1.923106445312500000e+03
8.103937500000000000e+04,9.174539062500000000e+04,1.069371406250000000e+05,1.284405234375000000e+05,1.103435234375000000e+05,5.834492578125000000e+04,1.464253515625000000e+04,2.283395507812500000e+03
8.059411718750000000e+04,9.127402343750000000e+04,1.061843437500000000e+05,1.282906250000000000e+05,1.121819296875000000e+05,6.107158203125000000e+04,1.546493750000000000e+04,2.659111816406250000e+03
8.045261718750000000e+04,9.109380468750000000e+04,1.058121484375000000e+05,1.284310078125000000e+05,1.139760156250000000e+05,6.396317187500000000e+04,1.623037890625000000e+04,2.934679443359375000e+03
7.778360156250000000e+04,8.862831250000000000e+04,1.039387265625000000e+05,1.255970468750000000e+05,1.055523828125000000e+05,5.120008593750000000e+04,1.232287207031250000e+04,1.139025878906250000e+03
7.617752343750000000e+04,8.674221875000000000e+04,1.015461015625000000e+05,1.237916484375000000e+05,1.057272968750000000e+05,5.134016406250000000e+04,1.231951855468750000e+04,1.146935180664062500e+03
1.832791406250000000e+05,2.140879062500000000e+05,2.536758125000000000e+05,2.970386250000000000e+05,1.812706406250000000e+05,6.075667968750000000e+04,6.796750000000000000e+03,0.000000000000000000e+00
1.881135000000000000e+05,2.155702812500000000e+05,2.573801875000000000e+05,3.028568750000000000e+05,2.413316406250000000e+05,8.856658593750000000e+04,2.128059570312500000e+04,9.847933349609375000e+02
1.896953437500000000e+05,2.155732343750000000e+05,2.581319531250000000e+05,3.001403125000000000e+05,2.673020625000000000e+05,1.077718046875000000e+05,3.311541406250000000e+04,2.003272216796875000e+03
1.884690781250000000e+05,2.136635156250000000e+05,2.563548593750000000e+05,2.969929687500000000e+05,2.722740937500000000e+05,1.122329765625000000e+05,3.498598828125000000e+04,2.140172363281250000e+03
1.868032343750000000e+05,2.119871093750000000e+05,2.548513437500000000e+05,2.961724062500000000e+05,2.671625625000000000e+05,1.063457578125000000e+05,3.124181054687500000e+04,1.720079956054687500e+03
1.855668750000000000e+05,2.104189843750000000e+05,2.536251718750000000e+05,2.948557500000000000e+05,2.675263125000000000e+05,1.062727500000000000e+05,3.118367773437500000e+04,1.751800781250000000e+03
1.838723906250000000e+05,2.084714062500000000e+05,2.521690000000000000e+05,2.935294375000000000e+05,2.663981562500000000e+05,1.050668125000000000e+05,3.038609765625000000e+04,1.675156982421875000e+03
1.820166406250000000e+05,2.058935625000000000e+05,2.499816406250000000e+05,2.902281875000000000e+05,2.730281250000000000e+05,1.118613281250000000e+05,3.397476171875000000e+04,2.000306152343750000e+03
1.810643281250000000e+05,2.044127812500000000e+05,2.483639218750000000e+05,2.876899687500000000e+05,2.781742812500000000e+05,1.183598750000000000e+05,3.730815625000000000e+04,2.338106201171875000e+03
1.814698125000000000e+05,2.044593437500000000e+05,2.483455468750000000e+05,2.876306875000000000e+05,2.848970312500000000e+05,1.258635625000000000e+05,4.022419140625000000e+04,2.596847656250000000e+03
1.744602968750000000e+05,1.978171406250000000e+05,2.423621875000000000e+05,2.834293125000000000e+05,2.576530156250000000e+05,9.693348437500000000e+04,2.426866015625000000e+04,9.338535766601562500e+02
1.698559531250000000e+05,1.922162968750000000e+05,2.358842656250000000e+05,2.752148437500000000e+05,2.566845000000000000e+05,9.719253125000000000e+04,2.423611914062500000e+04,9.429312744140625000e+02
7.948318750000000000e+05,9.006799375000000000e+05,1.089136625000000000e+06,1.144257000000000000e+06,7.632502500000000000e+05,2.507813906250000000e+05,7.658937500000000000e+04,0.000000000000000000e+00
8.114023125000000000e+05,9.195386250000000000e+05,1.070691500000000000e+06,1.206849375000000000e+06,9.613165625000000000e+05,4.634842187500000000e+05,1.303248750000000000e+05,6.595278808593750000e+03
8.163535625000000000e+05,9.247851875000000000e+05,1.059378375000000000e+06,1.232127500000000000e+06,1.057557625000000000e+06,5.600078750000000000e+05,1.532367968750000000e+05,2.012105468750000000e+04
8.111401250000000000e+05,9.190446250000000000e+05,1.048290625000000000e+06,1.232627000000000000e+06,1.075929750000000000e+06,5.759528750000000000e+05,1.562456406250000000e+05,2.230222656250000000e+04
8.037951875000000000e+05,9.123847500000000000e+05,1.042543187500000000e+06,1.224816000000000000e+06,1.057538750000000000e+06,5.530018750000000000e+05,1.490092343750000000e+05,1.590552734375000000e+04
7.979552500000000000e+05,9.075316875000000000e+05,1.036273937500000000e+06,1.223581125000000000e+06,1.059868375000000000e+06,5.525772500000000000e+05,1.491470468750000000e+05,1.630973535156250000e+04
7.894419375000000000e+05,9.008206250000000000e+05,1.029235437500000000e+06,1.219943125000000000e+06,1.055505375000000000e+06,5.475393750000000000e+05,1.475899062500000000e+05,1.515110742187500000e+04
7.798131250000000000e+05,8.926709375000000000e+05,1.017948625000000000e+06,1.221822500000000000e+06,1.079365375000000000e+06,5.732006250000000000e+05,1.541118437500000000e+05,2.011218554687500000e+04
7.749726875000000000e+05,8.875665625000000000e+05,1.010887437500000000e+06,1.222592375000000000e+06,1.095636250000000000e+06,5.954228750000000000e+05,1.601630000000000000e+05,2.547792382812500000e+04
7.762864375000000000e+05,8.886995625000000000e+05,1.011535937500000000e+06,1.230975375000000000e+06,1.123658125000000000e+06,6.180518125000000000e+05,1.652404843750000000e+05,2.967979492187500000e+04
7.461936250000000000e+05,8.599536875000000000e+05,9.865819375000000000e+05,1.188555625000000000e+06,1.017523625000000000e+06,5.109442187500000000e+05,1.341525937500000000e+05,6.196583496093750000e+03
7.277526875000000000e+05,8.386999375000000000e+05,9.614207500000000000e+05,1.170652375000000000e+06,1.009521312500000000e+06,5.121236250000000000e+05,1.341440781250000000e+05,6.288681152343750000e+03
6.976494531250000000e+04,7.809689843750000000e+04,9.292082812500000000e+04,1.378199062500000000e+05,5.497037109375000000e+04,9.281309570312500000e+03,4.046095214843750000e+03,0.000000000000000000e+00
7.249917968750000000e+04,8.045714062500000000e+04,9.293955468750000000e+04,1.299280781250000000e+05,1.086990078125000000e+05,1.422956738281250000e+04,6.758094726562500000e+03,1.121081420898437500e+03
7.374389062500000000e+04,8.145706250000000000e+04,9.291632812500000000e+04,1.251975859375000000e+05,1.410059375000000000e+05,1.948323437500000000e+04,7.131920898437500000e+03,1.791166870117187500e+03
7.354188281250000000e+04,8.112415625000000000e+04,9.222943750000000000e+04,1.230252500000000000e+05,1.481991718750000000e+05,2.100292187500000000e+04,7.162260253906250000e+03,1.878559326171875000e+03
7.330485156250000000e+04,8.091950000000000000e+04,9.218578906250000000e+04,1.237618984375000000e+05,1.442499062500000000e+05,1.918120507812500000e+04,7.006238769531250000e+03,1.601539062500000000e+03
7.330429687500000000e+04,8.093423437500000000e+04,9.218597656250000000e+04,1.235818359375000000e+05,1.462106093750000000e+05,1.916968750000000000e+04,7.029968261718750000e+03,1.627885620117187500e+03
7.265792187500000000e+04,8.031227343750000000e+04,9.152716406250000000e+04,1.227507500000000000e+05,1.450337187500000000e+05,1.882205664062500000e+04,6.978617675781250000e+03,1.580912841796875000e+03
7.170454687500000000e+04,7.948239843750000000e+04,9.033301562500000000e+04,1.195975156250000000e+05,1.521606406250000000e+05,2.100662500000000000e+04,7.107810546875000000e+03,1.790003173828125000e+03
7.057017187500000000e+04,7.829692968750000000e+04,8.878295312500000000e+04,1.162936171875000000e+05,1.546678906250000000e+05,2.320879101562500000e+04,7.246437500000000000e+03,2.006630371093750000e+03
7.279021093750000000e+04,8.075039843750000000e+04,9.149178125000000000e+04,1.188349062500000000e+05,1.669378437500000000e+05,2.603943164062500000e+04,7.355999511718750000e+03,2.148476562500000000e+03
6.631029687500000000e+04,7.404806250000000000e+04,8.449968750000000000e+04,1.132963750000000000e+05,1.315097812500000000e+05,1.658364648437500000e+04,6.686718261718750000e+03,1.075281250000000000e+03
6.167755078125000000e+04,6.892746875000000000e+04,7.843456250000000000e+04,1.039198593750000000e+05,1.249416250000000000e+05,1.668637304687500000e+04,6.687780761718750000e+03,1.078726196289062500e+03
6.964804375000000000e+05,7.995039375000000000e+05,9.357600625000000000e+05,1.070802375000000000e+06,6.796249375000000000e+05,2.225020468750000000e+05,5.731980078125000000e+04,0.000000000000000000e+00
7.119423125000000000e+05,8.140288125000000000e+05,9.394049375000000000e+05,1.110628250000000000e+06,8.778751250000000000e+05,3.458697187500000000e+05,1.130483515625000000e+05,4.440259765625000000e+03
7.167321250000000000e+05,8.172416250000000000e+05,9.373125000000000000e+05,1.111811625000000000e+06,9.656831250000000000e+05,4.299945000000000000e+05,1.389062187500000000e+05,1.297783691406250000e+04
7.120366250000000000e+05,8.114161875000000000e+05,9.292115000000000000e+05,1.103500625000000000e+06,9.822933125000000000e+05,4.475257187500000000e+05,1.430037812500000000e+05,1.434468945312500000e+04
7.055580625000000000e+05,8.052715000000000000e+05,9.238485625000000000e+05,1.099243125000000000e+06,9.646845000000000000e+05,4.243040937500000000e+05,1.341055781250000000e+05,1.032887792968750000e+04
7.004758125000000000e+05,8.002502500000000000e+05,9.187586250000000000e+05,1.095272250000000000e+06,9.659486250000000000e+05,4.240447500000000000e+05,1.341400468750000000e+05,1.058553906250000000e+04
6.933577500000000000e+05,7.937430625000000000e+05,9.130278750000000000e+05,1.090809000000000000e+06,9.620262500000000000e+05,4.191502187500000000e+05,1.323189531250000000e+05,9.859592773437500000e+03
6.854913125000000000e+05,7.854153125000000000e+05,9.040240625000000000e+05,1.081879250000000000e+06,9.844682500000000000e+05,4.460062812500000000e+05,1.404376093750000000e+05,1.297161035156250000e+04
6.816698125000000000e+05,7.803476250000000000e+05,8.981643125000000000e+05,1.074559125000000000e+06,1.001768750000000000e+06,4.706729062500000000e+05,1.484312812500000000e+05,1.633501562500000000e+04
6.824930000000000000e+05,7.801513125000000000e+05,8.981173125000000000e+05,1.074527000000000000e+06,1.024752312500000000e+06,4.978539375000000000e+05,1.557496093750000000e+05,1.909284179687500000e+04
6.568365000000000000e+05,7.558817500000000000e+05,8.769067500000000000e+05,1.056511875000000000e+06,9.311531250000000000e+05,3.855104375000000000e+05,1.179976171875000000e+05,4.178035644531250000e+03
6.406151250000000000e+05,7.362586250000000000e+05,8.547121250000000000e+05,1.030209375000000000e+06,9.276018750000000000e+05,3.867539687500000000e+05,1.179577890625000000e+05,4.236584472656250000e+03
1.238743671875000000e+05,1.491768593750000000e+05,1.655481562500000000e+05,1.689737656250000000e+05,1.158805078125000000e+05,6.232268359375000000e+04,5.638410644531250000e+03,0.000000000000000000e+00
1.265661171875000000e+05,1.488961406250000000e+05,1.739097812500000000e+05,1.755917812500000000e+05,1.444369218750000000e+05,7.912638281250000000e+04,2.216657421875000000e+04,3.450294494628906250e+02
1.273914921875000000e+05,1.483182187500000000e+05,1.772990468750000000e+05,1.774015625000000000e+05,1.579332187500000000e+05,8.859425000000000000e+04,3.641791406250000000e+04,9.067521362304687500e+02
1.266143437500000000e+05,1.469532656250000000e+05,1.771857812500000000e+05,1.768686093750000000e+05,1.604700312500000000e+05,9.034211718750000000e+04,3.865115625000000000e+04,1.008846557617187500e+03
1.255086953125000000e+05,1.458055937500000000e+05,1.761092031250000000e+05,1.759577968750000000e+05,1.578436875000000000e+05,8.756654687500000000e+04,3.421583984375000000e+04,7.170447998046875000e+02
1.246850000000000000e+05,1.446226250000000000e+05,1.757611562500000000e+05,1.756599062500000000e+05,1.581839218750000000e+05,8.753314843750000000e+04,3.413374218750000000e+04,7.353437500000000000e+02
1.234526015625000000e+05,1.430453593750000000e+05,1.750878281250000000e+05,1.750948906250000000e+05,1.575671718750000000e+05,8.694845312500000000e+04,3.318917968750000000e+04,6.874903564453125000e+02
1.221099843750000000e+05,1.408149218750000000e+05,1.745363750000000000e+05,1.747453750000000000e+05,1.609158281250000000e+05,8.990038281250000000e+04,3.746107031250000000e+04,9.072621459960937500e+02
1.214298281250000000e+05,1.395577187500000000e+05,1.739157812500000000e+05,1.744242343750000000e+05,1.632187187500000000e+05,9.263569531250000000e+04,4.137144531250000000e+04,1.160250244140625000e+03
1.215744375000000000e+05,1.392748125000000000e+05,1.740724218750000000e+05,1.753165625000000000e+05,1.670851718750000000e+05,9.546286718750000000e+04,4.471555859375000000e+04,1.376666748046875000e+03
1.170685546875000000e+05,1.350617500000000000e+05,1.696844843750000000e+05,1.701960156250000000e+05,1.520999531250000000e+05,8.260229687500000000e+04,2.586918554687500000e+04,3.275203247070312500e+02
1.143601562500000000e+05,1.314867031250000000e+05,1.663236718750000000e+05,1.670810156250000000e+05,1.509394531250000000e+05,8.265863281250000000e+04,2.582697656250000000e+04,3.304439392089843750e+02
1.405876367187500000e+04,1.494883007812500000e+04,1.601260156250000000e+04,1.598974511718750000e+04,1.189232519531250000e+04,6.786912597656250000e+03,3.161384033203125000e+03,0.000000000000000000e+00
1.447848535156250000e+04,1.534530175781250000e+04,1.648514453125000000e+04,1.686053906250000000e+04,1.393732617187500000e+04,8.611125000000000000e+03,4.427613281250000000e+03,1.372310791015625000e+03
1.462646191406250000e+04,1.545500097656250000e+04,1.653416992187500000e+04,1.712052148437500000e+04,1.478572851562500000e+04,9.569161132812500000e+03,5.031937500000000000e+03,1.889760498046875000e+03
1.458126562500000000e+04,1.538937890625000000e+04,1.644234375000000000e+04,1.710515625000000000e+04,1.494028417968750000e+04,9.748111328125000000e+03,5.091855468750000000e+03,1.951368041992187500e+03
1.451203222656250000e+04,1.527555078125000000e+04,1.633647851562500000e+04,1.699697851562500000e+04,1.473563769531250000e+04,9.458392578125000000e+03,4.897642089843750000e+03,1.745937133789062500e+03
1.445649316406250000e+04,1.521670410156250000e+04,1.627708984375000000e+04,1.696947851562500000e+04,1.474307324218750000e+04,9.455675781250000000e+03,4.919695312500000000e+03,1.771302978515625000e+03
1.434619824218750000e+04,1.514271679687500000e+04,1.621217578125000000e+04,1.693149414062500000e+04,1.470779882812500000e+04,9.408045898437500000e+03,4.848892578125000000e+03,1.740986328125000000e+03
1.392371972656250000e+04,1.509252539062500000e+04,1.615495898437500000e+04,1.692319726562500000e+04,1.492146777343750000e+04,9.702357421875000000e+03,5.033605468750000000e+03,1.889263305664062500e+03
1.369897656250000000e+04,1.506391210937500000e+04,1.611616113281250000e+04,1.692072265625000000e+04,1.509766406250000000e+04,9.971549804687500000e+03,5.214622558593750000e+03,2.043617431640625000e+03
1.355759960937500000e+04,1.507248437500000000e+04,1.611951757812500000e+04,1.696413671875000000e+04,1.532705371093750000e+04,1.022541796875000000e+04,5.342945800781250000e+03,2.122600097656250000e+03
1.311945898437500000e+04,1.467570117187500000e+04,1.573947460937500000e+04,1.655050390625000000e+04,1.432027539062500000e+04,8.955499023437500000e+03,4.505117187500000000e+03,1.321943725585937500e+03
1.287612207031250000e+04,1.449321582031250000e+04,1.552666601562500000e+04,1.636710839843750000e+04,1.429908593750000000e+04,8.965626953125000000e+03,4.504584960937500000e+03,1.322903930664062500e+03
3.435966875000000000e+05,3.975024687500000000e+05,4.720503125000000000e+05,5.947757500000000000e+05,3.283706250000000000e+05,8.944313281250000000e+04,1.563852343750000000e+04,0.000000000000000000e+00
3.533070000000000000e+05,4.042633750000000000e+05,4.742377500000000000e+05,5.936115625000000000e+05,4.772319375000000000e+05,1.372584375000000000e+05,3.961455078125000000e+04,1.690431152343750000e+03
3.568306250000000000e+05,4.053532812500000000e+05,4.734502187500000000e+05,5.837335625000000000e+05,5.475275000000000000e+05,1.737554375000000000e+05,5.228172265625000000e+04,3.554062011718750000e+03
3.547240000000000000e+05,4.020889375000000000e+05,4.693408437500000000e+05,5.763327500000000000e+05,5.618015625000000000e+05,1.824626093750000000e+05,5.420475390625000000e+04,3.846535156250000000e+03
3.518864062500000000e+05,3.992686875000000000e+05,4.670346562500000000e+05,5.758011875000000000e+05,5.499338750000000000e+05,1.713467500000000000e+05,5.012783203125000000e+04,2.977899414062500000e+03
3.499331562500000000e+05,3.967925937500000000e+05,4.648054687500000000e+05,5.733305000000000000e+05,5.520059375000000000e+05,1.712247812500000000e+05,5.011266796875000000e+04,3.040561523437500000e+03
3.468163125000000000e+05,3.932028125000000000e+05,4.617884687500000000e+05,5.704299375000000000e+05,5.491846250000000000e+05,1.689645781250000000e+05,4.923348437500000000e+04,2.891322021484375000e+03
3.433141562500000000e+05,3.883391562500000000e+05,4.568430937500000000e+05,5.618138750000000000e+05,5.662638750000000000e+05,1.819906250000000000e+05,5.306526562500000000e+04,3.552998291015625000e+03
3.409614062500000000e+05,3.849258750000000000e+05,4.529278750000000000e+05,5.544308125000000000e+05,5.774126875000000000e+05,1.944912500000000000e+05,5.672810937500000000e+04,4.275884277343750000e+03
3.435026562500000000e+05,3.869171562500000000e+05,4.551680625000000000e+05,5.557788125000000000e+05,5.981888750000000000e+05,2.092800937500000000e+05,6.010916796875000000e+04,4.853965820312500000e+03
3.271270312500000000e+05,3.709388125000000000e+05,4.401551562500000000e+05,5.459691250000000000e+05,5.243933750000000000e+05,1.539173906250000000e+05,4.240540625000000000e+04,1.610754760742187500e+03
3.157940625000000000e+05,3.574301875000000000e+05,4.245900937500000000e+05,5.239554375000000000e+05,5.177894062500000000e+05,1.544831093750000000e+05,4.237379296875000000e+04,1.621787231445312500e+03
4.140935156250000000e+04,4.939178515625000000e+04,5.636260546875000000e+04,5.755521093750000000e+04,4.047142187500000000e+04,1.809223046875000000e+04,2.064109863281250000e+03,0.000000000000000000e+00
4.235827734375000000e+04,4.918782812500000000e+04,5.756074609375000000e+04,6.067348828125000000e+04,4.872961328125000000e+04,2.597722851562500000e+04,7.631254394531250000e+03,4.349648742675781250e+02
4.264600390625000000e+04,4.898240625000000000e+04,5.783400390625000000e+04,6.159803515625000000e+04,5.208228515625000000e+04,3.014895117187500000e+04,1.078038574218750000e+04,7.039005737304687500e+02
4.237433593750000000e+04,4.851668359375000000e+04,5.751317578125000000e+04,6.147736718750000000e+04,5.264798046875000000e+04,3.090612304687500000e+04,1.122069433593750000e+04,7.437834472656250000e+02
4.199574218750000000e+04,4.811048828125000000e+04,5.714523437500000000e+04,6.108407031250000000e+04,5.184058203125000000e+04,2.978365820312500000e+04,1.029260546875000000e+04,6.218375244140625000e+02
4.170182421875000000e+04,4.770259765625000000e+04,5.688704296875000000e+04,6.094321484375000000e+04,5.182832812500000000e+04,2.976558007812500000e+04,1.028601367187500000e+04,6.327398681640625000e+02
4.131579687500000000e+04,4.721763281250000000e+04,5.659725390625000000e+04,6.076125390625000000e+04,5.166225781250000000e+04,2.952837890625000000e+04,1.007915332031250000e+04,6.133941040039062500e+02
4.083147265625000000e+04,4.656614453125000000e+04,5.626592187500000000e+04,6.074262109375000000e+04,5.256133984375000000e+04,3.075974414062500000e+04,1.096546386718750000e+04,7.038607177734375000e+02
4.062321484375000000e+04,4.624438671875000000e+04,5.609176562500000000e+04,6.076414062500000000e+04,5.337158984375000000e+04,3.187223632812500000e+04,1.177931250000000000e+04,8.030377807617187500e+02
4.051861328125000000e+04,4.605126562500000000e+04,5.601662109375000000e+04,6.087883203125000000e+04,5.410442187500000000e+04,3.301615234375000000e+04,1.249183789062500000e+04,8.734301757812500000e+02
3.923627343750000000e+04,4.488268359375000000e+04,5.485010546875000000e+04,5.940305468750000000e+04,5.044559375000000000e+04,2.778966406250000000e+04,8.455916992187500000e+03,4.177713623046875000e+02
3.848250781250000000e+04,4.391175390625000000e+04,5.394985937500000000e+04,5.869319531250000000e+04,5.048679687500000000e+04,2.782979296875000000e+04,8.445653320312500000e+03,4.187545776367187500e+02
6.923243750000000000e+04,8.182842187500000000e+04,9.606023437500000000e+04,9.596464843750000000e+04,6.897474218750000000e+04,3.075476367187500000e+04,3.163281005859375000e+03,0.000000000000000000e+00
7.077540625000000000e+04,8.184173437500000000e+04,9.834114843750000000e+04,1.018814453125000000e+05,8.141430468750000000e+04,4.478622656250000000e+04,1.007219335937500000e+04,5.236477050781250000e+02
7.121827343750000000e+04,8.158943750000000000e+04,9.891914062500000000e+04,1.037411562500000000e+05,8.595764843750000000e+04,5.200758593750000000e+04,1.628764843750000000e+04,1.000221740722656250e+03
7.074460937500000000e+04,8.082207031250000000e+04,9.837503906250000000e+04,1.036228828125000000e+05,8.667006250000000000e+04,5.329687500000000000e+04,1.727890625000000000e+04,1.070065185546875000e+03
7.007568750000000000e+04,8.012784375000000000e+04,9.772190625000000000e+04,1.028935312500000000e+05,8.540954687500000000e+04,5.137540234375000000e+04,1.530665234375000000e+04,8.571105957031250000e+02
6.955200781250000000e+04,7.944550000000000000e+04,9.724000000000000000e+04,1.026510468750000000e+05,8.531283593750000000e+04,5.134054687500000000e+04,1.527534667968750000e+04,8.740836791992187500e+02
6.890322656250000000e+04,7.867167968750000000e+04,9.672641406250000000e+04,1.023601328125000000e+05,8.506121093750000000e+04,5.093164062500000000e+04,1.485142285156250000e+04,8.363887939453125000e+02
6.814580468750000000e+04,7.764391406250000000e+04,9.602239062500000000e+04,1.024782656250000000e+05,8.635846093750000000e+04,5.303727343750000000e+04,1.674897070312500000e+04,9.999013671875000000e+02
6.785139062500000000e+04,7.716702343750000000e+04,9.558119531250000000e+04,1.026757421875000000e+05,8.766078125000000000e+04,5.493444921875000000e+04,1.851085156250000000e+04,1.171975219726562500e+03
6.761849218750000000e+04,7.677160156250000000e+04,9.513014843750000000e+04,1.028073828125000000e+05,8.850064843750000000e+04,5.686991406250000000e+04,2.004532421875000000e+04,1.297567504882812500e+03
6.563816406250000000e+04,7.499292187500000000e+04,9.365077343750000000e+04,1.003556640625000000e+05,8.343447656250000000e+04,4.794532421875000000e+04,1.165480175781250000e+04,5.008801574707031250e+02
6.452917187500000000e+04,7.354855468750000000e+04,9.202596093750000000e+04,9.955089843750000000e+04,8.386061718750000000e+04,4.801082421875000000e+04,1.163732714843750000e+04,5.032247314453125000e+02
3.029922851562500000e+04,3.360385937500000000e+04,3.720616406250000000e+04,3.781639062500000000e+04,2.453077343750000000e+04,1.315513671875000000e+04,4.891577148437500000e+03,0.000000000000000000e+00
3.108746093750000000e+04,3.438901562500000000e+04,3.781781250000000000e+04,3.892896093750000000e+04,3.309304296875000000e+04,1.875698046875000000e+04,7.890532714843750000e+03,1.461379150390625000e+03
3.136839257812500000e+04,3.463623046875000000e+04,3.798887500000000000e+04,3.991614843750000000e+04,3.829316015625000000e+04,2.089663085937500000e+04,9.497502929687500000e+03,2.310441650390625000e+03
3.125492968750000000e+04,3.448965234375000000e+04,3.783277343750000000e+04,4.009375000000000000e+04,3.940055468750000000e+04,2.113898437500000000e+04,9.662420898437500000e+03,2.419874755859375000e+03
3.107504687500000000e+04,3.429473046875000000e+04,3.766971093750000000e+04,3.988432812500000000e+04,3.867176562500000000e+04,2.066412304687500000e+04,9.220838867187500000e+03,2.071620849609375000e+03
3.094721484375000000e+04,3.419530859375000000e+04,3.761825781250000000e+04,3.998542968750000000e+04,3.897894140625000000e+04,2.065702148437500000e+04,9.241446289062500000e+03,2.104990966796875000e+03
3.061914453125000000e+04,3.395711718750000000e+04,3.744376562500000000e+04,3.988852343750000000e+04,3.877511718750000000e+04,2.056094140625000000e+04,9.114472656250000000e+03,2.045909057617187500e+03
2.996362109375000000e+04,3.368133984375000000e+04,3.727679296875000000e+04,4.005707031250000000e+04,3.992567187500000000e+04,2.101965429687500000e+04,9.536070312500000000e+03,2.308629150390625000e+03
2.955022265625000000e+04,3.343048828125000000e+04,3.708580078125000000e+04,4.005919140625000000e+04,4.034906640625000000e+04,2.138830468750000000e+04,9.901587890625000000e+03,2.580206054687500000e+03
2.970260156250000000e+04,3.373496093750000000e+04,3.751360546875000000e+04,4.080162890625000000e+04,4.231333593750000000e+04,2.167590039062500000e+04,1.017597851562500000e+04,2.755352783203125000e+03
2.818304296875000000e+04,3.224534179687500000e+04,3.590237890625000000e+04,3.848338671875000000e+04,3.634622265625000000e+04,1.967788281250000000e+04,8.194392578125000000e+03,1.401474853515625000e+03
2.723950781250000000e+04,3.126132617187500000e+04,3.489497656250000000e+04,3.757408984375000000e+04,3.527401953125000000e+04,1.969240234375000000e+04,8.192459960937500000e+03,1.406152465820312500e+03
7.917443125000000000e+05,9.008353125000000000e+05,1.083566000000000000e+06,1.434236250000000000e+06,8.260963750000000000e+05,1.576043593750000000e+05,4.209100390625000000e+04,0.000000000000000000e+00
8.126721250000000000e+05,9.171143750000000000e+05,1.075446000000000000e+06,1.450319125000000000e+06,1.119432750000000000e+06,2.597476093750000000e+05,8.229507812500000000e+04,4.446248535156250000e+03
8.195417500000000000e+05,9.210878125000000000e+05,1.068696500000000000e+06,1.410282125000000000e+06,1.230722500000000000e+06,3.620737812500000000e+05,1.012270937500000000e+05,1.117230566406250000e+04
8.136680000000000000e+05,9.136631875000000000e+05,1.057304625000000000e+06,1.384358000000000000e+06,1.251284875000000000e+06,3.901338125000000000e+05,1.037491562500000000e+05,1.219280859375000000e+04
8.059626875000000000e+05,9.061848125000000000e+05,1.050679750000000000e+06,1.383395500000000000e+06,1.226686000000000000e+06,3.563939375000000000e+05,9.800014843750000000e+04,9.148119140625000000e+03
7.999764375000000000e+05,8.999075625000000000e+05,1.043552000000000000e+06,1.372834750000000000e+06,1.225813625000000000e+06,3.561166250000000000e+05,9.805304687500000000e+04,9.354090820312500000e+03
7.928135000000000000e+05,8.930286250000000000e+05,1.036866875000000000e+06,1.365054625000000000e+06,1.220938250000000000e+06,3.493730000000000000e+05,9.680891406250000000e+04,8.795872070312500000e+03
7.852313125000000000e+05,8.846335000000000000e+05,1.026103625000000000e+06,1.336769125000000000e+06,1.251117375000000000e+06,3.900314375000000000e+05,1.020902421875000000e+05,1.116297363281250000e+04
7.819740625000000000e+05,8.801348125000000000e+05,1.019821125000000000e+06,1.316186250000000000e+06,1.279536375000000000e+06,4.299527500000000000e+05,1.070718593750000000e+05,1.367328222656250000e+04
7.821182500000000000e+05,8.792758125000000000e+05,1.018014062500000000e+06,1.304622375000000000e+06,1.302203750000000000e+06,4.787555000000000000e+05,1.115144765625000000e+05,1.564991015625000000e+04
7.546483125000000000e+05,8.534620625000000000e+05,9.965690000000000000e+05,1.313310875000000000e+06,1.191848000000000000e+06,3.067696875000000000e+05,8.642871093750000000e+04,4.202838378906250000e+03
7.356648125000000000e+05,8.311012500000000000e+05,9.700276250000000000e+05,1.265549625000000000e+06,1.197162375000000000e+06,3.086904062500000000e+05,8.639716406250000000e+04,4.251235839843750000e+03
2.250888750000000000e+05,2.589542812500000000e+05,3.101440625000000000e+05,3.354539375000000000e+05,2.162004062500000000e+05,7.466774218750000000e+04,1.701597460937500000e+04,0.000000000000000000e+00
2.304161718750000000e+05,2.633788750000000000e+05,3.092098750000000000e+05,3.496883125000000000e+05,2.797866250000000000e+05,1.254866875000000000e+05,3.409576953125000000e+04,1.829708862304687500e+03
2.321333593750000000e+05,2.643370312500000000e+05,3.073093437500000000e+05,3.541530312500000000e+05,3.105011875000000000e+05,1.515507656250000000e+05,4.257732031250000000e+04,4.313303222656250000e+03
2.307067656250000000e+05,2.624485937500000000e+05,3.043419375000000000e+05,3.532493437500000000e+05,3.164688437500000000e+05,1.562548750000000000e+05,4.387489843750000000e+04,4.694101562500000000e+03
2.287049375000000000e+05,2.605289687500000000e+05,3.027076875000000000e+05,3.514410000000000000e+05,3.108064062500000000e+05,1.496333906250000000e+05,4.105281250000000000e+04,3.560809814453125000e+03
2.271822968750000000e+05,2.589491250000000000e+05,3.009685625000000000e+05,3.508335625000000000e+05,3.116133437500000000e+05,1.495220468750000000e+05,4.106151562500000000e+04,3.637735595703125000e+03
2.249038437500000000e+05,2.567444375000000000e+05,2.989109375000000000e+05,3.496318125000000000e+05,3.102686250000000000e+05,1.480989687500000000e+05,4.046647656250000000e+04,3.433819824218750000e+03
2.222766093750000000e+05,2.538034843750000000e+05,2.955048750000000000e+05,3.488408437500000000e+05,3.178270312500000000e+05,1.555582812500000000e+05,4.307014062500000000e+04,4.309292480468750000e+03
2.208776406250000000e+05,2.519510625000000000e+05,2.932295000000000000e+05,3.479566562500000000e+05,3.228816875000000000e+05,1.622080781250000000e+05,4.560859375000000000e+04,5.248548828125000000e+03
2.214991250000000000e+05,2.522662031250000000e+05,2.935210000000000000e+05,3.499414062500000000e+05,3.319136250000000000e+05,1.691472343750000000e+05,4.798173828125000000e+04,5.996168945312500000e+03
2.125471562500000000e+05,2.437252500000000000e+05,2.860212500000000000e+05,3.393014375000000000e+05,2.984246250000000000e+05,1.379247500000000000e+05,3.578031250000000000e+04,1.732466552734375000e+03
2.069049843750000000e+05,2.369179062500000000e+05,2.780905312500000000e+05,3.322975937500000000e+05,2.957047187500000000e+05,1.382459843750000000e+05,3.576584765625000000e+04,1.750961059570312500e+03
9.088505468750000000e+04,1.000977734375000000e+05,1.055391406250000000e+05,1.194215937500000000e+05,8.141788281250000000e+04,3.669107421875000000e+04,1.832043554687500000e+04,0.000000000000000000e+00
9.219728125000000000e+04,1.038455625000000000e+05,1.072537421875000000e+05,1.238358281250000000e+05,9.939013281250000000e+04,4.654641015625000000e+04,2.779975390625000000e+04,2.336235107421875000e+03
9.245983593750000000e+04,1.050531640625000000e+05,1.077311406250000000e+05,1.230702500000000000e+05,1.064651328125000000e+05,5.411971484375000000e+04,3.031324804687500000e+04,5.316860351562500000e+03
9.189029687500000000e+04,1.047453593750000000e+05,1.071937187500000000e+05,1.218592265625000000e+05,1.077022109375000000e+05,5.590424609375000000e+04,3.057066992187500000e+04,5.760358398437500000e+03
9.103432031250000000e+04,1.040155546875000000e+05,1.065111796875000000e+05,1.214300156250000000e+05,1.060067656250000000e+05,5.346005078125000000e+04,2.973306250000000000e+04,4.428910156250000000e+03
9.026746093750000000e+04,1.036237734375000000e+05,1.061424765625000000e+05,1.208992421875000000e+05,1.060067343750000000e+05,5.347003906250000000e+04,2.979285351562500000e+04,4.521873046875000000e+03
8.907122656250000000e+04,1.029946250000000000e+05,1.057164765625000000e+05,1.204105781250000000e+05,1.056630859375000000e+05,5.297935546875000000e+04,2.959821875000000000e+04,4.279338378906250000e+03
8.745148437500000000e+04,1.022265078125000000e+05,1.054244453125000000e+05,1.192007421875000000e+05,1.075804375000000000e+05,5.573894921875000000e+04,3.029798632812500000e+04,5.311389160156250000e+03
8.676169531250000000e+04,1.017655546875000000e+05,1.053493671875000000e+05,1.183429531250000000e+05,1.093210859375000000e+05,5.838181640625000000e+04,3.095189257812500000e+04,6.404225097656250000e+03
8.638573437500000000e+04,1.014894140625000000e+05,1.054935937500000000e+05,1.179206093750000000e+05,1.108458515625000000e+05,6.135516406250000000e+04,3.143261132812500000e+04,7.253108886718750000e+03
8.358184375000000000e+04,9.891207812500000000e+04,1.028948750000000000e+05,1.168936640625000000e+05,1.031677187500000000e+05,4.948572265625000000e+04,2.788458593750000000e+04,2.214314453125000000e+03
8.199425781250000000e+04,9.712244531250000000e+04,1.015303515625000000e+05,1.143387500000000000e+05,1.033786562500000000e+05,4.960853906250000000e+04,2.789158398437500000e+04,2.236644287109375000e+03
3.147681875000000000e+05,3.575352500000000000e+05,3.822844062500000000e+05,3.781061562500000000e+05,2.664048437500000000e+05,1.474446875000000000e+05,5.526360156250000000e+04,0.000000000000000000e+00
3.190119375000000000e+05,3.687947812500000000e+05,3.893572187500000000e+05,3.945280312500000000e+05,3.314895312500000000e+05,2.025975625000000000e+05,9.589745312500000000e+04,4.246196777343750000e+03
3.199530000000000000e+05,3.718788125000000000e+05,3.909434687500000000e+05,4.039363437500000000e+05,3.654222812500000000e+05,2.247049218750000000e+05,1.090348046875000000e+05,1.252732519531250000e+04
3.181199687500000000e+05,3.703362187500000000e+05,3.891477812500000000e+05,4.052013125000000000e+05,3.720132812500000000e+05,2.275128593750000000e+05,1.105574609375000000e+05,1.385037500000000000e+04
3.153004687500000000e+05,3.679287187500000000e+05,3.870664687500000000e+05,4.025159375000000000e+05,3.660385000000000000e+05,2.222452656250000000e+05,1.065101953125000000e+05,9.962766601562500000e+03
3.129109375000000000e+05,3.663249687500000000e+05,3.860153125000000000e+05,4.028738437500000000e+05,3.674401250000000000e+05,2.222325937500000000e+05,1.066418046875000000e+05,1.020838476562500000e+04
3.087965625000000000e+05,3.633951562500000000e+05,3.841905625000000000e+05,4.019310937500000000e+05,3.659368125000000000e+05,2.210793437500000000e+05,1.057638515625000000e+05,9.502363281250000000e+03
3.038286250000000000e+05,3.594005312500000000e+05,3.825180312500000000e+05,4.038615312500000000e+05,3.739875000000000000e+05,2.263222812500000000e+05,1.093124375000000000e+05,1.251873046875000000e+04
3.013065000000000000e+05,3.566767187500000000e+05,3.815174375000000000e+05,4.048487500000000000e+05,3.785330312500000000e+05,2.308241875000000000e+05,1.126260625000000000e+05,1.577548046875000000e+04
3.015693437500000000e+05,3.566567187500000000e+05,3.835825625000000000e+05,4.091771562500000000e+05,3.893843125000000000e+05,2.348041562500000000e+05,1.154941875000000000e+05,1.842188281250000000e+04
2.895928125000000000e+05,3.452808750000000000e+05,3.714513125000000000e+05,3.916156875000000000e+05,3.507885000000000000e+05,2.115020000000000000e+05,9.771909375000000000e+04,3.989484375000000000e+03
2.826374062500000000e+05,3.367790937500000000e+05,3.646586250000000000e+05,3.862738125000000000e+05,3.460167500000000000e+05,2.116697812500000000e+05,9.771781250000000000e+04,4.049409179687500000e+03
2.093463593750000000e+05,2.383002187500000000e+05,2.809243437500000000e+05,3.114020312500000000e+05,1.967814375000000000e+05,7.236482812500000000e+04,1.927734179687500000e+04,0.000000000000000000e+00
2.142189843750000000e+05,2.428787812500000000e+05,2.825978437500000000e+05,3.218004687500000000e+05,2.586615000000000000e+05,1.106535859375000000e+05,3.487228125000000000e+04,2.679821777343750000e+03
2.157683750000000000e+05,2.440631875000000000e+05,2.811085937500000000e+05,3.238003750000000000e+05,2.885164375000000000e+05,1.333596250000000000e+05,4.279393750000000000e+04,5.946349609375000000e+03
2.144811718750000000e+05,2.424777812500000000e+05,2.785196875000000000e+05,3.222163437500000000e+05,2.943875312500000000e+05,1.377302812500000000e+05,4.399124218750000000e+04,6.419901367187500000e+03
2.126536093750000000e+05,2.407635312500000000e+05,2.770505625000000000e+05,3.208837187500000000e+05,2.890006562500000000e+05,1.316683437500000000e+05,4.133706250000000000e+04,4.987639648437500000e+03
2.112470625000000000e+05,2.394524218750000000e+05,2.755772812500000000e+05,3.201608437500000000e+05,2.898494687500000000e+05,1.315907343750000000e+05,4.136051562500000000e+04,5.089844238281250000e+03
2.090318906250000000e+05,2.375633593750000000e+05,2.737646562500000000e+05,3.189586250000000000e+05,2.885678125000000000e+05,1.303078671875000000e+05,4.078978906250000000e+04,4.826164550781250000e+03
2.063104218750000000e+05,2.351716875000000000e+05,2.708405937500000000e+05,3.172282500000000000e+05,2.958774375000000000e+05,1.371683906250000000e+05,4.323038281250000000e+04,5.939625488281250000e+03
2.048403281250000000e+05,2.335868437500000000e+05,2.688113437500000000e+05,3.155570312500000000e+05,3.006763750000000000e+05,1.433821875000000000e+05,4.560094921875000000e+04,7.105617675781250000e+03
2.054492656250000000e+05,2.341541562500000000e+05,2.693220625000000000e+05,3.169459687500000000e+05,3.095566250000000000e+05,1.500193593750000000e+05,4.776594140625000000e+04,7.996520996093750000e+03
1.969197031250000000e+05,2.259702187500000000e+05,2.620170468750000000e+05,3.085820312500000000e+05,2.771025312500000000e+05,1.211869375000000000e+05,3.634738281250000000e+04,2.541362548828125000e+03
1.915141562500000000e+05,2.197072968750000000e+05,2.546493125000000000e+05,3.008556250000000000e+05,2.743397187500000000e+05,1.214853203125000000e+05,3.633830468750000000e+04,2.566190185546875000e+03
6.811618125000000000e+05,8.022967500000000000e+05,8.811465625000000000e+05,8.451131250000000000e+05,6.345023125000000000e+05,3.521566250000000000e+05,7.063672656250000000e+04,0.000000000000000000e+00
6.922226250000000000e+05,8.103436875000000000e+05,9.140500625000000000e+05,8.990446250000000000e+05,7.330443125000000000e+05,4.606096562500000000e+05,1.641911093750000000e+05,4.891814453125000000e+03
6.947243125000000000e+05,8.100595000000000000e+05,9.215320000000000000e+05,9.171307500000000000e+05,7.755387500000000000e+05,5.137919687500000000e+05,2.178290156250000000e+05,1.506119628906250000e+04
6.902991250000000000e+05,8.039091250000000000e+05,9.177628125000000000e+05,9.171457500000000000e+05,7.824751875000000000e+05,5.228602500000000000e+05,2.258866406250000000e+05,1.669179101562500000e+04
6.836896875000000000e+05,7.975841875000000000e+05,9.119580000000000000e+05,9.107503750000000000e+05,7.718160000000000000e+05,5.079295312500000000e+05,2.088952500000000000e+05,1.190700000000000000e+04
6.782500000000000000e+05,7.916889375000000000e+05,9.085436875000000000e+05,9.095385625000000000e+05,7.720669375000000000e+05,5.077970312500000000e+05,2.087885937500000000e+05,1.220639257812500000e+04
6.704883750000000000e+05,7.839703125000000000e+05,9.042349375000000000e+05,9.071758750000000000e+05,7.697240625000000000e+05,5.046109375000000000e+05,2.052107812500000000e+05,1.133558593750000000e+04
6.617283125000000000e+05,7.733211875000000000e+05,8.997120000000000000e+05,9.094358750000000000e+05,7.811211875000000000e+05,5.202628437500000000e+05,2.211447812500000000e+05,1.505123144531250000e+04
6.581050625000000000e+05,7.677770000000000000e+05,8.972697500000000000e+05,9.117640000000000000e+05,7.906410625000000000e+05,5.344757500000000000e+05,2.360844687500000000e+05,1.906366992187500000e+04
6.561869375000000000e+05,7.640237500000000000e+05,8.959802500000000000e+05,9.151663750000000000e+05,8.009420000000000000e+05,5.484473125000000000e+05,2.493425312500000000e+05,2.234509960937500000e+04
6.357195625000000000e+05,7.454489375000000000e+05,8.777440000000000000e+05,8.888150000000000000e+05,7.508510000000000000e+05,4.803640312500000000e+05,1.763878281250000000e+05,4.587664062500000000e+03
6.248506875000000000e+05,7.308385625000000000e+05,8.653915000000000000e+05,8.820712500000000000e+05,7.504753750000000000e+05,4.807201875000000000e+05,1.762659531250000000e+05,4.661296386718750000e+03
1.587017500000000000e+05,1.833978125000000000e+05,2.218669531250000000e+05,2.373768125000000000e+05,1.638942968750000000e+05,5.272470703125000000e+04,8.782415039062500000e+03,0.000000000000000000e+00
1.626285625000000000e+05,1.852379687500000000e+05,2.222997656250000000e+05,2.576320937500000000e+05,1.965462968750000000e+05,8.579443750000000000e+04,1.988075781250000000e+04,1.765329833984375000e+03
1.638521250000000000e+05,1.853575000000000000e+05,2.212616093750000000e+05,2.605957500000000000e+05,2.105791718750000000e+05,1.089863984375000000e+05,2.770950195312500000e+04,3.097611572265625000e+03
1.627740156250000000e+05,1.837637968750000000e+05,2.191125312500000000e+05,2.586973906250000000e+05,2.130117031250000000e+05,1.144398125000000000e+05,2.897258203125000000e+04,3.285613281250000000e+03
1.612659531250000000e+05,1.822305625000000000e+05,2.177440937500000000e+05,2.575283437500000000e+05,2.096572031250000000e+05,1.074680234375000000e+05,2.637499023437500000e+04,2.707322265625000000e+03
1.601026406250000000e+05,1.808447968750000000e+05,2.163013750000000000e+05,2.564216250000000000e+05,2.095948437500000000e+05,1.073763750000000000e+05,2.636092382812500000e+04,2.755489013671875000e+03
1.586465312500000000e+05,1.792762343750000000e+05,2.148546250000000000e+05,2.553854843750000000e+05,2.088823125000000000e+05,1.059547812500000000e+05,2.579675781250000000e+04,2.655940185546875000e+03
1.568672500000000000e+05,1.772780468750000000e+05,2.124369687500000000e+05,2.533714843750000000e+05,2.126710156250000000e+05,1.141221171875000000e+05,2.825750781250000000e+04,3.095312011718750000e+03
1.561152968750000000e+05,1.762797968750000000e+05,2.110130937500000000e+05,2.519204531250000000e+05,2.160038437500000000e+05,1.218635859375000000e+05,3.063690234375000000e+04,3.560930175781250000e+03
1.558301875000000000e+05,1.757988593750000000e+05,2.101638593750000000e+05,2.512814375000000000e+05,2.192837500000000000e+05,1.293929609375000000e+05,3.283000000000000000e+04,3.896180175781250000e+03
1.507768437500000000e+05,1.711611718750000000e+05,2.066200468750000000e+05,2.483720156250000000e+05,2.038137812500000000e+05,9.647807812500000000e+04,2.167183789062500000e+04,1.688561035156250000e+03
1.478016875000000000e+05,1.675273125000000000e+05,2.020342187500000000e+05,2.435509375000000000e+05,2.040878593750000000e+05,9.683155468750000000e+04,2.165323632812500000e+04,1.696700439453125000e+03
5.545825781250000000e+04,6.334003906250000000e+04,7.377313281250000000e+04,8.271350781250000000e+04,5.441157812500000000e+04,2.044788476562500000e+04,4.667721679687500000e+03,0.000000000000000000e+00
5.688769140625000000e+04,6.417654296875000000e+04,7.531100781250000000e+04,8.627242187500000000e+04,6.797078906250000000e+04,2.863875195312500000e+04,8.948008789062500000e+03,1.347972167968750000e+03
5.735262500000000000e+04,6.429894531250000000e+04,7.536046093750000000e+04,8.617633593750000000e+04,7.373287500000000000e+04,3.483919531250000000e+04,1.178816113281250000e+04,2.075504150390625000e+03
5.700930078125000000e+04,6.379611328125000000e+04,7.471592187500000000e+04,8.544953125000000000e+04,7.479013281250000000e+04,3.621836328125000000e+04,1.224093359375000000e+04,2.171410156250000000e+03
5.653505468750000000e+04,6.328794921875000000e+04,7.426437500000000000e+04,8.511896093750000000e+04,7.352925000000000000e+04,3.438124218750000000e+04,1.127550390625000000e+04,1.867130737304687500e+03
5.617168359375000000e+04,6.285696484375000000e+04,7.383239843750000000e+04,8.476210156250000000e+04,7.355817187500000000e+04,3.436023046875000000e+04,1.128330566406250000e+04,1.897217895507812500e+03
5.566827734375000000e+04,6.234260937500000000e+04,7.337165625000000000e+04,8.441964062500000000e+04,7.329420312500000000e+04,3.398956640625000000e+04,1.105959277343750000e+04,1.847575073242187500e+03
5.487564062500000000e+04,6.170624218750000000e+04,7.263292968750000000e+04,8.364973437500000000e+04,7.480257812500000000e+04,3.609583593750000000e+04,1.197190820312500000e+04,2.074520996093750000e+03
5.449089453125000000e+04,6.136276171875000000e+04,7.216255468750000000e+04,8.306850781250000000e+04,7.606551562500000000e+04,3.806886718750000000e+04,1.287423339843750000e+04,2.312934326171875000e+03
5.438323437500000000e+04,6.128982812500000000e+04,7.199855468750000000e+04,8.290639843750000000e+04,7.747605468750000000e+04,4.026336718750000000e+04,1.371379101562500000e+04,2.466300537109375000e+03
5.250504687500000000e+04,5.954408593750000000e+04,7.055842187500000000e+04,8.188466406250000000e+04,7.127431250000000000e+04,3.139318554687500000e+04,9.548224609375000000e+03,1.294658203125000000e+03
5.134926171875000000e+04,5.821362890625000000e+04,6.892018750000000000e+04,7.999102343750000000e+04,7.122966406250000000e+04,3.148135351562500000e+04,9.542111328125000000e+03,1.297797729492187500e+03
1.558959062500000000e+05,1.772215781250000000e+05,1.869882343750000000e+05,1.755088750000000000e+05,1.417538125000000000e+05,8.313397656250000000e+04,2.765275000000000000e+04,0.000000000000000000e+00
1.577071562500000000e+05,1.811034375000000000e+05,1.934656875000000000e+05,1.881878437500000000e+05,1.537634531250000000e+05,1.058278750000000000e+05,4.901001953125000000e+04,3.363728027343750000e+03
1.578590625000000000e+05,1.818745000000000000e+05,1.946572500000000000e+05,1.922105156250000000e+05,1.553087031250000000e+05,1.168698437500000000e+05,5.822612500000000000e+04,7.939457031250000000e+03
1.568233750000000000e+05,1.809019375000000000e+05,1.938228750000000000e+05,1.922513906250000000e+05,1.550295781250000000e+05,1.187415625000000000e+05,5.948372656250000000e+04,8.623683593750000000e+03
1.552224843750000000e+05,1.794442812500000000e+05,1.924339843750000000e+05,1.906444687500000000e+05,1.533886250000000000e+05,1.155661171875000000e+05,5.652471484375000000e+04,6.573727050781250000e+03
1.537649375000000000e+05,1.783244375000000000e+05,1.916324531250000000e+05,1.902268750000000000e+05,1.528362812500000000e+05,1.155661250000000000e+05,5.657559375000000000e+04,6.714488281250000000e+03
1.517323125000000000e+05,1.769572343750000000e+05,1.908530625000000000e+05,1.898168750000000000e+05,1.525974531250000000e+05,1.149014687500000000e+05,5.593090234375000000e+04,6.339187500000000000e+03
1.490906093750000000e+05,1.752572812500000000e+05,1.903391250000000000e+05,1.905983593750000000e+05,1.535062500000000000e+05,1.181747890625000000e+05,5.861727343750000000e+04,7.931060546875000000e+03
1.481903593750000000e+05,1.745566562500000000e+05,1.904487500000000000e+05,1.916273125000000000e+05,1.554243906250000000e+05,1.211516250000000000e+05,6.114607812500000000e+04,9.616283203125000000e+03
1.468085937500000000e+05,1.731253437500000000e+05,1.896070781250000000e+05,1.912900937500000000e+05,1.543706250000000000e+05,1.240235546875000000e+05,6.330982812500000000e+04,1.092853125000000000e+04
1.434398125000000000e+05,1.702882187500000000e+05,1.868906406250000000e+05,1.875797187500000000e+05,1.520105625000000000e+05,1.096545390625000000e+05,5.061711718750000000e+04,3.183642333984375000e+03
1.419967031250000000e+05,1.684739218750000000e+05,1.860163593750000000e+05,1.879664062500000000e+05,1.541933281250000000e+05,1.097424062500000000e+05,5.060991406250000000e+04,3.218379882812500000e+03
8.557896875000000000e+04,1.012368906250000000e+05,1.216697734375000000e+05,1.324254062500000000e+05,8.293238281250000000e+04,3.674778906250000000e+04,1.171057250976562500e+03,0.000000000000000000e+00
8.788884375000000000e+04,1.011414687500000000e+05,1.265832031250000000e+05,1.351127500000000000e+05,1.098952656250000000e+05,4.819294140625000000e+04,7.286115722656250000e+03,2.662183227539062500e+02
8.866976562500000000e+04,1.009348593750000000e+05,1.273747578125000000e+05,1.349053593750000000e+05,1.223979062500000000e+05,5.560679296875000000e+04,1.536004296875000000e+04,4.314543151855468750e+02
8.812285156250000000e+04,1.000015312500000000e+05,1.265712031250000000e+05,1.339215156250000000e+05,1.248253281250000000e+05,5.719380468750000000e+04,1.680276367187500000e+04,4.543978271484375000e+02
8.737733593750000000e+04,9.923278906250000000e+04,1.258682500000000000e+05,1.334563437500000000e+05,1.225199687500000000e+05,5.491850000000000000e+04,1.405849511718750000e+04,3.830361328125000000e+02
8.685466406250000000e+04,9.848601562500000000e+04,1.252668046875000000e+05,1.330509375000000000e+05,1.228190234375000000e+05,5.488067968750000000e+04,1.399542187500000000e+04,3.895683898925781250e+02
8.609772656250000000e+04,9.752657031250000000e+04,1.244739921875000000e+05,1.325154531250000000e+05,1.222838125000000000e+05,5.440917578125000000e+04,1.342650390625000000e+04,3.777963256835937500e+02
8.527446093750000000e+04,9.624203125000000000e+04,1.231009296875000000e+05,1.315107656250000000e+05,1.253730078125000000e+05,5.693837109375000000e+04,1.607560156250000000e+04,4.312874145507812500e+02
8.480784375000000000e+04,9.547700000000000000e+04,1.219811640625000000e+05,1.306705156250000000e+05,1.275184218750000000e+05,5.933016406250000000e+04,1.862102734375000000e+04,4.882252502441406250e+02
8.511422656250000000e+04,9.559846093750000000e+04,1.217812968750000000e+05,1.311433906250000000e+05,1.310628359375000000e+05,6.200427343750000000e+04,2.096606445312500000e+04,5.275852661132812500e+02
8.166628125000000000e+04,9.230591406250000000e+04,1.190880703125000000e+05,1.280493125000000000e+05,1.176838046875000000e+05,5.110590625000000000e+04,9.343150390625000000e+03,2.554373168945312500e+02
7.942260937500000000e+04,8.956247656250000000e+04,1.154806406250000000e+05,1.245836406250000000e+05,1.166751328125000000e+05,5.116944140625000000e+04,9.320054687500000000e+03,2.561920471191406250e+02
2.523455078125000000e+04,2.950611718750000000e+04,3.504287109375000000e+04,4.200176953125000000e+04,2.437803710937500000e+04,7.661002441406250000e+03,7.270546264648437500e+02,0.000000000000000000e+00
2.595475781250000000e+04,2.963169531250000000e+04,3.543256640625000000e+04,4.234575000000000000e+04,3.416200781250000000e+04,1.161171386718750000e+04,2.828695312500000000e+03,1.903697204589843750e+02
2.621226367187500000e+04,2.963423242187500000e+04,3.551154687500000000e+04,4.204057031250000000e+04,3.854917578125000000e+04,1.437913476562500000e+04,4.285048339843750000e+03,2.935754394531250000e+02
2.605345507812500000e+04,2.937346093750000000e+04,3.526003906250000000e+04,4.164666796875000000e+04,3.942161718750000000e+04,1.497143261718750000e+04,4.505689941406250000e+03,3.077017517089843750e+02
2.584216601562500000e+04,2.915415820312500000e+04,3.506821875000000000e+04,4.153971093750000000e+04,3.863299218750000000e+04,1.418760351562500000e+04,4.057931396484375000e+03,2.633587646484375000e+02
2.569440039062500000e+04,2.895302734375000000e+04,3.491175781250000000e+04,4.138689453125000000e+04,3.873691015625000000e+04,1.417633496093750000e+04,4.052887939453125000e+03,2.676816101074218750e+02
2.547563476562500000e+04,2.868778906250000000e+04,3.470705468750000000e+04,4.120282031250000000e+04,3.855626171875000000e+04,1.401397753906250000e+04,3.955914062500000000e+03,2.605998229980468750e+02
2.521487500000000000e+04,2.833946679687500000e+04,3.439616015625000000e+04,4.075909375000000000e+04,3.964341015625000000e+04,1.491875097656250000e+04,4.383572753906250000e+03,2.934933471679687500e+02
2.505699023437500000e+04,2.811789843750000000e+04,3.414784375000000000e+04,4.037791015625000000e+04,4.040437890625000000e+04,1.576335546875000000e+04,4.784373046875000000e+03,3.286362304687500000e+02
2.517439257812500000e+04,2.820334179687500000e+04,3.424385937500000000e+04,4.046345703125000000e+04,4.163826953125000000e+04,1.672187304687500000e+04,5.133958007812500000e+03,3.518964843750000000e+02
2.408624414062500000e+04,2.715412109375000000e+04,3.324903125000000000e+04,3.967214453125000000e+04,3.702743359375000000e+04,1.289987304687500000e+04,3.226124511718750000e+03,1.829303436279296875e+02
2.334873437500000000e+04,2.627848828125000000e+04,3.224350195312500000e+04,3.838271093750000000e+04,3.672767187500000000e+04,1.293777539062500000e+04,3.221444824218750000e+03,1.833173217773437500e+02
3.536192187500000000e+04,3.994874218750000000e+04,4.987140234375000000e+04,4.777701953125000000e+04,3.616776953125000000e+04,1.062643261718750000e+04,3.259522949218750000e+03,0.000000000000000000e+00
3.613805468750000000e+04,4.066391015625000000e+04,4.824149609375000000e+04,5.305218750000000000e+04,4.090413281250000000e+04,2.327803515625000000e+04,5.365006347656250000e+03,5.760966796875000000e+02
3.634800781250000000e+04,4.081374218750000000e+04,4.740622265625000000e+04,5.558692187500000000e+04,4.276771875000000000e+04,2.916788671875000000e+04,6.155861816406250000e+03,1.161269531250000000e+03
3.610245703125000000e+04,4.051676953125000000e+04,4.679348046875000000e+04,5.601414062500000000e+04,4.302513671875000000e+04,3.002250781250000000e+04,6.254075195312500000e+03,1.242541259765625000e+03
3.575138671875000000e+04,4.017748046875000000e+04,4.649292187500000000e+04,5.544494140625000000e+04,4.244837109375000000e+04,2.879365234375000000e+04,6.000403320312500000e+03,9.933633422851562500e+02
3.546032421875000000e+04,3.990663671875000000e+04,4.611463281250000000e+04,5.543531250000000000e+04,4.238079687500000000e+04,2.876404296875000000e+04,6.010045410156250000e+03,1.012142028808593750e+03
3.509526953125000000e+04,3.961372656250000000e+04,4.577491015625000000e+04,5.533723437500000000e+04,4.226491406250000000e+04,2.848444921875000000e+04,5.951176757812500000e+03,9.662480468750000000e+02
3.463432812500000000e+04,3.926815234375000000e+04,4.519845703125000000e+04,5.590506640625000000e+04,4.280991406250000000e+04,2.986766015625000000e+04,6.177612792968750000e+03,1.159723266601562500e+03
3.446608593750000000e+04,3.912131250000000000e+04,4.491919140625000000e+04,5.635142968750000000e+04,4.338777343750000000e+04,3.097885742187500000e+04,6.392322753906250000e+03,1.360084716796875000e+03
3.430489062500000000e+04,3.895473437500000000e+04,4.465163281250000000e+04,5.656591796875000000e+04,4.369447656250000000e+04,3.198826562500000000e+04,6.570966796875000000e+03,1.508214599609375000e+03
3.333340625000000000e+04,3.808650390625000000e+04,4.407126562500000000e+04,5.466837500000000000e+04,4.153675390625000000e+04,2.641726171875000000e+04,5.479841308593750000e+03,5.476641235351562500e+02
3.281071093750000000e+04,3.748087890625000000e+04,4.327249218750000000e+04,5.476396484375000000e+04,4.174137109375000000e+04,2.649338476562500000e+04,5.480000000000000000e+03,5.522888183593750000e+02
7.899406250000000000e+03,8.011035156250000000e+03,8.482949218750000000e+03,9.052296875000000000e+03,6.182772949218750000e+03,3.483226318359375000e+03,2.086991210937500000e+03,0.000000000000000000e+00
8.161866699218750000e+03,8.302528320312500000e+03,8.661750000000000000e+03,9.269230468750000000e+03,7.826197753906250000e+03,4.383879394531250000e+03,2.642181884765625000e+03,8.794688720703125000e+02
8.233756835937500000e+03,8.404085937500000000e+03,8.695827148437500000e+03,9.318463867187500000e+03,8.617475585937500000e+03,4.808541503906250000e+03,2.850101074218750000e+03,1.320266357421875000e+03
8.208554687500000000e+03,8.387749023437500000e+03,8.653968750000000000e+03,9.290080078125000000e+03,8.777172851562500000e+03,4.888795898437500000e+03,2.864439208984375000e+03,1.362595336914062500e+03
8.165563964843750000e+03,8.335357421875000000e+03,8.605331054687500000e+03,9.249012695312500000e+03,8.633985351562500000e+03,4.754631835937500000e+03,2.792558105468750000e+03,1.215610961914062500e+03
8.124894042968750000e+03,8.324090820312500000e+03,8.585134765625000000e+03,9.238720703125000000e+03,8.662890625000000000e+03,4.754896484375000000e+03,2.805506835937500000e+03,1.232382934570312500e+03
8.027340820312500000e+03,8.299666992187500000e+03,8.552646484375000000e+03,9.213109375000000000e+03,8.632387695312500000e+03,4.733428710937500000e+03,2.776435791015625000e+03,1.205958862304687500e+03
7.755979980468750000e+03,8.305062500000000000e+03,8.526319335937500000e+03,9.181543945312500000e+03,8.818781250000000000e+03,4.867148437500000000e+03,2.841161621093750000e+03,1.318115722656250000e+03
7.615272460937500000e+03,8.300617187500000000e+03,8.499345703125000000e+03,9.150029296875000000e+03,8.932670898437500000e+03,4.992720703125000000e+03,2.905844970703125000e+03,1.423232543945312500e+03
7.562243164062500000e+03,8.353016601562500000e+03,8.543042968750000000e+03,9.208691406250000000e+03,9.183285156250000000e+03,5.116935058593750000e+03,2.944423339843750000e+03,1.479614868164062500e+03
7.262418945312500000e+03,8.074933593750000000e+03,8.269652343750000000e+03,8.929353515625000000e+03,8.287701171875000000e+03,4.521652343750000000e+03,2.640166259765625000e+03,8.415704345703125000e+02
7.084690429687500000e+03,7.955373046875000000e+03,8.111159179687500000e+03,8.741152343750000000e+03,8.194050781250000000e+03,4.526947265625000000e+03,2.641219970703125000e+03,8.454248657226562500e+02
1.359484687500000000e+05,1.529372500000000000e+05,1.756126718750000000e+05,2.083226875000000000e+05,1.305610078125000000e+05,4.428250000000000000e+04,1.414324414062500000e+04,0.000000000000000000e+00
1.390233593750000000e+05,1.558052343750000000e+05,1.775447187500000000e+05,2.141038750000000000e+05,1.693115000000000000e+05,6.252247265625000000e+04,2.445486914062500000e+04,2.517923828125000000e+03
1.399136875000000000e+05,1.565450625000000000e+05,1.775876406250000000e+05,2.121997812500000000e+05,1.856335625000000000e+05,7.744320312500000000e+04,3.004228906250000000e+04,5.414651367187500000e+03
1.390183125000000000e+05,1.555091562500000000e+05,1.762382500000000000e+05,2.098583281250000000e+05,1.887016875000000000e+05,8.091181250000000000e+04,3.082308398437500000e+04,5.803114746093750000e+03
1.377638125000000000e+05,1.543372343750000000e+05,1.751820468750000000e+05,2.092755781250000000e+05,1.853035937500000000e+05,7.640823437500000000e+04,2.904668164062500000e+04,4.603309082031250000e+03
1.367453906250000000e+05,1.534503593750000000e+05,1.743250937500000000e+05,2.082755000000000000e+05,1.854515937500000000e+05,7.637696093750000000e+04,2.907099609375000000e+04,4.693848632812500000e+03
1.352709843750000000e+05,1.523408125000000000e+05,1.733722500000000000e+05,2.073384687500000000e+05,1.847243593750000000e+05,7.545861718750000000e+04,2.867118164062500000e+04,4.465488281250000000e+03
1.333689687500000000e+05,1.510727187500000000e+05,1.720677656250000000e+05,2.047897812500000000e+05,1.889680781250000000e+05,8.069306250000000000e+04,3.031618945312500000e+04,5.407532226562500000e+03
1.324765625000000000e+05,1.503635000000000000e+05,1.712282343750000000e+05,2.028219531250000000e+05,1.924450625000000000e+05,8.564722656250000000e+04,3.184559765625000000e+04,6.360666015625000000e+03
1.324139062500000000e+05,1.504455781250000000e+05,1.712828906250000000e+05,2.022380937500000000e+05,1.964713750000000000e+05,9.131485156250000000e+04,3.312239453125000000e+04,7.043481445312500000e+03
1.275761796875000000e+05,1.458789687500000000e+05,1.671454687500000000e+05,2.003970625000000000e+05,1.792654218750000000e+05,6.920346093750000000e+04,2.553698046875000000e+04,2.388347167968750000e+03
1.245186093750000000e+05,1.425358906250000000e+05,1.633047812500000000e+05,1.947346250000000000e+05,1.790173281250000000e+05,6.944307031250000000e+04,2.553197070312500000e+04,2.411113525390625000e+03
2.111843554687500000e+04,2.370596484375000000e+04,2.348395312500000000e+04,2.062475000000000000e+04,1.734091210937500000e+04,1.386521093750000000e+04,4.346396972656250000e+03,0.000000000000000000e+00
2.157152148437500000e+04,2.401138671875000000e+04,2.545842187500000000e+04,2.191073828125000000e+04,1.887639062500000000e+04,1.529970019531250000e+04,7.637475585937500000e+03,1.514589233398437500e+03
2.170178906250000000e+04,2.403834570312500000e+04,2.595861718750000000e+04,2.238120507812500000e+04,1.942418945312500000e+04,1.589369335937500000e+04,9.641502929687500000e+03,2.205073974609375000e+03
2.161874218750000000e+04,2.390343554687500000e+04,2.597945898437500000e+04,2.242649023437500000e+04,1.949221093750000000e+04,1.598368847656250000e+04,9.907526367187500000e+03,2.292756347656250000e+03
2.148034179687500000e+04,2.372108593750000000e+04,2.580155078125000000e+04,2.225237304687500000e+04,1.929278320312500000e+04,1.572874707031250000e+04,9.287256835937500000e+03,2.009276733398437500e+03
2.136377148437500000e+04,2.358445117187500000e+04,2.577400000000000000e+04,2.224237890625000000e+04,1.928718359375000000e+04,1.573056152343750000e+04,9.304710937500000000e+03,2.040114868164062500e+03
2.115373437500000000e+04,2.340385546875000000e+04,2.571826367187500000e+04,2.221043554687500000e+04,1.925577929687500000e+04,1.569261035156250000e+04,9.141648437500000000e+03,1.995798217773437500e+03
2.059802343750000000e+04,2.319851171875000000e+04,2.577437500000000000e+04,2.232170312500000000e+04,1.940546679687500000e+04,1.589808398437500000e+04,9.732898437500000000e+03,2.204280029296875000e+03
2.032397656250000000e+04,2.309951562500000000e+04,2.580855664062500000e+04,2.243688476562500000e+04,1.955832812500000000e+04,1.609985742187500000e+04,1.028317285156250000e+04,2.422975097656250000e+03
2.010542578125000000e+04,2.300718750000000000e+04,2.580505273437500000e+04,2.252995898437500000e+04,1.967421093750000000e+04,1.625300781250000000e+04,1.072169433593750000e+04,2.552401611328125000e+03
1.953546679687500000e+04,2.250734765625000000e+04,2.523089062500000000e+04,2.186107617187500000e+04,1.888354882812500000e+04,1.524139160156250000e+04,8.064635253906250000e+03,1.456952148437500000e+03
1.926243164062500000e+04,2.225322265625000000e+04,2.509977343750000000e+04,2.184539648437500000e+04,1.890878125000000000e+04,1.523421582031250000e+04,8.060384277343750000e+03,1.459185058593750000e+03
7.011095214843750000e+03,7.311867675781250000e+03,6.993202636718750000e+03,7.672585449218750000e+03,5.460576660156250000e+03,3.391073486328125000e+03,1.996675659179687500e+03,0.000000000000000000e+00
7.234751953125000000e+03,7.518577148437500000e+03,7.248079101562500000e+03,7.848378906250000000e+03,6.642219238281250000e+03,3.829246093750000000e+03,2.986850830078125000e+03,8.940520629882812500e+02
7.319353027343750000e+03,7.581468750000000000e+03,7.339648925781250000e+03,7.820248535156250000e+03,7.120230957031250000e+03,4.153066894531250000e+03,3.171316650390625000e+03,1.216914550781250000e+03
7.304975097656250000e+03,7.558457031250000000e+03,7.333341796875000000e+03,7.769712402343750000e+03,7.213300781250000000e+03,4.229520996093750000e+03,3.164304931640625000e+03,1.255159057617187500e+03
7.282856933593750000e+03,7.505683105468750000e+03,7.284320800781250000e+03,7.738762695312500000e+03,7.107754882812500000e+03,4.106222656250000000e+03,3.120236083984375000e+03,1.127056030273437500e+03
7.264298828125000000e+03,7.485541015625000000e+03,7.281808105468750000e+03,7.716757812500000000e+03,7.115814453125000000e+03,4.106865234375000000e+03,3.137325683593750000e+03,1.143284423828125000e+03
7.213003906250000000e+03,7.456175781250000000e+03,7.274701660156250000e+03,7.695851562500000000e+03,7.099385253906250000e+03,4.091040527343750000e+03,3.108076416015625000e+03,1.124791015625000000e+03
6.956505371093750000e+03,7.447135742187500000e+03,7.317407226562500000e+03,7.635988769531250000e+03,7.215986816406250000e+03,4.212769531250000000e+03,3.147234619140625000e+03,1.216657958984375000e+03
6.816193847656250000e+03,7.438536132812500000e+03,7.344386230468750000e+03,7.590326660156250000e+03,7.308531250000000000e+03,4.332247558593750000e+03,3.185677734375000000e+03,1.312622070312500000e+03
6.729746093750000000e+03,7.454739746093750000e+03,7.400574218750000000e+03,7.588471679687500000e+03,7.441722656250000000e+03,4.454196289062500000e+03,3.190324218750000000e+03,1.360264038085937500e+03
6.502031738281250000e+03,7.247925292968750000e+03,7.143015625000000000e+03,7.473002929687500000e+03,6.891772460937500000e+03,3.909741210937500000e+03,2.998807617187500000e+03,8.615494384765625000e+02
6.371278808593750000e+03,7.164444335937500000e+03,7.103187500000000000e+03,7.321454101562500000e+03,6.871616699218750000e+03,3.914338623046875000e+03,2.998689208984375000e+03,8.619959716796875000e+02
5.718820625000000000e+05,6.433356875000000000e+05,7.330926875000000000e+05,8.884745000000000000e+05,5.497459375000000000e+05,1.726364687500000000e+05,7.358417968750000000e+04,0.000000000000000000e+00
5.825807500000000000e+05,6.654346250000000000e+05,7.338811250000000000e+05,9.093787500000000000e+05,7.183503750000000000e+05,2.511922187500000000e+05,1.150834687500000000e+05,3.949497070312500000e+03
5.856071875000000000e+05,6.717265000000000000e+05,7.314805625000000000e+05,8.979455000000000000e+05,7.860308750000000000e+05,3.136520625000000000e+05,1.266041171875000000e+05,1.401447265625000000e+04
5.816250625000000000e+05,6.682397500000000000e+05,7.249805625000000000e+05,8.867850000000000000e+05,7.985303125000000000e+05,3.286679062500000000e+05,1.282677265625000000e+05,1.569249023437500000e+04
5.760579375000000000e+05,6.633069375000000000e+05,7.206078125000000000e+05,8.845934375000000000e+05,7.839687500000000000e+05,3.094199687500000000e+05,1.238488125000000000e+05,1.081559082031250000e+04
5.714865625000000000e+05,6.598273750000000000e+05,7.166009375000000000e+05,8.798860625000000000e+05,7.841683750000000000e+05,3.093296562500000000e+05,1.240272343750000000e+05,1.111262792968750000e+04
5.652027500000000000e+05,6.549789375000000000e+05,7.124006250000000000e+05,8.757523125000000000e+05,7.811423125000000000e+05,3.053884375000000000e+05,1.231423593750000000e+05,1.023577636718750000e+04
5.583010625000000000e+05,6.484080625000000000e+05,7.062363125000000000e+05,8.639113750000000000e+05,7.990526250000000000e+05,3.279114375000000000e+05,1.268673515625000000e+05,1.401224511718750000e+04
5.552021250000000000e+05,6.444136250000000000e+05,7.026686875000000000e+05,8.551057500000000000e+05,8.146720000000000000e+05,3.494084062500000000e+05,1.306391640625000000e+05,1.814051367187500000e+04
5.549050000000000000e+05,6.431145000000000000e+05,7.024348750000000000e+05,8.515323125000000000e+05,8.298763125000000000e+05,3.743645625000000000e+05,1.339811562500000000e+05,2.157848632812500000e+04
5.352752500000000000e+05,6.247281875000000000e+05,6.863257500000000000e+05,8.463183750000000000e+05,7.601365625000000000e+05,2.790246250000000000e+05,1.154411953125000000e+05,3.690382324218750000e+03
5.227493437500000000e+05,6.092655625000000000e+05,6.704337500000000000e+05,8.218423750000000000e+05,7.606708750000000000e+05,2.800818125000000000e+05,1.154628750000000000e+05,3.756458251953125000e+03
2.769343125000000000e+05,3.162142500000000000e+05,4.068443750000000000e+05,5.136425000000000000e+05,2.996577187500000000e+05,3.491709765625000000e+04,4.432715820312500000e+03,0.000000000000000000e+00
2.852546562500000000e+05,3.210047500000000000e+05,3.940083125000000000e+05,5.279120000000000000e+05,4.043326875000000000e+05,1.015750859375000000e+05,1.141793847656250000e+04,4.982781677246093750e+02
2.881511250000000000e+05,3.220667812500000000e+05,3.873871562500000000e+05,5.236624062500000000e+05,4.467230937500000000e+05,1.483730625000000000e+05,1.373694824218750000e+04,1.117135009765625000e+03
2.860728437500000000e+05,3.191552500000000000e+05,3.818081875000000000e+05,5.177305000000000000e+05,4.546338437500000000e+05,1.587238750000000000e+05,1.408317187500000000e+04,1.210216430664062500e+03
2.834046250000000000e+05,3.164913750000000000e+05,3.795500625000000000e+05,5.161771562500000000e+05,4.456797812500000000e+05,1.460423437500000000e+05,1.330816601562500000e+04,9.313128662109375000e+02
2.814339687500000000e+05,3.141647187500000000e+05,3.763012812500000000e+05,5.133223750000000000e+05,4.455981875000000000e+05,1.458333437500000000e+05,1.331573339843750000e+04,9.511184082031250000e+02
2.792334062500000000e+05,3.116893437500000000e+05,3.732937812500000000e+05,5.108649375000000000e+05,4.437468437500000000e+05,1.431696875000000000e+05,1.315843945312500000e+04,9.010062866210937500e+02
2.770886875000000000e+05,3.086369062500000000e+05,3.676758750000000000e+05,5.043145937500000000e+05,4.549720625000000000e+05,1.584110937500000000e+05,1.385335253906250000e+04,1.116354614257812500e+03
2.760920625000000000e+05,3.069840000000000000e+05,3.642998437500000000e+05,4.993130000000000000e+05,4.649288437500000000e+05,1.724922968750000000e+05,1.459079882812500000e+04,1.345694091796875000e+03
2.766125937500000000e+05,3.070525000000000000e+05,3.632325625000000000e+05,4.972033125000000000e+05,4.743165000000000000e+05,1.886885156250000000e+05,1.537085742187500000e+04,1.526057128906250000e+03
2.664117187500000000e+05,2.973923750000000000e+05,3.561199375000000000e+05,4.938453437500000000e+05,4.317887500000000000e+05,1.257995937500000000e+05,1.193321093750000000e+04,4.731402282714843750e+02
2.592551562500000000e+05,2.889363125000000000e+05,3.448139687500000000e+05,4.792730312500000000e+05,4.323888125000000000e+05,1.266040390625000000e+05,1.192709667968750000e+04,4.773433837890625000e+02
2.211686406250000000e+05,2.569752187500000000e+05,2.894997187500000000e+05,2.642283750000000000e+05,2.039864843750000000e+05,1.088625468750000000e+05,2.674034375000000000e+04,0.000000000000000000e+00
2.248894843750000000e+05,2.609144687500000000e+05,2.944080937500000000e+05,2.842156875000000000e+05,2.332376406250000000e+05,1.587027812500000000e+05,5.409185546875000000e+04,2.972643066406250000e+03
2.257552031250000000e+05,2.613801250000000000e+05,2.946947187500000000e+05,2.942909687500000000e+05,2.459976875000000000e+05,1.771635312500000000e+05,6.736391406250000000e+04,6.806128906250000000e+03
2.243558593750000000e+05,2.596178125000000000e+05,2.927936562500000000e+05,2.960481250000000000e+05,2.479971093750000000e+05,1.795223593750000000e+05,6.933803906250000000e+04,7.393625000000000000e+03
2.222591250000000000e+05,2.575977968750000000e+05,2.909775625000000000e+05,2.933721875000000000e+05,2.447310156250000000e+05,1.751735625000000000e+05,6.499618359375000000e+04,5.643223632812500000e+03
2.205073437500000000e+05,2.558625781250000000e+05,2.895766250000000000e+05,2.934857500000000000e+05,2.447800156250000000e+05,1.751015468750000000e+05,6.501552343750000000e+04,5.764018066406250000e+03
2.179753906250000000e+05,2.535324062500000000e+05,2.879698750000000000e+05,2.929787812500000000e+05,2.440737343750000000e+05,1.741408750000000000e+05,6.408517578125000000e+04,5.450952636718750000e+03
2.148352343750000000e+05,2.503115781250000000e+05,2.858879687500000000e+05,2.958462812500000000e+05,2.474618906250000000e+05,1.785129531250000000e+05,6.809961718750000000e+04,6.800563476562500000e+03
2.135243281250000000e+05,2.486287968750000000e+05,2.848257187500000000e+05,2.982559375000000000e+05,2.503460312500000000e+05,1.821816406250000000e+05,7.193764062500000000e+04,8.249897460937500000e+03
2.127357656250000000e+05,2.474208437500000000e+05,2.841886875000000000e+05,3.005042812500000000e+05,2.533520625000000000e+05,1.853667656250000000e+05,7.539271875000000000e+04,9.399446289062500000e+03
2.061691093750000000e+05,2.414932187500000000e+05,2.787821875000000000e+05,2.885968750000000000e+05,2.382546250000000000e+05,1.663584218750000000e+05,5.671607031250000000e+04,2.819100097656250000e+03
2.026805937500000000e+05,2.369156250000000000e+05,2.745873125000000000e+05,2.885804687500000000e+05,2.379828281250000000e+05,1.664610625000000000e+05,5.669255468750000000e+04,2.846518066406250000e+03
1.766981640625000000e+04,1.965197070312500000e+04,2.114856640625000000e+04,2.254223242187500000e+04,1.492604296875000000e+04,7.905806152343750000e+03,2.919462646484375000e+03,0.000000000000000000e+00
1.814864062500000000e+04,2.002908007812500000e+04,2.171405468750000000e+04,2.308047265625000000e+04,1.930153320312500000e+04,1.023947460937500000e+04,4.969630859375000000e+03,1.051085205078125000e+03
1.831838476562500000e+04,2.012227343750000000e+04,2.187625390625000000e+04,2.322000195312500000e+04,2.151937890625000000e+04,1.136989941406250000e+04,5.887172363281250000e+03,1.520235961914062500e+03
1.824678710937500000e+04,2.001266796875000000e+04,2.179307617187500000e+04,2.315910546875000000e+04,2.196950195312500000e+04,1.157024023437500000e+04,5.982403808593750000e+03,1.578859497070312500e+03
1.814105078125000000e+04,1.987752343750000000e+04,2.167397656250000000e+04,2.305727539062500000e+04,2.159043164062500000e+04,1.124035253906250000e+04,5.719767089843750000e+03,1.388174804687500000e+03
1.806201757812500000e+04,1.978951757812500000e+04,2.162800195312500000e+04,2.303701953125000000e+04,2.167805859375000000e+04,1.123767675781250000e+04,5.736244628906250000e+03,1.409327148437500000e+03
1.789904296875000000e+04,1.964827539062500000e+04,2.154174218750000000e+04,2.296787109375000000e+04,2.158980078125000000e+04,1.117913671875000000e+04,5.657605468750000000e+03,1.379545898437500000e+03
1.749497656250000000e+04,1.948815039062500000e+04,2.147868164062500000e+04,2.290370312500000000e+04,2.211013867187500000e+04,1.151502148437500000e+04,5.905234863281250000e+03,1.519695434570312500e+03
1.726215625000000000e+04,1.937288085937500000e+04,2.141409960937500000e+04,2.282659179687500000e+04,2.240506445312500000e+04,1.183199023437500000e+04,6.134980957031250000e+03,1.665905761718750000e+03
1.723655859375000000e+04,1.944555078125000000e+04,2.155650781250000000e+04,2.301478125000000000e+04,2.313241406250000000e+04,1.216345117187500000e+04,6.308219238281250000e+03,1.750647094726562500e+03
1.651745117187500000e+04,1.876141992187500000e+04,2.081466601562500000e+04,2.222658984375000000e+04,2.063673437500000000e+04,1.065843652343750000e+04,5.158214355468750000e+03,1.011242675781250000e+03
1.607703027343750000e+04,1.831252929687500000e+04,2.038732617187500000e+04,2.171827734375000000e+04,2.034359960937500000e+04,1.066833691406250000e+04,5.156407226562500000e+03,1.012695251464843750e+03
1.284635937500000000e+05,1.492616875000000000e+05,1.765623437500000000e+05,1.808577187500000000e+05,1.246540390625000000e+05,5.161496093750000000e+04,8.767089843750000000e+03,0.000000000000000000e+00
1.312621093750000000e+05,1.505090937500000000e+05,1.787406718750000000e+05,1.909532812500000000e+05,1.528417656250000000e+05,7.880889062500000000e+04,2.007960351562500000e+04,1.032498535156250000e+03
1.320890468750000000e+05,1.505832656250000000e+05,1.786804687500000000e+05,1.942103281250000000e+05,1.654799531250000000e+05,9.256263281250000000e+04,2.811207617187500000e+04,2.506248291015625000e+03
1.312404531250000000e+05,1.493996875000000000e+05,1.772924531250000000e+05,1.939496562500000000e+05,1.677627031250000000e+05,9.501410156250000000e+04,2.938410546875000000e+04,2.744583496093750000e+03
1.300415000000000000e+05,1.482264062500000000e+05,1.762364531250000000e+05,1.927460468750000000e+05,1.650627187500000000e+05,9.142577343750000000e+04,2.677578515625000000e+04,2.044431152343750000e+03
1.291014140625000000e+05,1.472023750000000000e+05,1.752746406250000000e+05,1.923928125000000000e+05,1.652125625000000000e+05,9.136500000000000000e+04,2.675290820312500000e+04,2.091291748046875000e+03
1.278097500000000000e+05,1.459220156250000000e+05,1.741843750000000000e+05,1.918054375000000000e+05,1.646117500000000000e+05,9.059650000000000000e+04,2.620076953125000000e+04,1.969244140625000000e+03
1.263173359375000000e+05,1.442726875000000000e+05,1.724860937500000000e+05,1.918055468750000000e+05,1.678591406250000000e+05,9.456435937500000000e+04,2.866695117187500000e+04,2.505437744140625000e+03
1.256317421875000000e+05,1.433752187500000000e+05,1.714030937500000000e+05,1.918200156250000000e+05,1.704023437500000000e+05,9.811559375000000000e+04,3.102391796875000000e+04,3.093848632812500000e+03
1.255718046875000000e+05,1.431438125000000000e+05,1.710458906250000000e+05,1.925723125000000000e+05,1.736686562500000000e+05,1.017480156250000000e+05,3.317944531250000000e+04,3.540301269531250000e+03
1.212002500000000000e+05,1.390634843750000000e+05,1.675957812500000000e+05,1.871473437500000000e+05,1.597842500000000000e+05,8.501681250000000000e+04,2.196999218750000000e+04,9.790513916015625000e+02
1.185824218750000000e+05,1.358842656250000000e+05,1.638404218750000000e+05,1.845399062500000000e+05,1.592549375000000000e+05,8.516092187500000000e+04,2.195150976562500000e+04,9.884869995117187500e+02
5.334282812500000000e+04,5.940663281250000000e+04,7.134960937500000000e+04,8.012094531250000000e+04,5.111996875000000000e+04,1.627711328125000000e+04,5.095007324218750000e+03,0.000000000000000000e+00
5.487177343750000000e+04,6.045531250000000000e+04,7.104759375000000000e+04,8.339439062500000000e+04,6.611246875000000000e+04,2.711792968750000000e+04,8.088947265625000000e+03,1.692443359375000000e+03
5.530342578125000000e+04,6.071730078125000000e+04,7.059960156250000000e+04,8.397364843750000000e+04,7.289643750000000000e+04,3.364730078125000000e+04,9.837412109375000000e+03,2.876669189453125000e+03
5.497239843750000000e+04,6.029459765625000000e+04,6.990093750000000000e+04,8.353893750000000000e+04,7.419633593750000000e+04,3.492829296875000000e+04,1.009743359375000000e+04,2.976896484375000000e+03
5.450803515625000000e+04,5.984323437500000000e+04,6.950614843750000000e+04,8.316160937500000000e+04,7.286789062500000000e+04,3.320437109375000000e+04,9.501728515625000000e+03,2.618506835937500000e+03
5.413467968750000000e+04,5.950352734375000000e+04,6.909182031250000000e+04,8.292323437500000000e+04,7.298701562500000000e+04,3.317982812500000000e+04,9.516627929687500000e+03,2.656111572265625000e+03
5.356503515625000000e+04,5.907632421875000000e+04,6.863511718750000000e+04,8.261469531250000000e+04,7.269099218750000000e+04,3.281976953125000000e+04,9.373609375000000000e+03,2.579416748046875000e+03
5.271032031250000000e+04,5.859183203125000000e+04,6.787500781250000000e+04,8.214342968750000000e+04,7.439942968750000000e+04,3.479561328125000000e+04,9.927448242187500000e+03,2.869594726562500000e+03
5.228846875000000000e+04,5.830322656250000000e+04,6.736939062500000000e+04,8.173088281250000000e+04,7.566871875000000000e+04,3.657675781250000000e+04,1.046812890625000000e+04,3.113737060546875000e+03
5.229197265625000000e+04,5.841673437500000000e+04,6.735268750000000000e+04,8.188796093750000000e+04,7.751567187500000000e+04,3.847939453125000000e+04,1.094547363281250000e+04,3.257570312500000000e+03
5.027234375000000000e+04,5.651989843750000000e+04,6.576160937500000000e+04,8.011507812500000000e+04,7.023268750000000000e+04,3.026525000000000000e+04,8.393051757812500000e+03,1.609167236328125000e+03
4.899182812500000000e+04,5.515060546875000000e+04,6.398337890625000000e+04,7.828500781250000000e+04,6.985805468750000000e+04,3.036019140625000000e+04,8.392619140625000000e+03,1.622326171875000000e+03
1.786657968750000000e+05,2.031646250000000000e+05,2.101558281250000000e+05,2.451916250000000000e+05,1.532059687500000000e+05,8.025124218750000000e+04,2.739064062500000000e+04,0.000000000000000000e+00
1.816397812500000000e+05,2.081388750000000000e+05,2.220866406250000000e+05,2.461165625000000000e+05,2.048503437500000000e+05,9.058659375000000000e+04,4.952390625000000000e+04,2.830579345703125000e+03
1.824290312500000000e+05,2.095206875000000000e+05,2.254226562500000000e+05,2.430473125000000000e+05,2.283700781250000000e+05,1.017067656250000000e+05,5.979559765625000000e+04,7.290834472656250000e+03
1.813591406250000000e+05,2.085291875000000000e+05,2.248137812500000000e+05,2.404732187500000000e+05,2.329714531250000000e+05,1.043422187500000000e+05,6.125914062500000000e+04,7.971657226562500000e+03
1.797784062500000000e+05,2.071409687500000000e+05,2.235597968750000000e+05,2.399849531250000000e+05,2.286940781250000000e+05,1.005245937500000000e+05,5.792374609375000000e+04,5.944431152343750000e+03
1.784787500000000000e+05,2.061888906250000000e+05,2.231222343750000000e+05,2.391584062500000000e+05,2.293612812500000000e+05,1.005531093750000000e+05,5.796092187500000000e+04,6.079894531250000000e+03
1.762497500000000000e+05,2.045920000000000000e+05,2.222327343750000000e+05,2.381277968750000000e+05,2.283778281250000000e+05,9.979457812500000000e+04,5.724653515625000000e+04,5.707889648437500000e+03
1.734827968750000000e+05,2.025335625000000000e+05,2.215747968750000000e+05,2.353604687500000000e+05,2.341612187500000000e+05,1.039876015625000000e+05,6.029285156250000000e+04,7.284578613281250000e+03
1.720674218750000000e+05,2.011152812500000000e+05,2.209733125000000000e+05,2.330550781250000000e+05,2.381426562500000000e+05,1.081016484375000000e+05,6.318149609375000000e+04,8.959367187500000000e+03
1.722603593750000000e+05,2.013025000000000000e+05,2.220800781250000000e+05,2.333775468750000000e+05,2.447402812500000000e+05,1.128327187500000000e+05,6.571037500000000000e+04,1.028097460937500000e+04
1.652877968750000000e+05,1.946564843750000000e+05,2.150595937500000000e+05,2.292806875000000000e+05,2.196364843750000000e+05,9.426695312500000000e+04,5.140326171875000000e+04,2.672766601562500000e+03
1.609270625000000000e+05,1.895431875000000000e+05,2.105271718750000000e+05,2.219294531250000000e+05,2.176053437500000000e+05,9.440967968750000000e+04,5.139244921875000000e+04,2.705241210937500000e+03
5.885898750000000000e+05,6.865330000000000000e+05,7.907925000000000000e+05,9.278487500000000000e+05,5.741179375000000000e+05,2.205360000000000000e+05,3.574042187500000000e+04,0.000000000000000000e+00
6.023350625000000000e+05,6.943643750000000000e+05,8.132641250000000000e+05,9.468176250000000000e+05,7.537228750000000000e+05,2.795527812500000000e+05,8.963732812500000000e+04,2.734824951171875000e+03
6.066537500000000000e+05,6.951094375000000000e+05,8.148711250000000000e+05,9.330673125000000000e+05,8.307036875000000000e+05,3.360835937500000000e+05,1.237607890625000000e+05,7.638879882812500000e+03
6.027363125000000000e+05,6.893893125000000000e+05,8.088284375000000000e+05,9.209679375000000000e+05,8.452671875000000000e+05,3.505705625000000000e+05,1.292186015625000000e+05,8.421526367187500000e+03
5.972750000000000000e+05,6.840403750000000000e+05,8.040935625000000000e+05,9.191471875000000000e+05,8.297363750000000000e+05,3.316539062500000000e+05,1.180286953125000000e+05,6.119448730468750000e+03
5.931023125000000000e+05,6.791163125000000000e+05,8.000102500000000000e+05,9.143683125000000000e+05,8.306700625000000000e+05,3.315181875000000000e+05,1.179175703125000000e+05,6.267577148437500000e+03
5.873421875000000000e+05,6.728609375000000000e+05,7.952483750000000000e+05,9.099763125000000000e+05,8.272880625000000000e+05,3.277019375000000000e+05,1.155841640625000000e+05,5.852585449218750000e+03
5.810845000000000000e+05,6.644603750000000000e+05,7.880436250000000000e+05,8.969473750000000000e+05,8.470980000000000000e+05,3.495990000000000000e+05,1.261245078125000000e+05,7.634479003906250000e+03
5.779867500000000000e+05,6.596210000000000000e+05,7.831695625000000000e+05,8.870093750000000000e+05,8.628680000000000000e+05,3.709600625000000000e+05,1.362619843750000000e+05,9.561695312500000000e+03
5.787666250000000000e+05,6.590702500000000000e+05,7.828688125000000000e+05,8.846320625000000000e+05,8.822498125000000000e+05,3.960210937500000000e+05,1.456817031250000000e+05,1.113394433593750000e+04
5.571137500000000000e+05,6.386438125000000000e+05,7.646146250000000000e+05,8.773836250000000000e+05,8.014606875000000000e+05,3.022934687500000000e+05,9.750844531250000000e+04,2.576927001953125000e+03
5.431554375000000000e+05,6.213618750000000000e+05,7.453490000000000000e+05,8.498580625000000000e+05,7.992006875000000000e+05,3.031037187500000000e+05,9.742486718750000000e+04,2.611190185546875000e+03
4.210295937500000000e+05,4.804459062500000000e+05,5.931151250000000000e+05,6.107184375000000000e+05,4.102761250000000000e+05,1.335831093750000000e+05,3.333736718750000000e+04,0.000000000000000000e+00
4.304713125000000000e+05,4.901197812500000000e+05,5.840759375000000000e+05,6.506395000000000000e+05,5.147247500000000000e+05,2.517561875000000000e+05,5.814414843750000000e+04,2.246399169921875000e+03
4.334571250000000000e+05,4.926798125000000000e+05,5.771649375000000000e+05,6.665732500000000000e+05,5.689048125000000000e+05,3.059939375000000000e+05,7.031313281250000000e+04,7.298361816406250000e+03
4.307131250000000000e+05,4.894033125000000000e+05,5.705005000000000000e+05,6.672777500000000000e+05,5.793097500000000000e+05,3.151216250000000000e+05,7.232524218750000000e+04,8.138073730468750000e+03
4.268847500000000000e+05,4.858565625000000000e+05,5.675100000000000000e+05,6.630208125000000000e+05,5.693713125000000000e+05,3.021164062500000000e+05,6.794886718750000000e+04,5.695066406250000000e+03
4.239476250000000000e+05,4.831442500000000000e+05,5.637098750000000000e+05,6.625270625000000000e+05,5.709050000000000000e+05,3.018496875000000000e+05,6.797439843750000000e+04,5.845763183593750000e+03
4.196625312500000000e+05,4.793692187500000000e+05,5.594121250000000000e+05,6.605642500000000000e+05,5.684804375000000000e+05,2.989946250000000000e+05,6.708852343750000000e+04,5.409494628906250000e+03
4.149789375000000000e+05,4.746003750000000000e+05,5.517569375000000000e+05,6.618614375000000000e+05,5.816518125000000000e+05,3.136075000000000000e+05,7.105857812500000000e+04,7.296722167968750000e+03
4.125049687500000000e+05,4.715289375000000000e+05,5.467901875000000000e+05,6.623198750000000000e+05,5.900977500000000000e+05,3.262843437500000000e+05,7.506590625000000000e+04,9.364428710937500000e+03
4.136425625000000000e+05,4.722576875000000000e+05,5.466395625000000000e+05,6.674770000000000000e+05,6.063518125000000000e+05,3.388680937500000000e+05,7.893321875000000000e+04,1.109101367187500000e+04
3.971019375000000000e+05,4.564150312500000000e+05,5.337893750000000000e+05,6.432134375000000000e+05,5.465655625000000000e+05,2.784743125000000000e+05,6.016435156250000000e+04,2.106658691406250000e+03
3.868291562500000000e+05,4.442290937500000000e+05,5.183725937500000000e+05,6.331509375000000000e+05,5.406545000000000000e+05,2.791277812500000000e+05,6.015407031250000000e+04,2.140131347656250000e+03
2.298074414062500000e+04,2.649460156250000000e+04,2.904864843750000000e+04,3.073242382812500000e+04,2.136192187500000000e+04,1.071016113281250000e+04,2.455771728515625000e+03,0.000000000000000000e+00
2.352856054687500000e+04,2.670718750000000000e+04,3.015431640625000000e+04,3.200486523437500000e+04,2.596615429687500000e+04,1.354917089843750000e+04,5.120819335937500000e+03,7.618718872070312500e+02
2.370071093750000000e+04,2.670288085937500000e+04,3.057951953125000000e+04,3.210689648437500000e+04,2.781422656250000000e+04,1.539073144531250000e+04,7.072477050781250000e+03,1.129785522460937500e+03
2.357150195312500000e+04,2.649538085937500000e+04,3.051687304687500000e+04,3.191671875000000000e+04,2.813909375000000000e+04,1.578267773437500000e+04,7.363665039062500000e+03,1.178764770507812500e+03
2.338562109375000000e+04,2.628373828125000000e+04,3.031536914062500000e+04,3.176139062500000000e+04,2.770345117187500000e+04,1.520654394531250000e+04,6.745090820312500000e+03,1.023029235839843750e+03
2.323984375000000000e+04,2.609840429687500000e+04,3.023495117187500000e+04,3.165728906250000000e+04,2.770477734375000000e+04,1.520162890625000000e+04,6.747443359375000000e+03,1.039163452148437500e+03
2.302496093750000000e+04,2.587118750000000000e+04,3.012885937500000000e+04,3.155009179687500000e+04,2.761788476562500000e+04,1.508934082031250000e+04,6.601642578125000000e+03,1.014878906250000000e+03
2.263801171875000000e+04,2.558520117187500000e+04,3.005801171875000000e+04,3.138356445312500000e+04,2.810752343750000000e+04,1.571621777343750000e+04,7.193734863281250000e+03,1.129464477539062500e+03
2.245160742187500000e+04,2.543815429687500000e+04,2.998659960937500000e+04,3.127523828125000000e+04,2.854009960937500000e+04,1.631057714843750000e+04,7.737713867187500000e+03,1.251601440429687500e+03
2.235427539062500000e+04,2.536645507812500000e+04,2.996083789062500000e+04,3.126865039062500000e+04,2.896257031250000000e+04,1.695229492187500000e+04,8.168822753906250000e+03,1.327933105468750000e+03
2.163169140625000000e+04,2.470762695312500000e+04,2.930284765625000000e+04,3.072339453125000000e+04,2.693704101562500000e+04,1.424005175781250000e+04,5.577870605468750000e+03,7.327344970703125000e+02
2.120881250000000000e+04,2.421978710937500000e+04,2.883554101562500000e+04,3.019306054687500000e+04,2.695055468750000000e+04,1.425896093750000000e+04,5.572942382812500000e+03,7.339382324218750000e+02
1.386509082031250000e+04,1.466486718750000000e+04,1.629279394531250000e+04,1.947055664062500000e+04,1.265617285156250000e+04,4.926500488281250000e+03,2.719712158203125000e+03,0.000000000000000000e+00
1.430121289062500000e+04,1.509447363281250000e+04,1.648503515625000000e+04,1.983154882812500000e+04,1.588704296875000000e+04,6.386510742187500000e+03,3.509403564453125000e+03,1.192667114257812500e+03
1.445835546875000000e+04,1.523579980468750000e+04,1.648081054687500000e+04,1.953128906250000000e+04,1.694841796875000000e+04,7.570021972656250000e+03,3.885527587890625000e+03,1.627509033203125000e+03
1.439901660156250000e+04,1.516875390625000000e+04,1.635305566406250000e+04,1.928917382812500000e+04,1.713312304687500000e+04,7.873403320312500000e+03,3.915107177734375000e+03,1.680065185546875000e+03
1.431788671875000000e+04,1.504959570312500000e+04,1.624000390625000000e+04,1.922915039062500000e+04,1.684994140625000000e+04,7.471432128906250000e+03,3.792072021484375000e+03,1.505273681640625000e+03
1.425295214843750000e+04,1.498852441406250000e+04,1.615595800781250000e+04,1.911507812500000000e+04,1.681917578125000000e+04,7.468587402343750000e+03,3.812058105468750000e+03,1.527064575195312500e+03
1.415297363281250000e+04,1.492596191406250000e+04,1.608398925781250000e+04,1.903733007812500000e+04,1.677549414062500000e+04,7.399648925781250000e+03,3.759945312500000000e+03,1.501924194335937500e+03
1.378548339843750000e+04,1.488966503906250000e+04,1.600016601562500000e+04,1.878083203125000000e+04,1.707258203125000000e+04,7.851552246093750000e+03,3.877140625000000000e+03,1.627197387695312500e+03
1.359831152343750000e+04,1.487546582031250000e+04,1.595366796875000000e+04,1.860929882812500000e+04,1.739975390625000000e+04,8.293373046875000000e+03,3.994021484375000000e+03,1.759106079101562500e+03
1.345798828125000000e+04,1.486577734375000000e+04,1.591763378906250000e+04,1.847847460937500000e+04,1.757599609375000000e+04,8.803045898437500000e+03,4.068845214843750000e+03,1.826411743164062500e+03
1.305240820312500000e+04,1.450072753906250000e+04,1.560220312500000000e+04,1.847825000000000000e+04,1.648874414062500000e+04,6.861923339843750000e+03,3.538401855468750000e+03,1.149309692382812500e+03
1.280125000000000000e+04,1.430031152343750000e+04,1.534451171875000000e+04,1.803724414062500000e+04,1.661675390625000000e+04,6.881836914062500000e+03,3.538417480468750000e+03,1.149911010742187500e+03
2.254996875000000000e+05,2.684632500000000000e+05,2.968031562500000000e+05,3.168443125000000000e+05,2.236840156250000000e+05,1.037736171875000000e+05,1.297119921875000000e+04,0.000000000000000000e+00
2.302074531250000000e+05,2.688080000000000000e+05,3.104879687500000000e+05,3.338875312500000000e+05,2.643709375000000000e+05,1.319204062500000000e+05,4.114954687500000000e+04,1.410757690429687500e+03
2.314959531250000000e+05,2.678790000000000000e+05,3.157877812500000000e+05,3.344987812500000000e+05,2.793707500000000000e+05,1.540321250000000000e+05,6.414792187500000000e+04,3.068083740234375000e+03
2.299320937500000000e+05,2.653709375000000000e+05,3.151351562500000000e+05,3.319223437500000000e+05,2.817135000000000000e+05,1.589832187500000000e+05,6.762379687500000000e+04,3.325206542968750000e+03
2.277344218750000000e+05,2.630889062500000000e+05,3.129749062500000000e+05,3.303309687500000000e+05,2.775318437500000000e+05,1.521125937500000000e+05,6.059003906250000000e+04,2.560083740234375000e+03
2.259913750000000000e+05,2.607821875000000000e+05,3.119458125000000000e+05,3.289053125000000000e+05,2.771691250000000000e+05,1.520549843750000000e+05,6.047958984375000000e+04,2.614373291015625000e+03
2.237443125000000000e+05,2.581016250000000000e+05,3.107317812500000000e+05,3.276731250000000000e+05,2.763481250000000000e+05,1.506396875000000000e+05,5.894458593750000000e+04,2.480444091796875000e+03
2.212327968750000000e+05,2.544343125000000000e+05,3.097952187500000000e+05,3.253561250000000000e+05,2.806622812500000000e+05,1.583871875000000000e+05,6.573455468750000000e+04,3.066539794921875000e+03
2.202937812500000000e+05,2.526885781250000000e+05,3.092564062500000000e+05,3.239161250000000000e+05,2.851408125000000000e+05,1.657165156250000000e+05,7.190014062500000000e+04,3.701423828125000000e+03
2.194889843750000000e+05,2.511812812500000000e+05,3.083695625000000000e+05,3.226983750000000000e+05,2.876737812500000000e+05,1.737908593750000000e+05,7.725136718750000000e+04,4.206291015625000000e+03
2.131081093750000000e+05,2.455021093750000000e+05,3.026815312500000000e+05,3.194942500000000000e+05,2.713554062500000000e+05,1.407774843750000000e+05,4.689039843750000000e+04,1.341915283203125000e+03
2.095126093750000000e+05,2.406189687500000000e+05,2.984471562500000000e+05,3.142160625000000000e+05,2.728392500000000000e+05,1.410369687500000000e+05,4.682606640625000000e+04,1.352522338867187500e+03
5.262956250000000000e+04,5.923360937500000000e+04,6.498467968750000000e+04,7.282575000000000000e+04,4.784751171875000000e+04,2.141365429687500000e+04,7.358835937500000000e+03,0.000000000000000000e+00
5.382208593750000000e+04,6.043310937500000000e+04,6.636667968750000000e+04,7.463465625000000000e+04,6.058280859375000000e+04,2.795582812500000000e+04,1.287421191406250000e+04,1.817109741210937500e+03
5.418046875000000000e+04,6.069391015625000000e+04,6.673077343750000000e+04,7.420499218750000000e+04,6.603468750000000000e+04,3.205549023437500000e+04,1.544048437500000000e+04,3.060515869140625000e+03
5.388300000000000000e+04,6.031928515625000000e+04,6.639133593750000000e+04,7.360411718750000000e+04,6.705739843750000000e+04,3.295236328125000000e+04,1.576852148437500000e+04,3.223463134765625000e+03
5.345398046875000000e+04,5.987195312500000000e+04,6.598767968750000000e+04,7.333194531250000000e+04,6.592169531250000000e+04,3.166876562500000000e+04,1.496839941406250000e+04,2.710061767578125000e+03
5.310330468750000000e+04,5.953649609375000000e+04,6.575192968750000000e+04,7.307081250000000000e+04,6.599541406250000000e+04,3.166252929687500000e+04,1.499401464843750000e+04,2.756358398437500000e+03
5.254909375000000000e+04,5.908591796875000000e+04,6.545873828125000000e+04,7.279212500000000000e+04,6.575614062500000000e+04,3.141244335937500000e+04,1.479333691406250000e+04,2.666375488281250000e+03
5.161191406250000000e+04,5.854521093750000000e+04,6.516608593750000000e+04,7.219653906250000000e+04,6.715046875000000000e+04,3.282594531250000000e+04,1.553642968750000000e+04,3.058158203125000000e+03
5.114663281250000000e+04,5.823025781250000000e+04,6.497031250000000000e+04,7.175217968750000000e+04,6.825749218750000000e+04,3.417724218750000000e+04,1.622898046875000000e+04,3.460859375000000000e+03
5.101210546875000000e+04,5.820463671875000000e+04,6.507800390625000000e+04,7.177824218750000000e+04,6.965367968750000000e+04,3.578134765625000000e+04,1.678454101562500000e+04,3.733524902343750000e+03
4.918655468750000000e+04,5.650384765625000000e+04,6.338342187500000000e+04,7.055772656250000000e+04,6.377262500000000000e+04,2.954089648437500000e+04,1.335233496093750000e+04,1.739936279296875000e+03
4.807466015625000000e+04,5.528302343750000000e+04,6.219389843750000000e+04,6.891417968750000000e+04,6.358763281250000000e+04,2.959293554687500000e+04,1.334884472656250000e+04,1.747157470703125000e+03
4.862093750000000000e+04,5.531182812500000000e+04,5.468368750000000000e+04,5.636366406250000000e+04,3.998819531250000000e+04,2.641826953125000000e+04,9.157278320312500000e+03,0.000000000000000000e+00
4.922642187500000000e+04,5.662664062500000000e+04,5.812447656250000000e+04,5.783359375000000000e+04,4.921037109375000000e+04,2.995452343750000000e+04,1.658485156250000000e+04,1.054057250976562500e+03
4.932798828125000000e+04,5.696047656250000000e+04,5.966046093750000000e+04,5.809919921875000000e+04,5.348422265625000000e+04,3.213323437500000000e+04,2.022801171875000000e+04,2.613265136718750000e+03
4.904692968750000000e+04,5.672095703125000000e+04,5.980193359375000000e+04,5.786935546875000000e+04,5.428630468750000000e+04,3.253494531250000000e+04,2.076879296875000000e+04,2.843295898437500000e+03
4.860967187500000000e+04,5.634083984375000000e+04,5.943912890625000000e+04,5.760327734375000000e+04,5.344980078125000000e+04,3.179197656250000000e+04,1.956255468750000000e+04,2.152634033203125000e+03
4.822267968750000000e+04,5.608331250000000000e+04,5.943497265625000000e+04,5.752746875000000000e+04,5.358871484375000000e+04,3.180477734375000000e+04,1.957218750000000000e+04,2.199375732421875000e+03
4.754119531250000000e+04,5.564346875000000000e+04,5.929043750000000000e+04,5.735135156250000000e+04,5.339336328125000000e+04,3.165622851562500000e+04,1.931700585937500000e+04,2.070704101562500000e+03
4.666500781250000000e+04,5.507905078125000000e+04,5.936181250000000000e+04,5.719101171875000000e+04,5.444739843750000000e+04,3.238881054687500000e+04,2.042170703125000000e+04,2.610036376953125000e+03
4.625970312500000000e+04,5.472303125000000000e+04,5.936103125000000000e+04,5.704896093750000000e+04,5.515275781250000000e+04,3.310196875000000000e+04,2.146869140625000000e+04,3.175820312500000000e+03
4.617071484375000000e+04,5.464884765625000000e+04,5.961673828125000000e+04,5.731151171875000000e+04,5.638203515625000000e+04,3.381644921875000000e+04,2.237000000000000000e+04,3.617274414062500000e+03
4.448753515625000000e+04,5.307878515625000000e+04,5.784641015625000000e+04,5.571346875000000000e+04,5.154931250000000000e+04,3.042765429687500000e+04,1.725873828125000000e+04,9.949448242187500000e+02
4.354222656250000000e+04,5.197307421875000000e+04,5.708119921875000000e+04,5.467896484375000000e+04,5.113734765625000000e+04,3.043970312500000000e+04,1.725500390625000000e+04,1.007362182617187500e+03
6.570016406250000000e+04,7.114242968750000000e+04,6.405909375000000000e+04,6.124790625000000000e+04,4.770537109375000000e+04,4.072792578125000000e+04,1.861638476562500000e+04,0.000000000000000000e+00
6.612167968750000000e+04,7.362545312500000000e+04,6.954093750000000000e+04,6.346251953125000000e+04,5.609910156250000000e+04,4.234266406250000000e+04,2.960064062500000000e+04,2.891895751953125000e+03
6.605364843750000000e+04,7.443400781250000000e+04,7.179345312500000000e+04,6.416496875000000000e+04,6.101431640625000000e+04,4.360430859375000000e+04,3.403267187500000000e+04,6.836136230468750000e+03
6.573006250000000000e+04,7.437035156250000000e+04,7.221696093750000000e+04,6.410638281250000000e+04,6.198244531250000000e+04,4.377008203125000000e+04,3.457497265625000000e+04,7.346437500000000000e+03
6.517094921875000000e+04,7.395008593750000000e+04,7.180227343750000000e+04,6.381030468750000000e+04,6.114764843750000000e+04,4.317842968750000000e+04,3.317892968750000000e+04,5.747448730468750000e+03
6.461819140625000000e+04,7.381927343750000000e+04,7.199799218750000000e+04,6.386989843750000000e+04,6.146164453125000000e+04,4.321838281250000000e+04,3.322775781250000000e+04,5.866691894531250000e+03
6.350035546875000000e+04,7.341260156250000000e+04,7.195558593750000000e+04,6.371704687500000000e+04,6.123869140625000000e+04,4.310933593750000000e+04,3.291015234375000000e+04,5.540818359375000000e+03
6.185262890625000000e+04,7.302967187500000000e+04,7.248028906250000000e+04,6.371794921875000000e+04,6.235414062500000000e+04,4.356865234375000000e+04,3.415653515625000000e+04,6.825415527343750000e+03
6.107191406250000000e+04,7.273345312500000000e+04,7.275871875000000000e+04,6.363201171875000000e+04,6.281240625000000000e+04,4.402562109375000000e+04,3.529760937500000000e+04,8.068431640625000000e+03
6.086290625000000000e+04,7.287535156250000000e+04,7.346433593750000000e+04,6.420753906250000000e+04,6.458419921875000000e+04,4.437420703125000000e+04,3.618551171875000000e+04,8.971844726562500000e+03
5.851616406250000000e+04,7.065685937500000000e+04,7.070598437500000000e+04,6.183231250000000000e+04,5.855573046875000000e+04,4.194377734375000000e+04,3.024030859375000000e+04,2.736119140625000000e+03
5.729671875000000000e+04,6.954742187500000000e+04,7.023929687500000000e+04,6.077283203125000000e+04,5.755633203125000000e+04,4.193908203125000000e+04,3.024356250000000000e+04,2.766438232421875000e+03
7.284350781250000000e+04,8.451239843750000000e+04,9.599801562500000000e+04,1.055694375000000000e+05,5.871833593750000000e+04,2.743695507812500000e+04,5.952868652343750000e+03,0.000000000000000000e+00
7.502257812500000000e+04,8.573834375000000000e+04,9.785786718750000000e+04,1.073025859375000000e+05,9.001658593750000000e+04,3.965833984375000000e+04,1.438003222656250000e+04,1.330433471679687500e+03
7.592971875000000000e+04,8.614974218750000000e+04,9.836842968750000000e+04,1.087700234375000000e+05,1.121008671875000000e+05,4.557457812500000000e+04,1.777966796875000000e+04,2.229479736328125000e+03
7.568285937500000000e+04,8.567653906250000000e+04,9.792045312500000000e+04,1.087769531250000000e+05,1.170132734375000000e+05,4.648475781250000000e+04,1.822442968750000000e+04,2.353589111328125000e+03
7.533524218750000000e+04,8.532946875000000000e+04,9.771463281250000000e+04,1.086743593750000000e+05,1.144355781250000000e+05,4.503868359375000000e+04,1.719912304687500000e+04,1.968076660156250000e+03
7.518552343750000000e+04,8.511435156250000000e+04,9.769257031250000000e+04,1.090347734375000000e+05,1.160044921875000000e+05,4.501626562500000000e+04,1.721549414062500000e+04,2.002146606445312500e+03
7.442917187500000000e+04,8.431014062500000000e+04,9.709466406250000000e+04,1.086116171875000000e+05,1.151651718750000000e+05,4.470798437500000000e+04,1.698049023437500000e+04,1.936757080078125000e+03
7.330792187500000000e+04,8.318538281250000000e+04,9.620564843750000000e+04,1.081529453125000000e+05,1.198803593750000000e+05,4.624709765625000000e+04,1.792696875000000000e+04,2.228194335937500000e+03
7.228227343750000000e+04,8.204964843750000000e+04,9.509878906250000000e+04,1.070714687500000000e+05,1.209622109375000000e+05,4.757350390625000000e+04,1.884238281250000000e+04,2.535697998046875000e+03
7.377735156250000000e+04,8.365082812500000000e+04,9.715555468750000000e+04,1.099688125000000000e+05,1.300440000000000000e+05,4.882182031250000000e+04,1.966597265625000000e+04,2.750200683593750000e+03
6.845367187500000000e+04,7.824399218750000000e+04,9.131794531250000000e+04,1.025890937500000000e+05,1.046419296875000000e+05,4.230314453125000000e+04,1.520100097656250000e+04,1.274811889648437500e+03
6.497966796875000000e+04,7.427682812500000000e+04,8.702684375000000000e+04,9.760491406250000000e+04,9.917305468750000000e+04,4.235792187500000000e+04,1.519161328125000000e+04,1.279609741210937500e+03
9.810910937500000000e+04,1.108513203125000000e+05,1.347018437500000000e+05,1.908346093750000000e+05,9.805140625000000000e+04,1.574917675781250000e+04,3.913947509765625000e+03,0.000000000000000000e+00
1.013177656250000000e+05,1.129329218750000000e+05,1.341329687500000000e+05,1.870519843750000000e+05,1.475147500000000000e+05,2.446653515625000000e+04,7.305753417968750000e+03,1.273218139648437500e+03
1.025063125000000000e+05,1.135361562500000000e+05,1.334773125000000000e+05,1.795482656250000000e+05,1.687693593750000000e+05,3.502827343750000000e+04,9.383120117187500000e+03,1.929494506835937500e+03
1.018735234375000000e+05,1.126399843750000000e+05,1.320873750000000000e+05,1.756068281250000000e+05,1.730280625000000000e+05,3.832735156250000000e+04,9.697740234375000000e+03,2.001749511718750000e+03
1.010581250000000000e+05,1.118180859375000000e+05,1.313915937500000000e+05,1.759222500000000000e+05,1.691824687500000000e+05,3.444372265625000000e+04,9.013229492187500000e+03,1.761096191406250000e+03
1.004853906250000000e+05,1.111605781250000000e+05,1.306263125000000000e+05,1.745665156250000000e+05,1.695467187500000000e+05,3.441574609375000000e+04,9.019844726562500000e+03,1.785136230468750000e+03
9.963191406250000000e+04,1.103174921875000000e+05,1.297549453125000000e+05,1.734503906250000000e+05,1.687038281250000000e+05,3.366641406250000000e+04,8.862405273437500000e+03,1.742038330078125000e+03
9.856689062500000000e+04,1.092938593750000000e+05,1.282491718750000000e+05,1.689649843750000000e+05,1.740538437500000000e+05,3.837657812500000000e+04,9.505786132812500000e+03,1.925482543945312500e+03
9.792168750000000000e+04,1.085688281250000000e+05,1.271027812500000000e+05,1.654814531250000000e+05,1.781203906250000000e+05,4.315326171875000000e+04,1.012718261718750000e+04,2.106146484375000000e+03
9.850926562500000000e+04,1.091690859375000000e+05,1.275233515625000000e+05,1.646291406250000000e+05,1.836914687500000000e+05,4.923582031250000000e+04,1.068483886718750000e+04,2.222796875000000000e+03
9.398889062500000000e+04,1.047697578125000000e+05,1.236148515625000000e+05,1.650753750000000000e+05,1.622330625000000000e+05,2.904493164062500000e+04,7.738870117187500000e+03,1.217469116210937500e+03
9.068439843750000000e+04,1.010380859375000000e+05,1.189716796875000000e+05,1.568182031250000000e+05,1.612897343750000000e+05,2.925563671875000000e+04,7.735531738281250000e+03,1.223986328125000000e+03
5.894557421875000000e+04,6.717859375000000000e+04,8.220107031250000000e+04,9.195392187500000000e+04,5.695557031250000000e+04,1.698195703125000000e+04,3.886980224609375000e+03,0.000000000000000000e+00
6.046039062500000000e+04,6.832864843750000000e+04,8.150635156250000000e+04,9.527001562500000000e+04,7.592033593750000000e+04,3.055297460937500000e+04,7.251421875000000000e+03,5.784885864257812500e+02
6.097101953125000000e+04,6.861335156250000000e+04,8.083085937500000000e+04,9.617432812500000000e+04,8.518356250000000000e+04,3.791143359375000000e+04,9.135675781250000000e+03,1.288162719726562500e+03
6.060049218750000000e+04,6.811714062500000000e+04,7.997213281250000000e+04,9.581151562500000000e+04,8.701866406250000000e+04,3.927629296875000000e+04,9.435564453125000000e+03,1.392590454101562500e+03
6.008948828125000000e+04,6.762814843750000000e+04,7.956139843750000000e+04,9.538389843750000000e+04,8.537924218750000000e+04,3.741551171875000000e+04,8.791687500000000000e+03,1.077857177734375000e+03
5.970932421875000000e+04,6.724043750000000000e+04,7.907934375000000000e+04,9.519355468750000000e+04,8.564488281250000000e+04,3.738282812500000000e+04,8.793950195312500000e+03,1.100126098632812500e+03
5.912657812500000000e+04,6.670252343750000000e+04,7.850651562500000000e+04,9.484118750000000000e+04,8.525062500000000000e+04,3.698375781250000000e+04,8.657271484375000000e+03,1.042539550781250000e+03
5.843967968750000000e+04,6.602666406250000000e+04,7.750258593750000000e+04,9.444255468750000000e+04,8.750893750000000000e+04,3.911137109375000000e+04,9.253246093750000000e+03,1.286775146484375000e+03
5.804972656250000000e+04,6.557994531250000000e+04,7.680168750000000000e+04,9.402543750000000000e+04,8.897135937500000000e+04,4.100964843750000000e+04,9.840939453125000000e+03,1.544046630859375000e+03
5.830089843750000000e+04,6.581568750000000000e+04,7.692355468750000000e+04,9.455634375000000000e+04,9.175226562500000000e+04,4.302289843750000000e+04,1.039633300781250000e+04,1.733434326171875000e+03
5.579533203125000000e+04,6.339635546875000000e+04,7.485246093750000000e+04,9.177730468750000000e+04,8.173614062500000000e+04,3.417394531250000000e+04,7.618714355468750000e+03,5.487067260742187500e+02
5.416865234375000000e+04,6.152535546875000000e+04,7.249026562500000000e+04,8.951817187500000000e+04,8.084132812500000000e+04,3.427275781250000000e+04,7.616179687500000000e+03,5.540188598632812500e+02
7.690708593750000000e+04,8.943164843750000000e+04,9.707419531250000000e+04,8.546626562500000000e+04,6.999669531250000000e+04,4.193684765625000000e+04,1.040899023437500000e+04,0.000000000000000000e+00
7.806480468750000000e+04,9.052932812500000000e+04,1.001137968750000000e+05,9.301419531250000000e+04,7.659353906250000000e+04,5.693497265625000000e+04,2.142733398437500000e+04,1.408423706054687500e+03
7.827767968750000000e+04,9.055325781250000000e+04,1.009330859375000000e+05,9.658076562500000000e+04,7.906357812500000000e+04,6.273515234375000000e+04,2.733962695312500000e+04,3.077264892578125000e+03
7.779659375000000000e+04,8.992351562500000000e+04,1.005800312500000000e+05,9.719756250000000000e+04,7.933099218750000000e+04,6.348478906250000000e+04,2.819599218750000000e+04,3.320681396484375000e+03
7.705405468750000000e+04,8.920498437500000000e+04,9.991135937500000000e+04,9.626569531250000000e+04,7.844257031250000000e+04,6.204271875000000000e+04,2.632885156250000000e+04,2.585761474609375000e+03
7.641297656250000000e+04,8.857107031250000000e+04,9.955742968750000000e+04,9.629424218750000000e+04,7.837082812500000000e+04,6.202727734375000000e+04,2.633264843750000000e+04,2.638073974609375000e+03
7.547707031250000000e+04,8.775942968750000000e+04,9.913500000000000000e+04,9.615138281250000000e+04,7.819233593750000000e+04,6.171263281250000000e+04,2.592720312500000000e+04,2.503831787109375000e+03
7.426700000000000000e+04,8.667987500000000000e+04,9.879476562500000000e+04,9.717409375000000000e+04,7.892829687500000000e+04,6.313505078125000000e+04,2.766916015625000000e+04,3.073653320312500000e+03
7.379818750000000000e+04,8.616800781250000000e+04,9.867675781250000000e+04,9.807271093750000000e+04,7.971721093750000000e+04,6.434237109375000000e+04,2.928593164062500000e+04,3.673722656250000000e+03
7.335182812500000000e+04,8.562706250000000000e+04,9.842540625000000000e+04,9.863187500000000000e+04,8.009662500000000000e+04,6.531921093750000000e+04,3.065877343750000000e+04,4.135560058593750000e+03
7.132332031250000000e+04,8.384463281250000000e+04,9.665015625000000000e+04,9.503071875000000000e+04,7.684353906250000000e+04,5.911860937500000000e+04,2.269519531250000000e+04,1.335986083984375000e+03
7.035177343750000000e+04,8.258135937500000000e+04,9.574301562500000000e+04,9.543148437500000000e+04,7.709289843750000000e+04,5.914479296875000000e+04,2.268414648437500000e+04,1.348911621093750000e+03
9.012079375000000000e+05,1.043673562500000000e+06,1.299878000000000000e+06,1.429922500000000000e+06,9.091518125000000000e+05,2.461605468750000000e+05,2.896486914062500000e+04,0.000000000000000000e+00
9.258850000000000000e+05,1.055813250000000000e+06,1.290794875000000000e+06,1.527470750000000000e+06,1.184247000000000000e+06,4.607157187500000000e+05,7.726885156250000000e+04,3.092148437500000000e+03
9.344406250000000000e+05,1.057810500000000000e+06,1.280396750000000000e+06,1.555374750000000000e+06,1.322567375000000000e+06,6.072640000000000000e+05,1.124482421875000000e+05,7.141063476562500000e+03
9.285783750000000000e+05,1.048939625000000000e+06,1.266368750000000000e+06,1.547742625000000000e+06,1.349790500000000000e+06,6.383513125000000000e+05,1.184568437500000000e+05,7.751723632812500000e+03
9.205791875000000000e+05,1.041051312500000000e+06,1.259712625000000000e+06,1.541382375000000000e+06,1.325002750000000000e+06,5.985958750000000000e+05,1.064568203125000000e+05,5.924626953125000000e+03
9.149006250000000000e+05,1.034052437500000000e+06,1.251574125000000000e+06,1.537217625000000000e+06,1.328869500000000000e+06,5.979543125000000000e+05,1.063017968750000000e+05,6.052617675781250000e+03
9.068576875000000000e+05,1.024909750000000000e+06,1.242119000000000000e+06,1.531018875000000000e+06,1.322825875000000000e+06,5.894867500000000000e+05,1.038198671875000000e+05,5.722711914062500000e+03
8.982996875000000000e+05,1.012882812500000000e+06,1.224884375000000000e+06,1.520716625000000000e+06,1.356622000000000000e+06,6.363591875000000000e+05,1.151690312500000000e+05,7.135872070312500000e+03
8.933486875000000000e+05,1.005266812500000000e+06,1.212980625000000000e+06,1.510523625000000000e+06,1.378232750000000000e+06,6.786112500000000000e+05,1.263591562500000000e+05,8.639813476562500000e+03
8.975832500000000000e+05,1.008004562500000000e+06,1.213354000000000000e+06,1.515032250000000000e+06,1.420440250000000000e+06,7.167788750000000000e+05,1.371732812500000000e+05,9.828307617187500000e+03
8.595571875000000000e+05,9.714483750000000000e+05,1.183177500000000000e+06,1.480374625000000000e+06,1.269152250000000000e+06,5.329986875000000000e+05,8.543219531250000000e+04,2.932800537109375000e+03
8.351549375000000000e+05,9.420721250000000000e+05,1.145345250000000000e+06,1.441499875000000000e+06,1.255635125000000000e+06,5.352566250000000000e+05,8.534319531250000000e+04,2.960768066406250000e+03
1.615248046875000000e+04,1.761452929687500000e+04,1.755853125000000000e+04,1.690843750000000000e+04,1.318675390625000000e+04,8.660464843750000000e+03,4.023807373046875000e+03,0.000000000000000000e+00
1.630769824218750000e+04,1.823246289062500000e+04,1.822500585937500000e+04,1.780130468750000000e+04,1.503446484375000000e+04,1.045051074218750000e+04,6.177627441406250000e+03,5.943713378906250000e+02
1.631323144531250000e+04,1.842843164062500000e+04,1.845504492187500000e+04,1.809954296875000000e+04,1.574971289062500000e+04,1.124124902343750000e+04,6.953878906250000000e+03,1.320851318359375000e+03
1.622169140625000000e+04,1.839173437500000000e+04,1.843571093750000000e+04,1.810019140625000000e+04,1.585748339843750000e+04,1.136467578125000000e+04,7.042832031250000000e+03,1.427402465820312500e+03
1.607129785156250000e+04,1.826820117187500000e+04,1.831559179687500000e+04,1.797459179687500000e+04,1.565880566406250000e+04,1.112232910156250000e+04,6.796478515625000000e+03,1.106301513671875000e+03
1.592768066406250000e+04,1.821367773437500000e+04,1.828837500000000000e+04,1.795875781250000000e+04,1.566154492187500000e+04,1.112670214843750000e+04,6.808259277343750000e+03,1.128945068359375000e+03
1.568450097656250000e+04,1.812042578125000000e+04,1.824015625000000000e+04,1.791880273437500000e+04,1.562180761718750000e+04,1.107792578125000000e+04,6.751245605468750000e+03,1.070253051757812500e+03
1.533091894531250000e+04,1.804059765625000000e+04,1.826752539062500000e+04,1.797108593750000000e+04,1.581653710937500000e+04,1.131125976562500000e+04,6.966930175781250000e+03,1.319313842773437500e+03
1.518216992187500000e+04,1.799601953125000000e+04,1.830577929687500000e+04,1.802748632812500000e+04,1.599753417968750000e+04,1.152566699218750000e+04,7.164631347656250000e+03,1.581942993164062500e+03
1.507665429687500000e+04,1.795341796875000000e+04,1.834358398437500000e+04,1.808268750000000000e+04,1.614080566406250000e+04,1.172750878906250000e+04,7.312769042968750000e+03,1.784773193359375000e+03
1.461799121093750000e+04,1.753465625000000000e+04,1.788300000000000000e+04,1.758010351562500000e+04,1.528570117187500000e+04,1.065297851562500000e+04,6.266080078125000000e+03,5.634848022460937500e+02
1.438893847656250000e+04,1.732230078125000000e+04,1.777541015625000000e+04,1.747770312500000000e+04,1.529497070312500000e+04,1.065892382812500000e+04,6.267174316406250000e+03,5.691172485351562500e+02
4.074367187500000000e+05,4.665220312500000000e+05,5.422313750000000000e+05,6.590521250000000000e+05,4.044001562500000000e+05,1.268244375000000000e+05,2.970129882812500000e+04,0.000000000000000000e+00
4.171782500000000000e+05,4.737139375000000000e+05,5.487476875000000000e+05,6.749974375000000000e+05,5.285425000000000000e+05,1.763027187500000000e+05,6.110561718750000000e+04,3.670335449218750000e+03
4.200675625000000000e+05,4.751182812500000000e+05,5.492246250000000000e+05,6.631745625000000000e+05,5.816157500000000000e+05,2.203965000000000000e+05,7.906150000000000000e+04,9.389172851562500000e+03
4.172481875000000000e+05,4.714621250000000000e+05,5.449221875000000000e+05,6.536625000000000000e+05,5.916544375000000000e+05,2.319398906250000000e+05,8.182683593750000000e+04,1.011610351562500000e+04
4.133886562500000000e+05,4.678175312500000000e+05,5.416866875000000000e+05,6.526030000000000000e+05,5.807340000000000000e+05,2.173497812500000000e+05,7.595492187500000000e+04,7.853908691406250000e+03
4.103361562500000000e+05,4.647127812500000000e+05,5.388391250000000000e+05,6.488122500000000000e+05,5.812199375000000000e+05,2.172488750000000000e+05,7.594020312500000000e+04,8.015964355468750000e+03
4.061232812500000000e+05,4.608698750000000000e+05,5.356758750000000000e+05,6.455363750000000000e+05,5.788541250000000000e+05,2.143139531250000000e+05,7.470721093750000000e+04,7.559031738281250000e+03
4.014449375000000000e+05,4.560252500000000000e+05,5.309358750000000000e+05,6.352137500000000000e+05,5.926651250000000000e+05,2.314693281250000000e+05,8.017855468750000000e+04,9.371186523437500000e+03
3.992586250000000000e+05,4.532661562500000000e+05,5.278316250000000000e+05,6.274615000000000000e+05,6.039136250000000000e+05,2.482368281250000000e+05,8.540816406250000000e+04,1.114470214843750000e+04
3.996165000000000000e+05,4.532074375000000000e+05,5.277471875000000000e+05,6.249122500000000000e+05,6.170819375000000000e+05,2.681587187500000000e+05,9.016818750000000000e+04,1.248108789062500000e+04
3.847750000000000000e+05,4.392106562500000000e+05,5.153187812500000000e+05,6.220258125000000000e+05,5.614185000000000000e+05,1.951214531250000000e+05,6.493288281250000000e+04,3.446000244140625000e+03
3.752205000000000000e+05,4.279467500000000000e+05,5.024510625000000000e+05,6.019500000000000000e+05,5.606009375000000000e+05,1.958449218750000000e+05,6.490248828125000000e+04,3.498858154296875000e+03
3.821638281250000000e+04,4.254455859375000000e+04,4.722313671875000000e+04,4.891816406250000000e+04,3.326209765625000000e+04,1.686439843750000000e+04,5.798307617187500000e+03,0.000000000000000000e+00
3.907574609375000000e+04,4.338600781250000000e+04,4.829146093750000000e+04,5.061005468750000000e+04,4.196144140625000000e+04,2.299231835937500000e+04,9.478600585937500000e+03,1.529462524414062500e+03
3.933297656250000000e+04,4.361388671875000000e+04,4.854298046875000000e+04,5.125108984375000000e+04,4.621006640625000000e+04,2.583508007812500000e+04,1.153479003906250000e+04,2.621677734375000000e+03
3.913551562500000000e+04,4.338230078125000000e+04,4.830089843750000000e+04,5.122766406250000000e+04,4.703970312500000000e+04,2.627719726562500000e+04,1.181642968750000000e+04,2.761819824218750000e+03
3.884149218750000000e+04,4.308260546875000000e+04,4.802982421875000000e+04,5.093693359375000000e+04,4.625840234375000000e+04,2.554068945312500000e+04,1.115397070312500000e+04,2.318291992187500000e+03
3.860181640625000000e+04,4.288796484375000000e+04,4.787382031250000000e+04,5.090552734375000000e+04,4.639614453125000000e+04,2.553336914062500000e+04,1.117251269531250000e+04,2.358031250000000000e+03
3.817979687500000000e+04,4.259513281250000000e+04,4.764364062500000000e+04,5.076542187500000000e+04,4.621458203125000000e+04,2.538776171875000000e+04,1.100854980468750000e+04,2.278600585937500000e+03
3.743646875000000000e+04,4.227838671875000000e+04,4.737415625000000000e+04,5.079014062500000000e+04,4.723950390625000000e+04,2.614572851562500000e+04,1.162678906250000000e+04,2.619316650390625000e+03
3.704443359375000000e+04,4.207411328125000000e+04,4.716070703125000000e+04,5.076837109375000000e+04,4.788762109375000000e+04,2.683290820312500000e+04,1.221222167968750000e+04,2.965051513671875000e+03
3.699990625000000000e+04,4.217980078125000000e+04,4.729503906250000000e+04,5.114692187500000000e+04,4.918669921875000000e+04,2.755631250000000000e+04,1.269662695312500000e+04,3.198877441406250000e+03
3.555207031250000000e+04,4.080562500000000000e+04,4.595946484375000000e+04,4.936199609375000000e+04,4.443140625000000000e+04,2.416819335937500000e+04,9.862674804687500000e+03,1.463209716796875000e+03
3.468316406250000000e+04,3.992052734375000000e+04,4.497490234375000000e+04,4.851479687500000000e+04,4.396923437500000000e+04,2.419318359375000000e+04,9.860534179687500000e+03,1.470014404296875000e+03
6.987419531250000000e+04,7.845538281250000000e+04,9.671914843750000000e+04,1.151311406250000000e+05,6.964204687500000000e+04,1.575223437500000000e+04,4.781967773437500000e+03,0.000000000000000000e+00
7.187277343750000000e+04,7.993818750000000000e+04,9.503867968750000000e+04,1.191031953125000000e+05,9.308103906250000000e+04,3.088959375000000000e+04,7.753226562500000000e+03,1.263815185546875000e+03
7.254692968750000000e+04,8.033838281250000000e+04,9.403614843750000000e+04,1.191093828125000000e+05,1.036651484375000000e+05,4.081073437500000000e+04,9.221503906250000000e+03,2.247897705078125000e+03
7.210196093750000000e+04,7.974988281250000000e+04,9.295631250000000000e+04,1.181582734375000000e+05,1.057155312500000000e+05,4.287596875000000000e+04,9.431572265625000000e+03,2.360182128906250000e+03
7.148645312500000000e+04,7.915068750000000000e+04,9.244418750000000000e+04,1.177464062500000000e+05,1.036940859375000000e+05,4.023369140625000000e+04,8.941237304687500000e+03,1.993690307617187500e+03
7.101435156250000000e+04,7.868843750000000000e+04,9.183260156250000000e+04,1.172995781250000000e+05,1.038714921875000000e+05,4.019532812500000000e+04,8.952331054687500000e+03,2.024655883789062500e+03
7.030604687500000000e+04,7.811424218750000000e+04,9.118185156250000000e+04,1.167957734375000000e+05,1.034168046875000000e+05,3.963885546875000000e+04,8.841795898437500000e+03,1.951120361328125000e+03
6.939764843750000000e+04,7.744003906250000000e+04,9.004857812500000000e+04,1.157090312500000000e+05,1.060860156250000000e+05,4.274747265625000000e+04,9.289347656250000000e+03,2.242215332031250000e+03
6.894374218750000000e+04,7.702346093750000000e+04,8.929768750000000000e+04,1.147879296875000000e+05,1.080827812500000000e+05,4.557997656250000000e+04,9.720984375000000000e+03,2.518892578125000000e+03
6.911285156250000000e+04,7.724128125000000000e+04,8.933022656250000000e+04,1.148269843750000000e+05,1.109276875000000000e+05,4.872096875000000000e+04,1.010093652343750000e+04,2.708062255859375000e+03
6.631551562500000000e+04,7.457323437500000000e+04,8.711014843750000000e+04,1.128763437500000000e+05,9.979671093750000000e+04,3.586280468750000000e+04,7.995451171875000000e+03,1.201903076171875000e+03
6.446030078125000000e+04,7.251940625000000000e+04,8.445000000000000000e+04,1.097083203125000000e+05,9.924391406250000000e+04,3.602288671875000000e+04,7.995768066406250000e+03,1.212209472656250000e+03
1.608103125000000000e+05,1.888917968750000000e+05,2.298686562500000000e+05,2.533303281250000000e+05,1.553650468750000000e+05,5.606635937500000000e+04,3.617907714843750000e+03,0.000000000000000000e+00
1.652300312500000000e+05,1.899857656250000000e+05,2.330667343750000000e+05,2.605121562500000000e+05,2.101678125000000000e+05,8.778991406250000000e+04,1.470532226562500000e+04,2.887492065429687500e+02
1.667929375000000000e+05,1.900155000000000000e+05,2.333315625000000000e+05,2.623099687500000000e+05,2.378563750000000000e+05,1.053975937500000000e+05,2.570865039062500000e+04,6.726129760742187500e+02
1.658013125000000000e+05,1.883697968750000000e+05,2.315550156250000000e+05,2.611894843750000000e+05,2.434169843750000000e+05,1.087104921875000000e+05,2.758681835937500000e+04,7.412360839843750000e+02
1.644512343750000000e+05,1.870081718750000000e+05,2.303785468750000000e+05,2.601569531250000000e+05,2.387478437500000000e+05,1.040567734375000000e+05,2.393998242187500000e+04,5.439116210937500000e+02
1.635279531250000000e+05,1.857459687500000000e+05,2.292740312500000000e+05,2.596913437500000000e+05,2.396889062500000000e+05,1.039666328125000000e+05,2.386636132812500000e+04,5.569071655273437500e+02
1.620893750000000000e+05,1.839751718750000000e+05,2.277530000000000000e+05,2.587054218750000000e+05,2.385297968750000000e+05,1.029735781250000000e+05,2.310701757812500000e+04,5.248761596679687500e+02
1.605605156250000000e+05,1.815719687500000000e+05,2.251374531250000000e+05,2.574628437500000000e+05,2.451668281250000000e+05,1.082177187500000000e+05,2.661045703125000000e+04,6.729716186523437500e+02
1.595688281250000000e+05,1.799902500000000000e+05,2.230223281250000000e+05,2.561421406250000000e+05,2.491565625000000000e+05,1.129744140625000000e+05,2.995235937500000000e+04,8.431336059570312500e+02
1.605941562500000000e+05,1.806805000000000000e+05,2.234405781250000000e+05,2.580051875000000000e+05,2.578184218750000000e+05,1.180652265625000000e+05,3.301396093750000000e+04,9.851046752929687500e+02
1.533452187500000000e+05,1.736491718750000000e+05,2.172226250000000000e+05,2.497569687500000000e+05,2.277435781250000000e+05,9.596974218750000000e+04,1.748270703125000000e+04,2.751613159179687500e+02
1.485857031250000000e+05,1.678713593750000000e+05,2.100618593750000000e+05,2.429620156250000000e+05,2.244927656250000000e+05,9.616360937500000000e+04,1.745119531250000000e+04,2.770108337402343750e+02
3.998204687500000000e+05,4.624686562500000000e+05,5.359450625000000000e+05,5.640712500000000000e+05,3.892447500000000000e+05,1.420896562500000000e+05,3.774102734375000000e+04,0.000000000000000000e+00
4.079176250000000000e+05,4.697122500000000000e+05,5.331846875000000000e+05,5.984361875000000000e+05,4.731413750000000000e+05,2.323790937500000000e+05,8.063466406250000000e+04,3.603856689453125000e+03
4.101860000000000000e+05,4.707182812500000000e+05,5.297205625000000000e+05,6.081815000000000000e+05,5.097208750000000000e+05,2.800423437500000000e+05,9.340473437500000000e+04,9.236902343750000000e+03
4.075043437500000000e+05,4.671976562500000000e+05,5.247763750000000000e+05,6.069183125000000000e+05,5.162055937500000000e+05,2.887798750000000000e+05,9.488140625000000000e+04,1.010416796875000000e+04
4.036888125000000000e+05,4.635246562500000000e+05,5.216224687500000000e+05,6.032041875000000000e+05,5.080035000000000000e+05,2.765188750000000000e+05,9.109214843750000000e+04,7.528959960937500000e+03
4.005860312500000000e+05,4.603245000000000000e+05,5.185277500000000000e+05,6.018518125000000000e+05,5.082294062500000000e+05,2.763504687500000000e+05,9.118645312500000000e+04,7.699300292968750000e+03
3.963099062500000000e+05,4.562760625000000000e+05,5.152757187500000000e+05,5.999431250000000000e+05,5.064417187500000000e+05,2.737125312500000000e+05,9.036120312500000000e+04,7.229958984375000000e+03
3.914067812500000000e+05,4.509103125000000000e+05,5.106357812500000000e+05,5.993297500000000000e+05,5.160483750000000000e+05,2.875450937500000000e+05,9.372981250000000000e+04,9.228328125000000000e+03
3.892908750000000000e+05,4.480253437500000000e+05,5.083788750000000000e+05,5.989345625000000000e+05,5.239860625000000000e+05,2.998708750000000000e+05,9.694716406250000000e+04,1.136417968750000000e+04
3.887674375000000000e+05,4.468050625000000000e+05,5.081201250000000000e+05,6.002578125000000000e+05,5.329823125000000000e+05,3.126261250000000000e+05,9.997393750000000000e+04,1.307206738281250000e+04
3.756513750000000000e+05,4.346750625000000000e+05,4.969235312500000000e+05,5.855485625000000000e+05,4.927622187500000000e+05,2.548788906250000000e+05,8.295528906250000000e+04,3.401753173828125000e+03
3.679340937500000000e+05,4.250427187500000000e+05,4.874636562500000000e+05,5.774083750000000000e+05,4.921955000000000000e+05,2.554955156250000000e+05,8.293489062500000000e+04,3.444010742187500000e+03
2.621340625000000000e+05,2.970493125000000000e+05,3.404696250000000000e+05,3.576376250000000000e+05,2.377703437500000000e+05,1.034363437500000000e+05,3.182696875000000000e+04,0.000000000000000000e+00
2.671262812500000000e+05,3.037360625000000000e+05,3.442385937500000000e+05,3.729178125000000000e+05,3.037125000000000000e+05,1.532663750000000000e+05,5.482201953125000000e+04,3.313797363281250000e+03
2.685618437500000000e+05,3.055634062500000000e+05,3.442092187500000000e+05,3.789427812500000000e+05,3.368777187500000000e+05,1.789496250000000000e+05,6.645212500000000000e+04,8.863988281250000000e+03
2.669559062500000000e+05,3.038721250000000000e+05,3.417347812500000000e+05,3.786145000000000000e+05,3.433531875000000000e+05,1.831929843750000000e+05,6.817906250000000000e+04,9.728118164062500000e+03
2.646276562500000000e+05,3.017899375000000000e+05,3.399146562500000000e+05,3.765520937500000000e+05,3.374135312500000000e+05,1.768042656250000000e+05,6.430194921875000000e+04,7.169182617187500000e+03
2.627594687500000000e+05,3.003292187500000000e+05,3.384355312500000000e+05,3.762374375000000000e+05,3.385062187500000000e+05,1.767296250000000000e+05,6.434190234375000000e+04,7.338110839843750000e+03
2.597439843750000000e+05,2.980671875000000000e+05,3.364281562500000000e+05,3.750725312500000000e+05,3.370580312500000000e+05,1.753428593750000000e+05,6.351696484375000000e+04,6.872753417968750000e+03
2.560907968750000000e+05,2.952740937500000000e+05,3.334965625000000000e+05,3.749013125000000000e+05,3.450719687500000000e+05,1.823275468750000000e+05,6.706091406250000000e+04,8.858333984375000000e+03
2.541691718750000000e+05,2.934141875000000000e+05,3.314394062500000000e+05,3.743310625000000000e+05,3.500541562500000000e+05,1.884161406250000000e+05,7.048155468750000000e+04,1.098426367187500000e+04
2.546965937500000000e+05,2.940014687500000000e+05,3.322547500000000000e+05,3.769703437500000000e+05,3.601872500000000000e+05,1.945917031250000000e+05,7.356925000000000000e+04,1.264069140625000000e+04
2.443546562500000000e+05,2.840783125000000000e+05,3.230526250000000000e+05,3.641981875000000000e+05,3.234900000000000000e+05,1.649854531250000000e+05,5.690851953125000000e+04,3.127241210937500000e+03
2.380247968750000000e+05,2.768413437500000000e+05,3.149844375000000000e+05,3.571307187500000000e+05,3.197333750000000000e+05,1.652772343750000000e+05,5.689921875000000000e+04,3.165945800781250000e+03
6.233498046875000000e+04,7.048677343750000000e+04,8.554732812500000000e+04,9.680407031250000000e+04,5.392484375000000000e+04,1.740703515625000000e+04,5.092171386718750000e+03,0.000000000000000000e+00
6.424335546875000000e+04,7.226653906250000000e+04,8.494133593750000000e+04,9.886762500000000000e+04,8.099775000000000000e+04,3.148813867187500000e+04,8.509000000000000000e+03,1.099529052734375000e+03
6.500987109375000000e+04,7.287178125000000000e+04,8.439876562500000000e+04,1.002142109375000000e+05,9.826479687500000000e+04,3.836964062500000000e+04,1.006539550781250000e+04,1.871961303710937500e+03
6.474916796875000000e+04,7.249758593750000000e+04,8.362504687500000000e+04,1.001324062500000000e+05,1.020263515625000000e+05,3.949929296875000000e+04,1.029609960937500000e+04,1.979249023437500000e+03
6.438773046875000000e+04,7.215221093750000000e+04,8.339468750000000000e+04,9.990933593750000000e+04,9.980398437500000000e+04,3.788416406250000000e+04,9.752000000000000000e+03,1.646961914062500000e+03
6.419414062500000000e+04,7.196417187500000000e+04,8.313042968750000000e+04,1.000649765625000000e+05,1.008571093750000000e+05,3.785174609375000000e+04,9.767980468750000000e+03,1.675786743164062500e+03
6.358128906250000000e+04,7.138161718750000000e+04,8.251111718750000000e+04,9.967989843750000000e+04,1.001912812500000000e+05,3.750401953125000000e+04,9.638415039062500000e+03,1.619061767578125000e+03
6.269515234375000000e+04,7.059440625000000000e+04,8.139725781250000000e+04,9.928392187500000000e+04,1.039907812500000000e+05,3.931057812500000000e+04,1.013726171875000000e+04,1.870807739257812500e+03
6.193548828125000000e+04,6.979852343750000000e+04,8.031907812500000000e+04,9.848016406250000000e+04,1.052700468750000000e+05,4.086532421875000000e+04,1.063646582031250000e+04,2.136525146484375000e+03
6.297673046875000000e+04,7.093621093750000000e+04,8.152078906250000000e+04,1.004701796875000000e+05,1.119113828125000000e+05,4.241139062500000000e+04,1.109338671875000000e+04,2.324091552734375000e+03
5.886502734375000000e+04,6.678846093750000000e+04,7.745470312500000000e+04,9.489039062500000000e+04,9.246297656250000000e+04,3.493182421875000000e+04,8.744842773437500000e+03,1.053007934570312500e+03
5.613234375000000000e+04,6.370097265625000000e+04,7.373369531250000000e+04,9.097320312500000000e+04,8.878196875000000000e+04,3.501753125000000000e+04,8.743384765625000000e+03,1.057295166015625000e+03
8.652975781250000000e+04,9.765920312500000000e+04,1.174464687500000000e+05,1.500029687500000000e+05,6.909990625000000000e+04,2.030400390625000000e+04,5.684898925781250000e+03,0.000000000000000000e+00
8.954359375000000000e+04,1.003015859375000000e+05,1.178109062500000000e+05,1.472919687500000000e+05,1.226256250000000000e+05,3.194252539062500000e+04,9.831148437500000000e+03,1.128646728515625000e+03
9.086889843750000000e+04,1.013865390625000000e+05,1.175908671875000000e+05,1.458024687500000000e+05,1.573863437500000000e+05,3.981803515625000000e+04,1.190378906250000000e+04,2.103871337890625000e+03
9.059861718750000000e+04,1.009614687500000000e+05,1.167244531250000000e+05,1.445767500000000000e+05,1.651091718750000000e+05,4.146471484375000000e+04,1.220481640625000000e+04,2.238484619140625000e+03
9.023569531250000000e+04,1.006653281250000000e+05,1.166112265625000000e+05,1.449590468750000000e+05,1.609828906250000000e+05,3.928796875000000000e+04,1.151483398437500000e+04,1.823264282226562500e+03
9.014933593750000000e+04,1.006196250000000000e+05,1.165345781250000000e+05,1.451193593750000000e+05,1.632427031250000000e+05,3.926058984375000000e+04,1.152804101562500000e+04,1.856625976562500000e+03
8.927725000000000000e+04,9.981277343750000000e+04,1.156814453125000000e+05,1.443360312500000000e+05,1.619587968750000000e+05,3.881048437500000000e+04,1.136999218750000000e+04,1.782065673828125000e+03
8.808704687500000000e+04,9.872019531250000000e+04,1.141417265625000000e+05,1.421491875000000000e+05,1.694959375000000000e+05,4.132317578125000000e+04,1.200595898437500000e+04,2.101770751953125000e+03
8.677827343750000000e+04,9.731177343750000000e+04,1.122883281250000000e+05,1.393943593750000000e+05,1.717575625000000000e+05,4.365085156250000000e+04,1.262316894531250000e+04,2.434040527343750000e+03
8.921817187500000000e+04,9.995796875000000000e+04,1.151843750000000000e+05,1.428642031250000000e+05,1.853266406250000000e+05,4.628266015625000000e+04,1.317296386718750000e+04,2.673686279296875000e+03
8.179246093750000000e+04,9.231196093750000000e+04,1.073042656250000000e+05,1.345812031250000000e+05,1.466538750000000000e+05,3.568191406250000000e+04,1.020382226562500000e+04,1.076911132812500000e+03
7.663042187500000000e+04,8.655686718750000000e+04,1.004458593750000000e+05,1.254378125000000000e+05,1.387846093750000000e+05,3.579846875000000000e+04,1.020165039062500000e+04,1.083630126953125000e+03
1.372907656250000000e+05,1.596094375000000000e+05,2.072721250000000000e+05,2.240519062500000000e+05,1.486191406250000000e+05,4.127117968750000000e+04,8.636430053710937500e+02,0.000000000000000000e+00
1.411039687500000000e+05,1.604659687500000000e+05,2.051272812500000000e+05,2.380967968750000000e+05,1.821392187500000000e+05,7.297177343750000000e+04,5.439517578125000000e+03,1.950699310302734375e+02
1.423460937500000000e+05,1.604109843750000000e+05,2.025189218750000000e+05,2.395770781250000000e+05,1.962944062500000000e+05,9.327760937500000000e+04,1.193786718750000000e+04,3.042882080078125000e+02
1.413496093750000000e+05,1.588525312500000000e+05,1.998791562500000000e+05,2.379582187500000000e+05,1.987846718750000000e+05,9.761724218750000000e+04,1.317781640625000000e+04,3.206100769042968750e+02
1.400154218750000000e+05,1.574887812500000000e+05,1.986766406250000000e+05,2.368090937500000000e+05,1.954698906250000000e+05,9.197725000000000000e+04,1.084746289062500000e+04,2.706334838867187500e+02
1.390149218750000000e+05,1.562065312500000000e+05,1.969820468750000000e+05,2.358107343750000000e+05,1.953773750000000000e+05,9.186991406250000000e+04,1.079286816406250000e+04,2.752631530761718750e+02
1.379110625000000000e+05,1.548391406250000000e+05,1.953562500000000000e+05,2.348662968750000000e+05,1.946768593750000000e+05,9.067885156250000000e+04,1.031972656250000000e+04,2.675930480957031250e+02
1.367933125000000000e+05,1.530973906250000000e+05,1.921956718750000000e+05,2.332409218750000000e+05,1.985063125000000000e+05,9.726602343750000000e+04,1.255864941406250000e+04,3.043049621582031250e+02
1.363348125000000000e+05,1.522503125000000000e+05,1.902411718750000000e+05,2.320810781250000000e+05,2.019275625000000000e+05,1.033306484375000000e+05,1.479093847656250000e+04,3.449889221191406250e+02
1.363116250000000000e+05,1.519067343750000000e+05,1.889549218750000000e+05,2.316251406250000000e+05,2.051570312500000000e+05,1.100126093750000000e+05,1.697477734375000000e+04,3.733658142089843750e+02
1.318438437500000000e+05,1.477525937500000000e+05,1.865006562500000000e+05,2.284953281250000000e+05,1.899501875000000000e+05,8.270688281250000000e+04,7.040189941406250000e+03,1.875725402832031250e+02
1.290645000000000000e+05,1.443260312500000000e+05,1.812792187500000000e+05,2.240786718750000000e+05,1.903365625000000000e+05,8.298889062500000000e+04,7.022097167968750000e+03,1.878940277099609375e+02
9.918415625000000000e+04,1.135845234375000000e+05,1.397001250000000000e+05,1.568155937500000000e+05,8.184907031250000000e+04,2.770227929687500000e+04,4.764890625000000000e+03,0.000000000000000000e+00
1.026610156250000000e+05,1.158734140625000000e+05,1.400706718750000000e+05,1.609490625000000000e+05,1.324174531250000000e+05,4.957116406250000000e+04,9.883036132812500000e+03,1.220190185546875000e+03
1.041777343750000000e+05,1.167895546875000000e+05,1.398002656250000000e+05,1.644442187500000000e+05,1.692307343750000000e+05,6.188192578125000000e+04,1.366263378906250000e+04,1.979731079101562500e+03
1.038754218750000000e+05,1.162015781250000000e+05,1.387441406250000000e+05,1.648712500000000000e+05,1.775064843750000000e+05,6.365275000000000000e+04,1.428830468750000000e+04,2.079607421875000000e+03
1.034850703125000000e+05,1.158394921875000000e+05,1.385963593750000000e+05,1.646962187500000000e+05,1.733725781250000000e+05,6.109359375000000000e+04,1.299815722656250000e+04,1.764221435546875000e+03
1.034148593750000000e+05,1.157073203125000000e+05,1.384318281250000000e+05,1.654236875000000000e+05,1.760550937500000000e+05,6.103243359375000000e+04,1.299638964843750000e+04,1.793761962890625000e+03
1.024582656250000000e+05,1.146854375000000000e+05,1.373535312500000000e+05,1.647806406250000000e+05,1.746616562500000000e+05,6.046144531250000000e+04,1.271019726562500000e+04,1.740038818359375000e+03
1.011221484375000000e+05,1.132586953125000000e+05,1.353230312500000000e+05,1.640988281250000000e+05,1.824713281250000000e+05,6.332667968750000000e+04,1.393272363281250000e+04,1.978540649414062500e+03
9.962935156250000000e+04,1.115675703125000000e+05,1.330127343750000000e+05,1.620626406250000000e+05,1.840401250000000000e+05,6.566920312500000000e+04,1.513758593750000000e+04,2.225867431640625000e+03
1.024159062500000000e+05,1.145332656250000000e+05,1.361327187500000000e+05,1.668010468750000000e+05,1.994468750000000000e+05,6.784172656250000000e+04,1.626958007812500000e+04,2.390890869140625000e+03
9.399421875000000000e+04,1.058819375000000000e+05,1.273750937500000000e+05,1.550345937500000000e+05,1.570650781250000000e+05,5.612018750000000000e+04,1.071952148437500000e+04,1.170034179687500000e+03
8.840564843750000000e+04,9.957164843750000000e+04,1.196606875000000000e+05,1.465680000000000000e+05,1.477136406250000000e+05,5.628028125000000000e+04,1.071089257812500000e+04,1.173920288085937500e+03
2.901646250000000000e+05,3.398401562500000000e+05,4.183825000000000000e+05,4.584022812500000000e+05,2.287588906250000000e+05,9.341810937500000000e+04,5.423829101562500000e+03,0.000000000000000000e+00
3.004595000000000000e+05,3.446039375000000000e+05,4.240473125000000000e+05,4.599208125000000000e+05,3.912050937500000000e+05,1.603149062500000000e+05,2.348414257812500000e+04,3.215794677734375000e+02
3.051056875000000000e+05,3.466812500000000000e+05,4.252620937500000000e+05,4.717093125000000000e+05,5.120005625000000000e+05,1.877992968750000000e+05,4.069686328125000000e+04,8.634255981445312500e+02
3.043163437500000000e+05,3.447970625000000000e+05,4.228315625000000000e+05,4.743042187500000000e+05,5.392085000000000000e+05,1.904740468750000000e+05,4.364607812500000000e+04,9.596824951171875000e+02
3.032866875000000000e+05,3.439011250000000000e+05,4.225877500000000000e+05,4.738880937500000000e+05,5.261500625000000000e+05,1.855979062500000000e+05,3.792227734375000000e+04,6.833201293945312500e+02
3.033244062500000000e+05,3.435158437500000000e+05,4.225830312500000000e+05,4.769167187500000000e+05,5.351909375000000000e+05,1.854173437500000000e+05,3.780576953125000000e+04,7.006863403320312500e+02
3.005025312500000000e+05,3.400850312500000000e+05,4.193509375000000000e+05,4.751745312500000000e+05,5.306751875000000000e+05,1.842398906250000000e+05,3.662057031250000000e+04,6.545750732421875000e+02
2.971559375000000000e+05,3.350517812500000000e+05,4.132600000000000000e+05,4.754177812500000000e+05,5.560393750000000000e+05,1.892503593750000000e+05,4.211100781250000000e+04,8.637453613281250000e+02
2.927066250000000000e+05,3.292630937500000000e+05,4.057995000000000000e+05,4.712768437500000000e+05,5.606045625000000000e+05,1.928363750000000000e+05,4.738996484375000000e+04,1.101993774414062500e+03
3.023925312500000000e+05,3.390249375000000000e+05,4.163067187500000000e+05,4.890387187500000000e+05,6.112750625000000000e+05,1.951491093750000000e+05,5.231600781250000000e+04,1.306302978515625000e+03
2.754726562500000000e+05,3.112198437500000000e+05,3.877050625000000000e+05,4.455448125000000000e+05,4.729804687500000000e+05,1.747534843750000000e+05,2.783257226562500000e+04,3.047529296875000000e+02
2.573205156250000000e+05,2.903063750000000000e+05,3.624750625000000000e+05,4.208248750000000000e+05,4.408650625000000000e+05,1.749349687500000000e+05,2.778276562500000000e+04,3.077634277343750000e+02
1.258915078125000000e+05,1.513904531250000000e+05,1.741418906250000000e+05,1.652574375000000000e+05,1.178324140625000000e+05,6.748328906250000000e+04,3.166307861328125000e+03,0.000000000000000000e+00
1.289552812500000000e+05,1.500762968750000000e+05,1.829377500000000000e+05,1.743777812500000000e+05,1.440489375000000000e+05,8.920675000000000000e+04,1.714485351562500000e+04,9.133612670898437500e+02
1.299401484375000000e+05,1.493351406250000000e+05,1.867050937500000000e+05,1.782674062500000000e+05,1.583735937500000000e+05,9.830410937500000000e+04,3.509464453125000000e+04,1.364496826171875000e+03
1.292121406250000000e+05,1.479338281250000000e+05,1.867850937500000000e+05,1.786231250000000000e+05,1.611470781250000000e+05,9.968013281250000000e+04,3.798451562500000000e+04,1.425715332031250000e+03
1.281578281250000000e+05,1.468095156250000000e+05,1.856800468750000000e+05,1.774715156250000000e+05,1.585985000000000000e+05,9.719471875000000000e+04,3.237238281250000000e+04,1.232315307617187500e+03
1.274147890625000000e+05,1.456663281250000000e+05,1.854204843750000000e+05,1.775035937500000000e+05,1.591563437500000000e+05,9.713989062500000000e+04,3.224998437500000000e+04,1.252023925781250000e+03
1.262329531250000000e+05,1.441172656250000000e+05,1.847415625000000000e+05,1.770511250000000000e+05,1.585035000000000000e+05,9.661881250000000000e+04,3.103469335937500000e+04,1.221968261718750000e+03
1.247994140625000000e+05,1.419977656250000000e+05,1.841579531250000000e+05,1.777503750000000000e+05,1.619016250000000000e+05,9.911873437500000000e+04,3.650801953125000000e+04,1.364208740234375000e+03
1.239942656250000000e+05,1.407662343750000000e+05,1.832626718750000000e+05,1.781767031250000000e+05,1.637742812500000000e+05,1.014211406250000000e+05,4.144420312500000000e+04,1.516829101562500000e+03
1.243001250000000000e+05,1.407900312500000000e+05,1.833820781250000000e+05,1.800910468750000000e+05,1.684723125000000000e+05,1.036221406250000000e+05,4.551206250000000000e+04,1.614495239257812500e+03
1.194078984375000000e+05,1.361569531250000000e+05,1.787356562500000000e+05,1.724705781250000000e+05,1.519814687500000000e+05,9.249107031250000000e+04,2.190441210937500000e+04,8.784522705078125000e+02
1.165027031250000000e+05,1.324996406250000000e+05,1.747736718750000000e+05,1.701605937500000000e+05,1.499177500000000000e+05,9.249964062500000000e+04,2.185154296875000000e+04,8.798690185546875000e+02
7.257796875000000000e+04,8.134171093750000000e+04,8.364492187500000000e+04,8.579947656250000000e+04,6.218803125000000000e+04,3.509556640625000000e+04,1.406496386718750000e+04,0.000000000000000000e+00
7.373535156250000000e+04,8.378146093750000000e+04,8.629631250000000000e+04,8.979757812500000000e+04,7.426522656250000000e+04,4.381851953125000000e+04,2.380623242187500000e+04,2.507678466796875000e+03
7.395723437500000000e+04,8.422121093750000000e+04,8.723209375000000000e+04,9.084017968750000000e+04,7.945614843750000000e+04,4.889697656250000000e+04,2.729060937500000000e+04,4.944139648437500000e+03
7.355235937500000000e+04,8.380042968750000000e+04,8.700770312500000000e+04,9.060789843750000000e+04,8.037952343750000000e+04,4.981901171875000000e+04,2.771492382812500000e+04,5.263751953125000000e+03
7.291289062500000000e+04,8.319517968750000000e+04,8.646551562500000000e+04,9.009329687500000000e+04,7.920608593750000000e+04,4.834426953125000000e+04,2.660118554687500000e+04,4.267327148437500000e+03
7.234898437500000000e+04,8.275411718750000000e+04,8.626375781250000000e+04,8.993884375000000000e+04,7.928914062500000000e+04,4.834977343750000000e+04,2.664647460937500000e+04,4.346974609375000000e+03
7.141307812500000000e+04,8.210538281250000000e+04,8.595632812500000000e+04,8.968212500000000000e+04,7.903690625000000000e+04,4.805186328125000000e+04,2.637778710937500000e+04,4.159895996093750000e+03
6.998614843750000000e+04,8.128489843750000000e+04,8.583028125000000000e+04,8.955025000000000000e+04,8.037626562500000000e+04,4.960282812500000000e+04,2.737980273437500000e+04,4.938162109375000000e+03
6.932943750000000000e+04,8.082364843750000000e+04,8.579916406250000000e+04,8.945364843750000000e+04,8.143695312500000000e+04,5.101825781250000000e+04,2.831491015625000000e+04,5.723365722656250000e+03
6.901729687500000000e+04,8.061810937500000000e+04,8.599475781250000000e+04,8.965218750000000000e+04,8.276257812500000000e+04,5.243163281250000000e+04,2.907371679687500000e+04,6.292739257812500000e+03
6.671156250000000000e+04,7.851394531250000000e+04,8.374167968750000000e+04,8.749130468750000000e+04,7.684810156250000000e+04,4.567762890625000000e+04,2.426256250000000000e+04,2.386506591796875000e+03
6.544603515625000000e+04,7.708721093750000000e+04,8.272701562500000000e+04,8.627753125000000000e+04,7.664789062500000000e+04,4.573440234375000000e+04,2.426240820312500000e+04,2.404727294921875000e+03
1.267364296875000000e+05,1.427613906250000000e+05,1.597519687500000000e+05,1.989979687500000000e+05,1.108902968750000000e+05,3.714527343750000000e+04,1.496100195312500000e+04,0.000000000000000000e+00
1.299146406250000000e+05,1.459826093750000000e+05,1.602396093750000000e+05,1.986093750000000000e+05,1.623454218750000000e+05,5.324471093750000000e+04,2.764114453125000000e+04,2.646632080078125000e+03
1.310481328125000000e+05,1.470625000000000000e+05,1.601751562500000000e+05,1.962254531250000000e+05,1.889531250000000000e+05,6.491191796875000000e+04,2.980599804687500000e+04,5.300044433593750000e+03
1.303761171875000000e+05,1.463005625000000000e+05,1.590562031250000000e+05,1.941712968750000000e+05,1.945153281250000000e+05,6.752532031250000000e+04,2.996358984375000000e+04,5.669688964843750000e+03
1.294389218750000000e+05,1.454396093750000000e+05,1.583713593750000000e+05,1.940245781250000000e+05,1.904203750000000000e+05,6.407222656250000000e+04,2.929988085937500000e+04,4.536111816406250000e+03
1.287448906250000000e+05,1.449092968750000000e+05,1.579179218750000000e+05,1.934968125000000000e+05,1.915552812500000000e+05,6.405599218750000000e+04,2.936630664062500000e+04,4.622623535156250000e+03
1.273291406250000000e+05,1.438395468750000000e+05,1.570418281250000000e+05,1.925713750000000000e+05,1.905104843750000000e+05,6.335489843750000000e+04,2.919938867187500000e+04,4.414737304687500000e+03
1.253788046875000000e+05,1.425286406250000000e+05,1.559011093750000000e+05,1.899839531250000000e+05,1.967469218750000000e+05,6.732901562500000000e+04,2.973315234375000000e+04,5.293914550781250000e+03
1.241261640625000000e+05,1.413950468750000000e+05,1.548728593750000000e+05,1.875110312500000000e+05,2.001058750000000000e+05,7.108114062500000000e+04,3.024693945312500000e+04,6.204750000000000000e+03
1.251354687500000000e+05,1.426222812500000000e+05,1.566385156250000000e+05,1.887992343750000000e+05,2.089008281250000000e+05,7.538021875000000000e+04,3.063580273437500000e+04,6.875634765625000000e+03
1.186187890625000000e+05,1.361891250000000000e+05,1.499410468750000000e+05,1.837857031250000000e+05,1.800727656250000000e+05,5.846225781250000000e+04,2.776494335937500000e+04,2.518385253906250000e+03
1.142744687500000000e+05,1.313723750000000000e+05,1.449087031250000000e+05,1.760232500000000000e+05,1.764112031250000000e+05,5.865061718750000000e+04,2.776700195312500000e+04,2.538115234375000000e+03
5.818175625000000000e+05,6.587365625000000000e+05,7.748915000000000000e+05,9.397997500000000000e+05,5.873733750000000000e+05,1.649557187500000000e+05,5.014658593750000000e+04,0.000000000000000000e+00
5.936567500000000000e+05,6.709660625000000000e+05,7.739341250000000000e+05,9.576756250000000000e+05,7.524295000000000000e+05,2.570309218750000000e+05,8.908230468750000000e+04,3.920285888671875000e+03
5.969138125000000000e+05,6.738330000000000000e+05,7.705541875000000000e+05,9.469211875000000000e+05,8.075081875000000000e+05,3.262956250000000000e+05,1.075344296875000000e+05,1.408348437500000000e+04
5.925461875000000000e+05,6.689194375000000000e+05,7.631574375000000000e+05,9.357635000000000000e+05,8.168666875000000000e+05,3.421149687500000000e+05,1.102276406250000000e+05,1.554719433593750000e+04
5.865304375000000000e+05,6.633748125000000000e+05,7.580720000000000000e+05,9.324687500000000000e+05,8.025169375000000000e+05,3.218283125000000000e+05,1.041552578125000000e+05,1.110948144531250000e+04
5.815552500000000000e+05,6.589255000000000000e+05,7.530781875000000000e+05,9.270165625000000000e+05,8.010038750000000000e+05,3.216445937500000000e+05,1.042081953125000000e+05,1.140266894531250000e+04
5.755448750000000000e+05,6.541616250000000000e+05,7.485102500000000000e+05,9.228551875000000000e+05,7.983204375000000000e+05,3.174534062500000000e+05,1.029439609375000000e+05,1.050827441406250000e+04
5.691737500000000000e+05,6.486545625000000000e+05,7.415860625000000000e+05,9.118058750000000000e+05,8.142593750000000000e+05,3.412189062500000000e+05,1.084709375000000000e+05,1.407067285156250000e+04
5.669157500000000000e+05,6.461631875000000000e+05,7.381160625000000000e+05,9.044060000000000000e+05,8.313046250000000000e+05,3.636846562500000000e+05,1.137540312500000000e+05,1.763058007812500000e+04
5.651473125000000000e+05,6.439538750000000000e+05,7.351275000000000000e+05,8.982505000000000000e+05,8.397539375000000000e+05,3.897863750000000000e+05,1.184812109375000000e+05,2.036320117187500000e+04
5.480807500000000000e+05,6.283410625000000000e+05,7.228897500000000000e+05,8.962847500000000000e+05,7.848300000000000000e+05,2.893545625000000000e+05,9.240628125000000000e+04,3.658425292968750000e+03
5.373562500000000000e+05,6.159190625000000000e+05,7.082346250000000000e+05,8.754469375000000000e+05,7.920560000000000000e+05,2.904725625000000000e+05,9.239322656250000000e+04,3.726542724609375000e+03
6.421587109375000000e+04,7.446471093750000000e+04,8.396537500000000000e+04,7.417344531250000000e+04,5.897234375000000000e+04,3.190694921875000000e+04,7.709026855468750000e+03,0.000000000000000000e+00
6.528512109375000000e+04,7.532708593750000000e+04,8.512478906250000000e+04,8.044917968750000000e+04,6.631564062500000000e+04,4.795834375000000000e+04,1.595510839843750000e+04,1.014439941406250000e+03
6.551563281250000000e+04,7.538707812500000000e+04,8.515610937500000000e+04,8.401823437500000000e+04,6.948171875000000000e+04,5.355151953125000000e+04,2.033769335937500000e+04,2.301313476562500000e+03
6.511163281250000000e+04,7.486332031250000000e+04,8.463068750000000000e+04,8.491973437500000000e+04,6.994281250000000000e+04,5.405900000000000000e+04,2.085664843750000000e+04,2.487662109375000000e+03
6.449420703125000000e+04,7.427170312500000000e+04,8.409687500000000000e+04,8.400087500000000000e+04,6.907171093750000000e+04,5.296496484375000000e+04,1.966516992187500000e+04,1.924454589843750000e+03
6.397232031250000000e+04,7.376690625000000000e+04,8.370891406250000000e+04,8.415085937500000000e+04,6.906885156250000000e+04,5.294074609375000000e+04,1.967275195312500000e+04,1.964092895507812500e+03
6.321704296875000000e+04,7.311484375000000000e+04,8.327098437500000000e+04,8.406871875000000000e+04,6.888217187500000000e+04,5.269790234375000000e+04,1.940412109375000000e+04,1.859824707031250000e+03
6.226838281250000000e+04,7.225642187500000000e+04,8.280435156250000000e+04,8.536973437500000000e+04,6.973559375000000000e+04,5.373326953125000000e+04,2.051862695312500000e+04,2.298451660156250000e+03
6.187707421875000000e+04,7.182746093750000000e+04,8.264898437500000000e+04,8.640305468750000000e+04,7.048902343750000000e+04,5.458318750000000000e+04,2.152997265625000000e+04,2.757217773437500000e+03
6.160911328125000000e+04,7.148825781250000000e+04,8.255875781250000000e+04,8.718699218750000000e+04,7.118742187500000000e+04,5.528371484375000000e+04,2.243097265625000000e+04,3.110239746093750000e+03
5.976536328125000000e+04,6.983096875000000000e+04,8.086510937500000000e+04,8.320464843750000000e+04,6.734314062500000000e+04,5.054552343750000000e+04,1.706835742187500000e+04,9.607520141601562500e+02
5.880938281250000000e+04,6.863314062500000000e+04,7.992863281250000000e+04,8.371296093750000000e+04,6.731786718750000000e+04,5.057033203125000000e+04,1.705922851562500000e+04,9.709053344726562500e+02
1.094417656250000000e+05,1.253370625000000000e+05,1.422359062500000000e+05,1.264801562500000000e+05,1.038736796875000000e+05,4.923164453125000000e+04,1.484007128906250000e+04,0.000000000000000000e+00
1.111263359375000000e+05,1.276365781250000000e+05,1.427487343750000000e+05,1.415040468750000000e+05,1.125620937500000000e+05,7.855753125000000000e+04,2.740475781250000000e+04,1.712989379882812500e+03
1.114505546875000000e+05,1.280152031250000000e+05,1.423321250000000000e+05,1.493920156250000000e+05,1.160545468750000000e+05,9.269819531250000000e+04,3.246928515625000000e+04,4.161785644531250000e+03
1.107267578125000000e+05,1.271976562500000000e+05,1.412437656250000000e+05,1.508715937500000000e+05,1.163969062500000000e+05,9.452754687500000000e+04,3.317455078125000000e+04,4.525883300781250000e+03
1.096246406250000000e+05,1.261762500000000000e+05,1.403219375000000000e+05,1.492396093750000000e+05,1.150857968750000000e+05,9.159416406250000000e+04,3.152453515625000000e+04,3.434747558593750000e+03
1.086765546875000000e+05,1.253468046875000000e+05,1.395421875000000000e+05,1.493667343750000000e+05,1.149336875000000000e+05,9.154482031250000000e+04,3.155018750000000000e+04,3.508580078125000000e+03
1.073540390625000000e+05,1.243224062500000000e+05,1.387511718750000000e+05,1.491783750000000000e+05,1.146672187500000000e+05,9.085650781250000000e+04,3.119775976562500000e+04,3.307042968750000000e+03
1.057309921875000000e+05,1.230109609375000000e+05,1.377205468750000000e+05,1.511837968750000000e+05,1.157300000000000000e+05,9.401857031250000000e+04,3.268978515625000000e+04,4.156683593750000000e+03
1.051385937500000000e+05,1.224050781250000000e+05,1.373210000000000000e+05,1.527901250000000000e+05,1.169188359375000000e+05,9.641168750000000000e+04,3.411450390625000000e+04,5.053158691406250000e+03
1.045234218750000000e+05,1.216823437500000000e+05,1.367885781250000000e+05,1.534975937500000000e+05,1.174086718750000000e+05,9.825461718750000000e+04,3.537516406250000000e+04,5.754991699218750000e+03
1.016712265625000000e+05,1.191697343750000000e+05,1.346357031250000000e+05,1.478004375000000000e+05,1.128150468750000000e+05,8.557566406250000000e+04,2.827346679687500000e+04,1.618143554687500000e+03
1.002953359375000000e+05,1.174376562500000000e+05,1.330758437500000000e+05,1.487831875000000000e+05,1.132379921875000000e+05,8.572845312500000000e+04,2.826907421875000000e+04,1.637689819335937500e+03
